repeat,method,converged,iterations,best_start,log_likelihood,minimum_effective_class_fraction,anchor_margin
0,Pooled associative latent class model,True,28,0,-7947.0089127750825,0.4590379043867044,1.8883818729071353
0,Target-calibrated associative latent model,True,26,1,-7725.078718165443,0.4473075496422036,1.9615015773730995
0,Modular causal latent SCM,True,26,1,-7730.256146311476,0.4472889611600168,1.9504251562692578
1,Pooled associative latent class model,True,25,3,-8028.431128814037,0.46821041706781913,2.0405521246837584
1,Target-calibrated associative latent model,True,17,0,-7783.573125453822,0.48359275147509795,2.0602689649212333
1,Modular causal latent SCM,True,17,3,-7786.866351026074,0.48456718446104735,2.051834515135681
2,Pooled associative latent class model,True,20,0,-8013.366347267063,0.489828293792759,1.7915357987496643
2,Target-calibrated associative latent model,True,15,2,-7782.217507133871,0.4986448188945528,1.8186491459826781
2,Modular causal latent SCM,True,11,3,-7786.622655038808,0.49872898160519524,1.7858024626487194
3,Pooled associative latent class model,True,25,0,-8029.651490075179,0.4511853193485883,2.0045986352611385
3,Target-calibrated associative latent model,True,25,1,-7780.807860448293,0.4384146273011614,2.1408075936570743
3,Modular causal latent SCM,True,28,3,-7798.689914500378,0.4334759210421612,2.1144342563291225
4,Pooled associative latent class model,True,42,1,-7965.770861716992,0.41703312867419917,1.8536418760047555
4,Target-calibrated associative latent model,True,37,1,-7731.783415298398,0.43057789227583376,1.882142115835512
4,Modular causal latent SCM,True,36,1,-7734.565165293295,0.43520841502379665,1.9051616502005002
5,Pooled associative latent class model,True,20,3,-8032.552624172805,0.4996010215393537,1.8241948171621887
5,Target-calibrated associative latent model,True,19,1,-7790.127124812596,0.48438335091100043,1.8483577857855538
5,Modular causal latent SCM,True,19,1,-7791.545721904926,0.4818135928622828,1.8620717366333865
6,Pooled associative latent class model,True,27,2,-8007.694745218987,0.4769239732310291,1.8637780807748865
6,Target-calibrated associative latent model,True,23,2,-7771.987457291367,0.48051629121268774,1.9386524165740027
6,Modular causal latent SCM,True,24,3,-7774.990759810644,0.48443537476181103,1.9394945537931172
7,Pooled associative latent class model,True,25,1,-7946.5148199392,0.4698097112284896,1.853967129482477
7,Target-calibrated associative latent model,True,23,1,-7706.217280397292,0.4581519739783184,1.8640167023979575
7,Modular causal latent SCM,True,22,1,-7708.897664668706,0.4603120423530195,1.8549194167993845
8,Pooled associative latent class model,True,21,3,-7997.970936717771,0.49054812816609833,1.8956605084233078
8,Target-calibrated associative latent model,True,18,3,-7770.515511590631,0.49841556651815616,1.9920939075059874
8,Modular causal latent SCM,True,18,3,-7774.991698149199,0.4981746638199888,1.999034159423314
9,Pooled associative latent class model,True,26,2,-8032.536077837818,0.4644677169639186,1.9446225311750625
9,Target-calibrated associative latent model,True,24,1,-7826.337150317655,0.4802270372372536,2.0616363424695563
9,Modular causal latent SCM,True,25,3,-7830.815168833148,0.476279089751941,2.0523783840109946
10,Pooled associative latent class model,True,15,0,-7933.059948991092,0.498392934509876,2.1674023454933837
10,Target-calibrated associative latent model,True,19,2,-7709.468055657703,0.49564944700418134,2.1916715791328927
10,Modular causal latent SCM,True,19,1,-7715.620003875369,0.490441517125616,2.16164591192248
11,Pooled associative latent class model,True,16,3,-8097.191189984848,0.4968891959111439,1.832439321771848
11,Target-calibrated associative latent model,True,22,2,-7852.538557262613,0.4967995031140999,1.9689208168924976
11,Modular causal latent SCM,True,21,3,-7852.0253985137115,0.49719491893347945,1.9702763535745635
12,Pooled associative latent class model,True,24,1,-8058.724878390979,0.48813766621082916,2.033476863418695
12,Target-calibrated associative latent model,True,24,1,-7849.160349245421,0.4931247581796195,2.017953278419678
12,Modular causal latent SCM,True,11,2,-7850.852112418661,0.49812302845473105,2.0481610277656745
13,Pooled associative latent class model,True,19,1,-7912.412983089689,0.49251796907214146,2.2053349438785315
13,Target-calibrated associative latent model,True,18,3,-7654.562499451395,0.4979498878326384,2.3088526063176498
13,Modular causal latent SCM,True,15,2,-7662.414325519157,0.4976890874485739,2.318284153222315
14,Pooled associative latent class model,True,25,1,-8051.7111525513355,0.4769485555358519,1.9102489805766178
14,Target-calibrated associative latent model,True,19,0,-7828.363812759651,0.4984635862315904,2.024772408016891
14,Modular causal latent SCM,True,20,3,-7831.503877682194,0.4983488890631652,2.031247560617339
15,Pooled associative latent class model,True,23,0,-7958.9501608599585,0.4939149097548465,1.810876296839548
15,Target-calibrated associative latent model,True,20,1,-7724.905753898012,0.49719120485183965,1.8579809605131756
15,Modular causal latent SCM,True,21,0,-7728.528592220206,0.4972786669730844,1.8816998239816738
16,Pooled associative latent class model,True,18,0,-8098.49507460128,0.47336264587909593,1.9331327907592821
16,Target-calibrated associative latent model,True,17,0,-7830.193827753884,0.48435692747772147,2.0818315146429605
16,Modular causal latent SCM,True,17,0,-7836.065756133998,0.48654661971384444,2.0782132428937645
17,Pooled associative latent class model,True,20,0,-8060.680524503676,0.49035584324963366,1.9747558756320829
17,Target-calibrated associative latent model,True,22,2,-7855.448508118061,0.48315994351824215,2.090873292771318
17,Modular causal latent SCM,True,20,1,-7864.115903929589,0.4894880768921852,2.0759493062585834
18,Pooled associative latent class model,True,37,2,-7989.291725571415,0.43655105172296466,2.1546313987318206
18,Target-calibrated associative latent model,True,36,3,-7777.695767874404,0.4255201993962694,2.159269958491323
18,Modular causal latent SCM,True,39,2,-7787.521328573897,0.417801232736599,2.1581371984893964
19,Pooled associative latent class model,True,23,3,-7985.868899518244,0.48654796462713196,2.072189336083641
19,Target-calibrated associative latent model,True,24,2,-7763.708435136733,0.48564319911413856,2.131572007159506
19,Modular causal latent SCM,True,21,3,-7767.057485349924,0.4864253074607727,2.1264104474027574
20,Pooled associative latent class model,True,25,1,-7993.15374521253,0.46835734345027763,2.102872741758544
20,Target-calibrated associative latent model,True,22,3,-7750.996956591673,0.48660574428623793,2.1572279105558003
20,Modular causal latent SCM,True,17,3,-7754.355599100514,0.4898541633364366,2.1430598777493772
21,Pooled associative latent class model,True,23,0,-8042.112948868606,0.4873070857524667,1.7323906228799744
21,Target-calibrated associative latent model,True,23,3,-7820.4647878982505,0.4843704830556022,1.8470735072368347
21,Modular causal latent SCM,True,20,3,-7823.021783937572,0.48287009032034456,1.8505075931077448
22,Pooled associative latent class model,True,31,2,-7981.133594218763,0.4665729385054991,1.934900282065223
22,Target-calibrated associative latent model,True,25,3,-7734.946310035366,0.47807152603737424,2.0640125260822506
22,Modular causal latent SCM,True,32,1,-7738.017354290605,0.47460429501482343,2.0605108367196467
23,Pooled associative latent class model,True,18,0,-7931.101261835285,0.48146363241621665,2.120080717807453
23,Target-calibrated associative latent model,True,17,0,-7678.767192594516,0.4883351809461705,2.196268881026752
23,Modular causal latent SCM,True,18,3,-7683.972184888702,0.4869139057254743,2.1909479533440592
24,Pooled associative latent class model,True,32,2,-7971.481404644674,0.4430373669212979,2.0654027925903424
24,Target-calibrated associative latent model,True,32,1,-7764.115781820309,0.4667105363026332,2.0869330369922316
24,Modular causal latent SCM,True,32,1,-7768.5592071300725,0.46566724369099777,2.0823434751844694
25,Pooled associative latent class model,True,23,1,-8018.059760293297,0.47948190180181743,1.7800723831094083
25,Target-calibrated associative latent model,True,20,1,-7748.654287994608,0.479242977953673,1.8640859854359553
25,Modular causal latent SCM,True,20,1,-7755.751864059599,0.47878935456155064,1.8637935004744537
26,Pooled associative latent class model,True,21,3,-8001.441543478511,0.4915361614565676,1.9901957199158145
26,Target-calibrated associative latent model,True,17,0,-7780.142426836524,0.4960669775583643,2.0898884097955697
26,Modular causal latent SCM,True,16,0,-7780.606805886762,0.498560919558845,2.119224959467278
27,Pooled associative latent class model,True,21,1,-8071.588791073246,0.48442349886656455,2.0453348012062462
27,Target-calibrated associative latent model,True,20,1,-7810.630729761711,0.4721454371189912,2.1090050835478142
27,Modular causal latent SCM,True,20,1,-7814.527524726169,0.47196570962832063,2.113517286009734
28,Pooled associative latent class model,True,21,0,-7951.9055764502245,0.4927802553464741,1.8313403489036768
28,Target-calibrated associative latent model,True,24,3,-7707.506538604415,0.48149882309042835,1.9098494528799232
28,Modular causal latent SCM,True,27,2,-7712.018641990785,0.4826847650480248,1.897670642571653
29,Pooled associative latent class model,True,15,0,-7971.8029994436365,0.4973367193293957,2.1189219828281116
29,Target-calibrated associative latent model,True,15,0,-7721.389058555693,0.49512643279949975,2.1760585173351954
29,Modular causal latent SCM,True,15,0,-7724.27578103775,0.4955326770023208,2.1825237490673737
30,Pooled associative latent class model,True,30,1,-8038.512396786447,0.44769129119623446,2.0111456976001323
30,Target-calibrated associative latent model,True,26,1,-7778.765810694294,0.4486993887208662,2.0950311369797188
30,Modular causal latent SCM,True,26,0,-7784.089235739213,0.44808868569043075,2.096460609519174
31,Pooled associative latent class model,True,24,3,-8076.955930744671,0.4690981147615587,1.9050921380249508
31,Target-calibrated associative latent model,True,20,0,-7838.749664752467,0.4909240013565536,1.9272395773093578
31,Modular causal latent SCM,True,21,0,-7844.685882309957,0.49154620026639084,1.9109115110334927
32,Pooled associative latent class model,True,21,3,-8083.372760309603,0.49106899832331774,1.9282965246858668
32,Target-calibrated associative latent model,True,18,0,-7810.984802908573,0.4974113947565115,2.0110985692416685
32,Modular causal latent SCM,True,19,0,-7817.90501670173,0.4958634474564096,1.9853270165511983
33,Pooled associative latent class model,True,21,1,-8074.484163978206,0.48723316086933727,1.762236487282675
33,Target-calibrated associative latent model,True,20,1,-7847.004613357597,0.4754359267071226,1.7587103504438075
33,Modular causal latent SCM,True,20,1,-7850.036287510775,0.47211977122500154,1.7633444516283778
34,Pooled associative latent class model,True,23,3,-7974.037940721783,0.4739648367202631,1.8999469589604439
34,Target-calibrated associative latent model,True,20,0,-7758.926937956476,0.473175609375159,1.9294530898391682
34,Modular causal latent SCM,True,21,0,-7765.283719643641,0.47033984390521394,1.9343503940112985
35,Pooled associative latent class model,True,25,1,-8012.026458053524,0.46766885698948896,1.9632939235763085
35,Target-calibrated associative latent model,True,21,0,-7799.497574276373,0.46960950000680485,2.0329458255976505
35,Modular causal latent SCM,True,21,0,-7799.585201854815,0.46796160515237306,2.029421671319616
36,Pooled associative latent class model,True,29,0,-8109.90902621253,0.44376080715881167,2.1386984299833425
36,Target-calibrated associative latent model,True,21,2,-7838.710474370175,0.47293697012502767,2.1690974495283237
36,Modular causal latent SCM,True,22,2,-7842.811085717776,0.46962379412636746,2.176215537919309
37,Pooled associative latent class model,True,36,3,-7976.131012800968,0.4497437664166194,1.981692020941712
37,Target-calibrated associative latent model,True,22,2,-7736.005956508517,0.4632314394037059,1.9721807150195498
37,Modular causal latent SCM,True,21,2,-7743.481421100143,0.46187982973664476,1.9817181547468086
38,Pooled associative latent class model,True,24,1,-8019.613704636941,0.4876516959212112,1.9551963492184061
38,Target-calibrated associative latent model,True,21,1,-7742.900960986286,0.4944134138417026,2.0974448468404887
38,Modular causal latent SCM,True,21,1,-7748.065745455568,0.49209250381163583,2.0928592783987403
39,Pooled associative latent class model,True,15,0,-7932.805784337301,0.49337149049789714,2.0504414903941575
39,Target-calibrated associative latent model,True,31,3,-7706.714938529229,0.4912460057481649,2.117759133612448
39,Modular causal latent SCM,True,25,2,-7709.001666807324,0.4897302460893462,2.1109961328390936
40,Pooled associative latent class model,True,20,2,-7967.681305205846,0.4940536825086985,2.0688333229641485
40,Target-calibrated associative latent model,True,17,2,-7752.6727741751965,0.4917514394608895,2.177881284428567
40,Modular causal latent SCM,True,13,2,-7761.798648732014,0.49417595099693024,2.1571093163028205
41,Pooled associative latent class model,True,25,1,-7949.48708810093,0.47323779460761556,1.861080729542262
41,Target-calibrated associative latent model,True,21,1,-7730.747080139319,0.48614135137245196,1.9279296173917508
41,Modular causal latent SCM,True,21,1,-7735.569586205613,0.4881446105434279,1.9367705894120064
42,Pooled associative latent class model,True,12,0,-7944.923577186519,0.49507037411358557,2.2624446164812664
42,Target-calibrated associative latent model,True,22,1,-7709.949769657372,0.49698529308584993,2.292458032259324
42,Modular causal latent SCM,True,22,1,-7711.072540920561,0.4972854902432913,2.2954610393275603
43,Pooled associative latent class model,True,23,1,-8072.75603779656,0.4600637982822859,1.9343336567352896
43,Target-calibrated associative latent model,True,22,1,-7822.889649821966,0.470541808595391,1.9744431420027484
43,Modular causal latent SCM,True,22,1,-7827.657520040091,0.4683963597568274,1.958597757743638
44,Pooled associative latent class model,True,22,1,-7960.251547426046,0.4608026623828454,2.087757840285852
44,Target-calibrated associative latent model,True,26,1,-7721.242955278081,0.45299049724567264,2.055325692578176
44,Modular causal latent SCM,True,26,1,-7719.701457731831,0.4516939496639884,2.0607359848468993
45,Pooled associative latent class model,True,16,0,-8015.589785388723,0.4821458921801596,2.0867969197309106
45,Target-calibrated associative latent model,True,17,0,-7749.751294987074,0.48689661132365675,2.1417261135588452
45,Modular causal latent SCM,True,19,2,-7752.531990846035,0.49120038358849505,2.140945807786318
46,Pooled associative latent class model,True,27,1,-7995.9324260517205,0.4648506820784504,2.306651967106184
46,Target-calibrated associative latent model,True,19,0,-7739.893318758537,0.4695661098032882,2.317073524495881
46,Modular causal latent SCM,True,21,1,-7745.911726356394,0.47014049918390033,2.3228530713607993
47,Pooled associative latent class model,True,22,1,-8064.594405415909,0.48206671833618164,1.8656597007649538
47,Target-calibrated associative latent model,True,17,0,-7820.761575015791,0.49757028606659487,1.9388697694850183
47,Modular causal latent SCM,True,17,3,-7825.160805063641,0.49662254245028187,1.9347967408302873
48,Pooled associative latent class model,True,24,1,-7941.982680250133,0.47952500156258615,2.099631202872074
48,Target-calibrated associative latent model,True,18,2,-7679.192708684688,0.47446697843090746,2.2281889731969855
48,Modular causal latent SCM,True,18,0,-7683.042598286109,0.476913819734755,2.2221001438210264
49,Pooled associative latent class model,True,26,1,-8000.499940029878,0.4537323719425755,2.1648502643607195
49,Target-calibrated associative latent model,True,23,1,-7769.473195503099,0.4669526327989576,2.1620058543019427
49,Modular causal latent SCM,True,23,1,-7774.483639858585,0.46580694578806703,2.160375862862622
50,Pooled associative latent class model,True,30,1,-7980.44128299625,0.4540335744966786,1.863745168424777
50,Target-calibrated associative latent model,True,21,1,-7728.08613257871,0.4791975983173889,1.9205971163540743
50,Modular causal latent SCM,True,21,1,-7734.0749073787865,0.48159549150148323,1.928786541213711
51,Pooled associative latent class model,True,26,1,-8034.381771498176,0.4734371669452929,1.8312663164448173
51,Target-calibrated associative latent model,True,20,3,-7768.889183626199,0.49328376287258424,1.9165779845032662
51,Modular causal latent SCM,True,20,0,-7771.058703668537,0.49262593274270555,1.9494281285993833
52,Pooled associative latent class model,True,21,1,-7990.982519119311,0.4717992974407002,1.8648045717595008
52,Target-calibrated associative latent model,True,20,1,-7755.272569185919,0.4896205326719909,1.9406246522815431
52,Modular causal latent SCM,True,20,2,-7761.828836143803,0.49527517178304886,1.9809628464242168
53,Pooled associative latent class model,True,20,2,-8020.563851003865,0.4985583367232557,1.83347374435257
53,Target-calibrated associative latent model,True,22,2,-7784.744938937013,0.4820515776543511,1.8963077609563979
53,Modular causal latent SCM,True,21,0,-7789.92160000546,0.4815141139772368,1.8912252837828998
54,Pooled associative latent class model,True,23,2,-7984.382234542665,0.4782284829116366,1.9175990413380957
54,Target-calibrated associative latent model,True,16,2,-7743.075436815216,0.49842400547199406,1.959019437342438
54,Modular causal latent SCM,True,19,3,-7750.569531698127,0.4991493350505185,1.9594441130737823
55,Pooled associative latent class model,True,26,3,-7898.201839160224,0.49415266063130214,1.8571841661661384
55,Target-calibrated associative latent model,True,21,1,-7642.741454474437,0.47364945785592366,1.9153616471092278
55,Modular causal latent SCM,True,22,1,-7653.78561629419,0.4763243257169433,1.91465167222162
56,Pooled associative latent class model,True,21,1,-8048.764958718324,0.4854122636084265,2.0426042756432947
56,Target-calibrated associative latent model,True,19,1,-7791.395047216095,0.4856795031421046,2.1312863240411373
56,Modular causal latent SCM,True,18,1,-7799.533830038821,0.4861297210698073,2.1075680459427297
57,Pooled associative latent class model,True,35,1,-8055.154009140943,0.4419464033840724,1.9278333179539267
57,Target-calibrated associative latent model,True,27,2,-7792.4795072176275,0.4461903733170692,2.03983632240437
57,Modular causal latent SCM,True,29,3,-7800.528004474887,0.44004855369898765,2.0230872247082976
58,Pooled associative latent class model,True,32,0,-8049.046278467078,0.4529792613004952,1.7631146101866082
58,Target-calibrated associative latent model,True,31,3,-7822.340911484496,0.4511000946191108,1.7646380407444804
58,Modular causal latent SCM,True,37,2,-7823.7354106424955,0.44760360007384303,1.7659422808751857
59,Pooled associative latent class model,True,21,2,-8004.820617867538,0.49464277259209416,1.7987942775912225
59,Target-calibrated associative latent model,True,22,2,-7794.802408876327,0.48455451918453285,1.8603709503785502
59,Modular causal latent SCM,True,23,2,-7793.259003637318,0.48326943145530815,1.8680623499964706
60,Pooled associative latent class model,True,18,1,-8058.399279866445,0.48427816218299335,1.7063072343147447
60,Target-calibrated associative latent model,True,24,3,-7825.964971725818,0.4802906463588871,1.8129751002091439
60,Modular causal latent SCM,True,14,1,-7833.994948749356,0.48226943484475643,1.7915713544274454
61,Pooled associative latent class model,True,24,1,-8052.685776222317,0.47913745561335613,1.8912224884038795
61,Target-calibrated associative latent model,True,19,3,-7775.768443731453,0.4975040407559923,2.0139982674492334
61,Modular causal latent SCM,True,16,3,-7781.113790829873,0.49968192690329977,2.0129504088978702
62,Pooled associative latent class model,True,23,2,-8010.515670009776,0.4817138851865612,2.01714350092187
62,Target-calibrated associative latent model,True,19,1,-7772.144170901936,0.4844294513933352,1.9865531115616344
62,Modular causal latent SCM,True,19,1,-7778.348328951041,0.4834457080007209,1.9853903854510622
63,Pooled associative latent class model,True,29,3,-8018.448841375026,0.4661999090132555,1.8968144682886536
63,Target-calibrated associative latent model,True,20,0,-7738.1192173556265,0.4763626197417361,1.8932081117402892
63,Modular causal latent SCM,True,19,0,-7744.863021346247,0.47672351928633927,1.9049217811853487
64,Pooled associative latent class model,True,23,1,-8054.06767906847,0.4761822920863564,1.9944017882080252
64,Target-calibrated associative latent model,True,20,3,-7779.526114823158,0.4826561683593654,2.0652675652706396
64,Modular causal latent SCM,True,20,3,-7781.624822947604,0.48564568017517906,2.069344258127055
65,Pooled associative latent class model,True,23,2,-8037.071229781457,0.49847486227425186,1.9569147334531318
65,Target-calibrated associative latent model,True,26,3,-7776.482292470955,0.4885820820810963,2.0046695415879587
65,Modular causal latent SCM,True,20,0,-7778.499861982232,0.488031466312384,1.9896793684413212
66,Pooled associative latent class model,True,21,3,-8022.620654458871,0.48128371503802236,2.122282163144578
66,Target-calibrated associative latent model,True,40,2,-7761.974556881303,0.4698124547067196,2.254957759889576
66,Modular causal latent SCM,True,22,2,-7766.485084322147,0.46851662958817775,2.2777947127289226
67,Pooled associative latent class model,True,25,2,-8031.480803701444,0.48067645231313616,1.8452108819121635
67,Target-calibrated associative latent model,True,25,2,-7798.49696942723,0.49401180405705386,1.955884900915875
67,Modular causal latent SCM,True,26,3,-7799.476148680831,0.48665693158807094,1.93226766484827
68,Pooled associative latent class model,True,28,1,-7990.25130188989,0.48425833761003284,2.018592756309367
68,Target-calibrated associative latent model,True,20,2,-7725.125031169623,0.4882890791610255,2.1862846396196947
68,Modular causal latent SCM,True,17,3,-7729.4067082245265,0.49600402853503706,2.1918522602569004
69,Pooled associative latent class model,True,23,3,-8048.302149561488,0.49841819251723957,1.8071690937823628
69,Target-calibrated associative latent model,True,21,3,-7806.97530746748,0.489392940033418,1.944197062807544
69,Modular causal latent SCM,True,23,3,-7812.60546588571,0.4872369974544395,1.9473418329956234
70,Pooled associative latent class model,True,21,2,-8023.931274563684,0.4893440061690654,2.2071633986930106
70,Target-calibrated associative latent model,True,19,1,-7782.6214809441535,0.4852433899405264,2.2220661370613817
70,Modular causal latent SCM,True,19,3,-7787.8838597979,0.4848347820897263,2.2309747978961374
71,Pooled associative latent class model,True,25,2,-7850.614941497652,0.4796586604152713,2.0110505278905446
71,Target-calibrated associative latent model,True,20,1,-7639.142622901292,0.4898730021262214,2.0909357059388984
71,Modular causal latent SCM,True,20,2,-7643.196497236534,0.49656678256428993,2.1090642768366985
72,Pooled associative latent class model,True,26,2,-7959.682640600061,0.4793477333513466,1.9253104316248915
72,Target-calibrated associative latent model,True,22,0,-7728.362771098808,0.47397313745860087,1.97294181953781
72,Modular causal latent SCM,True,22,3,-7731.429212805711,0.47313043978343355,1.968880097846531
73,Pooled associative latent class model,True,22,3,-7986.097980448928,0.4776609882318537,1.7990310342999782
73,Target-calibrated associative latent model,True,23,3,-7752.0415357735765,0.47648228608883414,1.8491571210466735
73,Modular causal latent SCM,True,25,2,-7755.395935203564,0.47849071479382743,1.8528632468267463
74,Pooled associative latent class model,True,25,1,-8023.749080713216,0.45276853494211083,1.9017058282335466
74,Target-calibrated associative latent model,True,19,1,-7799.049890742754,0.4701729604117519,1.9598653980244767
74,Modular causal latent SCM,True,20,1,-7799.686861288088,0.4697375800107295,1.9650567743749243
75,Pooled associative latent class model,True,24,3,-8037.280422185007,0.48782012576015765,1.8476207957809365
75,Target-calibrated associative latent model,True,16,0,-7814.592103390664,0.4804618756052539,2.024698666546448
75,Modular causal latent SCM,True,15,0,-7818.0486330537715,0.48225660326343944,2.020229416718937
76,Pooled associative latent class model,True,20,1,-7968.058993857705,0.4953465599201998,2.104487182504525
76,Target-calibrated associative latent model,True,17,1,-7767.330947308126,0.4884009078406599,2.1335878658479963
76,Modular causal latent SCM,True,18,1,-7772.119019164709,0.48631648952037704,2.1342091420906533
77,Pooled associative latent class model,True,27,1,-8048.872520569661,0.47644373003593354,2.079132293203199
77,Target-calibrated associative latent model,True,20,1,-7785.372812441316,0.48217877581476853,2.172248045528468
77,Modular causal latent SCM,True,20,1,-7789.6320283224395,0.48207782591024273,2.1640145573129708
78,Pooled associative latent class model,True,18,0,-8045.474183848487,0.49493343771272535,1.9336475825698103
78,Target-calibrated associative latent model,True,29,3,-7816.628656962701,0.4819423886846042,1.9221981478972836
78,Modular causal latent SCM,True,28,3,-7816.652186535726,0.47676620527948527,1.9328370654309646
79,Pooled associative latent class model,True,17,2,-8008.850726358747,0.49153259841956093,2.0426432070564062
79,Target-calibrated associative latent model,True,21,2,-7758.047280413625,0.4903930490629375,2.074592841260326
79,Modular causal latent SCM,True,20,3,-7761.475698011178,0.48972437114759676,2.073573064384731
80,Pooled associative latent class model,True,20,1,-7966.104020946312,0.4898808385832865,1.9453786749515192
80,Target-calibrated associative latent model,True,20,1,-7700.907602048943,0.47674947906539966,1.9854323177804192
80,Modular causal latent SCM,True,19,1,-7701.9633765873405,0.47963932539222176,1.980668837872141
81,Pooled associative latent class model,True,26,1,-8053.720421526503,0.4862281290227901,1.9005170829707962
81,Target-calibrated associative latent model,True,24,3,-7821.079314984889,0.4669417970041991,2.0243252048872633
81,Modular causal latent SCM,True,28,3,-7824.601101450945,0.46405934248541364,2.018912784900502
82,Pooled associative latent class model,True,26,1,-7967.196040909085,0.47396990240290227,1.9948608741855685
82,Target-calibrated associative latent model,True,20,1,-7742.948478370361,0.4854372673572853,2.115179680387821
82,Modular causal latent SCM,True,20,1,-7747.850593645612,0.4855492487013084,2.108922541074133
83,Pooled associative latent class model,True,25,2,-7904.9079113285125,0.478841106745712,1.7605521936341564
83,Target-calibrated associative latent model,True,24,3,-7705.156306747188,0.4710030408091978,1.9000522453873745
83,Modular causal latent SCM,True,22,1,-7710.48907111943,0.47442570765652137,1.8754613895828405
84,Pooled associative latent class model,True,19,3,-8061.996587324052,0.4939427308430178,1.9417605008798593
84,Target-calibrated associative latent model,True,24,1,-7829.160044353551,0.47779093309541687,1.9868097478750846
84,Modular causal latent SCM,True,20,3,-7834.087966730904,0.4799167021662081,1.979969626935568
85,Pooled associative latent class model,True,27,1,-7951.135668676412,0.4807901091676447,1.9449524707968986
85,Target-calibrated associative latent model,True,23,1,-7732.732908825159,0.48965833714098506,1.9450004202066002
85,Modular causal latent SCM,True,23,1,-7738.603069203864,0.48548245447949345,1.9519173762158188
86,Pooled associative latent class model,True,12,3,-8030.420837624197,0.4941473183417511,2.04754284737759
86,Target-calibrated associative latent model,True,20,2,-7794.689672180153,0.4885531990431197,2.118959390825303
86,Modular causal latent SCM,True,16,0,-7797.530382587933,0.48493167665953896,2.124550166694121
87,Pooled associative latent class model,True,41,3,-7999.406369190999,0.4486494141025464,1.975527151085402
87,Target-calibrated associative latent model,True,21,2,-7769.599458137391,0.48188110579286786,2.0642577881281836
87,Modular causal latent SCM,True,23,2,-7776.44525351033,0.4717498686746629,2.0687035668889404
88,Pooled associative latent class model,True,24,2,-7974.60902727715,0.4856689177668416,1.866129596578587
88,Target-calibrated associative latent model,True,24,3,-7725.91763496452,0.48111822733685505,1.9262384252218112
88,Modular causal latent SCM,True,20,3,-7732.523056889826,0.4875399201124296,1.9311224558158977
89,Pooled associative latent class model,True,21,1,-7943.66433494334,0.488806513126764,1.8810648866248136
89,Target-calibrated associative latent model,True,25,3,-7716.91513973297,0.4993299911498699,1.9928328601208414
89,Modular causal latent SCM,True,17,0,-7723.669149158752,0.49944620745051843,1.9966763828387686
90,Pooled associative latent class model,True,24,0,-7947.69501698569,0.47859734421988553,1.791162986200595
90,Target-calibrated associative latent model,True,20,0,-7722.126645456096,0.48463413124202753,1.9252799005889414
90,Modular causal latent SCM,True,20,0,-7722.237643637023,0.48768848333365317,1.9193647381297338
91,Pooled associative latent class model,True,19,2,-8040.022332007374,0.4911598383806607,2.0341014717923422
91,Target-calibrated associative latent model,True,14,0,-7789.747921149618,0.489080659697712,2.2097497402958464
91,Modular causal latent SCM,True,14,0,-7795.827998534998,0.48944281734970874,2.2055296897738352
92,Pooled associative latent class model,True,23,1,-8052.308682294631,0.4764347368567824,1.899591016082379
92,Target-calibrated associative latent model,True,26,1,-7812.7188989826045,0.4499151224070685,1.935166726718525
92,Modular causal latent SCM,True,24,0,-7821.660508301323,0.4565576223041665,1.9628438259576066
93,Pooled associative latent class model,True,19,3,-8072.251567138773,0.4816702431458145,2.05300287603239
93,Target-calibrated associative latent model,True,20,1,-7832.9713410436925,0.48579840072889424,2.06984246682635
93,Modular causal latent SCM,True,21,1,-7834.182131297983,0.48488486595202634,2.082777848340906
94,Pooled associative latent class model,True,18,0,-7904.634545362215,0.48133477021974386,2.036194904890717
94,Target-calibrated associative latent model,True,22,1,-7663.762402987902,0.4795287945192309,2.138788330470898
94,Modular causal latent SCM,True,22,1,-7667.295596474484,0.483179228418583,2.12545175759419
95,Pooled associative latent class model,True,16,0,-8022.4255769090305,0.49524646302916164,2.086071832564686
95,Target-calibrated associative latent model,True,16,0,-7798.70811634998,0.49702631514276757,2.05077617416221
95,Modular causal latent SCM,True,16,0,-7803.310975137107,0.4973992438913088,2.0539150159815107
96,Pooled associative latent class model,True,18,1,-8061.72735577524,0.47503382237294783,1.703228062857625
96,Target-calibrated associative latent model,True,23,3,-7804.157630911999,0.46626378369407906,1.8654652606558628
96,Modular causal latent SCM,True,22,0,-7812.974786631448,0.46736423304165403,1.863777617081381
97,Pooled associative latent class model,True,24,0,-8022.71872951948,0.47984110219970816,1.7515703491522867
97,Target-calibrated associative latent model,True,10,3,-7756.418629100652,0.4976439297722767,1.7130722586886287
97,Modular causal latent SCM,True,12,1,-7761.073154274485,0.499388095094412,1.7051031730831383
98,Pooled associative latent class model,True,33,1,-8009.4578513181095,0.43673494614785985,2.1130166108255333
98,Target-calibrated associative latent model,True,23,1,-7774.4020334734705,0.4683702707104054,2.094343023366071
98,Modular causal latent SCM,True,24,1,-7776.395066748115,0.4649672675640927,2.106977939729546
99,Pooled associative latent class model,True,22,1,-7945.156813347898,0.4516107127425774,1.8458988624908101
99,Target-calibrated associative latent model,True,24,0,-7685.273089699074,0.4632832166684685,1.8972254630299275
99,Modular causal latent SCM,True,23,2,-7694.427211243137,0.46310910912302056,1.9066111209399021
100,Pooled associative latent class model,True,27,2,-8049.220669682137,0.47480531869183945,1.8710341267618675
100,Target-calibrated associative latent model,True,22,2,-7807.771673922287,0.48564557299424205,1.905905624634869
100,Modular causal latent SCM,True,23,3,-7810.808859906569,0.48703905222014837,1.9051311420464683
101,Pooled associative latent class model,True,27,2,-8049.01581307304,0.4886712872199782,1.8285181171433509
101,Target-calibrated associative latent model,True,20,1,-7785.573338965647,0.4996934419779378,1.8872326232296608
101,Modular causal latent SCM,True,20,1,-7787.997596036095,0.4995060782847961,1.8882595557310995
102,Pooled associative latent class model,True,19,3,-8007.538866692483,0.49415846184983503,2.099328154677189
102,Target-calibrated associative latent model,True,20,2,-7773.723111021321,0.48854744559543645,2.1403718159851612
102,Modular causal latent SCM,True,18,1,-7779.921009480719,0.48963312954463806,2.1418431598344823
103,Pooled associative latent class model,True,23,1,-8081.474725649088,0.47624889426228934,2.0808338075531525
103,Target-calibrated associative latent model,True,29,2,-7835.779394040737,0.4535930827928083,2.1416248705281182
103,Modular causal latent SCM,True,26,0,-7844.326591554227,0.4578044565450618,2.11850805783368
104,Pooled associative latent class model,True,19,0,-7972.66184197533,0.49646379534063273,1.8927429917992789
104,Target-calibrated associative latent model,True,17,2,-7767.48842008575,0.49828465685433987,1.9672609988216576
104,Modular causal latent SCM,True,21,3,-7771.229239905274,0.49654499281635855,1.9697035563524512
105,Pooled associative latent class model,True,25,3,-7942.571077759436,0.49615159924257973,1.950318647125956
105,Target-calibrated associative latent model,True,20,1,-7722.395760442139,0.4919093353107655,2.0040541854615723
105,Modular causal latent SCM,True,15,3,-7728.704512904543,0.4927692445670921,2.017441189998559
106,Pooled associative latent class model,True,33,3,-7925.281219735945,0.44025145869282256,2.0750424060719768
106,Target-calibrated associative latent model,True,27,3,-7693.415482199967,0.45645478588907684,2.1256218207512827
106,Modular causal latent SCM,True,27,3,-7696.017363324819,0.4577864929478692,2.12408485990638
107,Pooled associative latent class model,True,26,1,-8076.6510446648845,0.47517564087164255,1.9592244505916159
107,Target-calibrated associative latent model,True,20,3,-7800.47860564924,0.491153807010642,2.043866558869917
107,Modular causal latent SCM,True,19,3,-7802.173091753837,0.49529013099313224,2.0453283796715223
108,Pooled associative latent class model,True,38,2,-7951.787596100961,0.42471596000820705,1.9730737836450372
108,Target-calibrated associative latent model,True,30,2,-7741.954295977224,0.4465566424541413,1.9815695128025057
108,Modular causal latent SCM,True,30,3,-7744.394086234248,0.44987898596771914,1.9826280103609917
109,Pooled associative latent class model,True,31,3,-8022.811852789184,0.4393780813462672,1.9148952320428438
109,Target-calibrated associative latent model,True,30,1,-7801.262945689724,0.42713026949145316,1.9304533206485015
109,Modular causal latent SCM,True,30,1,-7805.484249416562,0.4244834508900209,1.940832083083913
110,Pooled associative latent class model,True,33,1,-8103.098041677074,0.4379570977619811,2.0976559020541177
110,Target-calibrated associative latent model,True,22,2,-7866.244577940871,0.4496501962309847,2.1730871432473418
110,Modular causal latent SCM,True,30,1,-7872.566655844417,0.4502539647572035,2.1525442548586584
111,Pooled associative latent class model,True,21,1,-8022.471710988075,0.47723215794178686,1.854345672671239
111,Target-calibrated associative latent model,True,24,2,-7788.984439910011,0.4802533771258135,2.00709411898022
111,Modular causal latent SCM,True,21,1,-7797.15854008897,0.48168642568020736,1.9503485371474225
112,Pooled associative latent class model,True,19,2,-7984.833328015796,0.48123247940841846,2.0768626282857467
112,Target-calibrated associative latent model,True,18,1,-7753.664643480113,0.49987583604503055,2.1037860822107186
112,Modular causal latent SCM,True,16,3,-7760.397210039149,0.49715916159918927,2.124457492039893
113,Pooled associative latent class model,True,14,2,-8011.669771383895,0.4946310376672418,1.8270161710133592
113,Target-calibrated associative latent model,True,20,0,-7805.835806559744,0.49875594631915443,1.9271026109966882
113,Modular causal latent SCM,True,12,2,-7808.276387681493,0.49823956261117386,1.9050303963159938
114,Pooled associative latent class model,True,22,0,-7983.596064316583,0.4684254871749743,2.07707975154369
114,Target-calibrated associative latent model,True,20,2,-7740.446516553244,0.47763312010384856,2.1686944518437565
114,Modular causal latent SCM,True,16,0,-7741.6499084131665,0.4800622847809088,2.163186189181332
115,Pooled associative latent class model,True,16,0,-8020.486740414453,0.49753287273263785,2.021095032403675
115,Target-calibrated associative latent model,True,17,1,-7762.969827717268,0.48911148710567665,2.126145953366748
115,Modular causal latent SCM,True,18,3,-7769.963427956041,0.49234962437164664,2.1420810862123867
116,Pooled associative latent class model,True,30,1,-8026.457153066198,0.43026017584439696,1.8488415958059288
116,Target-calibrated associative latent model,True,28,3,-7775.791437920236,0.4498632076418944,1.9110200070135934
116,Modular causal latent SCM,True,28,0,-7777.656788674374,0.44408673869290155,1.9084333676928733
117,Pooled associative latent class model,True,31,2,-8028.940488637161,0.4562325657927661,2.147439657860915
117,Target-calibrated associative latent model,True,29,3,-7773.773570634806,0.45288165988650414,2.3072804342319007
117,Modular causal latent SCM,True,42,2,-7778.559698168333,0.45242752677041104,2.297940766287552
118,Pooled associative latent class model,True,17,0,-8023.872830000324,0.47961667842370215,1.994286987345933
118,Target-calibrated associative latent model,True,21,0,-7783.451775345905,0.4720044058360595,2.029406124706135
118,Modular causal latent SCM,True,20,0,-7787.055915439809,0.4734485151517482,2.025462777241522
119,Pooled associative latent class model,True,26,2,-7972.646589944728,0.46204871547946974,1.8686454244202468
119,Target-calibrated associative latent model,True,22,1,-7714.734187891,0.46198817793889035,1.9654903827710792
119,Modular causal latent SCM,True,22,1,-7720.879067326597,0.46091841405037925,1.9626837863793134
120,Pooled associative latent class model,True,21,2,-7989.367834142275,0.48096537524246447,1.7995629739788408
120,Target-calibrated associative latent model,True,25,3,-7764.610556121141,0.4996647387989544,1.8685550002684779
120,Modular causal latent SCM,True,15,3,-7772.123031838518,0.4912423905602166,1.8256370822996204
121,Pooled associative latent class model,True,26,1,-8018.037561156995,0.4676189058682298,1.8880741541317412
121,Target-calibrated associative latent model,True,23,1,-7812.837384028933,0.47425236968898665,1.9378220981320844
121,Modular causal latent SCM,True,23,1,-7819.380993201087,0.4717955950960576,1.9398479204786565
122,Pooled associative latent class model,True,14,2,-8075.268082522815,0.4999287286158063,1.7286987084900811
122,Target-calibrated associative latent model,True,18,1,-7828.105608991317,0.4905015329547387,1.8643067292581583
122,Modular causal latent SCM,True,18,1,-7828.583758054334,0.4927565317723463,1.8801801004045458
123,Pooled associative latent class model,True,26,1,-7916.777154342861,0.4584012359206933,2.144216365032041
123,Target-calibrated associative latent model,True,20,1,-7664.279431717032,0.4743903558219188,2.0985957054197737
123,Modular causal latent SCM,True,20,1,-7674.449369066708,0.4772957510218966,2.115226957601826
124,Pooled associative latent class model,True,15,0,-7908.727690158405,0.4976590079619176,2.1182185171559462
124,Target-calibrated associative latent model,True,18,1,-7662.788236199704,0.4876388426262184,2.093264329669826
124,Modular causal latent SCM,True,18,1,-7670.283481652434,0.49023705992044203,2.0917709841913417
125,Pooled associative latent class model,True,18,3,-7931.565266182897,0.4827880456751778,1.8779048053468541
125,Target-calibrated associative latent model,True,18,1,-7717.718735374812,0.4629771623720746,1.9863655767713402
125,Modular causal latent SCM,True,19,1,-7719.880708769463,0.45867909552321723,1.9777029204699803
126,Pooled associative latent class model,True,26,1,-7924.143664722856,0.4557880796499135,2.099093199492586
126,Target-calibrated associative latent model,True,30,2,-7710.614533181429,0.4478868172078622,2.073845808166869
126,Modular causal latent SCM,True,28,1,-7716.058765448275,0.441706869807086,2.082004327496286
127,Pooled associative latent class model,True,21,1,-7986.931924429966,0.45971549730227873,1.9100768978747151
127,Target-calibrated associative latent model,True,17,3,-7740.742331698248,0.49805441193685945,2.1178997159898882
127,Modular causal latent SCM,True,22,3,-7745.984259061749,0.49973911906623686,2.117624315350929
128,Pooled associative latent class model,True,21,3,-8003.374518360526,0.4721774259791063,1.929792957303711
128,Target-calibrated associative latent model,True,22,2,-7760.912469438701,0.46150568079525467,2.049166888512983
128,Modular causal latent SCM,True,22,3,-7766.042632025157,0.4611024376861385,2.0562035122625315
129,Pooled associative latent class model,True,23,1,-8023.461249671647,0.4445384540273718,1.9548869433823581
129,Target-calibrated associative latent model,True,39,0,-7780.901449169609,0.4333352215817976,2.015355876828389
129,Modular causal latent SCM,True,36,2,-7783.830942632356,0.4325798372189697,2.0208688297460657
130,Pooled associative latent class model,True,27,1,-7984.18668742209,0.4518227495471721,1.9393042056477374
130,Target-calibrated associative latent model,True,25,0,-7797.849229376287,0.45258077690710274,2.029902536048091
130,Modular causal latent SCM,True,26,0,-7799.734059652941,0.4495113792792044,2.028181384421857
131,Pooled associative latent class model,True,21,2,-7996.62851239369,0.4964027672518139,2.0620715767084388
131,Target-calibrated associative latent model,True,19,0,-7740.635164811,0.49478223441531366,2.04720839725345
131,Modular causal latent SCM,True,12,3,-7748.887725241781,0.49557193499555,2.0328812624929817
132,Pooled associative latent class model,True,23,0,-8046.93998694672,0.47547578824117864,1.7401643811267873
132,Target-calibrated associative latent model,True,12,2,-7814.391261139381,0.4960084345799474,1.7144906934609203
132,Modular causal latent SCM,True,24,3,-7819.837583540906,0.4867931755620052,1.725202462112074
133,Pooled associative latent class model,True,31,1,-7914.701037658601,0.44863180067949854,2.1979725299882706
133,Target-calibrated associative latent model,True,20,2,-7691.43403392326,0.4750267258190604,2.224126015437431
133,Modular causal latent SCM,True,21,3,-7691.783299831969,0.47300883592869053,2.2180452156886625
134,Pooled associative latent class model,True,25,1,-8026.315866843878,0.4834892896022613,2.0285391612767816
134,Target-calibrated associative latent model,True,25,1,-7796.084177487431,0.48363426205015114,1.9908545933623285
134,Modular causal latent SCM,True,24,1,-7801.706924914954,0.49128286825679973,1.9910786627650126
135,Pooled associative latent class model,True,20,2,-7947.920428300977,0.4821768036770806,2.0117878229851396
135,Target-calibrated associative latent model,True,18,3,-7723.484270344939,0.48442454638103577,2.0845396762595754
135,Modular causal latent SCM,True,15,0,-7726.382738624085,0.48603036999898275,2.087138880449725
136,Pooled associative latent class model,True,24,1,-8001.744448090803,0.4808718476838816,1.899465691402718
136,Target-calibrated associative latent model,True,20,1,-7740.869376094634,0.4763590615219302,1.9369732227886636
136,Modular causal latent SCM,True,20,1,-7745.863678853009,0.4737340589615546,1.932311955873193
137,Pooled associative latent class model,True,26,1,-7907.312481832609,0.4677412576674346,1.95059489281372
137,Target-calibrated associative latent model,True,19,1,-7700.466618316876,0.4603748821750797,2.052737116512022
137,Modular causal latent SCM,True,20,1,-7703.559895107215,0.4591563380880591,2.0524953829727357
138,Pooled associative latent class model,True,20,2,-7943.129114487473,0.49986826786347,1.8441690835106428
138,Target-calibrated associative latent model,True,18,1,-7719.23016725824,0.4729352250357119,1.9403463412321276
138,Modular causal latent SCM,True,18,1,-7728.39207639571,0.47458380726441607,1.9281388736497838
139,Pooled associative latent class model,True,27,3,-8018.972969166385,0.4988585397713225,1.8111291792228403
139,Target-calibrated associative latent model,True,17,1,-7790.185390668269,0.49417392443677854,1.9264441579102227
139,Modular causal latent SCM,True,17,1,-7794.326628961071,0.4940874153840582,1.9200254823799738
140,Pooled associative latent class model,True,20,2,-7980.412698021444,0.49364064460475604,1.840328233986881
140,Target-calibrated associative latent model,True,18,1,-7711.95762052741,0.4852539049105478,1.8816329595913626
140,Modular causal latent SCM,True,18,1,-7716.092201226199,0.4847338691790436,1.8655199948433143
141,Pooled associative latent class model,True,23,3,-8058.7576180360065,0.46458891691588466,2.0196235138721796
141,Target-calibrated associative latent model,True,25,2,-7821.500623614151,0.46010149141646073,2.127111047481468
141,Modular causal latent SCM,True,25,2,-7828.7502214254255,0.4587908014074223,2.1168981564952176
142,Pooled associative latent class model,True,26,1,-7944.790944275412,0.45861406623064993,1.9207189440993655
142,Target-calibrated associative latent model,True,22,1,-7699.2472040619605,0.4636291523245831,1.9486952963780426
142,Modular causal latent SCM,True,21,1,-7699.737400324248,0.46530759479237643,1.9493107899874769
143,Pooled associative latent class model,True,14,0,-8040.388179588483,0.49712334641479566,2.26873042759171
143,Target-calibrated associative latent model,True,12,3,-7779.1718444574135,0.4983512732732836,2.313361469487278
143,Modular causal latent SCM,True,15,0,-7784.2029449409565,0.4932774461770599,2.304214499803887
144,Pooled associative latent class model,True,24,0,-8056.684544515107,0.46405695061246716,1.8369258681187213
144,Target-calibrated associative latent model,True,23,0,-7807.122650147594,0.4673182073357668,1.7898635418142663
144,Modular causal latent SCM,True,23,0,-7806.972517816195,0.46717257993827754,1.7892040535581173
145,Pooled associative latent class model,True,28,1,-8006.843899655098,0.44247905750195804,2.0285728853314406
145,Target-calibrated associative latent model,True,25,1,-7767.375159345447,0.42958897786837835,2.0760634602012984
145,Modular causal latent SCM,True,26,1,-7771.483310836675,0.428158351164971,2.0720072282052797
146,Pooled associative latent class model,True,20,3,-7865.549274225632,0.49943759482018246,2.053377934187293
146,Target-calibrated associative latent model,True,20,3,-7619.268981346977,0.48284190538081184,2.1090952062522197
146,Modular causal latent SCM,True,23,1,-7622.056313524298,0.4855911884183571,2.0781018999829235
147,Pooled associative latent class model,True,16,2,-8131.520572213122,0.4998683797245945,1.866867763081305
147,Target-calibrated associative latent model,True,22,1,-7900.413213433667,0.4684301925692297,1.9421736020367089
147,Modular causal latent SCM,True,24,3,-7902.420822325457,0.467793311592869,1.9658382632899873
148,Pooled associative latent class model,True,26,1,-7986.009004415775,0.4843898387419445,1.993525616227666
148,Target-calibrated associative latent model,True,15,3,-7758.51717860168,0.49909162325718814,2.0635316367029857
148,Modular causal latent SCM,True,17,3,-7761.182835359883,0.49899449943397856,2.068832111652903
149,Pooled associative latent class model,True,16,0,-7993.015410812879,0.4858225334991076,2.0669311625997926
149,Target-calibrated associative latent model,True,15,0,-7747.472502524925,0.49040745958841386,2.1578345688258684
149,Modular causal latent SCM,True,19,2,-7756.262898425004,0.4877609837218667,2.1487212436355074
150,Pooled associative latent class model,True,19,0,-8012.100964781872,0.48824533430450273,1.8397249861929583
150,Target-calibrated associative latent model,True,23,3,-7787.5446783706775,0.49459760489633997,1.9035989915174465
150,Modular causal latent SCM,True,24,3,-7789.6654167192955,0.49396736358930615,1.9095968315720957
151,Pooled associative latent class model,True,19,1,-8051.375679351737,0.4914962165543786,2.070629594995583
151,Target-calibrated associative latent model,True,18,3,-7801.345705454427,0.49466461742284423,2.2059963968997502
151,Modular causal latent SCM,True,16,3,-7807.497110310675,0.49119851568852607,2.203106582705528
152,Pooled associative latent class model,True,31,2,-8005.619730701004,0.43907756965030564,1.9597575056669487
152,Target-calibrated associative latent model,True,29,2,-7756.508295031144,0.4467030112360592,2.0711969044029788
152,Modular causal latent SCM,True,27,2,-7761.409449999712,0.44715524670926055,2.067826366856798
153,Pooled associative latent class model,True,17,0,-7966.2950217753405,0.4927949915178529,1.9633717641568083
153,Target-calibrated associative latent model,True,23,1,-7728.267625695273,0.45056360127501177,1.937568310520229
153,Modular causal latent SCM,True,23,1,-7731.041565658721,0.4513932263740262,1.9372059162742912
154,Pooled associative latent class model,True,19,2,-8032.578367346316,0.47256678102176974,2.1230208899983944
154,Target-calibrated associative latent model,True,16,0,-7781.715665544325,0.4849339801076336,2.1612344030514485
154,Modular causal latent SCM,True,17,0,-7784.768922285544,0.47841893796863244,2.165608891501667
155,Pooled associative latent class model,True,15,3,-8052.519330516232,0.49445862525583634,2.1226889761113705
155,Target-calibrated associative latent model,True,16,0,-7822.082727213496,0.48362994738872933,2.1885612063087923
155,Modular causal latent SCM,True,16,0,-7826.199093549361,0.48015964379262616,2.1900765921454846
156,Pooled associative latent class model,True,25,1,-7992.095812017737,0.45996498075296194,2.0065110089604032
156,Target-calibrated associative latent model,True,23,1,-7735.877079452401,0.460338373991181,2.0903073930129583
156,Modular causal latent SCM,True,23,1,-7741.434963881171,0.459499325254268,2.084391165811856
157,Pooled associative latent class model,True,30,3,-8050.040836698292,0.4529606145576431,2.0252656198018473
157,Target-calibrated associative latent model,True,29,1,-7807.939869818495,0.46001413313339046,2.111825266282896
157,Modular causal latent SCM,True,29,1,-7813.985488413943,0.4587004529474751,2.111062093995063
158,Pooled associative latent class model,True,29,2,-8093.441970133073,0.4810205755074562,1.919927048855901
158,Target-calibrated associative latent model,True,24,1,-7823.338270997515,0.4604723949789604,2.0102855321986404
158,Modular causal latent SCM,True,24,1,-7830.115036032943,0.4618988154567723,2.031426585461008
159,Pooled associative latent class model,True,19,1,-8007.692986815914,0.48592588153290395,1.839932119016777
159,Target-calibrated associative latent model,True,12,2,-7784.043206056629,0.4981204861865655,1.9258383233069232
159,Modular causal latent SCM,True,18,2,-7789.176115403717,0.49434242841028536,1.932984887896946
160,Pooled associative latent class model,True,25,2,-8034.753393885503,0.47644887603692215,1.9456883064091812
160,Target-calibrated associative latent model,True,24,1,-7817.634438734081,0.4711453652208656,1.9983521244088995
160,Modular causal latent SCM,True,23,1,-7819.409998282808,0.47554998387463526,1.9936793895005058
161,Pooled associative latent class model,True,32,0,-8060.443883456372,0.44370202118069063,1.726742521401527
161,Target-calibrated associative latent model,True,34,2,-7820.576686177293,0.4483541544949843,1.830971319931384
161,Modular causal latent SCM,True,29,3,-7824.535847190689,0.44521387722790057,1.829844486502203
162,Pooled associative latent class model,True,21,2,-8010.223898567101,0.46042011314684567,1.9140539796896303
162,Target-calibrated associative latent model,True,18,2,-7762.316333331406,0.4931959097059535,1.9514583647176764
162,Modular causal latent SCM,True,17,0,-7767.938679060317,0.4891812821123598,1.9559506528779602
163,Pooled associative latent class model,True,15,2,-8073.541473921763,0.4951409293915077,1.886191735361314
163,Target-calibrated associative latent model,True,18,0,-7841.006855142719,0.48897246929948524,1.925685889849259
163,Modular causal latent SCM,True,18,3,-7846.852247936138,0.48939656623891953,1.9043929919426095
164,Pooled associative latent class model,True,23,1,-8043.422418456974,0.47971338888907467,1.7686587617268228
164,Target-calibrated associative latent model,True,23,2,-7789.0254713939885,0.4895040309690425,1.8666869034787774
164,Modular causal latent SCM,True,20,0,-7790.125414151402,0.4893257033609437,1.8632664320408296
165,Pooled associative latent class model,True,24,1,-8038.078114481037,0.4781927671884269,1.9498216666842083
165,Target-calibrated associative latent model,True,19,3,-7794.920934222422,0.4927898531288549,2.086979597941135
165,Modular causal latent SCM,True,22,2,-7803.000757345365,0.4920601558754345,2.083921836019841
166,Pooled associative latent class model,True,22,1,-8029.73663193321,0.47629838965490906,1.9492091912910503
166,Target-calibrated associative latent model,True,20,0,-7801.969574379416,0.47310128633736603,2.017424294817471
166,Modular causal latent SCM,True,25,2,-7806.146753688796,0.4743963550670714,2.0159115972647736
167,Pooled associative latent class model,True,21,2,-7957.65014978189,0.47739603122093777,2.0909248548263455
167,Target-calibrated associative latent model,True,20,3,-7729.028032501135,0.47900892475665174,2.112953456105916
167,Modular causal latent SCM,True,17,0,-7736.115789654208,0.4807850201646761,2.120488164848463
168,Pooled associative latent class model,True,29,2,-8061.6893132756395,0.4496399938133512,2.0477920012937307
168,Target-calibrated associative latent model,True,28,2,-7789.535725367017,0.477560821645618,2.0271714720994076
168,Modular causal latent SCM,True,27,2,-7796.406571826976,0.4754486972777079,2.022774329556333
169,Pooled associative latent class model,True,23,0,-7939.267473616225,0.4722227331730646,1.8531495411266063
169,Target-calibrated associative latent model,True,20,0,-7707.7826044391295,0.4871295499029702,1.8980272429262324
169,Modular causal latent SCM,True,20,0,-7711.4671953645275,0.48185279182574464,1.9028674224241033
170,Pooled associative latent class model,True,48,2,-8054.101641296908,0.3950415968642457,2.056956281726814
170,Target-calibrated associative latent model,True,34,3,-7799.21504839361,0.4288797515443383,2.1082687723642115
170,Modular causal latent SCM,True,33,0,-7800.698925388093,0.4263692657982935,2.1088489861206576
171,Pooled associative latent class model,True,23,1,-8065.733928404117,0.4610126962565406,2.0065797661895246
171,Target-calibrated associative latent model,True,20,1,-7811.742464326229,0.46543795178359837,2.0210869246120198
171,Modular causal latent SCM,True,24,2,-7815.527030019188,0.46243882306076,2.029200927229197
172,Pooled associative latent class model,True,21,2,-7979.096414763286,0.48906543660698526,2.1889797975206955
172,Target-calibrated associative latent model,True,20,1,-7767.732899244834,0.4748081662454616,2.2065387486490042
172,Modular causal latent SCM,True,21,2,-7767.413831184403,0.47833112070228656,2.195577923494376
173,Pooled associative latent class model,True,30,1,-8005.188463436755,0.48197192057069327,1.8634095198496434
173,Target-calibrated associative latent model,True,24,3,-7748.791037462364,0.487688899577942,1.943724761659921
173,Modular causal latent SCM,True,18,0,-7753.445357032715,0.49197681628459367,1.9566880763870855
174,Pooled associative latent class model,True,30,1,-8114.6599351972,0.45112333105016145,1.8382107122394309
174,Target-calibrated associative latent model,True,25,2,-7859.194325536031,0.47493351012924456,1.9465260524628984
174,Modular causal latent SCM,True,24,1,-7860.804115981745,0.4742306090154942,1.9390129693609661
175,Pooled associative latent class model,True,16,0,-7936.77176377611,0.4953961164071634,2.068411184548111
175,Target-calibrated associative latent model,True,19,1,-7702.125022209463,0.48960131556096365,2.12017889847609
175,Modular causal latent SCM,True,20,1,-7705.023959040794,0.489541594471581,2.1288788812330366
176,Pooled associative latent class model,True,22,3,-7941.502138244976,0.49971165777500043,1.889960898385307
176,Target-calibrated associative latent model,True,19,2,-7697.291072126285,0.4961161679748367,2.0401036870882883
176,Modular causal latent SCM,True,15,0,-7701.666833731993,0.49693933951972213,2.0440278353399384
177,Pooled associative latent class model,True,24,2,-8070.915118094202,0.48570895726913793,2.14754466951622
177,Target-calibrated associative latent model,True,16,0,-7830.333777980336,0.48581942450182075,2.2154347889318258
177,Modular causal latent SCM,True,15,3,-7837.231533669124,0.4878804391696465,2.2043634205605103
178,Pooled associative latent class model,True,20,0,-8079.340791618914,0.488115444017824,1.9539747954387934
178,Target-calibrated associative latent model,True,18,0,-7857.692414502974,0.49178394120987323,2.085756461956651
178,Modular causal latent SCM,True,19,2,-7865.322609715588,0.4924752969464362,2.0721731450418384
179,Pooled associative latent class model,True,19,0,-8032.70794568197,0.48799173494948417,1.8130725907655625
179,Target-calibrated associative latent model,True,19,1,-7779.38322712889,0.4848137643957198,1.8988064404926182
179,Modular causal latent SCM,True,15,2,-7781.069856495564,0.4859813123523908,1.9111073146063595
180,Pooled associative latent class model,True,23,3,-8061.466865606812,0.47492566869188485,2.2628702188388616
180,Target-calibrated associative latent model,True,17,2,-7783.57906694923,0.4855480170822458,2.341053135073177
180,Modular causal latent SCM,True,19,2,-7785.922861158001,0.485481650950795,2.3471315699789757
181,Pooled associative latent class model,True,24,2,-8059.394272819326,0.48397344397692615,2.0312628290807093
181,Target-calibrated associative latent model,True,21,1,-7812.428382928421,0.47440810229136016,2.1054278774109845
181,Modular causal latent SCM,True,20,3,-7818.995434579156,0.47236772831233415,2.12293680389418
182,Pooled associative latent class model,True,22,2,-8046.921380880569,0.49126515875443805,1.906896290018165
182,Target-calibrated associative latent model,True,20,0,-7829.642070216663,0.4963585018176126,1.906124623298371
182,Modular causal latent SCM,True,14,2,-7842.098869419677,0.4998723760147725,1.8867999161264044
183,Pooled associative latent class model,True,21,2,-7980.662673525811,0.48372359791924713,1.908709502518204
183,Target-calibrated associative latent model,True,19,0,-7756.100779585328,0.49516480762162973,1.9790961354186418
183,Modular causal latent SCM,True,23,3,-7765.372614424482,0.49514046741643325,1.9695025660796275
184,Pooled associative latent class model,True,25,1,-7974.338541992663,0.45197788823049184,1.866642409513736
184,Target-calibrated associative latent model,True,15,1,-7744.711592822137,0.47175396210133713,1.9321302652288002
184,Modular causal latent SCM,True,15,1,-7748.444911291112,0.47196127954641187,1.9243246513111276
185,Pooled associative latent class model,True,21,1,-8034.294112856899,0.4861531432314689,1.991339004012156
185,Target-calibrated associative latent model,True,18,3,-7792.74872042877,0.48978893669882595,2.0981757948719606
185,Modular causal latent SCM,True,16,0,-7795.853387712368,0.4914194387348156,2.1234688079556063
186,Pooled associative latent class model,True,23,3,-8030.7957625170075,0.4699210075526399,2.110365272844756
186,Target-calibrated associative latent model,True,26,3,-7744.716342282264,0.46196529627025795,2.16709209880496
186,Modular causal latent SCM,True,31,1,-7750.4540634594,0.4589817373525702,2.168326193469807
187,Pooled associative latent class model,True,24,0,-8056.124442487802,0.45674608721975496,1.9747018986814373
187,Target-calibrated associative latent model,True,20,1,-7810.481348053514,0.46698984416944894,2.0421596556127026
187,Modular causal latent SCM,True,24,3,-7810.872282742801,0.4588620016002875,2.061929246983272
188,Pooled associative latent class model,True,22,1,-8005.620925836264,0.489272906578041,1.8817035592466234
188,Target-calibrated associative latent model,True,19,3,-7756.1263888749545,0.49861132879946374,2.0371284166571795
188,Modular causal latent SCM,True,18,3,-7757.039167941377,0.4922268112952418,2.0351235149102607
189,Pooled associative latent class model,True,18,2,-8046.823967420831,0.48923100738340086,1.7617743441243843
189,Target-calibrated associative latent model,True,20,1,-7807.369284309969,0.4787953970203156,1.8428309301858214
189,Modular causal latent SCM,True,20,1,-7810.031440537271,0.47785625414382205,1.83836985486383
190,Pooled associative latent class model,True,36,2,-7883.247563883288,0.41144027071584166,1.9944694176015556
190,Target-calibrated associative latent model,True,27,0,-7618.3599928473905,0.43967419058897084,2.038057117464934
190,Modular causal latent SCM,True,35,2,-7620.178813184354,0.4421227387616543,2.0300173046935224
191,Pooled associative latent class model,True,37,0,-7957.322559669924,0.39961953882816664,2.207042694329414
191,Target-calibrated associative latent model,True,37,1,-7705.397818201168,0.3932348516899338,2.205038294209345
191,Modular causal latent SCM,True,36,2,-7713.685226532442,0.3929413445315863,2.200061975907897
192,Pooled associative latent class model,True,17,2,-8037.360800288627,0.486131573373078,1.8562141780656671
192,Target-calibrated associative latent model,True,17,0,-7778.801462884763,0.49003506277195247,1.9638048628595244
192,Modular causal latent SCM,True,17,0,-7781.402606667614,0.4864620469370738,1.9664509751132448
193,Pooled associative latent class model,True,31,1,-8027.925093668837,0.44335075522322387,1.944073187394687
193,Target-calibrated associative latent model,True,31,1,-7765.069519627451,0.4326640725068916,1.981568890374286
193,Modular causal latent SCM,True,31,1,-7769.820038233085,0.43405635626939976,1.981071854702639
194,Pooled associative latent class model,True,33,0,-8060.97895026691,0.4274635516116838,1.9413021572583702
194,Target-calibrated associative latent model,True,27,3,-7807.813024356872,0.43916581775461505,2.0520142034952484
194,Modular causal latent SCM,True,25,0,-7814.858555888312,0.4444904800375948,2.034836179684387
195,Pooled associative latent class model,True,21,1,-8031.618401781734,0.4976881524223883,1.8935408084408554
195,Target-calibrated associative latent model,True,19,1,-7798.579214923421,0.4796385463216908,1.9184839524077288
195,Modular causal latent SCM,True,19,1,-7808.052079121962,0.4790913756961736,1.9224339514892719
196,Pooled associative latent class model,True,26,1,-7966.283831371891,0.46770633469772643,2.2407843762889774
196,Target-calibrated associative latent model,True,22,1,-7728.743339001698,0.4755877387892769,2.2516055398866346
196,Modular causal latent SCM,True,22,1,-7737.508326082594,0.473556946994962,2.2553076362209348
197,Pooled associative latent class model,True,17,0,-7946.0131375092515,0.48450620681225626,1.8366961960146513
197,Target-calibrated associative latent model,True,19,1,-7702.170165790995,0.49410162037464783,1.8591332216063474
197,Modular causal latent SCM,True,19,3,-7706.466132622475,0.4940090861319083,1.8802945687739505
198,Pooled associative latent class model,True,26,3,-8021.532353376568,0.48208046571669294,1.765760475486259
198,Target-calibrated associative latent model,True,26,1,-7810.282498535864,0.45777645915895027,1.7974849598046714
198,Modular causal latent SCM,True,26,1,-7809.128044311443,0.45821790349157987,1.8076753700941879
199,Pooled associative latent class model,True,25,1,-8007.590655585322,0.45057899706726623,1.8864234115438356
199,Target-calibrated associative latent model,True,20,1,-7764.969551447981,0.46930077122069874,1.9373258342781843
199,Modular causal latent SCM,True,20,1,-7771.493241391321,0.47170123635891115,1.9395282977324988
200,Pooled associative latent class model,True,43,1,-7960.35596993186,0.45837271251483874,1.8609319310443189
200,Target-calibrated associative latent model,True,26,1,-7694.982961083454,0.4693569517432227,1.9539032449161862
200,Modular causal latent SCM,True,26,1,-7699.30118783203,0.4674489500665148,1.9445863616251762
201,Pooled associative latent class model,True,20,1,-7896.124924563046,0.49461178066435574,1.940816742158579
201,Target-calibrated associative latent model,True,22,3,-7687.57947721434,0.48668234604618166,2.005689615959336
201,Modular causal latent SCM,True,18,1,-7691.9326740638335,0.4895209966935992,1.978379496939445
202,Pooled associative latent class model,True,23,1,-7990.341650992437,0.47674663802476763,1.9245993669568728
202,Target-calibrated associative latent model,True,19,1,-7746.242280303151,0.48196686324241556,2.0392939395123575
202,Modular causal latent SCM,True,19,1,-7748.673816971341,0.48528635713051393,2.0555864229955487
203,Pooled associative latent class model,True,19,3,-7928.6003304936985,0.4945439749272902,2.0077128223209164
203,Target-calibrated associative latent model,True,19,3,-7679.319175040339,0.497767155305272,2.031560049383211
203,Modular causal latent SCM,True,18,0,-7684.114978546612,0.4954324133193463,2.0300415793195685
204,Pooled associative latent class model,True,17,3,-8022.8695123566,0.4940932303443694,1.8936399773389323
204,Target-calibrated associative latent model,True,26,2,-7776.117339115819,0.48166171487486226,1.9570885065188395
204,Modular causal latent SCM,True,22,0,-7780.192662913027,0.4871492028889841,1.951142744180041
205,Pooled associative latent class model,True,15,3,-7921.289013891549,0.4915090619546864,2.0953794336408693
205,Target-calibrated associative latent model,True,19,1,-7627.782240912349,0.4605950566303397,2.1278541458671842
205,Modular causal latent SCM,True,18,1,-7641.02789454218,0.46743808464549286,2.1160266339885387
206,Pooled associative latent class model,True,26,3,-8006.090097701141,0.4828552569042779,1.8948540157705525
206,Target-calibrated associative latent model,True,21,1,-7758.049981840788,0.4772206799554647,1.9323350467580696
206,Modular causal latent SCM,True,21,1,-7761.276657711098,0.476288266897369,1.9254940846866895
207,Pooled associative latent class model,True,29,2,-7983.9427048697125,0.4711437781449388,1.860200519921405
207,Target-calibrated associative latent model,True,25,3,-7747.685868648285,0.4750054851078417,1.9042824450651652
207,Modular causal latent SCM,True,26,2,-7751.656668281263,0.47459908780020377,1.9091726572466154
208,Pooled associative latent class model,True,18,1,-7995.921756573439,0.4977966444810949,1.9418327740599284
208,Target-calibrated associative latent model,True,27,3,-7739.612520684053,0.4936747549656925,2.02200198259342
208,Modular causal latent SCM,True,20,3,-7749.780877714637,0.49460222908741786,2.0154945349628743
209,Pooled associative latent class model,True,34,3,-7980.963562935109,0.491921023913591,1.6074577910837924
209,Target-calibrated associative latent model,True,34,3,-7725.057833694003,0.43984503945783054,1.6943044308480177
209,Modular causal latent SCM,True,33,0,-7731.87189865726,0.4389189711589552,1.6969119505742523
210,Pooled associative latent class model,True,19,2,-8003.715240509678,0.48956763242684204,1.980206494430841
210,Target-calibrated associative latent model,True,14,2,-7734.496799917459,0.4953371619910014,1.888388332768793
210,Modular causal latent SCM,True,19,1,-7741.09775508381,0.4908736575694164,1.8825862907825033
211,Pooled associative latent class model,True,36,2,-8096.701222754658,0.4410710919642684,1.7481206162784297
211,Target-calibrated associative latent model,True,31,0,-7846.127973987277,0.4483013462310038,1.724146610016323
211,Modular causal latent SCM,True,33,3,-7853.984054293456,0.4489875345431124,1.728413722988503
212,Pooled associative latent class model,True,13,2,-8001.210110162519,0.49770553401432366,2.12572502837763
212,Target-calibrated associative latent model,True,15,0,-7752.313614291179,0.4917007497868531,2.2120127950847706
212,Modular causal latent SCM,True,15,0,-7758.8670776261415,0.4901319257691881,2.20703431698377
213,Pooled associative latent class model,True,35,0,-7978.13152725267,0.4266699113731276,1.9023232487219826
213,Target-calibrated associative latent model,True,28,2,-7743.343134070004,0.45347128542223547,1.915238342653315
213,Modular causal latent SCM,True,28,2,-7744.562126198269,0.45977341137163963,1.913103344285008
214,Pooled associative latent class model,True,17,0,-8031.129287869695,0.49971320904788374,1.9100414352840822
214,Target-calibrated associative latent model,True,24,1,-7826.912696569619,0.4711543667890242,1.8984929185071264
214,Modular causal latent SCM,True,24,1,-7830.379632718723,0.47270722222491673,1.9014517572914338
215,Pooled associative latent class model,True,17,0,-7946.321577806186,0.4876204936123514,2.0264881052409014
215,Target-calibrated associative latent model,True,15,0,-7734.704334832541,0.49660998832656406,2.105678030317958
215,Modular causal latent SCM,True,16,3,-7735.533678592874,0.49727731581116263,2.108061118021415
216,Pooled associative latent class model,True,27,1,-7957.5230450965255,0.48837071533570825,1.8189346156265127
216,Target-calibrated associative latent model,True,27,2,-7705.8132877257085,0.4796831803444003,2.0287003442187417
216,Modular causal latent SCM,True,19,0,-7711.603448442576,0.48158006174366264,2.040498027627484
217,Pooled associative latent class model,True,31,2,-8039.20802997528,0.4516398034998085,1.936646885642274
217,Target-calibrated associative latent model,True,24,1,-7808.374284201169,0.46722038260269216,1.9212691690427952
217,Modular causal latent SCM,True,24,0,-7817.291736131852,0.4664199948590655,1.9336700103359452
218,Pooled associative latent class model,True,18,0,-7947.151261902139,0.4831369262074458,1.9101630738162643
218,Target-calibrated associative latent model,True,17,3,-7733.059513279131,0.4875737352803994,1.9807467396811786
218,Modular causal latent SCM,True,22,3,-7737.94368585339,0.4834756231241022,1.9727243388935993
219,Pooled associative latent class model,True,24,0,-8017.102185203216,0.46675346086659486,1.8926113873138037
219,Target-calibrated associative latent model,True,22,2,-7772.645177568381,0.47432150409700286,1.937230083369958
219,Modular causal latent SCM,True,19,0,-7774.428333740316,0.47728154469537504,1.9309758121546308
220,Pooled associative latent class model,True,21,1,-8045.305527945139,0.48895153802339364,1.885508111362562
220,Target-calibrated associative latent model,True,20,1,-7798.463275908114,0.4656268391716787,1.9763541074559272
220,Modular causal latent SCM,True,23,2,-7801.641932986772,0.46692425090477413,1.9817017325666273
221,Pooled associative latent class model,True,29,1,-8017.840333848388,0.4509549806064376,1.8220249842790173
221,Target-calibrated associative latent model,True,26,1,-7756.258032236841,0.4644337429039269,1.9673039792652547
221,Modular causal latent SCM,True,23,2,-7760.85902537951,0.46688245678011664,1.9717996722255058
222,Pooled associative latent class model,True,17,3,-8053.641846430223,0.491062647152342,1.8413131259208226
222,Target-calibrated associative latent model,True,15,2,-7829.173298780055,0.4960092995762891,1.882005967709364
222,Modular causal latent SCM,True,20,1,-7831.0235322654435,0.491408656351425,1.8449120914276491
223,Pooled associative latent class model,True,24,1,-7983.787675833671,0.46468442518155295,2.078868324855723
223,Target-calibrated associative latent model,True,21,3,-7744.955709226851,0.4729422625263826,2.0964011817920634
223,Modular causal latent SCM,True,20,0,-7751.787478584934,0.4714800050895716,2.1109108876638145
224,Pooled associative latent class model,True,27,2,-8025.204672068114,0.4837008877540205,1.9802747759098303
224,Target-calibrated associative latent model,True,24,1,-7770.063080944934,0.4809042110427411,1.9820034006031044
224,Modular causal latent SCM,True,25,1,-7775.60828002935,0.4732935369309775,1.9736431682251985
225,Pooled associative latent class model,True,25,1,-8057.155318318833,0.4707556739277507,1.789274306249239
225,Target-calibrated associative latent model,True,23,1,-7766.682318381681,0.47799568520411423,1.754032206775178
225,Modular causal latent SCM,True,22,1,-7771.986697824734,0.4777300490317555,1.7582701770955098
226,Pooled associative latent class model,True,20,0,-8063.9614197316405,0.49535107328339195,1.8465694245574809
226,Target-calibrated associative latent model,True,19,2,-7791.819750205286,0.4910077605641272,1.9712431083912456
226,Modular causal latent SCM,True,22,3,-7797.84126115445,0.49076758223621214,1.9612867363193298
227,Pooled associative latent class model,True,29,3,-8140.420765349878,0.45192044783330565,1.9742515462451562
227,Target-calibrated associative latent model,True,33,2,-7887.7815465738095,0.42500176490937547,1.9508174194799044
227,Modular causal latent SCM,True,35,2,-7898.971835324321,0.4271204570468072,1.94476583160892
228,Pooled associative latent class model,True,19,0,-8021.807517227204,0.4957143903978258,2.018166820562431
228,Target-calibrated associative latent model,True,18,3,-7801.773225295559,0.49579670612475774,2.062828288135138
228,Modular causal latent SCM,True,15,2,-7807.027264739212,0.4982607862340602,2.0692744319793963
229,Pooled associative latent class model,True,16,0,-7943.282969711912,0.4990942325430905,2.088606352424511
229,Target-calibrated associative latent model,True,20,3,-7731.147945923787,0.4937242830365215,2.1613092241132073
229,Modular causal latent SCM,True,21,3,-7738.282944425322,0.489672233696337,2.162721625674765
230,Pooled associative latent class model,True,22,1,-8017.058558694867,0.47315559704487464,1.9589368657203268
230,Target-calibrated associative latent model,True,20,3,-7757.440840845132,0.4952422940571343,1.9657010025948227
230,Modular causal latent SCM,True,17,3,-7757.888096231061,0.49203740431417803,1.9705870152610452
231,Pooled associative latent class model,True,21,3,-7912.029467538454,0.4919730210920821,1.9208097546066818
231,Target-calibrated associative latent model,True,17,1,-7669.099092114628,0.4932683290182923,2.0112488904433423
231,Modular causal latent SCM,True,14,3,-7670.50818724181,0.4961089480244558,2.0138818203679194
232,Pooled associative latent class model,True,19,1,-7959.750992180143,0.469806935266686,2.020265516934131
232,Target-calibrated associative latent model,True,25,1,-7746.807488429821,0.4391182805033088,2.088506775483403
232,Modular causal latent SCM,True,33,0,-7751.537446957126,0.43661359002848626,2.102523335950789
233,Pooled associative latent class model,True,18,1,-8049.490408658308,0.48667006029959625,1.9885165859536813
233,Target-calibrated associative latent model,True,16,0,-7787.587380478815,0.48521596378115495,2.061921034655863
233,Modular causal latent SCM,True,16,0,-7787.553994585949,0.4871851984224608,2.0655675149072668
234,Pooled associative latent class model,True,25,1,-7965.276834975848,0.47063554850043937,1.9855377346333911
234,Target-calibrated associative latent model,True,20,1,-7722.071715033786,0.4684848543077069,2.0574613700033213
234,Modular causal latent SCM,True,20,1,-7725.724256750637,0.4680635645951857,2.0456039092630602
235,Pooled associative latent class model,True,26,1,-7971.793210725855,0.46503276163797463,2.00887741285288
235,Target-calibrated associative latent model,True,23,1,-7710.919890282471,0.4630208742521099,2.1328035521778155
235,Modular causal latent SCM,True,22,1,-7713.878420715353,0.465886353215884,2.1297908022130514
236,Pooled associative latent class model,True,21,1,-7999.606910080259,0.4745469306938003,1.7876130821524565
236,Target-calibrated associative latent model,True,19,0,-7755.880647899019,0.49887865640359613,1.9119056593791128
236,Modular causal latent SCM,True,19,0,-7762.149316268413,0.49745774777060503,1.922844964504091
237,Pooled associative latent class model,True,24,1,-7982.143314954668,0.459208489204185,2.1394089112278563
237,Target-calibrated associative latent model,True,20,2,-7716.369800239886,0.48011123423206487,2.205372555959342
237,Modular causal latent SCM,True,20,2,-7714.9285552691335,0.4812662196096865,2.2029719755615025
238,Pooled associative latent class model,True,27,1,-8012.323350023706,0.48211141421915754,2.121250510125792
238,Target-calibrated associative latent model,True,25,1,-7771.933292357318,0.46832078598527066,2.1609924513119063
238,Modular causal latent SCM,True,25,1,-7779.416479544171,0.46899244300325404,2.1539006340366216
239,Pooled associative latent class model,True,28,1,-8027.866225631587,0.4566510642828048,2.0535190825044682
239,Target-calibrated associative latent model,True,24,1,-7834.0166549714295,0.4845674316881502,2.013040168600541
239,Modular causal latent SCM,True,24,1,-7839.574195571098,0.483093064754844,2.012717777987401
240,Pooled associative latent class model,True,21,1,-7908.297931053184,0.48460233071348696,1.8656678056371119
240,Target-calibrated associative latent model,True,20,1,-7669.08347591778,0.4689031377942239,1.9622271965754916
240,Modular causal latent SCM,True,24,3,-7676.469300299066,0.469466733431807,1.9628189048001743
241,Pooled associative latent class model,True,22,0,-7949.2344874515,0.49427575551692066,1.8380803218706212
241,Target-calibrated associative latent model,True,17,3,-7728.458605482896,0.4952855326609494,1.927146433174502
241,Modular causal latent SCM,True,20,2,-7735.881736558155,0.49842157037423906,1.9320727377667808
242,Pooled associative latent class model,True,20,1,-8007.977043904471,0.4889650566334942,2.147996722366225
242,Target-calibrated associative latent model,True,16,1,-7759.444046094904,0.4832003258767279,2.1890966813876407
242,Modular causal latent SCM,True,16,1,-7758.927226270583,0.482739942817951,2.1748790140000938
243,Pooled associative latent class model,True,15,3,-7991.062702315732,0.4942029119396179,1.8113027584987105
243,Target-calibrated associative latent model,True,23,0,-7744.66044054234,0.48127442661162295,1.9092967502535496
243,Modular causal latent SCM,True,23,2,-7744.543663118821,0.47880756892036547,1.9154760292214743
244,Pooled associative latent class model,True,32,1,-7934.4735120955975,0.45639655461481426,2.2173699072953146
244,Target-calibrated associative latent model,True,23,1,-7694.357760747787,0.46189280981488817,2.2156440992019517
244,Modular causal latent SCM,True,23,1,-7690.892502115736,0.4609778212524621,2.2208333812240237
245,Pooled associative latent class model,True,24,2,-8038.17959910088,0.47984914685727753,1.832533187642126
245,Target-calibrated associative latent model,True,16,1,-7769.249755056904,0.4947893697501017,1.833316678991083
245,Modular causal latent SCM,True,15,3,-7773.208269399686,0.49728436087785766,1.8413513437161897
246,Pooled associative latent class model,True,27,1,-8027.353516237001,0.46482547413685477,1.74115236529376
246,Target-calibrated associative latent model,True,23,1,-7776.300447790678,0.4694987444906869,1.8755313761474302
246,Modular causal latent SCM,True,23,1,-7784.284941929846,0.4695085255256768,1.878518398840852
247,Pooled associative latent class model,True,27,3,-7992.202440294102,0.4787330127568972,1.9513291293201176
247,Target-calibrated associative latent model,True,22,1,-7758.387487874144,0.45638574136640153,1.9401532675678657
247,Modular causal latent SCM,True,22,1,-7763.513688343084,0.45558404452138046,1.940754479070041
248,Pooled associative latent class model,True,15,0,-7950.391408668131,0.4931957917579157,2.166180011385057
248,Target-calibrated associative latent model,True,18,0,-7732.210765022992,0.48629415048064806,2.162833024601439
248,Modular causal latent SCM,True,18,0,-7734.047856615616,0.4866146706296395,2.157214145028737
249,Pooled associative latent class model,True,28,0,-8007.102600814873,0.45131836152684135,1.881106343064554
249,Target-calibrated associative latent model,True,23,0,-7775.250742770095,0.4579495520511881,1.9352606242559218
249,Modular causal latent SCM,True,22,0,-7776.550564101633,0.4634779868404606,1.9336015924660064
250,Pooled associative latent class model,True,20,1,-7976.775485037255,0.4853611661097702,1.9193017312828418
250,Target-calibrated associative latent model,True,19,1,-7755.052712566398,0.48354096119745876,1.9859827715472425
250,Modular causal latent SCM,True,19,1,-7759.292656894784,0.48202381707364467,1.9830106612359595
251,Pooled associative latent class model,True,23,1,-7942.689098385462,0.4799834485654575,1.8086323988972772
251,Target-calibrated associative latent model,True,24,2,-7689.485767110476,0.49112926081459135,1.95855006786929
251,Modular causal latent SCM,True,21,1,-7698.272943432999,0.48700678425108196,1.9563426216114883
252,Pooled associative latent class model,True,26,2,-8000.693425087158,0.4928220470251992,1.7607721429640515
252,Target-calibrated associative latent model,True,18,1,-7733.619243648653,0.4835946466992848,1.884470768366218
252,Modular causal latent SCM,True,18,1,-7742.352868285846,0.4811386891151512,1.8882356869708468
253,Pooled associative latent class model,True,18,3,-7949.7507468082185,0.48106840730367056,2.022925022836756
253,Target-calibrated associative latent model,True,20,2,-7703.077077959165,0.483876445664746,2.0457296884846445
253,Modular causal latent SCM,True,18,0,-7710.374591504505,0.4849303939136815,2.0341541212282856
254,Pooled associative latent class model,True,14,0,-7941.242950082826,0.4988175931428067,1.9620231755911133
254,Target-calibrated associative latent model,True,13,0,-7694.2001091788115,0.4946993998021274,2.0381961409858373
254,Modular causal latent SCM,True,13,0,-7698.601261457933,0.4940117536363273,2.036572832791288
255,Pooled associative latent class model,True,14,3,-8097.570519891031,0.4884692882517085,1.9231515154772818
255,Target-calibrated associative latent model,True,22,3,-7841.834372982876,0.4797073359761005,2.068050273406847
255,Modular causal latent SCM,True,19,1,-7842.012914688717,0.48652129793579485,2.0274941087356306
256,Pooled associative latent class model,True,24,1,-8007.246006791093,0.48225394670587046,1.8511526622508234
256,Target-calibrated associative latent model,True,20,0,-7750.1566381809025,0.49938544852609623,2.062497810633561
256,Modular causal latent SCM,True,15,2,-7756.695712533238,0.49684734265018743,2.0308829919686087
257,Pooled associative latent class model,True,29,1,-7915.825997432402,0.48326321897574626,1.7264865836885999
257,Target-calibrated associative latent model,True,23,2,-7686.101124751976,0.48952382129344757,1.8319130307376064
257,Modular causal latent SCM,True,24,1,-7688.754206187174,0.4902987026228297,1.7884168061404502
258,Pooled associative latent class model,True,21,2,-7971.066071898751,0.4813500782379993,2.2971325247982035
258,Target-calibrated associative latent model,True,21,1,-7722.5135729312,0.47360527975472483,2.3248057800772797
258,Modular causal latent SCM,True,20,1,-7726.002242570194,0.47625423681083195,2.3292137061723412
259,Pooled associative latent class model,True,24,0,-8071.867953745121,0.46025010782121034,1.9605820351582337
259,Target-calibrated associative latent model,True,21,3,-7812.889211591866,0.49468971726935845,2.03587622610344
259,Modular causal latent SCM,True,20,3,-7816.025006761054,0.49220932908913356,2.033284386167611
260,Pooled associative latent class model,True,22,3,-8048.736666983623,0.49285482015487103,2.1245157612895325
260,Target-calibrated associative latent model,True,19,2,-7794.733076882267,0.4848901455468216,2.1432764642391824
260,Modular causal latent SCM,True,18,1,-7794.895408524128,0.4844643328549619,2.1413945556783185
261,Pooled associative latent class model,True,29,1,-7922.131765850784,0.4436666985418885,1.8538708248269802
261,Target-calibrated associative latent model,True,21,2,-7688.030840958699,0.47313794288553757,2.0364277190155553
261,Modular causal latent SCM,True,22,0,-7691.909874495091,0.4730291891528502,2.022144991563815
262,Pooled associative latent class model,True,15,0,-7925.577041212873,0.4978850685226468,2.072547484755129
262,Target-calibrated associative latent model,True,18,3,-7729.622534090107,0.4753308067574312,2.092405879188208
262,Modular causal latent SCM,True,18,2,-7736.801303421322,0.47894410275963833,2.114750598135026
263,Pooled associative latent class model,True,35,3,-8019.728526163485,0.4731855319326406,1.897615398145451
263,Target-calibrated associative latent model,True,29,3,-7802.61886274937,0.4762173801368219,1.9267830503308503
263,Modular causal latent SCM,True,25,2,-7803.7239177677275,0.4747206095496183,1.9305850611494493
264,Pooled associative latent class model,True,23,1,-8058.760066254254,0.47109366451318324,1.9360235922029134
264,Target-calibrated associative latent model,True,20,1,-7804.1992561898915,0.460428809507584,1.9416864273886443
264,Modular causal latent SCM,True,20,1,-7806.7626768674545,0.4600606049129186,1.939943991140264
265,Pooled associative latent class model,True,19,2,-8040.729152905449,0.4959907712682842,1.8598635950789224
265,Target-calibrated associative latent model,True,19,0,-7811.203708661316,0.4987116112810496,1.8717810050304444
265,Modular causal latent SCM,True,19,3,-7817.558567254546,0.49833435697302814,1.8469219679176097
266,Pooled associative latent class model,True,13,0,-7912.742276576117,0.49674482898256855,2.19361792675995
266,Target-calibrated associative latent model,True,12,0,-7693.954003267441,0.4961465719048609,2.260414412014536
266,Modular causal latent SCM,True,13,0,-7698.790206394812,0.4954223905808734,2.26465324153979
267,Pooled associative latent class model,True,20,1,-7922.268470442798,0.4867381781393434,2.0200124112008
267,Target-calibrated associative latent model,True,17,1,-7702.464940243515,0.4925272452212094,2.0801996675188894
267,Modular causal latent SCM,True,14,2,-7704.312540941161,0.4952973032066657,2.08569634766958
268,Pooled associative latent class model,True,27,1,-7934.021419588744,0.4661621166692532,2.009555825614676
268,Target-calibrated associative latent model,True,17,0,-7694.844465555454,0.48338443622939303,2.0900356213585534
268,Modular causal latent SCM,True,18,0,-7702.977486929146,0.4773852758092895,2.0815188830397133
269,Pooled associative latent class model,True,22,2,-8021.4603770173435,0.48805137221516365,1.9297013710124054
269,Target-calibrated associative latent model,True,22,1,-7773.592197398141,0.49001404808890425,2.0462406772145814
269,Modular causal latent SCM,True,19,3,-7779.645976302197,0.49427237370095994,2.0784820281793785
270,Pooled associative latent class model,True,24,1,-7971.08455999516,0.45773604330256074,2.2768237353996357
270,Target-calibrated associative latent model,True,20,1,-7717.840288490135,0.4863182139644434,2.3211385725360367
270,Modular causal latent SCM,True,20,1,-7723.486004857328,0.4845114596243915,2.300202012941658
271,Pooled associative latent class model,True,33,1,-7989.773572892131,0.45018668622960206,1.9372311503847501
271,Target-calibrated associative latent model,True,30,1,-7775.208230327076,0.44122150456462933,2.027320616960447
271,Modular causal latent SCM,True,30,1,-7776.604135191359,0.44170368381162184,2.0297190431007137
272,Pooled associative latent class model,True,17,0,-8069.782661916208,0.49632089739433316,1.9381260660624284
272,Target-calibrated associative latent model,True,22,1,-7798.696677838936,0.4800064316160326,1.9476186870398382
272,Modular causal latent SCM,True,22,1,-7806.393430010519,0.48165110944604167,1.9675215670655712
273,Pooled associative latent class model,True,26,2,-8049.481443430581,0.4709953114526321,1.7927989075908455
273,Target-calibrated associative latent model,True,21,1,-7826.954493167389,0.4795991197582927,1.9327029612420121
273,Modular causal latent SCM,True,21,1,-7826.119461438499,0.483154603185207,1.9595297020800024
274,Pooled associative latent class model,True,18,3,-8009.417946635578,0.4812785260794789,2.1284252174608813
274,Target-calibrated associative latent model,True,20,1,-7791.09442403715,0.49896773724562354,2.146705511206531
274,Modular causal latent SCM,True,17,0,-7793.981828626596,0.4985413073911609,2.1820469415111274
275,Pooled associative latent class model,True,21,1,-7893.108190054816,0.45362297632682447,1.7846201870218608
275,Target-calibrated associative latent model,True,16,1,-7647.943288654893,0.49500550073309063,1.9509793604883707
275,Modular causal latent SCM,True,22,2,-7653.399294759814,0.4992281686310252,1.9769926395013613
276,Pooled associative latent class model,True,18,0,-7971.973259501414,0.4944267714525847,1.9941600434716087
276,Target-calibrated associative latent model,True,20,0,-7732.150825619508,0.48041267431940726,2.0475164005866917
276,Modular causal latent SCM,True,20,0,-7735.086914586518,0.48026141753921464,2.046672271014364
277,Pooled associative latent class model,True,29,1,-8014.811204494372,0.44684263617133557,1.8648623541288853
277,Target-calibrated associative latent model,True,21,1,-7754.731076329541,0.46356680581961984,1.9528060946129977
277,Modular causal latent SCM,True,21,1,-7755.85830990389,0.46362914986005466,1.9778223451550203
278,Pooled associative latent class model,True,30,2,-7971.1987594167995,0.4760509765378424,1.8431235623251558
278,Target-calibrated associative latent model,True,19,1,-7746.805183689867,0.4824246198929686,1.9080457958118477
278,Modular causal latent SCM,True,20,1,-7753.468661970496,0.48097104362231874,1.9074832056369924
279,Pooled associative latent class model,True,19,0,-8062.910390164696,0.4793261218322905,1.8608701543834338
279,Target-calibrated associative latent model,True,24,3,-7828.2881753613865,0.46398209621658576,1.934840232009849
279,Modular causal latent SCM,True,24,2,-7838.31522230719,0.47352346629117353,1.9153695388440366
280,Pooled associative latent class model,True,21,3,-8024.7870205873,0.4810262268869037,1.9713515060064986
280,Target-calibrated associative latent model,True,20,2,-7786.509837456547,0.477242540770626,1.9946128894225013
280,Modular causal latent SCM,True,18,0,-7791.7748584097635,0.48220401653568074,1.993621777215309
281,Pooled associative latent class model,True,21,0,-7949.594807045022,0.48899179938200443,1.7876460627171633
281,Target-calibrated associative latent model,True,24,3,-7729.743329116864,0.4869263747081008,1.834330581102026
281,Modular causal latent SCM,True,23,3,-7731.349330651223,0.48601251115405886,1.8337258939010295
282,Pooled associative latent class model,True,15,0,-8086.067143083455,0.4939984874105474,2.097509796974423
282,Target-calibrated associative latent model,True,20,2,-7810.296969311175,0.4930731276014887,2.1549595773499868
282,Modular causal latent SCM,True,18,2,-7811.7206317448445,0.49272108416961524,2.153548857969092
283,Pooled associative latent class model,True,12,3,-8126.639675777091,0.49822183658208996,1.950001264605632
283,Target-calibrated associative latent model,True,16,1,-7880.528839308945,0.48738400174387386,1.9418950524717729
283,Modular causal latent SCM,True,16,1,-7882.065642133452,0.4874017686460216,1.9458165206169422
284,Pooled associative latent class model,True,27,1,-7999.813649751779,0.4622627958334816,1.9693019133853373
284,Target-calibrated associative latent model,True,25,1,-7763.205819971148,0.46372314944967236,2.014386664359711
284,Modular causal latent SCM,True,25,1,-7766.463251950076,0.4594380833100518,2.0168413885044267
285,Pooled associative latent class model,True,26,1,-8019.993154618684,0.4474884000303284,1.8594383859491517
285,Target-calibrated associative latent model,True,27,2,-7749.5518736959275,0.4898722507383099,1.878682673017098
285,Modular causal latent SCM,True,9,3,-7756.711327695535,0.49262598817335684,1.8514803457448337
286,Pooled associative latent class model,True,25,1,-8056.078970606981,0.47059331795663767,2.0268988164325563
286,Target-calibrated associative latent model,True,22,1,-7826.515033248343,0.474776479401695,2.167529357244951
286,Modular causal latent SCM,True,22,1,-7829.17863219053,0.47936733974842094,2.174766226402339
287,Pooled associative latent class model,True,15,0,-7961.69413920476,0.4874978096032554,2.0142175645581797
287,Target-calibrated associative latent model,True,15,0,-7737.668922971921,0.4989211057371919,2.116486367231097
287,Modular causal latent SCM,True,20,1,-7746.227857420639,0.4944561397014393,2.090783241702451
288,Pooled associative latent class model,True,16,3,-8017.497821912037,0.49595154486341764,1.9017609562306705
288,Target-calibrated associative latent model,True,25,2,-7794.292044095555,0.48669389358980153,1.9196850823825158
288,Modular causal latent SCM,True,17,0,-7798.364222264093,0.4927282048391845,1.9191158585990533
289,Pooled associative latent class model,True,25,2,-7995.644533777139,0.4999161570601645,1.844484053899008
289,Target-calibrated associative latent model,True,26,1,-7771.860519344692,0.47943431421395355,1.8906288096695358
289,Modular causal latent SCM,True,25,3,-7773.851269761313,0.48383548015393935,1.9289201860232752
290,Pooled associative latent class model,True,28,0,-8026.68980906285,0.450722943931534,1.946459856351234
290,Target-calibrated associative latent model,True,21,2,-7797.549051185442,0.4713778492572514,1.9769096738541543
290,Modular causal latent SCM,True,21,3,-7805.890968896152,0.47021707919536043,1.983031947529174
291,Pooled associative latent class model,True,27,1,-7931.316841341973,0.4742174109512262,1.8074379551465873
291,Target-calibrated associative latent model,True,24,1,-7689.892809685218,0.47098709882055945,1.917171846260823
291,Modular causal latent SCM,True,25,1,-7692.233490982311,0.46843947169737427,1.9096923177113858
292,Pooled associative latent class model,True,24,1,-8003.6639790812615,0.4760435127930546,1.906560449589173
292,Target-calibrated associative latent model,True,20,0,-7763.4216995336055,0.4745176265974992,2.018558594803402
292,Modular causal latent SCM,True,20,0,-7766.814690560293,0.4733057760827599,2.0219035448554763
293,Pooled associative latent class model,True,20,1,-7962.7630016047615,0.4824732152605227,2.0023712862385974
293,Target-calibrated associative latent model,True,19,1,-7723.681409153111,0.48664971765539755,2.102618000172484
293,Modular causal latent SCM,True,19,3,-7730.239965797278,0.48384059095198495,2.1114426533414785
294,Pooled associative latent class model,True,33,1,-8017.46600800131,0.46226113407527547,1.9933808805025715
294,Target-calibrated associative latent model,True,23,2,-7762.696650981822,0.47666542014601576,2.062648373884549
294,Modular causal latent SCM,True,27,1,-7765.057022999225,0.47543118508847027,2.0602849088555772
295,Pooled associative latent class model,True,23,3,-7998.429465484147,0.47673466205372966,2.0128811742565187
295,Target-calibrated associative latent model,True,19,0,-7725.879267078146,0.4877532104777726,2.0217456231736053
295,Modular causal latent SCM,True,19,0,-7726.006450010298,0.48633837106835104,2.026113230822539
296,Pooled associative latent class model,True,21,3,-8019.941713794995,0.46635734279329993,2.024739545024619
296,Target-calibrated associative latent model,True,23,3,-7791.125457688202,0.4877549819130815,1.9976895607709628
296,Modular causal latent SCM,True,19,0,-7802.189276323884,0.4817315386292596,1.9998340511963792
297,Pooled associative latent class model,True,22,0,-8032.56438204427,0.4751070592247971,1.7362939285097854
297,Target-calibrated associative latent model,True,24,3,-7825.44179487375,0.48788319304948236,1.7599796225207087
297,Modular causal latent SCM,True,22,1,-7833.994521446221,0.48592743545657874,1.7586088421573465
298,Pooled associative latent class model,True,25,2,-7931.208403782981,0.4680040678439422,2.008830718644927
298,Target-calibrated associative latent model,True,15,0,-7732.560387983551,0.4962782938879881,2.112884544726293
298,Modular causal latent SCM,True,19,2,-7741.166393454788,0.4936732871990995,2.1070906735741435
299,Pooled associative latent class model,True,19,0,-8087.241332666234,0.4838178644290509,2.0098291861725253
299,Target-calibrated associative latent model,True,20,0,-7811.536472104505,0.480127832887225,1.9509747489687606
299,Modular causal latent SCM,True,20,0,-7814.024815486598,0.47788298598076634,1.9639669705724256
300,Pooled associative latent class model,True,22,1,-7985.646957835455,0.4894579222264349,1.9666442346673318
300,Target-calibrated associative latent model,True,19,3,-7753.150639353996,0.4981013105028925,2.0385246753643678
300,Modular causal latent SCM,True,19,1,-7757.854793470526,0.4969956760730983,2.0048459309675226
301,Pooled associative latent class model,True,23,3,-8023.827717513572,0.49854264144272153,1.9190753950793602
301,Target-calibrated associative latent model,True,19,1,-7789.7858879211235,0.4827402414859,1.9319268366448998
301,Modular causal latent SCM,True,19,1,-7797.022743784224,0.48057324879425084,1.9367293400603245
302,Pooled associative latent class model,True,24,1,-7999.4764279266265,0.4812961067848423,1.938842434963825
302,Target-calibrated associative latent model,True,21,1,-7754.314955677775,0.48841523359972594,1.97923216442987
302,Modular causal latent SCM,True,17,3,-7759.2503199376515,0.48632682005672684,1.9709489772659927
303,Pooled associative latent class model,True,30,2,-7949.198882900471,0.4799814277588824,2.054926339896375
303,Target-calibrated associative latent model,True,17,0,-7705.737681035838,0.49783302793168843,2.13582430915059
303,Modular causal latent SCM,True,20,3,-7711.974163927516,0.4996164340166225,2.086053121421886
304,Pooled associative latent class model,True,37,3,-8105.963970293816,0.48555737806674554,2.033871527732769
304,Target-calibrated associative latent model,True,21,0,-7865.730598000735,0.47975589996482,2.0851915799241088
304,Modular causal latent SCM,True,21,0,-7869.7878064305805,0.4779047741560835,2.094489883893029
305,Pooled associative latent class model,True,35,0,-7938.098412649108,0.4153963347586723,2.124358698842814
305,Target-calibrated associative latent model,True,30,2,-7704.893111257377,0.4374436394945572,2.124324946498554
305,Modular causal latent SCM,True,29,1,-7706.14512544664,0.4388777047455546,2.1272711741369092
306,Pooled associative latent class model,True,37,1,-7972.725222137917,0.40567250235245966,1.961381812024655
306,Target-calibrated associative latent model,True,30,3,-7735.537851034921,0.42327339041768774,2.031706514053854
306,Modular causal latent SCM,True,38,3,-7741.226807935787,0.41929242275970724,2.02830843378975
307,Pooled associative latent class model,True,19,3,-8082.595952366944,0.4792836316427512,2.07035604844131
307,Target-calibrated associative latent model,True,25,2,-7848.948951328184,0.4784679882627389,2.137969492518021
307,Modular causal latent SCM,True,19,3,-7853.829250786455,0.4797702784581639,2.1626622453907394
308,Pooled associative latent class model,True,27,1,-7995.28069338653,0.4604825267625276,1.7753883681156561
308,Target-calibrated associative latent model,True,18,1,-7760.511301452518,0.4885832779493266,1.8571992309583116
308,Modular causal latent SCM,True,18,1,-7763.084501124984,0.48796936191716483,1.8675702966094698
309,Pooled associative latent class model,True,25,1,-7981.386059017455,0.4558942920133817,2.030875914399463
309,Target-calibrated associative latent model,True,19,3,-7778.545429836095,0.4668444455890411,2.098560764070859
309,Modular causal latent SCM,True,23,1,-7782.648305363717,0.466816229688273,2.0813245948279553
310,Pooled associative latent class model,True,37,3,-8023.592319430676,0.4136792054176133,2.06390678834775
310,Target-calibrated associative latent model,True,36,1,-7747.102928340069,0.41699426571565307,2.073740068329458
310,Modular causal latent SCM,True,31,0,-7751.011092851831,0.41830102191491314,2.0704165715169975
311,Pooled associative latent class model,True,28,2,-7931.108536568161,0.4661892209773654,1.9421818794535015
311,Target-calibrated associative latent model,True,26,3,-7743.956837668344,0.4710007795428785,2.0005862260864564
311,Modular causal latent SCM,True,26,3,-7747.3964060456265,0.473189860890619,1.9916790597338585
312,Pooled associative latent class model,True,28,0,-7966.428486165933,0.44925138652172514,2.09969606719097
312,Target-calibrated associative latent model,True,26,3,-7762.913552402804,0.46235850279725815,2.1167266778485647
312,Modular causal latent SCM,True,20,0,-7765.735941378634,0.4645317939776594,2.113223753559638
313,Pooled associative latent class model,True,23,1,-8018.16141586457,0.4852518642052171,1.8726277771530866
313,Target-calibrated associative latent model,True,15,0,-7782.698760832882,0.4993718189239179,2.0005139912613448
313,Modular causal latent SCM,True,15,0,-7786.098258766087,0.49950374391413627,2.003154583057891
314,Pooled associative latent class model,True,20,3,-8074.364416675457,0.49718247334075105,1.9252510566014585
314,Target-calibrated associative latent model,True,17,0,-7820.564029658975,0.48784381723871395,1.9717854966540538
314,Modular causal latent SCM,True,17,0,-7824.185528943761,0.4893320781687291,1.9707201456535568
315,Pooled associative latent class model,True,24,2,-7894.836155443983,0.4836182118033262,1.8817654146806757
315,Target-calibrated associative latent model,True,18,1,-7665.77847571176,0.4853929583860288,1.9320559882881745
315,Modular causal latent SCM,True,18,1,-7668.950301169429,0.4835918004847969,1.9116052714612088
316,Pooled associative latent class model,True,9,2,-7971.308968511847,0.4974430278311361,1.583324867290364
316,Target-calibrated associative latent model,True,22,1,-7713.1565290403305,0.4812610860762907,1.683884335294394
316,Modular causal latent SCM,True,21,1,-7718.61696683412,0.4859340860719229,1.7110841695407581
317,Pooled associative latent class model,True,16,0,-7967.281928565354,0.4892310997988794,1.9593864889302752
317,Target-calibrated associative latent model,True,18,0,-7736.478182619598,0.4767939105445799,1.9957571890292725
317,Modular causal latent SCM,True,21,3,-7737.746823189496,0.4712169061266276,1.9958720766773208
318,Pooled associative latent class model,True,41,1,-8032.231640608138,0.4056242813889417,1.9508167985533664
318,Target-calibrated associative latent model,True,27,3,-7795.659505571807,0.4380200129525493,1.9948901251820594
318,Modular causal latent SCM,True,30,3,-7799.707348050251,0.43657262293946264,1.98808691906541
319,Pooled associative latent class model,True,24,1,-8054.997427004815,0.4718894751519468,1.8210356018829996
319,Target-calibrated associative latent model,True,22,1,-7803.418209523338,0.46149956734847114,1.9189409360634517
319,Modular causal latent SCM,True,23,1,-7807.082249107867,0.4574198281041912,1.9104737139868708
320,Pooled associative latent class model,True,19,0,-8037.517765169627,0.481441541069944,2.0580672402848954
320,Target-calibrated associative latent model,True,23,1,-7778.528164190601,0.4729458359939455,2.0314794323360994
320,Modular causal latent SCM,True,23,2,-7780.265866670595,0.4705813938931169,2.0780939426334424
321,Pooled associative latent class model,True,23,0,-7971.435830468139,0.47296068816560516,1.882567236714341
321,Target-calibrated associative latent model,True,23,3,-7746.540337156366,0.47966307791032037,1.944161145147623
321,Modular causal latent SCM,True,17,2,-7747.976533521245,0.48069997395318054,1.9693194411410593
322,Pooled associative latent class model,True,24,2,-7993.1760200071185,0.4718110716798279,2.0510578854821615
322,Target-calibrated associative latent model,True,18,2,-7710.560802073721,0.4831826821293978,2.131999181144846
322,Modular causal latent SCM,True,19,0,-7723.282210193652,0.4776748120466231,2.132194056681591
323,Pooled associative latent class model,True,18,0,-7993.779654125375,0.4975132158612299,2.030916297951112
323,Target-calibrated associative latent model,True,19,2,-7750.6073653253925,0.4799975510505136,2.1490717229046137
323,Modular causal latent SCM,True,21,2,-7753.952934858005,0.47932681567995966,2.1434522167673027
324,Pooled associative latent class model,True,27,2,-7978.060163470629,0.4809370018195918,1.8061762368879943
324,Target-calibrated associative latent model,True,29,3,-7769.062440752901,0.48600437947218267,1.9136186382483544
324,Modular causal latent SCM,True,24,3,-7774.7141988650055,0.4863450129826675,1.926800145905425
325,Pooled associative latent class model,True,39,2,-8014.893215031499,0.4207074091678704,1.7897738983985425
325,Target-calibrated associative latent model,True,31,0,-7760.037270780938,0.4370393080772396,1.886373420197871
325,Modular causal latent SCM,True,30,3,-7763.226618646038,0.4399574890696332,1.8909919486903732
326,Pooled associative latent class model,True,30,1,-8007.485036542351,0.46073961893835835,1.9506655578284895
326,Target-calibrated associative latent model,True,24,1,-7793.363260675878,0.48031314635769035,2.0699822994293378
326,Modular causal latent SCM,True,25,1,-7794.71951898788,0.47958791955976987,2.082930361565529
327,Pooled associative latent class model,True,29,1,-7952.592711352295,0.46746971464313103,1.9477099875608823
327,Target-calibrated associative latent model,True,28,1,-7696.584738784462,0.46962456662825336,1.9016742839841185
327,Modular causal latent SCM,True,28,1,-7703.081152448408,0.46806631034612856,1.8977405670301106
328,Pooled associative latent class model,True,26,2,-7971.419775258192,0.4781841812483823,1.8449627199804186
328,Target-calibrated associative latent model,True,21,0,-7739.588026336745,0.47552351355802214,1.9760702677673248
328,Modular causal latent SCM,True,21,2,-7740.095993948943,0.4758822529093142,1.980830025934491
329,Pooled associative latent class model,True,22,3,-7894.072246864297,0.46939471167222513,2.0401494496084376
329,Target-calibrated associative latent model,True,23,3,-7665.0976181279675,0.46605626795904453,2.0908443947482844
329,Modular causal latent SCM,True,24,2,-7663.242997695694,0.4709501904318588,2.0710377984385566
330,Pooled associative latent class model,True,19,3,-7975.915672900311,0.4823684550208997,1.9585776357586149
330,Target-calibrated associative latent model,True,12,2,-7700.799569158211,0.4983988090672316,2.019092331522286
330,Modular causal latent SCM,True,12,2,-7703.866161214768,0.4994248008505096,1.9980452472673735
331,Pooled associative latent class model,True,21,0,-8055.379167730727,0.4709275777787948,1.8762972083551528
331,Target-calibrated associative latent model,True,18,0,-7802.504700391557,0.4899671439086361,1.9901583107016938
331,Modular causal latent SCM,True,19,0,-7809.957777089526,0.48724430838500743,1.990117712784465
332,Pooled associative latent class model,True,18,0,-7893.157224035487,0.49774791140666036,1.903782721614962
332,Target-calibrated associative latent model,True,24,1,-7672.3274521513895,0.4599081893959097,1.8938263940661688
332,Modular causal latent SCM,True,24,1,-7677.482870067684,0.46121450128741787,1.9008115718122842
333,Pooled associative latent class model,True,24,0,-7930.159675997744,0.4688083291753402,2.052230023011571
333,Target-calibrated associative latent model,True,21,2,-7699.5245038026915,0.4730146490691873,2.11950050648866
333,Modular causal latent SCM,True,25,1,-7701.717565503975,0.4749022738357754,2.101856604783523
334,Pooled associative latent class model,True,15,0,-8002.142548609278,0.495087632037471,2.2132346054518948
334,Target-calibrated associative latent model,True,18,1,-7779.088287259789,0.48024093287156977,2.137913348062219
334,Modular causal latent SCM,True,18,1,-7781.545814118563,0.4786342447817709,2.1376183649222176
335,Pooled associative latent class model,True,23,1,-8075.602708128484,0.4880496858297594,2.001499703238151
335,Target-calibrated associative latent model,True,25,2,-7871.770718810748,0.48235803347668327,2.014705155326463
335,Modular causal latent SCM,True,21,0,-7874.813154625279,0.48524990749052666,2.015352546755206
336,Pooled associative latent class model,True,21,1,-8062.4452125331245,0.486003084720017,2.0894798513148123
336,Target-calibrated associative latent model,True,20,3,-7838.265866077635,0.492505800942538,2.0996354644899893
336,Modular causal latent SCM,True,22,2,-7840.133440482761,0.4921779690232733,2.0942368463691228
337,Pooled associative latent class model,True,24,1,-7958.443875757449,0.46874033821923583,1.7044753087857032
337,Target-calibrated associative latent model,True,26,3,-7700.928827094001,0.46811865905187056,1.8076115752192008
337,Modular causal latent SCM,True,24,2,-7702.225344552249,0.4682349323208371,1.8170643785103406
338,Pooled associative latent class model,True,21,1,-7965.7220967513,0.46603959126809225,1.7595271950668705
338,Target-calibrated associative latent model,True,19,1,-7728.556911019787,0.465368028961289,1.89504622056297
338,Modular causal latent SCM,True,18,1,-7731.987056701037,0.4684699813301292,1.889140577451509
339,Pooled associative latent class model,True,27,3,-8041.776949351074,0.4561189856097284,2.09011724372802
339,Target-calibrated associative latent model,True,22,1,-7810.935382019367,0.46180966427267617,2.1446314543121123
339,Modular causal latent SCM,True,21,1,-7817.651466577489,0.46524965411572705,2.12739089088836
340,Pooled associative latent class model,True,39,3,-8045.679696168889,0.4519908819449519,1.8863477389694183
340,Target-calibrated associative latent model,True,37,3,-7804.281160853756,0.4429862997538324,1.9467823581104537
340,Modular causal latent SCM,True,28,2,-7808.95563873221,0.4475212706335779,1.9374670745366331
341,Pooled associative latent class model,True,26,1,-8018.92126785275,0.46326536683161157,2.039123324870509
341,Target-calibrated associative latent model,True,24,2,-7785.584968635542,0.4706774308585457,2.068374272383717
341,Modular causal latent SCM,True,22,0,-7789.8925472057035,0.4720560153387788,2.065256144420369
342,Pooled associative latent class model,True,27,1,-8013.962397481129,0.47168857758260907,1.9886006030862593
342,Target-calibrated associative latent model,True,28,1,-7779.977675484672,0.44761094053252487,2.0796094827408624
342,Modular causal latent SCM,True,30,3,-7779.654737841634,0.446875749393947,2.085794979569315
343,Pooled associative latent class model,True,21,2,-7950.619998972153,0.49236607205321026,1.9469952593778481
343,Target-calibrated associative latent model,True,19,1,-7724.796524034504,0.4806695389126105,2.0372954179329428
343,Modular causal latent SCM,True,19,1,-7733.538964186218,0.47975773089009444,2.0442134586227136
344,Pooled associative latent class model,True,17,0,-8034.341656537311,0.4988060099132435,2.066990276944596
344,Target-calibrated associative latent model,True,22,3,-7801.52138312442,0.4958027409229116,2.0793043955985375
344,Modular causal latent SCM,True,17,0,-7805.9558601134,0.4967642686052467,2.0857260354413203
345,Pooled associative latent class model,True,19,1,-8030.522720286059,0.4748979232280134,1.7279109773621721
345,Target-calibrated associative latent model,True,23,2,-7789.979087712982,0.4873867098939176,1.917256163349677
345,Modular causal latent SCM,True,16,0,-7794.592502265581,0.4868725851820776,1.9143434229208403
346,Pooled associative latent class model,True,35,1,-8024.121792089797,0.40768377752923596,2.202036997594543
346,Target-calibrated associative latent model,True,35,3,-7806.088778755353,0.41014703373648687,2.1415227948689584
346,Modular causal latent SCM,True,37,2,-7819.379611855256,0.4074245443686811,2.1820615704838318
347,Pooled associative latent class model,True,18,3,-7965.765490505846,0.48870186816295946,1.9899577183468273
347,Target-calibrated associative latent model,True,20,1,-7704.981517087731,0.47428380026025163,1.9742761584225712
347,Modular causal latent SCM,True,23,3,-7711.809618341786,0.47042454135740414,2.0112801414272687
348,Pooled associative latent class model,True,33,1,-8019.996957617712,0.4446539870948057,1.9621327880956354
348,Target-calibrated associative latent model,True,29,3,-7726.584538448544,0.4380457141678975,2.0036819769951144
348,Modular causal latent SCM,True,30,0,-7730.2420531822045,0.44010238688066805,2.000664807279288
349,Pooled associative latent class model,True,14,0,-8012.91728577176,0.4935092550687692,2.176895118269071
349,Target-calibrated associative latent model,True,16,0,-7760.9439299619335,0.499816112705895,2.1722547480938186
349,Modular causal latent SCM,True,19,3,-7769.499039243161,0.49357792087472446,2.1234254460845934
350,Pooled associative latent class model,True,23,2,-8051.354018564782,0.48499850198414457,1.8478381569367475
350,Target-calibrated associative latent model,True,22,0,-7806.46619485235,0.4780536144900835,1.9032861539995283
350,Modular causal latent SCM,True,23,3,-7814.674147889778,0.48662576591794415,1.8927661930330841
351,Pooled associative latent class model,True,23,1,-7973.297691608068,0.49727652902564223,2.023454342340088
351,Target-calibrated associative latent model,True,20,1,-7748.219818231075,0.4852234512546219,2.106583643353019
351,Modular causal latent SCM,True,20,1,-7754.604245460827,0.49055349275214805,2.1028355741729046
352,Pooled associative latent class model,True,33,0,-7913.135519728508,0.4444185203922015,1.7830693316042563
352,Target-calibrated associative latent model,True,30,0,-7664.959257901355,0.4328291100006076,1.8618166089474513
352,Modular causal latent SCM,True,30,0,-7671.164021238574,0.4360302916997353,1.8596591658711783
353,Pooled associative latent class model,True,22,1,-8096.3512848102055,0.46331105490486485,1.7645890576104375
353,Target-calibrated associative latent model,True,23,1,-7848.892417604644,0.4508525524635224,1.7962759877744432
353,Modular causal latent SCM,True,23,1,-7852.734570561241,0.4507637512295202,1.7994972382947736
354,Pooled associative latent class model,True,23,3,-7929.552088885674,0.48044646963901555,2.0192681413858677
354,Target-calibrated associative latent model,True,19,0,-7688.6213939342115,0.48031046750009354,2.0463810135932436
354,Modular causal latent SCM,True,18,0,-7692.540058233444,0.48361718917146673,2.048599169407061
355,Pooled associative latent class model,True,27,0,-7826.447887805929,0.4545846331519574,1.916437618849985
355,Target-calibrated associative latent model,True,22,2,-7627.5223560485665,0.4729756908711916,1.9633270987290374
355,Modular causal latent SCM,True,23,3,-7628.6120170354025,0.46824165360142594,1.9721394685848401
356,Pooled associative latent class model,True,19,0,-8014.092378373636,0.4867587487232233,2.117058323409152
356,Target-calibrated associative latent model,True,20,2,-7733.57213968749,0.49498955588310917,2.116672446991381
356,Modular causal latent SCM,True,16,3,-7740.364630194201,0.49695633260570515,2.114382965899984
357,Pooled associative latent class model,True,15,2,-7947.276223193527,0.48815925536686805,1.7282874782625757
357,Target-calibrated associative latent model,True,25,0,-7729.511980553354,0.4737563198094306,1.7862305636632763
357,Modular causal latent SCM,True,22,2,-7738.782434320676,0.4759925370905138,1.770553492492906
358,Pooled associative latent class model,True,44,0,-8035.551631404892,0.39925582222211176,1.893989065954362
358,Target-calibrated associative latent model,True,28,2,-7773.734538979663,0.438786626283274,2.056365535386285
358,Modular causal latent SCM,True,42,2,-7782.25522844164,0.4350782303806514,2.061042579802531
359,Pooled associative latent class model,True,25,2,-7992.381837299503,0.486239875394743,1.6838899566372818
359,Target-calibrated associative latent model,True,24,3,-7780.512385783618,0.48687111803262634,1.8273332014616408
359,Modular causal latent SCM,True,21,0,-7787.0543280498005,0.49282437230964987,1.8367317431095747
360,Pooled associative latent class model,True,23,2,-7963.483138527425,0.4893459518782259,2.0743462981055405
360,Target-calibrated associative latent model,True,20,1,-7774.446887755511,0.4632817831567658,2.0737058066782232
360,Modular causal latent SCM,True,19,1,-7777.914310182807,0.4687283962770387,2.073855930401054
361,Pooled associative latent class model,True,28,1,-8001.200560673189,0.47206331035109,2.1007840704009393
361,Target-calibrated associative latent model,True,20,2,-7742.089506845409,0.4812214397913298,2.1196190682211986
361,Modular causal latent SCM,True,17,3,-7749.687496494713,0.48274130439630086,2.1195284142872177
362,Pooled associative latent class model,True,18,0,-8035.662965752352,0.4847312528963372,1.8445601590706882
362,Target-calibrated associative latent model,True,22,2,-7791.431426897261,0.47650634673214987,1.8824064636934157
362,Modular causal latent SCM,True,20,3,-7795.431864044338,0.48049564059831557,1.9066292380896204
363,Pooled associative latent class model,True,17,2,-7845.663600886477,0.48101699034449896,2.251381380295629
363,Target-calibrated associative latent model,True,19,3,-7618.5082368953945,0.4785045835250292,2.30369701465253
363,Modular causal latent SCM,True,17,0,-7622.7886106358965,0.4832620405580485,2.2820878821993986
364,Pooled associative latent class model,True,29,1,-7939.531603258087,0.4356621782255646,1.7765458803631198
364,Target-calibrated associative latent model,True,25,2,-7666.119578906619,0.4629803012738145,1.9229029632382162
364,Modular causal latent SCM,True,24,0,-7668.152446450015,0.4654365856152068,1.9084996991412266
365,Pooled associative latent class model,True,19,1,-8053.6511425873705,0.48411806329527357,1.9497242283437164
365,Target-calibrated associative latent model,True,23,3,-7828.738634135323,0.47319525185355354,1.979578620743985
365,Modular causal latent SCM,True,22,3,-7831.585267111469,0.47509949766497256,1.9836220119659163
366,Pooled associative latent class model,True,22,1,-7968.633194044634,0.48116750515577345,1.8257574510837613
366,Target-calibrated associative latent model,True,18,1,-7715.9080161568345,0.4902069263655657,1.9095180908165539
366,Modular causal latent SCM,True,18,1,-7721.15310261654,0.4874688657121393,1.9045109824268036
367,Pooled associative latent class model,True,23,2,-8013.5054476624155,0.47447484971215975,2.190712067793852
367,Target-calibrated associative latent model,True,23,1,-7766.445172659745,0.480685214478387,2.241885302061636
367,Modular causal latent SCM,True,23,1,-7773.333482768756,0.4812672641058383,2.2488073630509593
368,Pooled associative latent class model,True,25,1,-8025.275840498849,0.4589695763122514,1.7514489542449798
368,Target-calibrated associative latent model,True,21,1,-7809.51939495755,0.4658263515685621,1.7939241884517223
368,Modular causal latent SCM,True,20,1,-7811.417955586587,0.4688827500499196,1.806759788890984
369,Pooled associative latent class model,True,21,3,-8091.842595363572,0.48589280753103453,1.9676721341083083
369,Target-calibrated associative latent model,True,19,0,-7895.259009468238,0.49574267864360244,2.009958505350918
369,Modular causal latent SCM,True,20,3,-7899.443214924994,0.49060208870479777,2.001321482498214
370,Pooled associative latent class model,True,16,3,-8006.325638064173,0.494526643688512,1.8041138440326874
370,Target-calibrated associative latent model,True,23,2,-7758.449776633567,0.4843644634846017,1.9671553018345826
370,Modular causal latent SCM,True,23,3,-7763.360380357546,0.48406705509832837,1.9514342709005796
371,Pooled associative latent class model,True,16,0,-7989.686780580269,0.4904921960088315,2.0343947272931278
371,Target-calibrated associative latent model,True,20,3,-7773.559092558939,0.48429206897850324,2.1439953055926084
371,Modular causal latent SCM,True,21,3,-7782.043951275119,0.4823167134799261,2.145888976887769
372,Pooled associative latent class model,True,26,1,-8014.1534142617875,0.4773939407876795,1.9171237339418457
372,Target-calibrated associative latent model,True,30,2,-7802.091536480817,0.46187172310839797,1.858838371218814
372,Modular causal latent SCM,True,24,1,-7805.43010647705,0.4670741253559311,1.847115855271019
373,Pooled associative latent class model,True,22,2,-7966.193259136206,0.4742604813309199,2.038039896126794
373,Target-calibrated associative latent model,True,21,1,-7754.449197528422,0.4721299763737629,1.9699210033947476
373,Modular causal latent SCM,True,21,1,-7769.698503330758,0.4688454403981109,1.9393408228957236
374,Pooled associative latent class model,True,22,2,-8027.036816163784,0.4958741161380404,2.043720414797186
374,Target-calibrated associative latent model,True,21,2,-7773.283156958126,0.4802639052613992,2.0175707212202285
374,Modular causal latent SCM,True,19,0,-7780.001527107329,0.48534829643138816,2.026258570602864
375,Pooled associative latent class model,True,20,1,-8053.210330755743,0.4815172497037329,1.8842601927846545
375,Target-calibrated associative latent model,True,27,2,-7777.87503353259,0.4918073020686077,2.0378803098679357
375,Modular causal latent SCM,True,23,2,-7782.344159531132,0.4950401843644953,2.0319375181651225
376,Pooled associative latent class model,True,26,3,-8051.400969719938,0.48081863242239364,1.957826980850295
376,Target-calibrated associative latent model,True,13,2,-7815.17599989522,0.4941329942636543,1.9375465757825698
376,Modular causal latent SCM,True,23,3,-7817.37010526853,0.4940612693585096,1.9511051915153699
377,Pooled associative latent class model,True,31,1,-7979.770085367571,0.4709302514426708,1.9451897452502354
377,Target-calibrated associative latent model,True,25,1,-7690.162707888389,0.46403247315856516,2.0727656114551554
377,Modular causal latent SCM,True,25,1,-7695.577292625663,0.46567418648867404,2.079355345158338
378,Pooled associative latent class model,True,24,3,-7906.001765610067,0.4886541633788617,2.038923607531314
378,Target-calibrated associative latent model,True,18,1,-7681.542480351081,0.49778139091253193,2.1078050035618903
378,Modular causal latent SCM,True,18,0,-7685.700095997885,0.4978000648188122,2.142808212374382
379,Pooled associative latent class model,True,23,2,-7901.757830040331,0.4853273630573359,1.8817214393640365
379,Target-calibrated associative latent model,True,26,0,-7638.566649304907,0.4526562987676733,2.01160879476878
379,Modular causal latent SCM,True,23,2,-7646.929604057715,0.46037918901283176,2.0107668574856405
380,Pooled associative latent class model,True,27,1,-8008.350208668077,0.46704381499139497,1.7678822501426348
380,Target-calibrated associative latent model,True,25,1,-7699.842931384483,0.45999299784402103,1.929758011519251
380,Modular causal latent SCM,True,24,1,-7709.676701170129,0.46539163283198914,1.9273650370748152
381,Pooled associative latent class model,True,21,1,-7895.006936700047,0.4753802155854262,1.9777291987230632
381,Target-calibrated associative latent model,True,19,1,-7661.657546105211,0.47956884193106536,2.0772878676876685
381,Modular causal latent SCM,True,19,1,-7666.824715054303,0.4805852127978464,2.0634575360384475
382,Pooled associative latent class model,True,17,0,-7867.672684492718,0.4949070353906379,1.996932565864143
382,Target-calibrated associative latent model,True,19,1,-7607.255960319117,0.4897583772798243,2.0611565295081817
382,Modular causal latent SCM,True,15,2,-7609.752723950577,0.4903491314118463,2.0768079446411973
383,Pooled associative latent class model,True,26,0,-7997.434144314308,0.4580269734474108,1.9226082081963125
383,Target-calibrated associative latent model,True,24,3,-7751.933046677123,0.4546877954556956,1.9090337664756838
383,Modular causal latent SCM,True,23,1,-7753.698386368484,0.45433391836523596,1.9122453433003905
384,Pooled associative latent class model,True,25,2,-8058.742974132783,0.4733712945002818,1.8609570544700862
384,Target-calibrated associative latent model,True,16,0,-7803.4317991805965,0.4921425465386646,1.9261016752596012
384,Modular causal latent SCM,True,16,0,-7805.742082033015,0.4922835055709059,1.9262011132674215
385,Pooled associative latent class model,True,22,1,-8050.401562113478,0.4637754566591671,2.1278554083674392
385,Target-calibrated associative latent model,True,19,1,-7811.858977948149,0.48784500122924007,2.1006342214672546
385,Modular causal latent SCM,True,20,1,-7817.890754472562,0.48370485341868535,2.121032682996222
386,Pooled associative latent class model,True,20,3,-8023.223672420265,0.49708843117819607,2.088119763051846
386,Target-calibrated associative latent model,True,19,2,-7821.490825751863,0.489918924130593,2.138027779443374
386,Modular causal latent SCM,True,17,0,-7822.101901576009,0.4908266058929251,2.1380774278543013
387,Pooled associative latent class model,True,40,0,-7949.685905455344,0.422240349444137,2.0038178627117564
387,Target-calibrated associative latent model,True,31,0,-7712.150848309067,0.44994597871288117,1.9830746917775541
387,Modular causal latent SCM,True,27,1,-7714.768348811954,0.442814725047474,1.9733340055258326
388,Pooled associative latent class model,True,27,1,-7990.212007694552,0.49968248368598817,1.8464177735280076
388,Target-calibrated associative latent model,True,18,0,-7757.013871922817,0.49413933173408864,1.9987302913043754
388,Modular causal latent SCM,True,18,0,-7762.358423043237,0.4964249787556585,1.9869999698388794
389,Pooled associative latent class model,True,30,3,-8022.950389433288,0.4509508195860059,1.9426606072460677
389,Target-calibrated associative latent model,True,21,2,-7820.074968796186,0.4666022037111332,2.0322491981552044
389,Modular causal latent SCM,True,22,0,-7824.299899734815,0.46724496855493763,2.037585620464677
390,Pooled associative latent class model,True,31,3,-8040.325046763468,0.4585361359980626,2.18556757428656
390,Target-calibrated associative latent model,True,26,3,-7821.089524456138,0.4546180718881014,2.2421493368987955
390,Modular causal latent SCM,True,31,2,-7824.852200111205,0.4580888547191978,2.2446238815791104
391,Pooled associative latent class model,True,26,2,-7962.45025565649,0.4862453656661049,2.456663894577076
391,Target-calibrated associative latent model,True,13,0,-7726.145617476154,0.49793730210749015,2.4499432116330224
391,Modular causal latent SCM,True,13,3,-7733.425791681713,0.4999072520935706,2.4514233344782808
392,Pooled associative latent class model,True,18,0,-7969.514328181762,0.4988080478734576,1.9915105282479035
392,Target-calibrated associative latent model,True,12,2,-7750.031306709576,0.4901432722166736,1.9039992502351928
392,Modular causal latent SCM,True,25,3,-7750.300625845897,0.49159290222495194,1.9309225148675906
393,Pooled associative latent class model,True,36,1,-8035.1095007990825,0.44118308320106736,1.7555992786329266
393,Target-calibrated associative latent model,True,27,1,-7802.123357241099,0.4732155457008067,1.8615397185572726
393,Modular causal latent SCM,True,26,1,-7804.659596710566,0.4764312062037804,1.8543397866579456
394,Pooled associative latent class model,True,17,2,-7961.273374462471,0.4981508841626154,2.096221564931301
394,Target-calibrated associative latent model,True,19,1,-7732.216899523859,0.4866619816846065,2.0032935932675833
394,Modular causal latent SCM,True,19,1,-7736.329889658996,0.48807804939019434,2.0176907698308755
395,Pooled associative latent class model,True,21,3,-7953.44866891412,0.4885491597534504,1.8334199357131342
395,Target-calibrated associative latent model,True,19,1,-7735.494125905565,0.47919904988979467,1.9045115019491838
395,Modular causal latent SCM,True,19,1,-7735.97770966924,0.47966870530998046,1.9136527090303903
396,Pooled associative latent class model,True,33,2,-8056.217723133013,0.4419363865422909,2.092061283121844
396,Target-calibrated associative latent model,True,27,1,-7791.526960587742,0.4390668058004622,2.0093925445915906
396,Modular causal latent SCM,True,31,0,-7795.647497505868,0.4399614857818248,2.020891245689366
397,Pooled associative latent class model,True,20,3,-7970.768353416366,0.4999706004934381,1.8232899306738555
397,Target-calibrated associative latent model,True,24,3,-7706.360425221394,0.49688915417124846,1.892750941590488
397,Modular causal latent SCM,True,24,3,-7707.196626998836,0.4979514491204381,1.8959434191612061
398,Pooled associative latent class model,True,29,2,-8055.368899632418,0.4851837416126153,1.7533832096635291
398,Target-calibrated associative latent model,True,19,3,-7813.954583998642,0.48656517211036504,1.9097443037600408
398,Modular causal latent SCM,True,17,3,-7822.852880982975,0.4840596021967389,1.8912623650300424
399,Pooled associative latent class model,True,18,2,-8057.117172218797,0.4859839010836438,2.093808973371386
399,Target-calibrated associative latent model,True,18,3,-7828.9799240419525,0.4977447241460943,2.057653747549254
399,Modular causal latent SCM,True,17,3,-7834.448442240335,0.497331542151336,2.051247406778427
400,Pooled associative latent class model,True,26,1,-8034.465249466393,0.4495437961656793,2.059803613799952
400,Target-calibrated associative latent model,True,21,1,-7806.110481635686,0.46479730223164034,2.129580617468423
400,Modular causal latent SCM,True,21,1,-7809.231190722795,0.4642308893994371,2.1329689130021565
401,Pooled associative latent class model,True,19,1,-7986.740757595109,0.4889075183467075,1.9947834853903297
401,Target-calibrated associative latent model,True,20,1,-7731.356791505647,0.4691955353253179,2.0460921283213893
401,Modular causal latent SCM,True,19,1,-7737.664259838108,0.4740699704380353,2.0374809372708125
402,Pooled associative latent class model,True,25,0,-8056.83297775333,0.4451156997888008,2.0765001676578656
402,Target-calibrated associative latent model,True,28,3,-7795.524003258139,0.449424598549439,2.1943161434715677
402,Modular causal latent SCM,True,22,1,-7799.862317941825,0.44852752456529743,2.199584735309246
403,Pooled associative latent class model,True,9,3,-8022.968178118068,0.4965426891470251,1.7782811412097457
403,Target-calibrated associative latent model,True,22,1,-7765.092021789171,0.4951626743528826,1.9207735148543152
403,Modular causal latent SCM,True,20,2,-7765.57065385772,0.49196844881479984,1.9555502631057715
404,Pooled associative latent class model,True,17,2,-8022.714148496817,0.48196921461475356,2.0267737408756448
404,Target-calibrated associative latent model,True,18,0,-7759.733110545287,0.49702260892749917,2.021399953812446
404,Modular causal latent SCM,True,19,3,-7762.289278797298,0.49800664914842363,2.018041594355687
405,Pooled associative latent class model,True,30,3,-8014.747483268655,0.4670443785605939,1.8335655678451355
405,Target-calibrated associative latent model,True,21,1,-7794.597538564992,0.46182834682604845,1.743746531304165
405,Modular causal latent SCM,True,21,1,-7799.062056979368,0.46110996904627694,1.7501194672262732
406,Pooled associative latent class model,True,20,3,-8070.611278792499,0.4702954080820106,1.8275666364727823
406,Target-calibrated associative latent model,True,14,1,-7800.974286875647,0.4810255418709069,1.876449397716271
406,Modular causal latent SCM,True,13,1,-7803.315621214098,0.48255509187014456,1.8737828351515806
407,Pooled associative latent class model,True,25,1,-8016.6020415205585,0.4691988007517312,1.90735279159754
407,Target-calibrated associative latent model,True,21,3,-7800.646675658372,0.4919938227010846,1.9868500727924654
407,Modular causal latent SCM,True,17,1,-7807.634843514199,0.4840166784670665,1.9510138130340329
408,Pooled associative latent class model,True,14,0,-8030.530276675936,0.49419513774296364,2.229072438470254
408,Target-calibrated associative latent model,True,19,1,-7767.858640448616,0.4887352764212019,2.1943457447563546
408,Modular causal latent SCM,True,19,3,-7777.498341529179,0.48972781582661923,2.192580056284161
409,Pooled associative latent class model,True,21,1,-7996.337759046641,0.4800446793440507,1.9679748038664986
409,Target-calibrated associative latent model,True,17,3,-7794.757494617814,0.49628442198694517,2.0654938698576486
409,Modular causal latent SCM,True,17,2,-7799.156826063209,0.49723859419348426,2.063848863311541
410,Pooled associative latent class model,True,21,3,-7993.963751700201,0.4748701119096405,1.944426525726131
410,Target-calibrated associative latent model,True,21,0,-7762.861884637163,0.47140974174297356,2.0225569047783827
410,Modular causal latent SCM,True,23,2,-7768.20297611633,0.47029769222437967,2.0208947722815913
411,Pooled associative latent class model,True,27,1,-7995.512518322537,0.4614220668172239,1.9453994360332159
411,Target-calibrated associative latent model,True,25,1,-7764.27516900433,0.48061297374760625,1.9591694995221864
411,Modular causal latent SCM,True,25,1,-7770.849660014511,0.4809612227454256,1.9443626137401067
412,Pooled associative latent class model,True,17,0,-8036.4942287371905,0.4917869023614603,1.8695757842942404
412,Target-calibrated associative latent model,True,21,1,-7837.295954998284,0.4813061718609058,1.9103152451166254
412,Modular causal latent SCM,True,20,1,-7839.855144908794,0.4864271670953824,1.9155541959287163
413,Pooled associative latent class model,True,17,0,-8083.003118183111,0.4843463774504154,1.9905108675049559
413,Target-calibrated associative latent model,True,19,0,-7851.8230132831495,0.4678275955008552,2.113003847328348
413,Modular causal latent SCM,True,21,2,-7855.148272107885,0.465907313232168,2.117974348457935
414,Pooled associative latent class model,True,11,3,-7881.551584877556,0.49775203154168196,2.1489774106181168
414,Target-calibrated associative latent model,True,17,2,-7638.417803911035,0.49967803951861084,2.2698487509310166
414,Modular causal latent SCM,True,14,0,-7639.813739058617,0.4957134197030618,2.2796850651982568
415,Pooled associative latent class model,True,14,3,-8045.629731609015,0.4926155803309274,1.9427354221834368
415,Target-calibrated associative latent model,True,24,2,-7813.4125735961625,0.49224436138324534,2.04704990975781
415,Modular causal latent SCM,True,13,3,-7815.8141492584455,0.4938444286757006,2.014907777073548
416,Pooled associative latent class model,True,46,3,-7943.060127117443,0.4290727525830236,1.77841534689529
416,Target-calibrated associative latent model,True,25,1,-7684.882995247737,0.4609192561214934,1.911662073753929
416,Modular causal latent SCM,True,22,3,-7691.197214146725,0.46392615213639227,1.9330192952028094
417,Pooled associative latent class model,True,19,0,-7964.955399399625,0.4972598756457732,1.9210540584005287
417,Target-calibrated associative latent model,True,23,2,-7723.347310138763,0.4830539217066544,2.020390327769603
417,Modular causal latent SCM,True,17,0,-7724.5106573244375,0.4877401440680112,2.0310030978572784
418,Pooled associative latent class model,True,26,1,-8007.586084387789,0.45889942458904,1.9115923682155531
418,Target-calibrated associative latent model,True,20,1,-7774.300646109448,0.47442957535034236,2.1206040375471953
418,Modular causal latent SCM,True,20,1,-7776.698704208078,0.47447284817765006,2.131393947318937
419,Pooled associative latent class model,True,22,1,-8060.092299875041,0.48941099163957613,1.9496066173303337
419,Target-calibrated associative latent model,True,19,1,-7826.397303071717,0.487720949275676,1.984548074611365
419,Modular causal latent SCM,True,18,3,-7833.662208019364,0.49011728985079267,2.0198335951841173
420,Pooled associative latent class model,True,24,0,-8019.960683143861,0.496497496407408,1.748357026373582
420,Target-calibrated associative latent model,True,25,0,-7738.110719213464,0.48071933662541305,1.8510981710955332
420,Modular causal latent SCM,True,31,3,-7741.257535324235,0.4795209526319665,1.8638242835405507
421,Pooled associative latent class model,True,20,0,-8021.1541930684525,0.49749274999861504,1.8830817264530262
421,Target-calibrated associative latent model,True,20,1,-7771.618050230351,0.4749840825855713,1.9424881635457032
421,Modular causal latent SCM,True,19,1,-7778.393333023616,0.47530574622327715,1.940391920469039
422,Pooled associative latent class model,True,20,3,-8099.827833515483,0.4938120888231095,1.9161736877727815
422,Target-calibrated associative latent model,True,20,0,-7877.659327698085,0.489157220623857,1.967406379216425
422,Modular causal latent SCM,True,20,0,-7880.970318280839,0.48614520474682454,1.9763282314678432
423,Pooled associative latent class model,True,28,1,-7980.662827387336,0.48325016815651656,2.0956102063718367
423,Target-calibrated associative latent model,True,17,0,-7745.7738599810455,0.47767785918069483,2.138403797296185
423,Modular causal latent SCM,True,17,0,-7747.948219332085,0.47894611096972195,2.1400051559659596
424,Pooled associative latent class model,True,27,0,-7969.550606613682,0.49581771203476416,1.7793830461448241
424,Target-calibrated associative latent model,True,29,0,-7729.052657949392,0.4986840688774616,1.7408944740384429
424,Modular causal latent SCM,True,17,1,-7734.044401707842,0.49989598754976333,1.7233791106266887
425,Pooled associative latent class model,True,25,1,-8024.264088503988,0.4551313888585647,2.212176639803925
425,Target-calibrated associative latent model,True,22,3,-7773.681313160152,0.47644318072707176,2.2461634305115705
425,Modular causal latent SCM,True,26,1,-7779.407484587064,0.4726660154387928,2.2648006888201238
426,Pooled associative latent class model,True,17,0,-7918.440471840586,0.486225778214875,2.0269405744588704
426,Target-calibrated associative latent model,True,19,3,-7696.8860202024935,0.4812586850693372,2.049318338908404
426,Modular causal latent SCM,True,19,0,-7700.805889652636,0.4825784014642189,2.0497232322546557
427,Pooled associative latent class model,True,22,3,-8068.789636649156,0.4869389195771373,1.9063069867981381
427,Target-calibrated associative latent model,True,18,2,-7799.416922144313,0.4983343816680917,1.9707520305375774
427,Modular causal latent SCM,True,17,2,-7802.6602769787005,0.49845876841003733,1.9881454679440642
428,Pooled associative latent class model,True,28,1,-7983.580465838612,0.46834606141154106,1.8624605450779517
428,Target-calibrated associative latent model,True,14,2,-7720.035265876884,0.4929802975470832,1.9818109360811489
428,Modular causal latent SCM,True,19,1,-7727.473034465799,0.4904955443973069,1.979194458687744
429,Pooled associative latent class model,True,18,2,-7982.561424836878,0.49346804794698773,1.946357377503209
429,Target-calibrated associative latent model,True,17,0,-7718.058932967055,0.49858994360210934,1.9946901798517378
429,Modular causal latent SCM,True,17,0,-7719.747794638503,0.4982331762722772,1.9902764416391099
430,Pooled associative latent class model,True,22,1,-7962.681192148029,0.4737400412894139,2.0493045377608863
430,Target-calibrated associative latent model,True,18,2,-7692.367069115862,0.47859651919096696,2.130506312898171
430,Modular causal latent SCM,True,20,1,-7699.926407971803,0.4743409973087152,2.1257520904597396
431,Pooled associative latent class model,True,25,1,-8063.273128824351,0.48598016160950164,1.9493061042264272
431,Target-calibrated associative latent model,True,13,2,-7814.966756144233,0.4939453317989912,1.965788474818364
431,Modular causal latent SCM,True,23,1,-7819.4383962483225,0.49023162571988793,1.972264156696565
432,Pooled associative latent class model,True,17,0,-7940.130984206319,0.4817184826664768,1.9174535209141401
432,Target-calibrated associative latent model,True,15,3,-7684.930262389806,0.4991453038857007,2.0081783202482546
432,Modular causal latent SCM,True,18,3,-7693.195963844262,0.49572666209749816,2.0122250458980275
433,Pooled associative latent class model,True,23,2,-8078.715157336687,0.4915552094595653,1.8582528514503722
433,Target-calibrated associative latent model,True,15,3,-7865.603382138724,0.4907275134610982,1.8925538756192664
433,Modular causal latent SCM,True,19,0,-7867.857422353869,0.4914027983487673,1.916735284192571
434,Pooled associative latent class model,True,15,0,-8047.747576974308,0.4815149756600339,2.0552782119703488
434,Target-calibrated associative latent model,True,26,2,-7795.555041169173,0.4702369535625121,2.187008608170587
434,Modular causal latent SCM,True,17,0,-7800.971010776828,0.47198332861936426,2.1870499815495985
435,Pooled associative latent class model,True,29,1,-8072.195630977759,0.434886103293331,1.6687498949581379
435,Target-calibrated associative latent model,True,21,1,-7811.066410989519,0.47476824573593646,1.7640997434297754
435,Modular causal latent SCM,True,25,2,-7817.346513621265,0.4757663560855155,1.7878122877725549
436,Pooled associative latent class model,True,28,1,-7996.354528054533,0.4677461078968108,1.6873715933150892
436,Target-calibrated associative latent model,True,31,2,-7762.385997285808,0.47275603560218554,1.7272946421799371
436,Modular causal latent SCM,True,32,2,-7764.75396130718,0.4732086257980461,1.73047783944587
437,Pooled associative latent class model,True,25,2,-8054.118954173866,0.4813828231679304,2.053018314882629
437,Target-calibrated associative latent model,True,23,1,-7814.1733252079375,0.4934022308110129,2.0839238746621582
437,Modular causal latent SCM,True,19,3,-7819.801510171508,0.495233136772686,2.0931758308943453
438,Pooled associative latent class model,True,25,3,-7998.139617326142,0.49860023615257293,1.910688805112712
438,Target-calibrated associative latent model,True,27,2,-7785.09434682526,0.4916839293912868,2.0688794943391615
438,Modular causal latent SCM,True,26,1,-7793.481361140866,0.4885899936825711,2.04221967793304
439,Pooled associative latent class model,True,36,1,-7959.953303913093,0.4571944851091627,1.734761880099557
439,Target-calibrated associative latent model,True,23,0,-7717.166892124396,0.47595946187527644,1.8290139952437265
439,Modular causal latent SCM,True,25,3,-7719.501857799002,0.47193779737069563,1.835408316959824
440,Pooled associative latent class model,True,27,2,-7994.98068317236,0.45941510672086655,1.8317523506466116
440,Target-calibrated associative latent model,True,20,0,-7768.5800189472975,0.49664115410675386,1.8135228408506947
440,Modular causal latent SCM,True,12,3,-7771.8296449706395,0.4883186110768262,1.799694907444074
441,Pooled associative latent class model,True,23,1,-8024.526059460195,0.4869125488487707,1.7520172449589275
441,Target-calibrated associative latent model,True,22,3,-7799.086073815369,0.47032934451367053,1.7931646011035502
441,Modular causal latent SCM,True,21,1,-7802.370403622118,0.47532401233295396,1.7950728136557081
442,Pooled associative latent class model,True,31,1,-8057.761561563304,0.4797455032632832,1.9360616723544142
442,Target-calibrated associative latent model,True,25,1,-7815.8209562653565,0.47162149221152955,2.0957156820808427
442,Modular causal latent SCM,True,25,1,-7815.301778846089,0.47230602146776784,2.068290097907129
443,Pooled associative latent class model,True,20,1,-7942.734855313886,0.47685980965709346,1.9368257074742972
443,Target-calibrated associative latent model,True,21,3,-7682.8592041954125,0.4844890511701898,2.049419119523749
443,Modular causal latent SCM,True,18,0,-7684.994212566252,0.48683914825962527,2.040752059644781
444,Pooled associative latent class model,True,20,2,-8055.718835826152,0.4892281097552264,2.0127020530566835
444,Target-calibrated associative latent model,True,21,2,-7807.215092625864,0.48227494651161545,2.155886959199488
444,Modular causal latent SCM,True,20,2,-7808.093558569039,0.482210343687888,2.172899260191838
445,Pooled associative latent class model,True,27,1,-8031.917776799804,0.47754394868134703,1.9810813384471955
445,Target-calibrated associative latent model,True,24,1,-7814.1346509133955,0.4650140563357132,2.014362115871368
445,Modular causal latent SCM,True,24,1,-7821.913823582114,0.4690931570907774,2.0147876995692195
446,Pooled associative latent class model,True,24,2,-7983.026850972056,0.48682507545923714,1.8763426094181428
446,Target-calibrated associative latent model,True,18,2,-7730.327080169728,0.4948338974643582,2.023185202804593
446,Modular causal latent SCM,True,17,0,-7730.577322959589,0.49064807609014427,2.0306176209077758
447,Pooled associative latent class model,True,30,1,-7997.196123100112,0.4668584481228223,2.0197184771332495
447,Target-calibrated associative latent model,True,16,0,-7727.202417637033,0.49823191750418333,2.0891060485706983
447,Modular causal latent SCM,True,17,2,-7728.847704364387,0.49693317195576614,2.088601054075097
448,Pooled associative latent class model,True,35,3,-8027.6647525034,0.4310312557321866,1.8814506680152223
448,Target-calibrated associative latent model,True,30,1,-7796.162518886344,0.44343965041108085,1.8988844152150763
448,Modular causal latent SCM,True,29,1,-7797.167697621983,0.4463082787268073,1.8877853611026323
449,Pooled associative latent class model,True,31,1,-8008.744673435606,0.4200392258452644,2.0287837260660377
449,Target-calibrated associative latent model,True,36,3,-7774.619258941249,0.41767006290239744,2.088934499558224
449,Modular causal latent SCM,True,28,1,-7779.6886139913995,0.42101748349215734,2.091107903675102
450,Pooled associative latent class model,True,19,2,-8012.045003287208,0.48796448457393116,1.9300622283316367
450,Target-calibrated associative latent model,True,20,0,-7776.16040110715,0.4748904922440387,2.0166682210726004
450,Modular causal latent SCM,True,21,2,-7777.071700987659,0.47047079437495154,2.028178655711031
451,Pooled associative latent class model,True,15,0,-7954.369990322244,0.48893214502494997,2.199813843056437
451,Target-calibrated associative latent model,True,16,2,-7710.478008858845,0.49302761670520656,2.224508441895014
451,Modular causal latent SCM,True,14,0,-7706.196993560848,0.4992720922595738,2.238989628643745
452,Pooled associative latent class model,True,28,1,-8040.15563595473,0.47744804490778997,1.887901507547243
452,Target-calibrated associative latent model,True,15,3,-7801.711329027612,0.4966059686365552,1.924044950839239
452,Modular causal latent SCM,True,22,2,-7805.287783414029,0.49071608480937257,1.9125238143525007
453,Pooled associative latent class model,True,36,2,-7953.021173243012,0.46127931336826916,1.771028959044042
453,Target-calibrated associative latent model,True,29,0,-7722.057714232131,0.4676985114632785,1.81821746966467
453,Modular causal latent SCM,True,31,3,-7725.4127346669775,0.4642473961335995,1.8305370125462352
454,Pooled associative latent class model,True,29,0,-7984.806761803689,0.49054285843608003,1.743551205469854
454,Target-calibrated associative latent model,True,10,3,-7769.159986077519,0.4956318020540008,1.763146118823114
454,Modular causal latent SCM,True,14,3,-7771.598949306686,0.49853309688570535,1.7802789719827592
455,Pooled associative latent class model,True,16,0,-8001.998528351016,0.49672408633086573,2.104803639033245
455,Target-calibrated associative latent model,True,20,1,-7745.5911677085915,0.4762174129914005,2.1617818222457106
455,Modular causal latent SCM,True,21,1,-7754.003013524154,0.47466247778645637,2.1558811708122665
456,Pooled associative latent class model,True,22,0,-8002.3999676646,0.4965785170539363,1.8785874324270053
456,Target-calibrated associative latent model,True,20,1,-7765.008199190606,0.4886805989869396,1.8276105982599313
456,Modular causal latent SCM,True,21,1,-7767.753977935263,0.49102110704778246,1.8352770595126053
457,Pooled associative latent class model,True,20,2,-7988.209276864209,0.48275355764964617,2.204135036375062
457,Target-calibrated associative latent model,True,18,3,-7742.555169005123,0.4895949762062013,2.2848610508641203
457,Modular causal latent SCM,True,19,2,-7746.865181422054,0.4844123562284127,2.2905115857873266
458,Pooled associative latent class model,True,30,1,-8005.099236299446,0.4650762936574142,1.7596031504079632
458,Target-calibrated associative latent model,True,23,1,-7753.1205040332425,0.48023998149486113,1.853956366305809
458,Modular causal latent SCM,True,23,1,-7758.099191706571,0.47938367176654184,1.84613401165471
459,Pooled associative latent class model,True,31,1,-7956.187189947532,0.4363516556575434,1.981695107336491
459,Target-calibrated associative latent model,True,25,1,-7703.380375944675,0.44797503916218634,2.038999922066818
459,Modular causal latent SCM,True,35,2,-7701.95024239281,0.4455971260682777,2.041564432658696
460,Pooled associative latent class model,True,15,0,-7994.011720563426,0.49678320519867775,2.0936111554573835
460,Target-calibrated associative latent model,True,20,3,-7742.498385661526,0.4943344007543322,2.124207551632979
460,Modular causal latent SCM,True,20,2,-7748.38976982342,0.49403584719164756,2.1279594322878106
461,Pooled associative latent class model,True,21,0,-7959.198964084135,0.4748133211260258,1.8011893140850126
461,Target-calibrated associative latent model,True,18,1,-7733.8086474806805,0.49348076726163553,1.8393169331146666
461,Modular causal latent SCM,True,13,2,-7739.5730856295395,0.49994544796898843,1.870627554425897
462,Pooled associative latent class model,True,26,1,-7955.556160761146,0.4765336014811621,1.9148499113847774
462,Target-calibrated associative latent model,True,29,3,-7720.877829003149,0.4932031204904692,1.895383735898803
462,Modular causal latent SCM,True,25,2,-7722.588827476717,0.49676995255271467,1.9121572010639107
463,Pooled associative latent class model,True,23,2,-8038.303929779846,0.47656289253030143,1.8559078131589895
463,Target-calibrated associative latent model,True,19,1,-7802.086256220633,0.4890339258953511,1.8922131134201028
463,Modular causal latent SCM,True,19,1,-7804.401833329102,0.4904241218052256,1.9003319535840828
464,Pooled associative latent class model,True,23,0,-8011.305683603883,0.49598606640357845,1.8141761801628697
464,Target-calibrated associative latent model,True,20,3,-7798.356680439456,0.49024227466467246,1.922778740039119
464,Modular causal latent SCM,True,16,1,-7801.795228581141,0.49108836738966544,1.8930153309633488
465,Pooled associative latent class model,True,25,1,-7976.548713677548,0.48988397558385854,1.7814717492125323
465,Target-calibrated associative latent model,True,24,1,-7789.85417028172,0.4780737072957052,1.9110398558079849
465,Modular causal latent SCM,True,23,1,-7794.814034103301,0.48183650953612206,1.905369901017043
466,Pooled associative latent class model,True,24,1,-7953.643011549988,0.4838144950033067,2.027021877062154
466,Target-calibrated associative latent model,True,19,1,-7691.704284625901,0.4807500807988984,2.045357511853341
466,Modular causal latent SCM,True,18,2,-7696.678362910555,0.48384400743816075,2.0524116276240165
467,Pooled associative latent class model,True,22,3,-8059.153649387328,0.4708534054785885,2.018525796997329
467,Target-calibrated associative latent model,True,25,0,-7835.534296303656,0.4636861575659191,2.081103312037706
467,Modular causal latent SCM,True,31,2,-7838.277195552249,0.4631647608410339,2.0791132894381024
468,Pooled associative latent class model,True,24,2,-7882.487098920252,0.4942958967280967,1.9803593112016369
468,Target-calibrated associative latent model,True,20,0,-7662.790410099085,0.48460439034800284,1.9995574960860638
468,Modular causal latent SCM,True,20,0,-7671.034358554121,0.4856551804557163,2.0030889797961193
469,Pooled associative latent class model,True,28,1,-7974.270190277456,0.4571611576182017,1.8639311595879213
469,Target-calibrated associative latent model,True,32,3,-7767.0344285677365,0.46870768388584844,1.8727134044901486
469,Modular causal latent SCM,True,32,3,-7775.973523922104,0.4709326033392463,1.8812882457987117
470,Pooled associative latent class model,True,15,0,-7931.313748738818,0.4919105553520914,2.0649702838947492
470,Target-calibrated associative latent model,True,16,3,-7693.509633466598,0.48758957063713687,2.120637958585741
470,Modular causal latent SCM,True,16,0,-7694.690040549045,0.48638214321904494,2.1221891264266963
471,Pooled associative latent class model,True,29,1,-7982.937953462176,0.46987688960006585,2.027529597016549
471,Target-calibrated associative latent model,True,25,1,-7778.27679341654,0.47220053474493995,2.130870638458539
471,Modular causal latent SCM,True,25,1,-7781.205406033541,0.47398187759268023,2.1307986015760925
472,Pooled associative latent class model,True,28,1,-7962.780539893123,0.4730413445859233,2.1916166964056805
472,Target-calibrated associative latent model,True,23,1,-7722.183309669706,0.4654242909955359,2.2266814875450103
472,Modular causal latent SCM,True,21,2,-7727.484786058677,0.4630013614856993,2.256375492162185
473,Pooled associative latent class model,True,9,2,-7993.656779622758,0.49668598183108026,2.248324984274592
473,Target-calibrated associative latent model,True,13,0,-7758.256641596599,0.49990037609133336,2.3268594702950685
473,Modular causal latent SCM,True,13,0,-7762.467313876005,0.49992120378655275,2.333928255787866
474,Pooled associative latent class model,True,24,1,-7967.615913402085,0.49244527986503633,1.876096134827348
474,Target-calibrated associative latent model,True,21,1,-7726.0843693909455,0.49266442333683624,1.871968585943858
474,Modular causal latent SCM,True,21,1,-7733.6339379220335,0.4918243669833382,1.8787427644061419
475,Pooled associative latent class model,True,18,0,-8044.336352097047,0.4968460952917414,1.9528989018329481
475,Target-calibrated associative latent model,True,24,0,-7791.951982436487,0.49442730006958197,1.8931999202073748
475,Modular causal latent SCM,True,25,2,-7796.648692258174,0.48977523856100663,1.9272797553593786
476,Pooled associative latent class model,True,27,3,-8018.536505023705,0.4948589578575387,1.8059003229365982
476,Target-calibrated associative latent model,True,23,2,-7788.021215658241,0.4832168038544348,1.9031326914390503
476,Modular causal latent SCM,True,20,0,-7791.674018315244,0.48552932730638226,1.9096945383339472
477,Pooled associative latent class model,True,28,1,-8065.020449349079,0.45589326412636066,2.1451184514048647
477,Target-calibrated associative latent model,True,22,0,-7785.013590531396,0.4546592157139521,2.1888768144233897
477,Modular causal latent SCM,True,25,0,-7790.650490847314,0.44824331387620203,2.1894039024401364
478,Pooled associative latent class model,True,21,1,-8019.136532216424,0.474797217373256,1.9521925669387896
478,Target-calibrated associative latent model,True,17,2,-7771.349639616756,0.4920948808332217,2.0436639684733207
478,Modular causal latent SCM,True,19,2,-7771.440045936177,0.49949857520691,2.0499135483037128
479,Pooled associative latent class model,True,28,1,-8018.712583714695,0.44398380448286484,2.0897577623388113
479,Target-calibrated associative latent model,True,24,3,-7749.331524242339,0.4578084614912872,2.2380889649500326
479,Modular causal latent SCM,True,24,1,-7755.562558063646,0.4551631193254155,2.2272117424095565
480,Pooled associative latent class model,True,20,1,-7973.787634423071,0.47299474531534613,1.822935274968356
480,Target-calibrated associative latent model,True,16,2,-7740.673883171801,0.49486959735259906,1.952543087821725
480,Modular causal latent SCM,True,19,1,-7740.12605814867,0.49181154702758406,1.9427774444148014
481,Pooled associative latent class model,True,31,1,-7998.952847269188,0.4506707090056389,1.9916713292930184
481,Target-calibrated associative latent model,True,25,0,-7734.224890789419,0.461069613053734,2.021794139056751
481,Modular causal latent SCM,True,26,1,-7737.835251456572,0.4580499520967166,2.0121078694631933
482,Pooled associative latent class model,True,33,1,-8044.430910760351,0.4485629177992847,1.9431757730211485
482,Target-calibrated associative latent model,True,28,1,-7827.101913895066,0.44148255967330013,1.9882000616841362
482,Modular causal latent SCM,True,28,1,-7831.282522634623,0.4421250918569395,1.9923060064567346
483,Pooled associative latent class model,True,19,2,-7961.958728624596,0.4837298803197368,1.678056879241262
483,Target-calibrated associative latent model,True,28,2,-7698.082185802326,0.4947601663506131,1.7591546113883259
483,Modular causal latent SCM,True,20,1,-7696.427278581468,0.4992721471663958,1.7158945854557575
484,Pooled associative latent class model,True,15,0,-7981.157687268865,0.48384847136712,2.1508285271115617
484,Target-calibrated associative latent model,True,19,1,-7715.652601920132,0.47304727232089033,2.1513871518393586
484,Modular causal latent SCM,True,19,1,-7727.906900811684,0.47498515794536533,2.1477868032968583
485,Pooled associative latent class model,True,25,3,-7903.283276319786,0.456318564639426,1.816285035303188
485,Target-calibrated associative latent model,True,21,1,-7678.120222409833,0.47430031117771615,1.9202802679875348
485,Modular causal latent SCM,True,21,3,-7680.754070267914,0.46722944627560575,1.9542619531405931
486,Pooled associative latent class model,True,19,0,-7985.429026621488,0.4855654180149099,1.834097895210605
486,Target-calibrated associative latent model,True,23,3,-7765.047083338632,0.4652367604789943,1.9563809014683522
486,Modular causal latent SCM,True,19,0,-7766.619392535752,0.4708662361824874,1.9462573488596517
487,Pooled associative latent class model,True,31,3,-8015.180264115456,0.4464871570382375,1.971012482051401
487,Target-calibrated associative latent model,True,26,1,-7766.906371401916,0.43974796336696725,2.0044519140075465
487,Modular causal latent SCM,True,32,2,-7771.557291046907,0.4362856939229219,2.012541427424128
488,Pooled associative latent class model,True,24,1,-7948.596800397389,0.4845488515750882,2.090723289969251
488,Target-calibrated associative latent model,True,16,0,-7700.7040256065,0.4840544849921762,2.106488294436716
488,Modular causal latent SCM,True,19,2,-7703.625895875837,0.47765448404715777,2.105541922491037
489,Pooled associative latent class model,True,17,0,-8007.538766641226,0.4958704240091716,2.0611346769516112
489,Target-calibrated associative latent model,True,24,1,-7756.631440742202,0.482639596095682,2.0604384710504764
489,Modular causal latent SCM,True,24,1,-7763.805391393118,0.480785093392833,2.0607928764456864
490,Pooled associative latent class model,True,15,3,-8077.977409228282,0.49042858447030285,1.8330677501707107
490,Target-calibrated associative latent model,True,16,1,-7843.34251274151,0.4869572991615506,1.9483105450698268
490,Modular causal latent SCM,True,16,1,-7844.946332917443,0.4864101982280209,1.9498488258332376
491,Pooled associative latent class model,True,19,2,-8049.3347956579255,0.49605982728962394,1.8716429309926348
491,Target-calibrated associative latent model,True,9,2,-7802.735349384708,0.49439612932461324,1.911276526935196
491,Modular causal latent SCM,True,20,0,-7806.938844357979,0.4978994782584405,1.9231762717672194
492,Pooled associative latent class model,True,16,3,-8003.4003570695095,0.493130032228008,1.998110763378655
492,Target-calibrated associative latent model,True,19,3,-7713.707441218864,0.4806371575875961,2.038122938478075
492,Modular causal latent SCM,True,16,1,-7719.779901166553,0.4831350742058843,2.0128887096904178
493,Pooled associative latent class model,True,18,0,-7938.847323343757,0.47954795276511036,2.109265432862654
493,Target-calibrated associative latent model,True,19,0,-7721.050237849029,0.485178353236897,2.139933167004645
493,Modular causal latent SCM,True,16,2,-7728.696365149794,0.47988042061856434,2.1507556228020293
494,Pooled associative latent class model,True,25,1,-7992.176971111492,0.48463404075848304,1.9343285652834377
494,Target-calibrated associative latent model,True,22,1,-7732.020155657207,0.4827396330591805,1.963611092655476
494,Modular causal latent SCM,True,20,3,-7738.883482376259,0.48896724997743085,1.962035676259319
495,Pooled associative latent class model,True,21,3,-8072.291769485959,0.47531704833529675,2.0004922143357504
495,Target-calibrated associative latent model,True,22,2,-7842.300639964207,0.4873466900004707,2.0519378383123046
495,Modular causal latent SCM,True,27,1,-7850.449783039012,0.49021293928047943,2.027479772466613
496,Pooled associative latent class model,True,24,3,-8010.806903262196,0.4781021205291113,1.9853837014383307
496,Target-calibrated associative latent model,True,16,2,-7774.141437400787,0.4973143435443715,2.0284151792246723
496,Modular causal latent SCM,True,18,0,-7781.549304310371,0.4999391078620705,2.0374019221941477
497,Pooled associative latent class model,True,21,3,-8008.757790917981,0.49365651973157054,2.1210244108377596
497,Target-calibrated associative latent model,True,21,0,-7770.609981169126,0.47197337340788537,2.277894812059375
497,Modular causal latent SCM,True,28,1,-7775.873962562013,0.4788876515328902,2.252033082983717
498,Pooled associative latent class model,True,25,1,-8051.479865990353,0.4842119253048983,2.069820006102816
498,Target-calibrated associative latent model,True,27,2,-7808.717243686708,0.46635229053939575,2.1399855366863383
498,Modular causal latent SCM,True,25,1,-7814.221309273703,0.4745517133354859,2.1096698321829717
499,Pooled associative latent class model,True,27,0,-8043.4640325511255,0.4680682627803565,1.8045699074785793
499,Target-calibrated associative latent model,True,25,3,-7783.909974574956,0.4678491338739337,1.8744212547445729
499,Modular causal latent SCM,True,23,0,-7784.963116858973,0.46912699412694836,1.8749780205687916
