repeat,strength_index,renal_effect_sd,biomarkers_only_converged,biomarkers_only_iterations,adjusted_converged,adjusted_iterations,scm_renal_effect_nt_like,scm_renal_effect_atrial_electrical,scm_renal_effect_competing_marker,maximum_counterfactual_posterior_difference
0,0,0.0,True,7,True,7,-0.10339591918716512,0.08341371431276796,0.01922428586200342,3.3306690738754696e-16
1,0,0.0,True,7,True,7,-0.008359781641293492,0.03811803500389708,-0.008442095136938832,2.220446049250313e-16
2,0,0.0,True,7,True,7,-0.046843662155695305,0.0008216163038316827,0.021643214905335162,3.3306690738754696e-16
3,0,0.0,True,7,True,7,0.0475372032643054,0.010724734976759825,-0.04607171032878499,2.220446049250313e-16
4,0,0.0,True,7,True,7,0.0077486102039285125,-0.06429939320571354,0.055618600416112884,2.220446049250313e-16
5,0,0.0,True,7,True,7,0.04207453260490817,-0.013505684598201752,-0.00548892802131018,3.3306690738754696e-16
6,0,0.0,True,7,True,7,0.05770947126337477,-0.035352785362813416,-0.061928026450704055,3.3306690738754696e-16
7,0,0.0,True,7,True,7,0.07207865738017756,0.01996715110449581,0.0012819584468765086,3.3306690738754696e-16
8,0,0.0,True,7,True,7,0.01777941604315704,0.0025277191870152144,-0.02345523082429013,3.3306690738754696e-16
9,0,0.0,True,7,True,7,0.014181802483574835,0.0232124948999452,-0.008666612993443956,3.3306690738754696e-16
10,0,0.0,True,7,True,7,0.03287153604234242,0.08427733411069509,0.004165964512523601,3.3306690738754696e-16
11,0,0.0,True,7,True,7,-0.010823498702848914,0.005721399994116498,0.04412596153632997,3.3306690738754696e-16
12,0,0.0,True,7,True,7,-0.03519710622416535,0.0036507763600283037,-0.0009907043639920676,4.440892098500626e-16
13,0,0.0,True,7,True,7,-0.05058412450875388,-0.007091570202891365,-0.06564958975205526,3.3306690738754696e-16
14,0,0.0,True,7,True,7,-0.03065553737579521,-0.05150503125808001,-0.027946345617638535,3.3306690738754696e-16
15,0,0.0,True,7,True,7,0.0295318919760217,-0.044368526588104,-0.06509127440228389,2.220446049250313e-16
16,0,0.0,True,7,True,7,-0.009988723601557073,-0.003470521820775321,-4.047455310240977e-06,4.440892098500626e-16
17,0,0.0,True,7,True,7,-0.031015286728891686,0.01099667376609249,-0.07180011876790404,3.3306690738754696e-16
18,0,0.0,True,7,True,7,0.04969457025685217,0.07450651328067254,-0.05647877088469988,3.3306690738754696e-16
19,0,0.0,True,7,True,7,-0.046262921987628575,0.07237823584349949,-0.045276899325845665,2.220446049250313e-16
20,0,0.0,True,7,True,7,-0.05248185814915672,0.047589170268105274,0.01165688580617985,3.3306690738754696e-16
21,0,0.0,True,7,True,7,0.015828458119612355,-0.06315414008541971,-0.007250701926950431,4.440892098500626e-16
22,0,0.0,True,7,True,7,-0.007928299242792206,0.009824665224775271,-0.06755552238885643,3.3306690738754696e-16
23,0,0.0,True,7,True,7,-0.012166745635005933,-0.027115505194950096,0.008461154196292897,5.551115123125783e-16
24,0,0.0,True,7,True,7,0.026304312529270717,0.03159505096932981,0.036760692833855184,3.3306690738754696e-16
25,0,0.0,True,7,True,7,-0.04061774177935576,-0.015212558728497638,-0.09001744121833721,5.551115123125783e-16
26,0,0.0,True,7,True,7,0.020224113947364192,-0.024535844133553777,0.041347220294171816,3.3306690738754696e-16
27,0,0.0,True,7,True,7,-0.032448463030878526,-0.04675755864268537,0.009975387989938023,3.3306690738754696e-16
28,0,0.0,True,7,True,7,0.07731840448857816,0.023588623710977603,-0.0018829953034802394,2.220446049250313e-16
29,0,0.0,True,7,True,7,-0.009820178184574351,-0.03640903398412504,0.02937253349868196,2.220446049250313e-16
30,0,0.0,True,7,True,7,-0.07095509943720779,-0.012819731487976063,0.020762435486739506,2.220446049250313e-16
31,0,0.0,True,7,True,7,-0.019565117465257645,-0.035575256958773435,-0.014849249444484514,3.3306690738754696e-16
32,0,0.0,True,7,True,7,0.00657587311376908,0.005680123178354694,-0.05040048920222007,4.440892098500626e-16
33,0,0.0,True,7,True,7,0.029250819849743592,0.01427799172739249,0.01534499606132289,2.220446049250313e-16
34,0,0.0,True,7,True,7,-0.024934425681223924,0.030599336769565798,0.027846816652216444,2.220446049250313e-16
35,0,0.0,True,7,True,7,-0.034598548092151925,0.033705504073495124,0.0006957874285460353,4.440892098500626e-16
36,0,0.0,True,7,True,7,0.04043830238161603,-0.0006525943869395666,0.04161718588011987,3.3306690738754696e-16
37,0,0.0,True,7,True,7,0.07086239380338522,-0.01084140968641712,0.010053731850059311,2.220446049250313e-16
38,0,0.0,True,7,True,7,0.06193209351896299,0.10102593282168561,0.022874785673648868,3.3306690738754696e-16
39,0,0.0,True,7,True,7,0.04391382831828567,0.016769863042336866,-0.05182213245644795,3.3306690738754696e-16
40,0,0.0,True,7,True,7,-0.025149800562605785,0.034763225412094714,-0.07616028816864406,3.3306690738754696e-16
41,0,0.0,True,7,True,7,0.0009075576852325359,0.03702641891867525,-0.04558238401742242,3.3306690738754696e-16
42,0,0.0,True,7,True,7,0.04429701565685192,0.014923610487527062,0.0019085038934185672,4.440892098500626e-16
43,0,0.0,True,7,True,7,0.002529527356111543,-0.0010348612686288548,-0.007590661833256074,2.220446049250313e-16
44,0,0.0,True,7,True,7,0.004070381098702342,-0.010660589279302055,-0.06029018167542999,3.3306690738754696e-16
45,0,0.0,True,7,True,7,0.023553625505252036,0.011737613113609588,-0.03289292488662343,3.3306690738754696e-16
46,0,0.0,True,7,True,7,0.07082233426700507,0.04376242801985716,-0.04769325240457434,2.220446049250313e-16
47,0,0.0,True,7,True,7,0.006558794878331636,-0.0036527784933121296,-0.038941802423229754,3.3306690738754696e-16
48,0,0.0,True,7,True,7,0.07260865534741906,0.026661830592332434,0.005407877315041332,3.3306690738754696e-16
49,0,0.0,True,7,True,7,0.007616292814968943,-0.042545827880219086,0.000371745591985162,3.3306690738754696e-16
50,0,0.0,True,7,True,7,0.022114595475909445,0.024555008530905652,-0.020812805223528796,3.3306690738754696e-16
51,0,0.0,True,7,True,7,0.08534011798583814,0.022935424739725735,0.0024377175082734848,3.3306690738754696e-16
52,0,0.0,True,7,True,7,0.020488099477590102,-0.004327170724067984,0.041755300287401154,3.3306690738754696e-16
53,0,0.0,True,7,True,7,-0.006635566379619557,-0.0605054113300812,-0.003272164626591856,2.220446049250313e-16
54,0,0.0,True,7,True,7,0.004903718838555532,-0.03648888356828329,0.0062741695495616145,3.3306690738754696e-16
55,0,0.0,True,7,True,7,0.038341194694573866,0.018715915110231504,-0.044849874043873306,2.220446049250313e-16
56,0,0.0,True,7,True,7,-0.01305659811485673,0.0033288543641073866,-0.037769998662152915,3.3306690738754696e-16
57,0,0.0,True,7,True,7,-0.004784300913462422,0.012255835690021775,0.07228874620640646,2.220446049250313e-16
58,0,0.0,True,7,True,7,0.031685535261965346,-0.03616391363286947,-0.02311693347746557,3.3306690738754696e-16
59,0,0.0,True,7,True,7,0.03548448782153653,0.002121652399221685,-0.006500443640828246,3.3306690738754696e-16
60,0,0.0,True,7,True,7,0.041312893108013754,-0.004652085113229593,-0.024674060359728633,4.440892098500626e-16
61,0,0.0,True,7,True,7,-0.036942820660223794,-0.0004072405321016159,-0.12459471187168814,3.3306690738754696e-16
62,0,0.0,True,7,True,7,-0.043171374629125424,0.09341100251513917,-0.013577294844747456,3.3306690738754696e-16
63,0,0.0,True,7,True,7,0.04702476131190593,-0.0002557732166637216,0.015039156593871672,3.3306690738754696e-16
64,0,0.0,True,7,True,7,0.009782896645499512,-0.02191818825400641,0.05367506284273593,3.3306690738754696e-16
65,0,0.0,True,7,True,7,0.04138410584499178,-0.0349788132678813,-0.04514265106693405,3.3306690738754696e-16
66,0,0.0,True,7,True,7,0.0068599959593568065,-0.00303342144811378,0.002482318164278796,2.220446049250313e-16
67,0,0.0,True,7,True,7,-0.04742594882047594,0.04149970263284164,-0.03247441724418332,3.3306690738754696e-16
68,0,0.0,True,7,True,7,-0.07390998346685973,-0.020285079427758715,-0.040469902121711865,3.3306690738754696e-16
69,0,0.0,True,7,True,7,0.03741924189484415,0.04682773720063946,-0.08729000076734783,2.220446049250313e-16
70,0,0.0,True,7,True,7,0.019130228493319225,-0.011444091815875123,0.016252271809036323,2.220446049250313e-16
71,0,0.0,True,7,True,7,0.01864318818361388,-0.06858673480983424,0.03038245247031346,2.220446049250313e-16
72,0,0.0,True,7,True,7,0.015191333617853391,-0.0356316000165123,-0.07326773118104457,2.498001805406602e-16
73,0,0.0,True,7,True,7,-0.03536216989767377,-0.009275698278343979,0.01780444891160371,2.220446049250313e-16
74,0,0.0,True,7,True,7,-0.02393654331571838,0.00939199347519716,0.033461017838650076,2.220446049250313e-16
75,0,0.0,True,7,True,7,-0.013294340729119242,0.02305377644406982,-0.05525738829190807,2.220446049250313e-16
76,0,0.0,True,7,True,7,0.10787643525244367,0.038955426861263326,-0.012969983047045996,3.3306690738754696e-16
77,0,0.0,True,7,True,7,-0.04117332510430832,-0.06815040702621827,-0.010737390893465149,4.440892098500626e-16
78,0,0.0,True,7,True,7,-0.06726887473919765,0.014773300009976465,-0.03633412265287206,2.220446049250313e-16
79,0,0.0,True,7,True,7,-0.01737606755087043,-0.08148743607850335,-0.02069981962933065,2.220446049250313e-16
80,0,0.0,True,7,True,7,0.026375464518558496,0.017555779358081117,-0.0007213643747578935,3.3306690738754696e-16
81,0,0.0,True,7,True,7,-0.08178869219920422,0.0663702688827145,-0.0433464561208775,3.3306690738754696e-16
82,0,0.0,True,7,True,7,0.06585117978664709,-0.017270464502636185,0.002573190685143272,3.3306690738754696e-16
83,0,0.0,True,7,True,7,0.03354908068743349,-0.04495105841503906,-0.060773060136852575,2.220446049250313e-16
84,0,0.0,True,7,True,7,-0.0030241676921749956,0.06269304053299576,-0.021277518793602734,3.3306690738754696e-16
85,0,0.0,True,7,True,7,-0.042367479559706586,-0.013555309221307722,0.05834143675982261,3.3306690738754696e-16
86,0,0.0,True,7,True,7,0.02370227826046482,-0.004750235424976972,-0.0056916254030146,5.551115123125783e-16
87,0,0.0,True,7,True,7,-0.03379514230049917,0.014305445785433801,-0.011104845436459732,4.440892098500626e-16
88,0,0.0,True,7,True,7,0.053941681288738656,-0.00620903978226852,0.09349987066809529,3.3306690738754696e-16
89,0,0.0,True,7,True,7,0.05849436661314951,-0.0037036954183708917,-0.03949118388234917,3.3306690738754696e-16
90,0,0.0,True,7,True,7,0.0385944514940833,-0.017514732880370688,0.023557939442265585,3.3306690738754696e-16
91,0,0.0,True,7,True,7,0.034826333528106115,-0.035775642010987124,-0.06940186354685274,2.220446049250313e-16
92,0,0.0,True,7,True,7,0.048150229545354806,-0.06603365164490411,-0.0018340817060173986,4.440892098500626e-16
93,0,0.0,True,7,True,7,-0.012020316289814093,0.07955432889670064,0.002418197574275638,2.220446049250313e-16
94,0,0.0,True,7,True,7,0.0005034951722616698,-0.0274503295120623,-0.02159118881072608,2.220446049250313e-16
95,0,0.0,True,7,True,7,0.003033313095633046,0.08649229310244683,0.002443703101721706,2.220446049250313e-16
96,0,0.0,True,7,True,7,-0.025381744836656353,-0.04217390292228823,-0.0046910717171668725,3.3306690738754696e-16
97,0,0.0,True,7,True,7,-0.018793480371377957,0.048610858068335774,0.032010236088487964,4.440892098500626e-16
98,0,0.0,True,7,True,7,0.015682438437978403,0.04607337352398433,0.06051594718378328,3.3306690738754696e-16
99,0,0.0,True,7,True,7,0.01527840204101218,-0.045065656704281226,0.031433473295440106,2.220446049250313e-16
100,0,0.0,True,7,True,7,0.06806649997693019,-0.054635508098730065,-0.010349582103997834,4.440892098500626e-16
101,0,0.0,True,7,True,7,-0.0030976524031605963,-0.04424188005561587,-0.025630576292124063,3.3306690738754696e-16
102,0,0.0,True,7,True,7,-0.0015753376194574537,0.04662499028995319,-0.06340640132753739,3.3306690738754696e-16
103,0,0.0,True,7,True,7,-0.017438056258381747,0.010815266371158249,0.051952958301763275,3.3306690738754696e-16
104,0,0.0,True,7,True,7,0.0365918518129649,0.023840145454538407,-0.00783438689633531,3.3306690738754696e-16
105,0,0.0,True,7,True,7,0.04468747148394331,0.02611125715015184,-0.06934619864058167,2.220446049250313e-16
106,0,0.0,True,7,True,7,-0.06622452935871069,0.02913396775610948,0.007903792058245318,2.220446049250313e-16
107,0,0.0,True,7,True,7,-0.04407420482518981,-0.06446961255343889,0.03282777309585261,4.440892098500626e-16
108,0,0.0,True,7,True,7,-0.02073223023734238,-0.028026147529201302,-0.007819086414556198,3.3306690738754696e-16
109,0,0.0,True,7,True,7,-0.055354926702979285,0.02805839070415737,-0.027175336148612006,4.440892098500626e-16
110,0,0.0,True,7,True,7,-0.026025360062608676,-0.0709951454259461,-0.009590105989966013,2.220446049250313e-16
111,0,0.0,True,7,True,7,-0.019821028862618183,0.002808443955593924,-0.011347215622974138,3.3306690738754696e-16
112,0,0.0,True,7,True,7,-0.012407487417647516,0.03737567158636127,-0.0011933506450544362,3.3306690738754696e-16
113,0,0.0,True,7,True,7,-0.022908982683387334,-0.001164114564580744,0.008283470953696748,5.551115123125783e-16
114,0,0.0,True,7,True,7,-0.017160219559105072,0.025701192359736637,-0.0882378167941834,3.3306690738754696e-16
115,0,0.0,True,7,True,7,0.00017978458641016923,-0.013821218357059104,-0.02218334646218212,3.3306690738754696e-16
116,0,0.0,True,7,True,7,0.05042958666952421,0.08967948174907851,-0.03240433170819168,3.3306690738754696e-16
117,0,0.0,True,7,True,7,-0.04817154514846961,0.02645424259086788,-0.04649482361092794,2.220446049250313e-16
118,0,0.0,True,7,True,7,0.028490039452015857,0.11776091502169889,-0.0037472789427654973,3.3306690738754696e-16
119,0,0.0,True,7,True,7,-0.030684151556357103,-0.08326247335038069,-0.020684357665996633,2.220446049250313e-16
120,0,0.0,True,7,True,7,0.03967355134010238,-0.020712251148731185,-0.10722951321467344,3.3306690738754696e-16
121,0,0.0,True,7,True,7,-0.001420997835005767,-0.01307938279692885,-0.004630905459759971,3.3306690738754696e-16
122,0,0.0,True,7,True,7,0.029816065597245756,0.018843106146640486,0.008957492568372416,2.220446049250313e-16
123,0,0.0,True,7,True,7,0.022152440540969667,-0.07137674526948992,-0.04584154531229423,3.3306690738754696e-16
124,0,0.0,True,7,True,7,-0.03827662328806303,-0.02561575888942475,-0.026981143952858444,4.440892098500626e-16
125,0,0.0,True,7,True,7,0.03628131502687093,-0.030625625188671554,-0.005113455365499231,2.220446049250313e-16
126,0,0.0,True,7,True,7,-0.07827395092412433,0.023091507298215477,-0.004364600437257837,3.3306690738754696e-16
127,0,0.0,True,7,True,7,0.03613200852275245,-0.015592936646943854,-0.01828575419028744,4.440892098500626e-16
128,0,0.0,True,7,True,7,0.01508442698320313,0.027101016434040223,0.024695363785443233,3.3306690738754696e-16
129,0,0.0,True,7,True,7,0.06055129507129521,0.07389365318822527,-0.02834312899231317,2.220446049250313e-16
130,0,0.0,True,7,True,7,-0.025185529940286396,0.018346843256737428,-0.03692497534479111,3.3306690738754696e-16
131,0,0.0,True,7,True,7,0.022261369468907347,0.03583419170159963,-0.008356932514514748,4.440892098500626e-16
132,0,0.0,True,7,True,7,-0.03601066434667864,0.004637559624278378,0.05552198157842603,3.3306690738754696e-16
133,0,0.0,True,7,True,7,-0.07764414598325949,-0.0011308034625555213,-0.010372929853287971,2.220446049250313e-16
134,0,0.0,True,7,True,7,0.010620710391539043,-0.06583622995006021,-0.04659509309786702,3.3306690738754696e-16
135,0,0.0,True,7,True,7,-0.03349899201960277,0.03597303719555117,0.04706311855366707,2.220446049250313e-16
136,0,0.0,True,7,True,7,0.055403335840103325,-0.045644358348766664,-0.029425957928383983,3.3306690738754696e-16
137,0,0.0,True,7,True,7,-0.055648451475406646,0.0036189611083645595,-0.004961027102985849,2.220446049250313e-16
138,0,0.0,True,7,True,7,-0.0073764124396965974,0.011285143427842769,0.007044404179891384,2.220446049250313e-16
139,0,0.0,True,7,True,7,0.05744818744693195,-0.057387499398968506,0.03479704532616246,3.3306690738754696e-16
140,0,0.0,True,7,True,7,-0.017957781431442447,-0.03914292741783255,0.010289619985105691,2.220446049250313e-16
141,0,0.0,True,7,True,7,-0.10159861727239755,0.014651587227512997,0.020313101048996973,2.220446049250313e-16
142,0,0.0,True,7,True,7,-0.04947881458582261,0.03529013850609761,-0.04845169631090296,4.440892098500626e-16
143,0,0.0,True,7,True,7,-0.0828593193285836,-0.018574649878291064,-0.030026135742619142,2.220446049250313e-16
144,0,0.0,True,7,True,7,-0.024995076115241426,-0.046015040111176526,-0.06166140878745452,2.220446049250313e-16
145,0,0.0,True,7,True,7,-0.01594781079480568,-0.0004911865714033112,0.04046548649308046,4.440892098500626e-16
146,0,0.0,True,7,True,7,-0.014953495019415416,0.03675432668889944,0.03247398466231044,3.3306690738754696e-16
147,0,0.0,True,7,True,7,-0.01625319496000991,0.044406307999555236,0.0066781488537005496,2.220446049250313e-16
148,0,0.0,True,7,True,7,-0.01622525512380092,0.038521897432458145,-0.00915669839805533,2.220446049250313e-16
149,0,0.0,True,7,True,7,0.0012164932550665815,0.03537004995087281,0.027787648261050513,3.3306690738754696e-16
150,0,0.0,True,7,True,7,0.01092345534937175,-0.05243938050666379,0.001242805080012399,2.7755575615628914e-16
151,0,0.0,True,7,True,7,0.05866210673055516,-0.005289019898208458,-0.003001599414685252,2.220446049250313e-16
152,0,0.0,True,7,True,7,0.056199644731757786,0.0072133157850919685,0.013304456968007305,3.3306690738754696e-16
153,0,0.0,True,7,True,7,-0.0007348298210888694,0.02092188806735123,-0.051032846891662764,3.3306690738754696e-16
154,0,0.0,True,7,True,7,-0.008027222826000761,0.037842059997622385,-0.04532973719105349,2.220446049250313e-16
155,0,0.0,True,7,True,7,0.011668815890653418,0.005960940063574935,0.01993252847139282,2.220446049250313e-16
156,0,0.0,True,7,True,7,-0.024666102894771058,0.04037548915545057,-0.0004154590573791639,2.220446049250313e-16
157,0,0.0,True,7,True,7,0.04621162249925194,-0.04804917631944126,-0.0029669349501031395,2.220446049250313e-16
158,0,0.0,True,7,True,7,0.004643932580987577,-0.017182643530382243,0.03484336346818373,6.661338147750939e-16
159,0,0.0,True,7,True,7,0.003573756374101058,-0.022885039066265288,-0.011323573586164868,3.3306690738754696e-16
160,0,0.0,True,7,True,7,0.00503300709423416,0.03975037344602712,-0.011702671238985163,3.3306690738754696e-16
161,0,0.0,True,7,True,7,-0.07572295870941739,0.03978396678625204,0.031344335003064105,2.220446049250313e-16
162,0,0.0,True,7,True,7,0.0018348339853220472,0.010352203790647677,0.004824180271817857,2.220446049250313e-16
163,0,0.0,True,7,True,7,-0.06591644766490942,0.05527022549716409,-0.030735686072889123,3.3306690738754696e-16
164,0,0.0,True,7,True,7,0.07666502778651821,0.0047396223890491355,-0.03943846561977837,3.3306690738754696e-16
165,0,0.0,True,7,True,7,-0.016982879702910045,0.042126589660171194,0.004815750834472943,3.3306690738754696e-16
166,0,0.0,True,7,True,7,0.051844136113450304,-0.03508676296967816,-0.028450846912966288,4.440892098500626e-16
167,0,0.0,True,7,True,7,-0.045485152910732,-0.05709752436516385,0.0081447987729375,3.3306690738754696e-16
168,0,0.0,True,7,True,7,0.032751882049746904,0.021502166253665668,0.08029729723786394,2.220446049250313e-16
169,0,0.0,True,7,True,7,-0.05795308312003706,0.010957610658029936,-0.013324025402804862,4.440892098500626e-16
170,0,0.0,True,7,True,7,0.00040134611881211674,0.030736749833751215,-0.00949653941747619,5.551115123125783e-16
171,0,0.0,True,7,True,7,0.046620215964961,-0.03449978538777058,0.041487833614138325,2.220446049250313e-16
172,0,0.0,True,7,True,7,0.04706199751951448,-0.04645024421285235,-0.016696069302614358,3.3306690738754696e-16
173,0,0.0,True,7,True,7,-4.3105881875362545e-05,-0.06263735998197768,0.008095609662794767,3.3306690738754696e-16
174,0,0.0,True,7,True,7,0.015315234335640353,-0.06901930905212254,-0.01860225789943193,3.3306690738754696e-16
175,0,0.0,True,7,True,7,0.00932957785446082,-0.02853793722606733,-0.04875511489407658,5.551115123125783e-16
176,0,0.0,True,7,True,7,-0.028050494251694896,-0.032708420521064985,-0.002257107541276282,5.551115123125783e-16
177,0,0.0,True,7,True,7,-0.008360939109591976,0.0009863716442605718,-0.03410617591243237,4.440892098500626e-16
178,0,0.0,True,7,True,7,0.026221637360335174,0.0490571110918267,-0.04113447055464536,3.3306690738754696e-16
179,0,0.0,True,7,True,7,-0.000594221441756488,-0.04937590204537109,0.05911920999940501,3.3306690738754696e-16
180,0,0.0,True,7,True,7,0.017015100653901837,-0.048923485752927744,-0.035921534901694245,3.3306690738754696e-16
181,0,0.0,True,7,True,7,-0.0068690951082401985,0.07333350393132923,0.03377050938780246,6.661338147750939e-16
182,0,0.0,True,7,True,7,0.024786603690495942,0.04805028919575674,0.02669942686764437,4.440892098500626e-16
183,0,0.0,True,7,True,7,-0.07445936090205671,0.03842236603432869,-0.015698600308041044,2.220446049250313e-16
184,0,0.0,True,7,True,7,-0.09855862645928423,0.04081421790827773,-0.008330140930922107,3.3306690738754696e-16
185,0,0.0,True,7,True,7,-0.033729077158547845,0.003965722238541281,-0.06231496770765032,3.3306690738754696e-16
186,0,0.0,True,7,True,7,0.009317395718384774,-0.006501141712923833,0.045961453292137855,5.551115123125783e-16
187,0,0.0,True,7,True,7,0.016991731884467575,0.027467434165747526,-0.0027389507313257955,4.440892098500626e-16
188,0,0.0,True,7,True,7,0.03460128539258178,0.05995577822382706,0.007933361566492714,3.3306690738754696e-16
189,0,0.0,True,7,True,7,-0.01652826888919674,-0.03690973744223451,0.005306636139104093,3.3306690738754696e-16
190,0,0.0,True,7,True,7,0.00844628469471311,-0.059707973786184594,-0.02828598419466144,3.3306690738754696e-16
191,0,0.0,True,7,True,7,-0.03271663097430447,0.03291330244442515,-0.07641336877763005,3.3306690738754696e-16
192,0,0.0,True,7,True,7,0.00618782250044966,-0.03136796385872304,-0.01725643039143565,3.3306690738754696e-16
193,0,0.0,True,7,True,7,0.008156860767532838,-0.006172110150765464,0.05205963808478886,3.3306690738754696e-16
194,0,0.0,True,7,True,7,0.019850376018085876,-0.05447491054952948,-0.010614459387536579,3.3306690738754696e-16
195,0,0.0,True,7,True,7,-0.03751033052010744,-0.0648338449160216,-0.03653044596179367,3.3306690738754696e-16
196,0,0.0,True,7,True,7,0.022266205169265803,-0.04454166352558654,-0.028494961149466702,3.3306690738754696e-16
197,0,0.0,True,7,True,7,-0.004068799393254677,-0.0009556891987639524,0.010584612676802108,4.440892098500626e-16
198,0,0.0,True,7,True,7,0.014764952437311022,0.006487594373036712,0.03133200088537336,2.220446049250313e-16
199,0,0.0,True,7,True,7,0.0376578458521455,-0.03107078885660916,0.08311070929979691,4.440892098500626e-16
200,0,0.0,True,7,True,7,-0.026654674027435148,-0.036996634696496444,0.033001565687927004,5.551115123125783e-16
201,0,0.0,True,7,True,7,-0.015261421555228999,0.03336301642023097,0.018155993964888872,2.220446049250313e-16
202,0,0.0,True,7,True,7,-0.014248875457428421,0.006059282369867778,0.024401722099502643,2.220446049250313e-16
203,0,0.0,True,7,True,7,-0.06431377549562811,-0.0002549524060674879,-0.001775103357176011,3.3306690738754696e-16
204,0,0.0,True,7,True,7,-0.04671536005348238,0.018986449833179216,0.06858516933872383,3.3306690738754696e-16
205,0,0.0,True,7,True,7,-0.030290958803082066,0.014465668723819549,0.0037713866592665735,2.220446049250313e-16
206,0,0.0,True,7,True,7,-0.059475045367054134,-0.008704212017437193,0.02121131744466753,2.220446049250313e-16
207,0,0.0,True,7,True,7,0.09450198030966778,0.05048469116437646,0.03821342505853664,2.220446049250313e-16
208,0,0.0,True,7,True,7,0.004823137143836127,0.09000632664804986,-0.02960027794627096,3.3306690738754696e-16
209,0,0.0,True,7,True,7,0.01536874074214174,-0.04314876320101852,0.012795797114796281,3.3306690738754696e-16
210,0,0.0,True,7,True,7,0.0477356169318434,-0.06373908057980783,-0.032694386051950075,3.3306690738754696e-16
211,0,0.0,True,7,True,7,-0.05295340325660702,0.000915540674317347,-0.03243458650701769,4.440892098500626e-16
212,0,0.0,True,7,True,7,0.01994702337109755,0.006749626772354832,0.06694477201745629,3.3306690738754696e-16
213,0,0.0,True,7,True,7,0.09214709915865599,-0.12796909887712435,0.04160062992885383,3.3306690738754696e-16
214,0,0.0,True,7,True,7,-0.029923536686248434,0.03470586483878736,-0.014304188234001924,3.3306690738754696e-16
215,0,0.0,True,7,True,7,-5.449337667306171e-05,-0.0015488476372117225,-0.028034605537256337,3.3306690738754696e-16
216,0,0.0,True,7,True,7,-0.0020703100764003137,-0.0399672420377342,0.02227160569890385,2.220446049250313e-16
217,0,0.0,True,7,True,7,-0.042170617463633916,0.011384577751840276,0.09107298668302088,5.551115123125783e-16
218,0,0.0,True,7,True,7,0.06458969454430916,0.04283571622914937,-0.07840407037654962,4.440892098500626e-16
219,0,0.0,True,7,True,7,-0.03656000498476807,0.05548802713056844,-0.06355335113069316,2.220446049250313e-16
220,0,0.0,True,7,True,7,0.019821460747390145,0.04113283809929387,0.0350986215185668,3.3306690738754696e-16
221,0,0.0,True,7,True,7,0.002133257287864225,0.010266694904587044,-0.023821370129920583,3.3306690738754696e-16
222,0,0.0,True,7,True,7,0.003859906678266939,0.008678257246711986,0.015243422183562338,3.3306690738754696e-16
223,0,0.0,True,7,True,7,-0.0191137932249458,0.021835538371295697,0.029224978468332274,3.3306690738754696e-16
224,0,0.0,True,7,True,7,-0.04460015637491198,-0.0024107250708256317,-0.009570840639850253,2.220446049250313e-16
225,0,0.0,True,7,True,7,-0.0043737971873005045,0.00273339750316268,0.008379076741679037,3.3306690738754696e-16
226,0,0.0,True,7,True,7,0.032888169046898334,0.01712224756486231,-0.011272128772191525,3.3306690738754696e-16
227,0,0.0,True,7,True,7,0.010383721261705212,0.016658459611977275,0.020603435064814546,5.551115123125783e-16
228,0,0.0,True,7,True,7,0.04294193557293585,0.017826185581976493,0.06331711943506302,3.3306690738754696e-16
229,0,0.0,True,7,True,7,-0.010142908456024717,0.04487113421603581,-0.012128477800536164,3.3306690738754696e-16
230,0,0.0,True,7,True,7,-0.021673564262888252,-0.0678772821321915,0.04317696392350623,3.3306690738754696e-16
231,0,0.0,True,7,True,7,-0.013337943320218846,-0.08578364062308982,0.015692884171733312,2.220446049250313e-16
232,0,0.0,True,7,True,7,-0.012008258885983992,-0.01755498979825847,-0.015103660789304474,2.220446049250313e-16
233,0,0.0,True,7,True,7,0.003512372718461186,-0.028662199085835324,0.0390449056465374,2.220446049250313e-16
234,0,0.0,True,7,True,7,0.0033180782095826034,-0.042220617629020483,-0.03839573017211362,4.440892098500626e-16
235,0,0.0,True,7,True,7,0.023614447774716454,0.030165612478443668,-0.05731345050810943,3.3306690738754696e-16
236,0,0.0,True,7,True,7,-0.02058592757221535,-0.027171934167411843,0.006754526248291759,3.3306690738754696e-16
237,0,0.0,True,7,True,7,0.0666907501542401,0.03996181522615209,-0.046702164910543346,3.3306690738754696e-16
238,0,0.0,True,7,True,7,-0.032946244607958905,0.015220360022243563,0.002369206756837494,3.3306690738754696e-16
239,0,0.0,True,7,True,7,0.013217755119966848,0.06076997754947613,0.01605209386483042,3.3306690738754696e-16
240,0,0.0,True,7,True,7,0.07665155791742684,-0.008590146100439159,0.006279118795305294,1.249000902703301e-16
241,0,0.0,True,7,True,7,-0.02388059430226261,0.01357450464598569,-0.0872023851237933,4.440892098500626e-16
242,0,0.0,True,7,True,7,0.00872952154995188,0.015540813611940799,-0.008551505926866598,3.3306690738754696e-16
243,0,0.0,True,7,True,7,-0.0057887658501924715,0.0843846691668373,-0.03700516895984296,5.551115123125783e-16
244,0,0.0,True,7,True,7,-0.069081120275471,0.03659343234588258,0.037165005076501,2.220446049250313e-16
245,0,0.0,True,7,True,7,0.03719698491319784,0.04264529598176401,-0.002638356837644129,2.220446049250313e-16
246,0,0.0,True,7,True,7,0.061621363301486994,0.03451766400288812,0.005660051673370692,2.220446049250313e-16
247,0,0.0,True,7,True,7,0.018087138709489036,0.03199579191898394,-0.0682932072669915,3.3306690738754696e-16
248,0,0.0,True,7,True,7,-0.03910525811621478,-0.05368996895516685,-0.00893914382489025,5.551115123125783e-16
249,0,0.0,True,7,True,7,0.020522357786724753,-0.06913410600843278,0.018398256367238908,2.220446049250313e-16
250,0,0.0,True,7,True,7,-0.03168715218148206,-0.010511009167791787,0.02449493360872601,2.220446049250313e-16
251,0,0.0,True,7,True,7,0.0012400885957216546,0.03877206875828487,0.03234349489432464,3.3306690738754696e-16
252,0,0.0,True,7,True,7,-0.0009173352716415981,0.03600213890959658,0.01686673898943636,3.3306690738754696e-16
253,0,0.0,True,7,True,7,0.00025349390020969545,0.038516974798118046,0.01878538981019895,3.3306690738754696e-16
254,0,0.0,True,7,True,7,0.05284848401478124,-0.0003539306810154477,-0.03255039675289728,3.3306690738754696e-16
255,0,0.0,True,7,True,7,0.0011874906377694109,-0.03366516959464782,0.036868679184314905,2.220446049250313e-16
256,0,0.0,True,7,True,7,-0.050286149503994855,0.011499649543006411,-0.0034640440034900966,2.220446049250313e-16
257,0,0.0,True,7,True,7,0.009962552467043929,0.03447451737141286,-0.015513329177041069,3.3306690738754696e-16
258,0,0.0,True,7,True,7,0.08474712043011781,0.00969947365101945,0.01780517035419127,3.3306690738754696e-16
259,0,0.0,True,7,True,7,-0.09768445428140009,-0.03977394102931221,-0.03868549337765015,3.3306690738754696e-16
260,0,0.0,True,7,True,7,-0.024504421169639797,-0.019286192283438735,0.028503737106208682,3.3306690738754696e-16
261,0,0.0,True,7,True,7,0.07045262681417028,0.09715704723214959,-0.01838518078099871,3.3306690738754696e-16
262,0,0.0,True,7,True,7,0.038032975315843154,-0.026954065264226293,-0.012226916942925659,3.3306690738754696e-16
263,0,0.0,True,7,True,7,-0.024633154029914794,-0.05813313939851333,-0.01346060290770601,3.3306690738754696e-16
264,0,0.0,True,7,True,7,-0.05342166027823641,0.01825483681029542,0.06080334213688954,2.220446049250313e-16
265,0,0.0,True,7,True,7,0.03756989385954987,-0.01831616693269092,0.05183967519708266,3.3306690738754696e-16
266,0,0.0,True,7,True,7,0.008666156462266362,0.03730690985831015,-0.03627591682999909,3.3306690738754696e-16
267,0,0.0,True,7,True,7,0.0013490096832538406,-0.03265720028979626,-0.10359933846591218,3.3306690738754696e-16
268,0,0.0,True,7,True,7,-0.0024092780654681525,-0.028163596933567125,-0.027314815661170888,4.440892098500626e-16
269,0,0.0,True,7,True,7,-0.0521877550963577,0.0577164429404293,-0.07972637027050587,2.220446049250313e-16
270,0,0.0,True,7,True,7,0.04309920487913365,0.03835498393335249,0.006136914931496706,3.3306690738754696e-16
271,0,0.0,True,7,True,7,-0.08495441608638771,0.04887547984576347,0.03391571707295993,2.220446049250313e-16
272,0,0.0,True,7,True,7,0.016645860784925044,0.004927457890455851,-0.0390263373365165,5.551115123125783e-16
273,0,0.0,True,7,True,7,0.05396981466095099,-0.011291070175712029,-0.005287484081951677,3.3306690738754696e-16
274,0,0.0,True,7,True,7,0.031409107154037386,0.003831713571198294,-0.030413273729196444,2.220446049250313e-16
275,0,0.0,True,7,True,7,0.06005198930358979,-0.03552891332691417,-0.03881501989426428,4.440892098500626e-16
276,0,0.0,True,7,True,7,-0.006185922755880185,-0.07807604447653628,-0.013323177779921314,3.3306690738754696e-16
277,0,0.0,True,7,True,7,-0.03529385178138371,0.029441641442211806,0.04916011636595086,2.220446049250313e-16
278,0,0.0,True,7,True,7,0.06463701654689784,-0.016750330362164927,0.017921319788856027,3.3306690738754696e-16
279,0,0.0,True,7,True,7,-0.07037600635021087,-0.026569637135488402,-0.03326470796031922,3.3306690738754696e-16
280,0,0.0,True,7,True,7,0.021181153999939577,-0.01675011562790634,0.0030136974228475158,2.220446049250313e-16
281,0,0.0,True,7,True,7,0.033509449582812795,0.028917701220905444,0.029564125776010974,3.3306690738754696e-16
282,0,0.0,True,7,True,7,-0.030243711981438798,-0.01562817040248229,0.0016702548851581511,3.3306690738754696e-16
283,0,0.0,True,7,True,7,-0.004810272626374342,0.044679562589180516,-0.04808605587198023,5.551115123125783e-16
284,0,0.0,True,7,True,7,0.008792996749906218,-0.09664628150387548,0.04248470864617815,3.3306690738754696e-16
285,0,0.0,True,7,True,7,-0.08470900142232582,-0.0045721553832700716,0.08527510630049862,3.3306690738754696e-16
286,0,0.0,True,7,True,7,-0.015521252479334148,0.002255310619921458,-0.00606155093847538,4.440892098500626e-16
287,0,0.0,True,7,True,7,-0.004614213406743709,-0.04427503437548986,-0.027902570592387654,2.220446049250313e-16
288,0,0.0,True,7,True,7,0.04945654946664065,-0.03708928974050637,0.03175244003681431,3.3306690738754696e-16
289,0,0.0,True,7,True,7,0.023336583612427856,0.0025540541251653573,-0.0003891870086326632,3.3306690738754696e-16
290,0,0.0,True,7,True,7,0.055987397624748865,0.030498126058068974,0.04440139082870509,2.220446049250313e-16
291,0,0.0,True,7,True,7,-0.011020910447080558,0.044351998130099254,0.01700593645688997,3.3306690738754696e-16
292,0,0.0,True,7,True,7,0.004816111587675812,-0.024854690777143557,0.026660925006184222,2.220446049250313e-16
293,0,0.0,True,7,True,7,0.008040713695663802,0.011573366050549181,-0.002750862925669173,3.3306690738754696e-16
294,0,0.0,True,7,True,7,0.041320195473444885,-0.008144709022496022,-0.0035306632637288615,3.3306690738754696e-16
295,0,0.0,True,7,True,7,0.05288388000105467,-0.03611756943062196,0.07959854042012182,2.220446049250313e-16
296,0,0.0,True,7,True,7,-0.12544658877971604,-0.029204597190251314,0.005832151781617445,2.220446049250313e-16
297,0,0.0,True,7,True,7,-0.0775711347369949,0.04420506544752209,0.0514201565074448,3.3306690738754696e-16
298,0,0.0,True,7,True,7,-0.013609115653678188,-0.012650705927385118,0.04341567155190473,3.3306690738754696e-16
299,0,0.0,True,7,True,7,-0.0043418494482670746,-0.029527747020529984,0.044166757920191084,3.3306690738754696e-16
300,0,0.0,True,7,True,7,0.039816670641330536,0.05337380843425184,0.04436854674999679,3.3306690738754696e-16
301,0,0.0,True,7,True,7,-0.034944779912383414,-0.05308232129333219,0.016301081119463046,3.3306690738754696e-16
302,0,0.0,True,7,True,7,-0.07138149091367503,-0.07304498321468632,0.07232181382797842,2.220446049250313e-16
303,0,0.0,True,7,True,7,0.038338240932794865,0.03870219273422547,0.005322541193222952,4.440892098500626e-16
304,0,0.0,True,7,True,7,-0.003715131421500647,0.020661291894403314,-0.037364836785704014,2.220446049250313e-16
305,0,0.0,True,7,True,7,0.013121564443271061,-0.046083944430959825,0.023797520517815696,2.220446049250313e-16
306,0,0.0,True,7,True,7,-0.038688459411639585,-0.05713090040432891,-0.01517958278257403,3.3306690738754696e-16
307,0,0.0,True,7,True,7,0.051603462950665986,0.07840213913096969,-0.010757883449783012,3.3306690738754696e-16
308,0,0.0,True,7,True,7,0.007654021390781378,0.030007649426675595,-0.019965921626431404,4.440892098500626e-16
309,0,0.0,True,7,True,7,0.00384262404793113,-0.0025942953141345464,-0.01915067014790195,3.3306690738754696e-16
310,0,0.0,True,7,True,7,-0.06668731604203802,0.03002675366134217,-0.041938912057435045,2.220446049250313e-16
311,0,0.0,True,7,True,7,-0.0018994895027579003,0.005370107489212523,-0.05546983458549559,5.551115123125783e-16
312,0,0.0,True,7,True,7,-0.023494205534393728,0.042870285570439,-0.053861384870547147,3.3306690738754696e-16
313,0,0.0,True,7,True,7,-0.006278940376198347,-0.04345330040511606,0.044542679118026784,3.3306690738754696e-16
314,0,0.0,True,7,True,7,0.04751579108541965,-0.05287276355291031,0.022884975013243047,2.220446049250313e-16
315,0,0.0,True,7,True,7,-0.06294635869453347,0.01740597119245688,-0.006537016152923014,3.3306690738754696e-16
316,0,0.0,True,7,True,7,0.11236891543847845,-0.036596578635302794,-0.02707031938766369,2.220446049250313e-16
317,0,0.0,True,7,True,7,0.08356169300696965,-0.003758803095453511,0.058131288568004535,2.220446049250313e-16
318,0,0.0,True,7,True,7,-0.007800569531962977,-0.021306648700501515,0.05051774528837294,3.3306690738754696e-16
319,0,0.0,True,7,True,7,-0.037716788295340545,-0.0054576910327285705,-0.03085852330790606,2.220446049250313e-16
320,0,0.0,True,7,True,7,0.024987416503684187,-0.06508674439881103,-0.08692171189640385,3.3306690738754696e-16
321,0,0.0,True,7,True,7,-0.0006849423521516426,-0.006498345893602581,0.0007542404663078983,1.3877787807814457e-16
322,0,0.0,True,7,True,7,-0.0009680051489536039,-0.04086581959149431,0.008132225453448605,3.3306690738754696e-16
323,0,0.0,True,7,True,7,-0.08417340292264906,-0.03269858337395837,0.012664727853808566,3.3306690738754696e-16
324,0,0.0,True,7,True,7,0.0033223309378439952,0.001838862525419288,-0.01151166166581441,3.3306690738754696e-16
325,0,0.0,True,7,True,7,0.01395554172535263,0.026909526235863793,0.01693831335289686,3.3306690738754696e-16
326,0,0.0,True,7,True,7,-0.07406926598896824,0.030332226446891403,-0.026772348534700785,3.3306690738754696e-16
327,0,0.0,True,7,True,7,0.04783909412721013,0.07985404877432557,-0.012390014671492144,3.3306690738754696e-16
328,0,0.0,True,7,True,7,-0.023022750619535237,0.04578644363097995,-0.007301377162146849,1.6653345369377348e-16
329,0,0.0,True,7,True,7,-0.05711376019941154,-0.045774572768034726,-0.029608913141710325,2.220446049250313e-16
330,0,0.0,True,7,True,7,-0.06999654976771363,-0.07782473065722305,0.018749731145210058,3.3306690738754696e-16
331,0,0.0,True,7,True,7,-0.010182121901802288,0.031965054929836624,0.03431125126270396,3.3306690738754696e-16
332,0,0.0,True,7,True,7,-0.01329211802952867,-0.01297120776993535,0.009930145837640736,2.220446049250313e-16
333,0,0.0,True,7,True,7,-0.019088177585128263,0.10853388781517602,-0.02351866708711614,3.3306690738754696e-16
334,0,0.0,True,7,True,7,0.06708235276824043,0.00703647030853443,-0.06814546166999258,5.551115123125783e-16
335,0,0.0,True,7,True,7,0.05138706115037641,0.016530855150004294,0.004252674466537654,4.440892098500626e-16
336,0,0.0,True,7,True,7,0.008862143902439099,-0.031781768545877095,0.04550983190063129,3.3306690738754696e-16
337,0,0.0,True,7,True,7,-0.021873785346263375,-0.009416821096351473,0.019190154855773467,3.3306690738754696e-16
338,0,0.0,True,7,True,7,-0.036734367504248605,0.03271823777447983,0.014977103124966362,3.3306690738754696e-16
339,0,0.0,True,7,True,7,0.05768867573822607,-0.011887021187883984,0.025129071460880392,3.3306690738754696e-16
340,0,0.0,True,7,True,7,0.045444846667115894,0.09258231665022183,0.025175142175251297,5.551115123125783e-16
341,0,0.0,True,7,True,7,-0.008863386927137104,0.017275711487908615,-0.05597856546276925,3.3306690738754696e-16
342,0,0.0,True,7,True,7,0.013705063037743473,0.032776581220694954,0.005724246141393108,3.3306690738754696e-16
343,0,0.0,True,7,True,7,-0.07068930783218715,0.0430483746428937,0.009439128291391485,3.3306690738754696e-16
344,0,0.0,True,7,True,7,0.028969640863627445,-0.01773014747390211,-0.003605674355147026,3.3306690738754696e-16
345,0,0.0,True,7,True,7,-0.0737653168803076,-0.03906118460307663,0.0380109202451554,3.3306690738754696e-16
346,0,0.0,True,7,True,7,-0.008459179432362683,0.03779831889666152,-0.04369762778320885,2.220446049250313e-16
347,0,0.0,True,7,True,7,0.035245421930077576,0.04088288325259521,-0.03708502730419594,2.220446049250313e-16
348,0,0.0,True,7,True,7,-0.028465251124018758,0.014504783369281463,0.058531394151851046,1.1102230246251565e-16
349,0,0.0,True,7,True,7,0.00030392610787470737,0.08987905808513517,-0.003501865910573665,3.3306690738754696e-16
350,0,0.0,True,7,True,7,0.040108790277669254,0.03266648785680088,-0.047122765842473546,4.440892098500626e-16
351,0,0.0,True,7,True,7,-0.008524709282293149,-0.04597910881036074,-0.013484547423707749,2.220446049250313e-16
352,0,0.0,True,7,True,7,0.006109885585140403,0.036952397395565516,-0.0863801261744872,3.3306690738754696e-16
353,0,0.0,True,7,True,7,0.09116199187266835,0.003983706654554938,-0.03197612789437421,2.220446049250313e-16
354,0,0.0,True,7,True,7,0.0004993192569423833,0.0884971375131308,-0.0018466128223055835,2.2410458905275377e-16
355,0,0.0,True,7,True,7,0.012813732247158947,-0.07273349810401268,0.10618443324317162,3.3306690738754696e-16
356,0,0.0,True,7,True,7,0.01945496047217317,0.04884524563956631,-0.03891414721071196,3.3306690738754696e-16
357,0,0.0,True,7,True,7,0.02852831191958869,0.03114201874075542,0.023444605895550308,3.3306690738754696e-16
358,0,0.0,True,7,True,7,0.023145083870125354,0.004390111952423954,0.06043026218402159,3.3306690738754696e-16
359,0,0.0,True,7,True,7,-0.04588708300866119,0.040354173013090515,0.0032604803900709856,3.3306690738754696e-16
360,0,0.0,True,7,True,7,-0.036529125248647015,0.04921702723481688,0.027374316073843885,3.3306690738754696e-16
361,0,0.0,True,7,True,7,-0.02107634200962398,0.02724390239698858,0.05376691729372762,3.3306690738754696e-16
362,0,0.0,True,7,True,7,0.022415773305935922,0.018010534281769866,0.07037983034819473,3.3306690738754696e-16
363,0,0.0,True,7,True,7,-0.048575320535250446,-0.07448806743795618,0.03586842693062453,4.440892098500626e-16
364,0,0.0,True,7,True,7,-0.008773849684465623,-0.01166377472173762,0.047789784730759566,6.661338147750939e-16
365,0,0.0,True,7,True,7,-0.022173675742727703,0.010046974723815837,-0.006526205703290322,2.220446049250313e-16
366,0,0.0,True,7,True,7,0.010017062948131816,0.0015937016655014832,0.03453408669979052,4.440892098500626e-16
367,0,0.0,True,7,True,7,-0.03288594006445532,-0.0661310628645429,-0.008443531132072968,3.3306690738754696e-16
368,0,0.0,True,7,True,7,0.047014416416743414,-0.010590888209745259,-0.04640164579313866,2.220446049250313e-16
369,0,0.0,True,7,True,7,0.04147123521772443,0.04249481178094306,-0.02102650290182506,2.220446049250313e-16
370,0,0.0,True,7,True,7,0.06632004172991954,-0.014791503571481924,0.0727502863331637,2.220446049250313e-16
371,0,0.0,True,7,True,7,0.01883525921739844,0.0014598478205234515,0.012514615524679806,3.3306690738754696e-16
372,0,0.0,True,7,True,7,0.03911215390835285,-0.03680755383965493,-0.012730672386749742,3.3306690738754696e-16
373,0,0.0,True,7,True,7,0.042108736512735404,0.015162978406017723,-0.023029284585726284,3.3306690738754696e-16
374,0,0.0,True,7,True,7,-0.018572297997376936,-0.007406728745679251,-0.014420469435101444,2.220446049250313e-16
375,0,0.0,True,7,True,7,-0.011960336013728635,0.018232164838333367,-0.002686665518369491,3.3306690738754696e-16
376,0,0.0,True,7,True,7,-0.06210532569900238,-0.05873637225124333,0.023651529954609507,2.220446049250313e-16
377,0,0.0,True,7,True,7,-0.0067407236268720565,-0.025085685142740254,-0.0469180914442342,2.220446049250313e-16
378,0,0.0,True,7,True,7,-0.029626280298001774,-0.029186275399645814,-0.062127327187723284,2.220446049250313e-16
379,0,0.0,True,7,True,7,-0.034674049694646616,0.03184397898679013,0.04078092216181184,3.3306690738754696e-16
380,0,0.0,True,7,True,7,-0.007624711438589869,-0.04027826157039719,-0.017756750966894774,2.220446049250313e-16
381,0,0.0,True,7,True,7,0.04611508751833146,-0.10586311682873166,0.01436057254345835,2.220446049250313e-16
382,0,0.0,True,7,True,7,-0.10583696230005057,0.026714050482413834,-0.0033160331302199975,3.3306690738754696e-16
383,0,0.0,True,7,True,7,-0.010770873577550128,0.036111082132254835,-0.03843208609329807,2.220446049250313e-16
384,0,0.0,True,7,True,7,-0.06119056664783107,-0.030884269935837826,0.025841467514688188,3.3306690738754696e-16
385,0,0.0,True,7,True,7,-0.01597738413260969,0.005085653890484043,-0.009218819929219135,3.3306690738754696e-16
386,0,0.0,True,7,True,7,0.01799147944965574,0.05788283692975789,-0.016433317960818816,3.3306690738754696e-16
387,0,0.0,True,7,True,7,-0.0112238402246254,0.10351317459096045,0.021203806886228138,4.440892098500626e-16
388,0,0.0,True,7,True,7,-0.02602355309923273,-0.047818479464989114,-0.016769196084290172,3.3306690738754696e-16
389,0,0.0,True,7,True,7,0.0210836647351575,0.002917206241810185,0.025350114799605472,3.3306690738754696e-16
390,0,0.0,True,7,True,7,-0.026823664828938228,-0.03722650632428109,0.004921321412998392,3.3306690738754696e-16
391,0,0.0,True,7,True,7,0.025038334516156245,0.04085306231881493,-0.006193384651824174,3.3306690738754696e-16
392,0,0.0,True,7,True,7,-0.036039819289115364,0.05171160372640953,0.0019881897145204164,2.220446049250313e-16
393,0,0.0,True,7,True,7,-0.005890281750138539,-0.025450858355011065,0.027997349940151905,3.3306690738754696e-16
394,0,0.0,True,7,True,7,-0.03664094164609204,0.022466137554678748,0.07512083666453806,2.220446049250313e-16
395,0,0.0,True,7,True,7,0.02390157352635399,0.014747618657281074,-0.03505281789478665,3.3306690738754696e-16
396,0,0.0,True,7,True,7,-0.015491504160204526,0.002645067876809442,0.0038101893004415244,2.220446049250313e-16
397,0,0.0,True,7,True,7,-0.005790374354103553,-0.04209375914676941,-0.00480144279623107,3.3306690738754696e-16
398,0,0.0,True,7,True,7,0.005061941525875371,0.010476010576195394,0.005887898757502286,3.3306690738754696e-16
399,0,0.0,True,7,True,7,0.036011049069303705,-0.015540997172116693,0.04226324718368524,2.220446049250313e-16
400,0,0.0,True,7,True,7,0.012596629095430772,-0.0216924919635318,0.10476904967182255,3.3306690738754696e-16
401,0,0.0,True,7,True,7,0.015006048076329798,-0.003951818642952715,0.0018196915075825437,1.6653345369377348e-16
402,0,0.0,True,7,True,7,0.009249456513226,0.012767469610369453,-0.015508929212803002,3.3306690738754696e-16
403,0,0.0,True,7,True,7,0.002511832186364544,0.05844315863970412,0.02407081310642112,2.220446049250313e-16
404,0,0.0,True,7,True,7,-0.013192207290934671,-0.037492061001200866,0.05759477568635174,3.3306690738754696e-16
405,0,0.0,True,7,True,7,-0.03424414566984444,-0.02533072743025537,-0.025538587256062728,2.220446049250313e-16
406,0,0.0,True,7,True,7,-0.01620336345939357,0.03163178933212818,0.03962361831198857,3.3306690738754696e-16
407,0,0.0,True,7,True,7,0.020594845300718215,-0.0327555739224469,0.016820369091561815,2.220446049250313e-16
408,0,0.0,True,7,True,7,0.020456818743592002,-0.010143287043561218,-0.012645613145212176,5.551115123125783e-16
409,0,0.0,True,7,True,7,0.007007031119945604,-0.0014962429495287474,0.035051079005690156,2.220446049250313e-16
410,0,0.0,True,7,True,7,0.011131602239504618,0.0034418934077494025,0.05520682574255931,2.220446049250313e-16
411,0,0.0,True,7,True,7,-0.004096649371316995,-0.01870740081486423,0.036372245296554695,3.3306690738754696e-16
412,0,0.0,True,7,True,7,0.05706551270380682,-0.005984772239185931,-0.05840969256106909,2.220446049250313e-16
413,0,0.0,True,7,True,7,0.008553223484429079,-0.040316078862096705,0.03957389330610572,3.3306690738754696e-16
414,0,0.0,True,7,True,7,0.021199503365973912,0.07437276932866524,0.014294249781116597,2.220446049250313e-16
415,0,0.0,True,7,True,7,-0.09774351084272892,-0.0032184850423085665,-0.0227240218611533,3.3306690738754696e-16
416,0,0.0,True,7,True,7,0.02212670337346793,0.05384411835767321,-0.02541427920497763,4.440892098500626e-16
417,0,0.0,True,7,True,7,0.029368817152575867,-0.043846258569198625,-0.07210251882204588,2.220446049250313e-16
418,0,0.0,True,7,True,7,0.0807623783848586,-0.061976473186218684,-0.02367294939697806,2.220446049250313e-16
419,0,0.0,True,7,True,7,0.03349102364286824,0.006857078848315226,0.05797356350196747,2.220446049250313e-16
420,0,0.0,True,7,True,7,0.023259985853454134,0.027579927270481325,-0.0064113928181253055,3.3306690738754696e-16
421,0,0.0,True,7,True,7,0.023398693409266143,0.053791845101276305,0.0014691498900600841,2.220446049250313e-16
422,0,0.0,True,7,True,7,0.05085530767780726,-0.03269045682826938,0.026024394289523523,2.220446049250313e-16
423,0,0.0,True,7,True,7,-0.07802243042102246,-0.038648257135026336,0.020391533358541714,2.220446049250313e-16
424,0,0.0,True,7,True,7,0.05782243202140534,-0.050427774907473126,0.06649041491881857,4.440892098500626e-16
425,0,0.0,True,7,True,7,0.07524877254395387,0.015259244934797262,-0.041906598682802,2.220446049250313e-16
426,0,0.0,True,7,True,7,0.03736585165117107,-0.06630962905031118,-0.024611813038547314,3.3306690738754696e-16
427,0,0.0,True,7,True,7,-0.03185521068015877,-0.020285537209628498,-0.010006582320091217,3.3306690738754696e-16
428,0,0.0,True,7,True,7,0.022306061629642455,-0.01969458883198474,0.02349765225701561,4.440892098500626e-16
429,0,0.0,True,7,True,7,-0.03165505168702569,0.035580571122860234,0.02100756274280069,3.3306690738754696e-16
430,0,0.0,True,7,True,7,0.031105728531818262,0.0278305711696438,-0.003945782502022932,2.220446049250313e-16
431,0,0.0,True,7,True,7,-0.01222330262377767,0.05131261821581272,0.062017728499448754,2.220446049250313e-16
432,0,0.0,True,7,True,7,-0.01922935083709127,0.007933685022071743,0.028313107116921032,3.3306690738754696e-16
433,0,0.0,True,7,True,7,0.04003995912109157,-0.001193290640805686,-0.07119002178845024,3.3306690738754696e-16
434,0,0.0,True,7,True,7,0.08003217440855115,0.0030182169040859387,0.0025857375381823644,2.220446049250313e-16
435,0,0.0,True,7,True,7,-0.024271111694780263,0.04309764353606506,0.0017512555152406906,3.3306690738754696e-16
436,0,0.0,True,7,True,7,0.014366406169423487,-0.014770322634601929,0.054343181612987346,6.661338147750939e-16
437,0,0.0,True,7,True,7,0.03461083459359083,-0.027121381667606925,-0.027783321884967682,4.440892098500626e-16
438,0,0.0,True,7,True,7,0.025856522542894222,0.06944033957772616,-0.039929346905367646,4.440892098500626e-16
439,0,0.0,True,7,True,7,-0.0086732933105584,-0.06196996129511253,-0.06770900643295064,3.3306690738754696e-16
440,0,0.0,True,7,True,7,-0.06532456584163665,0.04920131481154755,-0.006159527358017613,3.3306690738754696e-16
441,0,0.0,True,7,True,7,-0.056897172007643645,0.038506905645749254,0.03858756565897048,3.3306690738754696e-16
442,0,0.0,True,7,True,7,0.0690071666920042,0.03311450923295965,0.106074715392943,3.3306690738754696e-16
443,0,0.0,True,7,True,7,0.004277913729498873,0.006028104641912724,0.016828444429222933,3.3306690738754696e-16
444,0,0.0,True,7,True,7,-0.12694441957024136,-0.01601065885938829,-0.02372392164113657,2.220446049250313e-16
445,0,0.0,True,7,True,7,-0.02377767210932062,0.09089008534748746,0.027822387175078234,2.220446049250313e-16
446,0,0.0,True,7,True,7,0.04573933127114266,-0.004460958064485482,0.03345979211011052,2.220446049250313e-16
447,0,0.0,True,7,True,7,0.008174626056026996,0.011801643360258107,-0.041118476947386906,3.3306690738754696e-16
448,0,0.0,True,7,True,7,-0.0014994271876514597,-0.019472317062178418,0.07906832400263153,7.771561172376096e-16
449,0,0.0,True,7,True,7,0.013384358113688224,-0.045159532858975684,0.050729758466892316,2.220446049250313e-16
450,0,0.0,True,7,True,7,-0.02962776160167676,0.04079079376868451,0.02906547181308583,2.7755575615628914e-16
451,0,0.0,True,7,True,7,0.014264562884521331,0.010760534850133785,0.024490101371373196,3.3306690738754696e-16
452,0,0.0,True,7,True,7,0.06956965571726652,0.02588399923165819,0.04830994053279836,2.220446049250313e-16
453,0,0.0,True,7,True,7,-0.06720403731846673,-0.015190124587853841,-0.07921007554024806,3.3306690738754696e-16
454,0,0.0,True,7,True,7,0.004953274809211223,0.09412378681395225,-0.1303244255262106,2.220446049250313e-16
455,0,0.0,True,7,True,7,0.010094836459864927,-0.03795233189115064,-0.030557707658557698,4.440892098500626e-16
456,0,0.0,True,7,True,7,-0.0395624432607558,0.08007411331717602,-0.020068652951185317,2.220446049250313e-16
457,0,0.0,True,7,True,7,0.023722370923370845,-0.0017405570547017173,-0.04061102977062836,1.6653345369377348e-16
458,0,0.0,True,7,True,7,-0.05375860049588958,-0.014305867982909289,0.027810666511985827,3.3306690738754696e-16
459,0,0.0,True,7,True,7,-0.08177821778655069,-0.06712807665282676,0.040625538676350104,3.3306690738754696e-16
460,0,0.0,True,7,True,7,0.040823269438437955,0.033839895960400275,0.010753607836583079,2.220446049250313e-16
461,0,0.0,True,7,True,7,-0.011461668450289467,-0.002627254800853412,0.048373898218087796,3.3306690738754696e-16
462,0,0.0,True,7,True,7,0.026571226537526742,-0.0287413522677956,-0.027981796642549517,3.3306690738754696e-16
463,0,0.0,True,7,True,7,0.01517040044436925,0.044956454942911186,0.02773836073360425,2.220446049250313e-16
464,0,0.0,True,7,True,7,-0.022726144856394112,0.06442396174233482,-0.039845537366328454,2.220446049250313e-16
465,0,0.0,True,7,True,7,-0.01520086008185958,0.03188287821045412,-0.013806604953841338,3.3306690738754696e-16
466,0,0.0,True,7,True,7,-0.0019716927555266,0.013082437617467097,-0.011968072672900565,2.220446049250313e-16
467,0,0.0,True,7,True,7,0.010385002027446657,0.04656336734531654,0.003211187799036619,2.220446049250313e-16
468,0,0.0,True,7,True,7,0.01493740228667819,0.005502557600613529,0.026033519954539064,3.3306690738754696e-16
469,0,0.0,True,7,True,7,-0.037989949937672345,0.09263492874230816,-0.04047036977581331,5.551115123125783e-16
470,0,0.0,True,7,True,7,0.036487427498781796,-0.08103450129980791,0.0790722274646175,3.3306690738754696e-16
471,0,0.0,True,7,True,7,-0.009828992467204312,-0.04931136108172947,-0.05306044761290707,3.3306690738754696e-16
472,0,0.0,True,7,True,7,0.0008261228687702141,0.0308122144739683,0.0661928678368513,3.3306690738754696e-16
473,0,0.0,True,7,True,7,0.004966766070330406,-0.03154452256371658,-0.00855023543436606,4.440892098500626e-16
474,0,0.0,True,7,True,7,-0.030365249951983392,-0.022245788090115452,-0.004887436686658697,3.3306690738754696e-16
475,0,0.0,True,7,True,7,0.036200916542513076,-0.05646161929517047,0.011158430762779448,4.440892098500626e-16
476,0,0.0,True,7,True,7,-0.06331683359589824,-0.02594716989741249,-0.04092283084736281,4.440892098500626e-16
477,0,0.0,True,7,True,7,0.02916793036098382,-0.046030063127196125,0.00292043099961381,2.220446049250313e-16
478,0,0.0,True,7,True,7,0.029922221096693378,-0.03335622646924515,-0.022385079390502716,3.3306690738754696e-16
479,0,0.0,True,7,True,7,0.02827473916657141,-0.04897485459625542,-0.03048306494086006,2.220446049250313e-16
480,0,0.0,True,7,True,7,0.09700519730355675,-0.02255071884860686,-0.0038632755887434422,3.3306690738754696e-16
481,0,0.0,True,7,True,7,0.0046568457122911425,0.08136698616115394,0.03387258580663943,2.220446049250313e-16
482,0,0.0,True,7,True,7,-0.034232988328760434,0.0037999233488436313,-0.0029185786712577766,2.220446049250313e-16
483,0,0.0,True,7,True,7,0.014922523162768972,-0.02020539772383641,-0.063968420221576,2.220446049250313e-16
484,0,0.0,True,7,True,7,0.008339703236719252,-0.03195664911907746,-0.03142264255108573,2.220446049250313e-16
485,0,0.0,True,7,True,7,0.013144509652969257,-0.006981324125583384,0.1056812619236751,2.220446049250313e-16
486,0,0.0,True,7,True,7,0.014852308249912231,0.04558074095148117,-0.0108923856246248,3.3306690738754696e-16
487,0,0.0,True,7,True,7,0.006391400863408454,-0.004982118723256296,0.019506315394614226,2.220446049250313e-16
488,0,0.0,True,7,True,7,0.0423447258115546,0.10707885291003372,0.03736677196505678,3.3306690738754696e-16
489,0,0.0,True,7,True,7,0.024773539462302527,0.03549872668771189,0.0520269007047961,3.3306690738754696e-16
490,0,0.0,True,7,True,7,0.052214748059404945,-0.015391749161219152,-0.003532770417263631,2.220446049250313e-16
491,0,0.0,True,7,True,7,0.0029255276040724178,-0.019349131428976624,-0.029178768215855855,3.3306690738754696e-16
492,0,0.0,True,7,True,7,0.049948171559798055,-0.04706377686247987,0.05049276189299079,2.220446049250313e-16
493,0,0.0,True,7,True,7,0.014470997191896007,0.013209412514060047,-0.06735171133312878,4.440892098500626e-16
494,0,0.0,True,7,True,7,-0.09002906111401468,0.057199957480167506,0.07422143552194138,4.440892098500626e-16
495,0,0.0,True,7,True,7,0.0020559055021864975,0.024448828770373042,0.026639862542794934,3.3306690738754696e-16
496,0,0.0,True,7,True,7,0.0344911980946479,0.030379439887568187,-0.06772026868127168,4.440892098500626e-16
497,0,0.0,True,7,True,7,0.08845620308060942,-0.026225898431423044,0.02450381196956475,2.220446049250313e-16
498,0,0.0,True,7,True,7,0.01344985459657874,0.025204650279180993,0.04839534211202223,7.771561172376096e-16
499,0,0.0,True,7,True,7,-0.046360497814426055,-0.004725647477319829,0.1133749956309219,3.3306690738754696e-16
0,1,0.75,True,7,True,7,0.7239333463804103,-0.09569728600813437,0.018127446303335293,3.3306690738754696e-16
1,1,0.75,True,7,True,7,0.735595020887464,0.03992396456741289,-0.08583625017983243,3.3306690738754696e-16
2,1,0.75,True,7,True,7,0.6852646586956967,-0.02246082407666813,-0.07519121269140716,2.220446049250313e-16
3,1,0.75,True,7,True,7,0.8241985880374674,-0.006451387960252995,0.023604381505199827,2.220446049250313e-16
4,1,0.75,True,7,True,7,0.7285248344383667,-0.013222162517394075,0.024966464715910575,2.220446049250313e-16
5,1,0.75,True,7,True,7,0.7432822060235154,0.05127684330092127,-0.001565435485973432,2.220446049250313e-16
6,1,0.75,True,7,True,7,0.6824841945473443,0.010770896936955834,-0.010643687598790419,3.3306690738754696e-16
7,1,0.75,True,7,True,7,0.7687521576912839,0.0003369042201595285,-0.02402403062409786,2.220446049250313e-16
8,1,0.75,True,7,True,7,0.7483930003737718,-0.03240169853671297,-0.00847425308895211,2.220446049250313e-16
9,1,0.75,True,7,True,7,0.7713471179757503,0.026675698312118308,-0.028365164706835144,3.3306690738754696e-16
10,1,0.75,True,6,True,7,0.7084587726537311,0.01097971734817535,-0.049173180685801565,3.3306690738754696e-16
11,1,0.75,True,7,True,7,0.7354778557678402,0.016348352822425034,0.05035525568356991,2.220446049250313e-16
12,1,0.75,True,7,True,7,0.7303537046049763,0.01061007452051833,0.007628683294843452,3.3306690738754696e-16
13,1,0.75,True,6,True,7,0.7622884986535551,0.08305563816176696,-0.01371173935535519,3.3306690738754696e-16
14,1,0.75,True,7,True,7,0.7479106319221124,0.053845880727813475,-0.054546633163257585,2.220446049250313e-16
15,1,0.75,True,7,True,7,0.7787809966159953,-0.0328293918606305,0.007427505316997429,3.3306690738754696e-16
16,1,0.75,True,7,True,7,0.7308140735548198,-0.007186122537839439,0.045734585509617065,3.3306690738754696e-16
17,1,0.75,True,7,True,7,0.7144729689862472,-0.012726659713637473,0.006335703392008396,4.440892098500626e-16
18,1,0.75,True,7,True,7,0.7222195874327088,0.024821483841274253,0.02235207853503529,6.661338147750939e-16
19,1,0.75,True,7,True,7,0.8320738824780637,-0.033051858712126896,-0.012782922347592596,2.220446049250313e-16
20,1,0.75,True,7,True,7,0.7108407836911427,-0.0805175341209147,-0.05651188868427881,2.220446049250313e-16
21,1,0.75,True,7,True,7,0.7704525275554104,0.020888672335514676,0.010954499341836677,3.3306690738754696e-16
22,1,0.75,True,7,True,7,0.7625476227753949,-0.01634430175483019,-0.03535394368966649,2.220446049250313e-16
23,1,0.75,True,7,True,7,0.7169040625362608,-0.014914393460970099,-0.05986614493704745,4.440892098500626e-16
24,1,0.75,True,7,True,7,0.7437258527017009,0.005330893125594965,-0.05959017372569253,3.3306690738754696e-16
25,1,0.75,True,7,True,7,0.8601205459175592,0.028544830549676763,0.0006681497262216457,2.220446049250313e-16
26,1,0.75,True,7,True,7,0.7182758848088115,0.030544991352559205,0.01238557383691119,3.3306690738754696e-16
27,1,0.75,True,7,True,7,0.7320253188837644,-0.019897004730652954,-0.04689584982982664,2.220446049250313e-16
28,1,0.75,True,7,True,7,0.7453388162071014,-0.021103498276421967,-0.03157956225094494,3.3306690738754696e-16
29,1,0.75,True,7,True,7,0.6983715275984946,0.01650939654721787,0.016536127756949348,2.220446049250313e-16
30,1,0.75,True,7,True,7,0.7856936593724839,0.003488655931569648,0.018515956501955033,2.220446049250313e-16
31,1,0.75,True,7,True,7,0.7281813837400414,0.012581838445893698,-0.008888008221321186,3.3306690738754696e-16
32,1,0.75,True,7,True,7,0.773155107651811,0.026612533282443833,0.013945047239111052,3.3306690738754696e-16
33,1,0.75,True,6,True,7,0.7413680330020335,0.03870243564613063,-0.05592038425609114,3.3306690738754696e-16
34,1,0.75,True,7,True,7,0.750036904141417,-0.02843316314953557,-0.05977545082338098,2.220446049250313e-16
35,1,0.75,True,6,True,7,0.7759901286469042,-0.015303421324052047,-0.021169892797230028,2.220446049250313e-16
36,1,0.75,True,7,True,7,0.7054361668024037,0.022110980823485483,-0.036518280274410175,4.440892098500626e-16
37,1,0.75,True,7,True,7,0.8144105745295791,0.04040394178908534,-0.02450699342951379,2.220446049250313e-16
38,1,0.75,True,7,True,7,0.6960661531363808,0.03530156296987651,0.03486739273775208,4.440892098500626e-16
39,1,0.75,True,6,True,7,0.7779182729402138,0.08486189379928046,0.00900238918586549,2.220446049250313e-16
40,1,0.75,True,6,True,7,0.7634589813247992,-0.03103386738531514,-0.006109491281440782,4.440892098500626e-16
41,1,0.75,True,7,True,7,0.7788241440229807,-0.01080162921748453,-0.004342181333486073,3.3306690738754696e-16
42,1,0.75,True,7,True,7,0.7620880775465757,-0.046627013898011015,-0.031832816444264944,3.3306690738754696e-16
43,1,0.75,True,6,True,7,0.7663298132684099,-0.03304735482629058,0.06854664119426357,3.3306690738754696e-16
44,1,0.75,True,7,True,7,0.7379867772134641,0.07786830419376856,-0.031157493946839532,3.3306690738754696e-16
45,1,0.75,True,7,True,7,0.8234340115135699,-0.036532199891863765,-0.03887927456401585,3.3306690738754696e-16
46,1,0.75,True,7,True,7,0.6618670993590735,0.001914340961558722,0.033111604193726385,3.3306690738754696e-16
47,1,0.75,True,7,True,7,0.7585100160703572,-0.016355358274434552,-0.10885894776728722,3.3306690738754696e-16
48,1,0.75,True,7,True,7,0.7675715802576024,0.01783564143699583,0.0326890962981381,3.3306690738754696e-16
49,1,0.75,True,7,True,7,0.7123798007142808,-0.022848162405894004,-0.045904283814315106,4.440892098500626e-16
50,1,0.75,True,6,True,7,0.756280325401116,-0.013588265781725483,0.03370479242301416,2.220446049250313e-16
51,1,0.75,True,7,True,7,0.7721677814712512,-0.014438238651326664,-0.037337635179234274,4.440892098500626e-16
52,1,0.75,True,6,True,7,0.704501917683373,0.015968450183335054,0.042917014106117146,3.3306690738754696e-16
53,1,0.75,True,6,True,7,0.723623338199664,-0.0003822358839211306,-0.061763242565829435,4.440892098500626e-16
54,1,0.75,True,7,True,7,0.7514114427453883,0.011767196489900315,0.005458589487720378,2.220446049250313e-16
55,1,0.75,True,7,True,7,0.7417046619877733,-0.05388269373634078,0.023243652177325824,2.220446049250313e-16
56,1,0.75,True,6,True,7,0.7243598107078537,0.03512582480848955,0.03510209165128774,3.3306690738754696e-16
57,1,0.75,True,7,True,7,0.7760402449472783,0.028282676283904736,0.016942567830982913,3.3306690738754696e-16
58,1,0.75,True,7,True,7,0.7708857863781302,-0.013437937011281407,-0.012391878859079553,2.220446049250313e-16
59,1,0.75,True,7,True,7,0.6980239759042627,-0.03748978220060109,-0.08085276091913784,4.440892098500626e-16
60,1,0.75,True,7,True,7,0.7711843823955375,0.06242372123890928,-0.00547887312012596,3.3306690738754696e-16
61,1,0.75,True,7,True,7,0.7385417998162765,-0.06719347719243171,0.057442350324039326,3.3306690738754696e-16
62,1,0.75,True,7,True,7,0.7539831243594701,0.00688327823227439,0.006004605986336564,2.220446049250313e-16
63,1,0.75,True,7,True,7,0.675824146508277,-0.026307023827409536,-0.009778733877964463,3.3306690738754696e-16
64,1,0.75,True,7,True,7,0.711804500814894,-0.017019887423223672,-0.0004998060320081654,2.220446049250313e-16
65,1,0.75,True,6,True,7,0.7144901911316452,0.025800982143795132,0.014638202351065832,2.220446049250313e-16
66,1,0.75,True,7,True,7,0.7274203174984246,-0.024318064807221415,-0.06983624141687583,3.3306690738754696e-16
67,1,0.75,True,7,True,7,0.7743398801644027,-0.053342877301128314,0.009167252102599277,3.3306690738754696e-16
68,1,0.75,True,7,True,7,0.7272990625423956,-0.0757215384738455,-0.04442152599872973,2.220446049250313e-16
69,1,0.75,True,7,True,7,0.7461268070349344,0.017399780663269238,0.04582016858744309,2.220446049250313e-16
70,1,0.75,True,7,True,7,0.7302659781985137,-0.032357655395847264,-0.017332551890255066,3.3306690738754696e-16
71,1,0.75,True,6,True,7,0.7617841974106943,-0.008504552031452936,0.003925497907602216,4.440892098500626e-16
72,1,0.75,True,7,True,7,0.805781367348524,-0.055256164758901244,-0.05284763436161066,3.3306690738754696e-16
73,1,0.75,True,6,True,7,0.6834137665347172,0.04759672669523886,-0.016235257129412872,3.3306690738754696e-16
74,1,0.75,True,7,True,7,0.7751847227263664,-0.014145515757160231,0.01568665065748065,4.440892098500626e-16
75,1,0.75,True,7,True,7,0.7461846825501812,0.03697923904073781,0.031210761223509964,4.440892098500626e-16
76,1,0.75,True,7,True,7,0.8463133542042065,-0.03795719250385813,0.07192227424263076,3.3306690738754696e-16
77,1,0.75,True,7,True,7,0.7298891511130122,-0.020244268871379152,0.014973323705175678,5.551115123125783e-16
78,1,0.75,True,7,True,7,0.7839814636298235,-0.0031356874197229485,-0.01742066492676819,3.3306690738754696e-16
79,1,0.75,True,7,True,7,0.7374502182711311,0.03881244750041182,0.003925487968325703,4.440892098500626e-16
80,1,0.75,True,7,True,7,0.7682535686394919,-0.04983790130528894,0.014726352027575773,3.3306690738754696e-16
81,1,0.75,True,6,True,7,0.6748368895388873,0.05940121233814151,0.013690407107284641,2.220446049250313e-16
82,1,0.75,True,6,True,7,0.747045049817485,0.07004475103063139,0.04624292163363708,2.220446049250313e-16
83,1,0.75,True,7,True,7,0.7122231283508621,-0.05689643188103129,0.03087467089740381,3.3306690738754696e-16
84,1,0.75,True,7,True,7,0.7046495053846973,0.018730676603764127,0.006775656027046328,3.3306690738754696e-16
85,1,0.75,True,7,True,7,0.7840885962819685,0.0041726123366311735,-0.05061896250856335,4.440892098500626e-16
86,1,0.75,True,7,True,7,0.7427999058228163,-0.07319809471754446,0.03928134837548092,3.3306690738754696e-16
87,1,0.75,True,6,True,7,0.688944225273431,-0.03399786857508598,0.008932128689724483,3.3306690738754696e-16
88,1,0.75,True,7,True,7,0.7734835759972007,0.015872252142969247,-0.004433894585027187,3.3306690738754696e-16
89,1,0.75,True,7,True,7,0.6717745139989528,0.01057530146723621,-0.05593440965179686,3.3306690738754696e-16
90,1,0.75,True,7,True,7,0.7434312390494966,-0.025177635927625296,-0.027687335368868693,4.440892098500626e-16
91,1,0.75,True,7,True,7,0.7451942289294424,0.04237504659730718,-0.011942853642353368,4.440892098500626e-16
92,1,0.75,True,7,True,7,0.7368993615396839,-0.04560144995996449,0.008392495283020551,2.220446049250313e-16
93,1,0.75,True,7,True,7,0.7571699275941428,-0.049988063244690725,0.0579782097893099,3.3306690738754696e-16
94,1,0.75,True,7,True,7,0.7483852166945589,0.05601759270274241,-0.010422905255409787,3.3306690738754696e-16
95,1,0.75,True,7,True,7,0.756963664624522,0.004163689142436488,0.0002470190807551953,2.220446049250313e-16
96,1,0.75,True,7,True,7,0.7544418474141968,-0.011352301103270233,0.033777127095560244,3.3306690738754696e-16
97,1,0.75,True,7,True,7,0.7424520286745139,-0.07525348406406532,-0.009787439647896079,2.220446049250313e-16
98,1,0.75,True,7,True,7,0.7266159262829669,-0.004291213142899675,-0.04729413034712149,3.3306690738754696e-16
99,1,0.75,True,7,True,7,0.7105800823219649,0.06542196932030606,0.013996238704095498,3.3306690738754696e-16
100,1,0.75,True,7,True,7,0.7376443326628127,0.0348224945744726,-0.0006090585384379565,2.220446049250313e-16
101,1,0.75,True,7,True,7,0.7345306629686911,0.019429715396723828,-0.013386267606244506,3.3306690738754696e-16
102,1,0.75,True,7,True,7,0.7453512698738378,-0.01764718196828978,-0.026533953458760973,3.3306690738754696e-16
103,1,0.75,True,7,True,7,0.7396118234963901,0.01965223029112404,-0.03419019948591395,4.440892098500626e-16
104,1,0.75,True,7,True,7,0.7403731361679313,0.06579028426254716,0.026322999046390454,2.220446049250313e-16
105,1,0.75,True,7,True,7,0.814332433805065,0.011840572488820292,-0.03806611134522431,2.220446049250313e-16
106,1,0.75,True,7,True,7,0.7508426266331963,-0.009670312202931557,-0.0029834923178793105,3.3306690738754696e-16
107,1,0.75,True,7,True,7,0.6920823604236277,-0.01558569369531691,-0.018412137523938,3.3306690738754696e-16
108,1,0.75,True,7,True,7,0.7737131693257459,-0.05631788682704589,0.02798140801534621,4.440892098500626e-16
109,1,0.75,True,6,True,7,0.7081363287045307,-0.01423741243881922,-0.003478343035437481,5.551115123125783e-16
110,1,0.75,True,6,True,7,0.7695960460430498,-0.04689210634123932,0.03216194811916617,2.220446049250313e-16
111,1,0.75,True,7,True,7,0.6943216613939112,-0.045577037392436584,-0.1275971094636028,2.220446049250313e-16
112,1,0.75,True,7,True,7,0.7630222970679565,0.0036230894010927154,0.028441449658636153,2.220446049250313e-16
113,1,0.75,True,7,True,7,0.7573010474860513,-0.01306621154854493,-0.005073338660999127,3.3306690738754696e-16
114,1,0.75,True,7,True,7,0.7297043326648618,0.056701783837585173,-0.011029991334884137,2.220446049250313e-16
115,1,0.75,True,7,True,7,0.787017548888353,-0.01883911159548445,-0.04338169508632439,3.3306690738754696e-16
116,1,0.75,True,7,True,7,0.6974644740487648,-0.042894924143905916,-0.026392361644383744,3.3306690738754696e-16
117,1,0.75,True,7,True,7,0.7525055899486458,-0.01675292859275763,-0.005362953560627215,3.3306690738754696e-16
118,1,0.75,True,6,True,7,0.7042114030977371,0.012969184755586494,0.0588864033570643,2.220446049250313e-16
119,1,0.75,True,7,True,7,0.7297612342719234,0.014851376409862754,0.004985182528338794,2.220446049250313e-16
120,1,0.75,True,7,True,7,0.7414309835851962,0.02921034457097445,-0.018967217477047882,2.220446049250313e-16
121,1,0.75,True,7,True,7,0.7473259847310366,-0.03488305016719242,0.03160479357486434,4.440892098500626e-16
122,1,0.75,True,7,True,7,0.7459860139470026,-0.04007279154572884,-0.0011923401561890756,2.220446049250313e-16
123,1,0.75,True,7,True,7,0.6428854807178034,-0.0325410147007756,-0.09625788647281341,2.220446049250313e-16
124,1,0.75,True,7,True,7,0.7008429379709984,0.016893023372731696,-0.00156015074237148,3.3306690738754696e-16
125,1,0.75,True,7,True,7,0.7456874614002672,-0.003548781897392661,-0.028380128381802372,2.220446049250313e-16
126,1,0.75,True,7,True,7,0.7448611468755947,-0.018755616267353194,0.0355351732306336,2.220446049250313e-16
127,1,0.75,True,7,True,7,0.7601189330450089,-0.011287526714495727,0.002649684443021827,2.220446049250313e-16
128,1,0.75,True,7,True,7,0.7447130908069425,-0.04887219073666256,-0.07314703628347963,3.3306690738754696e-16
129,1,0.75,True,7,True,7,0.7027307746684499,-0.021429895334260245,0.028527448695693458,3.3306690738754696e-16
130,1,0.75,True,7,True,7,0.6845238723083111,-0.06960329779468874,-0.02039208221779154,3.3306690738754696e-16
131,1,0.75,True,7,True,7,0.7878486660042621,0.03098093911616983,-0.006127317554187051,2.220446049250313e-16
132,1,0.75,True,6,True,7,0.8238348701617778,-0.01774125607013413,-0.0685915360952356,4.440892098500626e-16
133,1,0.75,True,7,True,7,0.849787041566466,-0.01673665353861406,0.03367826302303467,3.3306690738754696e-16
134,1,0.75,True,6,True,7,0.7713242899891469,-0.03183850964529373,-0.013450105888622277,4.440892098500626e-16
135,1,0.75,True,7,True,7,0.7632304817662441,-0.011380871455484047,0.008149210804507812,3.3306690738754696e-16
136,1,0.75,True,7,True,7,0.7823851434512666,0.04308623982326649,0.0066948078860326055,3.3306690738754696e-16
137,1,0.75,True,7,True,7,0.8475121953224425,-0.01277779477902886,0.03228318527038876,4.440892098500626e-16
138,1,0.75,True,7,True,7,0.7445586189885189,0.05611593182279096,-0.02813413024996725,3.3306690738754696e-16
139,1,0.75,True,7,True,7,0.7312409756689517,-0.027985044102612044,-0.05352357924174078,3.3306690738754696e-16
140,1,0.75,True,6,True,7,0.7706674529943813,-0.023778856802641878,-0.030385388868842123,4.440892098500626e-16
141,1,0.75,True,7,True,7,0.8139682040253766,0.0016550638712501745,0.09120308409447886,3.3306690738754696e-16
142,1,0.75,True,7,True,7,0.752206082159833,0.026183119729715293,0.09758293790610106,5.551115123125783e-16
143,1,0.75,True,6,True,7,0.777486866875977,-0.009779727664092283,0.00952573648026811,3.3306690738754696e-16
144,1,0.75,True,7,True,7,0.7144557191732258,-0.07583699203102152,0.014023362534668515,3.3306690738754696e-16
145,1,0.75,True,7,True,7,0.7403000696229314,0.027750565725915464,0.05592290536163336,3.3306690738754696e-16
146,1,0.75,True,7,True,7,0.6995912467037244,0.023628442114247222,-0.062163605833853275,1.1102230246251565e-16
147,1,0.75,True,7,True,7,0.773482455852203,-0.017048062196108202,0.05413473957580883,2.220446049250313e-16
148,1,0.75,True,7,True,7,0.772139754274204,-0.017432975726641497,0.08639154674324179,2.220446049250313e-16
149,1,0.75,True,7,True,7,0.7026428179506121,-0.004619103597052458,0.0344866556862522,2.220446049250313e-16
150,1,0.75,True,7,True,7,0.75590502788506,-0.04158205383445198,0.03823428860497169,2.220446049250313e-16
151,1,0.75,True,7,True,7,0.7395692298440617,-0.0071687912552324505,0.003940679110739476,4.440892098500626e-16
152,1,0.75,True,7,True,7,0.7726160165724916,0.0257205195478193,-0.06870057809448893,2.220446049250313e-16
153,1,0.75,True,7,True,7,0.7205914947869393,0.02896294151074865,-0.05761383556983435,3.3306690738754696e-16
154,1,0.75,True,6,True,7,0.7516293270499314,0.04282021071544877,-0.00995967258532282,2.220446049250313e-16
155,1,0.75,True,7,True,7,0.7246664944451316,-0.009249531442472297,-0.04791286599716971,3.3306690738754696e-16
156,1,0.75,True,7,True,7,0.7861110746963649,0.06089980958828829,-0.059741032559603724,3.3306690738754696e-16
157,1,0.75,True,7,True,7,0.7468502792304416,-0.01766798599907982,0.01651869636596892,2.220446049250313e-16
158,1,0.75,True,7,True,7,0.7656424640316464,9.738955041579955e-05,0.0018562554524668151,2.220446049250313e-16
159,1,0.75,True,7,True,7,0.7361229442043731,0.018473863655376198,0.031652263758847,2.220446049250313e-16
160,1,0.75,True,7,True,7,0.7344826959863796,0.01083242121655368,-0.014287344326428197,2.220446049250313e-16
161,1,0.75,True,7,True,7,0.7161355937377019,0.008804960885189915,0.05127155995722443,4.440892098500626e-16
162,1,0.75,True,7,True,7,0.7436174453080759,-0.037573168971019325,-0.044851704979124385,4.440892098500626e-16
163,1,0.75,True,6,True,7,0.7164158891970028,0.03392601796142537,0.013469403954547543,5.551115123125783e-16
164,1,0.75,True,7,True,7,0.776603508390261,-0.06357178495236518,0.047498160370079257,3.3306690738754696e-16
165,1,0.75,True,6,True,7,0.7446636560787168,0.07686390964383145,0.03975473370757754,4.440892098500626e-16
166,1,0.75,True,7,True,7,0.6908322661777927,-0.04584712428661491,-0.0025780160510493477,2.3592239273284576e-16
167,1,0.75,True,7,True,7,0.7408047413495588,-0.03780298995145947,-0.030522933805244845,5.551115123125783e-16
168,1,0.75,True,7,True,7,0.778297475059386,0.059173647709113306,-0.008172933314297581,3.3306690738754696e-16
169,1,0.75,True,7,True,7,0.7896947302783116,0.021194272684027193,0.014404332732219305,3.3306690738754696e-16
170,1,0.75,True,7,True,7,0.6892833376555815,0.037803186881639084,-0.032726937610079165,2.220446049250313e-16
171,1,0.75,True,7,True,7,0.7640777673193513,-0.023567455486422643,-0.06055214732330216,4.440892098500626e-16
172,1,0.75,True,6,True,7,0.7393269455550181,0.023294833181703826,-0.04433740308829226,3.3306690738754696e-16
173,1,0.75,True,7,True,7,0.7389509707590769,0.015428808867500771,0.03729758382226622,2.220446049250313e-16
174,1,0.75,True,7,True,7,0.7541587487273179,-0.05939914869744113,0.003209768752358677,3.3306690738754696e-16
175,1,0.75,True,7,True,7,0.7709846427718565,-0.019323126995351596,0.044303900626300075,2.220446049250313e-16
176,1,0.75,True,7,True,7,0.7422502792117138,-0.017942688481682834,-0.018551448841458096,2.220446049250313e-16
177,1,0.75,True,7,True,7,0.7205014300000154,-0.008332272428977295,0.024839055597719373,2.220446049250313e-16
178,1,0.75,True,7,True,7,0.7562892522307962,-0.030663947578827982,0.07636838277361369,3.3306690738754696e-16
179,1,0.75,True,7,True,7,0.7306718236113625,-0.00948143209909073,-0.008917134054430731,3.3306690738754696e-16
180,1,0.75,True,7,True,7,0.6848487725997229,0.0910155028196076,-0.019375696682176535,3.3306690738754696e-16
181,1,0.75,True,7,True,7,0.7148638835730857,-0.015731885154617358,-0.01382698236307256,3.3306690738754696e-16
182,1,0.75,True,7,True,7,0.8097345054596725,0.034997105095225634,0.01405717333032186,3.3306690738754696e-16
183,1,0.75,True,7,True,7,0.7789464146822228,-0.030202045329928675,0.027434168940837056,3.3306690738754696e-16
184,1,0.75,True,7,True,7,0.8270880323356039,0.025923894750102865,0.025224708973603405,2.220446049250313e-16
185,1,0.75,True,7,True,7,0.6944150511350837,-0.010181765474418264,0.04007675529492616,2.220446049250313e-16
186,1,0.75,True,7,True,7,0.7994036546566282,0.0629584749043135,-0.030302843549246505,3.3306690738754696e-16
187,1,0.75,True,7,True,7,0.7362718239509092,-0.004588237453578933,0.08993128486800195,2.220446049250313e-16
188,1,0.75,True,7,True,7,0.7111858588219798,0.022674461804957812,0.0501816025381685,2.220446049250313e-16
189,1,0.75,True,7,True,7,0.7145185527556244,0.003638330175182617,0.013120228912943066,2.220446049250313e-16
190,1,0.75,True,7,True,7,0.8260566238654087,0.04244999489971871,0.003036233141602729,3.3306690738754696e-16
191,1,0.75,True,7,True,7,0.7198589325611072,-0.01405386355558082,0.0315241056948824,3.3306690738754696e-16
192,1,0.75,True,7,True,7,0.707609747124703,0.0038624869635649796,0.05454605703728732,3.3306690738754696e-16
193,1,0.75,True,7,True,7,0.7535868306699469,-0.04048463362664769,0.03226049053151514,5.551115123125783e-16
194,1,0.75,True,7,True,7,0.7172140636675374,-0.09509148357391514,0.025230201431095,2.220446049250313e-16
195,1,0.75,True,7,True,7,0.6739667757540847,0.026016451995154045,-0.05845492421218457,2.220446049250313e-16
196,1,0.75,True,7,True,7,0.7309424808463013,-0.06244880082827462,0.014092672004963336,2.220446049250313e-16
197,1,0.75,True,6,True,7,0.7723206143792568,-0.08631378421003219,-0.008890003377717724,3.3306690738754696e-16
198,1,0.75,True,7,True,7,0.7901396653166043,-0.050347787364293656,0.01814934002297186,2.220446049250313e-16
199,1,0.75,True,7,True,7,0.7412384809660537,0.02496431292927023,0.03176143837490142,3.3306690738754696e-16
200,1,0.75,True,7,True,7,0.7928309197340879,0.019598424607777675,-0.04153066741303846,3.3306690738754696e-16
201,1,0.75,True,7,True,7,0.7886821908913942,-0.03585025360980616,-0.00365735492741992,2.220446049250313e-16
202,1,0.75,True,7,True,7,0.7828201439068965,-0.009990901475075545,-0.005200328310899671,3.3306690738754696e-16
203,1,0.75,True,7,True,7,0.6479155581905068,0.008882073411791501,0.04474200745947576,5.551115123125783e-16
204,1,0.75,True,7,True,7,0.6881763538259982,-0.06402608467924772,0.001805199211573294,2.220446049250313e-16
205,1,0.75,True,7,True,7,0.8206508371849954,-0.05434944459496405,-0.0016736338267340223,3.3306690738754696e-16
206,1,0.75,True,7,True,7,0.7355878151713144,0.009890886237671499,0.03811877546857889,3.3306690738754696e-16
207,1,0.75,True,7,True,7,0.746906504139089,-0.023257560272486596,-0.09230045750675475,3.3306690738754696e-16
208,1,0.75,True,6,True,7,0.6906148966185487,0.04195538959540162,0.0016557631948795892,3.3306690738754696e-16
209,1,0.75,True,7,True,7,0.7628217602655942,-0.0008029589078832645,0.017619602019844804,2.220446049250313e-16
210,1,0.75,True,6,True,7,0.7351148782820319,-0.0017014088481825881,-0.05329839321536767,3.3306690738754696e-16
211,1,0.75,True,7,True,7,0.6956249814401796,0.00936692281421005,0.04309010274754588,3.3306690738754696e-16
212,1,0.75,True,7,True,7,0.798751254509158,-0.02513613484989293,-0.03178605534292678,5.551115123125783e-16
213,1,0.75,True,7,True,7,0.7209459201909868,-0.08555235664273238,-0.029245458865309715,3.3306690738754696e-16
214,1,0.75,True,7,True,7,0.8669928412427649,-0.007174196874458027,0.021242303075313385,2.220446049250313e-16
215,1,0.75,True,7,True,7,0.7109750798064879,0.0022802676199225845,-0.0033024000630363926,3.3306690738754696e-16
216,1,0.75,True,7,True,7,0.8620246125807903,0.03621563675595065,-0.015364511853276586,3.3306690738754696e-16
217,1,0.75,True,7,True,7,0.7633550623403891,-0.030460654217664616,0.05396065369593317,3.3306690738754696e-16
218,1,0.75,True,7,True,7,0.7404665581578962,0.015424421949066007,0.010024361402267479,3.3306690738754696e-16
219,1,0.75,True,7,True,7,0.7708505509097676,-0.016988125329476404,0.018182848320791645,3.3306690738754696e-16
220,1,0.75,True,7,True,7,0.7295765427201854,-0.08730213659321281,0.025590979775430123,5.551115123125783e-16
221,1,0.75,True,7,True,7,0.7325155950983963,-0.0034693015310092792,-0.06241415646031667,3.3306690738754696e-16
222,1,0.75,True,7,True,7,0.6877781294465829,0.06558873095941596,0.0026659155434242115,3.3306690738754696e-16
223,1,0.75,True,7,True,7,0.7973620979847275,-0.01585951375418359,-0.0506841065177599,3.3306690738754696e-16
224,1,0.75,True,7,True,7,0.7751575017956225,-0.010386212859264457,-0.03477999067649806,3.3306690738754696e-16
225,1,0.75,True,7,True,7,0.8195046043528816,-0.03362137771876885,0.07979310677115847,2.220446049250313e-16
226,1,0.75,True,7,True,7,0.8244018799740548,0.020489945049309857,0.0676958543009536,2.220446049250313e-16
227,1,0.75,True,7,True,7,0.6797013221160026,-0.007916812538456323,-0.06342829295915853,4.440892098500626e-16
228,1,0.75,True,7,True,7,0.6443578940755049,0.02335887214369233,0.0367373001045912,4.440892098500626e-16
229,1,0.75,True,7,True,7,0.7542026557778345,0.015143930251225632,-0.03753566278403719,3.3306690738754696e-16
230,1,0.75,True,7,True,7,0.7241870402778775,0.02025639128476244,-0.03348030742680819,4.440892098500626e-16
231,1,0.75,True,7,True,7,0.7023597526160176,0.026923679570667748,0.031310009566323016,4.440892098500626e-16
232,1,0.75,True,7,True,7,0.6840842789371199,0.00901945321028929,-0.054956128005226534,3.3306690738754696e-16
233,1,0.75,True,7,True,7,0.8198942586459438,0.024241725337591155,0.012458223461194406,2.220446049250313e-16
234,1,0.75,True,7,True,7,0.7575001566266881,0.05927288179896032,0.06278999575099486,3.3306690738754696e-16
235,1,0.75,True,6,True,7,0.7651445345577951,0.007652222968802729,-0.09682756785680047,2.220446049250313e-16
236,1,0.75,True,7,True,7,0.7019726945654922,0.04725285932361055,-0.025174908368648108,2.220446049250313e-16
237,1,0.75,True,7,True,7,0.6977951070008203,-0.020474513396282815,0.001211087841772044,3.3306690738754696e-16
238,1,0.75,True,7,True,7,0.8679633033866904,-0.020937369241755134,-0.014615482882531006,3.3306690738754696e-16
239,1,0.75,True,7,True,7,0.6524944059724793,0.09189156599968537,0.03759057610897598,3.3306690738754696e-16
240,1,0.75,True,7,True,7,0.7634829732414828,-0.04772846983931113,0.04376288074741286,2.220446049250313e-16
241,1,0.75,True,7,True,7,0.741939956563977,0.04398876905970068,0.018888473413603113,2.220446049250313e-16
242,1,0.75,True,7,True,7,0.751097955357303,-0.035630553592448336,0.02653809584033706,3.3306690738754696e-16
243,1,0.75,True,7,True,7,0.7608695893678532,0.04602473394778834,-0.0050994111072394325,2.220446049250313e-16
244,1,0.75,True,7,True,7,0.7171160960132761,-0.04829689617634365,-0.020378818653506436,3.3306690738754696e-16
245,1,0.75,True,7,True,7,0.7880405423630619,-0.06406987342251583,0.025404989457483707,3.3306690738754696e-16
246,1,0.75,True,7,True,7,0.7561829765891493,-0.049736419657712735,0.05823918120240246,3.3306690738754696e-16
247,1,0.75,True,7,True,7,0.7814447282844766,0.06474381103176542,-0.05396658083043526,3.3306690738754696e-16
248,1,0.75,True,7,True,7,0.7885200310247339,-0.0071704611700263024,0.012503701728643568,5.551115123125783e-16
249,1,0.75,True,7,True,7,0.7862973996924634,-0.0035294839424805276,-0.05931344962136009,3.3306690738754696e-16
250,1,0.75,True,6,True,7,0.768108156642361,-0.036824511475923756,0.06574551928090033,3.3306690738754696e-16
251,1,0.75,True,7,True,7,0.7692601822368814,-0.04422951870624526,-0.04123013262337427,2.220446049250313e-16
252,1,0.75,True,7,True,7,0.7191413568892628,0.07276691197261181,0.004242790755586312,3.3306690738754696e-16
253,1,0.75,True,7,True,7,0.7694161845983372,0.006982382817812147,0.07500783589568438,3.3306690738754696e-16
254,1,0.75,True,7,True,7,0.738222004063387,0.02787426249376058,0.004048153047051972,2.3592239273284576e-16
255,1,0.75,True,7,True,7,0.719763262047739,-0.0009666828286398199,0.04108561514252418,3.3306690738754696e-16
256,1,0.75,True,7,True,7,0.743888563053146,0.06007805882347966,-0.013783079733113768,2.220446049250313e-16
257,1,0.75,True,7,True,7,0.7970580827728003,-0.030236364052257846,0.004007236432997829,3.3306690738754696e-16
258,1,0.75,True,7,True,7,0.7693450551585795,0.11433305349442598,-0.003303978005834707,3.3306690738754696e-16
259,1,0.75,True,7,True,7,0.7082813869606199,-0.06162557081731297,0.04273169790952336,4.440892098500626e-16
260,1,0.75,True,7,True,7,0.7648546424954038,-0.028142131889446347,-0.018855529001791993,3.3306690738754696e-16
261,1,0.75,True,7,True,7,0.7509134253211373,-0.004217571487898955,0.043974328636946836,3.3306690738754696e-16
262,1,0.75,True,7,True,7,0.7744700289351922,-0.030288082639274044,0.004426080505852248,2.220446049250313e-16
263,1,0.75,True,7,True,7,0.7920043702942762,-0.016796024728082604,-0.015370919127388638,2.220446049250313e-16
264,1,0.75,True,6,True,7,0.7346121107446631,-0.029921206861546513,-0.005529834604977246,2.220446049250313e-16
265,1,0.75,True,7,True,7,0.7812004706215233,-0.006053371161798464,-0.001582246991307823,2.220446049250313e-16
266,1,0.75,True,7,True,7,0.779418001334673,0.08114152574864916,0.03680534652632972,2.220446049250313e-16
267,1,0.75,True,6,True,7,0.7208799953955447,0.03564740511917771,0.04749077416231495,3.3306690738754696e-16
268,1,0.75,True,7,True,7,0.7648433988104315,0.013467043731484937,0.006303265018169135,1.6653345369377348e-16
269,1,0.75,True,7,True,7,0.7578554545137901,-0.00912976864191263,-0.037220556715198194,2.220446049250313e-16
270,1,0.75,True,7,True,7,0.7475075738338086,-0.013780578822607178,-0.035277887906691285,2.220446049250313e-16
271,1,0.75,True,7,True,7,0.7365389576834439,-0.03575915546672016,0.02406445396611978,2.220446049250313e-16
272,1,0.75,True,7,True,7,0.748597879508138,-0.07058220168394169,0.008362475401722191,3.3306690738754696e-16
273,1,0.75,True,7,True,7,0.7654646131184489,0.05418139119196101,0.04381996439763158,3.3306690738754696e-16
274,1,0.75,True,7,True,7,0.6828167572354698,0.02697029970028528,-0.034359961461784216,3.3306690738754696e-16
275,1,0.75,True,7,True,7,0.7486211540687935,-0.013001968329686956,0.058357034660820095,2.220446049250313e-16
276,1,0.75,True,7,True,7,0.8232372664314773,-0.01500245193017019,-0.06350692221680442,2.220446049250313e-16
277,1,0.75,True,7,True,7,0.7114265917240223,-0.0371068009602006,0.04585728430851144,4.440892098500626e-16
278,1,0.75,True,7,True,7,0.7793710408834066,-0.03888212268797858,-0.04979967400900975,3.3306690738754696e-16
279,1,0.75,True,7,True,7,0.7103156004381803,-0.009772763483387268,0.024550636972404227,3.3306690738754696e-16
280,1,0.75,True,7,True,7,0.796191503761814,-0.0803513981557572,0.009238135479779697,2.220446049250313e-16
281,1,0.75,True,7,True,7,0.7256605472357813,0.029750717117965744,-0.05548669814102114,2.220446049250313e-16
282,1,0.75,True,7,True,7,0.7483382492548095,-0.019468770724085416,-0.008833402507829158,3.3306690738754696e-16
283,1,0.75,True,7,True,7,0.7415367654053193,-0.0033951356528067883,-0.00015011910852780197,3.3306690738754696e-16
284,1,0.75,True,7,True,7,0.779169934188879,-0.054690099110178324,-0.005233199730346749,6.661338147750939e-16
285,1,0.75,True,7,True,7,0.7352737337597611,-0.008352622928503126,-0.023689404057629537,3.3306690738754696e-16
286,1,0.75,True,7,True,7,0.7572829358775242,-0.042320182409283764,-0.01939896317397194,2.220446049250313e-16
287,1,0.75,True,7,True,7,0.694705395678033,-0.05816263554402305,-0.01663342572448223,3.3306690738754696e-16
288,1,0.75,True,7,True,7,0.6666016344256898,-0.05047163144951704,0.06266769173431241,3.3306690738754696e-16
289,1,0.75,True,7,True,7,0.8335756956823851,-0.0029447782894655335,0.04193456447977573,3.3306690738754696e-16
290,1,0.75,True,7,True,7,0.8093643040170073,0.017686337546018262,0.012285292299451633,2.220446049250313e-16
291,1,0.75,True,7,True,7,0.7280428595838866,-0.01101252343000933,-0.06268479684113015,4.440892098500626e-16
292,1,0.75,True,7,True,7,0.8506691022181176,0.039684236339542885,0.05069928569634574,5.551115123125783e-16
293,1,0.75,True,7,True,7,0.7786991781382657,0.021489770520695638,0.025534582453072496,2.220446049250313e-16
294,1,0.75,True,7,True,7,0.7174000348732641,0.0035282968571231643,0.06994027328518027,3.3306690738754696e-16
295,1,0.75,True,7,True,7,0.7645375400819335,-0.006801937609513604,-0.06081100123297056,3.3306690738754696e-16
296,1,0.75,True,7,True,7,0.7174861363881213,0.021883727678531972,0.026465483059670666,3.3306690738754696e-16
297,1,0.75,True,7,True,7,0.7394971565900383,0.000536357077830691,0.06843457076146708,6.661338147750939e-16
298,1,0.75,True,6,True,7,0.6955183782415146,-0.004782222244495482,-0.02418554766525438,6.661338147750939e-16
299,1,0.75,True,6,True,7,0.7669092692226589,-0.07016459585879165,-0.00736099937300394,3.3306690738754696e-16
300,1,0.75,True,7,True,7,0.714836514070962,0.008383196568774929,-0.025935484574851397,3.3306690738754696e-16
301,1,0.75,True,7,True,7,0.7105712215852995,0.02641319494217733,0.06440118862431599,3.3306690738754696e-16
302,1,0.75,True,7,True,7,0.7397849549834523,-0.007991337325039963,0.03978288421451315,2.220446049250313e-16
303,1,0.75,True,6,True,7,0.6934514155398138,0.00952878891850367,0.0033034622192386065,3.3306690738754696e-16
304,1,0.75,True,7,True,7,0.7841253386487589,-0.023000249312363368,0.007886726726783255,2.220446049250313e-16
305,1,0.75,True,7,True,7,0.7563613615521958,0.017102993344822216,0.019156239007899978,2.220446049250313e-16
306,1,0.75,True,7,True,7,0.6686652045499883,-0.023212787168601985,0.01846654877128584,2.220446049250313e-16
307,1,0.75,True,7,True,7,0.8110292588374289,0.02081869650571325,0.0171419665453737,2.220446049250313e-16
308,1,0.75,True,7,True,7,0.7907077097726763,0.007122714442978739,-0.019600454147289392,3.3306690738754696e-16
309,1,0.75,True,7,True,7,0.6861602411993029,0.05051090319168375,-0.01696517631882566,2.220446049250313e-16
310,1,0.75,True,7,True,7,0.6973901430663482,0.01279090469613003,-0.01925694270242495,3.3306690738754696e-16
311,1,0.75,True,7,True,7,0.8127425165977771,0.0271406358044711,0.023973608895048293,2.220446049250313e-16
312,1,0.75,True,7,True,7,0.7347275490973385,0.03335330213218876,-0.028522885719143076,3.3306690738754696e-16
313,1,0.75,True,7,True,7,0.7622450274015441,0.06669029592928669,0.03657358275140765,3.3306690738754696e-16
314,1,0.75,True,7,True,7,0.7958537490591105,0.004626027098849115,0.00847345687395773,3.3306690738754696e-16
315,1,0.75,True,7,True,7,0.7495663762610577,-0.026974244640034336,-0.03232000346369768,3.3306690738754696e-16
316,1,0.75,True,7,True,7,0.7285295593189003,0.009418067749016622,-0.040476006969587086,2.220446049250313e-16
317,1,0.75,True,6,True,7,0.7693332663655861,0.04176443392704195,0.013487807151850162,2.220446049250313e-16
318,1,0.75,True,7,True,7,0.71761139969362,0.025960854388469064,0.02505157096952748,2.220446049250313e-16
319,1,0.75,True,7,True,7,0.7920927502419916,0.07681726114161037,-0.006467959109311527,4.440892098500626e-16
320,1,0.75,True,7,True,7,0.7713308701715811,-0.017371712637222137,-0.03269666331820753,3.3306690738754696e-16
321,1,0.75,True,7,True,7,0.7625934168016548,-0.053945966561510156,0.05935426516830822,3.3306690738754696e-16
322,1,0.75,True,7,True,7,0.7802006657837892,0.10020068411628733,0.04598589245752405,4.440892098500626e-16
323,1,0.75,True,7,True,7,0.7178591205058398,0.03108265232599814,-0.058608898090698136,3.3306690738754696e-16
324,1,0.75,True,7,True,7,0.7230145169018946,0.0006717972415175976,0.006265310271653446,6.661338147750939e-16
325,1,0.75,True,7,True,7,0.7759651506025038,0.025097768494171335,0.05951179432608111,2.220446049250313e-16
326,1,0.75,True,7,True,7,0.7587173698241092,-0.003346007374189759,0.04824259137212206,2.220446049250313e-16
327,1,0.75,True,7,True,7,0.7247951101347243,-0.03679011253011804,-0.012306688890854844,2.220446049250313e-16
328,1,0.75,True,7,True,7,0.7542831149337935,-0.03618442476831456,0.06443593176732554,2.220446049250313e-16
329,1,0.75,True,7,True,7,0.755424514438257,0.027560744645467188,0.026786453535165733,2.220446049250313e-16
330,1,0.75,True,7,True,7,0.7021165518488622,0.015190962840214296,0.042631874650124635,5.551115123125783e-16
331,1,0.75,True,6,True,7,0.6942647734147483,-0.011840005242263654,0.0013280501377639364,5.551115123125783e-16
332,1,0.75,True,7,True,7,0.7324950989593201,0.023396202422877682,0.02711251969456019,3.3306690738754696e-16
333,1,0.75,True,6,True,7,0.745377339446276,0.011919418974050945,0.052619056530819996,3.3306690738754696e-16
334,1,0.75,True,7,True,7,0.7510085653954128,0.021859850106066447,0.018137797108332965,2.220446049250313e-16
335,1,0.75,True,7,True,7,0.7962402443816343,-0.03049540426390825,0.0021193578271453406,3.3306690738754696e-16
336,1,0.75,True,7,True,7,0.7182233045470363,0.03874731700988823,-0.0357005969968327,2.220446049250313e-16
337,1,0.75,True,7,True,7,0.7261690823032481,0.010611799663489234,-0.011815352867029283,3.3306690738754696e-16
338,1,0.75,True,7,True,7,0.7149002585945873,-0.01394115883224921,0.07198192024779482,2.220446049250313e-16
339,1,0.75,True,7,True,7,0.7384094659545993,0.0699063660261207,-0.02586889921366575,3.3306690738754696e-16
340,1,0.75,True,7,True,7,0.7340623010609734,0.031256395059821335,-0.11574180241264775,2.220446049250313e-16
341,1,0.75,True,6,True,7,0.7119539667259778,0.04635211868268263,-0.01441952352818665,3.3306690738754696e-16
342,1,0.75,True,6,True,7,0.7441869661943648,0.01707211825946946,-0.049704531028953,4.440892098500626e-16
343,1,0.75,True,7,True,7,0.7556649963907536,0.010230876760059893,-0.05772604090440292,3.3306690738754696e-16
344,1,0.75,True,7,True,7,0.7332336058957678,0.027177584686558613,0.06585975708326886,3.3306690738754696e-16
345,1,0.75,True,7,True,7,0.7925288865421823,-0.0024176195170121963,0.026717759500004767,2.220446049250313e-16
346,1,0.75,True,7,True,7,0.726755344328104,-0.05072985604262565,0.04292067054286141,3.3306690738754696e-16
347,1,0.75,True,7,True,7,0.7271954604707818,0.027941985204857314,-0.028382479847472775,4.440892098500626e-16
348,1,0.75,True,7,True,7,0.7456689035483692,-0.03630535056207019,-0.0024635033297655262,2.220446049250313e-16
349,1,0.75,True,7,True,7,0.7570360424998653,-0.03996021783945618,0.03918876385639802,3.3306690738754696e-16
350,1,0.75,True,7,True,7,0.7728685858825562,0.030485472526211876,-0.010236656721363533,2.220446049250313e-16
351,1,0.75,True,7,True,7,0.8459826835329947,0.04079166079820092,0.00844708331105437,4.440892098500626e-16
352,1,0.75,True,7,True,7,0.7871712523263116,0.05667057445819516,0.006588820599008556,3.3306690738754696e-16
353,1,0.75,True,7,True,7,0.7063992044128845,0.008209690006945766,0.004800913065138412,3.3306690738754696e-16
354,1,0.75,True,7,True,7,0.753042726105602,-0.01848127376171283,0.06151932891477918,3.3306690738754696e-16
355,1,0.75,True,7,True,7,0.778322527068302,0.054113924904657815,-0.024411188695971475,3.3306690738754696e-16
356,1,0.75,True,7,True,7,0.7341840696343934,0.06239650270841913,-0.037497438657892124,3.3306690738754696e-16
357,1,0.75,True,7,True,7,0.7401110496773958,0.04402102114123267,0.041932749112990275,3.3306690738754696e-16
358,1,0.75,True,7,True,7,0.7249626511853392,-0.011158921652877872,0.020801090710050985,3.3306690738754696e-16
359,1,0.75,True,6,True,7,0.771278425809087,-0.08951235631082832,0.054929176516494205,2.220446049250313e-16
360,1,0.75,True,7,True,7,0.7362687916404663,0.05855539426391544,-0.02096139807541153,2.220446049250313e-16
361,1,0.75,True,7,True,7,0.7279015655197041,0.009483143276087347,-0.011013473076087799,2.220446049250313e-16
362,1,0.75,True,7,True,7,0.7511300892142057,0.06792677401013925,-0.043826089347672736,4.440892098500626e-16
363,1,0.75,True,7,True,7,0.6714930800743616,0.031577540719684244,0.03148777689210269,5.551115123125783e-16
364,1,0.75,True,7,True,7,0.7131308916484473,-0.007932433801627788,-0.014684237103848252,4.440892098500626e-16
365,1,0.75,True,7,True,7,0.7239319409499426,-0.015616073439619672,-0.018868901635598068,3.3306690738754696e-16
366,1,0.75,True,7,True,7,0.8490851236462826,-0.0033799061318765568,-0.026976587311666078,3.3306690738754696e-16
367,1,0.75,True,7,True,7,0.7437046017704777,0.09359115530128886,0.023585634583049075,3.3306690738754696e-16
368,1,0.75,True,7,True,7,0.7009705488364425,0.007446023669037696,-0.02405927409773967,5.551115123125783e-16
369,1,0.75,True,7,True,7,0.7937157537795941,-0.014269459614977168,-0.027309338344100098,2.220446049250313e-16
370,1,0.75,True,6,True,7,0.641553733047239,0.0029306922154394496,-0.014192058720830292,2.220446049250313e-16
371,1,0.75,True,7,True,7,0.7488568842458144,0.09903451710585788,-0.019366795092690126,2.220446049250313e-16
372,1,0.75,True,7,True,7,0.8033071517859045,-0.09924377545415193,0.05878558163208636,3.3306690738754696e-16
373,1,0.75,True,7,True,7,0.7133029708253515,-0.03574496223797698,0.03254499962676493,2.220446049250313e-16
374,1,0.75,True,7,True,7,0.7545350427284757,-0.01853835531757385,0.0845619781908552,3.3306690738754696e-16
375,1,0.75,True,7,True,7,0.7840165278070514,0.030531588382432622,0.034925493942885244,4.440892098500626e-16
376,1,0.75,True,7,True,7,0.6941864651463179,0.03616050459348377,0.04934128400827653,3.3306690738754696e-16
377,1,0.75,True,7,True,7,0.694206292629963,0.027756338151264916,0.00395364392335118,2.220446049250313e-16
378,1,0.75,True,6,True,7,0.7880353692678512,-0.04459659088376439,0.066430126851032,2.220446049250313e-16
379,1,0.75,True,7,True,7,0.782470849282831,0.03000337406231888,-0.0627991806142727,3.3306690738754696e-16
380,1,0.75,True,7,True,7,0.6988291901590503,0.029927945122134057,-0.004342934892842321,3.3306690738754696e-16
381,1,0.75,True,7,True,7,0.7524801098393505,-0.021714354968580263,0.042194130330147184,3.3306690738754696e-16
382,1,0.75,True,6,True,7,0.7611603235920139,-0.024294757615341445,0.003625816390801506,4.440892098500626e-16
383,1,0.75,True,7,True,7,0.7101297016991952,0.026150609096061532,0.03152996558411747,2.220446049250313e-16
384,1,0.75,True,7,True,7,0.7251261968754182,-0.013983165478643006,0.010556293771110337,2.220446049250313e-16
385,1,0.75,True,7,True,7,0.7186361958367815,-0.009575739398649898,0.05527020384267611,2.220446049250313e-16
386,1,0.75,True,6,True,7,0.7851802911770062,0.035099998472111406,-0.008806809734934529,3.3306690738754696e-16
387,1,0.75,True,7,True,7,0.7582027333179708,0.025947757567998494,-0.011238208639906655,2.220446049250313e-16
388,1,0.75,True,7,True,7,0.7715806821175322,-0.024594848593276493,-0.024925319585829886,3.3306690738754696e-16
389,1,0.75,True,6,True,7,0.7691513585425123,0.005113824714316018,-0.016720096459226785,2.220446049250313e-16
390,1,0.75,True,7,True,7,0.8332084142813047,-0.003766707617627714,-0.009629700899242977,2.220446049250313e-16
391,1,0.75,True,6,True,7,0.7289830742744051,0.027205656589021264,-0.05390046942145421,4.440892098500626e-16
392,1,0.75,True,7,True,7,0.7356216860110831,0.0420182936114069,-0.026220235270384418,1.1102230246251565e-16
393,1,0.75,True,7,True,7,0.758367157865757,-0.0119981262994089,0.026940227218056,3.3306690738754696e-16
394,1,0.75,True,7,True,7,0.7339978992058293,-0.03225624976527759,0.04106122371184506,3.3306690738754696e-16
395,1,0.75,True,7,True,7,0.7514559066672387,-0.042774455915749396,-0.009244077176285947,3.3306690738754696e-16
396,1,0.75,True,7,True,7,0.7902518805132587,-0.04838692897912527,-0.049248505423203914,5.551115123125783e-16
397,1,0.75,True,7,True,7,0.6894833451015185,0.005583704074206332,0.03034806373112109,3.3306690738754696e-16
398,1,0.75,True,7,True,7,0.7249246680442581,-0.019464433753008013,0.02672131091775176,2.220446049250313e-16
399,1,0.75,True,6,True,7,0.7851044785092994,-0.05610214983548216,-0.08742019442568416,3.3306690738754696e-16
400,1,0.75,True,7,True,7,0.7897918223245449,-0.05139784486223481,0.03366068790322241,3.3306690738754696e-16
401,1,0.75,True,7,True,7,0.6655011096381367,-0.003948002557460431,0.027755050911784762,4.440892098500626e-16
402,1,0.75,True,7,True,7,0.6973335013716028,-0.032115900932045235,-0.009224563520505161,2.220446049250313e-16
403,1,0.75,True,7,True,7,0.7173273943951533,0.03718746945260053,0.015050730418061042,2.220446049250313e-16
404,1,0.75,True,7,True,7,0.7288133912221673,-0.013971863433125632,-0.026154128669238386,2.220446049250313e-16
405,1,0.75,True,7,True,7,0.696081996177031,0.02378650233962343,0.0489092258156657,3.3306690738754696e-16
406,1,0.75,True,7,True,7,0.7527626911756995,-0.0848313405542971,0.05231288555719238,3.3306690738754696e-16
407,1,0.75,True,7,True,7,0.7115561141433199,0.0037956801773558063,-0.007149955923065443,4.440892098500626e-16
408,1,0.75,True,7,True,7,0.746452358446496,0.03237358855801247,-0.0328462923241567,3.3306690738754696e-16
409,1,0.75,True,7,True,7,0.6994218340655531,0.06786441322655662,0.04533635192611196,3.3306690738754696e-16
410,1,0.75,True,6,True,7,0.7576361179399678,-0.01757014503084468,-0.02642497362377272,3.3306690738754696e-16
411,1,0.75,True,7,True,7,0.801939034483205,-0.006222462537619128,-0.08822024249900151,3.3306690738754696e-16
412,1,0.75,True,7,True,7,0.7288334355654177,0.0001972129385822488,-0.019260660641520322,3.3306690738754696e-16
413,1,0.75,True,7,True,7,0.7274910557578878,-0.07221731932298055,0.014588560303620768,2.220446049250313e-16
414,1,0.75,True,6,True,7,0.7793640830748308,-0.03392672726958949,-0.003160450407012738,3.3306690738754696e-16
415,1,0.75,True,7,True,7,0.7731370071920788,-0.016554658987785825,-0.0030010785818660457,2.220446049250313e-16
416,1,0.75,True,7,True,7,0.6976324168373166,0.08320615597210923,-0.09710309085932667,3.3306690738754696e-16
417,1,0.75,True,7,True,7,0.7519191512761969,0.003094630749468044,0.026882970864847255,3.3306690738754696e-16
418,1,0.75,True,7,True,7,0.7825488602650208,0.10603724904947476,-0.001918639602317307,2.220446049250313e-16
419,1,0.75,True,7,True,7,0.7385739759316999,-0.004629917683601211,-0.02654456056582344,2.220446049250313e-16
420,1,0.75,True,7,True,7,0.6940506278673437,-0.006730002825034595,0.044143062652611476,2.220446049250313e-16
421,1,0.75,True,7,True,7,0.7609281467858446,0.008776554743026143,-0.003621639122306286,3.3306690738754696e-16
422,1,0.75,True,7,True,7,0.7216522512439676,-0.0015783205806534882,-0.02799739337431939,3.3306690738754696e-16
423,1,0.75,True,7,True,7,0.7264302103277162,0.04658443692097579,-0.014273999087710099,2.220446049250313e-16
424,1,0.75,True,6,True,7,0.7354112492881407,0.0188851910161866,0.025147568723667968,5.551115123125783e-16
425,1,0.75,True,7,True,7,0.7851408623843522,0.005729992921877647,0.053783415461087114,4.440892098500626e-16
426,1,0.75,True,6,True,7,0.7822619093166026,-0.015003904960601805,-0.03074836363250677,2.220446049250313e-16
427,1,0.75,True,7,True,7,0.7512518520614911,0.08732037923158618,0.09925682581710737,3.3306690738754696e-16
428,1,0.75,True,7,True,7,0.7813710691507014,-0.011374553362243198,0.02200728912380301,2.220446049250313e-16
429,1,0.75,True,7,True,7,0.7165375085648387,-0.0018897711148784888,-0.01470144064336465,4.440892098500626e-16
430,1,0.75,True,7,True,7,0.7786575409468364,-0.04103934950594432,0.023470627015558243,2.220446049250313e-16
431,1,0.75,True,7,True,7,0.7496416653788174,-0.06484283311280785,-0.03699954545544171,2.220446049250313e-16
432,1,0.75,True,7,True,7,0.6980452339315776,-0.08081011847378722,-0.03123865621768851,3.3306690738754696e-16
433,1,0.75,True,7,True,7,0.7195108303587091,-0.005554412642376452,0.03735774395799152,6.661338147750939e-16
434,1,0.75,True,7,True,7,0.8210047645748082,-0.03330768888849993,-0.011431577145614269,3.3306690738754696e-16
435,1,0.75,True,7,True,7,0.7104811434405747,0.010543692628178227,0.045698768847199256,3.3306690738754696e-16
436,1,0.75,True,7,True,7,0.7696234971166808,0.07249845515400956,-0.0024004460110764736,2.220446049250313e-16
437,1,0.75,True,7,True,7,0.7175150640727042,-0.05833116527054541,-0.006525186403287364,2.220446049250313e-16
438,1,0.75,True,7,True,7,0.7325141250538985,-0.03380416996368284,-0.03969207424124033,2.220446049250313e-16
439,1,0.75,True,6,True,7,0.751750033040736,-0.008206876419517596,0.005391875512427813,3.3306690738754696e-16
440,1,0.75,True,6,True,7,0.7797026291056288,0.030276979404162293,0.003982118065579462,2.220446049250313e-16
441,1,0.75,True,7,True,7,0.7863256068711951,0.0459434775159625,0.02718675008847149,3.3306690738754696e-16
442,1,0.75,True,7,True,7,0.7899684231602648,0.03634917894792222,0.005264726297885991,4.440892098500626e-16
443,1,0.75,True,7,True,7,0.7639723126508036,0.01465336113610833,-0.07325942785428641,3.3306690738754696e-16
444,1,0.75,True,7,True,7,0.7483790655901829,0.010668149635908267,0.020271355764347132,2.220446049250313e-16
445,1,0.75,True,7,True,7,0.7619936844248318,0.02097126830498078,0.02848922579626234,3.3306690738754696e-16
446,1,0.75,True,7,True,7,0.7956449191439501,-0.05540391520566104,-0.012752952596752909,2.220446049250313e-16
447,1,0.75,True,7,True,7,0.7029804470790765,0.03735098154913772,-0.04919685963322995,5.551115123125783e-16
448,1,0.75,True,7,True,7,0.7424678553669093,-0.04821347234636057,-0.020981119919938118,3.3306690738754696e-16
449,1,0.75,True,7,True,7,0.7664292647395624,-0.016232596539643047,0.0753274580769272,3.3306690738754696e-16
450,1,0.75,True,7,True,7,0.6987721583923486,-0.025923045905364133,-0.06841738123977414,3.3306690738754696e-16
451,1,0.75,True,7,True,7,0.7618237189390182,0.042844611542701826,0.04508342122533204,3.3306690738754696e-16
452,1,0.75,True,7,True,7,0.6866715229354295,-0.0882358857154849,-0.002807099352676534,3.3306690738754696e-16
453,1,0.75,True,6,True,7,0.7534168355800536,-0.0036183897511208873,-0.046573071968604385,2.220446049250313e-16
454,1,0.75,True,7,True,7,0.8218678715106092,-0.0045585790868384254,-0.022627768819884375,4.440892098500626e-16
455,1,0.75,True,7,True,7,0.7851908195175529,-0.002646273122735363,0.027435161468409408,3.3306690738754696e-16
456,1,0.75,True,6,True,7,0.7538448236248382,-0.07594354011372723,-0.0005880080896594198,3.3306690738754696e-16
457,1,0.75,True,7,True,7,0.7418608226323312,0.08469764887482963,0.04873730864430459,5.551115123125783e-16
458,1,0.75,True,7,True,7,0.7361934395256818,-0.0026177438487747333,-0.01204252629687863,2.220446049250313e-16
459,1,0.75,True,7,True,7,0.8057459836018275,0.0032850972758061356,0.010825499790193316,3.3306690738754696e-16
460,1,0.75,True,7,True,7,0.7672456905026372,-0.05344866400036566,-0.07098502924271965,3.3306690738754696e-16
461,1,0.75,True,7,True,7,0.7548221119648731,0.0008691380995537457,0.05786071573138474,3.3306690738754696e-16
462,1,0.75,True,7,True,7,0.7868771884502834,-0.023711314357105936,0.04826130709135734,2.220446049250313e-16
463,1,0.75,True,7,True,7,0.7332342012232006,0.024808233895046775,0.014000793068939976,3.3306690738754696e-16
464,1,0.75,True,7,True,7,0.8307729568313135,-0.05538497122768107,-0.04663831754103165,3.3306690738754696e-16
465,1,0.75,True,7,True,7,0.8028820753121378,0.06126258734361234,0.03338878067823037,2.220446049250313e-16
466,1,0.75,True,7,True,7,0.7459925565001546,-0.029743687579725064,0.01607359627723226,4.440892098500626e-16
467,1,0.75,True,7,True,7,0.7374010456630351,-0.008007543041684556,0.08944807121615149,3.3306690738754696e-16
468,1,0.75,True,7,True,7,0.7633165497498121,0.0031420779078377425,-0.02043003953396627,3.3306690738754696e-16
469,1,0.75,True,7,True,7,0.8534443024479911,-0.0439515684840212,0.011665296674455036,2.220446049250313e-16
470,1,0.75,True,7,True,7,0.7226182384059355,-0.012927453746077323,-0.04140710629967992,3.3306690738754696e-16
471,1,0.75,True,7,True,7,0.7847909102554463,0.02088006703142308,-0.031196068245372244,3.3306690738754696e-16
472,1,0.75,True,7,True,7,0.7190678784791441,0.08068196256919044,0.051659399234064485,3.3306690738754696e-16
473,1,0.75,True,7,True,7,0.6952907239554011,0.005032525492498524,0.03330352223442845,3.3306690738754696e-16
474,1,0.75,True,7,True,7,0.7460382584335261,0.006614637845795392,-0.08590062322768421,2.220446049250313e-16
475,1,0.75,True,7,True,7,0.6867561089905433,-0.04001451164212968,0.029491034282032036,2.220446049250313e-16
476,1,0.75,True,7,True,7,0.7407522333366167,-0.015775797582059888,0.021596124304445685,2.220446049250313e-16
477,1,0.75,True,7,True,7,0.7371633562926004,-0.009209072573736356,-0.12145149716570391,3.3306690738754696e-16
478,1,0.75,True,7,True,7,0.8142349180089162,-0.027373412620837742,0.03699945562214779,2.220446049250313e-16
479,1,0.75,True,7,True,7,0.7589396384250547,0.00803347084784611,-0.004740492105765881,2.220446049250313e-16
480,1,0.75,True,7,True,7,0.7778161408960282,0.025894313127155018,-0.058998563364495826,3.3306690738754696e-16
481,1,0.75,True,7,True,7,0.6824928720964989,0.030846738084207362,0.04913065857652377,3.3306690738754696e-16
482,1,0.75,True,6,True,7,0.7285211669318622,0.036043020167239356,0.0196857582287171,3.3306690738754696e-16
483,1,0.75,True,7,True,7,0.7218862802610978,0.06029690266907426,-0.08427137236309745,2.220446049250313e-16
484,1,0.75,True,7,True,7,0.7578934908703612,0.06263711666969068,0.035638299387385164,3.3306690738754696e-16
485,1,0.75,True,7,True,7,0.8286237540402468,0.01739027856415052,0.0040951706200518245,1.6653345369377348e-16
486,1,0.75,True,7,True,7,0.7231464561658333,-0.006983276633081542,-0.05174964661445758,3.3306690738754696e-16
487,1,0.75,True,7,True,7,0.7169828286576831,-0.07646676182327553,0.03832228800722637,2.220446049250313e-16
488,1,0.75,True,7,True,7,0.7248728822685386,0.0045056534397021585,0.038801474428797555,3.3306690738754696e-16
489,1,0.75,True,7,True,7,0.8362344372587143,-0.00298348238353739,0.030164137241249223,2.220446049250313e-16
490,1,0.75,True,7,True,7,0.8014218443344016,-0.0827224458086745,0.05542592236380417,2.220446049250313e-16
491,1,0.75,True,7,True,7,0.7736870278554309,0.02167752541069421,-0.02731132561525018,4.440892098500626e-16
492,1,0.75,True,6,True,7,0.7611902509904702,-0.010013333946694682,0.05802186976825762,3.3306690738754696e-16
493,1,0.75,True,7,True,7,0.7909111659171396,-0.03409630143890975,0.04982692115767762,3.3306690738754696e-16
494,1,0.75,True,7,True,7,0.6437960707091442,-0.045847143364072473,0.06626326134476856,3.3306690738754696e-16
495,1,0.75,True,6,True,7,0.7869080054212608,0.05061526122697164,-0.008029080011050516,4.440892098500626e-16
496,1,0.75,True,6,True,7,0.6534411593260431,-0.005796885975739269,-0.06538892927429552,3.3306690738754696e-16
497,1,0.75,True,7,True,7,0.7074426788591991,-0.02068931574131149,-0.043438298928768715,3.3306690738754696e-16
498,1,0.75,True,7,True,7,0.7740118261678666,-0.07521125593270722,0.00458426375549803,3.3306690738754696e-16
499,1,0.75,True,7,True,7,0.7485771322435532,0.027127311636112286,0.009827903766464585,4.440892098500626e-16
0,2,1.5,True,6,True,7,1.5126808323235625,-0.006338927640426678,-0.002333025802718769,3.3306690738754696e-16
1,2,1.5,True,6,True,7,1.5205012297127984,0.0011700457421015096,-0.010566860058614182,2.220446049250313e-16
2,2,1.5,True,6,True,7,1.570485950513413,-0.021037402551570397,0.013169758156469924,2.220446049250313e-16
3,2,1.5,True,6,True,7,1.4806686803257916,-0.010186219783407464,0.046872528525048085,3.3306690738754696e-16
4,2,1.5,True,7,True,7,1.5048029829011833,0.01659645095864258,0.014638162707493962,3.3306690738754696e-16
5,2,1.5,True,6,True,7,1.5026576007894696,-0.010228766159473553,0.02699320881158307,2.220446049250313e-16
6,2,1.5,True,6,True,7,1.5422090783558493,0.0736477343387559,-0.03631837545454153,3.3306690738754696e-16
7,2,1.5,True,6,True,7,1.5464247829826112,0.020645576311928076,0.038389015250769654,3.3306690738754696e-16
8,2,1.5,True,6,True,7,1.4832448089692984,0.0023188707861916116,-0.011187858542058726,2.220446049250313e-16
9,2,1.5,True,6,True,7,1.4831967746155394,0.016843065795891763,0.005823082930644707,3.3306690738754696e-16
10,2,1.5,True,6,True,7,1.540773068689345,-0.02542998263702959,-0.008328096217406381,2.220446049250313e-16
11,2,1.5,True,6,True,7,1.5320537518421056,-0.027432769867248043,-0.02656009213458277,3.3306690738754696e-16
12,2,1.5,True,7,True,7,1.5750737153290113,-0.020985721825005684,-0.005895038374817307,3.3306690738754696e-16
13,2,1.5,True,7,True,7,1.4964200187646655,-0.006532154525044832,0.06065490740075552,3.3306690738754696e-16
14,2,1.5,True,6,True,7,1.52991669740339,-0.029686061674236888,-0.024003625921030447,3.3306690738754696e-16
15,2,1.5,True,6,True,7,1.4971149919914981,0.02485493924630485,-0.0708026565527069,3.3306690738754696e-16
16,2,1.5,True,6,True,7,1.5991752640315116,0.026148948468876408,0.05055718517178254,5.551115123125783e-16
17,2,1.5,True,7,True,7,1.4964875170731782,0.015100277009487753,0.04656776071006652,3.3306690738754696e-16
18,2,1.5,True,6,True,7,1.5094154908171578,-0.01995167262838777,-0.015592309413095418,2.220446049250313e-16
19,2,1.5,True,6,True,7,1.4910438343238344,0.054102732578967375,0.02224976628544495,4.440892098500626e-16
20,2,1.5,True,6,True,7,1.5277348548334853,0.015935204817581136,-0.043501874072630065,4.440892098500626e-16
21,2,1.5,True,6,True,7,1.515690147255568,-0.026429493860577278,-0.06793186428324738,3.3306690738754696e-16
22,2,1.5,True,7,True,7,1.488182646656677,-0.04167651075679704,-0.0739351233325438,2.220446049250313e-16
23,2,1.5,True,6,True,7,1.5290345364061715,0.029929163438629867,0.028433539781791417,3.3306690738754696e-16
24,2,1.5,True,6,True,7,1.482452018943031,0.055771444575714896,-0.008555019394573815,2.220446049250313e-16
25,2,1.5,True,7,True,7,1.499443819139488,0.06386239282235537,0.009649445469268048,2.220446049250313e-16
26,2,1.5,True,6,True,7,1.539006366476447,0.011429941110908427,-0.08922187578701335,4.440892098500626e-16
27,2,1.5,True,7,True,7,1.5079725785927334,-0.0353603856251635,-0.025523379157088133,3.3306690738754696e-16
28,2,1.5,True,6,True,7,1.5229304001302697,-0.026500437141075948,-0.11225063822054393,2.220446049250313e-16
29,2,1.5,True,6,True,7,1.4613450045446936,-0.004887421488609763,-0.014788876945449836,3.3306690738754696e-16
30,2,1.5,True,6,True,7,1.4867693923286303,-0.0002732914580617085,-0.05604849522055777,5.551115123125783e-16
31,2,1.5,True,6,True,7,1.4864402017223544,0.0022604370876247414,0.006281472690329637,2.220446049250313e-16
32,2,1.5,True,6,True,7,1.493375361881585,-0.03936807232788754,-0.006035896154093501,3.3306690738754696e-16
33,2,1.5,True,6,True,7,1.4303546623241699,0.007693333329526337,-0.018383715360684283,4.440892098500626e-16
34,2,1.5,True,6,True,7,1.5291157918859963,-0.026524712432106558,0.009489130376274186,3.3306690738754696e-16
35,2,1.5,True,6,True,7,1.5775062947812908,0.03142941566886208,-0.026440251423825556,3.3306690738754696e-16
36,2,1.5,True,6,True,7,1.510701855238228,-0.0026637953837122036,0.0413401539085384,2.220446049250313e-16
37,2,1.5,True,6,True,7,1.4559006073239067,0.03220642643756415,0.03434314560033136,3.3306690738754696e-16
38,2,1.5,True,6,True,7,1.469289815395142,0.08745847031016458,0.03423690621234843,3.3306690738754696e-16
39,2,1.5,True,6,True,7,1.5101906808217889,-0.0034278949150257317,-0.02699271978631601,3.3306690738754696e-16
40,2,1.5,True,6,True,7,1.4824988561883916,-0.027738596559711868,-0.008185927769180257,2.220446049250313e-16
41,2,1.5,True,6,True,7,1.493177431570836,0.03437297537312882,0.050822742877115634,4.440892098500626e-16
42,2,1.5,True,6,True,7,1.4611216833034497,0.04522469250714989,-0.07592828486210279,4.440892098500626e-16
43,2,1.5,True,6,True,7,1.5166505918173294,0.013733892282895867,0.028993189535059916,2.220446049250313e-16
44,2,1.5,True,6,True,7,1.4643731445103252,-0.03723774845530793,-0.023700402178184025,2.220446049250313e-16
45,2,1.5,True,6,True,7,1.4608043808577944,-0.03262834587300637,0.01356675275201269,3.3306690738754696e-16
46,2,1.5,True,7,True,7,1.4879214935150473,-0.11613642642959746,0.03408504223070041,4.440892098500626e-16
47,2,1.5,True,6,True,7,1.5634958189743433,0.0006240676502488418,-0.04967543079147019,2.220446049250313e-16
48,2,1.5,True,6,True,7,1.4923782051501122,-0.004885937331580338,-0.0070477127306490805,3.3306690738754696e-16
49,2,1.5,True,6,True,7,1.4807134472993846,-0.058087099910317276,0.030405536463873117,5.551115123125783e-16
50,2,1.5,True,6,True,7,1.4823121468798834,-0.05868544682986816,-0.06430868523963706,3.3306690738754696e-16
51,2,1.5,True,7,True,7,1.464533617409011,0.04301680977058558,-0.04167651945872097,4.440892098500626e-16
52,2,1.5,True,6,True,7,1.608375269646965,-0.030808947004751945,-0.07159042600263255,2.220446049250313e-16
53,2,1.5,True,6,True,7,1.5525319537680395,0.02183503267428438,-0.0032306856151333996,2.220446049250313e-16
54,2,1.5,True,6,True,7,1.5202215016152982,0.060567109351523235,0.036878962516053715,2.220446049250313e-16
55,2,1.5,True,6,True,7,1.4937936825905664,0.02900165027638761,0.017289866077118132,3.3306690738754696e-16
56,2,1.5,True,6,True,7,1.435672093427673,-0.11120914202624471,-0.04954044882176878,3.3306690738754696e-16
57,2,1.5,True,6,True,7,1.5050766884338336,-0.03407671829464192,-0.00713308155640113,3.3306690738754696e-16
58,2,1.5,True,6,True,7,1.4313673174696333,0.031201332473880877,0.002391169423778594,4.440892098500626e-16
59,2,1.5,True,6,True,7,1.5209152116958102,-0.06393395675829874,0.006568611479534692,2.220446049250313e-16
60,2,1.5,True,6,True,7,1.4757579331269046,0.012809993656455165,0.002515380702036496,3.3306690738754696e-16
61,2,1.5,True,7,True,7,1.4717203075908893,-0.032608728600831485,0.04423794696896233,2.220446049250313e-16
62,2,1.5,True,6,True,7,1.492913989106669,0.061977700383768035,-0.03850538197719411,2.220446049250313e-16
63,2,1.5,True,6,True,7,1.4442063287452316,0.04654366999866791,0.007029872417283922,2.220446049250313e-16
64,2,1.5,True,6,True,7,1.4681439651151282,-0.013368229275939978,0.018579359800244277,3.3306690738754696e-16
65,2,1.5,True,6,True,7,1.4641408335688675,-0.0215242050211519,-0.05598631849344993,3.3306690738754696e-16
66,2,1.5,True,6,True,7,1.5087809663016616,0.0918723015865198,0.06301892997299663,3.3306690738754696e-16
67,2,1.5,True,6,True,7,1.528499707435058,-0.0026878696721686322,0.006152631298065536,2.514264837993885e-16
68,2,1.5,True,6,True,7,1.4701314561350824,-0.010900987608203338,0.02985116861157877,3.3306690738754696e-16
69,2,1.5,True,6,True,7,1.4708482402493392,0.05202564664321097,0.0041063633244765585,4.440892098500626e-16
70,2,1.5,True,6,True,7,1.5582827372309775,-0.04306504578660421,-0.036032200634187106,3.3306690738754696e-16
71,2,1.5,True,6,True,7,1.519738455895624,-0.019257394817250778,-0.005155193020583537,3.3306690738754696e-16
72,2,1.5,True,6,True,7,1.5953116968773904,0.010412166387061385,-0.09925513552972763,2.220446049250313e-16
73,2,1.5,True,6,True,7,1.543650667786423,0.04262511330180346,-0.0004071578020129456,2.220446049250313e-16
74,2,1.5,True,6,True,7,1.5377130462241988,-0.046505273892858225,0.05939266701871215,3.3306690738754696e-16
75,2,1.5,True,6,True,7,1.408422604532241,0.014648171427651947,0.061921308451292956,3.3306690738754696e-16
76,2,1.5,True,6,True,7,1.52787808289823,0.04521065226163499,0.010855612337556164,2.220446049250313e-16
77,2,1.5,True,6,True,7,1.4426309246480022,0.048129802653190536,-0.09083216834569274,2.220446049250313e-16
78,2,1.5,True,6,True,7,1.523509782393587,0.05660270674292964,0.011413002514411241,4.440892098500626e-16
79,2,1.5,True,6,True,7,1.4776436627808982,0.006507846787834827,-0.00925630669864641,5.551115123125783e-16
80,2,1.5,True,6,True,7,1.475749779529563,-0.017964196315585098,-0.0042017774239628825,3.3306690738754696e-16
81,2,1.5,True,6,True,7,1.4998495673571155,-0.11228746079231125,-0.013399010981790305,3.3306690738754696e-16
82,2,1.5,True,6,True,7,1.5108558777242977,-0.06713206080234332,-0.036727478821054205,3.3306690738754696e-16
83,2,1.5,True,6,True,7,1.5303513309657795,0.012940985679093697,-0.09254156285675062,4.440892098500626e-16
84,2,1.5,True,7,True,7,1.5103747773269456,-0.04394975448802826,-0.07033538588620303,2.220446049250313e-16
85,2,1.5,True,6,True,7,1.4765592987719205,0.07561550676511411,-0.08867618568689561,2.220446049250313e-16
86,2,1.5,True,6,True,7,1.48474316384383,-0.011563608222276256,0.015991824866851245,3.3306690738754696e-16
87,2,1.5,True,6,True,7,1.5011307439108912,0.02857989203543717,0.003414904523567965,3.3306690738754696e-16
88,2,1.5,True,6,True,7,1.409356653412496,0.026216026491191844,-0.002570117148205542,5.551115123125783e-16
89,2,1.5,True,6,True,7,1.5318184362146072,0.0017479625824314698,-0.013667840991896663,2.220446049250313e-16
90,2,1.5,True,6,True,7,1.456328955980966,-0.0034097213543269403,0.03856622156096956,2.220446049250313e-16
91,2,1.5,True,6,True,7,1.4525346139042663,0.034512214402883316,0.04247227692610678,5.551115123125783e-16
92,2,1.5,True,6,True,7,1.4413491147454685,0.010855493231100145,0.047803319350101625,3.3306690738754696e-16
93,2,1.5,True,6,True,7,1.5355354840440598,-0.05323477568152275,0.01580028953912327,3.3306690738754696e-16
94,2,1.5,True,6,True,7,1.523976125191055,0.08153018931987963,-0.03777064775797556,2.220446049250313e-16
95,2,1.5,True,6,True,7,1.5339665310007498,0.013554616665906192,-0.007237426863475838,5.551115123125783e-16
96,2,1.5,True,6,True,7,1.5438329976743004,-0.07035188033964718,-0.009636503288060094,3.3306690738754696e-16
97,2,1.5,True,6,True,7,1.5148304388832876,-0.008716680276699598,0.030607936020829785,3.3306690738754696e-16
98,2,1.5,True,6,True,7,1.4783212274139812,0.004655880658585011,0.0030803072006960752,2.220446049250313e-16
99,2,1.5,True,6,True,7,1.483123025873389,-0.008836917346336029,0.044147943140069416,3.3306690738754696e-16
100,2,1.5,True,6,True,7,1.4477345887573736,0.0331057021066423,0.09496936566574044,6.661338147750939e-16
101,2,1.5,True,6,True,7,1.4936132779316786,0.00020002507687144275,-0.038375215401889706,3.3306690738754696e-16
102,2,1.5,True,6,True,7,1.486648622187002,-0.02022333327708507,0.013736524083403645,3.3306690738754696e-16
103,2,1.5,True,6,True,7,1.4637168593030832,0.01238876753095089,0.02393442883628727,3.3306690738754696e-16
104,2,1.5,True,6,True,7,1.4858453042941524,-0.01298632388321844,0.020585430534281635,2.220446049250313e-16
105,2,1.5,True,7,True,7,1.5543356872196186,0.0028813371447460392,0.01363319468396107,2.220446049250313e-16
106,2,1.5,True,6,True,7,1.5403436978541476,-0.06611227743403052,-0.022918054101213725,3.3306690738754696e-16
107,2,1.5,True,6,True,7,1.503655773477439,0.08259991763564584,-0.095087664027109,3.3306690738754696e-16
108,2,1.5,True,7,True,7,1.4950684807585024,-0.0160760087534365,0.0441615166822279,2.220446049250313e-16
109,2,1.5,True,6,True,7,1.485859325119404,0.0731648089585294,0.027871309445280934,3.3306690738754696e-16
110,2,1.5,True,6,True,7,1.518313233522614,0.001530219575651446,0.04827625733622287,2.220446049250313e-16
111,2,1.5,True,6,True,7,1.4783755705329071,0.057624911409715665,-0.012333139846876007,3.3306690738754696e-16
112,2,1.5,True,6,True,7,1.4857081135171486,0.00810839864808845,-0.07259258042699535,3.3306690738754696e-16
113,2,1.5,True,6,True,7,1.5362404586331673,0.013879059288804434,0.05202550110588888,3.3306690738754696e-16
114,2,1.5,True,6,True,7,1.5775678053558024,0.08657782520764709,0.04259592073873475,5.551115123125783e-16
115,2,1.5,True,7,True,7,1.4810945192739449,-0.00217540707558549,-0.022738416207656265,3.3306690738754696e-16
116,2,1.5,True,6,True,7,1.473023985908759,0.013109633635198258,-0.02417713035246094,3.3306690738754696e-16
117,2,1.5,True,6,True,7,1.5650402256392795,0.015051372408556314,-0.012129173107765512,4.440892098500626e-16
118,2,1.5,True,7,True,7,1.5493073956767636,-0.06918732500997297,0.07455381803585703,3.3306690738754696e-16
119,2,1.5,True,6,True,7,1.5363378788434237,0.026464590190956865,-0.042856095162722596,2.220446049250313e-16
120,2,1.5,True,6,True,7,1.4796631717998379,-0.036335600740616474,-0.03479153193050655,2.220446049250313e-16
121,2,1.5,True,6,True,7,1.5398126689410265,0.022445238318443316,0.020749887445142612,3.3306690738754696e-16
122,2,1.5,True,6,True,7,1.5049469053752118,-0.01478768206048078,0.024593377981235287,5.551115123125783e-16
123,2,1.5,True,6,True,7,1.5080697682724704,-0.018601651769136585,0.015880960743861694,3.3306690738754696e-16
124,2,1.5,True,7,True,7,1.4614770332032836,0.05335239859773571,-0.08536586089697683,3.3306690738754696e-16
125,2,1.5,True,7,True,7,1.5331810205389564,-0.005566701955646423,-0.009866031919547602,2.220446049250313e-16
126,2,1.5,True,7,True,7,1.433582811164623,-0.022688402117208507,-0.03267646755411935,2.220446049250313e-16
127,2,1.5,True,6,True,7,1.4598689794215642,0.0009877281019676307,-0.08072483905530836,2.220446049250313e-16
128,2,1.5,True,6,True,7,1.4755025490232345,-0.016146172492899954,-0.029613533395718705,3.3306690738754696e-16
129,2,1.5,True,6,True,7,1.4904243529758772,0.009209185217886278,0.03748743617819128,3.3306690738754696e-16
130,2,1.5,True,6,True,7,1.4635745855122981,-0.06457082441380764,0.0005543600008218741,3.3306690738754696e-16
131,2,1.5,True,6,True,7,1.5641612877067443,0.06253455819560672,-0.02816741391730526,3.3306690738754696e-16
132,2,1.5,True,6,True,7,1.453435148588694,-0.049449694749420556,0.010038786573328906,3.3306690738754696e-16
133,2,1.5,True,6,True,7,1.495655036728195,0.014203741478104383,-0.07949797885568999,4.440892098500626e-16
134,2,1.5,True,6,True,7,1.5682486144714884,-0.052850832333549445,-0.006002640865460096,3.3306690738754696e-16
135,2,1.5,True,6,True,7,1.540082588231106,-0.005573521631125181,-0.05236583429819319,2.220446049250313e-16
136,2,1.5,True,6,True,7,1.5559839234592854,-0.0013581260098962447,-0.036593168807394494,3.3306690738754696e-16
137,2,1.5,True,6,True,7,1.4763097595074417,0.015694220757198188,-0.0028026304298756077,4.440892098500626e-16
138,2,1.5,True,7,True,7,1.4559036699853782,-0.0165755043232151,-0.0622012743611402,3.3306690738754696e-16
139,2,1.5,True,6,True,7,1.4717643058521972,0.0679301033039679,-0.009595586947876988,2.220446049250313e-16
140,2,1.5,True,6,True,7,1.5093317389760716,0.032888762212602424,-0.030714192146230834,2.220446049250313e-16
141,2,1.5,True,6,True,7,1.423252023657533,-0.0030269355755053323,-0.03159100515399493,7.771561172376096e-16
142,2,1.5,True,6,True,7,1.467173236962732,0.052203894268935236,0.06831322485346725,4.440892098500626e-16
143,2,1.5,True,6,True,7,1.4742625434964263,-0.04586810969697608,0.02585694198635835,3.3306690738754696e-16
144,2,1.5,True,6,True,7,1.469855358416927,0.02954363908160375,-0.03048156054610973,3.3306690738754696e-16
145,2,1.5,True,6,True,7,1.4992558893592127,0.02810178999702761,-0.05564802788223133,3.3306690738754696e-16
146,2,1.5,True,6,True,7,1.5100595184148404,0.07629021738418607,0.004226964903095931,4.440892098500626e-16
147,2,1.5,True,6,True,7,1.4730993466975149,0.009045240923590268,-0.025642339508944456,2.220446049250313e-16
148,2,1.5,True,6,True,7,1.4903216459005753,-0.017347813430624037,0.04324011776392722,5.551115123125783e-16
149,2,1.5,True,6,True,7,1.4778293462319596,0.02027752182432939,0.03585921377965595,3.3306690738754696e-16
150,2,1.5,True,6,True,7,1.52400199522826,-0.0007245267935984852,-0.009736801487964408,3.3306690738754696e-16
151,2,1.5,True,6,True,7,1.5222397122177724,0.024690627950793582,-0.07098943918820977,3.3306690738754696e-16
152,2,1.5,True,6,True,7,1.5273989011468525,0.055177571113205495,0.07319335256711113,3.3306690738754696e-16
153,2,1.5,True,6,True,7,1.5144594173844126,0.027641650876219517,0.07272549699755437,3.3306690738754696e-16
154,2,1.5,True,6,True,7,1.5022141820886774,0.021163306851837153,-0.0667896580316445,3.3306690738754696e-16
155,2,1.5,True,6,True,7,1.46135311893767,0.08797499399347547,0.0031386246547031593,4.440892098500626e-16
156,2,1.5,True,6,True,7,1.546793194034153,-0.05504173732484717,-0.008360859589782832,3.3306690738754696e-16
157,2,1.5,True,6,True,7,1.533364537441689,0.05207690652599637,0.023156729531762732,3.3306690738754696e-16
158,2,1.5,True,6,True,7,1.507773626784677,0.0019714277341800063,-0.016260851104145435,3.3306690738754696e-16
159,2,1.5,True,6,True,7,1.5210873962072173,-0.04444689991505407,-0.0387577113682227,4.440892098500626e-16
160,2,1.5,True,7,True,7,1.542249093346588,-0.08066204817647352,-0.03619483226724629,2.220446049250313e-16
161,2,1.5,True,6,True,7,1.4700772843776841,-0.030399239580923547,0.04473977080485492,3.3306690738754696e-16
162,2,1.5,True,6,True,7,1.4288272021386874,-0.002945262565185085,-0.05220674287874072,3.3306690738754696e-16
163,2,1.5,True,6,True,7,1.5166312331486638,-0.01302463307411316,0.03125035773943141,3.3306690738754696e-16
164,2,1.5,True,6,True,7,1.4476349949648697,-0.0064227448438143285,-0.03602043275855471,4.440892098500626e-16
165,2,1.5,True,6,True,7,1.592376501273319,-0.019192525307193724,-0.00469962790642553,4.440892098500626e-16
166,2,1.5,True,6,True,7,1.5665474181867367,0.02373341622651673,0.011209099122670652,3.3306690738754696e-16
167,2,1.5,True,6,True,7,1.4084480641914148,-0.04065156455694102,-0.0028436599908451266,2.220446049250313e-16
168,2,1.5,True,6,True,7,1.4930354006730164,0.05337734196948791,-0.011848503060568949,2.220446049250313e-16
169,2,1.5,True,6,True,7,1.5844502797160747,0.03214313624515763,0.0034220739399730693,2.220446049250313e-16
170,2,1.5,True,6,True,7,1.5055904948693206,0.05501566894550719,-0.0015789997750439433,4.440892098500626e-16
171,2,1.5,True,6,True,7,1.5389753105717061,0.0501135597569424,0.025389353685227878,2.220446049250313e-16
172,2,1.5,True,6,True,7,1.4964855193950213,0.017807000873728863,-0.016684912743960778,4.440892098500626e-16
173,2,1.5,True,6,True,7,1.5077156746358575,0.017170662305037738,-0.07076231421251378,3.3306690738754696e-16
174,2,1.5,True,6,True,7,1.5467833187688074,-0.0081778215010814,-0.050599804956346306,3.3306690738754696e-16
175,2,1.5,True,7,True,7,1.4911230085565779,0.08424382623807147,0.02579666260283764,3.3306690738754696e-16
176,2,1.5,True,6,True,7,1.4914159392257822,-0.01385561396258534,-0.060298216822342265,3.3306690738754696e-16
177,2,1.5,True,6,True,7,1.4945438235507387,0.03789205630918147,-0.002294111308251523,3.3306690738754696e-16
178,2,1.5,True,6,True,7,1.4655944773004823,-0.009755775298828009,0.022045017025548952,2.220446049250313e-16
179,2,1.5,True,6,True,7,1.4099259300357172,0.046638027647714006,0.018785810431029115,4.440892098500626e-16
180,2,1.5,True,7,True,7,1.5287457430400628,0.07394524546486009,0.014798985306968437,3.3306690738754696e-16
181,2,1.5,True,6,True,7,1.4748862378295953,-0.00913230913884088,-0.012201061754258058,3.3306690738754696e-16
182,2,1.5,True,6,True,7,1.4842537614455746,-0.013250743345245394,0.03795481670778622,2.220446049250313e-16
183,2,1.5,True,6,True,7,1.4803549523342177,-0.04028419514038666,0.0013042932531306395,4.440892098500626e-16
184,2,1.5,True,6,True,7,1.4651439226663634,0.06236331036646026,0.06203660279879952,3.3306690738754696e-16
185,2,1.5,True,6,True,7,1.4917609293063576,-0.03558884640021102,-0.039439633306568744,2.220446049250313e-16
186,2,1.5,True,6,True,7,1.5479013146797753,0.002912088383538916,0.008282645811507283,3.3306690738754696e-16
187,2,1.5,True,6,True,7,1.3990241817824647,-0.016068276026200583,-0.0640133484469454,5.551115123125783e-16
188,2,1.5,True,6,True,7,1.5329984890168395,0.04404334289677678,0.04998140927022309,3.3306690738754696e-16
189,2,1.5,True,6,True,7,1.4529250282168944,0.03766675608603194,0.03813199119368882,3.3306690738754696e-16
190,2,1.5,True,7,True,7,1.4761973893076756,-0.016809717792254094,-0.033974583875585385,3.3306690738754696e-16
191,2,1.5,True,6,True,7,1.5147780021603818,-0.011371517676915405,0.005751769331833412,2.220446049250313e-16
192,2,1.5,True,6,True,7,1.5217852783559178,0.039176302579788144,-0.0003339963543567137,3.3306690738754696e-16
193,2,1.5,True,6,True,7,1.504279165851653,0.025747120019443962,-0.007102889546210633,3.3306690738754696e-16
194,2,1.5,True,7,True,7,1.4857825422247197,-0.03316682049106024,-0.01698120450106866,4.440892098500626e-16
195,2,1.5,True,6,True,7,1.524252760215292,0.03949137592863152,0.02310140928684623,3.3306690738754696e-16
196,2,1.5,True,6,True,7,1.4981467730104365,0.005402614994395025,-0.0006915161131428871,3.3306690738754696e-16
197,2,1.5,True,6,True,7,1.471021840009592,-0.03530913791651806,0.016569581940748535,2.220446049250313e-16
198,2,1.5,True,7,True,7,1.5133382901571344,0.009658172983392551,0.014001141946077267,5.551115123125783e-16
199,2,1.5,True,6,True,7,1.5367996731149385,-0.01618390513190579,0.023702600043945865,3.3306690738754696e-16
200,2,1.5,True,6,True,7,1.4853236265372411,-0.017875295647613233,-0.0052479445913333755,4.440892098500626e-16
201,2,1.5,True,6,True,7,1.442389077693254,0.07225607864777113,-0.016315858693165763,4.440892098500626e-16
202,2,1.5,True,7,True,7,1.5563440426456367,-0.04132608696440821,0.003635474617041057,4.440892098500626e-16
203,2,1.5,True,6,True,7,1.4644095803215817,0.02644994647122781,-0.06276520362386395,3.3306690738754696e-16
204,2,1.5,True,7,True,7,1.4661597098004204,-0.05091750911055755,-0.010975345533424052,3.3306690738754696e-16
205,2,1.5,True,6,True,7,1.4739412606722357,0.023972668323539434,-0.022660375694505852,3.3306690738754696e-16
206,2,1.5,True,6,True,7,1.497069857814746,-0.06328469132938276,0.03912703773284709,3.3306690738754696e-16
207,2,1.5,True,6,True,7,1.525206664369805,0.055602568951588646,0.059528895421329775,3.3306690738754696e-16
208,2,1.5,True,6,True,7,1.477077502342375,0.015635212628796316,-0.01750949296256532,2.220446049250313e-16
209,2,1.5,True,7,True,7,1.5511833096392649,0.01891694564071182,0.021006628984330922,3.3306690738754696e-16
210,2,1.5,True,6,True,7,1.5185405454525616,-0.02753303717458333,-0.012445082389022644,3.3306690738754696e-16
211,2,1.5,True,6,True,7,1.4649028404763362,0.03945964538301864,0.022075419274888985,3.3306690738754696e-16
212,2,1.5,True,6,True,7,1.463005268116482,-0.034468347827190465,0.005224587379770496,4.440892098500626e-16
213,2,1.5,True,6,True,7,1.51938991854616,0.03613969994311639,-0.030318606816499116,2.220446049250313e-16
214,2,1.5,True,6,True,7,1.5158157215383659,0.02034670553638183,0.03974237350726195,2.220446049250313e-16
215,2,1.5,True,6,True,7,1.5177387816991779,-0.013943142766703942,0.04082593148211178,2.220446049250313e-16
216,2,1.5,True,6,True,7,1.4847439067361914,-0.0392578141753077,0.02621479135647886,2.220446049250313e-16
217,2,1.5,True,6,True,7,1.5122653173470189,-0.031987615178094994,0.0041547449651302415,3.3306690738754696e-16
218,2,1.5,True,7,True,7,1.5029272240609863,0.012100608911183607,0.03188788697062728,3.3306690738754696e-16
219,2,1.5,True,6,True,7,1.4883592563537487,-0.021279315882421553,-0.027208597319583472,3.3306690738754696e-16
220,2,1.5,True,6,True,7,1.5082353207943362,0.018943346551075338,-0.07872610003547242,3.3306690738754696e-16
221,2,1.5,True,6,True,7,1.540206249651777,-0.02188779555626961,-0.05856218764502019,2.220446049250313e-16
222,2,1.5,True,6,True,7,1.4408589288322178,-0.01715386318621454,0.06730177273056047,4.440892098500626e-16
223,2,1.5,True,6,True,7,1.5225933686869073,-0.01580109429758495,0.02918855571314849,3.3306690738754696e-16
224,2,1.5,True,6,True,7,1.4369770941344788,-0.007740239999946425,-0.01825253534348314,2.220446049250313e-16
225,2,1.5,True,6,True,7,1.4916887359611453,-0.08083377343783564,-0.009485616210040293,2.220446049250313e-16
226,2,1.5,True,6,True,7,1.4939138956621407,0.04972876942867601,0.022097773316256952,3.3306690738754696e-16
227,2,1.5,True,6,True,7,1.472508243771479,-0.003882258827162647,0.03262884168057101,4.440892098500626e-16
228,2,1.5,True,6,True,7,1.541820555397432,0.010366059160875983,-0.06846190114852924,3.3306690738754696e-16
229,2,1.5,True,6,True,7,1.4650814436870678,-0.011864805452634845,-0.025828718852843435,4.440892098500626e-16
230,2,1.5,True,6,True,7,1.5251517571760194,0.0319858437880356,-0.043088507762360395,3.3306690738754696e-16
231,2,1.5,True,6,True,7,1.5382826327314472,-0.06684119395415727,0.0032972002583305793,2.220446049250313e-16
232,2,1.5,True,6,True,7,1.5557173023634152,-0.0027798349878081115,0.02832360083594565,3.3306690738754696e-16
233,2,1.5,True,6,True,7,1.5160054180273164,0.010230898033745424,-0.006669165159297941,3.3306690738754696e-16
234,2,1.5,True,6,True,7,1.4574319824834108,-0.006974258596925367,0.011252077828268092,2.220446049250313e-16
235,2,1.5,True,6,True,7,1.473014988402575,-0.08669699821410592,-0.025643102641207945,3.3306690738754696e-16
236,2,1.5,True,6,True,7,1.4072451474290295,0.013715297278956574,0.005543410951762251,2.220446049250313e-16
237,2,1.5,True,6,True,7,1.5258392996968193,0.036876225684033835,0.09394995114690163,2.220446049250313e-16
238,2,1.5,True,6,True,7,1.5498037313354065,-0.01385722377494961,-0.007193843305517089,3.3306690738754696e-16
239,2,1.5,True,6,True,7,1.4922397354940653,0.067904688313527,0.006277474008032691,4.440892098500626e-16
240,2,1.5,True,6,True,7,1.5423833017805464,-0.0751935467494184,-0.004899841490621837,4.440892098500626e-16
241,2,1.5,True,6,True,7,1.5308441894998817,0.0407784835565859,-0.012842886829552036,3.3306690738754696e-16
242,2,1.5,True,6,True,7,1.4927129178542633,-0.0027585958034917705,-0.05428656635803675,3.3306690738754696e-16
243,2,1.5,True,6,True,7,1.5446694296405301,-0.04630528804301057,0.047108679061485415,3.3306690738754696e-16
244,2,1.5,True,6,True,7,1.5649571411659922,0.0736716703229241,0.05917196653536061,3.3306690738754696e-16
245,2,1.5,True,6,True,7,1.455679076280561,-0.0023360898012676754,0.05676352566529408,2.220446049250313e-16
246,2,1.5,True,6,True,7,1.5128326352607198,-7.728214554314277e-05,0.10087043888739322,2.220446049250313e-16
247,2,1.5,True,7,True,7,1.609392243623714,0.0031191555709633207,-0.009350729574821522,2.220446049250313e-16
248,2,1.5,True,6,True,7,1.4561842936873584,0.047389267450696486,0.05581463417779697,3.3306690738754696e-16
249,2,1.5,True,6,True,7,1.4864851337224205,-0.013243578037593814,-0.07570656399330122,2.220446049250313e-16
250,2,1.5,True,6,True,7,1.4760700269665972,-0.04984901386497913,-0.015923521060379975,3.3306690738754696e-16
251,2,1.5,True,6,True,7,1.520170924156562,0.024029090519501153,-0.02731177657329631,3.3306690738754696e-16
252,2,1.5,True,6,True,7,1.4775563398601403,0.04360663280169891,0.06387138486767685,4.440892098500626e-16
253,2,1.5,True,6,True,7,1.4116784568454999,0.04275404326841636,-0.03319453833055075,2.220446049250313e-16
254,2,1.5,True,6,True,7,1.4237356297536856,0.022823482676057442,0.018639975260640762,5.551115123125783e-16
255,2,1.5,True,6,True,7,1.502321311926544,-0.02372385329017863,-0.03978034435220312,3.3306690738754696e-16
256,2,1.5,True,6,True,7,1.4910751688050057,0.000584756469263769,0.06979724967237222,4.440892098500626e-16
257,2,1.5,True,6,True,7,1.4599137653409218,0.04715190273995895,0.04115933107618752,4.440892098500626e-16
258,2,1.5,True,6,True,7,1.4579879102722777,0.05791858123464645,-0.061763724969028155,3.3306690738754696e-16
259,2,1.5,True,6,True,7,1.5696127714140469,0.06357904757070659,-0.041097925623432834,3.3306690738754696e-16
260,2,1.5,True,6,True,7,1.5042553500120581,0.024321077525913434,-0.06354578044585146,2.220446049250313e-16
261,2,1.5,True,6,True,7,1.5019493655232512,0.029710072721798868,-0.08658665960982992,3.3306690738754696e-16
262,2,1.5,True,6,True,7,1.5742894158994074,-0.028554534300387846,0.05387317720187257,2.220446049250313e-16
263,2,1.5,True,6,True,7,1.5258747382813653,0.00858667676105534,0.07479173102838432,2.220446049250313e-16
264,2,1.5,True,7,True,7,1.4850705661973094,0.00453227364879278,-0.05349300346642094,1.1796119636642288e-16
265,2,1.5,True,6,True,7,1.408109984705459,-0.029752881149299176,-0.06611356542638203,4.440892098500626e-16
266,2,1.5,True,6,True,7,1.5280470856063588,-0.025457735620432617,-0.010932906369168216,2.220446049250313e-16
267,2,1.5,True,6,True,7,1.5858142840491096,-0.0024392724123365474,-0.019970294910382488,3.3306690738754696e-16
268,2,1.5,True,6,True,7,1.4877100613466443,-0.048422978826830415,-0.06841883372610114,4.440892098500626e-16
269,2,1.5,True,6,True,7,1.4679906753028316,-0.0422318144351418,0.004216155760657814,3.3306690738754696e-16
270,2,1.5,True,6,True,7,1.458477574606971,-0.0539153832932957,0.050738695325231675,2.220446049250313e-16
271,2,1.5,True,6,True,7,1.5218968515125386,-0.0719168148655169,-0.07490498675617463,2.220446049250313e-16
272,2,1.5,True,6,True,7,1.4907515601461896,-0.020517064581013794,-0.06671478910045159,2.220446049250313e-16
273,2,1.5,True,6,True,7,1.476576840748183,0.04739993113500123,0.06452176675901522,6.661338147750939e-16
274,2,1.5,True,7,True,7,1.5596011233926899,-0.03034702258244617,0.002524542628038917,2.220446049250313e-16
275,2,1.5,True,6,True,7,1.5377671484933197,-0.061833866835047865,-0.008704711265668408,3.3306690738754696e-16
276,2,1.5,True,6,True,7,1.5508037285287357,-0.03495218080784904,0.03885501820879167,1.6653345369377348e-16
277,2,1.5,True,6,True,7,1.421161902384111,0.0399204713811977,0.0047451792816555205,3.3306690738754696e-16
278,2,1.5,True,6,True,7,1.5315055773219253,0.02184937924310027,0.03897171571931701,6.661338147750939e-16
279,2,1.5,True,6,True,7,1.4590616963474787,0.08461160223089409,-0.01966572906628794,2.220446049250313e-16
280,2,1.5,True,6,True,7,1.4335010279192104,-0.005436836035195316,0.024188100969309234,4.440892098500626e-16
281,2,1.5,True,6,True,7,1.5665802544277039,0.0023771314040836045,-0.023097161768297125,2.7755575615628914e-16
282,2,1.5,True,6,True,7,1.4871799167954998,-0.02223932894904686,0.031008271666864706,5.551115123125783e-16
283,2,1.5,True,6,True,7,1.473188047475111,0.03754006871906046,0.02815849379550084,3.3306690738754696e-16
284,2,1.5,True,6,True,7,1.5870468359591052,0.0005874205456450968,-0.049013694086129544,3.3306690738754696e-16
285,2,1.5,True,6,True,7,1.4844845889143805,0.10914094885195387,-0.041132936551787624,4.440892098500626e-16
286,2,1.5,True,6,True,7,1.5687622468871016,0.0321269902876755,0.022655702470724015,3.3306690738754696e-16
287,2,1.5,True,6,True,7,1.5522579637359883,0.11023793741228946,0.043490955128658526,2.220446049250313e-16
288,2,1.5,True,6,True,7,1.545528260398691,0.0072193919310558794,-0.04560789791663733,3.3306690738754696e-16
289,2,1.5,True,6,True,7,1.4666943855709904,-0.0489943831691375,0.014466826361905882,3.3306690738754696e-16
290,2,1.5,True,6,True,7,1.5334056544531802,-0.03851483957689411,0.02655829342495164,2.220446049250313e-16
291,2,1.5,True,7,True,7,1.445745076473347,0.020040048639113663,-0.047649679927850075,2.220446049250313e-16
292,2,1.5,True,6,True,7,1.5456370700260553,-0.01695093338981802,-0.05255087140464787,5.551115123125783e-16
293,2,1.5,True,6,True,7,1.4821279623977497,-0.04214531666129421,0.029907393964093365,3.3306690738754696e-16
294,2,1.5,True,6,True,7,1.4991383747577,0.01723841402062162,-0.0142598539699903,3.3306690738754696e-16
295,2,1.5,True,6,True,7,1.4771081428154031,-0.046831514418994045,-0.0023075140044633846,3.3306690738754696e-16
296,2,1.5,True,6,True,7,1.5138213967379408,0.056524836107388766,0.021142732081955606,2.220446049250313e-16
297,2,1.5,True,6,True,7,1.5340759902742023,0.03373069758280453,0.039013006081475954,3.3306690738754696e-16
298,2,1.5,True,6,True,7,1.5200809086735378,-0.07064645927342596,-0.03176441043156131,5.551115123125783e-16
299,2,1.5,True,6,True,7,1.5060062190750305,-0.03163718347597069,-0.018659944131883988,5.551115123125783e-16
300,2,1.5,True,7,True,7,1.4565192467158845,-0.0767382303706324,0.023750366884019103,3.3306690738754696e-16
301,2,1.5,True,6,True,7,1.5074097538115816,0.007661786567418577,0.060452052537238836,3.3306690738754696e-16
302,2,1.5,True,6,True,7,1.5214673891706856,-0.04208135730832503,0.03138197954241828,4.440892098500626e-16
303,2,1.5,True,6,True,7,1.4647188820162174,0.1353756613392869,-0.011982964889686976,3.3306690738754696e-16
304,2,1.5,True,6,True,7,1.528780767479317,0.01246948135508676,0.026567726285764648,1.6653345369377348e-16
305,2,1.5,True,6,True,7,1.4974577558472735,0.026115939934322114,0.13506444765375203,3.3306690738754696e-16
306,2,1.5,True,6,True,7,1.4409057213723944,-0.0018864260555252156,-0.026520262531101062,2.220446049250313e-16
307,2,1.5,True,6,True,7,1.4912110010002755,-0.016569335365185706,-0.047109179791837485,3.3306690738754696e-16
308,2,1.5,True,6,True,7,1.4917596930797092,0.040828503732599,-0.04106762087453664,3.3306690738754696e-16
309,2,1.5,True,6,True,7,1.5775951292507677,0.015531919313260565,0.020160667228552365,3.3306690738754696e-16
310,2,1.5,True,6,True,7,1.4962451655885134,0.031074180183177848,0.010665792601350699,2.220446049250313e-16
311,2,1.5,True,6,True,7,1.5177223054203879,-0.02954738882094113,0.05957752172733499,3.3306690738754696e-16
312,2,1.5,True,6,True,7,1.5520502629403345,0.05664183251520997,0.06077207732649237,3.3306690738754696e-16
313,2,1.5,True,6,True,7,1.5367485868700537,0.04976005772270213,-0.006012006103015999,3.3306690738754696e-16
314,2,1.5,True,6,True,7,1.4522995289600773,-0.05417816492645081,0.02154119305815627,3.3306690738754696e-16
315,2,1.5,True,6,True,7,1.5057018222388752,-0.006761751791655301,-0.00048135487503597844,3.3306690738754696e-16
316,2,1.5,True,6,True,7,1.5455151933091644,-0.01712548752591504,0.012237368863438292,2.220446049250313e-16
317,2,1.5,True,6,True,7,1.4803571469760481,-0.02939653573010054,-0.006475520245835975,3.3306690738754696e-16
318,2,1.5,True,6,True,7,1.4666567861733648,0.03824512006957098,0.051763780355132405,3.3306690738754696e-16
319,2,1.5,True,6,True,7,1.4964673242639257,-0.01554871017339581,0.036149251923453744,3.3306690738754696e-16
320,2,1.5,True,6,True,7,1.4111785180363834,-0.07437635635070619,-0.02221424912970882,2.220446049250313e-16
321,2,1.5,True,6,True,7,1.5756862521473045,0.022967739967804632,-0.06550295680037799,3.3306690738754696e-16
322,2,1.5,True,6,True,7,1.4866151698693553,0.026414303005466835,0.010096587716739158,3.3306690738754696e-16
323,2,1.5,True,6,True,7,1.553193791775601,-0.020411812647491718,0.05529585837805229,2.220446049250313e-16
324,2,1.5,True,6,True,7,1.5021910162619683,-0.018078731101189523,-0.024038134897236496,3.3306690738754696e-16
325,2,1.5,True,6,True,7,1.4922589901614691,-0.05942847294044269,-0.06376382591451235,3.3306690738754696e-16
326,2,1.5,True,6,True,7,1.4666513275067725,-0.006191960140962327,0.028880540021129275,3.3306690738754696e-16
327,2,1.5,True,6,True,7,1.4800346887060298,-0.026321687736637636,0.0036946124849615014,4.440892098500626e-16
328,2,1.5,True,6,True,7,1.4797512854397301,-0.011648856524410792,0.011454385155728053,5.551115123125783e-16
329,2,1.5,True,6,True,7,1.4426245397870718,-0.004019518306365061,0.007018674329601127,3.3306690738754696e-16
330,2,1.5,True,6,True,7,1.5098778345802168,-0.025087376207115476,-0.03553378763286141,2.220446049250313e-16
331,2,1.5,True,6,True,7,1.5580458296361273,-0.01180484240473298,-0.022985426721819024,3.3306690738754696e-16
332,2,1.5,True,6,True,7,1.5276405103332882,-0.04922090727367284,0.06257874474486214,2.220446049250313e-16
333,2,1.5,True,6,True,7,1.4993348210097095,0.0294853909670835,0.005511817136676702,2.220446049250313e-16
334,2,1.5,True,6,True,7,1.5028537091597884,-0.04682166523773287,0.012933675265768718,5.551115123125783e-16
335,2,1.5,True,6,True,7,1.5102760907734136,0.04175353088983845,0.007966667606053468,2.220446049250313e-16
336,2,1.5,True,6,True,7,1.5415454316597241,-0.04327277025443241,-0.011771400385265585,2.220446049250313e-16
337,2,1.5,True,7,True,7,1.4995179956220686,0.035893566226759877,-0.03847501844820922,2.220446049250313e-16
338,2,1.5,True,6,True,7,1.4904549945272954,0.0310967428962989,-0.04991632505843935,2.220446049250313e-16
339,2,1.5,True,6,True,7,1.528022792341447,0.06296782046690924,0.025527433855269788,3.3306690738754696e-16
340,2,1.5,True,6,True,7,1.5777456184643641,0.010086367733054567,0.006432725843472875,4.440892098500626e-16
341,2,1.5,True,6,True,7,1.5383422985259347,0.00416430924258087,0.04191159345604345,5.551115123125783e-16
342,2,1.5,True,6,True,7,1.518325243230492,-0.07337507764395844,-0.048896347686743,3.3306690738754696e-16
343,2,1.5,True,6,True,7,1.5090234490822563,-0.01919423215332033,0.06511933380052293,3.3306690738754696e-16
344,2,1.5,True,6,True,7,1.5131450208713602,0.09110274769945673,0.01866214333956895,3.3306690738754696e-16
345,2,1.5,True,6,True,7,1.5201739139558297,-0.03263168019503092,-0.06776815775901124,2.220446049250313e-16
346,2,1.5,True,6,True,7,1.4526776310055074,-0.03107380438907345,0.007753937256474774,3.3306690738754696e-16
347,2,1.5,True,6,True,7,1.5142307950936744,-0.0219870311194616,-0.06055204228152143,3.3306690738754696e-16
348,2,1.5,True,6,True,7,1.4503282450497028,-0.04147711072162209,-0.04111394262945556,4.440892098500626e-16
349,2,1.5,True,6,True,7,1.5656767317196563,-0.01971439384933325,-0.008391301543258622,4.440892098500626e-16
350,2,1.5,True,6,True,7,1.4680149758244825,0.06387159010672636,0.07475791384155595,4.440892098500626e-16
351,2,1.5,True,6,True,7,1.4319350784228086,0.05572433645115983,0.006679311774323793,2.220446049250313e-16
352,2,1.5,True,6,True,7,1.5270113431555354,0.006487943943210242,-0.03709013233419345,3.3306690738754696e-16
353,2,1.5,True,6,True,7,1.5057198352217465,0.02755455665848455,-0.0375519928235748,3.3306690738754696e-16
354,2,1.5,True,6,True,7,1.5084701632141804,0.06731208169265436,-0.0411379992326264,3.3306690738754696e-16
355,2,1.5,True,6,True,7,1.4752975982369487,0.03138866083933547,0.020250657248183423,3.3306690738754696e-16
356,2,1.5,True,6,True,7,1.5120554717490609,-0.043407361753712764,-0.00439579200227358,2.220446049250313e-16
357,2,1.5,True,6,True,7,1.5317919859246276,-0.02939647869069863,0.042137005163134005,3.3306690738754696e-16
358,2,1.5,True,6,True,7,1.5115728048161368,0.01652517318715947,-0.010291387277899022,2.220446049250313e-16
359,2,1.5,True,6,True,6,1.4758688933410182,-1.3422140962560114e-05,-0.03181063136680562,2.220446049250313e-16
360,2,1.5,True,6,True,6,1.5194014448285627,-0.029159690944420114,-0.010525578873635144,2.220446049250313e-16
361,2,1.5,True,6,True,7,1.4440953595333033,-0.07010889159279307,0.025278068323767222,2.220446049250313e-16
362,2,1.5,True,6,True,7,1.5298148980818378,0.029795207129417498,0.013587488474099185,3.3306690738754696e-16
363,2,1.5,True,7,True,7,1.4860897135703661,-0.038507747370153875,-0.03191371050287284,3.3306690738754696e-16
364,2,1.5,True,7,True,7,1.4121367618003025,-0.04727698779467627,0.018504573319375384,3.3306690738754696e-16
365,2,1.5,True,6,True,7,1.5327285280684777,-0.015108785264534984,0.03142915464609719,4.440892098500626e-16
366,2,1.5,True,6,True,7,1.4486598095822278,-0.06686099254001403,-0.027008475939309773,2.220446049250313e-16
367,2,1.5,True,6,True,7,1.441377773871487,-0.046094445240716424,-0.04697867249799004,2.220446049250313e-16
368,2,1.5,True,6,True,7,1.506128100299118,-0.014303199575792683,0.010789231924860143,3.3306690738754696e-16
369,2,1.5,True,7,True,7,1.5222071768885437,-0.06836016462353595,0.001001762928465988,3.3306690738754696e-16
370,2,1.5,True,6,True,7,1.4506339575956986,-0.04128549524494487,0.038655466186237275,3.3306690738754696e-16
371,2,1.5,True,6,True,7,1.4890986997163544,0.04037348160419228,-0.04193012357831005,3.3306690738754696e-16
372,2,1.5,True,6,True,7,1.4889787899466274,0.03883499833415153,0.0018507647191883247,6.661338147750939e-16
373,2,1.5,True,6,True,7,1.6141428713394348,-0.09574175463609104,-0.05002785952898936,5.551115123125783e-16
374,2,1.5,True,6,True,7,1.4682043769396549,-0.03197984237162984,-0.006237299461851142,4.440892098500626e-16
375,2,1.5,True,6,True,7,1.465127826807933,0.08519473500953711,-0.008103459728789453,3.3306690738754696e-16
376,2,1.5,True,6,True,7,1.500314346438359,-0.07066900688532984,-0.0012615722355885373,2.220446049250313e-16
377,2,1.5,True,6,True,7,1.4972644125415013,-0.03898176614134526,-0.0007223904486542976,3.3306690738754696e-16
378,2,1.5,True,6,True,7,1.55491692015022,0.03264133138039921,-0.10580232904249742,2.220446049250313e-16
379,2,1.5,True,6,True,7,1.4836079403017266,0.040734753375287425,-0.014261811390723578,4.440892098500626e-16
380,2,1.5,True,6,True,7,1.419119015667882,0.006234829599481483,0.008382856575760878,4.440892098500626e-16
381,2,1.5,True,6,True,7,1.4855591765113147,-0.03786505386709316,-0.014512757845014157,3.3306690738754696e-16
382,2,1.5,True,6,True,7,1.4845181001212948,0.01536437281002867,0.0018504239192842498,3.3306690738754696e-16
383,2,1.5,True,6,True,7,1.5549819120893555,0.008808717244386723,0.0556078561838248,2.220446049250313e-16
384,2,1.5,True,6,True,7,1.5318603911369426,-0.13513760365746738,0.04635548244048815,3.3306690738754696e-16
385,2,1.5,True,6,True,7,1.4953562268661487,-0.003336781455715903,0.045002249936488825,3.3306690738754696e-16
386,2,1.5,True,6,True,7,1.4297991792607,-0.05413533289654367,-0.009438669325642302,3.3306690738754696e-16
387,2,1.5,True,6,True,7,1.5443175841102663,0.03734335107582242,0.06517015831998052,3.3306690738754696e-16
388,2,1.5,True,6,True,7,1.581717833303509,0.037237754036854046,0.01204857668109871,2.220446049250313e-16
389,2,1.5,True,6,True,7,1.4908967296431686,-0.037666251833508024,-0.03990793975487139,3.3306690738754696e-16
390,2,1.5,True,6,True,7,1.4638465841204575,-0.024720377039952814,-0.0442927507812636,3.3306690738754696e-16
391,2,1.5,True,6,True,7,1.5016215095215748,-0.028158539928024733,-0.06851571423208935,3.3306690738754696e-16
392,2,1.5,True,6,True,7,1.4877694106201351,0.023878066277213048,0.05380259515727559,3.3306690738754696e-16
393,2,1.5,True,7,True,7,1.5050580026777876,-0.020439680585791674,0.022962645471834353,2.220446049250313e-16
394,2,1.5,True,6,True,7,1.4579163159583346,0.04901147275135188,-0.015449291743751203,3.3306690738754696e-16
395,2,1.5,True,6,True,7,1.5339275459512198,-0.09010689286767501,-0.05901159986960369,2.220446049250313e-16
396,2,1.5,True,6,True,7,1.4483723576857814,-0.06590883377658634,-0.03719724616303344,3.3306690738754696e-16
397,2,1.5,True,6,True,7,1.4087237433406732,0.07869691220636918,-0.06734509205433858,3.3306690738754696e-16
398,2,1.5,True,6,True,7,1.4968779007265072,-0.021135802595183068,0.04719617066073989,3.3306690738754696e-16
399,2,1.5,True,6,True,7,1.5072794981863062,-0.04377761785984831,0.0046709017764550165,4.440892098500626e-16
400,2,1.5,True,6,True,7,1.4811480721841945,-0.031213755315624012,0.016054246928059124,4.440892098500626e-16
401,2,1.5,True,6,True,7,1.4915886213419192,-0.018497915275677,-0.00458334128267035,3.3306690738754696e-16
402,2,1.5,True,6,True,7,1.5382226116001771,-0.0423708224351365,0.02735774922245837,3.3306690738754696e-16
403,2,1.5,True,6,True,7,1.4931059822979096,-0.006072316289361567,0.07634414741811624,3.3306690738754696e-16
404,2,1.5,True,6,True,7,1.5536472381242934,-0.009271021151268558,-0.03204483408351044,2.220446049250313e-16
405,2,1.5,True,6,True,7,1.4459621791104935,-0.026055055922893436,0.06841156915914692,5.551115123125783e-16
406,2,1.5,True,6,True,7,1.4628642458173053,0.03196631787272579,-0.02590492897416352,3.3306690738754696e-16
407,2,1.5,True,6,True,7,1.5388029442337354,-0.02825074528147544,0.01012789262396474,3.3306690738754696e-16
408,2,1.5,True,6,True,7,1.5231849478587545,0.04453930266052319,0.0046275987975848976,2.220446049250313e-16
409,2,1.5,True,6,True,7,1.5133133154451994,-0.05677015082322971,-0.004553060198206671,3.3306690738754696e-16
410,2,1.5,True,6,True,7,1.4960315590183206,-0.0318605683617063,-0.06036677486204267,3.3306690738754696e-16
411,2,1.5,True,6,True,7,1.4727541174827268,0.0176778613723772,0.06636363412898061,3.3306690738754696e-16
412,2,1.5,True,6,True,7,1.5552120597798271,-0.02789464324425797,0.0024804473657765724,3.3306690738754696e-16
413,2,1.5,True,6,True,7,1.4819811107346617,0.020788465589710238,0.004415175216119893,5.551115123125783e-16
414,2,1.5,True,6,True,7,1.4475097213514176,0.007313635921689633,-0.03219523913116762,3.3306690738754696e-16
415,2,1.5,True,6,True,7,1.4969360935610991,-0.0025994262709336646,-0.0440444602656318,3.3306690738754696e-16
416,2,1.5,True,6,True,7,1.554071424257938,-0.012263037526410841,-0.025398451281527512,3.3306690738754696e-16
417,2,1.5,True,6,True,7,1.5445612943646156,-0.03803384916405946,-0.0007754966712184563,2.220446049250313e-16
418,2,1.5,True,6,True,7,1.4655210740729392,-0.048546966662811,0.09234892253085314,3.3306690738754696e-16
419,2,1.5,True,6,True,7,1.4521914128773215,-0.07480865302674297,0.029987714419644873,2.220446049250313e-16
420,2,1.5,True,6,True,7,1.398868167322655,-0.00041044354237257646,-0.015268412716759605,3.3306690738754696e-16
421,2,1.5,True,6,True,7,1.5564414833520286,-0.00488186202578547,0.016956136724975868,3.3306690738754696e-16
422,2,1.5,True,6,True,7,1.52083984168549,-0.026003602056146522,0.04653155779296958,3.3306690738754696e-16
423,2,1.5,True,6,True,7,1.514782015679459,0.05760917797455039,-0.018389646209533428,3.3306690738754696e-16
424,2,1.5,True,6,True,7,1.4907845369615822,-0.06445346476102765,0.006042643235821377,3.3306690738754696e-16
425,2,1.5,True,6,True,7,1.4817624462135328,0.01100028920774904,0.03158823320813653,3.3306690738754696e-16
426,2,1.5,True,6,True,7,1.4928622951303694,-0.011093208943638782,0.015442052975061616,4.440892098500626e-16
427,2,1.5,True,6,True,7,1.5428370686072768,0.013819202301761707,-0.017043277428778536,3.3306690738754696e-16
428,2,1.5,True,6,True,7,1.5289331399281576,-0.03550722663767593,-0.0025241269377482833,6.661338147750939e-16
429,2,1.5,True,6,True,7,1.476164726861552,-0.011699216025465097,0.031054889126742702,3.3306690738754696e-16
430,2,1.5,True,6,True,7,1.4207429070601725,-0.006719966736726327,-0.019866548354493307,3.3306690738754696e-16
431,2,1.5,True,6,True,7,1.5112829387894782,-0.021645957468882506,0.01253009841509212,3.3306690738754696e-16
432,2,1.5,True,6,True,7,1.5261796812530026,-0.016983653166305845,-0.04214923368711232,3.3306690738754696e-16
433,2,1.5,True,6,True,7,1.4500361742644203,-0.017122208050414277,0.00852050022327877,3.3306690738754696e-16
434,2,1.5,True,6,True,7,1.490318839544452,-0.04316228923607096,-0.03159049175101325,3.3306690738754696e-16
435,2,1.5,True,6,True,7,1.3949810998961962,-0.05564215446808725,0.030130463932235174,3.3306690738754696e-16
436,2,1.5,True,6,True,7,1.448591561952011,-0.03045758764119668,0.021822186629575024,3.3306690738754696e-16
437,2,1.5,True,6,True,7,1.5054193843350747,0.033267368956736605,0.053558734142300723,4.440892098500626e-16
438,2,1.5,True,6,True,7,1.4970832215174388,-0.045223888241691955,-0.012316820059541267,3.3306690738754696e-16
439,2,1.5,True,6,True,7,1.5256048710337016,-0.014094729909911483,-0.03254926811801262,2.220446049250313e-16
440,2,1.5,True,6,True,7,1.535308345080166,0.07284327994006473,0.028069311787147888,2.220446049250313e-16
441,2,1.5,True,6,True,7,1.456407465283944,-0.016691054195892688,0.0345338926776565,3.3306690738754696e-16
442,2,1.5,True,6,True,7,1.4593693564696304,-0.05068454277097792,0.026418208112453767,3.3306690738754696e-16
443,2,1.5,True,6,True,7,1.490885883773504,-0.06689437833305621,-0.04098157345433773,3.3306690738754696e-16
444,2,1.5,True,6,True,7,1.4992879393762686,0.00250325708193367,0.0021492322819722798,3.3306690738754696e-16
445,2,1.5,True,6,True,7,1.4425909624919706,-0.028179537346022795,0.05460723305695803,2.220446049250313e-16
446,2,1.5,True,7,True,7,1.4766440945106856,-0.07134826305136291,-0.04570875918671691,2.220446049250313e-16
447,2,1.5,True,7,True,7,1.537044332107104,0.04714933653316802,0.010297168415754565,2.220446049250313e-16
448,2,1.5,True,6,True,7,1.509778232296707,-0.033123027206136135,0.05092110159207841,3.3306690738754696e-16
449,2,1.5,True,6,True,7,1.518674549474155,0.02312611071377719,0.07117780082699954,2.220446049250313e-16
450,2,1.5,True,7,True,7,1.4884151105706676,0.024727906307092012,0.02991312039440841,3.3306690738754696e-16
451,2,1.5,True,6,True,7,1.4607393005756482,-0.0007589312983836694,-0.033988690100712704,3.3306690738754696e-16
452,2,1.5,True,6,True,7,1.4693036972087015,-0.010232788476784433,-0.020881651186067995,2.220446049250313e-16
453,2,1.5,True,6,True,7,1.431537892139227,0.010763605955680527,0.06407887790183486,4.440892098500626e-16
454,2,1.5,True,6,True,7,1.5551343696424929,0.02398309588905048,-0.05798217469067568,3.3306690738754696e-16
455,2,1.5,True,6,True,7,1.4635031447417177,-0.022932001903936843,0.009882252462664276,3.3306690738754696e-16
456,2,1.5,True,6,True,7,1.5732851923470077,0.0026614263143150026,0.05182360283648835,3.3306690738754696e-16
457,2,1.5,True,6,True,7,1.5594722405607093,0.011678797223718587,-0.0777800651072682,3.3306690738754696e-16
458,2,1.5,True,6,True,7,1.5647351118495036,-0.0005812641046187422,0.054553457567555697,2.220446049250313e-16
459,2,1.5,True,6,True,7,1.5509082008952155,0.02488208754174196,-0.059078287931543016,1.6740081543176188e-16
460,2,1.5,True,6,True,7,1.4859223213829138,0.04985008273654805,-0.009065519763795438,4.440892098500626e-16
461,2,1.5,True,6,True,7,1.4943570723513573,0.006124084454163882,-0.016107016565779952,4.440892098500626e-16
462,2,1.5,True,6,True,7,1.4876919621253455,0.021717524854827256,0.011618353995040964,5.551115123125783e-16
463,2,1.5,True,6,True,7,1.5277437135820318,-0.038215678988098765,-0.05058617419251865,3.3306690738754696e-16
464,2,1.5,True,6,True,7,1.5509970542530118,-0.006284849648310012,0.0005628634997825137,3.3306690738754696e-16
465,2,1.5,True,6,True,7,1.526656128588383,-0.06193548443279781,-0.006666515657681282,3.3306690738754696e-16
466,2,1.5,True,6,True,7,1.514268428178499,-0.050293527440872135,0.029900475827521644,3.3306690738754696e-16
467,2,1.5,True,6,True,7,1.5063928074684987,-0.01581917373305558,-0.010709683733142628,5.551115123125783e-16
468,2,1.5,True,6,True,7,1.4966767303573083,-0.010745431115153923,-0.0010249356450990899,6.661338147750939e-16
469,2,1.5,True,6,True,7,1.5796260031736422,-0.026108304850119814,-0.015719410782611076,4.440892098500626e-16
470,2,1.5,True,6,True,7,1.4463818719752095,0.0012786255972514309,-0.06095835546327555,3.3306690738754696e-16
471,2,1.5,True,7,True,7,1.4658567281639454,-0.04129727251809751,0.021783367378938268,4.440892098500626e-16
472,2,1.5,True,7,True,7,1.4319406860186121,-0.03073042676647958,0.00371361496752054,5.551115123125783e-16
473,2,1.5,True,6,True,7,1.4730632863780733,-0.06962659959984771,-0.030687445112606904,3.3306690738754696e-16
474,2,1.5,True,6,True,7,1.426824313561305,0.013131846674098363,-0.054030364689039434,4.440892098500626e-16
475,2,1.5,True,6,True,7,1.4852121430917113,-0.03866580519334136,0.03186966302816052,3.3306690738754696e-16
476,2,1.5,True,6,True,7,1.4895559039651198,-0.026870640130652684,-0.024490213932343075,2.220446049250313e-16
477,2,1.5,True,6,True,7,1.488988374061414,-0.028819908894960937,-0.0376550079191178,2.220446049250313e-16
478,2,1.5,True,7,True,7,1.4334354312158795,-0.07637587387766744,0.018393760380220114,2.220446049250313e-16
479,2,1.5,True,6,True,7,1.5321390660513547,0.024843437605838244,-0.031648391271641874,2.220446049250313e-16
480,2,1.5,True,6,True,7,1.512029573986101,-0.07645460579249723,0.060236795661661846,5.551115123125783e-16
481,2,1.5,True,6,True,7,1.5119163918900531,0.007593305624230731,-0.02324694075272893,3.3306690738754696e-16
482,2,1.5,True,6,True,7,1.5062055223019284,0.05985228519633022,0.01606491435628099,3.3306690738754696e-16
483,2,1.5,True,6,True,7,1.4467116912069358,0.028595142221596113,-0.06576954263213453,4.440892098500626e-16
484,2,1.5,True,7,True,7,1.4927146965114615,0.010051414623143991,0.03569019324846734,3.3306690738754696e-16
485,2,1.5,True,6,True,7,1.4645168480937696,-0.012384113042387027,0.08788414066984229,2.220446049250313e-16
486,2,1.5,True,6,True,7,1.467364959487948,-0.027965658800875266,-0.05022732851583189,3.3306690738754696e-16
487,2,1.5,True,6,True,7,1.564719998927981,0.006021667824927788,0.05818910737253978,3.3306690738754696e-16
488,2,1.5,True,6,True,7,1.522512235518584,-0.12545465133214168,-0.01057681387168552,5.551115123125783e-16
489,2,1.5,True,6,True,7,1.4829584993605367,-0.008007346486174384,0.007632925066796137,5.551115123125783e-16
490,2,1.5,True,6,True,7,1.557294326643635,-0.04794296857698306,-0.007269820028550144,3.3306690738754696e-16
491,2,1.5,True,6,True,7,1.5368948515613146,0.028402774632410813,-0.07585148016299792,2.220446049250313e-16
492,2,1.5,True,6,True,7,1.4700505785799116,0.021114224165832387,-0.012284828285622159,4.440892098500626e-16
493,2,1.5,True,6,True,7,1.4586676503626612,-0.09182267993489035,-0.004814887375391486,4.440892098500626e-16
494,2,1.5,True,7,True,7,1.465203957176029,0.024683495347667946,0.014716908221676706,4.440892098500626e-16
495,2,1.5,True,6,True,7,1.483128302688325,-0.0002455244957564346,-0.006633791848920767,4.440892098500626e-16
496,2,1.5,True,6,True,7,1.4914182112296483,-0.03041669036026717,0.022849652179960933,3.3306690738754696e-16
497,2,1.5,True,6,True,7,1.5025495098452706,-0.06411678608920651,0.10295548586314107,3.3306690738754696e-16
498,2,1.5,True,6,True,7,1.5221308102689293,-0.03244468753778357,-0.02004504382687411,2.220446049250313e-16
499,2,1.5,True,6,True,7,1.5209290398211097,-0.07427704475656823,-0.016931502768996354,2.220446049250313e-16
0,3,2.25,True,6,True,7,2.2733020737566294,0.06739792025826025,-0.005453434709124626,3.3306690738754696e-16
1,3,2.25,True,6,True,7,2.2075463020976747,-0.022638714655849993,-0.010859790337499065,4.440892098500626e-16
2,3,2.25,True,6,True,7,2.2966979222888337,0.09256656817633441,0.01571023054933396,4.440892098500626e-16
3,3,2.25,True,6,True,7,2.2715537367423635,-0.013834926702967362,0.0371514817814278,3.3306690738754696e-16
4,3,2.25,True,6,True,7,2.2536831692527253,-0.06881735995698775,-0.09265427077512012,3.3306690738754696e-16
5,3,2.25,True,6,True,7,2.2301182925732306,0.03208324627425358,-0.01642468651302864,3.3306690738754696e-16
6,3,2.25,True,6,True,7,2.252835386052218,0.004598762867505676,-0.0765313867131,3.3306690738754696e-16
7,3,2.25,True,6,True,7,2.2412146235308046,0.07671603385532523,0.013581019173442788,2.220446049250313e-16
8,3,2.25,True,6,True,7,2.294077486380953,-0.044190215732792616,-0.025176352313590167,4.440892098500626e-16
9,3,2.25,True,6,True,7,2.226860941340514,0.04618899357986625,-0.009650076661913087,3.3306690738754696e-16
10,3,2.25,True,6,True,7,2.2648909175025227,0.04674314900216103,0.04172315063685306,3.3306690738754696e-16
11,3,2.25,True,6,True,7,2.2339754090239383,0.028727813474549207,-0.05893051970894225,4.440892098500626e-16
12,3,2.25,True,6,True,7,2.2559437747738045,-0.04283256034105488,-0.026824667232336008,3.3306690738754696e-16
13,3,2.25,True,6,True,7,2.2148133674203687,-0.06032957994983589,0.021376844255190486,4.440892098500626e-16
14,3,2.25,True,6,True,7,2.2062217361820813,0.038073528289542115,-0.034251740078249715,3.3306690738754696e-16
15,3,2.25,True,6,True,7,2.2193219719328474,0.03059853837645491,0.014357664475321164,3.3306690738754696e-16
16,3,2.25,True,6,True,7,2.2857759714487162,0.03952574845221181,-0.05075227005415961,4.440892098500626e-16
17,3,2.25,True,6,True,7,2.289900533101807,0.012373720856974517,-0.032734202362539766,3.3306690738754696e-16
18,3,2.25,True,6,True,7,2.304189976124471,-0.029429608073479722,0.02171017866938818,3.3306690738754696e-16
19,3,2.25,True,6,True,7,2.279762031940157,-0.009924202373119058,-0.03215822860015316,3.3306690738754696e-16
20,3,2.25,True,6,True,7,2.1709095729541694,-0.018978939472358198,-0.0618688873200699,2.220446049250313e-16
21,3,2.25,True,6,True,7,2.273209475527269,-0.04757485889273387,-0.0460138135527437,3.3306690738754696e-16
22,3,2.25,True,6,True,7,2.2554554371526354,0.0013388634847216405,-0.039823806960790575,3.3306690738754696e-16
23,3,2.25,True,6,True,7,2.288833825789387,0.06339332198067117,0.016305830366051266,5.551115123125783e-16
24,3,2.25,True,6,True,7,2.2646508640136376,-0.04977582489907512,0.026092688636478623,4.440892098500626e-16
25,3,2.25,True,6,True,7,2.293377520738786,0.008280707363772885,-0.06940610775260936,2.220446049250313e-16
26,3,2.25,True,6,True,7,2.2481391122735674,-0.02004493494919342,0.012938311580345419,4.440892098500626e-16
27,3,2.25,True,6,True,7,2.2437229039340734,-0.04880913317509532,0.08988398815824228,3.3306690738754696e-16
28,3,2.25,True,6,True,7,2.167394232274077,0.024976989232669364,0.047251957253631176,3.3306690738754696e-16
29,3,2.25,True,6,True,7,2.26116952810523,0.06475221081283775,-0.023901323275487885,3.3306690738754696e-16
30,3,2.25,True,6,True,7,2.2340771851881707,0.011633357772857775,0.02592649708582251,3.3306690738754696e-16
31,3,2.25,True,6,True,7,2.248175322072417,-0.005002063113329888,0.036426505619455596,2.220446049250313e-16
32,3,2.25,True,6,True,7,2.2857821962888814,-0.03265701948546301,0.009964997579399393,3.3306690738754696e-16
33,3,2.25,True,6,True,7,2.247972654587103,0.03237036781143367,0.044154949135889354,4.440892098500626e-16
34,3,2.25,True,6,True,7,2.205314202590098,0.03835631624471724,-0.01863397807538103,3.3306690738754696e-16
35,3,2.25,True,6,True,7,2.2072674790197664,0.03004660980315396,0.00450576852789486,3.3306690738754696e-16
36,3,2.25,True,6,True,7,2.228998265084305,0.003661037402339442,0.007685492323324494,4.440892098500626e-16
37,3,2.25,True,6,True,7,2.2613811957178345,-0.01854991734924251,-0.048613747137398966,3.3306690738754696e-16
38,3,2.25,True,6,True,7,2.2511827593294185,0.020679239812820105,0.013808193352747855,3.3306690738754696e-16
39,3,2.25,True,6,True,7,2.2723882680583385,-0.048943386141197504,0.10863372546800353,3.3306690738754696e-16
40,3,2.25,True,6,True,7,2.2792010920936363,0.06240771680633948,0.008422965523454895,3.3306690738754696e-16
41,3,2.25,True,6,True,7,2.3155187402743085,0.014250206078333286,0.0163391050483932,4.440892098500626e-16
42,3,2.25,True,6,True,7,2.2808350320874573,-0.05052379443965495,0.023813934929189595,3.3306690738754696e-16
43,3,2.25,True,6,True,7,2.2020231684522953,-0.049593942968234266,-0.038519752189819956,4.440892098500626e-16
44,3,2.25,True,6,True,7,2.2815421725834066,-0.01880900500065961,0.008044321859415726,3.3306690738754696e-16
45,3,2.25,True,6,True,7,2.2723696111172544,-0.022910306154778442,-0.013184546785479308,3.3306690738754696e-16
46,3,2.25,True,6,True,7,2.2858428886184354,-0.03623760922329787,0.14247881556304542,3.3306690738754696e-16
47,3,2.25,True,6,True,7,2.1778393522587995,0.02473728172098045,-0.0325465373908419,3.3306690738754696e-16
48,3,2.25,True,6,True,7,2.3129198848126893,-0.015476794179953481,0.08190174571352082,2.220446049250313e-16
49,3,2.25,True,6,True,7,2.2447589276809863,0.0484513137883258,0.04939647142494963,3.3306690738754696e-16
50,3,2.25,True,6,True,7,2.2157664176402907,-0.014329934734640015,-0.006292166409719635,3.3306690738754696e-16
51,3,2.25,True,6,True,7,2.1947515027667115,-0.05867726123899088,0.003581506326206574,5.551115123125783e-16
52,3,2.25,True,6,True,7,2.2632103687480924,-0.024208396698768734,-0.01063213806865726,3.3306690738754696e-16
53,3,2.25,True,6,True,7,2.1893465805671695,0.036114890730665566,-0.05236978355697608,4.440892098500626e-16
54,3,2.25,True,6,True,7,2.264088826184993,-0.021278663056924763,-0.01275049015603491,3.3306690738754696e-16
55,3,2.25,True,6,True,7,2.2124677208640473,0.06354271057483044,0.004492425719926696,4.440892098500626e-16
56,3,2.25,True,6,True,7,2.2506124379408883,-0.01640722717064409,0.04758822249333383,3.3306690738754696e-16
57,3,2.25,True,6,True,7,2.235876800794584,-0.054076153732684366,0.006967586299648887,2.220446049250313e-16
58,3,2.25,True,6,True,7,2.2649207230521227,0.00889884071951025,0.00015049408313261528,2.220446049250313e-16
59,3,2.25,True,6,True,7,2.1986544893855724,-0.04463647892944425,0.1516713417623855,2.220446049250313e-16
60,3,2.25,True,6,True,7,2.2642459142487668,-0.05003249822280441,-0.02515876515054738,4.440892098500626e-16
61,3,2.25,True,6,True,7,2.264095367954831,-0.025711364014580074,-0.034758881031927036,3.3306690738754696e-16
62,3,2.25,True,6,True,7,2.24213372755901,-0.02239930311694991,-0.06284942428488205,3.3306690738754696e-16
63,3,2.25,True,6,True,7,2.2108061569495274,-0.03367244012413724,0.0016662207325179867,6.661338147750939e-16
64,3,2.25,True,6,True,7,2.267513819885443,-0.03659058556376045,0.038302966058086696,3.3306690738754696e-16
65,3,2.25,True,6,True,7,2.219690933012598,0.02829784644967458,0.0496037481160051,4.440892098500626e-16
66,3,2.25,True,6,True,7,2.329936129013112,-0.002600309897576873,-0.0413875435989316,2.220446049250313e-16
67,3,2.25,True,6,True,7,2.2763143902969496,-0.0641257200707409,-0.01704165420071413,5.551115123125783e-16
68,3,2.25,True,6,True,7,2.2510783933060625,-0.06230006229040476,0.00200772420215678,2.220446049250313e-16
69,3,2.25,True,6,True,7,2.2696730165705823,0.0026515740180011425,-0.033607542450026395,3.3306690738754696e-16
70,3,2.25,True,6,True,7,2.2159039098769093,-0.07653437806104202,-0.006709268868379525,4.440892098500626e-16
71,3,2.25,True,6,True,7,2.2144497338513722,0.04184946277382922,0.018283543039287364,4.440892098500626e-16
72,3,2.25,True,6,True,7,2.2269249626189227,-0.04805717277286685,-0.04984445363813683,2.220446049250313e-16
73,3,2.25,True,6,True,7,2.230270264577188,0.055564673211905634,0.048686578157431715,3.3306690738754696e-16
74,3,2.25,True,6,True,7,2.2924700546544305,0.0432645708235559,-0.01854923885778037,3.3306690738754696e-16
75,3,2.25,True,6,True,7,2.300871756774202,0.022516224199237232,-0.014405583728019805,3.3306690738754696e-16
76,3,2.25,True,6,True,7,2.203857324015355,0.03318648325145708,0.008373467386898925,3.3306690738754696e-16
77,3,2.25,True,6,True,7,2.2824513414355563,0.031005554491991234,0.034468881391584105,3.3306690738754696e-16
78,3,2.25,True,6,True,7,2.3184279537448105,0.018277072532793856,-0.0055355006334179,3.3306690738754696e-16
79,3,2.25,True,6,True,7,2.2671781519526077,-0.022838856974055223,-0.027222242484182257,2.220446049250313e-16
80,3,2.25,True,6,True,7,2.318623237138429,-0.026630542319838732,0.0277526235266633,3.3306690738754696e-16
81,3,2.25,True,6,True,7,2.224583472684212,-0.05490065680650613,-0.005244660209568486,5.551115123125783e-16
82,3,2.25,True,6,True,7,2.2606033260002523,0.008342557817097019,0.001075117904767442,3.3306690738754696e-16
83,3,2.25,True,6,True,7,2.1704754220088556,-0.005792407604029097,0.038069883066136456,3.3306690738754696e-16
84,3,2.25,True,6,True,7,2.256235909147696,-0.037253816090950444,0.08326864757673802,3.3306690738754696e-16
85,3,2.25,True,6,True,7,2.285879489051429,-0.004969341944631352,0.01175311002660484,3.3306690738754696e-16
86,3,2.25,True,6,True,7,2.2356499697227403,-0.031609207811824136,-0.04776080841903618,3.3306690738754696e-16
87,3,2.25,True,6,True,7,2.2901770753494337,0.026470953544222662,-0.024860916022335422,5.551115123125783e-16
88,3,2.25,True,6,True,7,2.18959428719563,0.0020059009246142373,0.07407377358825917,3.3306690738754696e-16
89,3,2.25,True,6,True,7,2.192621711202112,0.029470651596542143,0.035760137092113675,3.3306690738754696e-16
90,3,2.25,True,6,True,7,2.2920804790127387,-0.031531208155319346,-0.014135335707606611,3.3306690738754696e-16
91,3,2.25,True,6,True,7,2.1987552154283163,-0.005020153212319363,-0.00901449666507892,3.3306690738754696e-16
92,3,2.25,True,6,True,7,2.197677892970351,-0.02354337516031916,0.05783683463239275,4.440892098500626e-16
93,3,2.25,True,6,True,7,2.247735215905623,0.061286154471165095,0.035498165093135414,5.551115123125783e-16
94,3,2.25,True,6,True,7,2.2149759633267467,-0.013196493579294165,0.04153586244448082,3.3306690738754696e-16
95,3,2.25,True,6,True,7,2.2902040651782114,-0.07176468708575981,0.02157312149776846,3.3306690738754696e-16
96,3,2.25,True,6,True,7,2.2495238364647947,-0.027998539909391978,-0.022887542327888033,4.440892098500626e-16
97,3,2.25,True,6,True,7,2.19761559800402,-0.04914762748090082,0.023658006581024238,2.220446049250313e-16
98,3,2.25,True,6,True,7,2.2307354273607958,0.01393928483834847,0.08685658148417841,3.3306690738754696e-16
99,3,2.25,True,6,True,7,2.238927095608407,-0.01055886023417308,0.04229540828171796,2.220446049250313e-16
100,3,2.25,True,6,True,7,2.153346672281471,0.03198157705144931,-0.005018937722347294,3.3306690738754696e-16
101,3,2.25,True,6,True,7,2.2858578907744898,-0.07492101330447969,0.015677180766269002,2.220446049250313e-16
102,3,2.25,True,6,True,7,2.226812806826921,-0.01915056892839847,-0.035681902770844376,5.551115123125783e-16
103,3,2.25,True,6,True,7,2.2220406267155353,-0.05016272944961574,0.055126273399100915,2.220446049250313e-16
104,3,2.25,True,6,True,7,2.2203743785613077,0.006808239374873702,-0.007804945519367612,3.3306690738754696e-16
105,3,2.25,True,6,True,7,2.234117657236796,0.005093412331081225,-0.04199946165936752,3.3306690738754696e-16
106,3,2.25,True,6,True,7,2.196370175865271,0.08562754667316314,-0.054187816199600336,3.3306690738754696e-16
107,3,2.25,True,6,True,7,2.303104582163227,-0.04749892162747961,-0.020163888128565954,3.3306690738754696e-16
108,3,2.25,True,6,True,7,2.2185820854332836,-0.018220328564008244,0.017953267735099865,3.3306690738754696e-16
109,3,2.25,True,6,True,7,2.2326143113373895,-0.05293671958098371,-0.04276606446561281,2.220446049250313e-16
110,3,2.25,True,6,True,7,2.2425269200261093,-0.07990475274101634,0.034082712851563945,4.440892098500626e-16
111,3,2.25,True,6,True,7,2.225415361304251,0.017761268882425064,-0.028295896897510664,3.3306690738754696e-16
112,3,2.25,True,6,True,7,2.249374493026943,0.05049870275141757,-0.01524088437909965,2.220446049250313e-16
113,3,2.25,True,6,True,7,2.198665884928963,-0.007542320503922249,-0.0287576462786725,2.220446049250313e-16
114,3,2.25,True,6,True,7,2.2586896881056,0.022038259455486504,-0.05580047707629332,3.3306690738754696e-16
115,3,2.25,True,6,True,7,2.2578703978775896,0.05019249572876995,-0.031213807237348117,4.440892098500626e-16
116,3,2.25,True,6,True,7,2.213563917786622,-0.029644458651273783,-0.041023328786826685,3.3306690738754696e-16
117,3,2.25,True,6,True,7,2.193334539319898,0.0032611524047932022,0.028536930553857753,3.3306690738754696e-16
118,3,2.25,True,6,True,7,2.2709006724194247,-0.00969609363507532,-0.03157448617538683,3.3306690738754696e-16
119,3,2.25,True,6,True,7,2.276559839215349,0.009408179307724814,0.04778155128966499,3.3306690738754696e-16
120,3,2.25,True,6,True,7,2.2381918304562447,-0.11518166558000459,-0.023057371670139992,3.3306690738754696e-16
121,3,2.25,True,6,True,7,2.1997990066055406,0.05440923724435754,0.02624189422694012,2.220446049250313e-16
122,3,2.25,True,6,True,7,2.1878450726776286,-0.012822731815353962,-0.09323125234357188,4.440892098500626e-16
123,3,2.25,True,6,True,7,2.3140165303897984,-0.04509692024767555,-0.03259438337562126,7.771561172376096e-16
124,3,2.25,True,6,True,7,2.0927342262915563,0.005751502813152346,-0.014729862543801486,3.3306690738754696e-16
125,3,2.25,True,6,True,7,2.2634872870685614,0.03427206698711791,0.046980357811329476,3.3306690738754696e-16
126,3,2.25,True,6,True,7,2.2178736617803025,-0.0010294244125795223,0.010226240671393327,4.440892098500626e-16
127,3,2.25,True,6,True,7,2.218881503523754,-0.03627882793177016,-0.07032615706737966,3.3306690738754696e-16
128,3,2.25,True,6,True,7,2.258414650254935,0.03838212380744874,0.006505115906372261,3.3306690738754696e-16
129,3,2.25,True,6,True,7,2.3052015306141094,0.0010643368689497931,-0.0052874593561116345,3.3306690738754696e-16
130,3,2.25,True,6,True,7,2.2929249311358286,0.013311294029340557,-0.06786963674423961,3.3306690738754696e-16
131,3,2.25,True,6,True,7,2.2365795679449993,0.010471162160752745,0.03562798470666139,3.3306690738754696e-16
132,3,2.25,True,6,True,7,2.2447424168556966,-0.006838245948040093,-0.05559771759924348,3.3306690738754696e-16
133,3,2.25,True,6,True,7,2.278030002418487,0.004362988141106812,0.003001251101242497,5.551115123125783e-16
134,3,2.25,True,6,True,7,2.211525181910547,-0.003256940256489479,0.019395613359161512,3.3306690738754696e-16
135,3,2.25,True,6,True,7,2.3068753385936427,-0.020781565175455652,0.0670197818980397,3.3306690738754696e-16
136,3,2.25,True,6,True,7,2.3189023726003346,-0.04702536114283033,-0.02631395094082145,3.3306690738754696e-16
137,3,2.25,True,6,True,7,2.3153082031805923,0.050430476163615706,-0.057929706141714776,4.440892098500626e-16
138,3,2.25,True,6,True,7,2.3028756030776947,-0.038817912302653655,-0.010645868531300114,3.3306690738754696e-16
139,3,2.25,True,6,True,7,2.2145711087632614,0.0018632825630705077,-0.03780316879561241,3.3306690738754696e-16
140,3,2.25,True,6,True,7,2.2257812443295264,0.012316334957110825,0.024899645670886428,2.220446049250313e-16
141,3,2.25,True,6,True,7,2.253445985501829,-0.05646737959226987,-0.005262790606234913,2.220446049250313e-16
142,3,2.25,True,6,True,7,2.269174759033875,-0.010756742634653128,0.0032584632528361857,3.3306690738754696e-16
143,3,2.25,True,6,True,7,2.2338218618928596,-0.03130051153224466,0.0065595215890945635,4.440892098500626e-16
144,3,2.25,True,6,True,7,2.1805328887119906,-0.051722671413752044,0.011653759937143454,3.3306690738754696e-16
145,3,2.25,True,6,True,7,2.241288178775316,-0.035585549744734116,0.06305054745872196,3.3306690738754696e-16
146,3,2.25,True,6,True,7,2.3230661713446983,-0.023642753804540843,0.02290324824204093,3.3306690738754696e-16
147,3,2.25,True,6,True,7,2.261354132241907,-0.006498853928554947,0.08913896387018638,2.220446049250313e-16
148,3,2.25,True,6,True,7,2.168816223782691,0.03809368149807761,0.0460754901664534,3.3306690738754696e-16
149,3,2.25,True,6,True,7,2.2530478444066864,0.008662430177645293,0.0915925641434322,2.220446049250313e-16
150,3,2.25,True,6,True,7,2.2334734148135515,-0.06339046994786685,-0.0541515533348329,2.220446049250313e-16
151,3,2.25,True,6,True,7,2.1997472807403273,0.07262200217261766,0.020517245614649182,2.220446049250313e-16
152,3,2.25,True,6,True,7,2.2627800559048428,0.035102542963928764,-0.03171458415544925,3.3306690738754696e-16
153,3,2.25,True,6,True,7,2.312040035784123,-0.0016656128940196607,-0.017321203530348495,2.220446049250313e-16
154,3,2.25,True,6,True,7,2.2729483278674576,0.02044663596199186,0.05283752885290427,3.3306690738754696e-16
155,3,2.25,True,6,True,7,2.2759739234195657,-0.041479172162868894,-0.005309339120550982,4.440892098500626e-16
156,3,2.25,True,6,True,7,2.206418400893762,-0.027058707779492545,-0.04232366927700393,3.3306690738754696e-16
157,3,2.25,True,6,True,7,2.3231077367267083,0.05822328967108234,0.02999874849844897,3.3306690738754696e-16
158,3,2.25,True,6,True,7,2.267301457342266,0.0016333428048487496,-0.018275776280127,3.3306690738754696e-16
159,3,2.25,True,6,True,7,2.293922391684354,0.025976548462329708,0.06505259755309478,3.3306690738754696e-16
160,3,2.25,True,6,True,7,2.283498379870746,0.007531063583490122,0.05868730881555151,3.3306690738754696e-16
161,3,2.25,True,6,True,7,2.269611164250336,-0.02762875157252817,0.02388883515131046,2.220446049250313e-16
162,3,2.25,True,6,True,7,2.245455660825704,0.07245762950996343,-0.041613755736648494,3.3306690738754696e-16
163,3,2.25,True,6,True,7,2.2238891954883315,0.005475302670123455,-0.0499851437227975,3.3306690738754696e-16
164,3,2.25,True,6,True,7,2.168312667686315,0.006590670050391849,-0.02250402197623136,2.220446049250313e-16
165,3,2.25,True,6,True,7,2.2317298950781885,-0.0221249530036083,-0.02232454860432198,4.440892098500626e-16
166,3,2.25,True,6,True,7,2.1984038023261947,0.0024052971552151504,0.06543796375781896,4.440892098500626e-16
167,3,2.25,True,6,True,7,2.2677722686359947,-0.046206882771818905,-0.08820862915387817,2.220446049250313e-16
168,3,2.25,True,6,True,7,2.2564096832630893,0.004414651147020866,0.07368001280647762,3.3306690738754696e-16
169,3,2.25,True,6,True,7,2.2673756945095014,-0.06791178505418674,-0.14208550983924417,2.220446049250313e-16
170,3,2.25,True,6,True,7,2.297416685522937,-0.010815031508141025,-0.0018546797850980123,3.3306690738754696e-16
171,3,2.25,True,6,True,7,2.247141326592789,0.030863718089321687,-0.015556209804515886,3.3306690738754696e-16
172,3,2.25,True,6,True,7,2.2618429496342816,-0.057146519269140536,0.0017722133927646766,2.220446049250313e-16
173,3,2.25,True,6,True,7,2.24269756154951,0.05194106622524354,0.025454073927673515,3.3306690738754696e-16
174,3,2.25,True,6,True,7,2.226873243079,0.049669046897786784,-0.06058685901849758,3.3306690738754696e-16
175,3,2.25,True,6,True,7,2.279237471745174,-0.028932795589051524,0.057391789424096284,3.3306690738754696e-16
176,3,2.25,True,6,True,7,2.2649252218721965,0.05464237469561487,0.03043624581851445,3.3306690738754696e-16
177,3,2.25,True,6,True,7,2.2832051768582096,0.0484701353622412,0.030898608656854232,4.440892098500626e-16
178,3,2.25,True,6,True,7,2.213191152802781,0.007612190134842131,-0.01699506103269388,2.220446049250313e-16
179,3,2.25,True,6,True,7,2.2608607749114094,0.04499061712851346,-0.0059213292565389875,4.440892098500626e-16
180,3,2.25,True,6,True,7,2.233935647484701,-0.005523999734737539,0.008783424521112138,2.220446049250313e-16
181,3,2.25,True,6,True,7,2.2667940702445817,-0.016057445898533054,-0.05187438429593749,3.3306690738754696e-16
182,3,2.25,True,6,True,7,2.283610603855526,0.02184142367607369,-0.023206951173303403,2.220446049250313e-16
183,3,2.25,True,6,True,7,2.2802470997853175,0.04384159165750173,0.1045051775163337,3.3306690738754696e-16
184,3,2.25,True,6,True,7,2.1762856926967613,-0.06740661898354586,0.007776616855425633,3.3306690738754696e-16
185,3,2.25,True,6,True,7,2.235736237941896,-0.018942692130464255,0.05306658413490284,2.220446049250313e-16
186,3,2.25,True,6,True,7,2.2492748566186798,0.010246546455600844,-0.07057411686280934,2.220446049250313e-16
187,3,2.25,True,6,True,7,2.2369581241800143,0.008455901057520473,-0.04515121608225159,4.440892098500626e-16
188,3,2.25,True,6,True,7,2.2150092689878647,-0.048028146993114015,0.07209256819591381,3.3306690738754696e-16
189,3,2.25,True,6,True,7,2.218173205764479,-0.008343147537880825,-0.04639410741128214,5.551115123125783e-16
190,3,2.25,True,6,True,7,2.2378369256349524,-0.06483140064390577,0.0019241303378649821,2.220446049250313e-16
191,3,2.25,True,6,True,7,2.33552042217512,-0.009208365659158963,0.04489679632584531,3.3306690738754696e-16
192,3,2.25,True,6,True,7,2.206915859856859,-0.05315387692706227,0.05029771185678844,4.440892098500626e-16
193,3,2.25,True,6,True,7,2.305238075868805,-0.002267935311757402,-0.03896205850725042,4.440892098500626e-16
194,3,2.25,True,6,True,7,2.2468573938325265,0.08851330906422848,0.00911355676623115,3.3306690738754696e-16
195,3,2.25,True,6,True,7,2.2859168426036653,0.05427010343570763,0.0187491150622221,2.220446049250313e-16
196,3,2.25,True,6,True,7,2.248791230416409,0.039376922415835944,-0.040636530593033064,3.3306690738754696e-16
197,3,2.25,True,6,True,7,2.255420746383892,0.005189935042677656,-0.014969333843670607,3.3306690738754696e-16
198,3,2.25,True,6,True,7,2.188775929997635,0.013234979569302537,0.06095195547964949,3.3306690738754696e-16
199,3,2.25,True,6,True,7,2.2629757296418824,-0.02996368760812271,0.03208230352643049,3.3306690738754696e-16
200,3,2.25,True,6,True,7,2.236382768900937,0.0286395775358296,0.005073476134411781,3.3306690738754696e-16
201,3,2.25,True,6,True,7,2.2545605597105682,0.022868769011835745,0.04999978909925451,2.220446049250313e-16
202,3,2.25,True,6,True,7,2.2328080026578507,-0.034086636074010385,-0.01651306189679702,4.440892098500626e-16
203,3,2.25,True,6,True,7,2.2153060045477413,0.017411267505691202,0.04655796138357249,5.551115123125783e-16
204,3,2.25,True,6,True,7,2.2941189000315934,0.04067787804117558,-0.04268402113869607,3.3306690738754696e-16
205,3,2.25,True,6,True,7,2.2486244091166485,0.03626401812278269,-0.04170623684757113,3.3306690738754696e-16
206,3,2.25,True,6,True,7,2.2338881382276825,0.009743267535566966,0.006816390188907229,3.3306690738754696e-16
207,3,2.25,True,6,True,7,2.2654411606242326,0.12898508456454455,-0.04058193702643775,3.3306690738754696e-16
208,3,2.25,True,6,True,7,2.2198490313744044,0.020171100980253594,-0.0232925742766682,3.3306690738754696e-16
209,3,2.25,True,6,True,7,2.2472969072803366,-0.05164595279499731,-0.06009509525996237,4.440892098500626e-16
210,3,2.25,True,6,True,7,2.246306071023416,-0.02531997438606969,0.06984775334718529,2.220446049250313e-16
211,3,2.25,True,6,True,7,2.232363228495343,-0.05510042604090893,-0.05428804408313481,2.220446049250313e-16
212,3,2.25,True,6,True,7,2.293000814246675,0.0011741614566133434,0.0039348431667953765,4.440892098500626e-16
213,3,2.25,True,6,True,7,2.2292401313315966,-0.005458870276400855,0.016860723933130425,3.3306690738754696e-16
214,3,2.25,True,6,True,7,2.2329317940507143,0.03744958459437766,-0.07692315601509281,2.220446049250313e-16
215,3,2.25,True,6,True,7,2.306634730047823,-0.010960815149132696,-0.025621460212520875,3.3306690738754696e-16
216,3,2.25,True,6,True,7,2.2627933006665435,-0.027244824290351608,-0.038328689019420326,3.3306690738754696e-16
217,3,2.25,True,6,True,7,2.2531207200954664,-0.07012966775773122,-0.042963535795211394,3.3306690738754696e-16
218,3,2.25,True,6,True,7,2.222765911580503,-0.053817354998128675,-0.05377504031733871,2.220446049250313e-16
219,3,2.25,True,6,True,7,2.1894617463840653,0.05928533797898955,0.03951912094628118,3.3306690738754696e-16
220,3,2.25,True,6,True,7,2.2894347238415236,-0.026184689359537727,0.04400146489588996,2.220446049250313e-16
221,3,2.25,True,6,True,7,2.2598360152080916,0.051176493366242,-0.015820405025189777,4.440892098500626e-16
222,3,2.25,True,6,True,7,2.245338862030051,0.0022765287202416162,-0.0157892440376991,2.220446049250313e-16
223,3,2.25,True,6,True,7,2.2018658378660088,-0.04457737833196665,-0.06817498598664051,5.551115123125783e-16
224,3,2.25,True,6,True,7,2.19690096441473,-0.0022732154043419157,-0.018987382921610507,3.3306690738754696e-16
225,3,2.25,True,6,True,7,2.299996088098713,0.012017094296965326,-0.04221459190722621,5.551115123125783e-16
226,3,2.25,True,6,True,7,2.2640206186698593,-0.05109817718609374,0.03629163661646695,3.3306690738754696e-16
227,3,2.25,True,6,True,7,2.196353397733991,0.036500510682495185,0.04820685073866515,2.220446049250313e-16
228,3,2.25,True,6,True,7,2.2137841705104973,-0.006819628249896036,0.0523861505119404,3.3306690738754696e-16
229,3,2.25,True,6,True,7,2.178652224942663,-0.026430190707099833,0.004811157270230737,3.3306690738754696e-16
230,3,2.25,True,6,True,7,2.3238970133117074,0.02486328598719842,-0.029774788836741894,3.3306690738754696e-16
231,3,2.25,True,6,True,7,2.3068389477325955,-0.03313937007826062,0.025712539533514267,3.3306690738754696e-16
232,3,2.25,True,6,True,7,2.3529621376204646,-0.08515928438837286,0.018563057489124457,3.3306690738754696e-16
233,3,2.25,True,6,True,7,2.202314369199029,0.05250203771548917,-0.023125498074307742,3.3306690738754696e-16
234,3,2.25,True,6,True,7,2.2473159980775943,-0.006227518515161675,0.04526932048821353,3.3306690738754696e-16
235,3,2.25,True,6,True,7,2.3282273164824248,0.011432646852288867,0.004044590553883953,2.220446049250313e-16
236,3,2.25,True,6,True,7,2.2126589688069718,0.01798171279730793,0.0239300252590835,4.440892098500626e-16
237,3,2.25,True,6,True,7,2.208029625994866,0.015450381116989863,-0.003516519260562845,3.3306690738754696e-16
238,3,2.25,True,6,True,7,2.207483999555737,0.002773621009796383,-0.07921815124781473,2.220446049250313e-16
239,3,2.25,True,6,True,7,2.2351963529580265,-0.013618856934419013,-0.01621309060093923,3.3306690738754696e-16
240,3,2.25,True,6,True,7,2.258397225220562,0.006399037322249931,0.004905572010827419,3.3306690738754696e-16
241,3,2.25,True,6,True,7,2.1660577066689877,-0.0113092160229288,-0.06038856959239014,2.220446049250313e-16
242,3,2.25,True,6,True,7,2.2263733067553955,-0.0844564402591724,-0.021681682371480493,3.3306690738754696e-16
243,3,2.25,True,6,True,7,2.3011915723832512,-0.004691561476416781,-0.041576816470703104,3.3306690738754696e-16
244,3,2.25,True,6,True,7,2.1975010710618266,0.03587850990145219,0.0060664442166652455,3.3306690738754696e-16
245,3,2.25,True,6,True,7,2.295423280839276,-0.050842456130095776,-0.055757252455563504,2.220446049250313e-16
246,3,2.25,True,6,True,7,2.262440367673479,-0.04452984320089713,0.0004877028913317094,3.3306690738754696e-16
247,3,2.25,True,6,True,7,2.222447011296362,-0.09039972058865839,-0.005981168601986497,3.3306690738754696e-16
248,3,2.25,True,6,True,7,2.290813282854339,-0.06155418055267097,-0.040730687884674044,2.220446049250313e-16
249,3,2.25,True,6,True,7,2.2657547555909767,0.04252482447014645,-0.036732606848034255,3.3306690738754696e-16
250,3,2.25,True,6,True,7,2.2190342356156285,-0.05082222772800894,-0.028031694723620104,3.3306690738754696e-16
251,3,2.25,True,6,True,7,2.2521579045512903,-0.02371762595135838,-0.07231837566254318,3.3306690738754696e-16
252,3,2.25,True,6,True,7,2.267321030997685,0.031044981052091088,0.06484580782171523,3.3306690738754696e-16
253,3,2.25,True,6,True,7,2.271053115207053,-0.03884364599998506,-0.02700419662514908,4.440892098500626e-16
254,3,2.25,True,6,True,7,2.2404715596845888,-0.03183900405411314,-0.0056828547982449296,3.3306690738754696e-16
255,3,2.25,True,6,True,7,2.331139433947728,0.011723275127804383,0.030916125517821857,2.220446049250313e-16
256,3,2.25,True,6,True,7,2.2431318720795876,0.0459241551604702,0.0025966654246722953,3.3306690738754696e-16
257,3,2.25,True,6,True,7,2.290534804503658,-0.005112078861276218,-0.04243825991441019,2.220446049250313e-16
258,3,2.25,True,6,True,7,2.305236565571029,0.07756640160949474,0.02611796601914884,2.220446049250313e-16
259,3,2.25,True,6,True,7,2.2186840110866903,0.008450244787777927,0.020998394749550897,3.3306690738754696e-16
260,3,2.25,True,6,True,7,2.207609414830887,0.03706657629992026,-0.031208203086645847,2.220446049250313e-16
261,3,2.25,True,6,True,7,2.2114675433467132,0.028845387089615513,-0.042411507733677745,3.3306690738754696e-16
262,3,2.25,True,6,True,7,2.251005234749108,-0.05849826954873476,-0.050823138867288946,3.3306690738754696e-16
263,3,2.25,True,6,True,7,2.2560874471382,0.02847030910701632,-0.008691243222573641,5.551115123125783e-16
264,3,2.25,True,6,True,7,2.274712978723225,0.10787221175447,0.02931511267178022,3.3306690738754696e-16
265,3,2.25,True,6,True,7,2.2320593863100298,-0.04334551880213293,0.07079973157820318,5.551115123125783e-16
266,3,2.25,True,6,True,7,2.234289748553101,0.09506453151300032,-0.0494268205693007,3.3306690738754696e-16
267,3,2.25,True,6,True,7,2.2580503790988007,0.05189880651042279,-0.005754722634989662,3.3306690738754696e-16
268,3,2.25,True,6,True,7,2.2298522465376487,-0.029325787555731238,0.012891397015416084,5.551115123125783e-16
269,3,2.25,True,6,True,7,2.304827866330282,-0.002545483029766142,-0.004745832029197539,3.3306690738754696e-16
270,3,2.25,True,6,True,7,2.2808724489677474,-0.08121862735276768,-0.06408872373730001,3.3306690738754696e-16
271,3,2.25,True,6,True,7,2.2818374670842982,0.020738578446992704,-0.0004766309944825853,4.440892098500626e-16
272,3,2.25,True,6,True,7,2.232602227107423,0.0033413754995074065,-0.01647765233140719,2.220446049250313e-16
273,3,2.25,True,6,True,7,2.2374215195575036,0.014095773430893315,0.05055295141829619,4.440892098500626e-16
274,3,2.25,True,6,True,7,2.2988958177345347,-0.005298893443221393,-0.009155428513800246,3.3306690738754696e-16
275,3,2.25,True,6,True,7,2.25703986682828,0.023959741833026682,-0.025012005903167767,2.220446049250313e-16
276,3,2.25,True,6,True,7,2.2112712450777003,-0.10407674475640784,0.10963978039677635,4.440892098500626e-16
277,3,2.25,True,6,True,7,2.2482986722652645,0.017098895934477498,0.03831322349257893,4.440892098500626e-16
278,3,2.25,True,6,True,7,2.2905977752486866,-0.026354185505455863,-0.08215946314825939,1.1102230246251565e-16
279,3,2.25,True,6,True,7,2.2988487674979674,-0.027282139692695506,-0.021428364746253203,3.3306690738754696e-16
280,3,2.25,True,6,True,7,2.246517680285104,-0.04012258072858424,0.01828570491009185,3.3306690738754696e-16
281,3,2.25,True,6,True,7,2.1967436497517836,-0.03397014016774027,-0.013028789430636678,3.3306690738754696e-16
282,3,2.25,True,6,True,7,2.281555064364771,0.061318349564891364,-0.0348295491361037,5.551115123125783e-16
283,3,2.25,True,6,True,7,2.2112543754718095,-0.008135087065065352,0.02810683980659623,3.3306690738754696e-16
284,3,2.25,True,6,True,7,2.2381767595704893,-0.03024758970991523,-0.05680255430695702,2.220446049250313e-16
285,3,2.25,True,6,True,7,2.2513472840996385,0.003504028382264714,-0.016863948921385985,3.3306690738754696e-16
286,3,2.25,True,6,True,7,2.309444616654626,-0.008984855340569963,-0.03566732348414791,3.3306690738754696e-16
287,3,2.25,True,6,True,7,2.219444093816257,0.027366968295816696,0.053876327054847906,4.440892098500626e-16
288,3,2.25,True,6,True,7,2.225838918163935,-3.4700939862223126e-05,0.05454530431251203,2.2898349882893854e-16
289,3,2.25,True,6,True,7,2.223250839508975,-0.006785629708690273,0.04664657314678722,3.3306690738754696e-16
290,3,2.25,True,6,True,7,2.268104889353775,-0.009710183238833766,0.0006187971623842214,3.3306690738754696e-16
291,3,2.25,True,6,True,7,2.265655756169283,-5.1699846117336454e-05,0.0024964605946441454,3.3306690738754696e-16
292,3,2.25,True,6,True,7,2.245937131528051,-0.008536267816913684,0.00135188589783386,3.3306690738754696e-16
293,3,2.25,True,6,True,7,2.20873867492322,-0.06283098224265476,-0.020467918181448552,3.3306690738754696e-16
294,3,2.25,True,6,True,7,2.237410629585628,0.009265961847578327,-0.016317789368216148,3.3306690738754696e-16
295,3,2.25,True,6,True,7,2.251040843423179,0.05493509646444872,-0.0006724646393491129,3.3306690738754696e-16
296,3,2.25,True,6,True,7,2.2101358536876514,0.019918065333263485,-0.06541400556218568,3.3306690738754696e-16
297,3,2.25,True,6,True,7,2.2219793607099874,-0.04522848228957719,0.00491943471714873,2.220446049250313e-16
298,3,2.25,True,6,True,7,2.276178189235611,0.015464644771954684,0.08221110586453427,3.3306690738754696e-16
299,3,2.25,True,6,True,7,2.2418629066875484,-0.042290629461048605,0.062103648788887404,4.440892098500626e-16
300,3,2.25,True,6,True,7,2.149929403590891,0.05679413436080617,0.054750982606169396,3.3306690738754696e-16
301,3,2.25,True,6,True,7,2.2996838015242185,-0.014263954752529152,0.04902514255404122,2.220446049250313e-16
302,3,2.25,True,6,True,7,2.193228649354076,-0.021024918760628647,0.0366255299228373,4.440892098500626e-16
303,3,2.25,True,6,True,7,2.263617579985411,0.020305777138330598,-0.050211374638423845,3.3306690738754696e-16
304,3,2.25,True,6,True,7,2.211045924754642,-0.018769060809249095,-0.030727546792012395,2.220446049250313e-16
305,3,2.25,True,6,True,7,2.230694775193927,-0.014073442108426343,-0.05293898791038687,2.220446049250313e-16
306,3,2.25,True,6,True,7,2.270248892283146,0.04240447790740614,-0.02371807550437177,3.3306690738754696e-16
307,3,2.25,True,6,True,7,2.215940577010077,0.07230326097566636,-0.02915210192828077,2.220446049250313e-16
308,3,2.25,True,6,True,7,2.2507468488871183,-0.011954747124556457,-0.004264739607603207,2.220446049250313e-16
309,3,2.25,True,6,True,7,2.3175657312980076,0.0618105960660129,0.03205295147446885,2.220446049250313e-16
310,3,2.25,True,6,True,7,2.2140318957516847,-0.05626857648463572,0.011845671015152659,3.3306690738754696e-16
311,3,2.25,True,6,True,7,2.188422128700709,-0.035563285504441114,0.06006602339537925,2.220446049250313e-16
312,3,2.25,True,6,True,7,2.1918206938957976,-0.02167290455536961,0.07788267533107884,3.3306690738754696e-16
313,3,2.25,True,6,True,7,2.2138902390833506,-0.08411634590317404,-0.0008953222476467682,3.3306690738754696e-16
314,3,2.25,True,6,True,7,2.2550825026681856,-0.0448367768741508,0.051703497276578414,3.3306690738754696e-16
315,3,2.25,True,6,True,7,2.2281467918196802,-0.003392887350067736,0.022855982366218552,3.3306690738754696e-16
316,3,2.25,True,6,True,7,2.2111920153553517,-0.02735951979965348,-0.049423496502521314,2.220446049250313e-16
317,3,2.25,True,6,True,7,2.238391178376695,0.008063380272771453,0.08449782023741603,3.3306690738754696e-16
318,3,2.25,True,6,True,7,2.2521526414959396,-0.029235249479496718,-0.005728350584865427,3.3306690738754696e-16
319,3,2.25,True,6,True,7,2.3117010523769,0.0006746332462720436,0.004277768352260347,5.551115123125783e-16
320,3,2.25,True,6,True,7,2.2554574058419004,0.03650483926595429,-0.0035153656013768853,2.220446049250313e-16
321,3,2.25,True,6,True,7,2.2614453411889457,-0.048680149675452054,0.033209387113220634,3.3306690738754696e-16
322,3,2.25,True,6,True,7,2.315153196135381,-0.055950455866022486,0.01435789445286162,2.220446049250313e-16
323,3,2.25,True,6,True,7,2.238015056387124,-0.037177299777572226,-0.0752879133350226,2.255140518769849e-16
324,3,2.25,True,6,True,7,2.299478273729612,-0.022702545492214024,-0.02676269258437136,2.220446049250313e-16
325,3,2.25,True,6,True,7,2.277927722419818,0.0017416811310651432,-0.03286116840766806,2.220446049250313e-16
326,3,2.25,True,6,True,7,2.211346783827524,0.050961433675267065,0.0427881376421837,2.220446049250313e-16
327,3,2.25,True,6,True,7,2.2907041119386258,-0.05645529684456335,-0.02494869949730094,4.440892098500626e-16
328,3,2.25,True,6,True,7,2.2932605738218803,0.0713567151541501,0.012941425280590169,4.440892098500626e-16
329,3,2.25,True,6,True,7,2.2193983673821265,0.022215940838387932,0.030103121285371626,3.3306690738754696e-16
330,3,2.25,True,6,True,7,2.221754094069321,0.02861346619381431,0.006696637995816435,2.220446049250313e-16
331,3,2.25,True,6,True,7,2.2056491500265745,-0.05875041765639704,-0.014146852839875601,4.440892098500626e-16
332,3,2.25,True,6,True,7,2.2545521642519613,-0.008122735646806066,-0.09040749440208695,4.440892098500626e-16
333,3,2.25,True,6,True,7,2.3448037598821805,-0.0035620158326449096,-0.01195620499568606,4.440892098500626e-16
334,3,2.25,True,6,True,7,2.260068146116761,0.05760498058660143,0.04838493090110485,4.440892098500626e-16
335,3,2.25,True,6,True,7,2.3327479744151156,0.014826682385313088,0.024035288662439536,5.551115123125783e-16
336,3,2.25,True,6,True,7,2.1842163809806436,-0.009312512600393556,0.0612717467055911,3.3306690738754696e-16
337,3,2.25,True,6,True,7,2.2282592600802733,0.010882105107998412,-0.008112947063880549,3.3306690738754696e-16
338,3,2.25,True,6,True,7,2.2568298532230364,-0.026409399839188615,-0.0658183078943737,1.1297386637298956e-16
339,3,2.25,True,6,True,7,2.2016990947976955,0.012140601288428619,0.026675787807694862,5.551115123125783e-16
340,3,2.25,True,6,True,7,2.2559297056207575,-0.05863515903772269,-0.10342627278653793,3.3306690738754696e-16
341,3,2.25,True,6,True,7,2.2550644891607687,0.04730894598994043,-0.0433362905361212,3.3306690738754696e-16
342,3,2.25,True,6,True,7,2.2265280663241462,0.019039087784723123,0.06386697920104967,3.3306690738754696e-16
343,3,2.25,True,6,True,7,2.21719348254591,-0.03796213913098975,-0.03489549274885928,3.3306690738754696e-16
344,3,2.25,True,6,True,7,2.296068199916614,0.02880757401522749,0.00020757696179418694,6.661338147750939e-16
345,3,2.25,True,6,True,7,2.279456705304566,-0.027205875649093287,-0.0207617624293176,3.3306690738754696e-16
346,3,2.25,True,6,True,7,2.2429039588755635,-0.036494189200201595,0.07908305636905377,3.3306690738754696e-16
347,3,2.25,True,6,True,7,2.2251081959109693,-0.01727633489295558,-0.0085670554369226,3.3306690738754696e-16
348,3,2.25,True,6,True,7,2.2351272590503894,-0.05894131193399741,0.011305187667278283,2.220446049250313e-16
349,3,2.25,True,6,True,7,2.2690203416028085,-0.045406470504948865,-0.018044079943185132,4.440892098500626e-16
350,3,2.25,True,6,True,7,2.2073831287832464,-0.0497576104689615,-0.00020804889036496466,4.440892098500626e-16
351,3,2.25,True,6,True,7,2.2866371368485767,0.020387723925652905,-0.02244933389999304,3.3306690738754696e-16
352,3,2.25,True,6,True,7,2.260372128955396,0.04223105844660613,-0.056921963547231,2.220446049250313e-16
353,3,2.25,True,6,True,7,2.2525925874498376,0.012722012977742501,-0.05778035782404456,3.3306690738754696e-16
354,3,2.25,True,6,True,7,2.21230648886557,-0.08167815642418533,0.05288158989203351,3.3306690738754696e-16
355,3,2.25,True,6,True,7,2.26799269345227,-0.00794506461922774,-0.024114328081719982,3.3306690738754696e-16
356,3,2.25,True,6,True,7,2.2541083377232183,0.008368241183108437,-0.02691371476443316,2.220446049250313e-16
357,3,2.25,True,6,True,7,2.3016851997456125,0.04340869756525264,-0.01720855010628064,3.3306690738754696e-16
358,3,2.25,True,6,True,7,2.2123282096481085,-0.032512734324188185,-0.03541953212506921,5.551115123125783e-16
359,3,2.25,True,6,True,7,2.2477802456915,0.018666728320238066,0.022957492298961824,2.220446049250313e-16
360,3,2.25,True,6,True,7,2.262454816483811,-0.032616994456985036,0.008210662931049328,3.3306690738754696e-16
361,3,2.25,True,6,True,7,2.2665864894186014,-0.04032124758248692,0.03746776364896831,3.3306690738754696e-16
362,3,2.25,True,6,True,7,2.2052440361878545,0.0011102484698358173,-0.010646722808870801,3.3306690738754696e-16
363,3,2.25,True,6,True,7,2.1793552122003432,0.010720089416389758,-0.013457560866943385,3.3306690738754696e-16
364,3,2.25,True,6,True,7,2.1969205697232366,-0.0962317252242212,0.10146740087405913,3.3306690738754696e-16
365,3,2.25,True,6,True,7,2.240047762669859,0.07836724799411333,0.0542773835063346,3.3306690738754696e-16
366,3,2.25,True,6,True,7,2.2388692546598046,-0.009621572216829456,0.04571747462273956,3.3306690738754696e-16
367,3,2.25,True,6,True,7,2.263313280720277,-0.025679855903243065,0.05201318118678955,3.3306690738754696e-16
368,3,2.25,True,6,True,7,2.201543654588435,-0.009268978175373073,-0.027823681739036044,4.440892098500626e-16
369,3,2.25,True,6,True,7,2.2914927820715345,0.03501040493232226,-0.04920214150097012,2.220446049250313e-16
370,3,2.25,True,6,True,7,2.2933060798427047,0.0428331316338866,0.07149753249090929,5.551115123125783e-16
371,3,2.25,True,6,True,7,2.2961984140629217,-0.050899701641311634,0.026527323263666802,2.220446049250313e-16
372,3,2.25,True,6,True,7,2.3028419656838004,-0.02754347130018296,0.040812664484911276,3.3306690738754696e-16
373,3,2.25,True,6,True,7,2.3329983711904663,-0.027313347806699074,0.006935737910419126,4.440892098500626e-16
374,3,2.25,True,6,True,7,2.1974093821418856,0.048192773737036725,0.05095585798577784,4.440892098500626e-16
375,3,2.25,True,6,True,7,2.2327962138604374,-0.005814415811645476,0.013608561200480596,4.440892098500626e-16
376,3,2.25,True,6,True,7,2.2911450916429366,0.08206729036270918,0.05636252231402583,3.3306690738754696e-16
377,3,2.25,True,6,True,7,2.2373352353993456,0.002209732927938057,-0.03701840284480484,4.440892098500626e-16
378,3,2.25,True,6,True,7,2.14755780691073,0.0501544585564632,-0.08102046471782032,4.440892098500626e-16
379,3,2.25,True,6,True,7,2.2106876002479146,-0.007307487221913338,0.056478219089640014,3.3306690738754696e-16
380,3,2.25,True,6,True,7,2.283976297897957,0.07288779620762431,-0.007726469335986197,5.551115123125783e-16
381,3,2.25,True,6,True,7,2.304432959316729,-0.0067764897022910674,0.017682047699937975,2.220446049250313e-16
382,3,2.25,True,6,True,7,2.2339262385014003,0.011656984568188571,0.0565115806707116,2.220446049250313e-16
383,3,2.25,True,6,True,7,2.28050667196873,0.043437810876747286,-0.002368537877275978,4.440892098500626e-16
384,3,2.25,True,6,True,7,2.2433779563944825,0.05439422328934783,0.07126722191706159,3.3306690738754696e-16
385,3,2.25,True,6,True,7,2.2590431096191144,-0.004190624130909176,0.022653386466479408,6.661338147750939e-16
386,3,2.25,True,6,True,7,2.225133791486557,-0.020242641103003153,-0.03353314052047729,2.220446049250313e-16
387,3,2.25,True,6,True,7,2.2949028066668524,0.042429020605877235,-0.005255990041853176,7.771561172376096e-16
388,3,2.25,True,6,True,7,2.2520934303429394,-0.036619470105598816,-0.03802335091811104,3.3306690738754696e-16
389,3,2.25,True,6,True,7,2.290924967711486,-0.027444183548641417,-0.06304511624353926,2.220446049250313e-16
390,3,2.25,True,6,True,7,2.3320977199014843,0.0015019201066280644,-0.06753371541511632,3.3306690738754696e-16
391,3,2.25,True,6,True,7,2.2766967568864707,0.05313101068597444,0.02768571991956381,3.3306690738754696e-16
392,3,2.25,True,6,True,7,2.24009082595973,0.011659558896808225,0.014848297883948147,3.3306690738754696e-16
393,3,2.25,True,6,True,7,2.2727474195385327,0.012912657551223002,0.013285100656142523,4.440892098500626e-16
394,3,2.25,True,6,True,7,2.135426898164787,-0.025674620624160715,0.008867281302760155,3.3306690738754696e-16
395,3,2.25,True,6,True,7,2.243612605258815,0.08155141403049948,-0.02185173589776257,2.220446049250313e-16
396,3,2.25,True,6,True,7,2.3178306753947244,0.05992668025879014,0.02276956451166845,3.3306690738754696e-16
397,3,2.25,True,6,True,7,2.25020679080987,-0.04415386270049882,-0.011621903456612404,3.3306690738754696e-16
398,3,2.25,True,6,True,7,2.2335649139660196,0.052343169488878016,0.06855185301755451,2.220446049250313e-16
399,3,2.25,True,6,True,7,2.3355696700222017,-0.09791668506475384,0.0782955158167159,3.3306690738754696e-16
400,3,2.25,True,6,True,7,2.251896442936051,0.012174067539888665,0.043330589824489785,3.3306690738754696e-16
401,3,2.25,True,6,True,7,2.186649235116159,0.02385168097308875,-0.014965097918750336,3.3306690738754696e-16
402,3,2.25,True,6,True,7,2.275438081531335,-0.020359977456942673,-0.02254063412085927,3.3306690738754696e-16
403,3,2.25,True,6,True,7,2.180084894153768,-0.026985085822761833,0.004968606719541913,3.3306690738754696e-16
404,3,2.25,True,6,True,7,2.2610523810077985,0.001171882462242897,-0.01595553738065114,2.220446049250313e-16
405,3,2.25,True,6,True,7,2.228648622106676,-0.07055207777193545,-0.012658832360979422,2.220446049250313e-16
406,3,2.25,True,6,True,7,2.2385822820601935,-0.01808668560503673,-0.04034749574703378,2.220446049250313e-16
407,3,2.25,True,6,True,7,2.3076272718135535,-0.06167228313328223,-0.03162800109242935,3.3306690738754696e-16
408,3,2.25,True,6,True,7,2.243287081150095,-0.013244958988735017,0.07135477063884343,3.3306690738754696e-16
409,3,2.25,True,6,True,7,2.261692975128246,0.008205438034692668,-0.027319597797991868,2.220446049250313e-16
410,3,2.25,True,6,True,7,2.2483036538722114,0.009676284649505418,0.015040156876878763,5.551115123125783e-16
411,3,2.25,True,6,True,7,2.1899207765676585,0.022742020021509286,0.02676412701422859,2.220446049250313e-16
412,3,2.25,True,6,True,7,2.191585791532683,0.009312794026800183,-0.05893431735956112,3.3306690738754696e-16
413,3,2.25,True,6,True,7,2.3030020077939604,-0.1104951583735829,-0.03416669963026464,2.3505503099485736e-16
414,3,2.25,True,6,True,7,2.2393861572827793,-0.002135013455894598,0.0033443696461583627,3.3306690738754696e-16
415,3,2.25,True,6,True,7,2.174514237574885,0.020139052720803678,0.01969833762946971,3.3306690738754696e-16
416,3,2.25,True,6,True,7,2.226416878161344,0.033700433006249135,-0.04865036657057198,3.3306690738754696e-16
417,3,2.25,True,6,True,7,2.1989607638190733,-0.014327338787724951,-0.00854896204608302,3.3306690738754696e-16
418,3,2.25,True,6,True,7,2.3054715278995945,-0.05636370386565166,0.06194576393192474,3.3306690738754696e-16
419,3,2.25,True,6,True,7,2.244954700443939,-0.03906988628614046,0.012784812310622118,3.3306690738754696e-16
420,3,2.25,True,6,True,7,2.194463948335856,-0.05205942127886826,0.02643278490112455,3.3306690738754696e-16
421,3,2.25,True,6,True,7,2.2468992341279708,0.004060313733110634,0.008423925570557378,4.440892098500626e-16
422,3,2.25,True,6,True,7,2.3078815956863092,0.003665950825006436,-0.028676432474582847,3.3306690738754696e-16
423,3,2.25,True,6,True,7,2.2107061529668197,-0.09126014937015478,-0.056827727925749194,3.3306690738754696e-16
424,3,2.25,True,6,True,7,2.257236170863918,-0.0428150747396249,-0.0026272867073123814,2.220446049250313e-16
425,3,2.25,True,6,True,7,2.260745670616651,0.019438133800122187,0.009245206544880369,3.3306690738754696e-16
426,3,2.25,True,6,True,7,2.2096400167366617,-0.009956743717450332,0.03174503226515335,4.440892098500626e-16
427,3,2.25,True,6,True,7,2.2163797283719853,0.04147854566966206,0.012151666862728838,3.3306690738754696e-16
428,3,2.25,True,6,True,7,2.239489452968649,-0.010920468542162538,-0.0575434927218077,3.3306690738754696e-16
429,3,2.25,True,6,True,7,2.199128703501144,-0.02576642863140503,0.0028895381956164368,4.440892098500626e-16
430,3,2.25,True,6,True,7,2.197276866400562,0.004467716827678991,-0.041383230006162064,5.551115123125783e-16
431,3,2.25,True,6,True,7,2.187534501355487,-0.009516906448949473,0.04733035543802,3.3306690738754696e-16
432,3,2.25,True,6,True,7,2.267489677665683,0.0024039409785985358,0.03395135515841641,3.3306690738754696e-16
433,3,2.25,True,6,True,7,2.260509578747966,0.087076967088686,-0.044654019665788525,3.3306690738754696e-16
434,3,2.25,True,6,True,7,2.223642649146935,0.004721810586768406,-0.017510509849830047,2.220446049250313e-16
435,3,2.25,True,6,True,7,2.304675452435882,0.022519627164533183,0.010327713071425215,4.440892098500626e-16
436,3,2.25,True,6,True,7,2.2882351983572864,-0.005092631212690046,0.09862667014124105,3.3306690738754696e-16
437,3,2.25,True,6,True,7,2.2389425754224086,0.05559042879147176,0.0198897082678664,3.3306690738754696e-16
438,3,2.25,True,6,True,7,2.1860537369753814,0.004819682464447465,-0.027497632638137537,5.551115123125783e-16
439,3,2.25,True,6,True,7,2.2292147069440165,-0.013315827264428051,0.024022548266294463,2.220446049250313e-16
440,3,2.25,True,6,True,7,2.3592356531527816,0.00034263378096368994,-0.03270347434905895,3.3306690738754696e-16
441,3,2.25,True,6,True,7,2.260390539945917,0.009997465259736306,0.020823485244061857,4.440892098500626e-16
442,3,2.25,True,6,True,7,2.2133626220499107,0.009119283632487145,-0.0018138884467582272,3.3306690738754696e-16
443,3,2.25,True,6,True,7,2.282447033682722,0.04058092838545943,-0.019567094740766455,3.3306690738754696e-16
444,3,2.25,True,6,True,7,2.312995660811078,-0.005337091706506222,-0.04360545727289811,3.3306690738754696e-16
445,3,2.25,True,6,True,7,2.312286194946498,0.03793334776834393,0.027619876103802232,4.440892098500626e-16
446,3,2.25,True,6,True,7,2.291266152410277,-0.012373946785083231,0.015724881054099527,2.220446049250313e-16
447,3,2.25,True,6,True,7,2.2972467102956298,-0.04495357586839491,0.013630657323146167,3.3306690738754696e-16
448,3,2.25,True,6,True,7,2.175419330805109,0.06004881098579234,0.028413989083390878,3.3306690738754696e-16
449,3,2.25,True,6,True,7,2.2832544952315073,-0.005871918439254208,0.001315856591022846,2.220446049250313e-16
450,3,2.25,True,6,True,7,2.2545964177858338,-0.015267651496763686,0.08985286780210922,3.3306690738754696e-16
451,3,2.25,True,6,True,7,2.2441572515111083,-0.05183537206529079,-0.02369373778540773,2.220446049250313e-16
452,3,2.25,True,6,True,7,2.301283287929331,0.01905043367031968,-0.0702778653911803,3.3306690738754696e-16
453,3,2.25,True,6,True,7,2.2873242256299076,-0.025542029365308024,0.06773298520645388,3.3306690738754696e-16
454,3,2.25,True,6,True,7,2.2974107473736307,0.03799643679733275,0.02156360603441232,3.3306690738754696e-16
455,3,2.25,True,6,True,7,2.2441531174172167,-0.05565928658363735,0.025509537775393887,4.440892098500626e-16
456,3,2.25,True,6,True,7,2.200054723200869,0.07682807479238042,0.022466324038264873,3.3306690738754696e-16
457,3,2.25,True,6,True,7,2.2503464404013807,0.03617514650479573,0.006906847632514479,4.440892098500626e-16
458,3,2.25,True,6,True,7,2.17939739264563,-0.03827662774294772,-0.04331747005795883,3.3306690738754696e-16
459,3,2.25,True,6,True,7,2.2510679826950737,-0.022266129401863254,0.05430102727967823,3.3306690738754696e-16
460,3,2.25,True,6,True,7,2.2003441415946545,-0.015882918997198445,0.00718577323034264,3.3306690738754696e-16
461,3,2.25,True,6,True,7,2.2580794132126916,-0.0036063208372130954,0.006794265991542758,2.220446049250313e-16
462,3,2.25,True,6,True,7,2.2726246795066305,-0.008464140222347651,-0.1026710266142341,3.3306690738754696e-16
463,3,2.25,True,6,True,7,2.127852600454747,0.06662802133151002,0.00937228549349578,4.440892098500626e-16
464,3,2.25,True,6,True,7,2.22320157678324,-0.011918631762652395,-0.03407910024287064,2.220446049250313e-16
465,3,2.25,True,6,True,7,2.2487508943322396,-0.015637760770573373,-0.005839508841834482,3.3306690738754696e-16
466,3,2.25,True,6,True,7,2.195694640977049,0.062419095046784556,-0.08691582707682866,3.3306690738754696e-16
467,3,2.25,True,6,True,7,2.2788238761868587,-0.02270780646337042,0.08214548611082928,4.440892098500626e-16
468,3,2.25,True,6,True,7,2.239439162978105,0.05405438616119407,-0.0064422526307676975,2.220446049250313e-16
469,3,2.25,True,6,True,7,2.2270947886489356,0.02997131916589011,-0.12299315158676771,3.3306690738754696e-16
470,3,2.25,True,6,True,7,2.284340745906256,0.0578505242132733,-0.03876868340816397,3.3306690738754696e-16
471,3,2.25,True,6,True,7,2.2055673120175423,0.006172748024305784,-0.022045545282693757,3.3306690738754696e-16
472,3,2.25,True,6,True,7,2.2620107602893422,0.07040064670393299,0.07347640225275742,4.440892098500626e-16
473,3,2.25,True,6,True,7,2.239174773760369,0.05161738571225192,0.04706416529415425,3.3306690738754696e-16
474,3,2.25,True,6,True,7,2.19440236899505,0.05008800727621899,-0.007149764978540363,4.440892098500626e-16
475,3,2.25,True,6,True,7,2.238444146612427,0.003222739330341319,-0.01184948392225249,5.551115123125783e-16
476,3,2.25,True,6,True,7,2.2594826702771047,0.017981455202609,-0.048043449035670364,3.3306690738754696e-16
477,3,2.25,True,6,True,7,2.2324142695067173,-0.019706040028164257,0.03056417471461348,3.3306690738754696e-16
478,3,2.25,True,6,True,7,2.253212400439988,0.010687864337164543,0.02503987457971535,3.3306690738754696e-16
479,3,2.25,True,6,True,7,2.2599386479944554,-0.04576614816368498,-0.04109146588250523,3.3306690738754696e-16
480,3,2.25,True,6,True,7,2.2498420400900034,-0.03388205664310337,-0.024528329186973563,3.3306690738754696e-16
481,3,2.25,True,6,True,7,2.28647878152082,-0.09148525114465574,0.04877642830330853,2.220446049250313e-16
482,3,2.25,True,6,True,7,2.21843282664659,0.006917729756834291,-0.0328684678860478,3.3306690738754696e-16
483,3,2.25,True,6,True,7,2.2677540638364357,-0.04167228736909064,0.026350847970850633,3.3306690738754696e-16
484,3,2.25,True,6,True,7,2.1834534560172516,-0.06512459424641684,0.049268188542031854,2.220446049250313e-16
485,3,2.25,True,6,True,7,2.2522476992148897,0.02966753283487869,-0.03607724939256407,3.3306690738754696e-16
486,3,2.25,True,6,True,7,2.2320071257090093,0.048969810341156855,-0.0343086784617086,5.551115123125783e-16
487,3,2.25,True,6,True,7,2.2871664046444686,0.026382687427894392,0.02066046513799047,3.3306690738754696e-16
488,3,2.25,True,6,True,7,2.2796995422618007,-0.002663453147197334,-0.0528456942777481,3.3306690738754696e-16
489,3,2.25,True,6,True,7,2.2380279789024096,-0.02091937162431078,-0.03554727983632122,4.440892098500626e-16
490,3,2.25,True,6,True,7,2.29142333895687,-0.03850535009028967,-0.06090359940919421,3.3306690738754696e-16
491,3,2.25,True,6,True,7,2.1964154709582258,-0.042916227546406255,-0.022834891674140212,3.3306690738754696e-16
492,3,2.25,True,6,True,7,2.270383748032088,-0.02971747506800551,0.01618218501903279,2.220446049250313e-16
493,3,2.25,True,6,True,7,2.183506761144423,0.01632449082439816,-0.04821779223844569,2.220446049250313e-16
494,3,2.25,True,6,True,7,2.282226497168852,-0.024272284500358392,0.009952013084528089,4.440892098500626e-16
495,3,2.25,True,6,True,7,2.2712692693244434,0.02487550045346385,-0.05517519407410276,3.3306690738754696e-16
496,3,2.25,True,6,True,7,2.237618779354364,0.00035246917198503494,0.042265211829449756,3.3306690738754696e-16
497,3,2.25,True,6,True,7,2.2682379810394577,0.023741683115610594,-0.004070428549923122,3.3306690738754696e-16
498,3,2.25,True,6,True,7,2.2274107934991902,0.012903780703441833,0.029195199893009893,4.440892098500626e-16
499,3,2.25,True,6,True,7,2.2809148182192898,0.030998791852574856,0.008966294189189927,3.3306690738754696e-16
