repeat,renal_effect_sd,causal_estimated_renal_effect_nt,adjusted_estimated_renal_effect_nt,adjusted_estimated_renal_effect_electrical,adjusted_estimated_renal_effect_competing
0,0.0,0.1659170120003332,0.018995640852152156,-0.1480453493914794,0.16028324238833114
1,0.0,0.08506492178018356,-0.0343212244731812,-0.20320920995880476,0.11813658734891483
2,0.0,0.07350225030489516,0.11563080157797967,-0.06606446020213941,-0.14729147390244998
3,0.0,-0.02200775510665774,-0.10335092308932725,-0.03786770349111801,0.11662087047078991
4,0.0,-0.02074166055212792,-0.07404072199961949,-0.09772767006237679,0.00990395990934678
5,0.0,0.09490178114385367,0.13960692896361926,0.017222161447139284,-0.07185080595946203
6,0.0,-0.07923069189910417,-0.25156979449404077,-0.25446171994388084,0.15991660322800175
7,0.0,-0.004735122075975484,0.0454262352168103,0.07074999436920278,-0.031388773092245525
8,0.0,-0.07299439720898304,-0.18064581842853294,-0.16834568630701666,0.08565696843914583
9,0.0,-0.12366069011140811,-0.16222989758873174,-0.040725343137165936,0.070328700603847
10,0.0,-0.045547097100508666,-0.015681040431780244,-0.04122816112141686,-0.08784903292792312
11,0.0,-0.0813878732897908,-0.0006716764184832164,0.08153873798900127,-0.12166860611065755
12,0.0,-0.08750245785946453,-0.057548942945022864,-0.08842214210505543,-0.14118322225115496
13,0.0,0.11107446051761977,0.07750880379995534,0.07060043886057864,0.12281699433373416
14,0.0,0.0355337630641377,0.08131180255900036,0.04371712731019839,-0.06731883773352565
15,0.0,0.10208325954757962,0.23567327525123036,0.10017771046527917,-0.1587144098512383
16,0.0,-0.12403489991414662,-0.2526830213211916,-0.11859155572525176,0.15375027082098958
17,0.0,-0.031955540192383225,-0.08080457882046449,-0.17087047239874117,-0.035443076846183086
18,0.0,-0.06965691843042726,-0.06695859233492141,-0.02640132580166138,-0.07197060214537698
19,0.0,0.06635565660186929,-0.05065745035905933,-0.07065987347825342,0.144006375440793
20,0.0,0.015711185179517875,0.008639812068610465,0.05524119926499151,0.07360301069400577
21,0.0,-0.09551445855271701,-0.21218870416139116,-0.12195128611911898,0.18799514679834828
22,0.0,0.0019061896360462287,0.06329490759462941,0.14148007446642086,0.01411831845694489
23,0.0,0.024427432241455493,-0.07226040614370312,-0.1480811929436434,0.07419902142565571
24,0.0,0.1456638589553834,0.13880380132242232,-0.009601881218684293,0.010249996427597274
25,0.0,-0.11248898485510112,-0.12662601326010653,0.011770018148310291,0.0444432265713225
26,0.0,-0.08572829194406756,-0.025112374476444987,-0.03373205175800731,-0.19701634900828643
27,0.0,-0.1982014583025182,-0.29266665053166907,-0.07365717336358424,0.14098747380868734
28,0.0,0.048921038999232766,-0.024381981540108805,-0.07942819326364257,0.07384534113416175
29,0.0,-0.06736304086468418,0.03582143363903951,0.15272397934133586,-0.07159459892762632
30,0.0,0.20781573205700787,0.2432545643906985,0.11805865646538008,0.02186897747130634
31,0.0,-0.020205235386361008,-0.16516523774663439,-0.14548103503130827,0.1684579666647907
32,0.0,0.053518009102025185,0.17532805630728435,0.02607399279920243,-0.23879533899314076
33,0.0,0.1026881762628975,0.06943740791557784,-0.062152835289533206,-0.013219978373237518
34,0.0,0.1692467882368129,0.1687239863587261,-0.09207923517473336,-0.06534838246390627
35,0.0,0.06559816020572413,0.2372441508900307,0.18670769680572552,-0.13029664361345
36,0.0,-0.09659322029634929,-0.15734704862182047,-0.027029374763826386,0.09478909451959638
37,0.0,0.17417433162810458,0.1621533886674178,-0.04391063534575532,-0.028955241494107442
38,0.0,0.10014078899540396,0.09795810165878598,-0.061341330720294435,-0.06898478504279071
39,0.0,-0.21089249175935323,-0.1984994030776921,0.04069089744261123,0.010922654506524868
40,0.0,-0.11278240463745348,-0.15499640591201866,-0.02891131782873156,0.11321571888226223
41,0.0,-0.1064232802436855,-0.09337564717891612,-0.016014228704059302,-0.05045866695341439
42,0.0,-0.03307588407000687,-0.04781565704859687,0.013712629479806459,0.03691646090877754
43,0.0,-0.08289939063887375,0.02143227702790742,0.16749586350495502,-0.021622325341109198
44,0.0,0.1397385036321976,0.2288771050738768,0.02937852677129517,-0.17581363767780722
45,0.0,0.08840437216963586,0.1582026854167542,0.02184807595278372,-0.14265994414742855
46,0.0,-0.0325407679805374,0.11376119699252596,0.2044704031554237,-0.11247488879957
47,0.0,-0.05982399998104187,0.08050644006074825,0.03336757843744685,-0.21451493181403802
48,0.0,-0.04434611952169568,-0.06142663799892967,0.07396613035914268,0.1543773562873379
49,0.0,-0.13476297637497006,-0.09906175475770226,0.08162889629400062,0.009029778752047024
50,0.0,-0.024226395172347814,-0.016627187366446444,-0.019622837308001077,-0.042104876856763895
51,0.0,-0.0558489146967166,-0.012360541655491053,0.19164635265593144,0.08690054730857655
52,0.0,-0.274745598711847,-0.28246838659106577,0.03340450801149486,0.048725687725707345
53,0.0,0.05854020599182819,0.24190852311389155,0.21980002895643597,-0.18315156933373666
54,0.0,0.12514641760684642,0.014362149223188639,-0.1905259217851371,0.08582027717336549
55,0.0,0.06248381355535052,0.09211827293890439,0.026628884105226944,-0.043001561282476564
56,0.0,0.012232783420019785,-0.08082288174342599,-0.10450432438791987,0.10793170606213265
57,0.0,0.03740293121139984,-0.07373749568962412,-0.10639488333006955,0.12826764036329696
58,0.0,0.06839944961646562,0.010262303172362444,0.00030986598592301975,0.14709178997823869
59,0.0,0.08897550708335822,0.23326921972772552,0.2795786766386006,-0.16878875087882192
60,0.0,-0.0741343457424752,0.03440010392406281,0.16645476112829835,-0.09056565371038543
61,0.0,-0.05324250226309648,-0.06364115858265004,0.031943423755263975,0.05320721236525261
62,0.0,-0.2000574963354558,-0.17501566919911374,-9.461108823224235e-05,-0.04791316881795171
63,0.0,-0.07760154691502996,-0.0814267575311314,0.022671881018292817,0.030767651417047626
64,0.0,-0.3007270997203041,-0.39981383329356435,-0.09356104162815895,0.10948999377231483
65,0.0,0.030737324846823677,0.181662057206285,0.13114571842013897,-0.22980518119386406
66,0.0,0.049073767788992625,0.03811718914406641,0.06506149995079792,0.08695879587452315
67,0.0,0.11573624602193047,0.1345962166698714,0.03559984804101404,-0.004837021649908735
68,0.0,0.02110012480043033,0.0075227947526653426,-6.169070912806496e-05,0.02752679579579964
69,0.0,0.05746872966740397,0.1427219766083383,0.12358756021043593,-0.08798809126608191
70,0.0,0.1275000899548402,0.18414979078970517,0.07664623205397697,-0.05235344215050286
71,0.0,0.11795169625340775,-0.08555920391939884,-0.1650189364242589,0.1896342409284154
72,0.0,0.02936767535928314,-0.02739018255971002,-0.13108704189999765,-0.025620369057340886
73,0.0,-0.04354391565334984,0.06015378843174918,0.08469453107533542,-0.16162107479019516
74,0.0,0.07923178054802783,-0.1157648781851504,-0.11726759383987795,0.2767166565998489
75,0.0,-0.019600401394535477,-0.00990079733400797,0.06634343616754133,0.03833567450954811
76,0.0,-0.16170662912754682,-0.11638327476420644,-0.007014358485213534,-0.07753302133814866
77,0.0,-0.0022326160809227336,-0.08286501569668983,-0.1782457257654218,0.019667963611188055
78,0.0,0.022481877556245644,0.018722960289676918,-0.022320701779393614,-0.016547632240411333
79,0.0,-0.20111285998491868,-0.14576008386617573,0.014299830194158331,-0.09237385270160714
80,0.0,0.06282463302604913,0.06556388084640237,0.022314560934916072,0.01731549224431983
81,0.0,-0.1133041193274936,-0.07622629872060456,-0.1006697686065931,-0.14130177207811268
82,0.0,0.0031045625559213974,0.09131109299966675,0.13562814752647706,-0.03343605962166518
83,0.0,0.10277083831394801,0.18232417412620427,0.06716619755345923,-0.15741116135233688
84,0.0,-0.04037920895038605,-0.09726743957227815,-0.049457796706657606,0.11852774577945413
85,0.0,-0.14847143128492096,-0.16212955702831314,-0.05962553938506596,-0.01629740424077975
86,0.0,-0.04796414444302588,-0.09130034520437968,-0.06555264976529246,0.0408373970751842
87,0.0,-0.052687405386880506,-0.22711492489555285,-0.15589261931392434,0.1280790783208281
88,0.0,-0.13575632901142132,-0.1461389429763716,-0.031451663698270696,-0.0047828906514266745
89,0.0,-0.25240471482296756,-0.13299402270032368,0.1751718042111004,-0.06678881777445933
90,0.0,-0.19694445638519942,-0.19408206001359082,0.03782780835019449,0.0380267359569244
91,0.0,-0.09796907782115667,-0.009912844277948946,0.10782654306353129,-0.05746828584791763
92,0.0,-0.0727029688616978,-0.22293946598089273,-0.09941881172142031,0.1947542125133279
93,0.0,-0.007681170236905595,-0.030780256880991803,-0.060225075807370264,-0.01139772493869173
94,0.0,-0.16439955216523744,-0.12776530643663964,-0.03820819612871504,-0.1206837440638866
95,0.0,-0.02646175994111707,-0.15090800972723079,-0.06322754520394584,0.22151271804018768
96,0.0,0.08298698976946078,-0.006431390424868982,-0.09506788910794134,0.07611522719727093
97,0.0,-0.036995266839178864,-0.11453873336046887,-0.1458522734083927,0.007774544780539738
98,0.0,0.07266195142171192,0.15316734932370107,0.00990065347953846,-0.15862359381274982
99,0.0,0.09770556892885315,0.13413692462658744,0.04165701364450046,-0.04616900024043523
100,0.0,0.23463796289191244,0.34031729991685244,0.1982624922976689,-0.053809382701193384
101,0.0,0.023389102873155418,-0.020694740021786645,-0.0058280288859140356,0.11948232430795436
102,0.0,-0.06242609216547208,-0.008024135524560782,0.04955906927462392,-0.055656773026467994
103,0.0,0.24803207173559155,0.5136179886235849,0.22180444190801019,-0.256642026191391
104,0.0,-0.021036172646944434,-0.012105352274851766,-0.018901427248661173,-0.058019984093556215
105,0.0,-0.12818325637540615,-0.11124966949396842,-0.05952041965429922,-0.1198695910682324
106,0.0,-0.011225385554917186,-0.09495517853840911,-0.13237984074650005,0.06738108498271489
107,0.0,0.23321874600956377,0.002452187292696084,-0.26957400988140845,0.23929311472759074
108,0.0,0.01986419249886752,0.0342840762698297,-0.0003415723772296486,-0.032242316313431774
109,0.0,-0.01785977291944437,-0.07572198765870453,0.036594918192255216,0.16132040093693067
110,0.0,0.0050156939073676965,-0.008777920249848248,0.024763822549064334,0.053104735079953724
111,0.0,0.02909182991229259,0.12182543756605768,0.009056576634849378,-0.22110222728389303
112,0.0,0.1654708082596553,0.194715523065511,0.14295459046227443,0.0879721080384478
113,0.0,-0.010037540205986573,0.05413827586886066,0.033637142751386656,-0.0925274791892684
114,0.0,-0.08323226055620196,-0.0328337890775879,0.023456641993775743,-0.1075083762135931
115,0.0,-0.1932245598647986,-0.2292974514472648,-0.017032762610020374,0.055566890520388976
116,0.0,0.005177399720737691,0.0030186682644121887,-0.012243073726723248,-0.011248837081983654
117,0.0,0.10542482280655976,0.1054544387498893,0.07354988806891319,0.05121719092833299
118,0.0,-0.14538379924593944,-0.3167385011157311,-0.15859612007295887,0.16583264809815138
119,0.0,0.013088281988559367,0.006663625911532051,0.02731635788166145,0.07791988734699262
120,0.0,0.06499116249847063,0.09365951091730383,0.054562049196231324,-0.01730613135422665
121,0.0,-0.007786369670604483,-0.057398000184136266,-0.10706146162153131,-0.0012589405304185286
122,0.0,0.03019287750814713,0.2336010137812196,0.1913060788553223,-0.18072362923405638
123,0.0,-0.010822048171146237,-0.24323156340727314,-0.3689536408866732,0.2580783408186743
124,0.0,-0.10484181238877666,-0.056317162984738385,0.015953122238720273,-0.0941273237405329
125,0.0,-0.008898096801636557,0.10332082567145966,0.17264374879158345,-0.08538000800315193
126,0.0,-0.0019660830861418788,-0.037928585043434423,0.0615290315436762,0.13456763402698546
127,0.0,0.11975822894036986,0.1170462469818288,0.05999806963991805,0.0806627465544455
128,0.0,-0.30281399727406333,-0.2103963126674202,0.26012927399692737,0.011078159083585337
129,0.0,0.24154265199278252,0.4248500923679481,0.17106420519661825,-0.18279549601545728
130,0.0,-0.14882177779460923,-0.20734045587645844,-0.11551163526544168,0.03475443731042227
131,0.0,-0.05694198907297489,-0.1192721759154099,0.0018198285293226646,0.14191180359257505
132,0.0,0.20155963622629697,0.2142199708270695,0.04877835806291492,0.007541195857737271
133,0.0,0.060315568228762106,0.11273762525644002,0.035068039521800515,-0.09273227105462767
134,0.0,-0.08250659137247064,-0.17029727314932508,-0.07776454949604505,0.16103111484000765
135,0.0,-0.07740335444929625,-0.17424071534951657,-0.035903277087347,0.185637866519764
136,0.0,0.24192935592727585,0.22886934165412176,0.03637531082957833,0.06098167750902923
137,0.0,0.1105923032522127,0.039876274766015074,-0.16481650138957527,0.00798842177279676
138,0.0,-0.129724601816075,-0.05805279630475471,0.007336512492159282,-0.1626134232588261
139,0.0,-0.09183626778217932,-0.05785484765266005,0.051023305338908365,-0.024867287568410057
140,0.0,0.10880353043067806,0.1297297432551638,0.01103694263972474,-0.04716320149987974
141,0.0,-0.11696018669573793,-0.33690093867587556,-0.2542689100136568,0.259347014719833
142,0.0,0.20895591603770555,0.16093584236123654,-0.08268674848807141,0.00024221153887249436
143,0.0,-0.08052191851668626,-0.07776706170811537,0.04279487854705794,0.07232706441661728
144,0.0,0.06060364708789957,0.02250352214245042,0.06590256245096845,0.14415313988237818
145,0.0,0.004438560573999745,0.29602275351710816,0.2789652266382496,-0.2894228488844177
146,0.0,0.10521129274647634,0.05112478020908748,-0.2399386249346863,-0.08107922258981592
147,0.0,0.06187835532566628,0.08372568555153097,0.06999938182524407,0.02903041250822591
148,0.0,-0.03400683038872962,-0.1473928563852071,-0.19222276981142852,0.06140301470812137
149,0.0,-0.09657358196176008,-0.11047473227627158,-0.12999353125238966,-0.04649462145922705
150,0.0,-0.11003177306580772,0.07052456263530234,0.2112056180923833,-0.1843783686324918
151,0.0,-0.06570500344157972,-0.08301431642126701,0.07408918180043293,0.11042602857496286
152,0.0,0.17799351073151132,0.08698289107284798,-0.1252541054635542,0.048714815676960344
153,0.0,-0.036164642779438136,-0.003447315944154969,-0.0030353757521775354,-0.09757304532669075
154,0.0,-0.09363864065920327,-0.07112206706079927,0.06930095159668759,0.013762052034894653
155,0.0,-0.13153967758837615,-0.13048524002103723,-0.009979934901169787,-0.014273010036973566
156,0.0,-0.07261726070180838,-0.12578657897476941,-0.07581791227434935,0.07954201738647393
157,0.0,0.0844207862809192,0.10946680634306766,-0.11443274285507167,-0.1332293652596579
158,0.0,-0.0008284530152431469,-0.2135036794477878,-0.14242052839378005,0.23011405797846074
159,0.0,0.026317892374037255,0.004023619753495553,-0.08253044450704039,-0.014740575934198419
160,0.0,-0.29619433134712714,-0.16809082608574027,0.10041747910687963,-0.1568574957776092
161,0.0,-0.054005793412309905,0.0005237599725903107,0.07871184754711014,-0.03472735207914068
162,0.0,0.040778464055424325,0.06214747185288356,-0.0030853975961426918,-0.054048880564124706
163,0.0,0.009669059045524087,0.016461768368485653,0.08973193328976273,0.0519845986683003
164,0.0,-0.1399584811379077,-0.10800994618793011,-0.03432639807570996,-0.09220521355877276
165,0.0,0.04596101256205998,0.10426541579017234,0.024920263916875185,-0.08484006605786455
166,0.0,-0.00564971168206773,0.05962830581098199,0.06559540522817088,-0.07421521101161144
167,0.0,0.06144347422044208,0.0728889309791286,0.026780811380853368,-0.00516235386823338
168,0.0,0.015842961822959408,-0.139926556427805,-0.18972539887296808,0.16959638728167337
169,0.0,0.15740856508318687,0.29842124880209453,0.13936456264581618,-0.15610047807524607
170,0.0,0.08147822936553051,0.009954792584252034,-0.012580384143229168,0.15428278562371586
171,0.0,-0.026301290178376152,0.04388161732316213,0.1175405648648003,-0.07922438577407019
172,0.0,0.07728421681736232,0.20865377948035613,0.22588783276405774,-0.10742935582408397
173,0.0,-0.03744825685312796,0.09230886901504498,0.12670594681958813,-0.14924996157272793
174,0.0,-0.02243472159830917,-0.08796569460127454,-0.09290349170416144,0.012722235507410473
175,0.0,0.1814183104763148,0.27884494641754415,0.1361061420104965,-0.13227263159570235
176,0.0,-0.024457382453551085,0.08477537211564844,0.11779054868900428,-0.19051519076303403
177,0.0,-0.21395520890450906,-0.26871840270704817,0.04829368762699508,0.17295317174819957
178,0.0,0.15667627589064836,0.11193161419498017,-0.14061077948590428,-0.05437925218886752
179,0.0,-0.011298298527506467,-0.044393793683713545,-0.07445412249214856,-0.023845002569648416
180,0.0,-0.10801445498770694,0.0774293096874754,0.17177889725145057,-0.16321238453476605
181,0.0,0.01993671994919805,-0.12213421759781262,-0.13460810816636157,0.19989717233938453
182,0.0,-0.0687317092911149,-0.04934932566579854,0.00010517168295687274,-0.07497768638912139
183,0.0,-0.005844558793399179,0.2247546291761615,0.23990397925400717,-0.32282673022074104
184,0.0,0.023514693079024648,0.022204549453027567,-0.047076465929476695,-0.06361675004995948
185,0.0,-0.05983585583936546,0.07264430973460936,0.15072140287550978,-0.1996808263263743
186,0.0,-0.02010346309948842,0.05673838450343223,0.05248484365596609,-0.1646272615847879
187,0.0,-0.09163280045968819,-0.06113528169954208,0.07782697413960227,0.0038351350100083656
188,0.0,0.21988856256853573,0.22546122853390504,0.07442843078209338,0.04778846842882558
189,0.0,0.12080452886183007,0.06584256820186718,-0.022120530127000215,0.09745125983200442
190,0.0,0.20957521039619414,0.31599885832876995,0.21855317346861514,-0.010406922043115552
191,0.0,-0.11535167753291153,-0.25678374165002127,-0.2043313887267622,0.17091747507070731
192,0.0,0.03822467415892869,-0.07629178938205927,-0.2059264972600745,0.08291625682633685
193,0.0,-0.05699158768150572,-0.0510680049271337,0.11122915512757825,0.07467535356113904
194,0.0,0.13510021244504128,0.1007589979169231,-0.09960588874837224,-0.025141006529497023
195,0.0,-0.045286319451689046,-0.015845807863890712,0.09622326798056993,0.024845172583428443
196,0.0,0.01841987068285234,0.044517540253196555,0.05574027057547154,-0.013817997251824199
197,0.0,-0.0010477364404085365,0.04495232119137946,0.0471675677844661,-0.06353419331644428
198,0.0,0.00177900470273153,-0.029981058912230907,-0.10483210731459414,-0.01633182877225385
199,0.0,0.11446432195709882,0.20976006270756564,0.20474411563069805,-0.02626206499975421
200,0.0,-0.09748582818499801,-0.018963033624721414,0.09088618325209703,-0.07669548664093505
201,0.0,0.12367594440757404,0.1423544479762045,0.03574697539422742,-0.014092935650890093
202,0.0,0.010951502645120695,-0.2847769765080347,-0.2309361239080471,0.299880113703484
203,0.0,-0.1729644830385339,-0.1276000939931536,0.03842999555879638,-0.05919490768540536
204,0.0,0.05338484954672054,-0.1532426183484185,-0.28739945777116094,0.15721990241531192
205,0.0,-0.24773367032754956,-0.3930916303169413,-0.23789853676124745,0.1537565675741629
206,0.0,0.017959155019818394,-0.1304215570749941,-0.2827580046126245,0.08360305311953697
207,0.0,-0.004269235025472162,-0.08488150140392983,-0.09852137381373093,0.05902415224654167
208,0.0,-0.045376396187206014,-0.05260098610611927,0.008278887259220982,0.025903475183777155
209,0.0,0.10299524316277488,0.18861606522282448,0.06022582583567067,-0.1317298743608748
210,0.0,-0.06493134549452614,0.2551926735915142,0.4251051414853898,-0.17817305379890414
211,0.0,-0.04109273876603174,-0.014874101407036766,0.027215075742994567,-0.0315057496472384
212,0.0,0.10927185016176688,0.09118673761210228,0.0050949142506291345,0.10922906745946796
213,0.0,-0.1718926196650004,-0.2507317071255234,-0.07921508663953249,0.116654433353482
214,0.0,0.02316420700016724,0.19491740092260912,0.27933855496704374,-0.04671829899307828
215,0.0,-0.10346949871355726,-0.03485620088099622,0.06989831698099382,-0.04844643791979908
216,0.0,0.04157502969684693,0.12061600203328118,0.2121658044890102,0.04438067951527702
217,0.0,0.1088492703578543,0.09684810103838043,0.0652250218129681,0.06246974994618859
218,0.0,0.03029764609522502,0.18796963107383524,0.17130963230611287,-0.11283363008524083
219,0.0,-0.1096253181998119,0.06389605609236287,0.21859363348500802,-0.17050161719699108
220,0.0,0.08211138012278482,-0.09041645947263827,-0.18338068375134214,0.1435454781718768
221,0.0,0.018474670695350873,0.006146562769241554,0.009070568197549247,0.03210326383171669
222,0.0,-0.028849034703358978,0.08041731716172705,0.1737234710708706,-0.08040865615299353
223,0.0,-0.04155973231967889,-0.06444931200124682,-0.07437411741019691,-0.011092733723940373
224,0.0,-0.0808386306053615,-0.05673100708397101,0.05992275851233872,0.009779121226675236
225,0.0,-0.008258695685384685,0.07043344410100638,0.03602117167949548,-0.12073565986613245
226,0.0,0.20373283327333053,0.24179939670924155,0.059497627849755874,-0.047425969648923275
227,0.0,-0.0021204723798630316,-0.11225066579126075,-0.11744267927214425,0.11075200421421176
228,0.0,-0.06892347470703289,-0.23858421904069627,-0.07571346499256051,0.27567154055742155
229,0.0,-0.027583103029210403,0.13241541086627132,0.21537928430687175,-0.17015374466665723
230,0.0,-0.12134036034192071,-0.03816354896075824,0.06455298154930456,-0.09031437442350287
231,0.0,-0.01150714936152547,0.0926292466395568,0.07015280837032198,-0.17246414910531516
232,0.0,-0.10060922410678877,-0.27812567173342573,-0.1595427839107011,0.27164954991047274
233,0.0,0.08378872936419547,0.04504607036754124,0.059975227175658716,0.12183629349761005
234,0.0,0.027566667581539445,0.020034159137599858,-0.03685875405704053,-0.025339961082049944
235,0.0,-0.0814792395648627,-0.04496262391206596,-0.056359961931393476,-0.13226489007684505
236,0.0,-0.10447216572985879,-0.20059670542619218,-0.09476864699571551,0.12738882045918018
237,0.0,0.025458472778399216,0.08033409401829406,0.03313135187019302,-0.09057917538818305
238,0.0,-0.02000059315837676,-0.0005333518889581654,-0.018841674141976544,-0.06457049575209162
239,0.0,-0.050930805400558554,-0.15101089258973083,-0.16043730120430072,0.09956798310143788
240,0.0,-0.15924238545921449,-0.15583304187926592,-0.047923523954832355,-0.046560049771648515
241,0.0,-0.06434239620247273,-0.17827306328901946,-0.04248879596524982,0.21121731369749486
242,0.0,-0.030688343391999405,0.03752132243206462,-0.009194033726356979,-0.19758307121474217
243,0.0,-0.04287537601464677,-0.00024570016630775376,-0.01773683177915511,-0.07959882133555518
244,0.0,-0.008146095481956328,-0.13413877829590173,-0.14681387868789608,0.138905692952088
245,0.0,-0.0475784675259862,0.05283727761344138,-0.019984764851524478,-0.23019771231571906
246,0.0,-0.15519615337747822,-0.29773077019034533,-0.17166357299671153,0.16906197239249351
247,0.0,-0.15410503090842376,-0.29940423721787424,-0.16477026197034328,0.11172563118136462
248,0.0,0.06071419967452818,-0.6720317757583272,-0.4650506436745378,0.6007015510991404
249,0.0,0.054111907915311175,0.09865987509823922,0.07801710715432789,-0.050944454117902715
250,0.0,-0.22417312687721042,-0.3219425125816838,-0.08069529117179194,0.08818535123312242
251,0.0,-0.10405893815592351,-0.09032799874796073,0.015635609518820648,-0.010741067908498714
252,0.0,-0.011940978432560853,0.09387546531253832,0.25884463104407957,-0.013528159793634309
253,0.0,0.08095999767556007,-0.05349705077045304,-0.16865103647699753,0.0690969553060573
254,0.0,0.09281092456723644,0.011732326033765093,-0.04707306721945481,0.10966751687966346
255,0.0,-0.00682627200998109,-0.0720191641760242,-0.18984879736798402,-0.09127876044319627
256,0.0,0.07335259192915441,-0.005280021436023102,-0.043450588805871306,0.13984248869903293
257,0.0,0.027650603301335216,0.0347896155857708,-0.03032611361180658,-0.07076943492885379
258,0.0,-0.032617629194229725,-0.06700596814306903,-0.05599589276970099,-4.345369344049832e-05
259,0.0,0.1537341151837982,0.314072712875034,0.12409000941184002,-0.19094362069890258
260,0.0,0.11788761189470962,0.12336490734616924,-0.019735005055431895,-0.03331875111436089
261,0.0,0.048931809443626184,0.13149015345534062,0.11047105427247032,-0.08464671737937501
262,0.0,-0.006892079530136453,-0.05914572873400695,-0.11616620368361436,-0.0090458919272628
263,0.0,-0.10545515483747708,-0.116024830657346,-0.07702316829407085,-0.03622269317252902
264,0.0,-0.08765879842980134,0.02565380274466624,0.07886535624574376,-0.2054007792187652
265,0.0,-0.012140002775802725,0.05868560653403315,0.13409067696715557,-0.06342925271703814
266,0.0,-0.01390618039597958,0.13222644675738113,0.21185992687448021,-0.08562189721152325
267,0.0,-0.04786444735001183,-0.043886196753987534,0.04257367103301603,0.04072748570434337
268,0.0,-0.04570790949678813,0.12487855527819097,0.42382390090860805,-0.04974589240342964
269,0.0,0.11538272703806443,0.1320200815452252,0.030510538257146166,-0.012054580961347816
270,0.0,0.036432673435655705,0.11791065773182567,0.10071010440017152,-0.10010450336859034
271,0.0,0.0560077856232815,0.05280494492850797,-0.09285810844718556,-0.060889491838173715
272,0.0,-0.005442351185682703,-0.10652691861747454,-0.15165692523010096,0.12418018646931672
273,0.0,-0.020543444894219887,-0.14117167127340546,-0.07885922356055701,0.186407951287773
274,0.0,0.1141036201494863,0.05103689262886457,-0.02861928669909708,0.12706185261300984
275,0.0,-0.009123290294713135,-0.0864380778782332,-0.1208366123359924,0.06797564291417078
276,0.0,0.11276787743459432,-0.039719088415887525,-0.18918381472760315,0.20363758112168862
277,0.0,0.051959958143985664,0.08586838033398503,0.026372313899146002,-0.0445971873076787
278,0.0,0.016247716521164232,0.11154403280035964,0.17273678294592767,-0.045494461641336525
279,0.0,0.24911650356066656,0.126175088324252,-0.10602812422691135,0.10072267544362912
280,0.0,0.11761766596920503,0.14298087086489839,0.008626995714176688,-0.06836146894495898
281,0.0,0.03742547071971504,-0.054266515474284134,-0.15158947994525598,0.06428167822653219
282,0.0,0.07197796197894424,-0.019900122647907557,-0.08988243186848222,0.11269727012840844
283,0.0,-0.13524673535367326,-0.27898968397830537,-0.1398396666633592,0.10881163788573833
284,0.0,-0.004181141348143427,-0.024933800624333518,0.04509960694625249,0.1014792041755006
285,0.0,0.2180500573217586,0.415641698943495,0.15931995435375135,-0.29851060394778234
286,0.0,-0.13851228357213424,-0.10823681465643031,0.05138187158277874,-0.02527681988799635
287,0.0,-0.13786026044577124,-0.13694844865142414,-0.004930603882933612,-0.010892082123654223
288,0.0,0.00994112714000494,0.06322618210870995,0.08408444939546787,-0.042635076304776254
289,0.0,0.01249580005052011,0.046219109883532436,-0.036868604978658265,-0.12770602588224533
290,0.0,-0.1016853811108068,-0.05701713042541559,0.03294621003927267,-0.08374965442367577
291,0.0,0.05922665387688181,0.0841422750841275,-0.04774629868620195,-0.09367091962281937
292,0.0,-0.0482734015319137,-0.04088475476413833,0.11386022193742382,0.05997612139837771
293,0.0,-0.015342543174710413,-0.2705780971197024,-0.2666689654487214,0.25548659472967916
294,0.0,0.09517793624391478,-0.0498699255138237,-0.16010416852899353,0.139637143349434
295,0.0,0.002858354960332113,0.04993078051860649,0.06050207290705432,-0.05203951145844998
296,0.0,-0.09272545058243914,0.06195671532340463,0.20409249390555473,-0.09371335047709882
297,0.0,-0.02326671137356101,-0.07305285383346041,-0.01549460479228685,0.09092195261404845
298,0.0,0.12347747940934592,0.09054282565246205,-0.048341768889715635,0.022266626325082473
299,0.0,0.15763063399173277,0.3200844981761012,0.16584286230773979,-0.2908463600141922
300,0.0,-0.054107534440121216,-0.04936187619352319,-0.013818729224314498,-0.018224872305819817
301,0.0,0.016977511172497392,-0.05328971154524398,-0.06320214412012426,0.09985862482374447
302,0.0,-0.12925331954333663,-0.26901187140946825,-0.15090372516976866,0.15637091608826725
303,0.0,0.10377082962787779,-0.032415520767892225,-0.06395505692701486,0.18995835797077137
304,0.0,0.12441952810906326,0.22074129357574396,0.15276901585160302,-0.0510303560326244
305,0.0,-0.0643191140840702,-0.10430735652843182,0.02879324028048158,0.17142252908615935
306,0.0,-0.07449430987564547,0.0181654859231348,0.16756756986967303,-0.05737532229897868
307,0.0,-0.03427486379648101,0.07199407763765771,0.23306891641909355,-0.04722989913525222
308,0.0,-0.1382308286900858,-0.1806241233132324,-0.0989235278087102,0.0012650092375269262
309,0.0,0.17235954369668235,-0.13851024084194669,-0.36081025027697106,0.2270588593001207
310,0.0,-0.10638824960941867,-0.1443392910685551,-0.024697547266438455,0.047296248961388954
311,0.0,0.02639546456837457,0.0384750211368845,-0.004311871615547018,-0.028832443178281042
312,0.0,-0.0028242116620470215,-0.12924503299584383,-0.10757703269205143,0.2377852522156641
313,0.0,-0.06751143744096438,-0.07058833949309812,0.01000527628024598,0.010854997379409426
314,0.0,0.10862059912062971,0.11205201877851628,0.09510739996285794,0.11626405575580523
315,0.0,-0.042169742064263716,-0.020879928089667356,0.09440058477254197,0.05862047379536339
316,0.0,-0.05151427997510677,0.04155693547668671,0.0950944496839086,-0.10263686514868842
317,0.0,0.1293500846439316,0.08036931370701292,0.019528121856589545,0.11228046638443157
318,0.0,0.08937690603344021,0.2406024783055688,0.09392312873598278,-0.17105338356284916
319,0.0,-0.03909296116211529,0.06003227600538821,0.21051814698489368,-0.008959119451371622
320,0.0,0.18383820390058817,0.25602955704195907,0.09890867322838304,-0.04777353840398435
321,0.0,-0.0655733888878529,0.04558531444674416,0.15847389831315023,-0.08677953948449657
322,0.0,0.057085502713691554,-0.06955416555510996,-0.19977262240880544,0.10085748526854575
323,0.0,0.14645283908386428,0.1519916693504629,0.027210100242699875,0.023229000000538957
324,0.0,-0.003245973029217003,0.17061324403504624,0.18354315641441876,-0.1793960174446907
325,0.0,-0.10283767101298225,-0.05383348507078589,0.01832690652615706,-0.09807241884489803
326,0.0,-0.20000973634270236,-0.2677977124995914,-0.11004647274896251,0.056706054397926836
327,0.0,-0.10854127055713343,-0.09509116362456257,0.018064523308551333,-0.020213111263808647
328,0.0,0.01635848234578785,-0.13136994985223946,-0.1613041099354363,0.1620138200490211
329,0.0,0.21423653090448774,0.12251353856250882,-0.11486383780947795,0.06442174386403486
330,0.0,-0.1151829721663474,-0.07315029069996726,0.09383844325013646,3.992282942343571e-05
331,0.0,0.04329799016681539,0.025784421764192263,-0.008526847045599622,0.0329472805865203
332,0.0,0.14475188644596648,0.04322749213098018,-0.10980674507545671,0.078988426814952
333,0.0,-0.018962448695382376,-0.08553704354690245,-0.12925194699882114,0.018990900294251878
334,0.0,0.02013737679761334,0.00401065418090038,-0.050036525111385594,-0.0019828457205928185
335,0.0,0.05540155210947341,-0.06660131241091055,-0.10671702198489653,0.18780280969466612
336,0.0,-0.15521244617372928,-0.13008013955041892,0.13486756591649068,0.07407833597690583
337,0.0,0.05497589292626712,0.1373606350468275,0.062210303979114645,-0.14127411108182442
338,0.0,0.061267968836770104,0.04314504606213074,-0.03064861621493903,0.010715674162276478
339,0.0,0.027624238280120214,0.09730729606181696,0.08067894161626592,-0.05936496071888686
340,0.0,0.1531001630466171,0.17939582848553798,0.038806979041859285,-0.022070766842851346
341,0.0,-0.215752674515545,0.11396473709814173,0.32750974887422485,-0.2547539570533302
342,0.0,0.023744435438065155,0.044740289492682196,0.017929850325859035,-0.02703426440113455
343,0.0,-0.04405224450507361,0.032519362668101306,0.13766253674984313,-0.037214138290487586
344,0.0,0.09994294611840981,0.2802461421940831,0.23785772180605227,-0.1951158709719436
345,0.0,-0.03677347358602956,0.09691719469927175,0.10449356141822616,-0.21972383637815995
346,0.0,0.035174316207542855,0.053435493089977436,0.1656115684216369,0.10343819398886489
347,0.0,0.01420952603913142,-0.1387945467286417,-0.23050374611798383,0.19985583777116078
348,0.0,0.024024423281109798,-0.05302899798288998,-0.051651906184915816,0.06945597469416664
349,0.0,-0.021714422452670634,-0.06187515077847522,-0.12588263017290313,-0.0659402912483269
350,0.0,-0.021162826680534735,0.11334692633686044,0.22728251739834612,-0.1678256001298526
351,0.0,-0.046322011174739885,-0.007612386807988258,0.03775384509569846,-0.02703220483709618
352,0.0,-0.20275105180602754,-0.26515476746241307,0.05785986912444541,0.17146346857239447
353,0.0,-0.026597444880283927,-0.015647486643187564,-0.04072723587523506,-0.07121231532507166
354,0.0,-0.12286314275267184,-0.10962869883852427,0.007471469709111098,-0.017219292818741905
355,0.0,0.07063580237635221,0.1678326481893564,0.060541749670790505,-0.17496300263805087
356,0.0,0.03428327200798975,0.009826438316978922,-0.011137742926774344,0.046566117135279805
357,0.0,-0.04158750457633387,-0.03186873266477354,0.05309216775212629,0.040501585408383556
358,0.0,0.12256599292580428,0.07107448767568542,-0.06238213068394368,0.04913441854760435
359,0.0,0.04180116383597521,0.18735329907889486,0.2440035008960455,-0.06483214751058088
360,0.0,0.048821136320898795,0.0873854580867527,0.049753203932615946,-0.029090555228749038
361,0.0,0.17456808529742673,0.1691511837832157,0.0643722467363605,0.062448585618162245
362,0.0,0.06470666672014072,-0.07287513050643657,-0.09518804837141505,0.24148215285891006
363,0.0,-0.05705773415632844,0.033925857421225794,0.0806592353286235,-0.11736635117137682
364,0.0,0.07138124635949758,0.13854837403911988,0.0656997077345038,-0.09911363432501197
365,0.0,0.19259370633559825,0.040417167441520734,-0.24993836063963337,0.013676515645769216
366,0.0,0.074958599394838,-0.023932273177430963,-0.11435576797930902,0.08566819430783797
367,0.0,0.13509145987133458,0.17764617066262284,0.07308279186238605,-0.008755361259717098
368,0.0,0.050782816722132175,-0.09301293869913467,-0.18676203304716496,0.08047232234133538
369,0.0,0.09218664064266259,0.13932425504641383,-0.023924958776293692,-0.10645744230333976
370,0.0,-0.053689679663327494,-0.05214040616992047,0.06802988176884311,0.0886797400743351
371,0.0,-0.0063680271377089676,-0.18336850031622887,-0.14112431005832582,0.2121875675955963
372,0.0,-0.04909613955746306,-0.03926305563837729,0.014539699021940855,-0.0017295081859295403
373,0.0,-0.1637730406982941,-0.19792924705077128,-0.07497060835811846,0.008617715594365527
374,0.0,-0.24455849453907297,-0.20786055898940103,-0.011832440055252372,-0.07401279124838456
375,0.0,0.02531884367101092,0.2732108371865359,0.20780042384688957,-0.2387330427080665
376,0.0,0.03138429725112438,0.056472478063539,-0.003173301772826681,-0.057985403597607066
377,0.0,0.19576515129407787,0.19663161448106353,-0.0676537003766046,-0.0589603214934904
378,0.0,-0.060355865270469836,0.07534914877038648,0.11225973339508576,-0.14982884428089588
379,0.0,0.10894253803258896,0.10243510645460084,0.013103128986527116,0.03498848564382228
380,0.0,0.10416614002948243,0.38442474298018925,0.32587955635006444,-0.1785896310162275
381,0.0,0.13085732080218979,0.14284321233571098,0.03712891476961722,0.022277718455871214
382,0.0,-0.08336016479672104,-0.08552462938405397,0.03820912831301109,0.03964032626503511
383,0.0,0.07831124667917427,0.2896567371980757,0.16748706434304808,-0.26081431275564304
384,0.0,0.03338355411334109,0.24549799238908068,0.10937689794078045,-0.31299910929636443
385,0.0,-0.00453241104445427,0.08066053217826219,0.14948529674628896,-0.017963662638443623
386,0.0,0.03263868567816197,0.09401445717629783,0.043506433781461115,-0.09926981280345093
387,0.0,0.088940529237716,-0.020599301235982442,-0.13222783286198048,0.12090503897722849
388,0.0,0.015452265513561103,-0.1371289465859017,-0.08808324415337423,0.20444044392116542
389,0.0,-0.13260725600571982,-0.06279974153898216,0.09861880439180828,-0.0783066072277614
390,0.0,-0.02828643238998815,-0.10515035528125449,-0.1374814210500632,-0.0068709183144340935
391,0.0,0.16004802595482168,0.04894081132578185,-0.15014142411533174,0.1103799545036872
392,0.0,-0.12327263742274129,-0.10970707594823927,0.0024036798216583,-0.03388952881908269
393,0.0,-0.05109077497501735,-0.16258281882891495,-0.18742305403545245,0.11889026218488541
394,0.0,0.008207180786939494,0.04801278286483135,0.06358537790319896,-0.020773461617944734
395,0.0,-0.0425568377213994,-0.010586034293499497,0.11939032768258029,0.03984687746811577
396,0.0,0.0015029999192874895,0.003352596569282218,0.01630394648632605,0.02192535780604519
397,0.0,0.07138771994372473,-0.07779520724785656,-0.20372077796763133,0.049609018409315954
398,0.0,-0.1254224356831594,-0.045970653190694905,0.1338269051088765,-0.09882159257923928
399,0.0,0.14586299567368677,0.2565798681427083,0.1280491140458767,-0.10855687976876705
400,0.0,-0.15806195594286807,-0.3540388846945398,-0.3150090151267362,0.07125607962716607
401,0.0,0.056850748580288275,0.06126269879691919,0.09298514416902892,0.04952882981117468
402,0.0,-0.06342523022885269,0.05609609172478577,0.08389918344514428,-0.14377491016375496
403,0.0,0.28930746406574714,0.3416117433326791,0.1174993703899776,-0.017472414587828666
404,0.0,0.03912721882658861,0.009319787606518692,0.11087507491616232,0.14052354666964048
405,0.0,0.11134050038950558,0.05421979367153697,-0.10118124304553322,0.019949587306539063
406,0.0,0.06779264691082879,0.08711348687261074,0.06723322612618798,0.03376757721714774
407,0.0,-0.004232854373918682,0.10130945736320221,0.25510233001990684,0.0033293653888725183
408,0.0,0.10811286401649263,0.16389535619535334,0.09043114601874402,-0.045588557055452845
409,0.0,0.24171694165017432,0.2669696150946467,-0.008983829888618226,-0.11992597712091069
410,0.0,-0.04010962401041186,-0.13852328539603495,-0.06955117355445192,0.11752455771299952
411,0.0,0.12931192501806565,-0.11696577156273319,-0.1596692670676376,0.31478398963293386
412,0.0,0.10047404243466909,0.06024609118493029,-0.06715733190600207,0.01692939068198629
413,0.0,0.11055322383813054,0.24554886138072746,0.15446633430810966,-0.12863139140445523
414,0.0,0.047347397041875086,0.10691799435258234,0.09208950372145334,-0.0649155374512725
415,0.0,-0.06792466391610386,0.025541918982987008,0.01555622135522975,-0.14563269616713748
416,0.0,-0.06953855822931408,-0.1688105491690944,-0.09889175932068908,0.13404283234055234
417,0.0,0.13930910485197107,0.08378750506168683,0.022109299365750568,0.1296603476278223
418,0.0,-0.02635260313916272,0.10342554066166948,0.1967716253810355,-0.090279018824587
419,0.0,0.10162606908879779,0.02627328308793407,-0.030802477174461825,0.17665992519930218
420,0.0,-0.1000562984184804,0.07129139902247472,0.14580227660725192,-0.1543761508003858
421,0.0,0.05785354933486597,0.0371223621898624,0.02208057794395693,0.060631034423157426
422,0.0,0.12560451581510607,0.0322401547238517,-0.15924498529991873,0.05885593388106658
423,0.0,-0.10360444220883253,-0.13115427173741728,-0.07790234792075429,-0.017766014554290832
424,0.0,-0.07045541863280175,-0.38962763101618547,-0.2901375201987386,0.3697428156397066
425,0.0,-0.06610669051580914,0.0924628194805101,0.26772456367432107,-0.13397155593975163
426,0.0,-0.19828267791811427,-0.3413430812631708,-0.06219861387130776,0.23338142249097538
427,0.0,-0.11418061049897754,-0.23452155162397004,-0.18877420051727303,0.06213929150814235
428,0.0,-0.147352872343615,-0.05210214477220336,0.021375443649165955,-0.17828829613960115
429,0.0,-0.09701741417621267,-0.20328774629770816,-0.028981879251831665,0.24770675717954582
430,0.0,-0.006131806767880449,-0.043064199281943646,-0.025588674884760382,0.08135835219856036
431,0.0,-0.07989933510674509,-0.1252433091677109,-0.09555634117922909,-0.003219781935933752
432,0.0,0.0012073277341305795,-0.07811520627722923,-0.12599014367187236,0.051482969393520484
433,0.0,-0.12563399024873245,0.03689132112097862,0.26832554507051,-0.11663633229117276
434,0.0,0.06074551871963128,-0.038530862937266944,-0.04546082794543203,0.195414762131928
435,0.0,-0.07024570589213439,-0.07251129696522983,0.01686985531443505,0.019761430812044845
436,0.0,-0.03869304592797737,-0.2322342856902615,-0.28714564024329303,0.19720543360633436
437,0.0,-0.15485864045119965,-0.22671340069339746,-0.07032622272268911,0.09782456095950043
438,0.0,-0.0873300893170654,-0.23830200350865935,-0.14665267034535942,0.15304905279348446
439,0.0,0.2859611068533603,0.09083816300332237,-0.21538725880723614,0.1302522781043587
440,0.0,-0.04304944237128158,0.025833542369869247,0.0221169047280857,-0.14928301459962579
441,0.0,-0.016065886486040792,-0.12591126038233275,-0.13012506238491092,0.1025665212804856
442,0.0,0.11410372602156697,0.06422000755313514,-0.08820916910101957,0.01038585519681201
443,0.0,-0.018523192786754513,-0.14765988010902148,-0.17988117686172075,0.1128997682189212
444,0.0,-0.11206020714539192,-0.13134168669785684,0.014959383851219886,0.061031007117594016
445,0.0,0.03730106785513641,0.15072972298107495,0.05149329648504469,-0.23095577877113382
446,0.0,-0.10131504725644928,-0.05222409385587198,0.08686664982964501,-0.008238852460431446
447,0.0,0.08498184619415908,-0.0690386437755549,-0.2120638385508138,0.13115457252084928
448,0.0,-0.023450618781170777,-0.13957108345075178,-0.07971259760390123,0.18105873695690733
449,0.0,0.012161436424033223,0.09005759302754149,0.09757846037675026,-0.07482770770717306
450,0.0,0.15092421541094658,0.08941853713893551,0.07489714157232008,0.1718909473051209
451,0.0,0.07007292611780813,0.01691134887798506,-0.08305291416039139,0.051021322208321784
452,0.0,0.026508400112887184,0.0047898040447311874,0.032477373892611995,0.09063964273147607
453,0.0,0.10275899279263404,0.4236648247380402,0.2992624936709861,-0.4140815720412441
454,0.0,-0.03798155136313899,0.21079566119500887,0.24892503780815642,-0.20868311124494632
455,0.0,-0.18848351841680727,-0.42965291948690404,-0.22827317756273385,0.31521058538053004
456,0.0,0.02794143124221904,0.16566112951140052,0.0625686900257966,-0.25326361035760936
457,0.0,-0.03007831916908138,0.03066955342159483,-0.031803145483452866,-0.19269990323227068
458,0.0,0.02422062003019132,0.10054022052786125,0.1305749929690137,-0.07425456117457584
459,0.0,-0.07206544924864777,-0.08833084092539664,-0.0014517314833021936,0.03694534170704832
460,0.0,-0.10812787263843451,-0.1881319304726019,-0.07287717912933267,0.07911628468793071
461,0.0,-0.03514808546787658,0.1435111242274873,0.23272432813578905,-0.1686344562740807
462,0.0,-0.0012442160304311106,0.040351650473886995,0.05446772668201891,-0.05114478668529987
463,0.0,0.22622796308694126,0.30270026737839095,0.007972759013054033,-0.14418933516122445
464,0.0,-0.0898195000596893,-0.1782280651299892,-0.02375047490981204,0.15760398738452439
465,0.0,-0.11712937304068266,-0.19212511203072355,-0.08036356930758783,0.07269658029906066
466,0.0,-0.0626421349684878,-0.025210603031342604,0.10072438401046281,0.006939784754390166
467,0.0,-0.08350664298625121,-0.29282126809500353,-0.10720069436672608,0.37457537886998293
468,0.0,0.135453628624356,0.11293711138719743,0.10261012811814826,0.15138319868019945
469,0.0,-0.17669213237700596,-0.19746187988079456,-0.05674253763828774,-0.02371985924987772
470,0.0,0.013918704132351046,0.005629187049143798,-0.08297894063056976,-0.05871287081590104
471,0.0,-0.02383395031270328,0.11927799517962993,0.180576912145612,-0.08282438630903988
472,0.0,0.029988691447346068,0.14699536097864388,0.08137950094128087,-0.2057778766825634
473,0.0,-0.06314733471670467,-0.011239698599188719,0.08344099239580671,-0.05913311571258668
474,0.0,0.21211602438394123,0.27831891902759326,0.14140866114106573,0.020917072213450072
475,0.0,-0.14035221692915556,-0.019272006660362526,0.0781506228306203,-0.2007756403581702
476,0.0,0.11978542468012474,0.2142172549534486,0.1340339091081948,-0.06239676022586771
477,0.0,0.0013335563761711564,-0.0599607961472859,-0.09928216643324801,0.06264915367264068
478,0.0,-0.1937902119857154,-0.3232313641472708,-0.29580312436647005,0.05461159531393202
479,0.0,0.006407843570942144,0.045382592603132293,0.04519023119722555,-0.04803758474190212
480,0.0,-0.011261859703376328,0.12342531587304365,0.2090033468320207,-0.10080887114360504
481,0.0,0.08853738035164832,0.1041962313006246,0.06264256875374027,0.00461958688373376
482,0.0,0.060783273200401,0.13915366802443493,0.0677492136040411,-0.12354166302974656
483,0.0,-0.08999327302669988,0.1343462193647228,0.21937953710729105,-0.28564730311813835
484,0.0,0.09142148994930527,0.031151384168898986,-0.13300562486171938,-0.05599638421862334
485,0.0,0.05647819943019463,0.00337985811179953,-0.11643852673714788,0.0004516201183371038
486,0.0,-0.02526442774996518,-0.136950023469096,-0.0591209535850949,0.21633012664880413
487,0.0,-0.13366066469641558,-0.2335277714091756,-0.18838577017322122,0.006129905878065278
488,0.0,0.012490584393503437,-0.09946965587679632,-0.045762657581187104,0.17278928743878297
489,0.0,0.11797655236354254,0.0983295548140501,-0.06527955738044709,-0.010690794010519422
490,0.0,-0.2186097859242146,-0.1388143921795783,0.08123514737388585,-0.10364555710576373
491,0.0,-0.07791377492509256,-0.13461799405168853,0.04915725004386544,0.1485309307193804
492,0.0,0.22760827318841137,0.1938083805576558,-0.05969669067213257,0.016219877635614124
493,0.0,-0.09746191066275886,0.05989453219843571,0.07427163129528636,-0.2570413662978899
494,0.0,0.015206668561114446,0.05952137077450348,0.13338486952307327,-0.003573123192645078
495,0.0,-0.10755555215489118,-0.5475045976085082,-0.43505939062134535,0.3420467870898131
496,0.0,-0.07161283889171413,-0.18722159050584172,-0.2372837418406939,0.049932879054969126
497,0.0,0.04607519832018542,0.45650805988986876,0.3904259293009543,-0.21111309741551132
498,0.0,0.07836487211545802,-0.05890002153317918,-0.13199623735358917,0.1364708739864936
499,0.0,0.14602228942541037,0.1565554169815544,0.0083311367415655,-0.019493360388276537
0,0.5,0.4830968054978801,0.3894644427516409,-0.09069132816416123,0.09969355298944615
1,0.5,0.6213332583727497,0.7149053651953614,0.19903076531321595,-0.058383391510565597
2,0.5,0.42698311040228687,0.3615771861402789,-0.09944020338360209,0.0388299720596319
3,0.5,0.46383786982749664,0.3857088355610962,-0.11767716110689763,0.09150752502317672
4,0.5,0.42264392466672407,0.4907738656123889,0.06600628407223272,-0.11299389002570237
5,0.5,0.8169532599778744,0.9028018216743686,0.11884134592627495,-0.07297097329755076
6,0.5,0.4970402225219045,0.5083035533157292,0.007591176109564529,-0.020066224364215124
7,0.5,0.6007751844974185,0.6557894174872712,0.03000467979479269,-0.07823844511777889
8,0.5,0.3693598016733627,0.5174543232731954,0.1760595459453712,-0.09751567431468378
9,0.5,0.4399558195952009,0.4347552907713547,0.00015285533707982968,0.027141288919670048
10,0.5,0.7011539438133376,0.702401987702016,-0.0016749036428010955,-0.010462463469595562
11,0.5,0.38621175043751155,0.34994158216507776,0.022046846085614913,0.08473982578219928
12,0.5,0.42017720004662185,0.440887573224582,0.07871985817690479,0.01659637924088253
13,0.5,0.6795735685648001,0.7737464923223936,0.24378209163916842,-0.004838697470175957
14,0.5,0.671817320962445,0.5406182037506213,-0.15009991718280494,0.1887706236046519
15,0.5,0.39675384571141037,0.4391459709697507,0.14123033083079217,0.05597724088558841
16,0.5,0.4936402265577254,0.41795196291517434,-0.11040803497975538,0.075492994622124
17,0.5,0.6262694276888602,0.7172343256800398,0.058103787704266774,-0.20350406729659176
18,0.5,0.503811167619124,0.5574982546555002,0.0761846755710831,-0.05017997395239281
19,0.5,0.5541962599613552,0.3174588264833692,-0.18375910380744173,0.31522678576794194
20,0.5,0.5489135665341282,0.637537143831427,0.16924945285290896,-0.05368944333809899
21,0.5,0.5867501048800641,0.7421495406432639,0.22056530599897878,-0.09617522155210967
22,0.5,0.5642247568900218,0.5444100468521829,0.0445107129132156,0.06990258102938456
23,0.5,0.5279037141200233,0.6405024606054893,0.14720512896675278,-0.034271070614014576
24,0.5,0.4715398845654557,0.5162038272676316,0.05025228447268712,-0.0666485179433991
25,0.5,0.5445979371724243,0.5744852649621859,-0.010734144505566923,-0.08610374796066966
26,0.5,0.49770448538274775,0.5388688113981189,0.06091168962468774,-0.0441373895571241
27,0.5,0.5829499593952665,0.5597817231091774,-0.0421201046071326,-0.00440257409856315
28,0.5,0.5238929623423099,0.6085624600272904,0.08639798543636472,-0.11460048694133285
29,0.5,0.6111068375505205,0.7391935580382062,0.15659767587844597,-0.05701255828737917
30,0.5,0.6274955912388142,0.6462218950669539,0.031601254444114546,-0.021835393592481767
31,0.5,0.5928222757138641,0.5192045837265635,-0.18775513161170587,-0.027421067719574088
32,0.5,0.6114263071725341,0.6149658308994109,-0.0709778350639585,-0.0906514031032884
33,0.5,0.5688075649650486,0.5874553122330838,0.052280874583876216,0.03218496617951401
34,0.5,0.3414732284780539,0.4162916325523785,0.09963362423849943,-0.06141589170078854
35,0.5,0.37560959298794494,0.49635961566036935,0.14230953466431717,-0.1267415235603504
36,0.5,0.64642550877655,0.6199749046324591,0.08153463162018301,0.10756215229929154
37,0.5,0.383067376583741,0.33000821918873313,-0.0973232013044895,0.031097280542588084
38,0.5,0.6081697419960894,0.6508980740697818,-0.022275031521306846,-0.14456263016301107
39,0.5,0.4531512747506334,0.3968482947178624,0.007674462045161201,0.18131511007404322
40,0.5,0.413621440346281,0.5168844293930788,0.06626894567463343,-0.13529078172361028
41,0.5,0.5725778905527812,0.47821136667804215,0.04144672254396746,0.24112576133989272
42,0.5,0.38590825223514325,0.4569757322939335,0.07275955170063665,-0.13335223425809067
43,0.5,0.48447894558532845,0.4803085221258603,-0.04119238989701329,-0.029724434059947624
44,0.5,0.48715804269785873,0.5265259697661923,0.05650062142297979,-0.04701270705578953
45,0.5,0.5419441649465768,0.40579836835117283,-0.12147071597846718,0.132072728337697
46,0.5,0.41153608771657996,0.32865975426368293,-0.14822164781742828,0.004445156525635596
47,0.5,0.41742679672783745,0.5347791722101449,0.025300989693076814,-0.23004003524746902
48,0.5,0.4607543525093528,0.38873963398138833,-0.1720275600595701,-0.03361933131350914
49,0.5,0.4423917219973838,0.5075414567987131,0.08054534301683067,-0.04930045287449102
50,0.5,0.7564302642160423,0.7879052419222575,-0.03102890261011039,-0.11306596278069492
51,0.5,0.4263103613478568,0.4302878393702818,0.18251295126045194,0.1194299625228743
52,0.5,0.44440882617063104,0.4552829661805281,0.037625311267423855,0.023341369034116967
53,0.5,0.575074484772047,0.5553232594331817,0.0564641450322874,0.08597964227474852
54,0.5,0.5169406619748621,0.4672716778826449,-0.024899187717395892,0.12052201511957605
55,0.5,0.5719207385137762,0.431181728291437,-0.125486230121674,0.21637195301875464
56,0.5,0.4376483486826622,0.43020657225768216,-0.048568237622938944,-0.037491329035206356
57,0.5,0.5105003606401506,0.5495550283929257,0.12015837373381949,0.039591151763004984
58,0.5,0.4817061848304547,0.5902896630122086,0.00948993558443939,-0.24708274637319172
59,0.5,0.4226337042870768,0.46983607122062987,0.07804580500439591,-0.03415078586776965
60,0.5,0.5050246055504259,0.5041971832063941,-0.0248035097324091,-0.037430588232366446
61,0.5,0.4894039808288482,0.616910718742085,0.11415317117969379,-0.17330933863614773
62,0.5,0.43371931006895137,0.48462773152923216,0.019049574539407893,-0.08509399706942178
63,0.5,0.5804801643914649,0.5448662024694201,-0.023915562700591662,0.07816346134205765
64,0.5,0.5094574579585569,0.5167480207825873,-0.004060353437131292,-0.051156967477231904
65,0.5,0.37721176632915343,0.24948163239816923,-0.08225386535749171,0.1820304104915732
66,0.5,0.3255256744495559,0.25946641687833405,-0.09363911578209194,0.039825944902261164
67,0.5,0.5561938829257976,0.5969889543321838,0.05841247858141627,-0.057141854309974205
68,0.5,0.39524792907654127,0.40198958199746554,0.04556804238776499,0.030003871224845265
69,0.5,0.5248948773004444,0.359900184633143,-0.16431013492693336,0.19257421052683524
70,0.5,0.6072577993032752,0.6737327917379585,0.09664928228926777,-0.1025979481038618
71,0.5,0.5686797572890199,0.660933799041656,0.04001458763954896,-0.16700922326042977
72,0.5,0.6013354425162142,0.4362427186475557,-0.08435495190901457,0.2759521251761683
73,0.5,0.624350745568029,0.6377552155097272,-0.042102138449185145,-0.07549983844708807
74,0.5,0.5050192265183048,0.6735579764435533,0.2219594368323313,-0.17804995790987066
75,0.5,0.5198412197459427,0.696993117041848,0.21841231307575906,-0.19435172019556857
76,0.5,0.29437983962047304,0.7139046293871449,0.35815590082982957,-0.32905684476872377
77,0.5,0.5383203000684886,0.534067776474964,-0.0288495064430799,-0.02153941937248338
78,0.5,0.43588375450556693,0.46019489513124306,-0.006209226577828214,-0.049520588984034886
79,0.5,0.4828233590561291,0.44264224682927883,0.03756414509646159,0.13374640340090824
80,0.5,0.6909183791327789,0.5947323491834865,-0.10125023703597076,0.03593610837114236
81,0.5,0.5317617644331625,0.5252639514547425,-0.0006122323040454144,0.016328788293533122
82,0.5,0.790206214047435,0.8482660330116231,0.12838178045331217,0.02553055202740251
83,0.5,0.7719180388213026,0.7413310079955476,0.028225212690407356,0.07879753862412975
84,0.5,0.3777419020207864,0.3881692158246899,0.1351117557228343,0.07385673251612343
85,0.5,0.5115891818336532,0.563433773436989,0.15596344759223843,-0.00842482478783979
86,0.5,0.4022644495789038,0.5811904386591562,0.23713478089667583,-0.1996302559170059
87,0.5,0.616668466471439,0.7870979215964171,0.19721680821607598,-0.09124505100609323
88,0.5,0.5062623209812953,0.6423928469497052,0.11635210353455205,-0.18817262453769246
89,0.5,0.6638045515957676,0.7125204489027532,-0.06224219881573149,-0.20302084066848636
90,0.5,0.37478480878888343,0.4838791286548815,0.15717757438609056,-0.04843098746307476
91,0.5,0.45953667754575844,0.4966107172854469,-0.070792986175673,-0.12421381778420248
92,0.5,0.5203914700996433,0.475948766346114,-0.02379258064358413,0.05439278217809962
93,0.5,0.45618671867351346,0.3264600816628471,-0.17794433720616382,0.10837428171367802
94,0.5,0.6154132196706279,0.696135369557072,0.1452957103605813,-0.0018210203367717837
95,0.5,0.6354796629424388,0.8514019954055932,0.22215906737273386,-0.2507763089799486
96,0.5,0.6338816218378971,1.1447383262496804,0.46292750833152196,-0.33707857764657745
97,0.5,0.417473693850819,0.4340840778456968,-0.0008607772091368121,-0.048834979218126184
98,0.5,0.552106925530196,0.730965740877081,0.08483194142324135,-0.3014038816891254
99,0.5,0.4557723210640445,0.4738820961207998,0.040593446814776286,-0.006308033558578563
100,0.5,0.3520803004720322,0.5906710111493414,0.2130511011052864,-0.2603673260262118
101,0.5,0.7275227754945359,0.5923408767672932,-0.12549046912205175,0.19093472300382985
102,0.5,0.501445519782137,0.4135291360533417,-0.10374917013325641,0.12170145343635264
103,0.5,0.39234136931175295,0.4506066574146267,0.17794190067358728,0.04534444446024011
104,0.5,0.40801702222416014,0.6603259741721941,0.22600630897631968,-0.1856927539685388
105,0.5,0.564145633991347,0.7110399814802423,0.15498652425178255,-0.12893838972673244
106,0.5,0.4415753253590795,0.5091547198491622,0.0743035785785573,-0.08946995142738721
107,0.5,0.5716661137189364,0.5424913369598503,-0.04881600634929787,0.016390228089191106
108,0.5,0.43519861412324906,0.48853304008936543,0.022517014533494792,-0.06950323241083778
109,0.5,0.4374358911828239,0.4981401861017213,0.047961351472422614,-0.11995036888850828
110,0.5,0.4833175418654174,0.5923778513408484,0.13894847352964326,-0.11594751378828981
111,0.5,0.5121532985296109,0.6012671132612707,0.13938755574711936,-0.09172626720498722
112,0.5,0.5259877246198937,0.43513100641567914,-0.06684531931315839,0.14927798319789243
113,0.5,0.47645896042861663,0.7552011155811814,0.3025309484372441,-0.25654579475657713
114,0.5,0.36995287865590426,0.3417130959884508,-0.11014601448975736,-0.021397385807762292
115,0.5,0.41492608053464647,0.4171517788797821,0.03358270013452595,0.025642876493141786
116,0.5,0.6061138216868146,0.7632728645525207,0.22555508643797112,-0.16383939112984014
117,0.5,0.4506562271495051,0.5131410988279012,0.06301517588606492,-0.05180071899793626
118,0.5,0.5492962784152802,0.3024796179827973,-0.06950624614172318,0.3462472178658711
119,0.5,0.46175385676375275,0.523623850220654,0.17385221093386,0.053543976279891714
120,0.5,0.42001520923003555,0.4057243968875476,0.0001741755351569686,0.05046623147089213
121,0.5,0.45170997556685966,0.4511530024047343,-0.032426985679675085,-0.019892496792246916
122,0.5,0.4360635660407716,0.3223356815132629,-0.07808761853483437,0.11742707755367332
123,0.5,0.4792629046153265,0.3107740875963569,-0.22225410184695052,0.18005370368587825
124,0.5,0.675960836788972,0.5708978643146746,-0.12910410778620374,0.10418724297838233
125,0.5,0.5283409942228916,0.42871733129355194,-0.04955339718825502,0.13816467581506725
126,0.5,0.46895703585134635,0.4444216603624579,-0.03219835342177531,0.03271119042561854
127,0.5,0.5157664734096414,0.6493989932822866,0.14765753748225893,-0.147983784834959
128,0.5,0.36648208790376724,0.33943151987405373,-0.13231760725590708,-0.0755316610461445
129,0.5,0.714463362960728,0.7480328123559409,-0.022797027518386675,-0.11712956631785221
130,0.5,0.28986391586717947,0.34155244946371266,0.11647242051216376,0.0024479941548910533
131,0.5,0.41007822268285404,0.36982152438139687,-0.046434247603882754,0.031422548292471264
132,0.5,0.5511022041728718,0.5843246154386057,0.022705071182829953,-0.034299839227042606
133,0.5,0.591848870817315,0.5982661684459958,-0.06667713748142799,-0.07993144356762598
134,0.5,0.7720720412943656,0.6785421085033551,-0.10294699608376831,0.08536323161228132
135,0.5,0.44876807644515987,0.3542163868659904,-0.054310850250631,0.2129957103656711
136,0.5,0.5265673052287299,0.5546824293142041,0.016210068546449956,-0.049569274448890366
137,0.5,0.5624316759129583,0.5761701881887792,0.022989386715963386,-0.01434923652338825
138,0.5,0.4548247807788304,0.4425507487981064,-0.08068496012119071,-0.0664045284732485
139,0.5,0.40060179427533416,0.33983931610639373,-0.026240955413405098,0.17411577392006913
140,0.5,0.5463271918750561,0.47323298195723856,-0.0772320179948253,0.05711565925301165
141,0.5,0.4926668789231942,0.601065018932396,0.04853954701537909,-0.19852199433130369
142,0.5,0.4444689328726492,0.4532042979501816,0.04983234698885588,0.01772238932426008
143,0.5,0.43663912763592616,0.3781769417931084,0.0456699285351842,0.14212400751653165
144,0.5,0.47033555772132163,0.5019179988117715,0.12417048712858375,0.04216087023868487
145,0.5,0.5690011361603152,0.5889199153732634,0.03491833432845046,-0.006548850035990039
146,0.5,0.6456134407488077,0.44924589142676785,-0.4125459644743026,0.10835074298646297
147,0.5,0.4934815338277444,0.5351935060048877,0.13690512374654104,-0.004460773152489272
148,0.5,0.5151419904014807,0.3550943190163656,-0.1452342819990704,0.1644120843054957
149,0.5,0.4701595947788286,0.42214877270773243,-0.060129000600111455,0.07447716760524992
150,0.5,0.3881568703159144,0.35740948132284633,-0.05214822475165033,-0.0016556739508746254
151,0.5,0.3450926050885953,0.46008865553129097,0.14869760709879667,-0.14648774979187063
152,0.5,0.5772946896170512,0.5648492338384309,-0.06553613757521458,-0.051800872543261156
153,0.5,0.42215528874387476,0.4859784247683265,0.05477363526950617,-0.09331189205037704
154,0.5,0.4748307826266779,0.6274105246288605,0.1280093886157534,-0.24197450886479954
155,0.5,0.4822702681376283,0.3820621326653367,-0.12517781459900154,0.08295294717547927
156,0.5,0.5827138449551225,0.6593214176606339,0.09450180987029944,-0.06512554519001942
157,0.5,0.37888612987616943,0.212290782990164,-0.23077064975424438,0.23095618194113443
158,0.5,0.4337975117798209,0.5643632245310402,0.18873879311457484,-0.05251563611583654
159,0.5,0.5082414147028101,0.5709402583081378,0.06387919329655055,-0.11853758142391158
160,0.5,0.5425084318443428,0.5943340349490609,0.13774360253727636,0.017480808311769114
161,0.5,0.6871874324753313,0.526870223080532,-0.1648896873689411,0.13108369345456636
162,0.5,0.6874290384011903,0.7675371118792522,0.16555039976183472,-0.02714288489005435
163,0.5,0.5056133620689901,0.5750417657487377,0.17353059102988844,0.060461314127924416
164,0.5,0.5547049601466485,0.6525298172182605,0.1587900866076089,-0.062211455647256705
165,0.5,0.4726544851655661,0.3946240709555522,-0.040179191953798266,0.13739810595540514
166,0.5,0.3223379716745551,0.33408806323148005,-0.008062985877499115,-0.03246367579887322
167,0.5,0.4969944098761772,0.383582957664806,-0.15204303794762972,0.1192331631394099
168,0.5,0.4683883767300725,0.34946890258568863,-0.19775397173075415,0.06563632240468631
169,0.5,0.4610976039751268,0.4793424948698069,0.047461902465420105,0.007163227001126043
170,0.5,0.6568146632304724,0.5325504414324224,-0.11177238507925677,0.13720501784883252
171,0.5,0.6175503914212574,0.7733876094356649,0.26847680041554467,-0.08926249233445194
172,0.5,0.39538036779415187,0.45607890828403974,0.16953044222344313,0.033832678052631904
173,0.5,0.3713242509242049,0.39742419226067055,-0.010275789111770683,-0.08253077609815063
174,0.5,0.496733680053422,0.5100966618957875,0.032269306488238135,-0.011560575778703619
175,0.5,0.4516494962330859,0.5559356712410066,0.1730172425749011,-0.026419198608717775
176,0.5,0.48671175794423993,0.47712548315501974,-0.03635339036548083,-0.01784961563866494
177,0.5,0.47563417195883506,0.5384559383395925,-0.06519957445136534,-0.167230913677755
178,0.5,0.421554629444203,0.4653260556399353,0.08937000684922367,-0.025964395878903423
179,0.5,0.5523643617581875,0.5348652770750695,-0.049065754945131115,0.004348936416739946
180,0.5,0.5898605915897307,0.5641926796144217,-0.01601384763245836,0.04538184962132774
181,0.5,0.454998854138132,0.5731572569368618,0.13380140412452363,-0.20807084359145067
182,0.5,0.2958501469370005,0.23500331073479816,-0.14819763555586776,-0.01721934801068903
183,0.5,0.6036728019244152,0.3681970202909908,-0.16250469540643042,0.4004079200356468
184,0.5,0.6470234511321536,0.7332788542550762,0.12306807345364701,-0.08147460578616716
185,0.5,0.5270103400249734,0.513066491473368,0.010398566493974026,0.04968041216531027
186,0.5,0.4489906254945931,0.292099254627244,-0.25029315010343844,0.08578577120095841
187,0.5,0.6081207748704907,0.7475017750490257,0.13180976441935952,-0.1271331485305924
188,0.5,0.5500580023913131,0.496832221981251,-0.0675134060826636,0.0730525610653493
189,0.5,0.5688845269637381,0.5434731144978502,-0.10461988506739087,-0.058481853022406716
190,0.5,0.5554247346281559,0.7411918435724796,0.1940892240333447,-0.1840262266101675
191,0.5,0.4188961653740436,0.3633430360004303,-0.1007649224991372,0.018355442380754816
192,0.5,0.2479571167805965,0.26495980379343126,0.09153518950633383,0.06673429727668444
193,0.5,0.5052376208299088,0.5872695432977397,0.15787861516244228,-0.009156726151652528
194,0.5,0.4041986905240955,0.4460001128652258,0.07425726045181737,-0.0192014392602774
195,0.5,0.3880443564316235,0.39941299761696236,0.07385423945824332,0.05618679445840495
196,0.5,0.2768926419392259,0.13153276735132993,-0.2416743633644672,0.05515390267411697
197,0.5,0.5267904135872262,0.5538055897406113,-0.07368138431469562,-0.10748761090749581
198,0.5,0.38410194559131605,0.3898763350249814,-0.04568596268496916,-0.04331543237698978
199,0.5,0.45392546334845096,0.36027375100555037,-0.15869584456959976,0.0341901461200963
200,0.5,0.44431798025313207,0.43364865628796145,-0.08653044622294803,-0.04337611480522097
201,0.5,0.5415087527018098,0.5312275066887233,0.004319502681611298,0.024926859312028093
202,0.5,0.35954573088673547,0.21639203920355954,-0.18643630620613275,0.15722109727180666
203,0.5,0.3869197013744712,0.31118726400336505,-0.14211915002726472,0.017291817715348157
204,0.5,0.5997091150807844,0.7182251370242667,0.09305309343698931,-0.15387440284599632
205,0.5,0.4001274452406641,0.32921974263966675,-0.12323940808627817,0.038654564433642014
206,0.5,0.4106638037019915,0.43641056075620915,0.13687367553050472,0.04129700378081691
207,0.5,0.5032303378295613,0.5848459682257804,0.1291963799825484,-0.09779344143140441
208,0.5,0.5651652259832105,0.48856166906702014,-0.10131901174333441,0.07794272567946535
209,0.5,0.5323041150119938,0.4738495040627428,-0.0749668869365633,0.05942083436924749
210,0.5,0.485615591040912,0.5263886420981738,0.061644087066935,-0.034966404914257954
211,0.5,0.5761658557505289,0.6764238560637732,0.11911608164174366,-0.09845787296279851
212,0.5,0.2631762272162504,0.3164194226884465,0.08040665580287681,-0.0514579276125362
213,0.5,0.38282909045827024,0.35055500366267744,-0.04761070364124842,0.02457314626442375
214,0.5,0.45297631435930197,0.41007741798760616,-0.07457043893397365,-0.005883183238550305
215,0.5,0.48757572432922225,0.5591908583589477,0.12063754393174983,-0.06987778981076997
216,0.5,0.4220759123647929,0.5401438880421002,0.05051275046764048,-0.22696109484643928
217,0.5,0.44207002420117814,0.4850503185008956,0.056055073068604855,-0.0265347213745325
218,0.5,0.515968462235068,0.6005400924337858,0.055039424522604644,-0.12089978147045977
219,0.5,0.508946583101926,0.4951205788155256,-0.0022573897324473097,0.03160508172446708
220,0.5,0.5100487710771084,0.36419762185686344,-0.12691507954295722,0.19738308607702998
221,0.5,0.484120361175933,0.35681571783177835,-0.12605461867990775,0.1803892319305579
222,0.5,0.5469556879458294,0.5133840785365897,-0.12037987247766414,-0.043807217464220116
223,0.5,0.31847979003819404,0.28700818828537417,-0.06002150119756949,0.003219997227099311
224,0.5,0.486318452492594,0.5662851274196451,0.20212666850513739,-0.012389734061005298
225,0.5,0.5398274178727015,0.5886091393824505,0.116178704267481,0.017061892962001557
226,0.5,0.6005426332403299,0.6565221178390594,0.06970867445749555,-0.09245223455361051
227,0.5,0.4060913672286149,0.41234214535032976,0.012205706543374266,0.00279305146997455
228,0.5,0.4799557812858387,0.6634604794421965,0.0575513643139995,-0.2448763031707042
229,0.5,0.5405609100530762,0.5954324300635868,0.04464148348730203,-0.04414617655681618
230,0.5,0.5694607308915142,0.5177379913383553,-0.049375182900324346,0.04916527177653762
231,0.5,0.5642964996974011,0.5064873197152331,-0.09674575744229764,0.005845096268563767
232,0.5,0.23717562873625223,0.04649432836419966,-0.2219977338752165,0.26213748592815017
233,0.5,0.5927019893949971,0.5004778873861147,0.0058865688780979225,0.20103464779432378
234,0.5,0.510562845301622,0.5938258603982599,0.019018049433072393,-0.153384204213874
235,0.5,0.39590136850109403,0.3311380493082406,-0.06960389781177051,0.07960352386932834
236,0.5,0.5811345347034428,0.4904832444832273,-0.11751958565103403,0.09509798423909344
237,0.5,0.403304164275305,0.3816509765548696,-0.06117683948949144,-0.0029107309198005225
238,0.5,0.6285366927926329,0.7868286025250403,0.08259624423971607,-0.288378195261328
239,0.5,0.6100642712450389,0.4526941070762189,-0.1319942917408677,0.16617678526818488
240,0.5,0.5597369260867714,0.700143824009131,0.09708365776486572,-0.19707459825100207
241,0.5,0.4140834985243081,0.38291621172730234,-0.1201787699069422,-0.025196275346531127
242,0.5,0.5056806937760583,0.578915225802535,0.05207505940356168,-0.09478923624933466
243,0.5,0.6536396847188375,0.8777840143946785,0.15572690459322963,-0.31920880854426215
244,0.5,0.45789447921303844,0.5834134602102714,0.20740161804875254,-0.07203604615397036
245,0.5,0.39708214385084384,0.5938517736906512,0.2426020334559671,-0.16809070923358105
246,0.5,0.3539647877193763,0.4841515083228325,0.12553828120795893,-0.13873987346334093
247,0.5,0.6287816946979843,0.6504577489203579,0.07919096463710665,0.030861343914480366
248,0.5,0.32490027188740994,0.2557396298014121,-0.03665011665989086,0.12408581492635118
249,0.5,0.48670353391436205,0.503390144865684,-0.0030122063476479143,-0.05596366874462521
250,0.5,0.6644333259592308,0.7237275203043065,0.12093731393136646,0.023717109313904694
251,0.5,0.4961686509015542,0.5292865527778607,0.22806180322972094,0.11012666415552075
252,0.5,0.450044646508554,0.3915272694231963,-0.05520154399952619,0.08802466918175256
253,0.5,0.32603388660015264,0.05041449671832894,-0.24500247896917549,0.14489507178434968
254,0.5,0.6787359213767334,0.8068603732929024,0.03773993238401945,-0.17513767218008192
255,0.5,0.4487309926159922,0.45328893134179127,-0.05600529489531636,-0.05021171974439599
256,0.5,0.42648405972913234,0.5672216376947966,0.13101323711820478,-0.15305239903295187
257,0.5,0.369835887875476,0.4003448361446911,0.014314471978021825,-0.06856071087352548
258,0.5,0.5510164020235527,0.5353230802895971,0.006072088103217466,0.0460149837675811
259,0.5,0.619722714114608,0.5039725808477896,-0.12024154055171929,0.18676596845702753
260,0.5,0.45251733553895906,0.2101642230611768,-0.2436757773839778,0.21655640283415944
261,0.5,0.5173983935857224,0.3398404234242944,-0.06269681267471162,0.3114902418665395
262,0.5,0.45719716373758607,0.4756871239643716,0.05912246804809333,0.011642791207359116
263,0.5,0.5333695080007068,0.4340981297086918,-0.10754295048701022,0.15077069362366646
264,0.5,0.6326480342041612,0.45985680770119913,-0.11094781418087114,0.21656302813562722
265,0.5,0.6119170679115714,0.6011965383257516,-0.06181173981223553,-0.03745779672459218
266,0.5,0.4763347376940317,0.34650802713766826,-0.13014021898981606,0.16304522982204128
267,0.5,0.5593748645038291,0.5727772172737494,0.006091999806460472,-0.0415993150303553
268,0.5,0.39304706470768574,0.2907632595107845,-0.034134183640706334,0.18741256998380096
269,0.5,0.47824804108136076,0.5387394578342076,0.11853417032356364,-0.017821715003050513
270,0.5,0.3992916431091093,0.3921581137607648,-0.07569440147046567,-0.03468586823498421
271,0.5,0.47304091666925374,0.3299310734018215,-0.0781040152731558,0.16577607501239597
272,0.5,0.44255531456696934,0.556196016600521,0.0748742762405119,-0.24267030562199832
273,0.5,0.40775257582640867,0.33803252774705894,-0.13024559502512556,-0.015445228713335202
274,0.5,0.768001586015676,0.6664758344698751,-0.09421633510817837,0.11254146561551759
275,0.5,0.5703311748841173,0.5397117139336447,-0.016176457674906594,0.04077788990508302
276,0.5,0.4132061564788947,0.3200259773841048,-0.12161359223403218,0.07892921340608827
277,0.5,0.4909470601627115,0.6011914762106073,0.17449036480757182,-0.08755778440173234
278,0.5,0.5900857148149938,0.769337600874713,0.050101086039251674,-0.23692063592083923
279,0.5,0.5153879710540149,0.5073572465568182,-0.005667308147297545,0.014111070979912918
280,0.5,0.5191470700480992,0.5296630515167265,-0.007475744102720033,-0.028594347369784723
281,0.5,0.4908682282116562,0.3585156155341448,-0.06712786024666666,0.2576041202773739
282,0.5,0.5054638186464115,0.4048627908692823,0.03507737514993152,0.19452518087104737
283,0.5,0.6707123941530396,0.5821413384070219,-0.02177110022950944,0.17124477380275738
284,0.5,0.40742544454098784,0.2817152178073206,-0.26401743840200637,0.08198953967789357
285,0.5,0.6319263726269837,0.8898919732447184,0.19921528653964618,-0.24876406007373997
286,0.5,0.44144654015867585,0.41704182231900444,0.027738769354595034,0.08042340034025995
287,0.5,0.5297648774583934,0.4925195732605368,-0.05670355923968378,0.021436885253942384
288,0.5,0.5396630046230396,0.7071913144752275,0.11418142573671479,-0.2406219692311727
289,0.5,0.8058895410626559,0.9287011383813217,0.14944500211135373,-0.12637853487281547
290,0.5,0.622182171957151,0.5019908889801523,-0.09781962233072437,0.09095457161017384
291,0.5,0.5376075655680091,0.6247115659462474,0.04866228634102479,-0.10530649480136534
292,0.5,0.4572096460638275,0.6033249377824156,0.18900434513943776,-0.14830821288024018
293,0.5,0.4014749595172263,0.2859873162272247,-0.1788524575948222,0.11932861264684302
294,0.5,0.5782379253372831,0.16819336095258486,-0.40605256738336715,0.28411004388317895
295,0.5,0.4700989464351798,0.5660553451416874,0.07351140943023196,-0.15716030046307639
296,0.5,0.40713418098622023,0.4477965904439446,0.089788067250341,-0.021095763494428432
297,0.5,0.49784642195537127,0.3194993378906172,-0.09264321373490134,0.27129384977367665
298,0.5,0.5373387809881068,0.4181765464130628,-0.10891055206502695,0.18778704479437092
299,0.5,0.3264913612613708,0.415324320138718,0.09807518971805645,-0.03650720578324451
300,0.5,0.4706963151538407,0.5392986441551302,0.0976133342257967,-0.04671056931730333
301,0.5,0.43000418274959107,0.5433048253694349,0.163544356477632,-0.06405678465980047
302,0.5,0.4211654347238948,0.40191675727422593,-0.1271304495037862,-0.087177130982528
303,0.5,0.5714754534711554,0.6214098555070129,0.04300587149609238,-0.06867574947939059
304,0.5,0.5090624585059276,0.41696599250472255,0.01576630189747448,0.20483441628709187
305,0.5,0.5127195560815032,0.4485707959164979,-0.13320955294996564,-0.003587509662907662
306,0.5,0.35504207214490224,0.3212468343557212,-0.039932809706753156,0.019338138464169763
307,0.5,0.4282256734558886,0.24002405689524053,-0.24511469167510702,0.23104371235780896
308,0.5,0.44733446496887536,0.5361841905888829,0.12054630082867915,-0.05468657789881415
309,0.5,0.48536429097481204,0.3988198619799609,-0.08426630243370122,0.10836524425988658
310,0.5,0.5680432846090993,0.6185863518095238,0.1041416785099531,-0.023086641544250996
311,0.5,0.5734821035142722,0.5648646363903931,0.001314905304602959,0.02253311173088679
312,0.5,0.5493620562606162,0.5836412537766805,0.05690826589590334,-0.0343921766991675
313,0.5,0.4792787118595292,0.4686994946744709,-0.10075362693112351,-0.05154282022130885
314,0.5,0.5005962334456413,0.4698950436675256,0.1223581062344046,0.11886084449730594
315,0.5,0.49460900859668666,0.5257754203006699,-0.09015186116737092,-0.1494715553226892
316,0.5,0.38750350663536814,0.43903792026119803,0.06290379478659858,-0.03711613235804817
317,0.5,0.31965377587205723,0.2805914021493041,-0.04887253008681358,0.04604478686065684
318,0.5,0.6287190944960208,0.6185572874067389,-0.017751182418732858,-0.009561519723839396
319,0.5,0.42451533079046233,0.3121945177486548,-0.09469872980718774,0.14322940686181093
320,0.5,0.3926738662641778,0.4095698330071668,0.03148466788343318,-0.011721799109312148
321,0.5,0.5737459666968665,0.5590074443068446,0.020283184344385,0.06292379476103072
322,0.5,0.5375667137617107,0.5889601132572435,0.08709732900086557,-0.07643304620882083
323,0.5,0.43861964154504185,0.4539232205983119,-0.053375320931265416,-0.10264736522825513
324,0.5,0.5361686121008371,0.5286502863791311,0.07564517216506379,0.10445232117751355
325,0.5,0.41825267167808755,0.467935791690489,-0.0026417801926473528,-0.137950026456227
326,0.5,0.5486611154089615,0.4359502849552303,-0.19901070720143696,0.08190303390588816
327,0.5,0.44526722872195923,0.5147935423095376,-0.040317697660644844,-0.1963161518963897
328,0.5,0.5816194589145434,0.5246504735120119,0.020103151359044072,0.17101686535800997
329,0.5,0.656704811747416,0.658913816016956,0.02849238539667652,0.026912056863860556
330,0.5,0.49058426850516296,0.43290194341168015,-0.1096297241341132,0.02401961675815778
331,0.5,0.34098195609665827,0.22278501419571822,-0.12348263178976478,0.16690884222546606
332,0.5,0.4516731629649182,0.4354222836617172,0.09364588147383535,0.14158497549461732
333,0.5,0.5090564940254573,0.2853956279514999,-0.19240101090630712,0.2990216555701667
334,0.5,0.5348185108314917,0.5285127048293436,0.06421807702086711,0.06878123199132713
335,0.5,0.48448820709925455,0.3779109173586531,-0.09459479951973457,0.13532889513100665
336,0.5,0.5429398011762463,0.8280723871631789,0.3141182664745665,-0.36802538208599156
337,0.5,0.7227615939267122,0.7610190357302085,0.02408676242962948,-0.049358160527974454
338,0.5,0.4709507634122354,0.7522086027001752,0.24284276031444732,-0.2932861496538397
339,0.5,0.7133159463119207,0.9021176891478911,0.1161134143458058,-0.20875476196960058
340,0.5,0.41256697418091814,0.3597258047293153,0.013093672610336643,0.1761751773314466
341,0.5,0.6820812873342411,0.6155879042975435,0.007449173351665936,0.15046241333810062
342,0.5,0.41231614995182786,0.33241413522360896,-0.09982579904376895,0.06766168703764841
343,0.5,0.3649602209580097,0.33759440620102693,0.036781445822606826,0.10040306484184558
344,0.5,0.6078870415996803,0.6786883827886332,0.1563760230335604,-0.039901766967211934
345,0.5,0.5995436936771256,0.6558318578498137,0.11955402757847412,-0.00862129504208009
346,0.5,0.5708057557969659,0.5895154184383951,-0.05733616599893021,-0.08415831697810301
347,0.5,0.5221046792242113,0.6793117947542189,0.15550406588305923,-0.15843947786593912
348,0.5,0.5686616088633917,0.8278013850085195,0.25071006561950065,-0.1458041946756139
349,0.5,0.5287839838144446,0.5281920847133018,0.001970870837563499,0.011208677833050018
350,0.5,0.5094864595175663,0.5693470223781995,-0.007298868408008737,-0.15311040718303634
351,0.5,0.6430574444724546,0.7292693429956555,0.09886990201910584,-0.06755175567003478
352,0.5,0.49351547804591067,0.6632365900535333,0.14825249560602832,-0.2340135112188911
353,0.5,0.5078244168129488,0.296905361789503,-0.18309642695575518,0.14472102737112158
354,0.5,0.4707360006794416,0.40723429316651455,-0.06453440710099384,0.059881053411322216
355,0.5,0.5073226851541217,0.3598517756628399,-0.25415918416024497,0.048058789034039595
356,0.5,0.5467946030728661,0.5682721276248772,-0.042129963946576914,-0.08825785759416016
357,0.5,0.4896136559647192,0.5064267263693094,0.06688773842827972,0.02456111466033528
358,0.5,0.5021835184122618,0.5536084711248954,0.08165995022916861,-0.04036794962022646
359,0.5,0.5933111934806514,0.715665002738007,0.062330097732529385,-0.20865491260951674
360,0.5,0.5318613282564444,0.5078606709325738,-0.03162828085367207,0.010179944628892601
361,0.5,0.6438122563902153,0.6550834467392349,-0.02013818251518562,-0.04042010233518851
362,0.5,0.48923991019216073,0.499373469337163,0.0499355762194621,0.027621993840381887
363,0.5,0.4473045083034964,0.43347608509177393,0.027314817643384712,0.06998310035450173
364,0.5,0.4856727290522275,0.44762340167918446,-0.04224533683245735,0.0353801371668139
365,0.5,0.4165986885452767,0.26883531432161645,-0.11953790389084462,0.18737237265476123
366,0.5,0.3320925340419069,0.34203088266550025,-0.016949866860284157,-0.04355859794202677
367,0.5,0.4256895209903157,0.591612608568548,0.18616511369942368,-0.171432718962064
368,0.5,0.465084707006706,0.4119550618965022,-0.07535322287143614,0.03607903466068174
369,0.5,0.5148630889229121,0.42596384826662603,-0.16588298982477048,0.06955466312618352
370,0.5,0.46875295341476564,0.5598290068017548,0.20267797561098688,-0.004396303080376765
371,0.5,0.5875979820939098,0.5739340881736092,0.07854728294397764,0.09416177322101649
372,0.5,0.592903006924901,0.5952062783308528,-0.0006656190407620249,-0.01776416019635163
373,0.5,0.46914123553021037,0.5438943474257455,0.03414068309551288,-0.1581359342776495
374,0.5,0.5238995864673198,0.5002703389643746,-0.06975477710902567,-0.026133490639972612
375,0.5,0.43660483139367157,0.35692834818483843,-0.09943496551678338,0.05366068508431465
376,0.5,0.4466822405320948,0.3678712391704429,-0.09051925609623904,0.059629954392588336
377,0.5,0.539856481895573,0.4238453981994711,-0.16106369974331147,0.10963897654669885
378,0.5,0.5034974931599806,0.5202795633224321,0.03233333198331945,-0.011041208079792017
379,0.5,0.6129996246125011,0.46253412461265425,-0.02478419305070055,0.2420183837550125
380,0.5,0.41742619266144926,0.5017293587247578,0.04713080733963143,-0.17444442100571034
381,0.5,0.5526182802076656,0.43718601057490947,-0.1903678212767139,0.11829389158537162
382,0.5,0.6870493089280847,0.861184186011112,0.18081309989714256,-0.2019151115218314
383,0.5,0.47727425995421785,0.5878659127480692,0.034836891304904596,-0.1906990134447657
384,0.5,0.44609420395333654,0.4957620613319361,-0.006147835372063551,-0.09695670774252707
385,0.5,0.510071119331106,0.25402937153159894,-0.3221829721361482,0.2921756434634901
386,0.5,0.6666841631584084,0.5860638584448897,-0.017079613597335327,0.16323946070448236
387,0.5,0.7748420174308763,0.8214641031924996,0.023276373806591193,-0.1127339194527659
388,0.5,0.5134756804486079,0.650104865640027,0.17479874064579248,-0.0952600571829391
389,0.5,0.6201818113014886,0.7550243986997262,0.20153760264485832,-0.15316690138500064
390,0.5,0.5487748410234035,0.6277613864736018,0.10573047988455683,-0.08489084353438259
391,0.5,0.5275580924950242,0.6085058183437194,0.14919221303573177,-0.023016912271177414
392,0.5,0.46576490532285697,0.2852295925059348,-0.14164458473559077,0.20975415176081258
393,0.5,0.5417187544425399,0.5856593200185212,-0.02025338223548462,-0.11200524761353181
394,0.5,0.37224554186146364,0.4510044121637644,0.19665118962163197,0.03346060151075425
395,0.5,0.4755179244048135,0.5395873884224893,0.16110092917935057,0.00193115083082529
396,0.5,0.5882482968122666,0.7046145650725516,0.17435725723308979,-0.06562314249090173
397,0.5,0.43703983816541564,0.41951720243122287,-0.05301177737249773,-0.016763947297662715
398,0.5,0.5937661446450293,0.538397010612187,0.1090421517849971,0.17962571162768645
399,0.5,0.4842724021220563,0.4038305280925557,-0.09361893068959704,0.13270191930982655
400,0.5,0.4420624772945482,0.5785454963424652,0.14414795233366307,-0.1464662414237765
401,0.5,0.5439442050768855,0.5007526876839647,-0.021954009900701565,0.09406582691702547
402,0.5,0.4644508652120959,0.5734672364399481,0.13593295393387375,-0.10950791409702818
403,0.5,0.4505183479790528,0.4872983197295545,0.0062784454713622935,-0.06254691056831573
404,0.5,0.5747628409790817,0.46662574740202595,-0.0822750098017957,0.1497844262209086
405,0.5,0.4852416408774516,0.4973554023904879,0.03116211187575796,-0.01092226929222151
406,0.5,0.5246052331304304,0.36678493244727495,-0.18695694210161673,0.1575926692877826
407,0.5,0.46304133186482505,0.565625868855441,0.25126989218818196,0.03648376361087413
408,0.5,0.34612783950653003,0.3390626812683959,-0.030350978824720043,-0.013557961088310422
409,0.5,0.4550945081147397,0.6092202907951584,0.08730674192961474,-0.23208780304246002
410,0.5,0.6026155889527876,0.5588090700309574,-0.05433832327798074,0.05137725544216909
411,0.5,0.3835186981348383,0.303840970590006,-0.05568221569502141,0.10089274025312023
412,0.5,0.46516005816504896,0.5962305434838023,0.32421401290514507,-0.0049090570630869745
413,0.5,0.34073973894878556,0.442703003476991,0.05378960055044313,-0.16299602669107252
414,0.5,0.5495804830203992,0.6231682131286915,0.028965448260369422,-0.1261129254309199
415,0.5,0.5446568965857772,0.4511207742153126,-0.008757744679275382,0.13887675334884741
416,0.5,0.37015988983054454,0.19095754041280066,-0.23293050540728133,0.06907043024790227
417,0.5,0.4926980894601442,0.4263555190368943,-0.048011656229012406,0.1544457968342562
418,0.5,0.47505908403977215,0.5645527713955271,0.04791384649747201,-0.13941629273034428
419,0.5,0.5371043637339762,0.6365118788357343,0.08510408938821479,-0.14931494941220036
420,0.5,0.3706114479051703,0.5307374471233346,0.18103932883439236,-0.11024842695456338
421,0.5,0.592192351999276,0.5856734782036145,-0.022379571694591288,-0.015156340187633788
422,0.5,0.5961086124990618,0.5039493057388568,-0.13488512083369758,0.05548944915293552
423,0.5,0.46197565560375553,0.4582922555448722,0.030088817063896153,0.03321974018593088
424,0.5,0.5247672329294578,0.44832660786126427,-0.10610715214009536,0.06705057987519902
425,0.5,0.5792881976392438,0.41218035197206104,-0.1096453252178302,0.2621061960214852
426,0.5,0.34415367464583,0.19927669117478758,-0.06456289275065255,0.2784442812746839
427,0.5,0.5333655493623047,0.7891748806919148,0.23216616178790747,-0.3366591987234451
428,0.5,0.5451137119928777,0.5272320758289077,-0.055275979413851095,-0.006394132770230007
429,0.5,0.5539095223047961,0.624991094536955,0.1465924837098897,0.0055257289270508325
430,0.5,0.36775939659131274,0.37405082579319787,0.020277447489192107,0.003099602605384666
431,0.5,0.41494299972469995,0.6385285541630279,0.27612774982928046,-0.09805733590568688
432,0.5,0.4322257625983428,0.28218239352879937,-0.19864786458928535,0.15963811910373105
433,0.5,0.44825583029920135,0.498520050171394,0.10371237145476883,0.003058079086302179
434,0.5,0.2627129938116524,0.25335225286776186,0.04229205775580702,0.12386161101988594
435,0.5,0.607444843623375,0.7016788104952209,0.09137466784696481,-0.12557965768038234
436,0.5,0.43060873208596506,0.2715293482849499,-0.27933634389003115,0.002724977099581999
437,0.5,0.38748403438317336,0.45442189069568223,-0.007488284877292429,-0.15417800248510302
438,0.5,0.436474426281005,0.46649224037788,-0.05026369509027541,-0.1244934980890896
439,0.5,0.6626747372296147,0.7649825880969937,0.11626241764272338,-0.10926532513445508
440,0.5,0.5530121911736215,0.5585907651554999,0.017476348052237523,-0.008457688342214269
441,0.5,0.39817023804368534,0.3711182605680382,-0.0928075905175007,-0.02449634991667271
442,0.5,0.39919087737762193,0.26273021429528576,-0.08109462006491773,0.17241307838068554
443,0.5,0.6154027946403698,0.6571630997179907,0.051837099049167557,-0.0467980472461669
444,0.5,0.5519800015241092,0.31535776409975386,-0.3099443736134605,0.1620431230206456
445,0.5,0.5240870676285889,0.37415484051706804,-0.22816385620661417,0.1591752270465751
446,0.5,0.36395839125782564,0.4839042862104979,0.19161878271170318,-0.07837170886469247
447,0.5,0.36273820621200603,0.3061180910196646,-0.06005348132585936,0.07507687612914103
448,0.5,0.5106161415205992,0.3847103808101916,-0.187529021120112,0.02662404644978489
449,0.5,0.27407062725753795,0.22307592181608046,-0.03040058497830908,0.07399850470772074
450,0.5,0.5843533474079873,0.5891291267389964,0.001258273977785441,-0.016821397976547026
451,0.5,0.5155202662182299,0.5474333590139295,0.01859539110696451,-0.05654147739098961
452,0.5,0.43294753769718686,0.6232889438424921,0.1267239682427309,-0.253814964015762
453,0.5,0.4251518638504233,0.46530653791628973,0.0008209288227860045,-0.1051328645700047
454,0.5,0.6089894208359992,0.4836837702583076,-0.1712753317706039,0.14069480151432298
455,0.5,0.545745367610842,0.5607040308214865,0.01748876754020045,-0.010572822176452317
456,0.5,0.46158634968532913,0.5635849504233362,0.055403719352357994,-0.1379499708183269
457,0.5,0.5533864616576671,0.579993491099489,-0.009058879652039664,-0.053587425253209704
458,0.5,0.3751336494980794,0.5126607964575393,0.21632108968147015,-0.17915192841407235
459,0.5,0.5434982391303894,0.5241651874022698,-0.021652505096612984,0.02227006749668603
460,0.5,0.5829033007011726,0.5816282638038264,-0.01297943077386396,-0.01587403038292301
461,0.5,0.6426137488475205,0.5886266235372034,0.058423220689275836,0.16382590567224553
462,0.5,0.7769569148342581,0.8547905927484932,0.13022311651037577,-0.06623958942123054
463,0.5,0.5332072226208108,0.465818985575541,-0.09746744699461152,0.0257808547718803
464,0.5,0.4413322949693208,0.5234446320058533,0.0765719037467771,-0.11574990172245037
465,0.5,0.614710470455872,0.5539130996318558,-0.04032205274376846,0.09290887528385938
466,0.5,0.4458007626829788,0.6131413477508812,0.25687243789100633,-0.0038228226676441227
467,0.5,0.5088477895796275,0.4569786828565284,-0.10475844635054085,-0.02714754364229354
468,0.5,0.5235759877385666,0.46211603406686363,-0.08476664566553381,0.056564956941397515
469,0.5,0.3878318791677263,0.4129704540012247,-0.0387599603563341,-0.08695494453010354
470,0.5,0.720077437128128,0.6784882880059439,-0.011280386013914512,0.07025657530427942
471,0.5,0.5518791830128168,0.559475854285951,0.1050935567573269,0.1141573665855542
472,0.5,0.5316578234580582,0.4853486824761456,0.10790740017135596,0.21790066107503892
473,0.5,0.3836726638133784,0.4585866579133949,0.10915166861888015,-0.06483908554664297
474,0.5,0.4878556418380778,0.2984851838888663,-0.1762445531601946,0.2677576070510841
475,0.5,0.43778550576887454,0.5539237368102742,0.09291015283011658,-0.19201328002509266
476,0.5,0.39561045056696476,0.5102895563991705,0.050275965778741355,-0.18322929366991247
477,0.5,0.5388677898388221,0.5050434867117476,-0.04084904935789264,0.0576516078360023
478,0.5,0.6299696587865882,0.5397160513965545,-0.08423451801619594,0.1230138370116507
479,0.5,0.38693682390441964,0.39869072501782166,-0.011885176291258962,-0.03724897767018431
480,0.5,0.42061515886120876,0.3337633624263819,-0.08908301192332735,0.08744245277025209
481,0.5,0.5223262901439738,0.5322201304901248,0.10483959123316024,0.05567991417176177
482,0.5,0.5220685606942382,0.40497303044305605,-0.19461491589445318,0.122172554669283
483,0.5,0.5109304836568809,0.6396636354397042,0.11678754852270125,-0.17633631065063238
484,0.5,0.5928327520266659,0.5458547351626848,-0.056497219284101736,0.05986804508042809
485,0.5,0.4645604886631214,0.3235864356593609,-0.1693719970758864,0.1928719748090021
486,0.5,0.5481279325219607,0.6645673669858689,0.12004730931472475,-0.16436915254963624
487,0.5,0.47948184023119905,0.42606696281550754,-0.1326638439170503,-0.03472197912741759
488,0.5,0.6048873387344637,0.607487141499661,0.1859609391992184,0.20529313970227658
489,0.5,0.472514025968048,0.3839002853840111,-0.1664507137410029,0.023792501840068987
490,0.5,0.5610357513112888,0.6117497389097966,0.11041837704898534,-0.02790616212309171
491,0.5,0.6568615285012778,0.5749876407409462,-0.12007068361140406,0.03625109724020636
492,0.5,0.6955597974087211,0.7086423786186915,0.033570550759519646,0.008648366510723919
493,0.5,0.47947947361360865,0.5482411911362203,0.039815997135773884,-0.12560916951264622
494,0.5,0.4916419111746084,0.38599560725982385,-0.16834867766650474,0.09374707750348488
495,0.5,0.6169285859839222,0.6455797111606769,0.062121276935566426,-0.006480540319678041
496,0.5,0.5901604047062711,0.5750885134444735,0.037512866986075435,0.07706578039344592
497,0.5,0.5881449819517902,0.5554692533826658,0.024887587054647706,0.14514684245424891
498,0.5,0.6391304645565519,0.6837850871219106,-0.034935665037542224,-0.14041007443424935
499,0.5,0.33304481130324415,0.6138865690028428,0.2390568219146767,-0.2448397468531045
0,1.0,1.0056666168224198,1.0236173448409953,-0.02745423648663027,-0.06473807756516181
1,1.0,0.9252977793780628,1.002522329468258,0.07897976380745032,-0.10440626137335973
2,1.0,1.044610932006749,0.8250789432423438,-0.22752014157522205,0.04421126185454227
3,1.0,0.9592373795134946,0.788953846968415,-0.2194682871752853,0.06563952206852075
4,1.0,0.9202280363016934,0.9778237368809659,0.11543030584654732,-0.025315666782823376
5,1.0,1.0004933112863557,0.9900568078008432,-0.002886677943407778,0.027836225165008166
6,1.0,1.264531861067199,1.3787247879786193,0.09197405050742596,-0.12205325674448586
7,1.0,0.8807211738369172,0.8704006701353263,0.1087899038660042,0.0770844960253646
8,1.0,1.0369351807748812,1.124627141314078,-0.014842347544103103,-0.17063406673726633
9,1.0,0.9146929101010353,0.82427027133519,0.040545247901817696,0.17378215171829026
10,1.0,1.0961787459662653,1.2073434016849276,0.04186304033632271,-0.1318349590121319
11,1.0,0.9563113631637409,0.8814007066361423,0.03187120031243909,0.13396401320329698
12,1.0,1.0553254503933434,0.9899212857434765,-0.07352430672295274,0.1096558881102161
13,1.0,0.8902373818395621,0.9031161095573369,0.003956375503686024,-0.032973605850428106
14,1.0,0.9734517119055821,0.9398047350709018,-0.04922240685003709,0.026218948411539683
15,1.0,1.2314957521560879,1.4286365383664588,0.2186186708302147,-0.22406058332408751
16,1.0,1.0912040484318057,1.053217753439138,0.027778440432048135,0.11355761883913991
17,1.0,1.1208663420781508,1.3063527301347642,0.29745843125803095,-0.17122961656518887
18,1.0,0.9664914699981939,0.8044677794901561,-0.24533000762789142,0.13940101681153946
19,1.0,1.0176029220942326,0.9796279713752492,-0.047499698219444914,0.04609558156587834
20,1.0,0.982761186865179,1.0348531643120569,-0.005957917102000301,-0.10004017056787351
21,1.0,1.1313391459882618,1.0316039558236296,-0.19766731694596776,0.08391066688851923
22,1.0,0.8649758617428672,0.8058671360212616,-0.048732179586784774,0.08372849452304443
23,1.0,1.0101886988862572,1.1569407506769946,0.09386469303577825,-0.25817346147057774
24,1.0,1.0936282061463583,1.0935191475883084,-0.04867990824887572,-0.059608330310261914
25,1.0,0.9061706755868845,0.9201127238521275,0.022200800036833803,-0.0034613794739049033
26,1.0,0.9887732749350732,1.0882686998450852,0.09501259068954487,-0.2091421428086866
27,1.0,0.9799907847826141,0.9382389252420785,-0.0797843617941263,0.009798999177194956
28,1.0,1.0025060399719745,0.9011217575041217,-0.10824300517821771,0.15898823014015792
29,1.0,0.9358083162667471,0.8233216125376216,-0.15555324963625317,0.08977001691045161
30,1.0,0.9421930347693193,0.9520604356448259,-0.031088602105623295,-0.071425064392735
31,1.0,0.9766802828104979,1.073997949988832,0.1027158633255788,-0.11103405705682468
32,1.0,1.1788214025164114,1.4331023519249142,0.2761700672241765,-0.20708260771680617
33,1.0,1.0967626533789856,1.0409645246396118,-0.0317028862381146,0.10201457762554754
34,1.0,0.8968872004725026,0.7087217962529038,-0.152942300756711,0.2236739936465763
35,1.0,0.9876344726866472,0.9088026550057281,-0.1300378751346348,0.028762553791873202
36,1.0,0.9499706390911772,0.8496617240060597,-0.10856590225677916,0.09670728385278538
37,1.0,1.0035002292837578,1.0270701772509476,-0.01591578533162097,-0.09060287217196908
38,1.0,1.072924975972031,1.1749326508496576,0.03373373326084611,-0.18422317674149147
39,1.0,0.9652832415452407,1.015428138407772,0.05474799366531191,-0.11478877656959738
40,1.0,0.9574555919813819,1.0463757392203066,0.007827767850387732,-0.1995446857934778
41,1.0,1.040388169486685,0.9566827694631608,-0.1637806647620953,0.02353507303879165
42,1.0,1.0358587373572457,1.1053499895042522,0.02924365041949395,-0.08603736796232042
43,1.0,0.9453812619302386,0.7783884282412413,-0.14606432924404975,0.2076162074386172
44,1.0,0.8553671490050555,0.5804681677832352,-0.3576342125557516,0.3308301643272283
45,1.0,0.964227552134274,0.9549731429195195,-0.002847906908003517,0.00927512893192195
46,1.0,0.8627110018658778,0.9702548573448012,0.11668498338260899,-0.09498230711806877
47,1.0,1.0447473588653184,1.0714150528514752,0.07348251294522565,-0.01403918873120169
48,1.0,1.038748766889014,0.49973803866362104,-0.2941588134096671,0.50589172030744
49,1.0,0.9166286993277073,1.014010224754154,0.0991553924451397,-0.10501513443290854
50,1.0,1.1905456554803777,1.300265546357031,0.08719376080527066,-0.1591570361133141
51,1.0,1.00741129726314,1.0499240312284375,0.0866985624465901,-0.0004271772755184422
52,1.0,1.1743846286351804,1.1261002091859602,-0.026729159269173186,0.10772792355040622
53,1.0,1.1136532478721541,0.7498818089680278,-0.3594463795187239,0.41601788511417404
54,1.0,1.0667486521443075,1.0993407936650788,-0.07318660006594002,-0.11920826012357111
55,1.0,1.1568969249790664,1.3528346686418082,0.21738902165900448,-0.19138446528876307
56,1.0,1.1069821715360006,1.0888116776365941,0.0019499387783951383,0.06118350250546156
57,1.0,1.2265686259303143,1.1513328027070766,-0.12327753405509721,0.03195703255166027
58,1.0,0.921791798008456,1.0555339980141745,0.1304092443580643,-0.16600551689317666
59,1.0,1.0132347638931127,1.015397479285133,-0.012147570478310757,-0.013375706276579675
60,1.0,1.0423091272081573,1.119046914713065,0.07740626339997636,-0.10072155790303758
61,1.0,0.9443188501708872,1.128464484295231,0.11653509923778493,-0.24998020980669963
62,1.0,0.9968712075292756,0.9079208998683004,-0.0631340375165763,0.12723164955214095
63,1.0,1.0190843554568247,1.013587880613071,-0.01737620497661372,-0.020345916479454162
64,1.0,1.029804584928562,1.011740569354641,-0.00668707260977533,0.02732483254312279
65,1.0,0.9767173985048858,1.028917919924815,0.16342739776497872,0.015238988927648522
66,1.0,0.9976228315665971,0.8484004266146458,-0.19858094734302392,0.1407236204245742
67,1.0,1.069328998466729,1.1143959335736244,0.0906024606684834,-0.03634556024762681
68,1.0,1.1400197866193544,1.248988779730061,0.230327571172817,-0.03272992959209745
69,1.0,1.0739345052232159,1.1668399276631656,0.06117990471296147,-0.1304082971314231
70,1.0,0.9180217893282865,0.9437724050911669,-0.004949495302132775,-0.05982431864051696
71,1.0,0.9990545851455231,0.9439983521789204,-0.020177221256876206,0.11077801698706334
72,1.0,0.7957361861660635,0.7356813401751341,-0.06833091256863108,0.10513494900980191
73,1.0,1.1652657970222675,1.2183996848065997,0.018292897446035544,-0.11936712710434239
74,1.0,0.9503244465495321,1.1685408589402362,0.20108596421003547,-0.19827666113358733
75,1.0,1.0615774313294974,1.230089550643256,0.30974585311139763,-0.2015620469051019
76,1.0,1.1743425229944915,1.2899960538129893,-0.03528866558838739,-0.22588891097893168
77,1.0,1.055936254673329,0.927675376368659,-0.21333738846024886,0.04091112551992082
78,1.0,0.9604940592253425,0.9830282711336432,0.0788274963969009,0.055115282301249846
79,1.0,0.9547476001913603,0.9276389711820077,-0.002040401504544584,0.0506315113895075
80,1.0,1.0719766874569967,1.0415264333232304,0.02982411099907995,0.07674685402327608
81,1.0,1.0911292708234481,1.107800685937621,0.002164899123758386,-0.0311713291628074
82,1.0,0.95984258452226,0.8986653468273277,-0.05449631324005677,0.08584136322001834
83,1.0,0.991252102943421,1.1343077141094258,0.25164300279797264,-0.05418483705774557
84,1.0,1.0361660778196145,0.9458970687457502,-0.045444837987655085,0.17261701784667044
85,1.0,0.7613481921174065,0.8619008313717308,0.09561971071566203,-0.11486576158544226
86,1.0,0.9285103033163808,0.9933753785921766,0.1303782491628496,-0.07078595105281749
87,1.0,1.1456297384012732,1.1776350053434452,-0.02837619391230045,-0.09660499517978827
88,1.0,1.0423019774877953,1.1905278147493756,0.15613566048262773,-0.20952474234672402
89,1.0,1.200190837975697,1.208702065131702,0.06052847701605269,0.07029720412315021
90,1.0,1.0175475762387403,0.8869260750090933,-0.09534821275057044,0.1846156295287299
91,1.0,1.170020070383497,1.1848405461175657,-0.011825668618088675,-0.05235463775484672
92,1.0,0.9784739348193342,1.033856855273922,0.031107469284334832,-0.1181448762821173
93,1.0,0.8794892461898032,0.9173695852537689,-0.09512661490983884,-0.1723264533371438
94,1.0,1.0876848402508796,1.0969147033121813,0.14324893999349614,0.12291947872709329
95,1.0,1.0318045694262366,1.0803477698260062,0.06303542029342184,-0.029873233103541515
96,1.0,1.0038960494017692,1.0769888444735696,0.14660477664446991,-0.06570008864182483
97,1.0,1.2128036916274105,1.314355852742096,0.12879223149821414,-0.08452464906783597
98,1.0,1.0326712213771745,1.0343229992027627,0.035943500270529366,0.03367510996653711
99,1.0,1.0945961066077772,1.2086159888234396,-0.0014908209350779633,-0.24801750964387836
100,1.0,0.8856329019102851,0.9884530228405011,0.0030706634992926085,-0.2722815688834481
101,1.0,0.950335969304508,0.9112676688326206,-0.029712957315115904,0.040449713550564814
102,1.0,1.1669093091330036,1.0917392214896635,-0.0343720592181235,0.12191463469590746
103,1.0,1.230992640519386,1.1837100406602832,0.03353550219577516,0.15614296756596902
104,1.0,0.9414714136355087,1.237782318103162,0.19713109800683812,-0.3688252314849374
105,1.0,0.9421336280958234,0.922015006421707,-0.046489810935683995,-0.011301025940158249
106,1.0,0.9059620378667831,1.0298501002990665,0.10375677129815497,-0.14122296918198263
107,1.0,0.9943756493243235,0.9230045824868981,-0.05467803256128387,0.11230900030959387
108,1.0,1.0116483968559236,1.2878863069011024,0.17117137500097343,-0.3482723040241993
109,1.0,0.9521714648041869,0.8538952464105036,-0.023004072048234847,0.13457731378883708
110,1.0,1.058139966654796,1.1273068901057193,0.10750572646069126,-0.01760838301593992
111,1.0,0.9872224783357677,0.8552051335789457,-0.1439129325638367,0.13365091919709793
112,1.0,1.0203766342036427,1.2013800315929026,0.24639394624965505,-0.2124231352571549
113,1.0,0.9721026268789,0.7125150313543958,-0.22415026572273067,0.28487724883702437
114,1.0,1.0206813969578026,1.1065437067519246,0.10827497036853002,-0.1243028065577445
115,1.0,1.0957351381402525,1.0755223790855857,-0.06105250213391722,-0.025995741946236117
116,1.0,0.947278284003225,0.9550479276967149,-0.028465063078196517,-0.04571770120417542
117,1.0,1.0021636710200215,0.9655887673833488,-0.0005854931974831716,0.08888236659004756
118,1.0,0.9537717424486635,0.8988932546325207,0.010366738407246154,0.15316521074118905
119,1.0,0.9878180999814524,0.8670042853971681,-0.14062400683026843,0.1472921504078212
120,1.0,0.899847434236835,1.0278902902875509,0.08436972936375299,-0.17886014035463105
121,1.0,0.9712322121380472,0.8950997270108503,-0.1258987970393166,0.036764637192461244
122,1.0,0.9368170719364834,0.7921194410396554,-0.14078971560300957,0.14074452031425333
123,1.0,0.9994916798878271,1.033300351430394,0.006990770421806236,-0.07927223601674283
124,1.0,0.8528457050101308,0.8508317213073981,-0.02909871427536706,-0.04422939091167266
125,1.0,1.0554626796179105,1.019045077447257,0.00146545606633261,0.05692891528450672
126,1.0,0.8562870258432503,0.855305860307093,-0.012836478929626416,-0.00792812000058829
127,1.0,0.8835951824599666,0.9385912561979144,0.04623514152808986,-0.101710550275213
128,1.0,1.0721293769445837,1.1453708667469575,0.12697565344006684,-0.06895609433947891
129,1.0,0.862902898039918,0.8751648004209739,-0.01589035748670409,-0.02572066452301748
130,1.0,1.108656089060857,1.075888312257951,0.008115646371334453,0.102831221449597
131,1.0,0.917505692472797,0.8026481985386877,-0.02000450133027744,0.2060658545290217
132,1.0,0.8990596444071893,0.841120434753828,0.003433542030092329,0.10784970205097888
133,1.0,0.8806134446028739,1.0050894050727828,0.15977299845150064,-0.11182743815335872
134,1.0,1.113547759191235,1.3264351896843778,0.29095215540249936,-0.11265058940682593
135,1.0,1.0709227309877747,1.05648714914211,-0.10506483177163861,-0.07767280906874996
136,1.0,0.789527096652343,0.7872914683772851,0.0174833642090012,0.03910351317400129
137,1.0,1.0470010357733832,1.0358686162327075,-0.04107800081091608,-0.024748274751964505
138,1.0,1.1156684242018762,1.111942160112137,0.06845983791517998,0.06536438145177015
139,1.0,0.9559340554178661,0.9584326399982098,0.00591393012400912,0.00026313383199683127
140,1.0,0.9407924863900247,0.8273545275443954,-0.04828378148664931,0.16375993875097772
141,1.0,0.9249388925546792,0.9412856546413549,-0.004181950520602218,-0.045378657428680746
142,1.0,0.9754361988563365,0.993371993496782,0.09050595596495364,0.056350295380404695
143,1.0,1.1231218722752767,1.2243478536253714,0.15573428950016155,0.006444375547769887
144,1.0,0.9160677246997467,1.058037612647004,0.1982933634345102,-0.08609233984058963
145,1.0,1.0310699800641092,1.1050068728694897,0.045674293379326006,-0.1634235335695784
146,1.0,1.040963756199048,1.0795622885646177,0.09705413626082274,0.008570776844763595
147,1.0,0.9932438110368671,0.8964801902503677,-0.09070889676653461,0.0991486287708143
148,1.0,1.007725670204401,1.2363529214892843,0.3071024591828515,-0.1623996664906341
149,1.0,0.977910855487333,1.000098437488487,-0.048705684603059574,-0.10178196603395076
150,1.0,0.9202871285570109,0.874447235409533,-0.0030310192442352946,0.07361532967970275
151,1.0,1.0986519060205482,1.0810460185707442,-0.0154420103655308,0.004187129769073872
152,1.0,0.9980518932212663,0.8756131809459319,-0.14419925410908097,0.1084269410774101
153,1.0,1.0554619943215382,1.0239450160221553,-0.02175804968184586,0.036390335254100625
154,1.0,1.0180375992329873,1.0570028878624713,0.07960025586288158,-0.0002656382596570861
155,1.0,0.9425633438911656,0.9804465612598701,0.037693516126569446,-0.06046800499424143
156,1.0,0.9586137636276739,1.1005908829652307,0.18213560887928587,-0.08403734388620232
157,1.0,0.9791398939572409,0.9101412880216885,-0.07381590256937587,0.058370316343120066
158,1.0,0.8579737354432223,0.907313929862083,0.09808740020822966,0.021899337750611036
159,1.0,1.1424423357522107,1.0049158917671421,-0.20221623733758481,0.15795585256887068
160,1.0,1.1594600399905757,1.1607554661687376,0.06250705547893665,0.03457051079476445
161,1.0,1.0505351989740206,0.9883065233295304,-0.11471114715492337,0.06268655589438757
162,1.0,0.8436150947921641,0.903500254829332,-0.005684339061289734,-0.11326826792121371
163,1.0,1.0058673706403627,0.9911052841234702,-0.15351740796393978,-0.1544493852130555
164,1.0,1.049040520257492,0.9773919331047256,-0.13577248651479584,0.024805839273097652
165,1.0,0.9985304906547559,0.8491984591539627,-0.09692132075540856,0.29872582019899807
166,1.0,0.8325458251619808,0.8072690445867889,0.00940508127423162,0.04895008537766543
167,1.0,0.9464303800867867,0.8279809866852526,-0.1211729395353721,0.1567077508758573
168,1.0,0.8409809785975656,0.7538340168918207,-0.06983734704916268,0.13898409025333058
169,1.0,0.9854722335114388,0.985268457959224,0.005979542487798865,0.011475711696277702
170,1.0,0.8697893100243462,0.5681395542520792,-0.3362473628596277,0.29144423797012914
171,1.0,0.7910798432973932,0.7071629826637091,-0.0734867543330926,0.13758809559959703
172,1.0,0.9130456927535047,0.9573079701748529,0.009693799853667487,-0.08736561086849592
173,1.0,1.0332657501110116,1.0193633045617885,0.0038897115029188217,0.03699940110098543
174,1.0,1.0060134422558205,1.0530393257191157,0.011725242855603168,-0.1397551017407656
175,1.0,0.8420899444967266,0.742378173793298,-0.03154799829773988,0.16367326556621942
176,1.0,0.9968865331172051,0.8256726756396208,-0.21648250073426858,0.1504250743155645
177,1.0,0.9203744671054649,0.915033547375973,0.06346775756962002,0.07513842996453579
178,1.0,0.9349612476874534,0.9071875815085086,0.016359390771948562,0.11842979040241364
179,1.0,1.0636318573236094,1.0672416663364985,0.09958751247044235,0.08587696314082782
180,1.0,0.9605247116957358,0.8638351081812865,0.08595562902406742,0.22756659555922176
181,1.0,0.9715023590134269,0.9303219029959015,-0.06209545302314365,0.037685143081796275
182,1.0,0.8824131741387855,0.8386334058612693,-0.030141396736913607,0.05820721714612954
183,1.0,1.029571407790201,1.0936665893831476,0.10536819751309412,-0.04857895598114803
184,1.0,1.0898916247807935,1.0934895385507697,0.059396029731701105,0.04304062715184787
185,1.0,0.9337523385817483,0.9566303673982849,0.03959611640672614,-0.018923263164156268
186,1.0,1.2136663978759714,1.1784809995364343,-0.02917754312498136,0.03693147179644374
187,1.0,0.8682955773661729,0.6701416785693639,-0.1643503056377107,0.2542143887061779
188,1.0,1.0373598730293752,1.0558737148100166,-0.011307262521083938,-0.06433139247395347
189,1.0,1.1393091659045407,1.153322855728728,0.03619123774340238,-0.004974273652741168
190,1.0,1.108041795827985,1.1028365151060413,0.03522779094708892,0.027203807991272422
191,1.0,1.1505442257536902,1.1470791237836573,0.025470224012285072,0.019235808259666864
192,1.0,0.9084712483506726,0.9664690523065779,0.05614244805141308,-0.06299279700911664
193,1.0,1.1941991213660061,1.1774131540995851,-0.0038095419162436084,0.041699397844580946
194,1.0,0.8351626360104483,0.7870888606688266,-0.12879716030422858,-0.03311764689874752
195,1.0,0.7652405445595457,0.6257549063513179,-0.19204374567368035,0.16714953647349207
196,1.0,1.163194525028738,1.3093405781147505,0.23044392245966702,-0.020696398230715722
197,1.0,0.9385487157912198,0.9139863077358313,-0.0055502551798365975,0.04203321426182838
198,1.0,0.8653960421856404,0.9423158572391295,0.055740581331141265,-0.12935714792003505
199,1.0,0.9027736466649287,0.9446801189269084,0.06286678120247517,-0.023459887638259014
200,1.0,1.0732518924699463,0.7241027372228953,-0.3457115253003491,0.23582024980775704
201,1.0,0.9984681813996139,1.0638215856989897,0.019429682283187893,-0.12354102467500594
202,1.0,0.8907034887489207,0.7652939617949774,-0.27211983993006744,-0.057938431280853187
203,1.0,0.878176685087748,1.0961114263275504,0.22515287952204477,-0.2634436177129238
204,1.0,0.8572119328009072,0.7550090552270713,-0.0740814146720472,0.15726381159112013
205,1.0,0.8575014211619033,0.8686569412148373,0.021495225650374164,-0.014711083336290676
206,1.0,1.1101497792193271,0.9801508702515119,-0.1598153161468579,0.12016906828378837
207,1.0,1.0233141751070554,1.1072632850361217,0.04482785551385127,-0.10766154180068804
208,1.0,1.1206247010673875,1.1680877987598253,0.08922500338980077,-0.002025771535377221
209,1.0,0.989335476105643,0.9894226347389556,-0.020004191882905666,-0.009784021739831283
210,1.0,0.9642969274666139,1.04564006073316,0.10510473832901071,-0.0923056121767536
211,1.0,0.9556942191728194,0.8016622263639069,-0.11465115339856524,0.12209500821746105
212,1.0,1.1675786999114872,1.1388030127637379,-0.0169245464465919,0.06987266432708239
213,1.0,0.9294513660576672,0.94636036079471,-0.054780417127366504,-0.1008289319994754
214,1.0,0.9048940773213612,0.921613433367985,-0.05719466403893275,-0.08631021326608446
215,1.0,0.9001209199931405,0.9259340655099713,0.0038834552816801246,-0.06700443407012391
216,1.0,0.8854821548773666,0.9409122482424679,0.178399641649012,0.028173543845160905
217,1.0,1.0506508551928404,0.9797252193523481,-0.008312079894827056,0.14701243728729352
218,1.0,1.1795705233652827,1.2729256419201056,0.14656026851615034,-0.03829077851293569
219,1.0,1.0915536998689928,1.0309478158224048,-0.018580779425456218,0.12394228614945337
220,1.0,0.9841788047672563,1.0767061897440386,0.04601897079867298,-0.1294424637381596
221,1.0,0.9336093348156447,0.9408455976679081,-0.00947143737185485,-0.015073235424900232
222,1.0,1.1962151149373559,1.160509423882129,0.010226672467131787,0.07701538230252923
223,1.0,1.1272139268317898,1.0550251214814048,-0.04390893662198171,0.0734525460447677
224,1.0,1.019345107140885,0.9959313209680346,-0.08094212761138565,-0.03816245938480489
225,1.0,0.9151391492393247,0.9054580970543502,-0.012515804930144734,0.010374732747843618
226,1.0,1.0474632339247485,1.2205966676062714,0.2196562043609803,-0.12118205011890325
227,1.0,0.9390118752340094,0.9510551711254557,0.06899357065831199,0.038415427109543265
228,1.0,1.1694120778587271,1.2518401769680332,0.11167855054882539,-0.10079701337602753
229,1.0,1.1121636118862206,1.2185988413002053,0.044732217055042156,-0.16620093615553144
230,1.0,1.0012607271560097,0.8462587044097472,-0.19889409258711693,0.1649285777242434
231,1.0,0.8015195385631908,0.8652006151243486,0.11565778656658124,-0.07014414093836496
232,1.0,0.9614600170353825,1.1273101039284568,0.1000328898665479,-0.22179308891508057
233,1.0,1.0388117754595119,0.9427309854364325,-0.1094923714593754,0.09524291716379912
234,1.0,1.0714047643204045,0.8841377743731981,-0.31397881915095116,0.10637067987404691
235,1.0,1.01574115610547,1.4440260511327843,0.3396141922753477,-0.23557837113653896
236,1.0,0.7507900451732801,0.5678634831305858,-0.06570891751805359,0.17884181751373363
237,1.0,1.0001050111908893,1.003723899343717,0.011834280336016058,-0.00635072621308197
238,1.0,0.9691461469401275,1.1612472014853545,0.18676757595704951,-0.10534415837437278
239,1.0,0.940131377001715,1.121585507087814,0.08763315627705508,-0.30726373953882713
240,1.0,0.9326386503784712,0.9578088355076557,0.029717054118916758,-0.013876885546850194
241,1.0,1.0404521477092998,1.0030272979794008,-0.04537117604508681,0.034167375698267666
242,1.0,0.9975493710171797,1.0196590413716888,0.005758290219486609,-0.05519873096560457
243,1.0,1.0931186450821366,1.1381740725161655,0.0454869847264785,-0.07726059920541628
244,1.0,1.0694632776664215,1.1682124921209678,0.15862647981340663,-0.11182383195253132
245,1.0,1.1376228390094585,1.0719822366494947,-0.05846559855294069,0.06866359338565997
246,1.0,1.082141388102701,1.1916775922928404,0.12506380576444934,-0.10557336543552409
247,1.0,1.1160966649034973,1.1266576289528145,0.008097500105526928,-0.022444897974136402
248,1.0,1.168048954560379,1.0297831911582083,-0.13112137995643944,0.12341881612862593
249,1.0,0.921444093129229,0.8794037115049294,0.06649106022699747,0.13348242513568542
250,1.0,0.8869620946193383,0.8738872878648748,0.0038327179994151195,0.04932873054761977
251,1.0,1.0261565172353824,1.0512181011535588,0.139616021974982,0.08677926988974405
252,1.0,0.9175896296021064,0.9334281392160982,-0.035797240592898606,-0.061578653625303
253,1.0,1.0537651092725884,1.0743784835744112,0.003659384639014622,-0.052895771582773456
254,1.0,0.9460584980654717,0.9132562427303837,-0.01285830289497075,0.06167695818746044
255,1.0,0.9364216057076052,0.9248788125804822,-0.008077648761350437,0.01645579694295496
256,1.0,1.0880451051116904,0.9400732123021215,-0.15853103278716507,0.19825242242804397
257,1.0,0.9157586788745754,0.9042039796430579,-0.06597788945198169,-0.03294838169147529
258,1.0,0.9897453305640599,1.064631792268883,0.02887282779089735,-0.1658759230959741
259,1.0,0.9156294297014274,1.05620858659894,0.048840126594965005,-0.20075905975622332
260,1.0,0.9016403624482452,1.031061706653663,0.14224902057368163,-0.1773734616026402
261,1.0,0.880353193430117,0.8184800731773684,-0.10662520681585055,0.03939333152633284
262,1.0,0.96785853066048,0.8529080454732018,-0.05355685277265846,0.16063522932069985
263,1.0,0.9925877230900608,0.9234435663011867,-0.09732386341836073,0.03766945677650546
264,1.0,0.8409770074668357,0.7041709433307463,-0.23481607910134475,0.08296370118744811
265,1.0,0.9971956431094444,0.942795544098673,-0.1263458112706703,0.030325641810823648
266,1.0,0.8240883070486726,0.8457766419924673,0.06260871775194579,0.0435058085196518
267,1.0,0.9830665543781923,1.0091860759883968,0.06121737307522819,0.0024079199129134476
268,1.0,0.9820738687149378,0.9241621522007266,-0.027999113406453363,0.11483599323336913
269,1.0,1.1146746570010189,1.143353326683379,-0.04098211952931401,-0.1155322856103278
270,1.0,0.9732021447483351,1.0253834960514547,0.025380904469807272,-0.057823958231185135
271,1.0,0.9315908228381842,0.847673883216357,-0.0871988435902378,0.09219979944815747
272,1.0,1.0787143842001614,1.0675839821647777,-0.09383346119687044,-0.0738823780335296
273,1.0,0.876394934997006,0.9143650135281831,0.07675468126977147,-0.03399550604418211
274,1.0,0.9560988596067996,0.8251144279993587,-0.16256315972308355,0.06054652516020542
275,1.0,1.1167905761346413,1.1239558608736069,0.06479550713861418,0.044367817333550996
276,1.0,0.9396293071647701,0.9881377415995585,0.16126983311454168,0.1144385451418364
277,1.0,0.8401653280558058,0.614013735622165,-0.15556147261584094,0.23692755475515656
278,1.0,0.9599177352394827,0.8948870190549477,-0.057322265287741675,0.11775505930331975
279,1.0,1.034065874068043,0.9026310208403778,-0.2544031646314666,0.06275452832290684
280,1.0,0.8708824486382909,0.8225183049304352,-0.07215243405120723,0.039258000306491736
281,1.0,1.2091070415008343,1.1562624021439363,0.07588292948413296,0.13074000803437147
282,1.0,0.9464059847028745,1.0681889399884892,0.14722513611385782,-0.12161567104802273
283,1.0,1.131353452149342,1.2503534830605327,0.25682930800922543,-0.029932897983277362
284,1.0,0.9132033337692003,0.7543134761625201,-0.10481803956862637,0.13966126332171136
285,1.0,0.9033780810170388,0.8391887304267271,-0.1314309143856969,0.031237612949605243
286,1.0,0.8165527020398555,0.8008474534532157,0.05807515248743256,0.08532425410063615
287,1.0,0.9117618830886148,0.7738765025378759,-0.17092777378253501,0.10421348488886717
288,1.0,1.0884822147838562,1.1860707677406601,0.17037855183971556,-0.03552755110278305
289,1.0,1.0027387452849474,1.0196634366038972,0.06185655523265257,0.014162518092238008
290,1.0,1.161968461424769,1.161124387439232,0.006879328049504567,-0.005587078555879588
291,1.0,0.9873803727228091,0.9242374473966396,-0.10304375002988496,0.027773605506246187
292,1.0,0.8851685226711293,0.7990313945623198,-0.05637517125798111,0.14525097210974902
293,1.0,0.9646096518299991,0.9546644437658461,0.08376004209937751,0.044318023444832266
294,1.0,1.140970687015365,1.1175553282921313,-0.008484267724073319,0.05312915828981779
295,1.0,0.8996651933430522,0.8892611746909387,-0.06699868801932798,-0.07153854909400392
296,1.0,1.0624401096298577,1.1893431651502633,0.0929857036972859,-0.26435313113056735
297,1.0,0.8720523030790699,0.7318174740248354,-0.1461808759600557,0.11311496347783612
298,1.0,0.9808164628117445,0.9665879885092202,0.0009507322354681003,0.02914025876673253
299,1.0,1.0025966617713544,1.0806630212309145,0.11333408103714737,-0.08125991732332216
300,1.0,1.12447703690676,1.1293070702965329,0.045950460722773485,0.030964845661694218
301,1.0,1.0773360940690067,1.3115492763950376,0.34651854765842527,-0.2421990138130406
302,1.0,0.9575348654485752,0.8225747531233087,-0.16483588959509998,0.11069904250638296
303,1.0,1.0709282322088898,1.1767330553035653,0.13150487125449534,-0.10911934472546325
304,1.0,1.0749470414513185,0.9164163509331356,-0.03337984198079014,0.2441845360240484
305,1.0,0.9728947390930258,1.0716788842296827,0.06590675398556448,-0.17329650586607515
306,1.0,0.9976924677825415,0.7146244645014357,-0.25052279614773515,0.2381347142105765
307,1.0,0.8672170534069625,0.7811152712095688,0.03591718624186914,0.26283937534236945
308,1.0,0.976322856819169,1.0672564751521119,0.14108180060355113,-0.05683052908511699
309,1.0,0.9934136910058488,0.8688427595970143,-0.14917216638862207,0.16079532915753267
310,1.0,1.0720467964918186,1.1247205520031665,0.04110349045145567,-0.044702991610272136
311,1.0,1.0409340164913634,1.0917214470483292,0.14268153894443897,0.04962567025117115
312,1.0,0.8417255954004819,0.9247148853382477,0.1244226217863747,-0.04094656796645723
313,1.0,1.1350341740529906,1.3224804254772997,0.3033781190418307,-0.014900754745927225
314,1.0,1.050176848226298,0.8354705929508774,-0.10957273009722887,0.2515061477427377
315,1.0,0.9697744300775489,1.2876727306772062,0.2678280046423436,-0.27137150958389133
316,1.0,0.937618071333027,0.922240643206522,-0.005952340225113366,0.018866411906186653
317,1.0,0.8971031347527916,1.2613720257549523,0.4059836753760603,-0.27767732845290316
318,1.0,0.9131187453890421,0.99630719607918,-0.02825825586699158,-0.1768101046251281
319,1.0,0.9893462926354507,1.1097436690958626,0.05074012177770655,-0.19258845846649275
320,1.0,0.9966032470481553,0.95671454670997,0.002908243581228275,0.09746914683172712
321,1.0,1.0290350262201553,0.9643115739589214,-0.04969249428481104,0.0999327917249999
322,1.0,0.9247393681999798,0.8513388746417715,-0.07504339014393306,0.09312282140577599
323,1.0,0.8317868329832343,1.088033755752387,0.23388504058058857,-0.3418750658402417
324,1.0,1.0281422993103257,0.9595046197546916,0.028399184968109975,0.20260813492426222
325,1.0,1.0433387216614054,0.9243851001486018,-0.1488112826606941,0.10340827948732978
326,1.0,0.8758063028106197,0.9633693904513931,-0.01691222870756423,-0.22844290623969932
327,1.0,1.156759829084715,1.1904795747984405,0.08314036200057015,0.0018777825755084895
328,1.0,1.0749732391057765,1.1373654808559615,0.06948362249886672,-0.0983104292713498
329,1.0,1.11980882924782,1.101699647987272,-0.025670128509123855,-0.010436143322768543
330,1.0,1.0547816530698324,0.9538179851290106,-0.13946670754469365,0.04591355784842355
331,1.0,1.06606027082201,1.1200998183791337,0.0445777924997856,-0.08086887396082432
332,1.0,1.0939985785628081,1.2369770713019963,0.19071702483830255,-0.16411177917584605
333,1.0,0.9988665295353624,0.9273716774896521,-0.03837281280398597,0.15060620504035716
334,1.0,0.9887614550477761,0.8591221102707552,-0.14209344349799685,0.18259046176757776
335,1.0,1.1289877235958088,1.1629099378838896,0.062399429419995,-0.00281911866901563
336,1.0,0.9306282264930307,0.8498712346795922,-0.07970114163913936,0.1278125481396244
337,1.0,1.0680293049669631,1.1641683436056665,0.1477704538994533,-0.0772673373266035
338,1.0,0.9713599578495191,0.9420828947091262,-0.027530551163571948,0.04711088860830141
339,1.0,0.9876693833200254,1.0872985823345334,0.03845729781810814,-0.16655723674490494
340,1.0,1.1029135290076928,1.1504400780370514,0.08631114752104463,-0.022936283436902186
341,1.0,0.9985442435657214,1.0754334041207614,0.07978580221828713,-0.11728207136577828
342,1.0,1.0141212235809391,0.8323432323601314,-0.1679974455377685,0.17774557247568634
343,1.0,1.027973217032941,0.8570171027802144,-0.18482969509989797,0.22298857447828113
344,1.0,0.914903564446223,0.9726064833353275,0.030917045305807574,-0.09175781679172465
345,1.0,1.0605585198875747,0.9155968881922313,-0.11363192560679256,0.21355050715126497
346,1.0,1.0062859428168567,1.1579546647839707,0.1623614970351117,-0.16230917472637912
347,1.0,0.9452748206017814,0.9678396458821344,0.08949232574003568,0.07497274757176953
348,1.0,1.0729877242322654,1.0756676734666302,-0.007260691213170201,-0.015960498861911837
349,1.0,1.1141256416208387,1.1085247905412008,0.03625257688285469,0.045357100619473734
350,1.0,1.0570509828291312,0.947416384014873,-0.1588894722814136,0.09616308698098174
351,1.0,1.1125712102036838,1.1900596892868012,0.14244484528498502,-0.04369877001056044
352,1.0,0.8364799344737244,0.8226625186825965,-0.0824484741602007,-0.050378181063037264
353,1.0,1.064021845009861,1.107604011918249,0.09408300529033639,-0.029248511856091453
354,1.0,1.0911787499348546,1.1262328286219396,0.07171008505510018,-0.021213873609542855
355,1.0,1.0539806360896768,1.0558607874753199,0.02524426554297778,0.013225407822452184
356,1.0,0.891857960321208,0.7641369477323066,-0.160383274424853,0.09426902869979814
357,1.0,1.1580461119480177,1.1308825051398317,-0.11037409589618244,-0.10892838259579962
358,1.0,0.960957992173914,0.8304246302257762,-0.10075589869536702,0.20066284514302313
359,1.0,0.9682711344760748,0.9168616265733771,-0.15646334247006602,-0.011569820532731478
360,1.0,0.8453206132593913,1.2832840524160685,0.4331068336403355,-0.2993939321561584
361,1.0,0.8731787040057168,0.7197565876164268,-0.2983227034096269,0.11931433125912616
362,1.0,1.0855048584627578,1.1219269275868518,0.015489413488691546,-0.06909174507188176
363,1.0,1.0424549694654883,0.9899820282700471,-0.02719121425542468,0.09784830585971582
364,1.0,1.1557289015327041,1.0713265278673239,-0.06076758951424541,0.1316539174069794
365,1.0,0.7846588927375793,0.7551742646494785,-0.06576639243579727,-0.018418333200101777
366,1.0,0.9649850915428533,1.0155004140686672,0.067714593671198,-0.08150270867200624
367,1.0,1.1807478342162476,1.172831003553538,0.009937057325776339,0.004558379259279547
368,1.0,0.9969225887389525,1.1066785789451228,0.07497662612854104,-0.13782833710414835
369,1.0,0.9779191791708707,1.1922540070831935,0.1740943272720284,-0.23969869556036305
370,1.0,1.2394106492393817,1.2309457655267584,-0.01700241486354316,0.012245142210932425
371,1.0,0.9599981914651643,0.9944076940799059,-0.006673830901638991,-0.06442028298734814
372,1.0,1.0657514562293153,1.0836636715479073,-0.009238425943672954,-0.06268646502640418
373,1.0,0.8647311434948107,0.8550382479792482,0.05868081304437722,0.086037006486732
374,1.0,1.007109696480494,0.8686423419343025,-0.16339284201194718,0.12224317431669673
375,1.0,1.0376853860986177,1.0919886222860071,0.14279220297136974,0.013905937396217594
376,1.0,1.0039144532706812,1.0122217136319158,0.039649634048378485,0.02512720552984926
377,1.0,1.2281828991253156,1.0913188464335932,-0.09580896435420441,0.15070383646645447
378,1.0,1.071486684166132,0.8967072797203772,-0.14262961061558152,0.20960579022284584
379,1.0,1.1191633955379223,0.9874849339780255,-0.0889634756554854,0.1999688106890385
380,1.0,1.0725449713659825,1.0167067722170033,-0.06911212419067968,0.03824444769083274
381,1.0,1.1664842978120964,1.3252899790928039,0.1626960754597635,-0.1151148940237463
382,1.0,0.8790908550713827,0.9756443866215468,0.15093658646995786,-0.059085327795196374
383,1.0,1.0061244956219229,1.0554764042581202,0.07315137463952837,-0.04603292515910279
384,1.0,0.9578015383233619,0.817424018101661,-0.2267958492977503,0.11613673838150418
385,1.0,0.8245547437860958,0.7483060479081745,0.057840709900618854,0.20463620504025956
386,1.0,0.8201774928989339,0.9171970757916023,0.08778960081488137,-0.13293470878666147
387,1.0,0.9801104890700244,0.9078118854515735,-0.08182983372489169,0.09343014904006619
388,1.0,0.8766587127075387,0.8153253650837395,-0.0714629927544683,0.07792055960392874
389,1.0,0.9454741206009886,0.893411617991516,-0.14436560892722472,-0.025981521032329424
390,1.0,0.9394090308443878,0.9862236980116195,0.09679139404570217,-0.0357049982112768
391,1.0,0.9716244692371937,0.7780212652430838,-0.256362626062715,0.08830291650986766
392,1.0,0.9768820344413488,0.9348770578029911,0.017839917604654056,0.1054011517154596
393,1.0,1.0350101866847625,1.1331155460888522,0.15360746659844063,-0.07628745662157588
394,1.0,1.170988886173124,1.126026829043707,-0.04087243361466457,0.06873305118328787
395,1.0,0.9086048047173422,0.8425712157578601,-0.08405927885068325,0.07816907017887642
396,1.0,1.1064370981035507,1.146437717986081,0.03490545903357098,-0.0535698064901029
397,1.0,0.9385617814953001,1.0883724841480813,0.1915559933108797,-0.06137652859233245
398,1.0,0.9251075403042426,0.7316050603264409,-0.27635271592529387,0.18273570358870533
399,1.0,1.0656603521434649,0.8821802405377986,-0.044468752282705,0.2210486373446292
400,1.0,0.839215577851069,0.8043046307882997,-0.030387231370990267,0.05739438115814233
401,1.0,1.0223863654316814,0.815000022468204,-0.14942266459303208,0.2917260918761949
402,1.0,1.015915211733225,0.963779442756767,-0.07292259170865081,0.03864349968267178
403,1.0,1.0959549171007346,0.8775874054308994,-0.2152241313875727,0.1941440241740504
404,1.0,1.0006407988767252,1.287975505587607,0.3081653322289882,-0.28766687989097967
405,1.0,0.7982969219399751,0.6864995359161213,-0.22115736563799024,0.032651030695848515
406,1.0,0.9695802393716044,1.0526933495511703,0.04160717513202951,-0.1581515650536427
407,1.0,1.0164748206916554,0.9811333455249083,0.04706273253897735,0.12691646861963277
408,1.0,1.1134849966517912,1.1752769423396057,0.06772269336150094,-0.0648293689772087
409,1.0,1.0628436521320472,1.2287878394502714,0.1397644141172911,-0.21029296062654323
410,1.0,0.9897085920770604,1.0672702164098973,0.12690514392440688,-0.06410925776705945
411,1.0,1.0690115466581327,1.0331857326255967,0.0038236087419260406,0.07699219202915242
412,1.0,0.9592641816544412,0.9954699632401398,0.07530654476874475,-0.013514850520674582
413,1.0,1.1272092107124227,1.1466496161070165,0.09103460963361293,0.019643671678802876
414,1.0,0.8534430791731672,1.0115839675180653,0.1434488175971253,-0.1548230846475065
415,1.0,0.8972559677997062,0.8909241941756546,-0.07312003764540331,-0.05337123007089978
416,1.0,1.165555710687969,1.1337255481264301,0.01859871532666893,0.09199478769405678
417,1.0,1.0408526781322405,1.3107902331698633,0.318655207827378,-0.2204927124793583
418,1.0,1.0480101980148433,1.1651762172838205,0.0420272918989659,-0.2506847366284575
419,1.0,0.9220683933922896,0.9491218839102287,-0.019199619224175762,-0.08198794836246281
420,1.0,1.0747998801487832,1.208114144669512,0.12795368726971834,-0.1811588098549577
421,1.0,0.8624094880145936,0.8647465126292405,-0.02151925884235095,-0.02156971568919255
422,1.0,1.0202081585251865,0.9803419006744941,0.03280802308982911,0.12223105353025918
423,1.0,0.9830632906933707,1.0932327750241344,0.15980978847964394,-0.07908524348673907
424,1.0,1.0687264323393275,1.154921617681585,0.11313039505618905,-0.06599527988781986
425,1.0,0.8892299155950362,0.8664569531002578,-0.10144359245968519,-0.07904537759412289
426,1.0,1.0453292041434645,1.0373522540617728,-0.016671180732578318,-0.002911338685118947
427,1.0,0.9520867073576044,0.912702505637003,-0.05389342096619181,0.02652845610798027
428,1.0,1.0821540283703028,1.1566155133478073,0.06270158266299516,-0.09933848507381682
429,1.0,1.0377046844605493,1.0645531419424543,0.06932686943778857,-0.010126062037871586
430,1.0,0.9347787545940542,0.8243111237397568,-0.04461087115181112,0.21573287690088228
431,1.0,1.0147678572733112,0.984490260238069,-0.0646355153632172,-0.019300326215525587
432,1.0,0.9861897250654406,1.0571794894408617,0.04572773948767328,-0.09605851432474544
433,1.0,0.9558798815017628,0.8504712756673387,-0.16070747624382534,0.02721420357843396
434,1.0,1.0416848951481819,1.1159115839844476,0.14401878946955757,0.024603782889970557
435,1.0,1.0924893545532652,1.1484888296933997,0.05974557653265835,-0.02010422402994272
436,1.0,1.1045137451848221,0.9125809136595723,-0.08211126860858543,0.26957706692199335
437,1.0,0.9909410547556188,0.7821398300367559,-0.25401508105855847,0.17203955974838725
438,1.0,1.006680558859167,1.0005739682757981,0.1896031774670778,0.14399942418533748
439,1.0,0.9415822478104882,0.774412016601827,-0.2433739055763391,0.17428780844879752
440,1.0,0.8316714537415716,0.9241519204631968,0.007457534256944509,-0.16065189300381655
441,1.0,1.0758954965299026,1.102182956292894,-0.024053539114345535,-0.059962062815740014
442,1.0,0.9525153811253647,1.1633449889006895,0.26005497792599774,-0.2776494862301371
443,1.0,0.936892821408873,1.0352180560115682,0.06208666114760892,-0.12469321630282382
444,1.0,1.0070507916104616,0.9260328200861233,-0.041805404960834916,0.10992940853589761
445,1.0,1.1140602959312464,1.2201902154972668,0.15739389838100626,-0.08904217932142
446,1.0,1.0654892401513991,1.0614979725436446,0.04428721270505801,0.045699259326434594
447,1.0,0.8048213928144441,0.8376837546695256,0.025397158477210205,-0.04349115340969223
448,1.0,0.9260544152223235,0.9279550751169008,0.12001674501174357,0.13760755474187392
449,1.0,1.0972894954148595,1.1105006261042931,0.18549775002533286,0.18628283261481637
450,1.0,0.9356043117252069,1.0194456397963512,0.12521193198106645,-0.0907498441611104
451,1.0,0.9334044981669197,1.1929168055792647,0.25651766603772264,-0.25431933617438784
452,1.0,1.1133499708425516,1.2347563064038978,0.23203342322478543,-0.10799896637298301
453,1.0,1.0046864647012805,1.091632656589772,0.10364586007267618,-0.09525382541955785
454,1.0,1.2095388761810753,1.173791696410474,-0.027871758625960145,0.01787549237925069
455,1.0,0.8579755614408437,0.9409454553052062,0.09484640220530266,-0.09269164790247975
456,1.0,0.8716067484956864,0.7735388299543943,-0.10130200790171112,0.10730738526453165
457,1.0,1.0854304584465722,1.0323611783108069,-0.007948899780410384,0.07789245554850022
458,1.0,1.2250088258596263,1.2459708564456262,0.013005445027807011,-0.03783768833373635
459,1.0,1.0370756201765903,0.8568565360673873,-0.13299047459915497,0.2664494041592026
460,1.0,0.9806055277799267,0.9366758423276194,-0.12302480113242173,-0.04837661943363902
461,1.0,0.9869937923353138,1.104643711392705,0.13419962566271154,-0.10540093483982549
462,1.0,0.8445622215496814,0.8270590872250216,-0.0718378422052749,-0.010085566522593181
463,1.0,1.1141841719250514,1.1104592822853547,-0.07635993804010366,-0.061164631269976955
464,1.0,0.9466780131196514,0.9526590020848545,-0.05646154370032723,-0.11937969728120057
465,1.0,0.8740235372492785,0.9047800432186601,0.06056806172227437,-0.03247140561345052
466,1.0,1.1041518166611812,1.01741171906349,-0.1442583499152531,0.09036249529523988
467,1.0,0.9151920190062927,0.9681381267219836,0.09329060160980227,-0.023399592497228783
468,1.0,1.0557384025841703,1.0333886367795344,-0.00862973260007216,0.04488086879007447
469,1.0,1.04706030923519,1.0810828324360118,-0.021540813441787578,-0.1124149578555853
470,1.0,0.9424593240837106,1.0328474541863824,0.061049704459287084,-0.14924147806464672
471,1.0,0.875695959907038,1.06021309790072,0.13937332010567569,-0.2576643723435008
472,1.0,1.0499403975048849,1.0115876924744864,-0.006618722447965131,0.06552010522958474
473,1.0,1.0241302821316316,1.0961315106676117,0.09481192940182412,-0.048028848797212365
474,1.0,0.9865797115580667,0.9383111550344799,-0.11684021734500413,-0.013783947557812981
475,1.0,0.8040590114497683,0.954005103861163,0.1783921706523216,-0.13713787366927138
476,1.0,0.9196383306524771,1.075747154947321,0.14992204911000817,-0.09625962120456244
477,1.0,1.0316631620493748,0.9562112170675185,-0.1698744299194062,-0.06180903890610001
478,1.0,0.9228828037381228,0.8544362205337611,-0.014716155251628837,0.11516341439187128
479,1.0,1.1253079835419586,1.1101734064261437,-0.05479431842515956,-0.04311112420384633
480,1.0,0.9437741834055032,0.9298903198983693,-0.0054956159778728475,0.02500102084035172
481,1.0,1.0543953197444038,1.2161150310709887,0.2013507737822374,-0.124520350414983
482,1.0,1.0761534576456722,1.1019443982902493,0.0842020067259173,0.01765718326944022
483,1.0,1.116805968918176,1.1901377218172584,0.16627179663473893,-0.032313551124389495
484,1.0,1.2141071221710575,1.2278844015086685,-0.0034619418484526515,-0.03704967369654755
485,1.0,0.8977335803001693,0.9586796210609174,0.12392027785734301,-0.01346592022456572
486,1.0,0.8601422131202163,0.8790856203472156,-0.018041045266365033,-0.06420029540902715
487,1.0,1.0556724051294966,1.026071751066436,-0.061860793914281016,-0.0059668789724237675
488,1.0,1.033197432758201,1.0814097231894897,0.05373813871390351,-0.03304048796069538
489,1.0,0.8521749807288694,0.8895757712461182,-0.02086450381087112,-0.12050709441298246
490,1.0,0.9354326196374585,0.7940513848286416,-0.1499976249015893,0.14398726436511255
491,1.0,1.0546161133074534,1.1876245345700616,0.2581223785260735,-0.033931123844298194
492,1.0,0.9791036222886466,0.7562442247087074,-0.09791119981950502,0.3032452646644493
493,1.0,0.953747651559643,0.8789342709020119,-0.14901983394154095,-0.020059489203390096
494,1.0,0.9322506921040634,0.8204818718566642,-0.16234678811374625,0.08018922251563387
495,1.0,1.1581025940912446,1.2062512679711037,0.13955018865033852,0.016428685605866147
496,1.0,1.0945507724491295,1.1201517661166804,0.05878612714906912,-0.006359842587019937
497,1.0,1.1260588607880062,1.0636856132739212,-0.008486084729678142,0.1477338352521903
498,1.0,0.8481790987751415,0.7273311572044919,-0.131997566867936,0.1280986159316736
499,1.0,0.8214201652913924,1.0221704642031624,0.10810096595667959,-0.28999103659856496
0,1.5,1.5784261362039642,1.7799356258411387,0.24651949075653165,-0.3256833703556843
1,1.5,1.3215182016178995,1.1601538782798866,-0.16324415056274633,0.14357764320360422
2,1.5,1.416161344689981,1.5041495347368419,0.06183624063547347,-0.09926906837777072
3,1.5,1.6480524746682972,1.5057047012903697,-0.18713875877947278,0.08060545806333075
4,1.5,1.6799569408707342,1.6681198193522446,0.043794472729742163,0.06059561214900411
5,1.5,1.5476649501811843,1.6127236288772528,0.0784404407673831,-0.08945159651774477
6,1.5,1.5764967771334877,1.4146861989738224,-0.2468110557550919,0.14602380317802
7,1.5,1.5274105200851489,1.5512429764988334,0.012762140039320767,-0.055668344412484805
8,1.5,1.4548811128931416,1.451242397048733,0.056770217697191476,0.0627246173868268
9,1.5,1.7443083380269533,1.6890047070171872,-0.08769756206713361,0.03431334225716787
10,1.5,1.542015718590512,1.436106797343738,-0.3163621042292449,-0.06832606604944735
11,1.5,1.5554038993056132,1.532651265971706,0.025555383199817178,0.06987715581215881
12,1.5,1.5940101786406127,1.521655034945848,-0.08224718404953729,0.08720561561591511
13,1.5,1.5592743435011498,1.514276869929547,-0.05292773877480121,0.046617033317711276
14,1.5,1.5396803190143915,1.3822985367317226,-0.145921209556056,0.2302376614126821
15,1.5,1.4093770312944798,1.4898635380771836,0.1517354362662526,-0.027388580128103635
16,1.5,1.5850829309511991,1.7333839306432897,0.18921212971061796,-0.1401085597690178
17,1.5,1.4751955476769985,1.4033433165221534,-0.07998363414390783,0.07200591782479515
18,1.5,1.464136679984105,1.445282995902909,0.008865770140071928,0.03300553379606619
19,1.5,1.5050743806994595,1.4266221063744253,-0.13727676006642098,0.038142816046753625
20,1.5,1.5224918770328364,1.6108387115907654,0.03227074287434806,-0.0974252352411169
21,1.5,1.4553126784356891,1.454115120675027,0.005654790430649065,0.007843257773271106
22,1.5,1.4186730895949031,1.4767093729321832,-0.01695708740783705,-0.12217289328255476
23,1.5,1.486040586368526,1.534576076851345,0.017900369794735308,-0.08775898089252973
24,1.5,1.437829546990514,1.4788667570821503,0.017481606281911474,-0.06280329401100793
25,1.5,1.4313501320949675,1.2588944549059933,-0.19499777444953947,0.15609670129283326
26,1.5,1.4175282778528557,1.4749768270525043,0.14869795580458567,-0.010286124789552709
27,1.5,1.432019839755526,1.5086549439918517,0.1212605145498491,-0.008290509022448836
28,1.5,1.2832064751874046,1.3322014696200448,0.1714355394119541,0.015183115775432618
29,1.5,1.4917473732720856,1.5227617023811901,0.09189188032260003,0.029140113258216194
30,1.5,1.3885247711342266,1.4048802285157207,-0.004687290517368936,-0.04374456373503599
31,1.5,1.572599712423769,1.524497160983211,-0.08242159770590904,0.019788542735378778
32,1.5,1.4149401213547006,1.4650370627482032,-0.021257829431789013,-0.11615784492946389
33,1.5,1.5320011507289906,1.524438387988152,-0.013775771630611486,-0.010727775286958341
34,1.5,1.39026831044594,1.496674529744755,0.08909386399649985,-0.1376865481541949
35,1.5,1.6206714805955915,1.6751774500192769,0.09129731126952023,-0.04903588624132116
36,1.5,1.4062638742203826,1.2594043375641495,-0.09171203270318741,0.23763113432669236
37,1.5,1.5657539215915215,1.6615464675565914,0.08091308453859447,-0.147557024893487
38,1.5,1.4727213600969642,1.3995627420484476,-0.08293750503286573,0.09170751925948228
39,1.5,1.5500412263698151,1.6450320692797755,0.035877193271761074,-0.16420464600477802
40,1.5,1.4696693945449335,1.435621123014816,-0.16614199729347917,-0.07823505521196283
41,1.5,1.6752024951443618,1.6804612912723988,0.0027220006348155357,0.007431543636326657
42,1.5,1.461131032872654,1.5949990569303103,0.19252258162442307,-0.10454182165306891
43,1.5,1.4523329361654045,1.522212087058535,0.11918056002692076,-0.045110721489382104
44,1.5,1.5852399616344082,1.627669924416014,0.06958429226421613,-0.02598743021571237
45,1.5,1.3399935559062177,1.355490872536294,0.046049164386790895,0.004499566527653709
46,1.5,1.6454741082036874,1.6593552366929403,0.028877755426610308,0.0003599367093898298
47,1.5,1.5720793996965852,1.7188123736890972,0.15974616479245476,-0.22326757542371856
48,1.5,1.4621972364363531,1.4069371547245517,-0.08946250066805668,0.04853319185835514
49,1.5,1.4101764810792565,1.3477033583980442,-0.0004600837727637419,0.1717499035817177
50,1.5,1.4417655068842223,1.482817815050475,0.08216078289552492,-0.016429903286270364
51,1.5,1.6171687440559113,1.561911378975257,-0.2094285284642084,-0.05338838694270698
52,1.5,1.462819074188127,1.47481660417852,0.00484101027902182,-0.019680217046215486
53,1.5,1.4069794142998155,1.4255555691122215,0.05709393341860223,0.031300136558220726
54,1.5,1.4184887955467944,1.5305081019826803,0.1803547159695039,-0.10032541369682425
55,1.5,1.4391349952695407,1.3230436813179394,-0.03926218818536499,0.22382288335497688
56,1.5,1.5881628026549013,1.2972999958519305,-0.15319783531589115,0.3683070827940192
57,1.5,1.4460727955552588,1.5134789721967086,0.07096370202126256,-0.0979105149449413
58,1.5,1.39578674220424,1.4691363608285413,0.04877737366990937,-0.11090674392462282
59,1.5,1.454136788344681,1.4916433522367805,0.02763158473935695,-0.0636822401242787
60,1.5,1.3758355376959512,1.4358871554412147,0.09275301156735993,-0.08238863432435695
61,1.5,1.4287975084281175,1.3788448906156592,-0.023171217032064595,0.10330402176982073
62,1.5,1.518450784809085,1.6735880836261712,0.2936963937085435,-0.039701394668711684
63,1.5,1.377269698712569,1.2849828507613652,-0.1273974642209617,0.048561692879056095
64,1.5,1.5856959935677988,1.7228812412419166,0.1331177335880908,-0.21442170920996304
65,1.5,1.4803362934397806,1.3978432821826121,-0.18622125837749637,0.03897618212970522
66,1.5,1.3484304006355092,1.479928409367455,0.11319815232982125,-0.22613547888439012
67,1.5,1.4317516731876339,1.4934805581225152,-0.059700478705535576,-0.14677468007613292
68,1.5,1.4259255459397173,1.3925139366367805,-0.06664872162075057,-0.0014675017879455243
69,1.5,1.3895565002857666,1.4052659814907045,0.058638277925375556,0.009084443029452771
70,1.5,1.58192246259478,1.5952557104340586,-0.11636298191276888,-0.11179002961023143
71,1.5,1.734232966868972,1.6323798921915211,-0.10982030144391772,0.10072171543627906
72,1.5,1.4958278955149968,1.501377039089889,0.007420216423510593,-0.019474469629727986
73,1.5,1.502676406443793,1.323440601685595,-0.17294819371656361,0.2400932844284992
74,1.5,1.4651974734034003,1.2555913961544787,-0.18786072966380454,0.28097965400173525
75,1.5,1.5208701634002844,1.4924886282798084,-0.09060600820523099,-0.043286595342842404
76,1.5,1.48052749072975,1.4925868489079217,0.03855881255646883,0.006438216487059778
77,1.5,1.5309899883654272,1.6071828412975662,0.13040767325318997,-0.03919572339784727
78,1.5,1.4566124549493515,1.541471045927566,-0.03132329730141703,-0.23192941641553358
79,1.5,1.6153084772498876,1.5684216879632182,-0.11638200739845958,-0.03484063276288918
80,1.5,1.639525852900669,1.819845589963491,0.16399800569484096,-0.2136852517595491
81,1.5,1.7385537074671131,1.6545198386719109,-0.10841938947942457,0.08247254414896209
82,1.5,1.2947396667389268,1.2969677393931498,0.12124273544522535,0.15464558388913216
83,1.5,1.6572734101913396,1.6353111989196383,-0.018775640208170907,0.02079906090394701
84,1.5,1.4067176616630888,1.236508722559875,-0.2185584006634958,0.19936839323915412
85,1.5,1.5515170484506753,1.6604611230813848,0.08985788068541765,-0.08073633927693247
86,1.5,1.588283720926596,1.2769368057908934,-0.454659272228815,0.19398450518472976
87,1.5,1.4922199461081966,1.4399338664863994,-0.03671228235138775,0.09971815610797152
88,1.5,1.3418614243590936,1.2180221240518572,-0.12814133495954982,0.1255126723511294
89,1.5,1.3233552974936253,1.2353325781328381,-0.14716974440560737,0.09442783811894184
90,1.5,1.2793153568983344,1.277410654561501,-0.03172414694646275,-0.03169423370922364
91,1.5,1.3739304686776714,1.4792490812500787,0.1401591014927509,-0.06886659848524931
92,1.5,1.7017805499298935,1.6128588779292987,-0.1434828742924893,0.02187919139684502
93,1.5,1.6323925913369515,1.6964916823239389,0.1050093639502768,-0.03487138385598576
94,1.5,1.4067616135418497,1.3773958609731167,-0.08063627723214402,-0.0036676516901856804
95,1.5,1.6452762860514245,1.4102249319515259,-0.1739942467042067,0.18332321870745993
96,1.5,1.3852716552225222,1.4342007584147163,0.03497844317679107,-0.09754774991678006
97,1.5,1.675594972838006,1.621379152327276,0.05114501316552167,0.15045895553641161
98,1.5,1.4689980869956867,1.4239236671119244,-0.15839863323735653,-0.03475065481068529
99,1.5,1.5078361313384137,1.540198310904172,-0.031106057214917743,-0.10420097569919051
100,1.5,1.5971925949830323,1.4476910607649183,-0.06049942270971265,0.24455750352894565
101,1.5,1.6590724377991746,1.636490316995264,-0.07816007686047743,-0.025161876726995214
102,1.5,1.520203871968419,1.3333062667538738,-0.16460822999285452,0.25503327965859746
103,1.5,1.5494822631591672,1.4853062233984962,-0.0038694690720160185,0.12750092341596475
104,1.5,1.5395643530060974,1.4138733663971939,-0.10111996245390233,0.16570154894489286
105,1.5,1.5286749922838898,1.4001932345146928,-0.1296601869664958,0.1458684339402053
106,1.5,1.5985566141456906,1.714451170122325,0.17833366616544657,-0.09276167862773477
107,1.5,1.5585129727832754,1.4824524097662413,-0.09936329476716632,0.05693496786273977
108,1.5,1.5035351959398007,1.4964298020406785,-0.05374441101360955,-0.036914416279760554
109,1.5,1.400577991299811,1.2407635569340123,-0.09251026217040333,0.26337308504464596
110,1.5,1.5437559070479867,1.6088678776588636,0.08814779978928478,-0.054603594204908755
111,1.5,1.6254364634532579,1.8340590844987497,0.314898906858037,-0.23930001681305435
112,1.5,1.3180311478768125,1.3249744654533007,0.025932635737089767,0.005858173511552695
113,1.5,1.630801403286934,1.5816378623175296,-0.07096311124852075,0.013883814693404273
114,1.5,1.449692815033685,1.4092743614257741,-0.0696775798122054,0.03442552817577815
115,1.5,1.6273340704443446,1.681402500950284,0.08541215570980284,-0.03853267978350017
116,1.5,1.4866123737887809,1.537348591306426,-0.131413758748549,-0.2053522714185818
117,1.5,1.4046438868744908,1.4962552430666596,0.15155542212139642,-0.029427611427138234
118,1.5,1.442005364849711,1.5373462158904898,0.16604768167592238,-0.07276664469147298
119,1.5,1.6279964035607002,1.6734244907212743,0.04912504513182482,-0.05756940733259319
120,1.5,1.4507732944427194,1.4275329903022305,-0.007796976752164453,0.048789631416673584
121,1.5,1.4771740126048871,1.6077570583581164,0.12284935811175443,-0.12865050271655265
122,1.5,1.403555692126885,1.3271197162648205,-0.11260584473903221,0.050454711574272726
123,1.5,1.5256228586936165,1.5287542197184818,0.010345258917343142,0.009003960795223254
124,1.5,1.454449619239655,1.504184245625501,0.048614562588609966,-0.054145417302095634
125,1.5,1.4706941948136019,1.420333227428673,-0.01600416200579151,0.1034416289713852
126,1.5,1.4625604396396152,1.3099315999515038,-0.10548321045960439,0.21506288327543566
127,1.5,1.3593702563177292,1.14149166243489,-0.12045197956796212,0.3179741279430339
128,1.5,1.6611197873311538,1.6272544499003403,-0.018379748991416256,0.037950663000265616
129,1.5,1.430629366120729,1.4721531719570498,0.021268040991795977,-0.0688255197609927
130,1.5,1.4001862188298428,1.421432946135381,0.01114241711226778,-0.050316785149012055
131,1.5,1.5019198327804264,1.3043560222430426,-0.28635978266266787,0.14667026460035482
132,1.5,1.598451579691624,1.6220051792305452,-0.010335742818262252,-0.06559657702786668
133,1.5,1.6152588997882573,1.6299232976641413,-0.07988356258973303,-0.09896210288066139
134,1.5,1.5379804595200437,1.473475507693995,0.004711921729515655,0.12130875132313212
135,1.5,1.5545799019476716,1.6083267329031627,-0.009951900658964757,-0.11592715361259276
136,1.5,1.6658019237092143,1.4386085778391025,-0.29539362665531366,0.2897794110211642
137,1.5,1.457585234627267,1.5137322784271992,0.05547836560742072,-0.057787630679406954
138,1.5,1.527282282989224,1.4029234605405763,-0.10712518889320008,0.15356343003143313
139,1.5,1.3760595204792267,1.4185846054074114,0.061751533431056035,-0.0031194875445863524
140,1.5,1.356225610969078,1.2835280275004406,-0.17829538600610406,-0.020547536656122082
141,1.5,1.7074877345821478,1.6856595627855306,-0.05455801104923935,-0.02961041222584271
142,1.5,1.5761399723270961,1.4662664415657747,-0.09138395627103824,0.09885761811107485
143,1.5,1.3663816463667346,1.321888600804999,-0.02738105743591807,0.06593888272791548
144,1.5,1.5922774737987337,1.391087750747077,-0.17172785298271823,0.17877474923570746
145,1.5,1.4395330806088311,1.4099681849391121,-0.11510911987684236,-0.005286324772405232
146,1.5,1.5505827101920024,1.3970154959587127,-0.1513542081621114,0.2087825267223029
147,1.5,1.3671214804701486,1.4202051735772696,0.051311227289474376,-0.0806368283678699
148,1.5,1.348645537287891,1.3542949569054346,0.03501189822257896,0.027149678980953315
149,1.5,1.5117970730160697,1.4688534819211747,-0.054362424865283206,0.02326014447248559
150,1.5,1.3541280934413935,1.28487662896076,-0.03869430214554981,0.10007640626274572
151,1.5,1.5092658750591421,1.5764346208924511,0.1393052897294529,-0.02434113073192134
152,1.5,1.6505451905616118,1.6984463503859761,0.07112633403513871,-0.04987315427779136
153,1.5,1.4437971131606302,1.4529331791240778,-0.014925467362331173,-0.03470267001055315
154,1.5,1.3948603886848066,1.2550143389847084,-0.2655660096101977,0.06810998665616719
155,1.5,1.474166079497771,1.1004242471670094,-0.2321000649230055,0.35749706743065635
156,1.5,1.4183188948539678,1.4401409525525928,-0.029300626352710926,-0.08183471819006637
157,1.5,1.3633263267308542,1.5251871835376734,0.1716121221421306,-0.20713387460227328
158,1.5,1.226451633298534,1.6964393360351142,0.39821515307031974,-0.2675626836323661
159,1.5,1.4302602574456733,1.3241945397507335,-0.12804450587216065,0.09293747744089419
160,1.5,1.4758521855817608,1.3670547293641668,-0.14665861207501477,0.08635896526098874
161,1.5,1.7148253417326507,1.4427681298078177,-0.2983911956773526,0.24058927525870483
162,1.5,1.5125813534737396,1.5766092256515107,0.09075898893447064,-0.05903384702371116
163,1.5,1.417444316351233,1.3056031696230512,-0.12260546362134243,0.11762328245478237
164,1.5,1.5235846268172228,1.496731543721083,-0.13586075236848472,-0.041785139129569326
165,1.5,1.3429275499943383,1.4118823620188283,0.1376372322007503,-0.043698527068708026
166,1.5,1.5088400718592792,1.452096584129245,-0.021676267160341923,0.10188006002532601
167,1.5,1.441984440292491,1.2434288299697724,-0.07457418028031176,0.26976421181772725
168,1.5,1.4753405764611982,1.44974174371543,-0.011679129397151905,0.05006162973713735
169,1.5,1.4135956653962096,1.3098653393999857,-0.18167092619377306,0.0416810743028081
170,1.5,1.4040319050297039,1.3098776954427582,-0.11416951089408886,0.09974769748407653
171,1.5,1.5072969160654603,1.453755523251185,-0.06401484525987544,0.03596724266492335
172,1.5,1.5957811540188789,1.762371142582732,0.16613121660635954,-0.25123783058078386
173,1.5,1.3494154187625074,1.377921748857762,0.17597201657955247,0.12888668682980742
174,1.5,1.6382068451345426,1.5698238125630464,-0.0926512053572851,0.07019477965337417
175,1.5,1.4614892854344206,1.4297972641787664,0.061352575358575356,0.10980761517171977
176,1.5,1.3845153895333226,1.29793760705842,-0.1459102803333708,0.05528098792172209
177,1.5,1.4401004902350552,1.3120489246229394,-0.18040689079323824,0.11976390525519387
178,1.5,1.438207477789403,1.5193636266956698,0.1230279902914537,-0.07297914533935312
179,1.5,1.5159877896684546,1.3381679221913665,-0.15239345008527178,0.16970236743695477
180,1.5,1.4808866960100389,1.3565740870438172,-0.18134801115510965,0.11571425664818621
181,1.5,1.5085784985176502,1.6560148654166547,0.18238510482012169,-0.05045592988537684
182,1.5,1.3959863225581979,1.1768118055950634,-0.21841506706533653,0.24025799019136163
183,1.5,1.5496057092231497,1.476203307663659,-0.052178947270660005,0.08885342553399322
184,1.5,1.4471657804509959,1.5230728260942623,0.1344029237309716,-0.0844400901769241
185,1.5,1.4334913834460805,1.4177225721415814,0.02479742786800738,0.09193339951760647
186,1.5,1.3829321633520448,1.4196565085411925,0.05671936473899236,-0.03679438587823358
187,1.5,1.4431246636216508,1.5998227741630133,0.2574301561767276,-0.11591254667734519
188,1.5,1.4526794589210086,1.5412956090912435,0.18857545995308655,0.03153818722754331
189,1.5,1.5880751437579126,1.5605656521031157,0.03650556431321185,0.09631998363040839
190,1.5,1.5426992280492449,1.5914541521474286,0.00357598633696328,-0.10293180447958483
191,1.5,1.4854960344236254,1.4601193898958156,-0.07031883997130109,-0.033734381885399456
192,1.5,1.5765026454229718,1.5688361063123148,0.06480749543068723,0.06788314095666537
193,1.5,1.3909115176122955,1.254340340356155,-0.3326706515383769,0.02561845140626884
194,1.5,1.4226654892677355,1.464943660185386,0.07483095077696411,-0.02037324542310559
195,1.5,1.6017659016245045,1.449245558753566,-0.28271334108484847,0.09643317858033207
196,1.5,1.4333110468653825,1.4276684338512204,-0.0036689343847769312,0.00820341448692874
197,1.5,1.4960390068703335,1.425981284916949,-0.12187504348156103,0.05855783675854376
198,1.5,1.3848003025535167,1.3656428875202655,0.029605989935541532,0.09723965120666447
199,1.5,1.4128838397422372,1.2844388995878642,-0.14333880135621244,0.12060222840052237
200,1.5,1.4975580730029159,1.487041926560998,0.07385668375015464,0.0630444474203949
201,1.5,1.4993495635660679,1.4535966419209865,-0.05769593031952977,0.06271092459121741
202,1.5,1.5634573876169018,1.7038748481735595,0.2435052367567584,-0.09032110321114115
203,1.5,1.5797105072227637,1.6714280610674972,-0.004345893638833531,-0.17753211145251532
204,1.5,1.5005346386020102,1.5909949060343669,0.044309389178100206,-0.16361529303005606
205,1.5,1.5153903576268275,1.392466691256798,-0.17415919694121101,0.05451544784030338
206,1.5,1.5566538062303963,1.5867298055933736,0.029555206480603845,-0.05534708697271472
207,1.5,1.4838877801613994,1.4672405569909868,0.030698049293625185,0.07308371943362335
208,1.5,1.5473527315998692,1.6974234767871357,0.21492168816551782,-0.17095672851728771
209,1.5,1.4594696368876097,1.4613548181636367,-0.015440373579250072,-0.021983941051360922
210,1.5,1.4533744037065706,1.2403722633715477,-0.2459377355204949,0.0661153680308476
211,1.5,1.476732769116042,1.502640625179625,0.12338071122723893,0.04452023804873792
212,1.5,1.369954200302483,1.4017181668650236,-0.003202119277164052,-0.08346971635807399
213,1.5,1.4116938216156114,1.3722511879035595,-0.08616987601727508,-0.011200663853008552
214,1.5,1.440031576562496,1.5363334831094637,0.059911484304488276,-0.15230024933284703
215,1.5,1.459534105174893,1.3127975772677392,-0.09553515535223739,0.187913347991983
216,1.5,1.308158401962956,1.2057411462200316,-0.08390382044012244,0.09481077443545682
217,1.5,1.5116340042234453,1.4659575510224663,-0.05476556930066932,0.06104527052597806
218,1.5,1.5873477561170592,1.6423956380497229,0.07332623514856228,-0.045968730544347025
219,1.5,1.5839213412484776,1.6196909583581875,0.14778157218220164,0.03988190132561809
220,1.5,1.3442385423217356,1.4518078036388935,0.2112098685009407,-0.03832750938261453
221,1.5,1.3643445137926367,1.4934665889957786,0.1830184943854305,-0.11629842753081732
222,1.5,1.5143948220471342,1.4517927750307003,-0.01628665564627725,0.13193811130723443
223,1.5,1.4671834341232788,1.4280991811798085,-0.053256765694672525,0.039108957332580796
224,1.5,1.6184301043142482,1.5927835638360996,-0.002649145023003216,0.059500983438372734
225,1.5,1.5175672854060318,1.4675396827136693,-0.0204034890036854,0.05986301489865386
226,1.5,1.5818554663138917,1.5072569041083566,-0.07618960456533069,0.09835153187121182
227,1.5,1.720793833701432,1.994320162293162,0.21919424865593884,-0.13855437779615531
228,1.5,1.5677309649251376,1.7546451715691693,0.148744999290083,-0.2168964634900248
229,1.5,1.4051880791192515,0.9392641605615296,-0.4617293817559727,0.2796875981955943
230,1.5,1.548249205956391,1.6505501151518431,0.11163123770812217,-0.10819005821231165
231,1.5,1.485732918816309,1.5922616615195104,0.11522127201547905,-0.06736866893345017
232,1.5,1.5441677758141779,1.5863279001021995,0.0923479819091729,-0.008639449170630753
233,1.5,1.6752091813661731,1.7315495626754722,0.043063506204995765,-0.07299154503328187
234,1.5,1.3955078218286645,1.2762713654531992,-0.14729845417648763,0.06384037705224732
235,1.5,1.5274068599829884,1.6703654509237091,0.2832554607474171,0.011905747286839201
236,1.5,1.3177709823903472,1.234337967223974,-0.0945229846131175,0.107014318942251
237,1.5,1.5058958404412084,1.7446120581258606,0.15250801146959764,-0.33451255737420516
238,1.5,1.593038784085744,1.6693954714175057,0.1294718244541967,-0.034778207383459894
239,1.5,1.5044528588863453,1.534375101870815,0.08345271835942314,0.04729295138273684
240,1.5,1.5160532294410651,1.44648383584699,-0.07124858929748269,0.07299587399164897
241,1.5,1.5147103580431982,1.5347820166405968,0.14518786945603737,0.08791815653421065
242,1.5,1.4196231043315222,1.3350778044871074,-0.13637889375679932,0.04941885807486433
243,1.5,1.5776309922992997,1.5719361697347551,-0.08095956272885083,-0.08105373687238249
244,1.5,1.4616954858098,1.2716230978954663,-0.11475564642572636,0.28126717593546535
245,1.5,1.4750499474166654,1.5239349477542914,0.013867338518172734,-0.106718939103575
246,1.5,1.409398980700169,1.490379198444201,0.1320738939559999,-0.054034672703132225
247,1.5,1.4197262620904447,1.4894482355422118,0.03637187810906686,-0.1650624779681502
248,1.5,1.5167708233435284,1.3049127694609084,-0.25007008919933577,0.18993974567696315
249,1.5,1.4882694237271303,1.4741312919105152,-0.09524428588986435,-0.07079589179851231
250,1.5,1.379726417936688,1.313505415064863,-0.1387495458624434,0.011714605022926428
251,1.5,1.5525111813494872,1.4003396719934618,-0.14589480346766637,0.2137831829381377
252,1.5,1.5345905800538562,1.6640929861040115,0.16207078667448377,-0.06756511451810798
253,1.5,1.5119890843873511,1.5583786711207528,0.051881212711044455,-0.0410577489988051
254,1.5,1.5142183621095355,1.64994010163247,0.094521753050478,-0.20638928853642913
255,1.5,1.5741279776714059,1.6494135650365873,0.02636547610611846,-0.1134686018269403
256,1.5,1.5506062608436268,1.5401789952444047,-0.05553224703431319,-0.0168772239338415
257,1.5,1.4430921076779206,1.5810837029959575,0.16019514727802242,-0.1908420745823359
258,1.5,1.5530952968271772,1.48443186028068,-0.2099772756286977,-0.007858302099588377
259,1.5,1.398182029286981,1.3561286557324492,0.01310344909996719,0.16511923349347446
260,1.5,1.6597553404907985,1.5870164037218149,-0.07730943355306596,0.06542544781929445
261,1.5,1.6080766911736697,1.589681855889878,-0.054543703946475786,-0.0701644649895039
262,1.5,1.3573500632930096,1.4958160586191251,0.20737477801678028,-0.16549858443001075
263,1.5,1.5139370133922154,1.2980104043128746,-0.2479932001479611,0.27477168698847654
264,1.5,1.3804296146851984,1.3784458883928503,0.09963144389003362,0.07027059155227255
265,1.5,1.6640628742907735,1.54779866850142,-0.06353449879545703,0.21161117720671055
266,1.5,1.492041978659055,1.6714605653130097,0.2121557500640398,-0.15626724998094685
267,1.5,1.5733711158196395,1.6382650910239704,0.00334969997453885,-0.12586808559482665
268,1.5,1.6258616392217464,1.5555187558715964,-0.03251006577640117,0.15074551386563062
269,1.5,1.6438551534729255,1.5350504307867794,-0.09252678612961221,0.09389253741434456
270,1.5,1.623857901731752,1.5894640654284826,-0.19644932234878676,-0.10445769654755899
271,1.5,1.6165829802564626,1.7023064097179204,0.1111141132610821,-0.062246305596428186
272,1.5,1.5615440987593894,1.8060414516421905,0.3135158980241112,-0.16193427977472452
273,1.5,1.5142130981474515,1.6414292218731101,0.2050851050409669,-0.13627291611852954
274,1.5,1.5524363476635186,1.5439218745304886,-0.014688341494591334,-0.013784375556029405
275,1.5,1.3587606620723018,1.2655383529003519,-0.016805730415532016,0.18233422145489486
276,1.5,1.494264888556254,1.4633397744709393,-0.07684931090140393,-0.032453728932942294
277,1.5,1.5149333122427482,1.4827429160551227,-0.08712153033820162,-0.011592839693063128
278,1.5,1.420515007624026,1.268668694767047,-0.15762590858283265,0.15331771677860373
279,1.5,1.471458307461426,1.460280795576397,-0.021092374581447172,0.002943698742825962
280,1.5,1.490729150151301,1.268579632713534,-0.23932485680411952,0.18606597178185458
281,1.5,1.746586474589208,1.9145427096363643,0.19423100579528374,-0.13933677293931027
282,1.5,1.6377580844537685,1.769763724876327,0.1336396074551443,-0.13916031627674996
283,1.5,1.4559153446199646,1.5370687246136852,0.08633618547168069,-0.09902503127377649
284,1.5,1.3179334454299882,1.3233353695198427,0.04935192701598237,0.029560829289393964
285,1.5,1.3753855459981832,1.449960152672141,0.0026399751914567143,-0.13078377262734797
286,1.5,1.5709936516982546,1.599320245931773,0.06397062001439588,-0.016926964289220914
287,1.5,1.487042804284558,1.471253301058699,-0.007721358064525548,0.02156974421951231
288,1.5,1.3739910791511043,1.3581432605287382,0.014547180580111452,0.030489639716544503
289,1.5,1.5730283836827046,1.675420647706182,0.08244363027181276,-0.16568101080061215
290,1.5,1.4008721167300089,1.4630583282896281,0.06981620097260635,-0.10579367611312462
291,1.5,1.5563138688904474,1.4722101279013802,0.05750474831562981,0.19069367943725712
292,1.5,1.507457744901834,1.5358585817635966,0.09656999311095515,0.028975728371406422
293,1.5,1.3288243354112337,1.3596348495815807,0.08628380081713671,0.007249251889862807
294,1.5,1.5951696311654582,1.8197100700510485,0.22019116276697107,-0.18971518921211183
295,1.5,1.4229222314931105,1.4167273056342016,-0.09001172122096357,-0.06592525247883518
296,1.5,1.6012514003372122,1.5473808266388431,-0.023670921562912436,0.09825141680376881
297,1.5,1.4721299877525587,1.6026011772541393,0.17430502740030074,-0.03495072707515029
298,1.5,1.4000486508545025,1.2848679600023898,-0.12049936032582534,0.11533659110862704
299,1.5,1.379982326148462,1.4898342853304836,0.14997555871746315,-0.08228022174602258
300,1.5,1.616541617598348,1.642312678436957,0.02701804254189208,-0.033135980170371004
301,1.5,1.5127055536212315,1.54285943302593,0.02000338556534509,-0.05756615103825424
302,1.5,1.3040820105738764,1.5963777974018134,0.333970917631558,-0.260816262350003
303,1.5,1.5448543536848214,1.6087475700487261,0.030034580200479593,-0.11692641009028337
304,1.5,1.5068279388545083,1.5634038993932258,0.05361360993942607,-0.0833424923255619
305,1.5,1.5247129039417286,1.5137152720548062,-0.03531996958447003,-0.030384237680749604
306,1.5,1.4186344143912775,1.4245979490220673,-0.014179194821414356,-0.04632649696184942
307,1.5,1.6111552401233977,1.6787175777760148,0.07747844556761432,-0.08272962131494466
308,1.5,1.581865093548742,1.5385112042438158,-0.021166790492923977,0.10196305914787807
309,1.5,1.318207172017743,1.2989025523672268,-0.029751717891981482,0.007726546431563103
310,1.5,1.5116619191771636,1.7153238700643538,0.18032422037909526,-0.3210461628941079
311,1.5,1.4630919912426046,1.4773949425206827,-0.02063056395322741,-0.032564648033420074
312,1.5,1.3736980901940026,1.4723580875660636,0.14338662009449912,-0.03147731289243294
313,1.5,1.4854709036008353,1.5671403679656786,0.031968345993416865,-0.15312148344305374
314,1.5,1.543796351435616,1.4534912875908828,-0.08904976152745563,0.08848948984855952
315,1.5,1.4777185986098553,1.4158275978368997,0.043478073044990746,0.18627113940115475
316,1.5,1.4798816579693026,1.495875297295491,0.07071987678188021,0.03827357808898679
317,1.5,1.5307640231239306,1.538209029189496,0.08423506012998505,0.07773811679033338
318,1.5,1.3166779536293935,1.239498222515588,-0.0383805878314979,0.1527754994097795
319,1.5,1.3096863290392773,1.1425080806870143,-0.0865821028855851,0.23004692746306954
320,1.5,1.4080912268758219,1.3716006917511079,-0.1044370291767956,-0.06148526661131193
321,1.5,1.3286174727708264,1.168268576529799,-0.2116552842221142,0.13877039828855187
322,1.5,1.532702827781489,1.5151688894628008,-0.037882706697036396,0.002332659884348276
323,1.5,1.5979795755284878,1.8301678692125314,0.40649345232207024,-0.1665381263106116
324,1.5,1.3791971516028523,1.1812774573317872,-0.09439690112677745,0.19080066066965612
325,1.5,1.3422692894529773,1.3825850660840684,0.029452218177562092,-0.07076897854573105
326,1.5,1.669040794765592,1.5711302844669228,-0.08503847493588897,0.12762243520592442
327,1.5,1.6469156586242262,1.6087475594837208,-0.07830992281510729,0.0008084057968938962
328,1.5,1.6182197228717905,1.7863136316568602,0.14851910593323417,-0.22448853533190083
329,1.5,1.5010255110254558,1.6967371068513581,0.18790186423299826,-0.3327891388688926
330,1.5,1.4618125734883929,1.3325112165719306,-0.1866116421866622,0.11726170208416008
331,1.5,1.4790736472971728,1.3570508940849402,-0.09585281500680613,0.21663600610741238
332,1.5,1.4246684722882783,1.4611498161926229,0.028788675041127063,-0.06503441097797258
333,1.5,1.518405966966165,1.5509233234752302,-0.0036868491316832865,-0.10970171350369518
334,1.5,1.5129751920755101,1.5212300151764964,0.0420150002091038,0.01439613127500583
335,1.5,1.547344472592386,1.6200676808620895,0.04866574613784364,-0.12344181144410216
336,1.5,1.5165871671051685,1.4211060811511476,-0.07765438259217983,0.10898974755545116
337,1.5,1.6537733747034313,1.666420393423946,-0.037728890508623825,-0.05393434776968299
338,1.5,1.6329942216617341,1.5747430871651793,-0.1369732740359574,0.0015706449953171264
339,1.5,1.7472152585322929,1.839279229743151,0.08806192782770322,-0.1097487761796534
340,1.5,1.5275419009971223,1.6046612131666358,0.11806386419615542,-0.09882789499093413
341,1.5,1.5870926961551315,1.548800359563449,0.03326218426688201,0.11754581223324057
342,1.5,1.4953672593454144,1.5078845815287096,0.011875878247379734,-0.005943660973012355
343,1.5,1.528520375490695,1.3890271852389922,-0.19774889390701747,0.16981287164236947
344,1.5,1.4458048468167988,1.494136402769902,0.1261890806590525,-0.010715002509352534
345,1.5,1.637457474290088,1.4376012913172436,-0.2221432153036174,0.1938736581179461
346,1.5,1.3818725931018732,1.2715172925560247,-0.07843949350210125,0.1643244772585365
347,1.5,1.6110308271146632,1.5843862366304315,-0.06494790895484379,-0.006299026403169594
348,1.5,1.5971596432498973,1.672004638226807,0.15217073681370236,0.0024083515626346363
349,1.5,1.5313545637762576,1.3965683723855185,-0.13345645440414883,0.11515927159213678
350,1.5,1.5451941844244004,1.3490107791048125,-0.2006226196904372,0.16605772795946203
351,1.5,1.6977450410186985,1.7778497586869642,0.047302569126100105,-0.09756227661502559
352,1.5,1.5305555615463575,1.513619523926919,-0.05715480413270746,0.001133855868988537
353,1.5,1.5300928833817042,1.5565507650439518,0.05451313444447868,0.006992436021740267
354,1.5,1.6668220449010747,1.6905932264021195,0.002214364801965189,-0.046243315292123666
355,1.5,1.553009736430402,1.6654090956087835,0.32842940473142895,-0.05689891284006876
356,1.5,1.4009859790575643,1.3736489667406548,-0.060155508477639064,0.0029120275520577166
357,1.5,1.4880146230925706,1.4442097563521892,-0.05391827808332689,0.02720517044465487
358,1.5,1.6252398254631275,1.5967828216777304,-0.02570925546927582,0.03707373031221162
359,1.5,1.7034011920088776,1.8414898497049983,0.19104698958249255,-0.15738749998277823
360,1.5,1.629678660973545,1.542745669347127,-0.18711392794556278,-0.004592629221771172
361,1.5,1.3847967770617127,1.335644416183122,-0.05222074088299862,0.03722087339448965
362,1.5,1.4599933519797326,1.3728893656203571,-0.1322743969966298,0.0693587414956065
363,1.5,1.573673739570127,1.54233806702225,-0.07911212878245659,0.017946268854624133
364,1.5,1.687607991128661,1.6592387246706317,-0.02931951753339703,0.03753833698443898
365,1.5,1.502074281988917,1.4075842186132483,-0.1575443059928254,-0.0008731813183003867
366,1.5,1.503774375531416,1.5491649017557652,0.04382825850259563,-0.05840572088452389
367,1.5,1.6141948915233446,1.370602468298636,-0.1613798646120374,0.3603278099366545
368,1.5,1.3337898437287254,1.4035326667136794,0.042623215027057404,-0.07230142817229013
369,1.5,1.6085057309849917,1.65582022194739,-0.010492271948639248,-0.12080149536097262
370,1.5,1.4924435274835421,1.5550674865728085,0.0490779614407799,-0.1165514027400375
371,1.5,1.5071353103291831,1.474818186685301,-0.07209398051274797,0.016097719913696684
372,1.5,1.5568187333387862,1.4725057257150556,-0.12645971751546276,-0.002254198086584225
373,1.5,1.3485246277979885,1.2736928300542498,-0.08684948588321541,0.06458010985038519
374,1.5,1.4812619515741923,1.39788912338686,-0.06614654852894661,0.11244364036013578
375,1.5,1.4137280686014877,1.322629249254491,-0.12050355934222212,-0.0005248282360601209
376,1.5,1.4997144663406912,1.5961736194539489,-0.020679184447623976,-0.2593911901225423
377,1.5,1.5264686261616542,1.5542765966281846,0.06126490586615357,-0.021751147730419754
378,1.5,1.4597662378642087,1.5752882409468318,0.09134396530273037,-0.15498402532430278
379,1.5,1.6994016391750846,1.65524685762004,-0.024078667364578976,0.06881825025637889
380,1.5,1.495489157911529,1.4001442467582053,-0.0956229777473609,0.031637284606984
381,1.5,1.4956769257157405,1.4973457969850534,-0.08145035400770324,-0.1262384979885901
382,1.5,1.5276284843054269,1.6513218534213954,0.10239540223708277,-0.13080032899232363
383,1.5,1.4413443376360002,1.4934848478903566,0.06565303775546741,-0.044675933491742814
384,1.5,1.6961023756609317,1.5470090935118765,-0.24528260008006258,0.039093536595710354
385,1.5,1.3660925102758146,1.281270873481157,-0.21884960613469856,-0.02772514420977079
386,1.5,1.6109989408298229,1.7712519186901672,0.16043269053739284,-0.2126580717484718
387,1.5,1.2643726515012863,1.2744760131893937,0.040620865478378385,0.03531376091227899
388,1.5,1.5268811660186754,1.5450270555379402,-0.05909750996477975,-0.13121292917052751
389,1.5,1.446797537316868,1.4159594697731779,0.01746196203455272,0.08116086566019676
390,1.5,1.5423473353381425,1.526630689378,-0.05908033774242459,-0.05489720459588976
391,1.5,1.5744301719895677,1.5742632032385773,-0.07669874071974607,-0.05584779766761705
392,1.5,1.5579700546837656,1.5875753099842718,-0.012968384486422511,-0.07522256810955186
393,1.5,1.511566196525051,1.5099714609541335,0.004401488467134566,0.005561480983441003
394,1.5,1.5057929923313227,1.598218231430805,0.009009883585165525,-0.19878800316143738
395,1.5,1.4843111435711154,1.3630294981007147,-0.13369445683471784,0.18062059947709896
396,1.5,1.3314207030501048,1.258042606944377,-0.15125531991982002,0.00615412634675361
397,1.5,1.2739697980457776,1.26968996034794,0.03481507758642267,0.07380089374873999
398,1.5,1.2934972442068693,1.3162656347601676,0.039398883027140556,0.0012044153871713092
399,1.5,1.5003846258253166,1.4571297372687255,0.03197168523602657,0.10945204695768707
400,1.5,1.5176539879271087,1.6509301071583957,0.12004202274365235,-0.17562551424174455
401,1.5,1.3372216936867904,1.4503222794949384,0.16199882973057592,-0.12887893084507462
402,1.5,1.4371734670197034,1.324847266466534,-0.03136231646600823,0.206606352488245
403,1.5,1.5810552119890113,1.5570113788042617,0.08209570524107547,0.10087353232596596
404,1.5,1.661744357566724,1.8312780671491309,0.20492621848848946,-0.11162989090758058
405,1.5,1.5115945571695169,1.4478142037608064,-0.1146079289883145,0.05365560659857238
406,1.5,1.3769835029947792,1.4525132836233885,0.009657798968763745,-0.1972035754072251
407,1.5,1.6051457600342132,1.5088451136848287,-0.16244031871846001,0.04396422022102453
408,1.5,1.2796211954290104,1.106516070503996,-0.29732457375161386,0.013593867590837513
409,1.5,1.523628583462312,1.6373582943644416,0.19346048243421565,-0.12994159391490623
410,1.5,1.3315615404775965,1.376863863877803,0.09992019817861164,0.009254344310094347
411,1.5,1.5605417765195997,1.6731685222710315,0.1416569571208465,-0.1470810962962137
412,1.5,1.5060037857090023,1.6327668123321784,0.19585562216217522,-0.07975036340601666
413,1.5,1.565796647110433,1.5104336387879433,-0.04480707435681198,0.0959922746048185
414,1.5,1.4333114170230505,1.4501425166223096,-0.015448127501809683,-0.0752126435991653
415,1.5,1.4708477631580363,1.5820095862526182,0.05209036192916233,-0.2296055133802809
416,1.5,1.5191852150876988,1.5272870841873072,0.013523646591519584,-0.00822410073125912
417,1.5,1.5077817840967789,1.5291446027332862,-0.07264742280183156,-0.13324403949375027
418,1.5,1.481676788226866,1.4529891991090818,0.014928969852664706,0.0900274144292792
419,1.5,1.4971605974045286,1.607982466422221,0.15872762373410318,-0.05829071528898331
420,1.5,1.5007667905744044,1.4290624706822508,-0.080915312662525,0.059327960547110314
421,1.5,1.5494720734030183,1.5388722920297517,-0.01946001540243647,0.005959305277247973
422,1.5,1.7019643308598036,1.7257064477719872,-0.01748039235820542,-0.0630234715454549
423,1.5,1.5180505865398466,1.5965290512742758,0.0726824485764761,-0.10997690300564085
424,1.5,1.3459284792153838,1.351079606119787,0.06821138127273259,0.041598020115016336
425,1.5,1.44255053711202,1.468434224818793,0.12071133971469994,0.04443423635086111
426,1.5,1.4591416527147116,1.61075218000119,0.17174020601131634,-0.24361203885077676
427,1.5,1.4644860563609041,1.4190336591425046,-0.03489188775539398,0.0944176034409081
428,1.5,1.3590564320175609,1.2901908044173973,0.08344703923967146,0.22268740046460112
429,1.5,1.5030533705425508,1.5196108849069823,0.012525342562607622,-0.025594495632098146
430,1.5,1.5594769217177067,1.582793130801877,-0.015300926082549932,-0.06388858910713247
431,1.5,1.5015096692569154,1.356685715787568,-0.15206070433414337,0.2507387349922867
432,1.5,1.384652479720297,1.4960843177429286,0.0827766335797733,-0.21705364483899953
433,1.5,1.4897282533247518,1.4747168017212007,0.0037186579609639024,0.02822815265647205
434,1.5,1.4808850905402309,1.5165686508108531,0.030310216461500034,-0.08265860698123029
435,1.5,1.5502060729590472,1.547201698544283,0.05696117944543122,0.08113381861517609
436,1.5,1.5021996237361022,1.5687770372119108,-0.04995698136122422,-0.18754172462329666
437,1.5,1.3731838397927576,1.2042399512908566,-0.18977637191500013,0.13892688915756857
438,1.5,1.5532893353756458,1.741976280760427,0.27714941697931766,-0.2340958865221321
439,1.5,1.593710701861356,1.6580630560614453,0.1252418295169302,-0.010663235754866607
440,1.5,1.3934097064192104,1.2975105189260345,-0.15011442792285562,0.03500515454512998
441,1.5,1.6232291618576673,1.6038186005885744,0.006093581722093946,0.04102432002557932
442,1.5,1.3533609948026646,1.3286262977006948,-0.15131298714347194,-0.10481164765768702
443,1.5,1.4402145435411533,1.5667690444979332,0.2199348451210083,-0.03204952705103259
444,1.5,1.488600549115823,1.5870979744320795,0.15991886217439,-0.04009465700150827
445,1.5,1.4814073872363445,1.5132354147144533,0.024082935338893316,-0.016860724806050165
446,1.5,1.485570229046977,1.510385078217347,0.006777444152998455,-0.04940660581989498
447,1.5,1.489820568946662,1.2542623779590236,-0.25108834897214716,0.2910738177684842
448,1.5,1.6083308710507327,1.418470017771371,-0.21908018112097513,0.14628558775540768
449,1.5,1.5158398773652284,1.3418160173581954,-0.1436284842037311,0.20021605340250437
450,1.5,1.2535623079630853,1.4497612368435338,0.11539518716950481,-0.1902449443935015
451,1.5,1.328511664928438,1.2722712926231037,-0.06247261929161374,0.06763926006341503
452,1.5,1.3833128123141896,1.5263018764541065,0.2732202332880597,-0.12353938287485167
453,1.5,1.4925886897915843,1.5115444974439796,0.12577622712626968,0.03221234197647796
454,1.5,1.3244676977159917,1.4191313122802927,0.17532355866611626,-0.05299610951023447
455,1.5,1.4246074537891513,1.3849791520039731,-0.07365308303075008,0.005279780817630142
456,1.5,1.3494749421333698,1.3594121034579119,-0.013867858114563425,-0.027220627254018415
457,1.5,1.6349373448659945,1.7607686462636254,0.1269645440446011,-0.16023746179244958
458,1.5,1.389438029449866,1.3718290369362716,-0.04771170593080959,-0.02377174120200065
459,1.5,1.5054420488832876,1.4859808941700825,0.04426937134599307,0.09220829582990209
460,1.5,1.5401014018669867,1.4175963559286389,-0.0695677138694259,0.13948576141818525
461,1.5,1.4461023431475428,1.2625399770345278,-0.10998281421456493,0.2741075238673105
462,1.5,1.4869337770002036,1.4645867585170955,-0.044135758502966596,0.001144348939025816
463,1.5,1.6663837472555116,1.4890621950203584,-0.21953983979431546,0.15389947605516197
464,1.5,1.464750546831865,1.4484756718621297,-0.06315016203285474,-0.09605707312799516
465,1.5,1.5940685839536417,1.7257689851023486,0.13218064384588177,-0.17601477997834003
466,1.5,1.319607048561971,1.204960514513441,-0.09440691442821432,0.11126323598211296
467,1.5,1.4892905922811477,1.4268859993313,-0.1426062796303524,0.020575473509302222
468,1.5,1.4151040490069486,1.4969063902904183,-0.024092967097344542,-0.16538018108303043
469,1.5,1.500154534021046,1.3918438530103066,-0.13782544926093282,0.07664251103373854
470,1.5,1.418123361799472,1.1209991856759292,-0.32104960660451787,0.24918302372335888
471,1.5,1.490196707211406,1.5773230370869458,0.19177632450565052,-0.0036372466041703078
472,1.5,1.5802997961142295,1.6183216781162109,0.01806521281082618,-0.0565749813017042
473,1.5,1.3837139553369908,1.545478469461679,0.21248716512593716,-0.1598811667960396
474,1.5,1.4700977803951134,1.5108586659721446,0.1092682064457138,0.041037497797624084
475,1.5,1.5486578209317772,1.4102527530478735,-0.13575396664663245,0.19901676024733472
476,1.5,1.3295557408331253,1.4536165462868358,0.10268722748933257,-0.1253558813358604
477,1.5,1.3641523300627831,1.3541830027692319,0.05824884309479171,0.08116478622736323
478,1.5,1.5008605908694435,1.5285237917526362,-0.011507519746919825,-0.07234961614448854
479,1.5,1.5630525191589992,1.4442926160676393,-0.12487486317743146,0.14177543838705955
480,1.5,1.4170649733670666,1.53884076409544,0.07131250215435882,-0.18978969910581367
481,1.5,1.5474468150206389,1.5830665295130677,0.05979310144581857,-0.015505694264506098
482,1.5,1.6507362632206612,1.5154766066748189,-0.22610227003318728,0.04174435923463249
483,1.5,1.509914769700309,1.478616570111874,0.05418182571784036,0.09342988914242178
484,1.5,1.250518818985958,1.229691174069098,0.013451348067195078,0.0645512741150811
485,1.5,1.3743223113930365,1.2153983220607696,-0.21376887176726556,0.12320385053169741
486,1.5,1.552776607014311,1.6785512713608375,0.1423771148763226,-0.13241630516223024
487,1.5,1.5773258466207407,1.6852223073906643,0.09306022796538616,-0.09727740231309079
488,1.5,1.3887157587199657,1.2853226796536779,-0.029992834966340615,0.17616263348632732
489,1.5,1.642936601323286,1.6678231889289425,0.07578326315460066,0.023236043385340355
490,1.5,1.4626362964565884,1.4755846367113208,0.049696352516072094,0.005232084836610424
491,1.5,1.5090361120723592,1.5633465770183537,0.07499650413496572,-0.04330995082947607
492,1.5,1.461467747740584,1.439585970520943,-0.10365824168749321,-0.05734032969408187
493,1.5,1.4166024292838202,1.495501747712507,0.09170779976457723,-0.09275037715416479
494,1.5,1.4563528854116983,1.4087853792291596,-0.014750614619978744,0.09515303712592216
495,1.5,1.4668493292389844,1.3738720863501614,-0.12870870705838577,0.11420454756213938
496,1.5,1.5656930487425027,1.577279153159524,0.11825304553032812,0.043969435881506785
497,1.5,1.5375157390123404,1.5719945239820807,0.0034074754937201968,-0.06846321165828183
498,1.5,1.4753119132318013,1.4490611171505532,-0.07779394896136557,-0.010232511366350394
499,1.5,1.5087719395783896,1.5360098179601305,0.09259187076560428,0.032652298415463465
