repeat,atrial_probability_if_renal_impaired,renal_effect_sd,method,fitted_prior_atrial_given_renal,accuracy,adjusted_rand_index,false_atrial_renal_competing,brier_score,expected_calibration_error,mean_posterior_entropy,predicted_atrial_prevalence,renal_competing_subgroup_size
0,0.5,1.5,Associative latent class model,,0.509,-0.000620155386384461,0.006329113924050633,0.48365096644890465,0.4756481147454478,0.08956611323668018,0.683,158
0,0.5,1.5,Renal-adjusted associative latent class model,0.4610249282667778,0.839,0.4591429216325848,0.13291139240506328,0.11300818560237633,0.023710875646961404,0.34465452174115313,0.497,158
0,0.5,1.5,Biologically constrained latent SCM,0.4161977905927508,0.835,0.4483481899149917,0.0759493670886076,0.11503378039631922,0.03452986429504214,0.34223954108688476,0.491,158
0,0.5,1.5,Data-generating oracle (reference),,0.839,0.45914348781688774,0.15822784810126583,0.10798685388346209,0.034011642385002525,0.3683000281219914,0.525,158
1,0.5,1.5,Associative latent class model,,0.576,0.022106637432512663,0.963855421686747,0.32922516554444825,0.33011605777508035,0.25406589034807625,0.393,166
1,0.5,1.5,Renal-adjusted associative latent class model,0.6488089678640915,0.81,0.3837838111985848,0.3313253012048193,0.13202115088022892,0.028116115599047132,0.3745959062023037,0.485,166
1,0.5,1.5,Biologically constrained latent SCM,0.5009181821565486,0.823,0.4167299655247925,0.13855421686746988,0.11996840505678004,0.03199854904644334,0.3812540664686329,0.446,166
1,0.5,1.5,Data-generating oracle (reference),,0.828,0.429765896670358,0.1566265060240964,0.11817248781858339,0.032282872454605184,0.3842194859475011,0.489,166
2,0.5,1.5,Associative latent class model,,0.624,0.060563646982792645,0.847682119205298,0.2784504328306149,0.2590323226591808,0.2803624173697008,0.398,151
2,0.5,1.5,Renal-adjusted associative latent class model,0.5195905323449291,0.844,0.4728168049504527,0.10596026490066225,0.11228676431726888,0.02690452886129797,0.3313263343623496,0.522,151
2,0.5,1.5,Biologically constrained latent SCM,0.4984104241067678,0.842,0.4673233113333062,0.09933774834437085,0.11360579799921548,0.022854257661623145,0.3302710871116004,0.522,151
2,0.5,1.5,Data-generating oracle (reference),,0.845,0.47557558410087936,0.10596026490066225,0.11171030784236771,0.031637389665555196,0.37418443847189187,0.491,151
3,0.5,1.5,Associative latent class model,,0.623,0.05965121572379653,0.7092198581560284,0.287738905655535,0.2699998040313776,0.2679904741120586,0.335,141
3,0.5,1.5,Renal-adjusted associative latent class model,0.45473204672746387,0.821,0.4115751527025371,0.16312056737588654,0.12661074978768308,0.03313008221699742,0.3522338100739978,0.503,141
3,0.5,1.5,Biologically constrained latent SCM,0.4750001107550855,0.811,0.3862698292114956,0.22695035460992907,0.12754481276870777,0.03909696555196646,0.35010234289251074,0.497,141
3,0.5,1.5,Data-generating oracle (reference),,0.821,0.41157513866524736,0.19148936170212766,0.1234630164674239,0.023769517810829557,0.3750360144942704,0.501,141
4,0.5,1.5,Associative latent class model,,0.506,-0.0007892525075154109,0.9155844155844156,0.4440115198397174,0.45665747169334997,0.12800901939821357,0.3,154
4,0.5,1.5,Renal-adjusted associative latent class model,0.5203859535984428,0.828,0.42976757401554394,0.2012987012987013,0.12527199008645656,0.027120272090880478,0.38173719685142926,0.546,154
4,0.5,1.5,Biologically constrained latent SCM,0.505548094923825,0.83,0.4350366537586938,0.18831168831168832,0.12535511415757092,0.03259923909270603,0.3797767403253779,0.544,154
4,0.5,1.5,Data-generating oracle (reference),,0.832,0.440336406717047,0.14285714285714285,0.1220085654753925,0.02187490323343044,0.3859437050351594,0.518,154
5,0.5,1.5,Associative latent class model,,0.473,0.002042359327179596,0.0,0.4897639748360033,0.4826887437848874,0.21532363188721934,0.683,147
5,0.5,1.5,Renal-adjusted associative latent class model,0.40890129769957806,0.819,0.40645262147568045,0.10204081632653061,0.12902677355243547,0.04560739829870863,0.3704979211125019,0.535,147
5,0.5,1.5,Biologically constrained latent SCM,0.45402682411955386,0.823,0.41673661663178746,0.14965986394557823,0.1265366870307295,0.05312064040068169,0.37363883596331143,0.545,147
5,0.5,1.5,Data-generating oracle (reference),,0.826,0.424528126976421,0.16326530612244897,0.12177879613596777,0.02280033876082241,0.3816794100909425,0.492,147
6,0.5,1.5,Associative latent class model,,0.516,-0.00010206172688672067,0.9205298013245033,0.3934523622448538,0.4053650885629029,0.20726808638969,0.316,151
6,0.5,1.5,Renal-adjusted associative latent class model,0.5300026435559643,0.825,0.4219223578221476,0.2781456953642384,0.126508959572393,0.03145743338272552,0.37258412041069344,0.493,151
6,0.5,1.5,Biologically constrained latent SCM,0.4644764811690634,0.828,0.42976544488059015,0.2251655629139073,0.11972999591270485,0.02561986772879993,0.37873429876674264,0.52,151
6,0.5,1.5,Data-generating oracle (reference),,0.833,0.44299751329737386,0.2119205298013245,0.11841317588276623,0.027311742279481608,0.3731717354894307,0.531,151
7,0.5,1.5,Associative latent class model,,0.634,0.0709174296862729,0.9370629370629371,0.2819657243842533,0.2697930754557741,0.26783586915203805,0.42,143
7,0.5,1.5,Renal-adjusted associative latent class model,0.47616719568294325,0.816,0.3988338476448289,0.13286713286713286,0.12817924800438363,0.048443611334306184,0.35682102209279526,0.43,143
7,0.5,1.5,Biologically constrained latent SCM,0.46504297584823223,0.817,0.4013667420939457,0.13286713286713286,0.1280306140023992,0.05052852103653166,0.3571350042330896,0.435,143
7,0.5,1.5,Data-generating oracle (reference),,0.83,0.43503504840397184,0.17482517482517482,0.12198338357681794,0.026529598006207182,0.3838584042536371,0.484,143
8,0.5,1.5,Associative latent class model,,0.594,0.03442782745087265,0.9072847682119205,0.30638652713897707,0.3105900345020434,0.26686031653270276,0.368,151
8,0.5,1.5,Renal-adjusted associative latent class model,0.5431108570014158,0.842,0.46732600138773844,0.16556291390728478,0.11250950957651056,0.050924976918968676,0.3790418657078078,0.456,151
8,0.5,1.5,Biologically constrained latent SCM,0.5507503413401997,0.842,0.46732600138773844,0.16556291390728478,0.11264832714195502,0.05164448575692192,0.37873171360786645,0.456,151
8,0.5,1.5,Data-generating oracle (reference),,0.848,0.4838997367668723,0.15894039735099338,0.10896396719878068,0.02403059852648706,0.37456304134284585,0.488,151
9,0.5,1.5,Associative latent class model,,0.661,0.10279282593796243,0.875,0.2605521568542828,0.23384274307820532,0.277143460923801,0.454,160
9,0.5,1.5,Renal-adjusted associative latent class model,0.5669380017505976,0.819,0.40644999226360895,0.3375,0.125087589464295,0.034867245602634614,0.3550569248674295,0.494,160
9,0.5,1.5,Biologically constrained latent SCM,0.47815450428294276,0.844,0.47281752993868204,0.20625,0.11272893529991275,0.03693939837350156,0.3698801271994623,0.525,160
9,0.5,1.5,Data-generating oracle (reference),,0.86,0.5179176240315215,0.15625,0.11045922785997335,0.038715115447577594,0.37395324516979417,0.491,160
10,0.5,1.5,Associative latent class model,,0.536,0.004316060200700815,0.9391891891891891,0.3597697496768402,0.37323657910602026,0.2435240091064451,0.317,148
10,0.5,1.5,Renal-adjusted associative latent class model,0.4558847287627211,0.832,0.4403387560354686,0.10135135135135136,0.12145056069018208,0.028628969620134125,0.3734354420225878,0.537,148
10,0.5,1.5,Biologically constrained latent SCM,0.5363226206730752,0.841,0.4645913812943129,0.18243243243243243,0.11786860201518995,0.03680618590577897,0.381534186284504,0.54,148
10,0.5,1.5,Data-generating oracle (reference),,0.835,0.4483478495933953,0.16891891891891891,0.11665801048175876,0.019781869252398353,0.388401435454776,0.504,148
11,0.5,1.5,Associative latent class model,,0.491,-0.0005659360587314791,1.0,0.4760504081783554,0.4876738062326873,0.08452904841530438,0.314,165
11,0.5,1.5,Renal-adjusted associative latent class model,0.5169226372407325,0.851,0.4922960508893427,0.20606060606060606,0.10978624582759722,0.036319403094587345,0.3908676658437405,0.51,165
11,0.5,1.5,Biologically constrained latent SCM,0.5009621208421862,0.851,0.49229630611256947,0.19393939393939394,0.10968806702820769,0.03735997992208401,0.392156340426285,0.516,165
11,0.5,1.5,Data-generating oracle (reference),,0.848,0.48389952570157424,0.18787878787878787,0.10970323724990254,0.03171230186094145,0.376811479570279,0.505,165
12,0.5,1.5,Associative latent class model,,0.632,0.06878706570596105,0.9256756756756757,0.27533890310337633,0.2569611663212801,0.2883572521029303,0.417,148
12,0.5,1.5,Renal-adjusted associative latent class model,0.37411003918471664,0.811,0.38627325895661574,0.08783783783783784,0.12712154703635084,0.04662658955367367,0.35815438800857546,0.46,148
12,0.5,1.5,Biologically constrained latent SCM,0.4006672518159584,0.816,0.39882667201492367,0.11486486486486487,0.1255692229762108,0.04222850613535189,0.35968483672462226,0.455,148
12,0.5,1.5,Data-generating oracle (reference),,0.822,0.41414962394198296,0.16216216216216217,0.12250365519434159,0.0209998863871613,0.3796802312800014,0.501,148
13,0.5,1.5,Associative latent class model,,0.505,-0.0008080990071402033,0.9625,0.42417342831818994,0.4447414300047382,0.15972173108887344,0.303,160
13,0.5,1.5,Renal-adjusted associative latent class model,0.3657945957384942,0.834,0.44567087741720113,0.04375,0.11892726640025789,0.033653770828598,0.36022005214861785,0.466,160
13,0.5,1.5,Biologically constrained latent SCM,0.4419135508699424,0.837,0.4537311997277458,0.1125,0.1140000694778945,0.027834191332632194,0.36980406195834087,0.463,160
13,0.5,1.5,Data-generating oracle (reference),,0.842,0.4673230030769527,0.175,0.11197965177922001,0.02460600429780134,0.3647891370184272,0.5,160
14,0.5,1.5,Associative latent class model,,0.506,-0.0008400993204820963,0.9047619047619048,0.4019773325532845,0.4144441141953363,0.20779342264438988,0.295,168
14,0.5,1.5,Renal-adjusted associative latent class model,0.5687381817315479,0.803,0.3666028326055119,0.26785714285714285,0.13756139611050752,0.019443798717113853,0.4055930113825083,0.466,168
14,0.5,1.5,Biologically constrained latent SCM,0.4870047309913367,0.816,0.3988227917399442,0.16666666666666666,0.13005400314542256,0.017310760071310164,0.40941357761424474,0.489,168
14,0.5,1.5,Data-generating oracle (reference),,0.822,0.4141501762139839,0.16071428571428573,0.12745915160306373,0.01913185068725983,0.3855096565443241,0.481,168
15,0.5,1.5,Associative latent class model,,0.535,0.003851903444307629,0.9852941176470589,0.3749260750246513,0.39593388976025035,0.20459736161073122,0.328,136
15,0.5,1.5,Renal-adjusted associative latent class model,0.4932531034806557,0.837,0.4537298327743525,0.15441176470588236,0.11752783464728471,0.03173955238430445,0.3713658734926648,0.512,136
15,0.5,1.5,Biologically constrained latent SCM,0.47097040918934274,0.831,0.43768183178329484,0.1323529411764706,0.11831352724392258,0.028712791777253166,0.371434073774184,0.51,136
15,0.5,1.5,Data-generating oracle (reference),,0.848,0.48389955548852553,0.1323529411764706,0.11329953502945932,0.02792912472083519,0.38860279670910935,0.525,136
16,0.5,1.5,Associative latent class model,,0.473,0.0019999618388467756,1.0,0.4696058561770903,0.4889341556646032,0.13563818673622297,0.3,169
16,0.5,1.5,Renal-adjusted associative latent class model,0.38947846606924097,0.804,0.3690328646977452,0.11834319526627218,0.1308078363598027,0.028281730460663443,0.37687715050164183,0.511,169
16,0.5,1.5,Biologically constrained latent SCM,0.4545135098191181,0.829,0.4323962719650441,0.14201183431952663,0.12433705831555153,0.03176467084069561,0.3895344348701303,0.488,169
16,0.5,1.5,Data-generating oracle (reference),,0.83,0.43503477213965536,0.16568047337278108,0.12382068983298355,0.02386125861249741,0.3836726793955321,0.495,169
17,0.5,1.5,Associative latent class model,,0.636,0.07306163564501535,0.9354838709677419,0.2598084059520808,0.23569803176249945,0.3075103029471658,0.452,155
17,0.5,1.5,Renal-adjusted associative latent class model,0.7413353664046245,0.792,0.34040615150205644,0.5483870967741935,0.149838377220726,0.07486616907664388,0.3589592768024486,0.58,155
17,0.5,1.5,Biologically constrained latent SCM,0.623533581960591,0.808,0.3788440214611441,0.36129032258064514,0.13285763297996708,0.07170262912434106,0.37580765831365975,0.58,155
17,0.5,1.5,Data-generating oracle (reference),,0.831,0.4376813449669607,0.17419354838709677,0.1223888460844196,0.02136099081894821,0.3807765769666504,0.499,155
18,0.5,1.5,Associative latent class model,,0.557,0.0118765189798264,0.8285714285714286,0.3483570076066884,0.3527265786621841,0.23682182166392574,0.311,140
18,0.5,1.5,Renal-adjusted associative latent class model,0.5166973099186928,0.835,0.44834886365853516,0.17857142857142858,0.1215243353976692,0.03523179271941882,0.35351422253371045,0.501,140
18,0.5,1.5,Biologically constrained latent SCM,0.5286841132834394,0.835,0.44834886365853516,0.18571428571428572,0.12177562881739186,0.03039798164908404,0.3532814634535343,0.501,140
18,0.5,1.5,Data-generating oracle (reference),,0.83,0.43503535295470225,0.18571428571428572,0.11968669382093951,0.028919601111045336,0.37247401842531996,0.51,140
19,0.5,1.5,Associative latent class model,,0.496,-0.0011060891894550838,0.006134969325153374,0.49594351465417263,0.49261931175563456,0.10228421075785818,0.695,163
19,0.5,1.5,Renal-adjusted associative latent class model,0.49022891039632766,0.842,0.46732363068261784,0.18404907975460122,0.116088006066953,0.03195816652430721,0.3807807189327561,0.489,163
19,0.5,1.5,Biologically constrained latent SCM,0.4466021258583499,0.831,0.4376823004243562,0.15337423312883436,0.1172692426603684,0.0359310687568508,0.3805265113333695,0.502,163
19,0.5,1.5,Data-generating oracle (reference),,0.844,0.47281712100631557,0.1656441717791411,0.11490939614412221,0.042387800321996225,0.3776437142024521,0.489,163
20,0.5,1.5,Associative latent class model,,0.627,0.06344186481599197,0.753731343283582,0.2882153690075195,0.2804365008937681,0.23179517523269244,0.318,134
20,0.5,1.5,Renal-adjusted associative latent class model,0.6396092193437825,0.815,0.39629022048973356,0.2537313432835821,0.1353728658384596,0.050317279788072676,0.3295213511649746,0.45,134
20,0.5,1.5,Biologically constrained latent SCM,0.5372638090500225,0.822,0.4141459599853678,0.14925373134328357,0.13090772237588816,0.035949842104137215,0.34896148842549346,0.457,134
20,0.5,1.5,Data-generating oracle (reference),,0.817,0.40135734129119616,0.14925373134328357,0.1311028793331271,0.029444920643129306,0.3761245961631425,0.484,134
21,0.5,1.5,Associative latent class model,,0.628,0.06426151960373876,0.8421052631578947,0.29209775353253853,0.2828785907330294,0.23154306926354665,0.357,152
21,0.5,1.5,Renal-adjusted associative latent class model,0.5670145723306018,0.823,0.4167338418864443,0.3157894736842105,0.12787764620636852,0.04405801312821568,0.369285944035686,0.488,152
21,0.5,1.5,Biologically constrained latent SCM,0.4854714944367761,0.832,0.4403325712027173,0.16447368421052633,0.1238153702657533,0.03139385477331649,0.37328417127967917,0.475,152
21,0.5,1.5,Data-generating oracle (reference),,0.832,0.44033594476480026,0.19078947368421054,0.12403847539522932,0.03662446965522724,0.3825649194041729,0.483,152
22,0.5,1.5,Associative latent class model,,0.599,0.03829523939108844,0.75,0.3080745049403912,0.2941253568621414,0.2519561659487693,0.336,148
22,0.5,1.5,Renal-adjusted associative latent class model,0.5573148981495037,0.815,0.3962977870497052,0.17567567567567569,0.12996027725341405,0.04673372218902347,0.3736193425330414,0.462,148
22,0.5,1.5,Biologically constrained latent SCM,0.5123614707433467,0.818,0.4039004904177017,0.12837837837837837,0.12605603031161458,0.03954727385999333,0.3785984503824245,0.473,148
22,0.5,1.5,Data-generating oracle (reference),,0.826,0.4245282321804703,0.13513513513513514,0.12356182991229478,0.026044776753170476,0.38941701706000903,0.499,148
23,0.5,1.5,Associative latent class model,,0.48,0.0007668496976809081,0.0072992700729927005,0.5127792284605373,0.5063063073443366,0.07520289324082785,0.706,137
23,0.5,1.5,Renal-adjusted associative latent class model,0.46588890117559323,0.807,0.3763912387404931,0.1386861313868613,0.13552183257666373,0.08017194087983255,0.36143899176268873,0.589,137
23,0.5,1.5,Biologically constrained latent SCM,0.48260425702991505,0.81,0.383800323860661,0.145985401459854,0.12966448837888986,0.07147832862169026,0.36639120593579266,0.584,137
23,0.5,1.5,Data-generating oracle (reference),,0.84,0.4618614076776588,0.15328467153284672,0.11431680512735472,0.029124978096364402,0.3840710016588569,0.506,137
24,0.5,1.5,Associative latent class model,,0.625,0.061564582997108076,0.8670886075949367,0.29224755680946696,0.2813182594548409,0.2539313887307336,0.437,158
24,0.5,1.5,Renal-adjusted associative latent class model,0.4162108828856087,0.798,0.3545743735232,0.10759493670886076,0.13988951050194912,0.0929223734703967,0.3556838396628769,0.416,158
24,0.5,1.5,Biologically constrained latent SCM,0.4597376340335909,0.799,0.3569637884205664,0.14556962025316456,0.137485284974288,0.08417669188232442,0.3589889394761469,0.427,158
24,0.5,1.5,Data-generating oracle (reference),,0.82,0.4090088995182464,0.2088607594936709,0.12535062247556897,0.01903199396557676,0.3822257238516015,0.506,158
25,0.5,1.5,Associative latent class model,,0.538,0.00492916782801541,0.9407407407407408,0.35449803565235016,0.3656579111752725,0.2574444613592536,0.3,135
25,0.5,1.5,Renal-adjusted associative latent class model,0.5734135337530736,0.794,0.3450884846916752,0.3333333333333333,0.13969141783088945,0.04195772429763027,0.38600562551471074,0.498,135
25,0.5,1.5,Biologically constrained latent SCM,0.5167508108146603,0.799,0.35696037958156185,0.2740740740740741,0.13252619381625325,0.030489403819069612,0.39271074589812965,0.497,135
25,0.5,1.5,Data-generating oracle (reference),,0.822,0.41414963586092535,0.18518518518518517,0.12587963650560902,0.008820432124419545,0.3925724354948383,0.496,135
26,0.5,1.5,Associative latent class model,,0.613,0.05015439889359256,0.9621212121212122,0.2916620863976798,0.2904936063556916,0.2760048086757282,0.394,132
26,0.5,1.5,Renal-adjusted associative latent class model,0.5218736005172333,0.82,0.4090091867466532,0.2196969696969697,0.12841074418805143,0.03964554327949194,0.3667772876785938,0.481,132
26,0.5,1.5,Biologically constrained latent SCM,0.5107644125157006,0.816,0.39882254754888274,0.2196969696969697,0.12779911918966694,0.04007376277708662,0.36965189113586133,0.491,132
26,0.5,1.5,Data-generating oracle (reference),,0.821,0.411575183380805,0.18181818181818182,0.12673759890461891,0.036441306406783336,0.3904425403009142,0.498,132
27,0.5,1.5,Associative latent class model,,0.592,0.03290571319621322,0.9736842105263158,0.3198113008747388,0.3122283210129609,0.2683453034780444,0.422,152
27,0.5,1.5,Renal-adjusted associative latent class model,0.12738003816999757,0.756,0.2614189502874288,0.006578947368421052,0.1779587466044444,0.10514521768240288,0.3510631407238826,0.42,152
27,0.5,1.5,Biologically constrained latent SCM,0.32510071245746164,0.8,0.35937110789090887,0.05263157894736842,0.13771486698708946,0.08045539062855032,0.4000702605345241,0.42,152
27,0.5,1.5,Data-generating oracle (reference),,0.821,0.4115757703426212,0.13157894736842105,0.12435580044101664,0.031601384779379356,0.3757943537196594,0.519,152
28,0.5,1.5,Associative latent class model,,0.572,0.019141102224456957,0.7816901408450704,0.3480451107905951,0.3528132815833742,0.19094134476457597,0.265,142
28,0.5,1.5,Renal-adjusted associative latent class model,0.5336798709363828,0.821,0.4115740060575279,0.2535211267605634,0.13016492145796224,0.05142236846859368,0.3921622933139771,0.522,142
28,0.5,1.5,Biologically constrained latent SCM,0.5353146661427268,0.82,0.4090082612476899,0.2535211267605634,0.1297680231664247,0.04921304682785558,0.3921596846791674,0.519,142
28,0.5,1.5,Data-generating oracle (reference),,0.824,0.4193249714519545,0.2112676056338028,0.12742082957154557,0.03499577037265865,0.38560192322307923,0.499,142
29,0.5,1.5,Associative latent class model,,0.618,0.05446708647684368,0.7469879518072289,0.29257529709652136,0.2787138429661411,0.2480374706681884,0.337,166
29,0.5,1.5,Renal-adjusted associative latent class model,0.6202704039270628,0.831,0.43768120736005744,0.26506024096385544,0.12103807286277032,0.04661218433724065,0.3851567298701879,0.518,166
29,0.5,1.5,Biologically constrained latent SCM,0.646115864022382,0.818,0.4039007764300787,0.29518072289156627,0.1240980904860854,0.0376706464742192,0.37423394299220053,0.489,166
29,0.5,1.5,Data-generating oracle (reference),,0.831,0.43768120736005744,0.1686746987951807,0.11498708522690103,0.02799594580395324,0.3857660241081862,0.482,166
30,0.5,1.5,Associative latent class model,,0.637,0.07411506844606619,0.9932885906040269,0.2862136362248318,0.27106689084260455,0.29343906302171413,0.428,149
30,0.5,1.5,Renal-adjusted associative latent class model,0.4166633532273101,0.828,0.42976086559037463,0.14093959731543623,0.12120088132548565,0.03416168037140729,0.3904123503680447,0.463,149
30,0.5,1.5,Biologically constrained latent SCM,0.4716257511773655,0.832,0.4403321458975763,0.1610738255033557,0.12080279602494635,0.031161756181115722,0.3932144148720107,0.465,149
30,0.5,1.5,Data-generating oracle (reference),,0.841,0.4645888106155537,0.174496644295302,0.12080128357828646,0.038818288449798476,0.3791329871908561,0.486,149
31,0.5,1.5,Associative latent class model,,0.507,-0.0006584216590214173,0.0,0.48784429929167344,0.48222714224205276,0.06729915343592852,0.702,150
31,0.5,1.5,Renal-adjusted associative latent class model,0.5033555352802821,0.825,0.42192140895009095,0.18,0.11750819801377625,0.022966997667829305,0.3566853103791303,0.498,150
31,0.5,1.5,Biologically constrained latent SCM,0.4947912691697385,0.823,0.4167322824832344,0.18,0.1177254848991628,0.024344020536723562,0.3558655836992358,0.506,150
31,0.5,1.5,Data-generating oracle (reference),,0.823,0.41673221515614683,0.18666666666666668,0.1168428491705223,0.022351539431903135,0.37874622122608753,0.498,150
32,0.5,1.5,Associative latent class model,,0.619,0.055722296488506816,0.8903225806451613,0.2901800720472518,0.2661304246372891,0.2891918296590066,0.415,155
32,0.5,1.5,Renal-adjusted associative latent class model,0.43556369235114883,0.823,0.41673785352144904,0.14193548387096774,0.1241679583096618,0.047520775095504134,0.3827152999073297,0.447,155
32,0.5,1.5,Biologically constrained latent SCM,0.4252816342203245,0.82,0.409014414558064,0.14193548387096774,0.12461547880434963,0.04933706566292282,0.38157084575026107,0.446,155
32,0.5,1.5,Data-generating oracle (reference),,0.818,0.4038993967962733,0.2,0.12230669792851376,0.024625402219888952,0.38192074839402695,0.502,155
33,0.5,1.5,Associative latent class model,,0.506,-0.0008387579395532617,0.0,0.48841052588953987,0.48429193768148043,0.07308548171674868,0.713,154
33,0.5,1.5,Renal-adjusted associative latent class model,0.5369558832202749,0.819,0.40645060508240244,0.18831168831168832,0.1267060053876021,0.044680120086576215,0.36404949500252004,0.53,154
33,0.5,1.5,Biologically constrained latent SCM,0.5142984807722403,0.816,0.3988231290733388,0.17532467532467533,0.12803592604994646,0.058444843999997,0.3607779841046533,0.539,154
33,0.5,1.5,Data-generating oracle (reference),,0.83,0.4350349895208654,0.14285714285714285,0.1210148231990431,0.03209576566759426,0.3710998474069695,0.507,154
34,0.5,1.5,Associative latent class model,,0.62,0.0565897460604163,0.9933774834437086,0.293146832150471,0.28673229601528827,0.2754181597195736,0.416,151
34,0.5,1.5,Renal-adjusted associative latent class model,0.5444627522373903,0.809,0.38130149491985316,0.31125827814569534,0.12619112124854404,0.0321119253297872,0.3745400275088465,0.471,151
34,0.5,1.5,Biologically constrained latent SCM,0.47574421141825224,0.821,0.4115704308903015,0.1986754966887417,0.12362606816878409,0.01647553925227992,0.37928512191876823,0.467,151
34,0.5,1.5,Data-generating oracle (reference),,0.824,0.41932365008435674,0.23178807947019867,0.12224242829981145,0.021006777797026758,0.38227697063749555,0.486,151
35,0.5,1.5,Associative latent class model,,0.491,-0.0006152490843901132,0.006944444444444444,0.4985732682902575,0.48897291151639277,0.09138150236712128,0.718,144
35,0.5,1.5,Renal-adjusted associative latent class model,0.4596368286369845,0.841,0.4645884175489012,0.1527777777777778,0.11485598039243984,0.03160598231052801,0.3903942146934327,0.502,144
35,0.5,1.5,Biologically constrained latent SCM,0.4064865366375692,0.83,0.43503485822263455,0.11805555555555555,0.11780803008199517,0.0227220411238399,0.3884057384163568,0.503,144
35,0.5,1.5,Data-generating oracle (reference),,0.833,0.44299884420864455,0.1527777777777778,0.1152233298256428,0.02845961531058646,0.37502575643545505,0.506,144
36,0.5,1.5,Associative latent class model,,0.502,-0.0009532569087588161,0.9937888198757764,0.4123132684386311,0.43592937968975987,0.18898297671786896,0.308,161
36,0.5,1.5,Renal-adjusted associative latent class model,0.49537106691970506,0.828,0.42976569171537266,0.20496894409937888,0.12359131156084456,0.03388093484885683,0.4172111863994934,0.51,161
36,0.5,1.5,Biologically constrained latent SCM,0.5007769590467621,0.829,0.4323963565936574,0.21739130434782608,0.12373192428027224,0.03337351193897545,0.4175454116847659,0.513,161
36,0.5,1.5,Data-generating oracle (reference),,0.827,0.42714303155668715,0.17391304347826086,0.12088093038619144,0.023146533038501293,0.38891513725815496,0.495,161
37,0.5,1.5,Associative latent class model,,0.558,0.012580039292803508,1.0,0.3537175084754954,0.3703956367504637,0.22327638869343816,0.33,137
37,0.5,1.5,Renal-adjusted associative latent class model,0.31287087214602316,0.807,0.37639212411103257,0.029197080291970802,0.13448203557008684,0.0741513431273004,0.40309863317453787,0.409,137
37,0.5,1.5,Biologically constrained latent SCM,0.3367076440179346,0.814,0.3938082502751854,0.029197080291970802,0.133850103002712,0.09253153121375936,0.4040430181799476,0.386,137
37,0.5,1.5,Data-generating oracle (reference),,0.832,0.44033581983971776,0.16058394160583941,0.11855670847362777,0.01963955383372291,0.3930346380168456,0.504,137
38,0.5,1.5,Associative latent class model,,0.684,0.13457681879595368,0.7816901408450704,0.24442969878650103,0.21188095855831815,0.2665397873160098,0.42,142
38,0.5,1.5,Renal-adjusted associative latent class model,0.688064965545001,0.802,0.36417977443808963,0.3732394366197183,0.13422935495621827,0.04940272270273666,0.3398579891664357,0.508,142
38,0.5,1.5,Biologically constrained latent SCM,0.661288460637639,0.802,0.36418069062917147,0.33098591549295775,0.13161648365836157,0.054427027449480414,0.34447319931591835,0.522,142
38,0.5,1.5,Data-generating oracle (reference),,0.814,0.3937772661311626,0.19014084507042253,0.1253751996260521,0.02351707004216961,0.37724865538232194,0.498,142
39,0.5,1.5,Associative latent class model,,0.498,-0.001105729048531287,0.974025974025974,0.44693481055458195,0.460263024727127,0.1334135938259586,0.32,154
39,0.5,1.5,Renal-adjusted associative latent class model,0.5365199504458219,0.81,0.38378279898324,0.2532467532467532,0.13098545430370456,0.024051696037488104,0.37792269751143653,0.526,154
39,0.5,1.5,Biologically constrained latent SCM,0.49408371248066174,0.813,0.391266630125352,0.18181818181818182,0.1305111731000453,0.024522429495770576,0.3794184323613363,0.523,154
39,0.5,1.5,Data-generating oracle (reference),,0.815,0.3962965884545796,0.16233766233766234,0.130126968188511,0.02873683068969539,0.3975789398059685,0.489,154
40,0.5,1.5,Associative latent class model,,0.576,0.021988956604521125,0.782608695652174,0.33725729924312675,0.335148620140435,0.2307223644736343,0.306,161
40,0.5,1.5,Renal-adjusted associative latent class model,0.5749532398999438,0.811,0.386270180476399,0.22981366459627328,0.13308210690837652,0.048414805007969956,0.3810919877557795,0.517,161
40,0.5,1.5,Biologically constrained latent SCM,0.5704569237062552,0.811,0.3862700147030292,0.2236024844720497,0.13328009248297715,0.046567345883695044,0.3811947487999232,0.519,161
40,0.5,1.5,Data-generating oracle (reference),,0.818,0.40390013694432775,0.14285714285714285,0.1295997783736434,0.0315680652612078,0.39220308872012577,0.488,161
41,0.5,1.5,Associative latent class model,,0.574,0.020985017016258867,0.8543046357615894,0.33374388427422924,0.32622161449591136,0.2474753387162073,0.327,151
41,0.5,1.5,Renal-adjusted associative latent class model,0.6028582436849348,0.788,0.3311122517843745,0.2913907284768212,0.15017562260754425,0.07972913873055454,0.3687596744929224,0.563,151
41,0.5,1.5,Biologically constrained latent SCM,0.5811820611891693,0.785,0.3242315279767213,0.26490066225165565,0.15059108098874394,0.08167731396652296,0.3690114031468505,0.574,151
41,0.5,1.5,Data-generating oracle (reference),,0.808,0.37883480271851017,0.16556291390728478,0.1353557699910269,0.023142958186853205,0.3898177818458485,0.485,151
42,0.5,1.5,Associative latent class model,,0.669,0.11336114200440185,0.8695652173913043,0.24947639333442795,0.2268155915325094,0.29627965133577777,0.455,161
42,0.5,1.5,Renal-adjusted associative latent class model,0.4673387414022693,0.831,0.4376831948645461,0.11180124223602485,0.1209635367157189,0.04042219967806608,0.38018338913197147,0.463,161
42,0.5,1.5,Biologically constrained latent SCM,0.532978239653484,0.825,0.42192327733091556,0.18633540372670807,0.12236875914541998,0.03181225061598535,0.3798229066387772,0.465,161
42,0.5,1.5,Data-generating oracle (reference),,0.841,0.46458873150784613,0.16770186335403728,0.11374585050397465,0.03041660899230497,0.378491651344027,0.481,161
43,0.5,1.5,Associative latent class model,,0.49,-0.0004514111901501031,0.0,0.503704288953748,0.4979698215581412,0.06925728762923296,0.7,147
43,0.5,1.5,Renal-adjusted associative latent class model,0.39096262084988415,0.807,0.37637302510295173,0.08163265306122448,0.13360586168872635,0.039825945202400466,0.35790944238771455,0.477,147
43,0.5,1.5,Biologically constrained latent SCM,0.41587167191859253,0.812,0.3887645217015245,0.10884353741496598,0.13239491302845802,0.048553256351911614,0.3573956761066028,0.488,147
43,0.5,1.5,Data-generating oracle (reference),,0.831,0.4376812070355128,0.14965986394557823,0.12143764314237379,0.03411436359212249,0.3942316215331897,0.505,147
44,0.5,1.5,Associative latent class model,,0.612,0.049335207528673874,0.7039473684210527,0.3002233456140269,0.2909110983994377,0.23006435724860125,0.328,152
44,0.5,1.5,Renal-adjusted associative latent class model,0.5604141557250137,0.844,0.4728163302954484,0.24342105263157895,0.11341135703689628,0.022110644801203637,0.37623673823336745,0.496,152
44,0.5,1.5,Biologically constrained latent SCM,0.5609332645521553,0.845,0.4755751598531762,0.25,0.11321985952781062,0.020472230690078766,0.3759578095544232,0.493,152
44,0.5,1.5,Data-generating oracle (reference),,0.841,0.46458853579857323,0.19736842105263158,0.11199676737643287,0.02833332975354609,0.3776966493067358,0.515,152
45,0.5,1.5,Associative latent class model,,0.469,0.0029711724367514846,0.0,0.5182127136831981,0.5115206412588188,0.1167277498925873,0.683,141
45,0.5,1.5,Renal-adjusted associative latent class model,0.4702113898957541,0.809,0.38131076200501207,0.2127659574468085,0.13609516243360262,0.055550258102922884,0.36834850484674336,0.551,141
45,0.5,1.5,Biologically constrained latent SCM,0.46863191687323846,0.81,0.38378809745048315,0.2127659574468085,0.13563267305885865,0.05191699022590694,0.36863372652125187,0.546,141
45,0.5,1.5,Data-generating oracle (reference),,0.824,0.4193227787207837,0.1773049645390071,0.12804371421226776,0.028040466128864062,0.3809325156810863,0.5,141
46,0.5,1.5,Associative latent class model,,0.493,-0.001027675052109787,0.9517241379310345,0.4469347033376313,0.46572589198557673,0.13491362730368955,0.293,145
46,0.5,1.5,Renal-adjusted associative latent class model,0.4780008942845195,0.834,0.44566663920443045,0.10344827586206896,0.11983919014600579,0.059193902303553744,0.37548420151008477,0.464,145
46,0.5,1.5,Biologically constrained latent SCM,0.4992817180571271,0.829,0.43239428717113104,0.13793103448275862,0.11945115503514855,0.05527079635611076,0.3758510465213381,0.469,145
46,0.5,1.5,Data-generating oracle (reference),,0.836,0.45103570641219276,0.15172413793103448,0.11325533426821241,0.02718736149419891,0.3785975206556715,0.504,145
47,0.5,1.5,Associative latent class model,,0.553,0.010279284812212712,0.88,0.35869030900483306,0.37118351944866274,0.20571698217085121,0.303,150
47,0.5,1.5,Renal-adjusted associative latent class model,0.478913248311764,0.807,0.3763736416594484,0.12666666666666668,0.13276531366029432,0.06485659334502746,0.37696899156817665,0.551,150
47,0.5,1.5,Biologically constrained latent SCM,0.5805491518182493,0.801,0.36176810796958286,0.28,0.13264273917416325,0.07290087785879514,0.3795141790129628,0.567,150
47,0.5,1.5,Data-generating oracle (reference),,0.834,0.4456696188001879,0.16,0.12348432700068611,0.03950115632367831,0.3833288811199784,0.488,150
48,0.5,1.5,Associative latent class model,,0.624,0.060618530699547674,0.8450704225352113,0.2761191446551287,0.26682298914286195,0.2932929212067289,0.379,142
48,0.5,1.5,Renal-adjusted associative latent class model,0.4605609468950627,0.831,0.4376822069558412,0.15492957746478872,0.11972245948667393,0.041098874129194746,0.3830592682746337,0.478,142
48,0.5,1.5,Biologically constrained latent SCM,0.46982911969872587,0.828,0.429766400870514,0.176056338028169,0.11974640324277117,0.036576285129865035,0.38261592774508846,0.477,142
48,0.5,1.5,Data-generating oracle (reference),,0.836,0.451034752336918,0.20422535211267606,0.11754012974045813,0.02021150904293369,0.38610051055352484,0.511,142
49,0.5,1.5,Associative latent class model,,0.523,0.001138216035423055,0.9479768786127167,0.3842593898086468,0.4013849071647825,0.21406611449451585,0.343,173
49,0.5,1.5,Renal-adjusted associative latent class model,0.6656165826425071,0.788,0.3311116528623976,0.41040462427745666,0.1410744144292877,0.08696489946989877,0.3812777927578935,0.59,173
49,0.5,1.5,Biologically constrained latent SCM,0.6221646028698303,0.792,0.3404002828650703,0.34104046242774566,0.13709921843337367,0.08393815742605706,0.3845918408046006,0.584,173
49,0.5,1.5,Data-generating oracle (reference),,0.834,0.44566955737287683,0.17341040462427745,0.12347596193183626,0.027323931694300547,0.3825240565365072,0.496,173
50,0.5,1.5,Associative latent class model,,0.545,0.007216870214098524,0.75,0.3543799144060583,0.35229818358596193,0.2444904489802696,0.285,164
50,0.5,1.5,Renal-adjusted associative latent class model,0.44073451947417425,0.848,0.4838996690512457,0.07317073170731707,0.11447456766821433,0.018781336755701303,0.37117349906303293,0.492,164
50,0.5,1.5,Biologically constrained latent SCM,0.4683433112764768,0.843,0.4700661157672303,0.0975609756097561,0.11371416290090205,0.0228657589791509,0.3766349930289755,0.483,164
50,0.5,1.5,Data-generating oracle (reference),,0.84,0.4618616677440207,0.12804878048780488,0.11381118578958566,0.02516988170851828,0.38288422665348587,0.49,164
51,0.5,1.5,Associative latent class model,,0.515,-2.4305051322364993e-05,0.0,0.47893502846280983,0.47123994592889273,0.06714053810792994,0.668,178
51,0.5,1.5,Renal-adjusted associative latent class model,0.527258283159945,0.823,0.4167323376540306,0.2752808988764045,0.12161315830308214,0.02518561921614294,0.38583494555846004,0.5,178
51,0.5,1.5,Biologically constrained latent SCM,0.4830862271543981,0.831,0.43768130079284423,0.19101123595505617,0.11793207626876964,0.0368628493191095,0.3877788055549886,0.5,178
51,0.5,1.5,Data-generating oracle (reference),,0.829,0.4323961657151494,0.19662921348314608,0.11892678774059749,0.02885891034133527,0.38428814406904466,0.49,178
52,0.5,1.5,Associative latent class model,,0.595,0.03504345722364993,0.95,0.30999684019955587,0.31072513215606123,0.25901605978234227,0.381,160
52,0.5,1.5,Renal-adjusted associative latent class model,0.5705369616645285,0.823,0.4167336927577219,0.34375,0.1204251227944935,0.033173319635232915,0.39079635167194454,0.503,160
52,0.5,1.5,Biologically constrained latent SCM,0.48728586520866213,0.829,0.43239733063987956,0.1875,0.11775507442927526,0.033528140357637404,0.3959937291354365,0.497,160
52,0.5,1.5,Data-generating oracle (reference),,0.837,0.4537283306626077,0.18125,0.11630960698387859,0.02947546157233846,0.37729736967457417,0.475,160
53,0.5,1.5,Associative latent class model,,0.661,0.10279274515757003,0.943089430894309,0.2558688007121686,0.2542547075816818,0.29298684300855204,0.411,123
53,0.5,1.5,Renal-adjusted associative latent class model,0.673761368525662,0.83,0.43503510840114384,0.37398373983739835,0.11953237886596403,0.014744120719517133,0.3772208824055009,0.52,123
53,0.5,1.5,Biologically constrained latent SCM,0.6010484415566817,0.83,0.43503510840114384,0.23577235772357724,0.11578905839158407,0.021580507987108668,0.3828659987729673,0.52,123
53,0.5,1.5,Data-generating oracle (reference),,0.83,0.4350349205838673,0.15447154471544716,0.11484557499935232,0.03002001689351953,0.3817917992513152,0.504,123
54,0.5,1.5,Associative latent class model,,0.502,-0.0011030323683182558,0.9142857142857143,0.4585816510918407,0.4685523631601505,0.09918953138099842,0.278,140
54,0.5,1.5,Renal-adjusted associative latent class model,0.5404908411997585,0.812,0.38874983900625015,0.2,0.13737943197473407,0.07023973297060121,0.38733365965257843,0.602,140
54,0.5,1.5,Biologically constrained latent SCM,0.5572790201901315,0.82,0.4089973348822907,0.22142857142857142,0.13389765136593298,0.05874513857041122,0.3927633554390861,0.592,140
54,0.5,1.5,Data-generating oracle (reference),,0.815,0.3962964835772797,0.17857142857142858,0.12874726391132493,0.026817298381993378,0.39111688892046076,0.511,140
55,0.5,1.5,Associative latent class model,,0.608,0.04570356056985737,0.953757225433526,0.30601866005583567,0.30005846598826397,0.2847090976787641,0.45,173
55,0.5,1.5,Renal-adjusted associative latent class model,0.5682178797446291,0.814,0.3937780580342652,0.2658959537572254,0.13144630080635694,0.03644569185798075,0.3650398519766385,0.472,173
55,0.5,1.5,Biologically constrained latent SCM,0.4926724201952534,0.828,0.42976597606877726,0.18497109826589594,0.12472336580675222,0.033670890654059364,0.36566585851727307,0.474,173
55,0.5,1.5,Data-generating oracle (reference),,0.838,0.4564323449039666,0.2138728323699422,0.1200089802929694,0.030622840005508394,0.3873597184493456,0.508,173
56,0.5,1.5,Associative latent class model,,0.639,0.07637585279796734,0.8571428571428571,0.2717569364394607,0.24817719889565465,0.2956668643170709,0.43,161
56,0.5,1.5,Renal-adjusted associative latent class model,0.44385485164671595,0.803,0.366607743356248,0.2111801242236025,0.13536007052070329,0.04289904855353471,0.36575345814720694,0.45,161
56,0.5,1.5,Biologically constrained latent SCM,0.43131175283843093,0.804,0.36903838393622224,0.19875776397515527,0.13475541160781898,0.04450741942000642,0.3669774652568851,0.449,161
56,0.5,1.5,Data-generating oracle (reference),,0.814,0.3937772332712211,0.19254658385093168,0.12597223171560168,0.018982980858716244,0.3929351263144829,0.499,161
57,0.5,1.5,Associative latent class model,,0.538,0.00483163492617021,0.9172932330827067,0.3577652117916898,0.36036170285531555,0.2571001323957249,0.301,133
57,0.5,1.5,Renal-adjusted associative latent class model,0.34102938144942463,0.79,0.3357355623509105,0.03007518796992481,0.1489155804618165,0.059013939311303845,0.3596976796229783,0.507,133
57,0.5,1.5,Biologically constrained latent SCM,0.4355150384519826,0.789,0.33341737067385835,0.09774436090225563,0.13639759007200045,0.041477637639259,0.3788830335541472,0.486,133
57,0.5,1.5,Data-generating oracle (reference),,0.805,0.3714715939021325,0.16541353383458646,0.13320751896544739,0.03232391590517893,0.3929242826289648,0.52,133
58,0.5,1.5,Associative latent class model,,0.48,0.0003294337203269963,1.0,0.4788017023554637,0.4933794421978842,0.09859854172400513,0.287,141
58,0.5,1.5,Renal-adjusted associative latent class model,0.5121302780263643,0.812,0.3887491870717805,0.19148936170212766,0.13186070977120967,0.05889732356713415,0.3126694011163058,0.567,141
58,0.5,1.5,Biologically constrained latent SCM,0.528383595967399,0.814,0.3937623278444074,0.2198581560283688,0.1305718352691086,0.049041616999036045,0.31618303476440646,0.567,141
58,0.5,1.5,Data-generating oracle (reference),,0.807,0.37637293476094585,0.1773049645390071,0.12676547445449865,0.04086035267083904,0.3724000906667138,0.51,141
59,0.5,1.5,Associative latent class model,,0.657,0.0977179934437535,0.851063829787234,0.26118525101367934,0.25245151882194655,0.2723483853708234,0.393,141
59,0.5,1.5,Renal-adjusted associative latent class model,0.5836462568692202,0.806,0.37392491891080765,0.2907801418439716,0.13394344999165778,0.04695458975904528,0.3807409864012551,0.43,141
59,0.5,1.5,Biologically constrained latent SCM,0.5959094855302348,0.801,0.3617722718450334,0.3120567375886525,0.1354614674101278,0.04237960483695293,0.37916178857719385,0.433,141
59,0.5,1.5,Data-generating oracle (reference),,0.829,0.4323964496305037,0.20567375886524822,0.11640867421397742,0.023728748984678538,0.37960155650024,0.483,141
60,0.5,1.5,Associative latent class model,,0.608,0.04577259297845405,0.7245508982035929,0.30145737329313826,0.2812567857088436,0.2632613439826414,0.352,167
60,0.5,1.5,Renal-adjusted associative latent class model,0.47645652707128566,0.814,0.39377755731226893,0.20359281437125748,0.12862042245017585,0.01803455127988691,0.37894551476530575,0.488,167
60,0.5,1.5,Biologically constrained latent SCM,0.4815966707349273,0.813,0.3912669978537776,0.2155688622754491,0.12882038815852517,0.022422962824630546,0.37905781447641435,0.489,167
60,0.5,1.5,Data-generating oracle (reference),,0.823,0.41673239454539673,0.20958083832335328,0.12459501546187104,0.021063070319027426,0.39186606213793856,0.509,167
61,0.5,1.5,Associative latent class model,,0.671,0.11608007676405516,0.9027777777777778,0.25307781164433524,0.22258766145191433,0.29606873519283533,0.484,144
61,0.5,1.5,Renal-adjusted associative latent class model,0.5579108609428248,0.822,0.41415013586435057,0.2777777777777778,0.127262105715043,0.044709454037273916,0.3456474435466003,0.517,144
61,0.5,1.5,Biologically constrained latent SCM,0.48256628273420826,0.813,0.39126728782021003,0.2013888888888889,0.12636183445482665,0.03075531562765707,0.351074676277822,0.514,144
61,0.5,1.5,Data-generating oracle (reference),,0.819,0.40645054174516465,0.19444444444444445,0.1240621495473761,0.02931022333706865,0.3792939394515087,0.498,144
62,0.5,1.5,Associative latent class model,,0.491,-0.000524524694683247,0.0,0.5004712297541638,0.4938936535798789,0.08025561592650925,0.697,148
62,0.5,1.5,Renal-adjusted associative latent class model,0.5086096852281392,0.809,0.3813131890386997,0.21621621621621623,0.12880269522485882,0.045903218522258205,0.374142625238519,0.559,148
62,0.5,1.5,Biologically constrained latent SCM,0.5092268500132051,0.808,0.37884304156728416,0.21621621621621623,0.12912654121206357,0.04917428555438078,0.3745103911183512,0.56,148
62,0.5,1.5,Data-generating oracle (reference),,0.83,0.43503451364600626,0.17567567567567569,0.11946900993094439,0.023455687164375044,0.3779282395654611,0.504,148
63,0.5,1.5,Associative latent class model,,0.557,0.01200347366684225,0.7407407407407407,0.35227860326344235,0.35041091464140495,0.23494073640371121,0.281,162
63,0.5,1.5,Renal-adjusted associative latent class model,0.5805448639450392,0.82,0.409008804694438,0.30864197530864196,0.1255549972280488,0.062364160002856175,0.37272068335912,0.562,162
63,0.5,1.5,Biologically constrained latent SCM,0.5589422532837456,0.819,0.4064502084251154,0.24074074074074073,0.12733809355367384,0.07066775767509821,0.3704324143029665,0.567,162
63,0.5,1.5,Data-generating oracle (reference),,0.839,0.4591431498545304,0.16666666666666666,0.1187322124895664,0.033340987524980215,0.3822481065064545,0.511,162
64,0.5,1.5,Associative latent class model,,0.614,0.05105580386172792,0.972972972972973,0.31191764038693814,0.30579842563380344,0.24405941120409683,0.422,148
64,0.5,1.5,Renal-adjusted associative latent class model,0.6068662306838607,0.816,0.3988228363547169,0.2905405405405405,0.12839482479104458,0.036269975384078536,0.38573105547975345,0.516,148
64,0.5,1.5,Biologically constrained latent SCM,0.526585954946213,0.826,0.42452806652766817,0.16216216216216217,0.12522158673318212,0.028275887162290708,0.3883430616700247,0.506,148
64,0.5,1.5,Data-generating oracle (reference),,0.83,0.43503451364600626,0.14864864864864866,0.12304101399418468,0.02278265968682089,0.3827948070986031,0.498,148
65,0.5,1.5,Associative latent class model,,0.505,-0.0009534728342516453,0.0,0.4894212923174229,0.4842628025647513,0.057823499823019535,0.711,138
65,0.5,1.5,Renal-adjusted associative latent class model,0.4127407187115264,0.801,0.36176169588149976,0.14492753623188406,0.13056880659245973,0.08733154002108871,0.404164561201218,0.425,138
65,0.5,1.5,Biologically constrained latent SCM,0.3376358057055052,0.793,0.34273097929452406,0.07246376811594203,0.13510337933861008,0.10262997093462307,0.40295518580893347,0.399,138
65,0.5,1.5,Data-generating oracle (reference),,0.843,0.47006599628051826,0.17391304347826086,0.11670538790281766,0.02578115546425242,0.3832674651521078,0.519,138
66,0.5,1.5,Associative latent class model,,0.66,0.10151154871700156,0.8859060402684564,0.2665009671901966,0.24503979792701608,0.26670757153833474,0.43,149
66,0.5,1.5,Renal-adjusted associative latent class model,0.5325135065083741,0.825,0.4219216869837167,0.20134228187919462,0.1234756457179452,0.018706060896574946,0.3578436579281584,0.491,149
66,0.5,1.5,Biologically constrained latent SCM,0.5393314192520435,0.826,0.4245282323742162,0.2214765100671141,0.12363120262477537,0.01770477032614221,0.3576491223397196,0.494,149
66,0.5,1.5,Data-generating oracle (reference),,0.828,0.42976544488059015,0.174496644295302,0.12225634044541159,0.018791706605125327,0.37741531058173794,0.504,149
67,0.5,1.5,Associative latent class model,,0.497,-0.0007855241639032783,0.0,0.4959004944694291,0.4900936771501638,0.07218768140303436,0.716,139
67,0.5,1.5,Renal-adjusted associative latent class model,0.368365162499663,0.803,0.366602617286237,0.050359712230215826,0.1314515698090928,0.03481678233214163,0.38151854170646093,0.516,139
67,0.5,1.5,Biologically constrained latent SCM,0.42687089352260515,0.823,0.41673231356590124,0.07913669064748201,0.1240696949008778,0.022897747731181077,0.39074925490313855,0.508,139
67,0.5,1.5,Data-generating oracle (reference),,0.827,0.427142908526829,0.12949640287769784,0.12180464473090592,0.017050930537391804,0.3865728800127562,0.488,139
68,0.5,1.5,Associative latent class model,,0.563,0.014956849882653549,0.8024691358024691,0.3337923742518049,0.32635634667751334,0.2807344587271856,0.342,162
68,0.5,1.5,Renal-adjusted associative latent class model,0.565383674038464,0.801,0.3617656723866774,0.25925925925925924,0.13322267239826766,0.04154366010587868,0.3731812335893396,0.486,162
68,0.5,1.5,Biologically constrained latent SCM,0.5109431348057041,0.81,0.38378424959796786,0.16666666666666666,0.1297596288666956,0.04225850622988944,0.3717766503317339,0.477,162
68,0.5,1.5,Data-generating oracle (reference),,0.822,0.4141497676079425,0.17901234567901234,0.12341680548406851,0.02719001438353448,0.37724994230927733,0.497,162
69,0.5,1.5,Associative latent class model,,0.603,0.041279733839525275,0.8695652173913043,0.30730203930332434,0.30375532840450714,0.2603396164867298,0.395,138
69,0.5,1.5,Renal-adjusted associative latent class model,0.692430725248065,0.802,0.3640515550435613,0.47101449275362317,0.13977249325836152,0.05719939383863456,0.3623994283010531,0.604,138
69,0.5,1.5,Biologically constrained latent SCM,0.6186810529614921,0.818,0.40377930998680844,0.30434782608695654,0.1322676099070475,0.056876379700090525,0.3712462102780877,0.604,138
69,0.5,1.5,Data-generating oracle (reference),,0.826,0.42452771335612915,0.17391304347826086,0.12770166572078953,0.03323363689412172,0.3789652148246657,0.518,138
70,0.5,1.5,Associative latent class model,,0.648,0.08637818051495498,0.7559523809523809,0.26157055221915904,0.22431731172589808,0.30635127820295627,0.378,168
70,0.5,1.5,Renal-adjusted associative latent class model,0.44486422481908666,0.796,0.34971674212843684,0.16666666666666666,0.13742362358506596,0.05119961819227703,0.35595711766725274,0.42,168
70,0.5,1.5,Biologically constrained latent SCM,0.42084337336811506,0.797,0.3520837795568973,0.1488095238095238,0.13749364197054376,0.04898167688817039,0.3541721936722396,0.417,168
70,0.5,1.5,Data-generating oracle (reference),,0.793,0.3427381165560328,0.20833333333333334,0.13534185684812866,0.04882989500225391,0.3824368426387141,0.483,168
71,0.5,1.5,Associative latent class model,,0.632,0.06878200263394556,0.9044585987261147,0.27372267480317636,0.25505915440538257,0.2912085177806048,0.429,157
71,0.5,1.5,Renal-adjusted associative latent class model,0.47717342338399893,0.844,0.4728164074015892,0.14012738853503184,0.11096162796922987,0.019958260344984206,0.3493460668290227,0.507,157
71,0.5,1.5,Biologically constrained latent SCM,0.46371790106617794,0.842,0.4673228273170409,0.12738853503184713,0.11146240966119723,0.01491437162414127,0.34932406163702245,0.503,157
71,0.5,1.5,Data-generating oracle (reference),,0.845,0.4755751014370891,0.14012738853503184,0.11075112181523523,0.0189699539953767,0.3822441298799588,0.496,157
72,0.5,1.5,Associative latent class model,,0.65,0.08903652563649807,0.7891156462585034,0.2683854919353137,0.24589739315018191,0.27064530919475943,0.43,147
72,0.5,1.5,Renal-adjusted associative latent class model,0.6814811662907229,0.809,0.3812822803398789,0.3197278911564626,0.13661547212973954,0.053697898869222896,0.332492604065769,0.557,147
72,0.5,1.5,Biologically constrained latent SCM,0.667587168840542,0.816,0.3987881323304016,0.2857142857142857,0.13430719747302863,0.05053403175267179,0.33409388847255905,0.57,147
72,0.5,1.5,Data-generating oracle (reference),,0.823,0.4167275867182523,0.17687074829931973,0.1299418039484328,0.02350663278705674,0.38149523269550595,0.531,147
73,0.5,1.5,Associative latent class model,,0.679,0.12729130816480835,0.9513888888888888,0.2566679939975236,0.2108692367180371,0.26993518953509077,0.493,144
73,0.5,1.5,Renal-adjusted associative latent class model,0.4586112691938852,0.782,0.3174134295656662,0.2847222222222222,0.1471663830078124,0.06443005704019622,0.34200353188109217,0.502,144
73,0.5,1.5,Biologically constrained latent SCM,0.48990771388906496,0.787,0.3288048157160871,0.3125,0.14791858490717966,0.06295401867787108,0.3397629764619944,0.509,144
73,0.5,1.5,Data-generating oracle (reference),,0.819,0.4064504518778227,0.2152777777777778,0.1295191856200379,0.021189341002101222,0.39329402207906694,0.485,144
74,0.5,1.5,Associative latent class model,,0.529,0.0011199294318528588,0.0,0.4638892227106759,0.4605565571623028,0.07376755849640058,0.71,137
74,0.5,1.5,Renal-adjusted associative latent class model,0.3788783305812276,0.814,0.39377917512145333,0.15328467153284672,0.13003841464435598,0.05397450684478802,0.3734583239132565,0.513,137
74,0.5,1.5,Biologically constrained latent SCM,0.3626670962118755,0.811,0.3862743570148056,0.12408759124087591,0.13038517815015505,0.05059792590748659,0.3718897017178264,0.504,137
74,0.5,1.5,Data-generating oracle (reference),,0.821,0.411544328256935,0.22627737226277372,0.125945218242982,0.03165267922186442,0.37595774352522837,0.546,137
75,0.5,1.5,Associative latent class model,,0.492,-0.0006912889686065997,0.006578947368421052,0.49494379742633693,0.4861378173404733,0.11257191583849852,0.678,152
75,0.5,1.5,Renal-adjusted associative latent class model,0.3236267627866252,0.816,0.39882282895265525,0.07236842105263158,0.13043041807106512,0.040401843803305394,0.38556465057647676,0.484,152
75,0.5,1.5,Biologically constrained latent SCM,0.3565013420951526,0.829,0.43239762237990426,0.09210526315789473,0.12668647050327725,0.050816109067991874,0.3918487143501765,0.461,152
75,0.5,1.5,Data-generating oracle (reference),,0.828,0.4297658374757824,0.19736842105263158,0.12082596994587093,0.02826053704778559,0.38689540220421403,0.518,152
76,0.5,1.5,Associative latent class model,,0.62,0.05665591129836431,0.9281045751633987,0.28714385291406064,0.2684012500917052,0.26704699708975266,0.408,153
76,0.5,1.5,Renal-adjusted associative latent class model,0.5406759678590908,0.815,0.3962957416535458,0.1830065359477124,0.1389306513029742,0.08445574954224895,0.3416170507049791,0.401,153
76,0.5,1.5,Biologically constrained latent SCM,0.4551867292868338,0.82,0.4090086773530647,0.12418300653594772,0.1294053598427304,0.06189912722265809,0.35759010742837777,0.422,153
76,0.5,1.5,Data-generating oracle (reference),,0.828,0.42976574239875487,0.12418300653594772,0.11986631366297869,0.029280180230692825,0.38151528741182267,0.474,153
77,0.5,1.5,Associative latent class model,,0.561,0.013974063286381202,0.9659863945578231,0.33936347418750407,0.3417929699774894,0.27167437498049857,0.36,147
77,0.5,1.5,Renal-adjusted associative latent class model,0.4733463297556977,0.81,0.3837869103297878,0.17006802721088435,0.1327443022396217,0.03901318269519288,0.3880994277276161,0.461,147
77,0.5,1.5,Biologically constrained latent SCM,0.43627015226783583,0.812,0.3887650356089532,0.11564625850340136,0.13232880502261185,0.025296914031311842,0.38797290788370636,0.481,147
77,0.5,1.5,Data-generating oracle (reference),,0.812,0.38876417671484464,0.17006802721088435,0.13173717772249183,0.024837807962710828,0.3875268095960783,0.497,147
78,0.5,1.5,Associative latent class model,,0.498,-0.001266938663228026,0.0,0.492146167505056,0.48596023032032476,0.09512117141546142,0.717,128
78,0.5,1.5,Renal-adjusted associative latent class model,0.3550527070975231,0.816,0.39882369386497474,0.0859375,0.12705629226329795,0.038380259780148876,0.4172457952486075,0.497,128
78,0.5,1.5,Biologically constrained latent SCM,0.3860466592049037,0.827,0.42714400414828624,0.0859375,0.12374692695414657,0.042623970210147875,0.41953148039359506,0.5,128
78,0.5,1.5,Data-generating oracle (reference),,0.835,0.4483453435470381,0.1875,0.11872084119194087,0.022777715354002026,0.3856316920856763,0.534,128
79,0.5,1.5,Associative latent class model,,0.484,-0.00025121757390337456,0.0,0.5112690402454994,0.5064560579373929,0.06183454847895964,0.73,139
79,0.5,1.5,Renal-adjusted associative latent class model,0.5207869248246972,0.811,0.3862666809154315,0.2517985611510791,0.12685382016859173,0.06738535628076651,0.38313299731700196,0.537,139
79,0.5,1.5,Biologically constrained latent SCM,0.4941597282550066,0.816,0.39881695975435194,0.20863309352517986,0.12773641566056262,0.07172272562902376,0.3834846622298583,0.546,139
79,0.5,1.5,Data-generating oracle (reference),,0.837,0.4537261009332859,0.16546762589928057,0.1164078101252732,0.021387447948490387,0.3797678384192403,0.461,139
80,0.5,1.5,Associative latent class model,,0.55,0.008959079329097832,0.9154929577464789,0.3410084785137756,0.3535288062036082,0.2518811959938692,0.331,142
80,0.5,1.5,Renal-adjusted associative latent class model,0.5284986508012938,0.802,0.36417375445267763,0.16901408450704225,0.13750451560925916,0.08353502101533279,0.41313197659424267,0.423,142
80,0.5,1.5,Biologically constrained latent SCM,0.502226508265107,0.808,0.37882922046243706,0.14084507042253522,0.13494526269381082,0.08326436676006074,0.41532714219411665,0.427,142
80,0.5,1.5,Data-generating oracle (reference),,0.83,0.43503492343699524,0.15492957746478872,0.12158213053501053,0.038620323218431896,0.3917533752101376,0.519,142
81,0.5,1.5,Associative latent class model,,0.629,0.0657194614784019,0.7669172932330827,0.2887047546155843,0.27688179811054175,0.24068760521146676,0.344,133
81,0.5,1.5,Renal-adjusted associative latent class model,0.6208010371260334,0.813,0.39126690275971776,0.3308270676691729,0.13532072484968513,0.040619134328002834,0.3667498024469817,0.49,133
81,0.5,1.5,Biologically constrained latent SCM,0.5521736270535265,0.822,0.41414958652269945,0.23308270676691728,0.12782851431675316,0.02864769807488474,0.3788953172837616,0.503,133
81,0.5,1.5,Data-generating oracle (reference),,0.819,0.4064500097346716,0.21804511278195488,0.1264784744516482,0.023161571060718478,0.379832188742903,0.508,133
82,0.5,1.5,Associative latent class model,,0.588,0.030049755748707753,0.912751677852349,0.3211760193599662,0.322975719798897,0.25489934216445553,0.376,149
82,0.5,1.5,Renal-adjusted associative latent class model,0.45028525141051323,0.796,0.34981940922849425,0.1342281879194631,0.1444782435254574,0.055206154932655405,0.3728835476694928,0.444,149
82,0.5,1.5,Biologically constrained latent SCM,0.501108682816745,0.79,0.3357401925285354,0.2080536912751678,0.1444101699803859,0.054621985724777736,0.3731875184129524,0.45,149
82,0.5,1.5,Data-generating oracle (reference),,0.822,0.4141498881028276,0.15436241610738255,0.1290124995616354,0.04100754144582421,0.3782637834672158,0.49,149
83,0.5,1.5,Associative latent class model,,0.604,0.04251958399180768,0.5461538461538461,0.31216682562642206,0.3026092107890606,0.24243579972757778,0.251,130
83,0.5,1.5,Renal-adjusted associative latent class model,0.4016499219687421,0.823,0.4167332250608278,0.11538461538461539,0.12681409457800977,0.04627277042182296,0.3567079930589114,0.478,130
83,0.5,1.5,Biologically constrained latent SCM,0.39283040301336936,0.823,0.41673362902172095,0.1076923076923077,0.12739049547319495,0.04712513722692084,0.3564995883486228,0.474,130
83,0.5,1.5,Data-generating oracle (reference),,0.832,0.44033593055225334,0.13076923076923078,0.12207228462395295,0.03449395862943238,0.37736249768634833,0.493,130
84,0.5,1.5,Associative latent class model,,0.633,0.06973037979609191,0.7515923566878981,0.2758703151827771,0.2554618949405617,0.25792726499556823,0.359,157
84,0.5,1.5,Renal-adjusted associative latent class model,0.609602246384966,0.815,0.3962936490502294,0.22929936305732485,0.12839583836883353,0.06156559983257656,0.3320912548070316,0.533,157
84,0.5,1.5,Biologically constrained latent SCM,0.5801474067351136,0.812,0.3887634038668334,0.20382165605095542,0.1291369532005284,0.059438191114957496,0.33255892401904624,0.526,157
84,0.5,1.5,Data-generating oracle (reference),,0.817,0.4013543067867293,0.1337579617834395,0.12353819539764152,0.029130919328338212,0.36482946872413613,0.465,157
85,0.5,1.5,Associative latent class model,,0.496,-0.0007566865028209764,0.0,0.49877183549456094,0.49613208107468526,0.06148482402356626,0.713,142
85,0.5,1.5,Renal-adjusted associative latent class model,0.5022001538357387,0.818,0.40389936448499586,0.2112676056338028,0.13272164077354243,0.0423149681919661,0.3726779269967942,0.495,142
85,0.5,1.5,Biologically constrained latent SCM,0.46160757501180705,0.812,0.38876417671484464,0.15492957746478872,0.13352537631258452,0.031170700869118734,0.37356154342695685,0.497,142
85,0.5,1.5,Data-generating oracle (reference),,0.822,0.41414956781305595,0.19014084507042253,0.12896059307640745,0.01986109633873404,0.38612168104305256,0.501,142
86,0.5,1.5,Associative latent class model,,0.534,0.0037790944356010997,0.8940397350993378,0.3801245580374155,0.396021083263971,0.18864224045223948,0.301,151
86,0.5,1.5,Renal-adjusted associative latent class model,0.5963947295153522,0.824,0.4193504042441025,0.26490066225165565,0.1256579179917263,0.09058999466206163,0.36258835142205187,0.611,151
86,0.5,1.5,Biologically constrained latent SCM,0.6251747569060125,0.821,0.4116066618997255,0.304635761589404,0.1272126150827387,0.09981554550948157,0.35943752652633715,0.618,151
86,0.5,1.5,Data-generating oracle (reference),,0.844,0.4728166518286673,0.17218543046357615,0.11179078923126823,0.02402128461832202,0.37813561329215123,0.513,151
87,0.5,1.5,Associative latent class model,,0.685,0.1360390603603055,0.9289940828402367,0.24143057649072283,0.1960487063110267,0.28392673237049837,0.503,169
87,0.5,1.5,Renal-adjusted associative latent class model,0.7002108302191681,0.825,0.42192381115179,0.3727810650887574,0.12910464291833387,0.04563907004267948,0.34003743117019225,0.505,169
87,0.5,1.5,Biologically constrained latent SCM,0.6112035216904758,0.832,0.4403382385473694,0.25443786982248523,0.1174552553090748,0.038747728295089885,0.3465683012232654,0.496,169
87,0.5,1.5,Data-generating oracle (reference),,0.838,0.45642632137193134,0.16568047337278108,0.11350461555976353,0.016035162873158072,0.3629643266499646,0.468,169
88,0.5,1.5,Associative latent class model,,0.567,0.017044764862686534,0.954248366013072,0.3368258649342013,0.3399797514119606,0.24882631291594715,0.363,153
88,0.5,1.5,Renal-adjusted associative latent class model,0.4925960950695707,0.819,0.40645054174516465,0.21568627450980393,0.12693505684867218,0.026814398143991135,0.3679802867444699,0.483,153
88,0.5,1.5,Biologically constrained latent SCM,0.47330461660637035,0.82,0.4090088831457925,0.19607843137254902,0.12601543586782998,0.029105099809894716,0.369358085095828,0.514,153
88,0.5,1.5,Data-generating oracle (reference),,0.828,0.42976523951388823,0.19607843137254902,0.12469663032922873,0.028628539093950866,0.3905325198147002,0.496,153
89,0.5,1.5,Associative latent class model,,0.64,0.07732723321880561,0.8802816901408451,0.2767879231826865,0.2606654241753754,0.25647092879355626,0.374,142
89,0.5,1.5,Renal-adjusted associative latent class model,0.5278918471096435,0.825,0.4219101205590297,0.18309859154929578,0.1245496586558387,0.02073477763131911,0.38112945651139196,0.453,142
89,0.5,1.5,Biologically constrained latent SCM,0.5083113299559961,0.827,0.42713144837056927,0.14788732394366197,0.124016238720014,0.0396620141732144,0.38345069204204185,0.453,142
89,0.5,1.5,Data-generating oracle (reference),,0.828,0.42976703741828065,0.13380281690140844,0.12291149650056789,0.027548930065360706,0.3802087498298084,0.494,142
90,0.5,1.5,Associative latent class model,,0.62,0.05661471821294174,0.852112676056338,0.2879176730471646,0.28033835940408536,0.26552002385060114,0.39,142
90,0.5,1.5,Renal-adjusted associative latent class model,0.5761468573519255,0.809,0.38129212387988126,0.2887323943661972,0.1283019723499398,0.05168122407714022,0.3950121768369111,0.577,142
90,0.5,1.5,Biologically constrained latent SCM,0.5989884668205656,0.805,0.3714470447843678,0.31690140845070425,0.13249231778245624,0.07380341434093705,0.389868856295065,0.603,142
90,0.5,1.5,Data-generating oracle (reference),,0.826,0.4245290682482203,0.14788732394366197,0.12212527842981234,0.020221057095538644,0.3844964155480188,0.5,142
91,0.5,1.5,Associative latent class model,,0.646,0.08432267041824446,0.94,0.2790408133330368,0.24900229946226415,0.2597028873138813,0.434,150
91,0.5,1.5,Renal-adjusted associative latent class model,0.545497339475171,0.823,0.4167303784672034,0.21333333333333335,0.1263584882327004,0.03235665712335104,0.3627094011623814,0.471,150
91,0.5,1.5,Biologically constrained latent SCM,0.5198809784995653,0.825,0.4219204413909888,0.18,0.12555590531615818,0.036638602391830914,0.3630764579580718,0.475,150
91,0.5,1.5,Data-generating oracle (reference),,0.824,0.41932163387912963,0.14666666666666667,0.12355956534260334,0.02052261475735762,0.36957500113101865,0.474,150
92,0.5,1.5,Associative latent class model,,0.665,0.10801175251014222,0.910958904109589,0.2575963575783563,0.23102400909828197,0.2777849576918737,0.463,146
92,0.5,1.5,Renal-adjusted associative latent class model,0.45098869916829865,0.816,0.39882835731666655,0.1095890410958904,0.12405298298744537,0.055978008222861995,0.37548368164689133,0.448,146
92,0.5,1.5,Biologically constrained latent SCM,0.4627940533138868,0.816,0.3988274552056319,0.1232876712328767,0.12339305161293336,0.05241830318463817,0.3754845107244175,0.452,146
92,0.5,1.5,Data-generating oracle (reference),,0.827,0.4271430894163364,0.1780821917808219,0.11577457211183861,0.027566170926797355,0.37749587363014836,0.515,146
93,0.5,1.5,Associative latent class model,,0.672,0.11746450335275403,0.8300653594771242,0.24622090651130854,0.20493185281115867,0.28190788227954455,0.439,153
93,0.5,1.5,Renal-adjusted associative latent class model,0.5346046327276843,0.823,0.4167322824832344,0.2222222222222222,0.12386266534452492,0.03286907515715066,0.34171534831599404,0.494,153
93,0.5,1.5,Biologically constrained latent SCM,0.49862322607472176,0.815,0.39629575187417315,0.1895424836601307,0.1236371643542521,0.03029609583071177,0.341805159287347,0.5,153
93,0.5,1.5,Data-generating oracle (reference),,0.816,0.3988249371738811,0.1437908496732026,0.12168053716270211,0.03832783344033074,0.38626421862581356,0.465,153
94,0.5,1.5,Associative latent class model,,0.643,0.08008348341272103,0.6722689075630253,0.2699972482462413,0.25477940215257683,0.28069617161600413,0.37,119
94,0.5,1.5,Renal-adjusted associative latent class model,0.5472859539026851,0.829,0.4322512917683979,0.24369747899159663,0.12209736292179713,0.028414865897477916,0.36213908774315684,0.572,119
94,0.5,1.5,Biologically constrained latent SCM,0.5688448392989567,0.825,0.42179894495172676,0.2605042016806723,0.1238997192899382,0.029584761565647925,0.362232342825517,0.566,119
94,0.5,1.5,Data-generating oracle (reference),,0.83,0.4349662248062019,0.19327731092436976,0.1218153578479849,0.03360338152509079,0.3850850919135969,0.551,119
95,0.5,1.5,Associative latent class model,,0.527,0.0020048510082498368,0.9861111111111112,0.40681577015950793,0.4244195943715653,0.13773061975396841,0.32,144
95,0.5,1.5,Renal-adjusted associative latent class model,0.5874732722504113,0.819,0.4064562301669226,0.2361111111111111,0.12467431204025146,0.05597800021440409,0.36020216244602365,0.562,144
95,0.5,1.5,Biologically constrained latent SCM,0.6049572745132377,0.814,0.3937856469327173,0.2708333333333333,0.12619175611602865,0.06260556475876623,0.35916682140610534,0.571,144
95,0.5,1.5,Data-generating oracle (reference),,0.837,0.4537293656314116,0.1736111111111111,0.11974029896913814,0.026727635441978342,0.37545305520931826,0.502,144
96,0.5,1.5,Associative latent class model,,0.551,0.009272843070130654,0.8662420382165605,0.3448727743316795,0.3478585895955649,0.2600524107578116,0.355,157
96,0.5,1.5,Renal-adjusted associative latent class model,0.5057203373756998,0.814,0.39377005190358855,0.1592356687898089,0.12951717068667387,0.032685173650420445,0.3574976087694716,0.546,157
96,0.5,1.5,Biologically constrained latent SCM,0.5406103893185323,0.821,0.4115698247105494,0.17834394904458598,0.12892064907649267,0.035049153646830325,0.3606441510983371,0.541,157
96,0.5,1.5,Data-generating oracle (reference),,0.825,0.4219204413909888,0.1592356687898089,0.1235174325697937,0.020016869277891293,0.37758204445318655,0.525,157
97,0.5,1.5,Associative latent class model,,0.502,-0.001184693900690425,0.952054794520548,0.4531662232482297,0.46677247805057487,0.10599951471366527,0.304,146
97,0.5,1.5,Renal-adjusted associative latent class model,0.4399410269389039,0.824,0.4193170896205592,0.1232876712328767,0.12668300566519863,0.02500343475307172,0.39205614285356744,0.548,146
97,0.5,1.5,Biologically constrained latent SCM,0.4753704028545517,0.829,0.4323911307203546,0.17123287671232876,0.12359938735590302,0.02471559181454831,0.39523865503375577,0.545,146
97,0.5,1.5,Data-generating oracle (reference),,0.828,0.42976417428145286,0.1780821917808219,0.1219515616501056,0.027034336704639894,0.3861856418750296,0.528,146
98,0.5,1.5,Associative latent class model,,0.481,0.0005948624016679264,0.02054794520547945,0.5106707552047189,0.506769422600804,0.09165794791493244,0.698,146
98,0.5,1.5,Renal-adjusted associative latent class model,0.47388066582125354,0.825,0.421921801311066,0.1780821917808219,0.1234177663963674,0.039505166083400475,0.3523770151285602,0.514,146
98,0.5,1.5,Biologically constrained latent SCM,0.46467953620885577,0.824,0.4193232672339637,0.1780821917808219,0.12442436019388921,0.037175327469631515,0.35079088973149625,0.515,146
98,0.5,1.5,Data-generating oracle (reference),,0.833,0.44299849540763425,0.1780821917808219,0.11754062984647014,0.016813934743454897,0.38086959161476863,0.496,146
99,0.5,1.5,Associative latent class model,,0.58,0.024612366418615333,0.9693251533742331,0.3169513720759232,0.31359654645331303,0.29552080089468497,0.44,163
99,0.5,1.5,Renal-adjusted associative latent class model,0.6136601093984461,0.802,0.3641783339699761,0.26993865030674846,0.1316919084848961,0.022055198846767387,0.41226513147434435,0.532,163
99,0.5,1.5,Biologically constrained latent SCM,0.6058448203731951,0.805,0.37147007793511966,0.25153374233128833,0.13132358192887944,0.02288543712933134,0.4121699562379644,0.529,163
99,0.5,1.5,Data-generating oracle (reference),,0.81,0.38378435246998804,0.147239263803681,0.1285048518037195,0.028705664160162608,0.38526200396532845,0.498,163
100,0.5,1.5,Associative latent class model,,0.478,0.0010437286585953975,0.0,0.5152096156900402,0.5129451955809214,0.07511158058033705,0.69,140
100,0.5,1.5,Renal-adjusted associative latent class model,0.3698968114328964,0.821,0.41157553170910605,0.04285714285714286,0.12780679575797138,0.030894251472149397,0.38410960793597365,0.485,140
100,0.5,1.5,Biologically constrained latent SCM,0.4607510599846959,0.838,0.4564323449039666,0.12142857142857143,0.11757754359754333,0.0272527941999416,0.3924213949078841,0.514,140
100,0.5,1.5,Data-generating oracle (reference),,0.832,0.4403362462159819,0.15,0.11383165440573383,0.036541224825933485,0.38268915733030634,0.486,140
101,0.5,1.5,Associative latent class model,,0.556,0.011718955775390642,0.704225352112676,0.39131126949952477,0.3871298664239511,0.150574444574114,0.264,142
101,0.5,1.5,Renal-adjusted associative latent class model,0.5668092054681863,0.804,0.3690484874503281,0.33098591549295775,0.13196921363403624,0.07144696076242053,0.3704169287372891,0.592,142
101,0.5,1.5,Biologically constrained latent SCM,0.6026955272145336,0.804,0.36904990228002044,0.38028169014084506,0.1307524076455972,0.07115886691307831,0.3705628775838538,0.596,142
101,0.5,1.5,Data-generating oracle (reference),,0.831,0.43768186780767004,0.21830985915492956,0.12037604805780731,0.023435702812887798,0.38023425079200934,0.519,142
102,0.5,1.5,Associative latent class model,,0.59,0.031467732232894924,0.9050632911392406,0.30358660883603034,0.30151556387936324,0.2799241052122685,0.391,158
102,0.5,1.5,Renal-adjusted associative latent class model,0.4797857145417249,0.823,0.4167325335009221,0.13924050632911392,0.12491041617310712,0.02728491290850543,0.3554459378515076,0.512,158
102,0.5,1.5,Biologically constrained latent SCM,0.5370293378073261,0.819,0.40645000288327465,0.18354430379746836,0.12395966382340672,0.028997941143244756,0.3619910263050175,0.496,158
102,0.5,1.5,Data-generating oracle (reference),,0.826,0.42452808161217953,0.15822784810126583,0.12326145955879096,0.024906993183632563,0.37299145661254385,0.497,158
103,0.5,1.5,Associative latent class model,,0.587,0.02936864773355333,0.8601398601398601,0.31078745038475175,0.30715440138303446,0.27670161664715076,0.344,143
103,0.5,1.5,Renal-adjusted associative latent class model,0.35278396030036957,0.819,0.4064523706024655,0.055944055944055944,0.12998909400041145,0.04625272646738904,0.36283858057081936,0.462,143
103,0.5,1.5,Biologically constrained latent SCM,0.4128891124510132,0.817,0.40136168150354884,0.11888111888111888,0.12684693334029562,0.05805038502308058,0.3676290221790116,0.446,143
103,0.5,1.5,Data-generating oracle (reference),,0.823,0.41673264739577837,0.16783216783216784,0.1239228629209652,0.03105194219405566,0.37516081555940733,0.514,143
104,0.5,1.5,Associative latent class model,,0.524,0.001347698329213602,0.8701298701298701,0.395816531833565,0.4073256465458191,0.18658135943932502,0.278,154
104,0.5,1.5,Renal-adjusted associative latent class model,0.6298915721522722,0.761,0.2717749055756238,0.34415584415584416,0.1711016114374825,0.1715076259200965,0.33963275827863293,0.675,154
104,0.5,1.5,Biologically constrained latent SCM,0.7035278346646248,0.772,0.295246697937901,0.4090909090909091,0.16613505271902543,0.16491981852641246,0.34738945455686654,0.66,154
104,0.5,1.5,Data-generating oracle (reference),,0.807,0.3763722811303546,0.22077922077922077,0.12881887914088513,0.025172901455643947,0.37457850099699136,0.509,154
105,0.5,1.5,Associative latent class model,,0.636,0.07306094627394862,0.9470198675496688,0.27006815529269745,0.24570643844266232,0.3157330768097309,0.441,151
105,0.5,1.5,Renal-adjusted associative latent class model,0.3903623107081044,0.795,0.3474477237004036,0.09271523178807947,0.14206553559437424,0.026409303117637593,0.39939462920778146,0.476,151
105,0.5,1.5,Biologically constrained latent SCM,0.5073872463157023,0.795,0.3474472661033552,0.25165562913907286,0.13779363568473077,0.024889001891949702,0.40634500796186157,0.506,151
105,0.5,1.5,Data-generating oracle (reference),,0.801,0.3617655884007284,0.23178807947019867,0.13661197059945784,0.02282334399734098,0.3947156405520409,0.494,151
106,0.5,1.5,Associative latent class model,,0.598,0.03747615462696941,0.9565217391304348,0.3076698708371347,0.3083959134176033,0.2704898744428351,0.413,161
106,0.5,1.5,Renal-adjusted associative latent class model,0.27690922290575837,0.786,0.32651205357647395,0.031055900621118012,0.14726348730838743,0.05823072433841272,0.3587908264725136,0.469,161
106,0.5,1.5,Biologically constrained latent SCM,0.47828606614492747,0.83,0.4350349895208654,0.17391304347826086,0.12022907080045746,0.026593244437604458,0.39081193102285394,0.515,161
106,0.5,1.5,Data-generating oracle (reference),,0.834,0.44566986794858243,0.17391304347826086,0.11958004314560942,0.029544665409595574,0.3884944449420308,0.481,161
107,0.5,1.5,Associative latent class model,,0.558,0.012554996252132607,0.9794520547945206,0.35281113834284705,0.3688269243507636,0.2175763933227586,0.351,146
107,0.5,1.5,Renal-adjusted associative latent class model,0.5334231157516061,0.831,0.4376813449669607,0.2191780821917808,0.12001296383278612,0.04112957145500108,0.41446933506110817,0.49,146
107,0.5,1.5,Biologically constrained latent SCM,0.5814966293714244,0.827,0.427143678261588,0.3082191780821918,0.11929269109676531,0.038186806992300794,0.4133714052031686,0.522,146
107,0.5,1.5,Data-generating oracle (reference),,0.833,0.44299866546827354,0.19863013698630136,0.11752174749175552,0.0197825775489479,0.3814498187852684,0.49,146
108,0.5,1.5,Associative latent class model,,0.526,0.0016780717182704463,0.9210526315789473,0.4298745902965295,0.44187385822070074,0.11709974893990574,0.289,152
108,0.5,1.5,Renal-adjusted associative latent class model,0.3681766439951311,0.783,0.31967557613844966,0.15789473684210525,0.14875168725656085,0.052541380640531,0.38404355737146323,0.478,152
108,0.5,1.5,Biologically constrained latent SCM,0.39892111049380385,0.785,0.324223841412988,0.19736842105263158,0.1453908144834756,0.04918310624154878,0.3857161979010542,0.466,152
108,0.5,1.5,Data-generating oracle (reference),,0.802,0.36418023146364387,0.25,0.13807351298540307,0.04060052645647648,0.39475542041596307,0.511,152
109,0.5,1.5,Associative latent class model,,0.489,-0.0003447462934348724,0.0,0.5060070371291495,0.5027301037884018,0.04687746750522287,0.708,140
109,0.5,1.5,Renal-adjusted associative latent class model,0.34396148451479636,0.793,0.34274573364521516,0.1357142857142857,0.135873198713269,0.04772898746726683,0.37425151984201355,0.554,140
109,0.5,1.5,Biologically constrained latent SCM,0.38851986698306573,0.816,0.39883001999851686,0.17142857142857143,0.1285664141412458,0.04889522082734049,0.3780427782491349,0.557,140
109,0.5,1.5,Data-generating oracle (reference),,0.832,0.4403361553688209,0.22142857142857142,0.11823594811964076,0.02337208741749675,0.370937357037347,0.513,140
110,0.5,1.5,Associative latent class model,,0.585,0.02801020376253204,0.8246753246753247,0.3152610299066347,0.31624937710127243,0.25052475626414755,0.346,154
110,0.5,1.5,Renal-adjusted associative latent class model,0.4711232798347353,0.827,0.42714329605784557,0.18181818181818182,0.11841649863054271,0.02406921788407736,0.36236493072648224,0.482,154
110,0.5,1.5,Biologically constrained latent SCM,0.47684954088824966,0.828,0.4297657143418837,0.18181818181818182,0.11849144334180767,0.02677801082096855,0.3619695053957177,0.485,154
110,0.5,1.5,Data-generating oracle (reference),,0.826,0.4245280116421824,0.2077922077922078,0.11773869052464235,0.025959196310917653,0.3780470471293762,0.499,154
111,0.5,1.5,Associative latent class model,,0.645,0.08319105951580731,0.9060402684563759,0.2712079678946346,0.25460900416058274,0.29024935495477705,0.446,149
111,0.5,1.5,Renal-adjusted associative latent class model,0.5239422053187446,0.822,0.4141499066152107,0.2080536912751678,0.13108811623833816,0.040510212604631606,0.3832041840498226,0.511,149
111,0.5,1.5,Biologically constrained latent SCM,0.5375941923797791,0.826,0.42452821513082956,0.21476510067114093,0.13121060435267753,0.042830425215067996,0.38285130536911843,0.509,149
111,0.5,1.5,Data-generating oracle (reference),,0.817,0.40135706799356874,0.174496644295302,0.13222098618136532,0.03384692372461023,0.37862022068458057,0.49,149
112,0.5,1.5,Associative latent class model,,0.569,0.01810709371140707,0.9867549668874173,0.33417803760512044,0.3482696126129482,0.2459406622096577,0.361,151
112,0.5,1.5,Renal-adjusted associative latent class model,0.4438177642846072,0.819,0.4064508486870371,0.0728476821192053,0.12555319862172443,0.029360832203293438,0.3532313174573076,0.477,151
112,0.5,1.5,Biologically constrained latent SCM,0.5540382074226909,0.834,0.4456701042460984,0.15894039735099338,0.12118803376920553,0.031635912837832354,0.367840099342087,0.476,151
112,0.5,1.5,Data-generating oracle (reference),,0.833,0.4429993727136747,0.1390728476821192,0.11993160546910688,0.027416309308144805,0.38055229347447433,0.477,151
113,0.5,1.5,Associative latent class model,,0.672,0.11745793130117285,0.9820359281437125,0.27109525536369133,0.24308010893160148,0.26756368079766774,0.539,167
113,0.5,1.5,Renal-adjusted associative latent class model,0.23936983788083058,0.791,0.3380715588659096,0.03592814371257485,0.14501436131714793,0.0707388836697825,0.34218550588805846,0.438,167
113,0.5,1.5,Biologically constrained latent SCM,0.437395250037859,0.83,0.4350386412828033,0.09580838323353294,0.12218504783338088,0.03618601210730443,0.37338521251867096,0.457,167
113,0.5,1.5,Data-generating oracle (reference),,0.828,0.429765472114705,0.15568862275449102,0.11957751101765082,0.02693743080088106,0.38885235471927465,0.489,167
114,0.5,1.5,Associative latent class model,,0.495,-0.0007120496641181832,0.9536423841059603,0.45329605898905057,0.47149192765312115,0.11514509165003727,0.282,151
114,0.5,1.5,Renal-adjusted associative latent class model,0.4839244837633547,0.824,0.4193252681604752,0.11258278145695365,0.12266585430608311,0.03349179648165436,0.35464013725032956,0.467,151
114,0.5,1.5,Biologically constrained latent SCM,0.4962448568848558,0.829,0.43239786920301476,0.12582781456953643,0.12228444783722969,0.04036160713511352,0.35553932474569594,0.47,151
114,0.5,1.5,Data-generating oracle (reference),,0.831,0.43768184779412883,0.15894039735099338,0.11854723723181308,0.020347793793852258,0.38804044884510197,0.482,151
115,0.5,1.5,Associative latent class model,,0.604,0.04233715298337138,0.9795918367346939,0.31450104594994527,0.3187489736057998,0.2439349623316915,0.406,147
115,0.5,1.5,Renal-adjusted associative latent class model,0.4554440977176705,0.831,0.43768227024181827,0.11564625850340136,0.11596330564436681,0.02907262843132849,0.368366100001831,0.477,147
115,0.5,1.5,Biologically constrained latent SCM,0.41575191984930426,0.828,0.42976900454658695,0.10884353741496598,0.11877347970266539,0.039142252728667656,0.3662484341792535,0.458,147
115,0.5,1.5,Data-generating oracle (reference),,0.836,0.45103465197862036,0.14285714285714285,0.11321123493858448,0.03394355427865928,0.3672471288052944,0.492,147
116,0.5,1.5,Associative latent class model,,0.661,0.10278911485790915,0.9857142857142858,0.25562803517664984,0.2325699493560066,0.29106007044889315,0.47,140
116,0.5,1.5,Renal-adjusted associative latent class model,0.6035226106419979,0.807,0.3763722379388576,0.29285714285714287,0.138730005521608,0.0432417399446552,0.37077240602965084,0.514,140
116,0.5,1.5,Biologically constrained latent SCM,0.5137444455718634,0.806,0.3739173155843201,0.22142857142857142,0.13767760036554744,0.03997922200805385,0.38042208734896854,0.503,140
116,0.5,1.5,Data-generating oracle (reference),,0.808,0.3788345149560925,0.2,0.13493275232086138,0.03623287351315669,0.3945146953437775,0.489,140
117,0.5,1.5,Associative latent class model,,0.609,0.04656567392020453,0.9928057553956835,0.3064151762376328,0.3149564412495436,0.25886419718480214,0.408,139
117,0.5,1.5,Renal-adjusted associative latent class model,0.7277333041175239,0.807,0.37636857059901097,0.49640287769784175,0.1340439720375539,0.06896025508823275,0.3785045062923892,0.6,139
117,0.5,1.5,Biologically constrained latent SCM,0.61236194081193,0.829,0.43239373680768467,0.302158273381295,0.12494461805168897,0.057260515638823645,0.3970778413684642,0.588,139
117,0.5,1.5,Data-generating oracle (reference),,0.835,0.44834838490987927,0.18705035971223022,0.11951868125484388,0.019114631688969128,0.3836188503831164,0.512,139
118,0.5,1.5,Associative latent class model,,0.518,0.00030961440268166025,0.9726027397260274,0.43373295597175116,0.44589547483893577,0.12641240633970185,0.317,146
118,0.5,1.5,Renal-adjusted associative latent class model,0.563445653831116,0.825,0.42192264341734664,0.23972602739726026,0.12325722194927397,0.03655356459970726,0.3625661719913684,0.558,146
118,0.5,1.5,Biologically constrained latent SCM,0.5538472170739078,0.828,0.429766350626065,0.21232876712328766,0.12310820528964278,0.038764348806484036,0.3632027106653487,0.553,146
118,0.5,1.5,Data-generating oracle (reference),,0.828,0.4297657271407175,0.1780821917808219,0.1217907971834832,0.025221413749216347,0.3779319122388115,0.509,146
119,0.5,1.5,Associative latent class model,,0.565,0.0159589320113606,0.9807692307692307,0.3415522895922423,0.35168038503067917,0.2283270290642561,0.372,156
119,0.5,1.5,Renal-adjusted associative latent class model,0.42002931140029215,0.821,0.4115875229169422,0.07692307692307693,0.13399001713943193,0.06165403103217523,0.3741092349025027,0.412,156
119,0.5,1.5,Biologically constrained latent SCM,0.4806206605137765,0.813,0.3912758864407511,0.16666666666666666,0.13281653170463537,0.056189508424864754,0.37547096883616166,0.426,156
119,0.5,1.5,Data-generating oracle (reference),,0.82,0.4090091867466532,0.21153846153846154,0.12804249045929897,0.020240587451570317,0.3889277582123447,0.481,156
120,0.5,1.5,Associative latent class model,,0.618,0.05451954747469269,0.8541666666666666,0.27791860624319076,0.2614105943631051,0.29407493058316697,0.346,144
120,0.5,1.5,Renal-adjusted associative latent class model,0.44722737325769324,0.816,0.3987736403871351,0.13194444444444445,0.12351564611577372,0.0517994093427057,0.37723657349393724,0.41,144
120,0.5,1.5,Biologically constrained latent SCM,0.4326607369487783,0.828,0.42973292664354784,0.1111111111111111,0.12242085961767571,0.049503897826471126,0.37756818787747054,0.424,144
120,0.5,1.5,Data-generating oracle (reference),,0.829,0.43239782188404546,0.2013888888888889,0.11905222255538368,0.027134900553156396,0.3822477790529451,0.503,144
121,0.5,1.5,Associative latent class model,,0.494,-0.0008384145722859048,0.9261744966442953,0.44348604172179856,0.4627123661322576,0.1489393748850747,0.285,149
121,0.5,1.5,Renal-adjusted associative latent class model,0.401133852273641,0.819,0.4064505774865523,0.11409395973154363,0.12499684349126201,0.0277169174006351,0.4091985928573876,0.528,149
121,0.5,1.5,Biologically constrained latent SCM,0.47127981190133506,0.818,0.403899966557913,0.1610738255033557,0.1193088412956549,0.04268219269404459,0.41720019376612016,0.523,149
121,0.5,1.5,Data-generating oracle (reference),,0.823,0.4167327201089245,0.1610738255033557,0.11711628740942003,0.035202561951952725,0.38363766604697197,0.514,149
122,0.5,1.5,Associative latent class model,,0.589,0.030825153922887157,0.8345323741007195,0.3200838825010363,0.3158491444332665,0.25797236739736784,0.325,139
122,0.5,1.5,Renal-adjusted associative latent class model,0.39867597003590255,0.822,0.4141513237811535,0.1223021582733813,0.128145064379073,0.0328197859189689,0.35900010575199215,0.472,139
122,0.5,1.5,Biologically constrained latent SCM,0.4186121413953534,0.824,0.4193244865909265,0.1366906474820144,0.12870022774314907,0.040628484937721566,0.35859899018201363,0.472,139
122,0.5,1.5,Data-generating oracle (reference),,0.833,0.44299852884111407,0.18705035971223022,0.12154928440643485,0.019865302327673317,0.37954482371586984,0.495,139
123,0.5,1.5,Associative latent class model,,0.483,0.0003340408098112733,1.0,0.4717041504886997,0.48656770908349223,0.11057791121503818,0.287,151
123,0.5,1.5,Renal-adjusted associative latent class model,0.6700090182013784,0.788,0.3311250610972487,0.37748344370860926,0.14094221238080107,0.07078454659846671,0.44160882583653793,0.584,151
123,0.5,1.5,Biologically constrained latent SCM,0.6831582515609703,0.779,0.31071784092249016,0.40397350993377484,0.14606685828027344,0.0981891112117935,0.4368361271929834,0.627,151
123,0.5,1.5,Data-generating oracle (reference),,0.813,0.3912667270932729,0.152317880794702,0.13043205007238937,0.030799325043726303,0.38487074966134877,0.495,151
124,0.5,1.5,Associative latent class model,,0.589,0.030760973265519312,0.9328859060402684,0.3211855233320808,0.3194330687258028,0.2585974068226984,0.381,149
124,0.5,1.5,Renal-adjusted associative latent class model,0.4187912996999254,0.815,0.39629579713141677,0.174496644295302,0.13138415631923192,0.022595180476927004,0.3971871353222807,0.497,149
124,0.5,1.5,Biologically constrained latent SCM,0.4553550641524714,0.816,0.39882238143600707,0.21476510067114093,0.13110405361257643,0.030436039772636966,0.39831164929294777,0.494,149
124,0.5,1.5,Data-generating oracle (reference),,0.817,0.4013574374578114,0.2214765100671141,0.13138362895093253,0.036592963140600655,0.39186200666117654,0.483,149
125,0.5,1.5,Associative latent class model,,0.496,-0.0007838472453876719,1.0,0.4605563393474641,0.4745158860332406,0.11219815413455873,0.304,154
125,0.5,1.5,Renal-adjusted associative latent class model,0.4825331381498598,0.804,0.3690327649670615,0.2012987012987013,0.13318132098998994,0.030369090095036088,0.41724056719527175,0.488,154
125,0.5,1.5,Biologically constrained latent SCM,0.4772030760613701,0.805,0.37147104573485085,0.2012987012987013,0.13351821683496531,0.032734440934059215,0.4137616932697085,0.491,154
125,0.5,1.5,Data-generating oracle (reference),,0.819,0.4064499151853792,0.2077922077922078,0.13045563971239646,0.018596349808742394,0.39465303055368783,0.505,154
126,0.5,1.5,Associative latent class model,,0.52,0.0007800886073779178,0.9777777777777777,0.42081111682777855,0.4369258059684974,0.1480016655079714,0.286,135
126,0.5,1.5,Renal-adjusted associative latent class model,0.5146055182836926,0.82,0.40901081304255454,0.16296296296296298,0.1244184022310403,0.029934116110972405,0.373812163311709,0.532,135
126,0.5,1.5,Biologically constrained latent SCM,0.5291858184912488,0.819,0.4064518339134919,0.17777777777777778,0.12338245541969985,0.028056292688524817,0.3748877128882428,0.529,135
126,0.5,1.5,Data-generating oracle (reference),,0.815,0.3962961034403157,0.16296296296296298,0.12175770067264534,0.03233417910189385,0.3803739499523387,0.487,135
127,0.5,1.5,Associative latent class model,,0.714,0.18237660352536014,0.9333333333333333,0.22282663332109284,0.1727571877720695,0.2853454695186667,0.561,150
127,0.5,1.5,Renal-adjusted associative latent class model,0.3391211669751885,0.831,0.43768300013905764,0.06666666666666667,0.12658256496040587,0.05917968182992171,0.2981464109563274,0.47,150
127,0.5,1.5,Biologically constrained latent SCM,0.43749396913690486,0.836,0.45103598356469576,0.12,0.11961881696841835,0.04134344397273511,0.3109994464007043,0.473,150
127,0.5,1.5,Data-generating oracle (reference),,0.841,0.46458810575269477,0.16666666666666666,0.11565664756405739,0.012942805776266103,0.37364230627473,0.5,150
128,0.5,1.5,Associative latent class model,,0.54,0.005465035015378333,0.85625,0.3594846264204302,0.36308565494190936,0.23591610187019088,0.329,160
128,0.5,1.5,Renal-adjusted associative latent class model,0.5065394708115278,0.823,0.4167325083654995,0.1625,0.12291959070887482,0.014664422541896921,0.38477526155521197,0.508,160
128,0.5,1.5,Biologically constrained latent SCM,0.5036310730415212,0.82,0.40900885133888715,0.1625,0.12290783214288112,0.022501656080061935,0.3843145029727083,0.511,160
128,0.5,1.5,Data-generating oracle (reference),,0.824,0.4193232933003894,0.16875,0.12274277451724773,0.014952522192062535,0.3801925838794199,0.515,160
129,0.5,1.5,Associative latent class model,,0.633,0.06986523358700276,0.7727272727272727,0.27914591185428855,0.2680382352347861,0.25990823573387484,0.356,132
129,0.5,1.5,Renal-adjusted associative latent class model,0.522815017892763,0.843,0.47006632252397323,0.12878787878787878,0.11337451578350144,0.025358882031219446,0.36787668065621465,0.522,132
129,0.5,1.5,Biologically constrained latent SCM,0.5859528639883378,0.842,0.4673234456060959,0.19696969696969696,0.11349619656549813,0.027028705518459498,0.36680445700687314,0.519,132
129,0.5,1.5,Data-generating oracle (reference),,0.84,0.4618616381604494,0.12878787878787878,0.11263393308660924,0.022880694839536333,0.38027031414484574,0.507,132
130,0.5,1.5,Associative latent class model,,0.503,-0.0011157594741155446,0.0,0.4871477931793228,0.4863578125729089,0.13079368250506423,0.701,139
130,0.5,1.5,Renal-adjusted associative latent class model,0.49769914643611135,0.837,0.45372048503434,0.17985611510791366,0.1186187419550231,0.0432576558820966,0.3515999816289577,0.569,139
130,0.5,1.5,Biologically constrained latent SCM,0.49791925528190917,0.837,0.45372048503434,0.17985611510791366,0.1185054292758517,0.04273748600238208,0.35171527031359623,0.569,139
130,0.5,1.5,Data-generating oracle (reference),,0.832,0.4403352151595382,0.17985611510791366,0.11481706054232145,0.02684859539863162,0.3884202960239885,0.528,139
131,0.5,1.5,Associative latent class model,,0.555,0.011183340231620167,0.8742138364779874,0.3474319695378779,0.35355800953764377,0.23399951330350893,0.325,159
131,0.5,1.5,Renal-adjusted associative latent class model,0.5613031109326434,0.808,0.3788345569911716,0.2893081761006289,0.12844730946127297,0.022194456908684636,0.38285433092558757,0.492,159
131,0.5,1.5,Biologically constrained latent SCM,0.5191553662186456,0.812,0.38876440316843736,0.22641509433962265,0.1264376915526495,0.03627661770267164,0.3849900276466535,0.502,159
131,0.5,1.5,Data-generating oracle (reference),,0.817,0.40135741350253773,0.22641509433962265,0.1258823502662802,0.037532134118291094,0.38351470410315747,0.483,159
132,0.5,1.5,Associative latent class model,,0.537,0.004560552033342793,0.9230769230769231,0.355032648228178,0.3667102089067866,0.2486147627912536,0.335,156
132,0.5,1.5,Renal-adjusted associative latent class model,0.5013738937858143,0.818,0.4039046388031006,0.16025641025641027,0.1261748484776675,0.05261592919383173,0.42493659798737243,0.446,156
132,0.5,1.5,Biologically constrained latent SCM,0.46285794183269596,0.827,0.42714558761953186,0.14102564102564102,0.12345915870990937,0.05258097462872397,0.42593394024000475,0.459,156
132,0.5,1.5,Data-generating oracle (reference),,0.836,0.45103494663744836,0.16025641025641027,0.11480908501912458,0.03340272439373956,0.3896409074411273,0.486,156
133,0.5,1.5,Associative latent class model,,0.611,0.04753226197484768,0.5921052631578947,0.300528465286098,0.2895022216815488,0.2392565922673139,0.259,152
133,0.5,1.5,Renal-adjusted associative latent class model,0.5188354148480929,0.84,0.4618337679820247,0.14473684210526316,0.11591545796608216,0.0339354015675826,0.3693137507823891,0.438,152
133,0.5,1.5,Biologically constrained latent SCM,0.49104474128723086,0.838,0.4564113826455564,0.08552631578947369,0.11495013938787133,0.023924742410756067,0.37123655709547226,0.446,152
133,0.5,1.5,Data-generating oracle (reference),,0.846,0.4783417816366342,0.10526315789473684,0.11329830394445913,0.03305389705270256,0.38081916106366365,0.482,152
134,0.5,1.5,Associative latent class model,,0.628,0.0646697472063763,0.8071428571428572,0.2733687267985996,0.2607089888209521,0.28506872332045385,0.363,140
134,0.5,1.5,Renal-adjusted associative latent class model,0.5580917508846415,0.82,0.40901555578363297,0.24285714285714285,0.12118748920288538,0.05201636242188269,0.3660101932464342,0.555,140
134,0.5,1.5,Biologically constrained latent SCM,0.589532046546055,0.82,0.40901778283354095,0.2785714285714286,0.12293528067949516,0.059912489191200145,0.36425798111454505,0.563,140
134,0.5,1.5,Data-generating oracle (reference),,0.836,0.4510345419567349,0.18571428571428572,0.11677939545547272,0.027227126954381543,0.39491581293721467,0.495,140
135,0.5,1.5,Associative latent class model,,0.535,0.003958469615129722,0.9006622516556292,0.3784338439454004,0.3943924128467093,0.1920221409346721,0.294,151
135,0.5,1.5,Renal-adjusted associative latent class model,0.5657780259183243,0.818,0.4039002706902843,0.31788079470198677,0.12338401203490519,0.03186326371649939,0.3684450832152335,0.473,151
135,0.5,1.5,Biologically constrained latent SCM,0.5059019770169908,0.822,0.4141503624083096,0.23178807947019867,0.11786216047359759,0.023798529688386895,0.3764951057783755,0.477,151
135,0.5,1.5,Data-generating oracle (reference),,0.824,0.41932317175634987,0.25165562913907286,0.11560440234312976,0.033370569807096684,0.3738839181599425,0.507,151
136,0.5,1.5,Associative latent class model,,0.669,0.11340346388452957,0.753731343283582,0.26367827971620605,0.24535743295939658,0.2579230075437958,0.385,134
136,0.5,1.5,Renal-adjusted associative latent class model,0.6220844294345148,0.803,0.3666028843942234,0.3582089552238806,0.13817523694132178,0.05573512789386592,0.33409863583917493,0.481,134
136,0.5,1.5,Biologically constrained latent SCM,0.5409939582310269,0.81,0.38378711799844173,0.2462686567164179,0.13304123788905042,0.056152770116905455,0.3426611925254731,0.46,134
136,0.5,1.5,Data-generating oracle (reference),,0.817,0.40135762368696537,0.22388059701492538,0.12623464257217043,0.022759274669969885,0.37926925162018627,0.481,134
137,0.5,1.5,Associative latent class model,,0.55,0.009078348449757606,0.9470198675496688,0.3669885991977176,0.37475192098862303,0.2134762338181931,0.346,151
137,0.5,1.5,Renal-adjusted associative latent class model,0.39922800321963864,0.817,0.40136312505351296,0.07947019867549669,0.13253583203816988,0.05434718543253966,0.36284833094192676,0.559,151
137,0.5,1.5,Biologically constrained latent SCM,0.5076728435221532,0.841,0.46459267419518,0.17880794701986755,0.11732948703478736,0.0380499187581094,0.38438875332561234,0.553,151
137,0.5,1.5,Data-generating oracle (reference),,0.842,0.46732293257145996,0.16556291390728478,0.11388353948423596,0.02428241061053867,0.3774866906648586,0.502,151
138,0.5,1.5,Associative latent class model,,0.503,-0.0008066611761579007,0.9931972789115646,0.4465890470479119,0.4643507172285761,0.11986791872833821,0.29,147
138,0.5,1.5,Renal-adjusted associative latent class model,0.36718087913684394,0.769,0.2887385054905812,0.08163265306122448,0.159718255206422,0.09135103614641132,0.32843249924048473,0.55,147
138,0.5,1.5,Biologically constrained latent SCM,0.5344768921342135,0.796,0.34982786455379145,0.2653061224489796,0.1413198091341692,0.07129004278849488,0.35759751341391494,0.579,147
138,0.5,1.5,Data-generating oracle (reference),,0.817,0.40135682613705315,0.17006802721088435,0.12847253321274438,0.0232244280693186,0.38561543710833,0.498,147
139,0.5,1.5,Associative latent class model,,0.508,-0.0008822233180696691,0.02,0.4827584634037933,0.48088940360011617,0.1123058908340662,0.692,150
139,0.5,1.5,Renal-adjusted associative latent class model,0.5968187579928188,0.813,0.3912670137808586,0.3333333333333333,0.13029912662718374,0.029919657990012144,0.3978829770297627,0.519,150
139,0.5,1.5,Biologically constrained latent SCM,0.43323829639064704,0.816,0.39882324231125543,0.12666666666666668,0.12500823601382766,0.031308959491481596,0.4069898592994374,0.492,150
139,0.5,1.5,Data-generating oracle (reference),,0.82,0.4090094213897412,0.19333333333333333,0.12333788507883083,0.01880792583236918,0.3874958855819989,0.508,150
140,0.5,1.5,Associative latent class model,,0.613,0.05015392251570957,0.8397435897435898,0.282551855133868,0.26608479189657347,0.2951434578429023,0.38,156
140,0.5,1.5,Renal-adjusted associative latent class model,0.4322884929218673,0.811,0.3862705672805804,0.1282051282051282,0.12542762303441335,0.0357974923375086,0.3439289335592691,0.478,156
140,0.5,1.5,Biologically constrained latent SCM,0.47795251083958185,0.818,0.4039003622051678,0.19230769230769232,0.1243665922036729,0.02763379564183348,0.3467608490126045,0.475,156
140,0.5,1.5,Data-generating oracle (reference),,0.826,0.4245282893078306,0.16025641025641027,0.11854383271800542,0.031156309633037886,0.37401308927576177,0.493,156
141,0.5,1.5,Associative latent class model,,0.59,0.03148397230578509,0.7307692307692307,0.32015266165867184,0.31667217305277784,0.2327771832112665,0.295,130
141,0.5,1.5,Renal-adjusted associative latent class model,0.5649892128137722,0.821,0.41157569019438445,0.2153846153846154,0.1203660395668183,0.037483333308883406,0.3697334889072031,0.48,130
141,0.5,1.5,Biologically constrained latent SCM,0.5502516302915941,0.824,0.41932313556124,0.2076923076923077,0.1183141504657059,0.026638807480784423,0.3713410515344514,0.499,130
141,0.5,1.5,Data-generating oracle (reference),,0.83,0.43503494039272655,0.19230769230769232,0.11368561284805385,0.03690565008875268,0.38087447855554374,0.511,130
142,0.5,1.5,Associative latent class model,,0.649,0.08789868616615579,0.9171974522292994,0.2669101813932688,0.2376357313822855,0.2951013561134058,0.454,157
142,0.5,1.5,Renal-adjusted associative latent class model,0.5004284153873848,0.811,0.38627131396712655,0.17834394904458598,0.12961371206395012,0.03489232340311047,0.3546408101572482,0.474,157
142,0.5,1.5,Biologically constrained latent SCM,0.5091892706171701,0.815,0.39629732294308745,0.1910828025477707,0.12991160943528254,0.031519422393280094,0.35431829391006037,0.474,157
142,0.5,1.5,Data-generating oracle (reference),,0.81,0.3837831909418208,0.18471337579617833,0.12823687540642426,0.01956209856448167,0.3822561437916853,0.497,157
143,0.5,1.5,Associative latent class model,,0.671,0.11608732774577293,0.7878787878787878,0.2493118324462982,0.2156213982328909,0.28786802994961896,0.452,165
143,0.5,1.5,Renal-adjusted associative latent class model,0.4628103022110136,0.835,0.44834886365853516,0.1696969696969697,0.11768803019525141,0.028887317706266315,0.34262448214224867,0.478,165
143,0.5,1.5,Biologically constrained latent SCM,0.46274985751228925,0.834,0.44567028706126727,0.1696969696969697,0.11773475739774109,0.029944763760491558,0.34260891012235717,0.477,165
143,0.5,1.5,Data-generating oracle (reference),,0.83,0.43503497865180885,0.19393939393939394,0.11504874981848413,0.032354688487673124,0.3756929779023481,0.515,165
144,0.5,1.5,Associative latent class model,,0.626,0.06265721967235524,0.7676056338028169,0.2812854628556187,0.2725792607830343,0.2752010240073615,0.341,142
144,0.5,1.5,Renal-adjusted associative latent class model,0.5325254956872432,0.824,0.41932416466241806,0.11971830985915492,0.11856057893863244,0.029392214969712768,0.3705331821335436,0.475,142
144,0.5,1.5,Biologically constrained latent SCM,0.5602641560915697,0.821,0.41157591660177684,0.15492957746478872,0.11863395547634778,0.028323750917929602,0.37022224045336577,0.48,142
144,0.5,1.5,Data-generating oracle (reference),,0.827,0.42714366106904306,0.1056338028169014,0.1175101124683905,0.033083249194828655,0.3780034516710347,0.478,142
145,0.5,1.5,Associative latent class model,,0.637,0.07413326191246285,0.7647058823529411,0.26848658713439816,0.25831311906475524,0.2752286749622197,0.375,136
145,0.5,1.5,Renal-adjusted associative latent class model,0.5623141326605445,0.837,0.4537298755475808,0.23529411764705882,0.1207244377354905,0.0372966011696228,0.34604616539087396,0.505,136
145,0.5,1.5,Biologically constrained latent SCM,0.5410275461400337,0.84,0.46186189633717584,0.21323529411764705,0.1191627864331347,0.031931576528156334,0.348613529314812,0.514,136
145,0.5,1.5,Data-generating oracle (reference),,0.831,0.4376817357182717,0.17647058823529413,0.11881573052818714,0.023272948872622188,0.3818094806859899,0.513,136
146,0.5,1.5,Associative latent class model,,0.532,0.003219114050267469,0.9050632911392406,0.3658485994466305,0.37887352386586787,0.2255598236848528,0.312,158
146,0.5,1.5,Renal-adjusted associative latent class model,0.6322244786831952,0.839,0.45914349756312756,0.26582278481012656,0.1182408041923341,0.039208422416725675,0.38205268605308357,0.521,158
146,0.5,1.5,Biologically constrained latent SCM,0.5893932040216572,0.841,0.46458893944020796,0.20253164556962025,0.11536899731438367,0.0391237074180314,0.3854393013220049,0.521,158
146,0.5,1.5,Data-generating oracle (reference),,0.847,0.48111681626083785,0.14556962025316456,0.11280005165198033,0.03452460134795644,0.37981425993389556,0.491,158
147,0.5,1.5,Associative latent class model,,0.526,0.001702335680234475,0.8881578947368421,0.3843015376004609,0.3911456832152149,0.21127333883415494,0.312,152
147,0.5,1.5,Renal-adjusted associative latent class model,0.48081649229219653,0.808,0.37883483806140494,0.11842105263157894,0.12915641436922243,0.04007655897646193,0.39775798756835923,0.486,152
147,0.5,1.5,Biologically constrained latent SCM,0.5283196473493565,0.818,0.4038998912988649,0.15789473684210525,0.12957946930020361,0.039748225779786546,0.3986653615124621,0.48,152
147,0.5,1.5,Data-generating oracle (reference),,0.821,0.4115755828772195,0.14473684210526316,0.1273316795783913,0.0313721241820986,0.37660749063632637,0.489,152
148,0.5,1.5,Associative latent class model,,0.607,0.044913214006474626,0.8456375838926175,0.2980530764393695,0.28210682827244565,0.2692893372992758,0.357,149
148,0.5,1.5,Renal-adjusted associative latent class model,0.6181476135216182,0.809,0.38130574862222977,0.30201342281879195,0.13451710931781902,0.02976506155580112,0.3777176865144677,0.479,149
148,0.5,1.5,Biologically constrained latent SCM,0.4919920466083902,0.83,0.4350346408141508,0.16778523489932887,0.12583257632897338,0.025653399430068287,0.39035391752292525,0.492,149
148,0.5,1.5,Data-generating oracle (reference),,0.835,0.44834829661032455,0.174496644295302,0.12486547335024481,0.03480833822477857,0.38932006824900894,0.515,149
149,0.5,1.5,Associative latent class model,,0.513,-0.0003448858776430766,0.8846153846153846,0.3983156858946992,0.4201212249195942,0.191155799026705,0.318,182
149,0.5,1.5,Renal-adjusted associative latent class model,0.5297303025839059,0.837,0.4537296784964122,0.15934065934065933,0.11466441578483992,0.026014031672908635,0.3924830723968531,0.48,182
149,0.5,1.5,Biologically constrained latent SCM,0.5485191594415401,0.832,0.44033632268908024,0.1978021978021978,0.11500373657916861,0.033954680617517864,0.3915874606207624,0.483,182
149,0.5,1.5,Data-generating oracle (reference),,0.831,0.4376817569218156,0.2087912087912088,0.11512745604181081,0.03818712873606497,0.3713695231032795,0.506,182
150,0.5,1.5,Associative latent class model,,0.507,-0.0006906877413910778,0.987012987012987,0.41675310100270346,0.43816863816727586,0.1608863386971077,0.317,154
150,0.5,1.5,Renal-adjusted associative latent class model,0.4872028726060742,0.827,0.42714351853251964,0.14935064935064934,0.12275599511613894,0.03582803031050947,0.39194373996379495,0.479,154
150,0.5,1.5,Biologically constrained latent SCM,0.4777179072838843,0.826,0.4245284219130112,0.14935064935064934,0.1224082830489343,0.040008797471899435,0.39252057685331293,0.486,154
150,0.5,1.5,Data-generating oracle (reference),,0.833,0.44299853844966686,0.12987012987012986,0.11995232817265065,0.022133080058295576,0.3795805752288527,0.497,154
151,0.5,1.5,Associative latent class model,,0.487,-0.0002627372912228515,0.0064516129032258064,0.503220264510256,0.4974977832181754,0.10209292418788217,0.691,155
151,0.5,1.5,Renal-adjusted associative latent class model,0.4662057560901856,0.833,0.44299967200652857,0.12258064516129032,0.11769799666992001,0.018937395235327743,0.366231759037586,0.469,155
151,0.5,1.5,Biologically constrained latent SCM,0.44320280424767666,0.829,0.4323966655151811,0.1032258064516129,0.11856588602445627,0.02114516834145542,0.3660691783668261,0.477,155
151,0.5,1.5,Data-generating oracle (reference),,0.83,0.435034856456412,0.14838709677419354,0.11675635147960647,0.03156520973139929,0.3778582700407034,0.492,155
152,0.5,1.5,Associative latent class model,,0.641,0.07858939909367085,0.9363057324840764,0.27458816348503484,0.25193027722366773,0.2869973585067388,0.454,157
152,0.5,1.5,Renal-adjusted associative latent class model,0.5765860503129714,0.83,0.43503514349912126,0.19745222929936307,0.1204246029217445,0.04543080369365587,0.3513823788632198,0.515,157
152,0.5,1.5,Biologically constrained latent SCM,0.5423586961030737,0.832,0.44033720020360223,0.1464968152866242,0.1201697625027091,0.04093431714732598,0.34989585769661075,0.507,157
152,0.5,1.5,Data-generating oracle (reference),,0.827,0.4271364827240067,0.14012738853503184,0.11757741988687763,0.026299303754116658,0.3820876458249379,0.458,157
153,0.5,1.5,Associative latent class model,,0.625,0.06156093192411628,0.8698630136986302,0.291757190865403,0.2742639626641744,0.2529294260692653,0.415,146
153,0.5,1.5,Renal-adjusted associative latent class model,0.6879408902784481,0.789,0.3334174256889107,0.4589041095890411,0.14498406927242555,0.0690608087467101,0.34757509512253953,0.511,146
153,0.5,1.5,Biologically constrained latent SCM,0.5213811850712657,0.825,0.421921935323125,0.17123287671232876,0.12775192872878194,0.038518191441811477,0.3758383680344396,0.497,146
153,0.5,1.5,Data-generating oracle (reference),,0.83,0.4350350407956339,0.19863013698630136,0.12339410203729233,0.030403260653782974,0.3815822006552428,0.512,146
154,0.5,1.5,Associative latent class model,,0.502,-0.0008438968000364147,0.02666666666666667,0.48772680343035985,0.483139882722159,0.10367802447938718,0.718,150
154,0.5,1.5,Renal-adjusted associative latent class model,0.49801262382670186,0.834,0.4456705523656679,0.16,0.1185471977938232,0.032971266858718325,0.4010726525193623,0.528,150
154,0.5,1.5,Biologically constrained latent SCM,0.4706349923327087,0.821,0.4115780864813889,0.12666666666666668,0.12263286061013391,0.04808293642281306,0.3971955529262684,0.541,150
154,0.5,1.5,Data-generating oracle (reference),,0.834,0.44566967958761783,0.13333333333333333,0.11670534899126965,0.017676610189062802,0.3824534784903716,0.484,150
155,0.5,1.5,Associative latent class model,,0.613,0.05004160313893358,0.762589928057554,0.2873727242421143,0.27053798023517783,0.28436292149397185,0.307,139
155,0.5,1.5,Renal-adjusted associative latent class model,0.46615295911290366,0.831,0.4376819102147365,0.16546762589928057,0.12473979894980529,0.03978564142900635,0.38064345015573775,0.509,139
155,0.5,1.5,Biologically constrained latent SCM,0.4591555200277964,0.828,0.4297659714612012,0.15827338129496402,0.12491697839837905,0.03774737700653412,0.3790339450166162,0.51,139
155,0.5,1.5,Data-generating oracle (reference),,0.834,0.4456698696282338,0.1510791366906475,0.12163308270930666,0.03523402088032451,0.38141989397831605,0.51,139
156,0.5,1.5,Associative latent class model,,0.559,0.012961128962456908,0.8888888888888888,0.33829014044482064,0.34126350021919444,0.24672990633236383,0.331,144
156,0.5,1.5,Renal-adjusted associative latent class model,0.6545545339726946,0.821,0.41157698920443037,0.2708333333333333,0.12615844186342653,0.03349434234398,0.3668565454881709,0.555,144
156,0.5,1.5,Biologically constrained latent SCM,0.648322131892563,0.826,0.42453208866699726,0.2638888888888889,0.12717228175364287,0.05747922396083686,0.3647487387463732,0.586,144
156,0.5,1.5,Data-generating oracle (reference),,0.831,0.437681817503361,0.1388888888888889,0.12069913952332255,0.026563326912157948,0.3801409621606232,0.523,144
157,0.5,1.5,Associative latent class model,,0.523,0.0010390156629620161,0.9583333333333334,0.4282126708372165,0.44295491885193095,0.1250198876739512,0.319,144
157,0.5,1.5,Renal-adjusted associative latent class model,0.4332062251219272,0.791,0.3380486919855928,0.1111111111111111,0.14812382527603415,0.09578706751042124,0.3767645096243515,0.407,144
157,0.5,1.5,Biologically constrained latent SCM,0.3841147873984426,0.782,0.3173974085189888,0.09027777777777778,0.15016496895989337,0.10269974106401991,0.3777398038984644,0.4,144
157,0.5,1.5,Data-generating oracle (reference),,0.809,0.38130566387488996,0.14583333333333334,0.13283582252912374,0.035689632992828346,0.37725861258627236,0.497,144
158,0.5,1.5,Associative latent class model,,0.581,0.025315045366753882,0.961038961038961,0.3344855395309718,0.33526843345699386,0.23736572376960935,0.387,154
158,0.5,1.5,Renal-adjusted associative latent class model,0.5198173344490704,0.833,0.44300785662521475,0.22727272727272727,0.12183384249749765,0.053390515639340795,0.38212647599128713,0.567,154
158,0.5,1.5,Biologically constrained latent SCM,0.5430911083350036,0.831,0.43769062386575136,0.2727272727272727,0.1219302327791121,0.05318477643918125,0.38221774703003997,0.567,154
158,0.5,1.5,Data-generating oracle (reference),,0.841,0.46458977566590115,0.22077922077922077,0.1176114926245491,0.03527246435680646,0.38731586364552906,0.529,154
159,0.5,1.5,Associative latent class model,,0.492,-0.0010981906331810648,0.0,0.5025636979081224,0.4987994502875496,0.06538630024924533,0.715,152
159,0.5,1.5,Renal-adjusted associative latent class model,0.41693791683720505,0.822,0.41412985469877495,0.1118421052631579,0.1263015465410222,0.04695268558448857,0.37210525449326154,0.431,152
159,0.5,1.5,Biologically constrained latent SCM,0.4133101617388599,0.823,0.4167119041084667,0.10526315789473684,0.1263291735971127,0.04768244542587829,0.3725424091446448,0.43,152
159,0.5,1.5,Data-generating oracle (reference),,0.811,0.38627024199199284,0.16447368421052633,0.12344117017418162,0.03427729285270749,0.3818417086970782,0.484,152
160,0.5,1.5,Associative latent class model,,0.643,0.08089064913650038,0.8924050632911392,0.28150118113670375,0.26803825400993436,0.26330989627372003,0.43,158
160,0.5,1.5,Renal-adjusted associative latent class model,0.4926959877618542,0.799,0.3569846116772405,0.20253164556962025,0.14076035911661544,0.09437227256887529,0.3613667229457492,0.392,158
160,0.5,1.5,Biologically constrained latent SCM,0.45514761687160454,0.801,0.3617910494968776,0.1518987341772152,0.13684806279841752,0.09284603606368094,0.36431097978671845,0.388,158
160,0.5,1.5,Data-generating oracle (reference),,0.825,0.421921933098859,0.1962025316455696,0.12300061385102151,0.027637259770905562,0.39037382600515674,0.484,158
161,0.5,1.5,Associative latent class model,,0.579,0.024059267560979373,0.834319526627219,0.33092665170719376,0.3209347753342873,0.2376011032471876,0.363,169
161,0.5,1.5,Renal-adjusted associative latent class model,0.5679398008133396,0.819,0.40645089756019287,0.1952662721893491,0.13337468101605662,0.032928531250307445,0.3768822140701257,0.479,169
161,0.5,1.5,Biologically constrained latent SCM,0.5632773989683011,0.815,0.3962963891528356,0.1952662721893491,0.13336474760120545,0.04015467663615749,0.37572506057865623,0.483,169
161,0.5,1.5,Data-generating oracle (reference),,0.82,0.4090085754799264,0.15976331360946747,0.12576342462022727,0.019965760519836853,0.3864609072665519,0.508,169
162,0.5,1.5,Associative latent class model,,0.479,0.0008030607452404959,0.0,0.5149166161694,0.5077756846142325,0.06794026814978497,0.711,127
162,0.5,1.5,Renal-adjusted associative latent class model,0.44881098064463754,0.831,0.43768158383161393,0.08661417322834646,0.11943225702457642,0.02789661010573524,0.3878249098849607,0.493,127
162,0.5,1.5,Biologically constrained latent SCM,0.45125177536259553,0.828,0.4297656601205324,0.10236220472440945,0.11956334141018862,0.03337221521920373,0.3867664500515345,0.494,127
162,0.5,1.5,Data-generating oracle (reference),,0.842,0.46732325415013987,0.11811023622047244,0.11422094331928542,0.03115548780640243,0.39272330517599624,0.51,127
163,0.5,1.5,Associative latent class model,,0.537,0.0044557375394552535,0.0,0.45654934582159573,0.4530251582242488,0.09356181135763879,0.7,160
163,0.5,1.5,Renal-adjusted associative latent class model,0.6552957108642127,0.803,0.3665987412705417,0.41875,0.13653415699771118,0.06269604049941785,0.3926745936412871,0.6,160
163,0.5,1.5,Biologically constrained latent SCM,0.5594843036879734,0.819,0.40644839965203083,0.26875,0.12799614606337117,0.04437952622359063,0.39736544750194186,0.576,160
163,0.5,1.5,Data-generating oracle (reference),,0.829,0.4323963431622791,0.21875,0.12498317001425528,0.02510225941852894,0.373524059356699,0.52,160
164,0.5,1.5,Associative latent class model,,0.511,-0.0003802925229996594,0.0,0.47942616531138743,0.4720198710329453,0.10349021997755324,0.685,163
164,0.5,1.5,Renal-adjusted associative latent class model,0.5221580214936536,0.83,0.4350353746927861,0.2331288343558282,0.12086985658576943,0.027509209055633296,0.41195892483126306,0.52,163
164,0.5,1.5,Biologically constrained latent SCM,0.486223868981133,0.832,0.4403383686126087,0.19631901840490798,0.11914555870439435,0.03433602122999211,0.4127245041946906,0.534,163
164,0.5,1.5,Data-generating oracle (reference),,0.842,0.46732320803467425,0.2085889570552147,0.11752028537150871,0.02274414676565096,0.38141286414851855,0.514,163
165,0.5,1.5,Associative latent class model,,0.672,0.11745459882998545,0.9241379310344827,0.2543865627415686,0.22497343640027018,0.29617187850238264,0.491,145
165,0.5,1.5,Renal-adjusted associative latent class model,0.6000443253980746,0.806,0.37391507643371213,0.3586206896551724,0.13884556923951613,0.0494725802905938,0.3746177040970885,0.529,145
165,0.5,1.5,Biologically constrained latent SCM,0.5586891347873442,0.808,0.3788325499268091,0.30344827586206896,0.13473382959980804,0.03033358753303267,0.37713160419154085,0.527,145
165,0.5,1.5,Data-generating oracle (reference),,0.81,0.3837832585157261,0.2206896551724138,0.13147667229693955,0.03254477346304418,0.38959429936996315,0.519,145
166,0.5,1.5,Associative latent class model,,0.588,0.030028471550437006,0.9155844155844156,0.3249564810155584,0.32063574606613704,0.2577388230373747,0.393,154
166,0.5,1.5,Renal-adjusted associative latent class model,0.4272087114189112,0.809,0.3813050314828414,0.09090909090909091,0.13309992898737066,0.03000002001964236,0.35755781310589585,0.506,154
166,0.5,1.5,Biologically constrained latent SCM,0.4679709762087952,0.811,0.3862699529512452,0.12337662337662338,0.13010253597585938,0.03916311777075797,0.3639373133757124,0.5,154
166,0.5,1.5,Data-generating oracle (reference),,0.813,0.3912669978537776,0.14935064935064934,0.12950077247974218,0.02531333961442535,0.3896892216296131,0.506,154
167,0.5,1.5,Associative latent class model,,0.555,0.01110860754976651,0.920863309352518,0.3445601022444696,0.3505453922497621,0.24585534921376398,0.337,139
167,0.5,1.5,Renal-adjusted associative latent class model,0.5629961475638073,0.802,0.3641800976128688,0.2589928057553957,0.1323560288834161,0.043570711261812584,0.35418150645755714,0.54,139
167,0.5,1.5,Biologically constrained latent SCM,0.551187914529523,0.806,0.3739177942172466,0.22302158273381295,0.1327795805453946,0.04860288153819687,0.35373162359002097,0.548,139
167,0.5,1.5,Data-generating oracle (reference),,0.817,0.40135736708918934,0.18705035971223022,0.12667163390291797,0.025381252772991886,0.3883958699850188,0.491,139
168,0.5,1.5,Associative latent class model,,0.663,0.10539135689957986,0.8943661971830986,0.25920481494912256,0.23203905513896486,0.2883491909390586,0.444,142
168,0.5,1.5,Renal-adjusted associative latent class model,0.5409521021908356,0.824,0.41932341082270275,0.23943661971830985,0.12869140284876635,0.030506272351714065,0.3610183939262871,0.517,142
168,0.5,1.5,Biologically constrained latent SCM,0.4973605958700316,0.819,0.40644991381509943,0.18309859154929578,0.12985519903666262,0.044966293450465676,0.36026074943214,0.504,142
168,0.5,1.5,Data-generating oracle (reference),,0.831,0.43768127756987735,0.18309859154929578,0.12337073328164606,0.03860178073149128,0.38834633053364165,0.508,142
169,0.5,1.5,Associative latent class model,,0.495,-0.00127045663828273,0.9928571428571429,0.4500134130496933,0.4677221585281374,0.1276840111734706,0.302,140
169,0.5,1.5,Renal-adjusted associative latent class model,0.3577678588211636,0.8,0.35935708308931213,0.08571428571428572,0.14307727088714495,0.043371782002586574,0.3660635006826809,0.525,140
169,0.5,1.5,Biologically constrained latent SCM,0.461934308779133,0.815,0.39629031305777795,0.17857142857142858,0.13255291532274868,0.0335888977945784,0.3783413969759607,0.536,140
169,0.5,1.5,Data-generating oracle (reference),,0.818,0.40390004110018957,0.18571428571428572,0.12593895708595865,0.02546238881869617,0.394896268884519,0.515,140
170,0.5,1.5,Associative latent class model,,0.56,0.013454141639217265,0.8726114649681529,0.3312871418246347,0.3409287259671372,0.2579061754001042,0.321,157
170,0.5,1.5,Renal-adjusted associative latent class model,0.510771349047815,0.829,0.4323964509408816,0.14012738853503184,0.12241691999595233,0.04171855501227912,0.3734192415699019,0.518,157
170,0.5,1.5,Biologically constrained latent SCM,0.5049947738094657,0.829,0.4323964509408816,0.14012738853503184,0.12227413492945095,0.03936817341167935,0.37344625441447693,0.518,157
170,0.5,1.5,Data-generating oracle (reference),,0.842,0.4673234001055359,0.12738853503184713,0.11881175639909324,0.024776733305894832,0.38378571054534455,0.481,157
171,0.5,1.5,Associative latent class model,,0.573,0.020363284760762265,0.9817073170731707,0.3267882637180395,0.33050454212167457,0.26736745667291495,0.415,164
171,0.5,1.5,Renal-adjusted associative latent class model,0.5236742557811516,0.825,0.4219225580057279,0.25609756097560976,0.1229441271029593,0.027385411240497683,0.36136012396169814,0.523,164
171,0.5,1.5,Biologically constrained latent SCM,0.49876412903083145,0.833,0.4429994185774054,0.21341463414634146,0.12151842191798813,0.020304981480781265,0.36100342842857336,0.521,164
171,0.5,1.5,Data-generating oracle (reference),,0.831,0.43768139559589875,0.20121951219512196,0.12131016835695606,0.025432201473471958,0.37765777575785925,0.511,164
172,0.5,1.5,Associative latent class model,,0.513,-0.00019770783987968114,0.0,0.47906725295798225,0.4692121516281099,0.08703976113720573,0.688,160
172,0.5,1.5,Renal-adjusted associative latent class model,0.4468646402907656,0.837,0.4537296233220595,0.19375,0.11532354106653549,0.029295862595308513,0.3979783903548388,0.514,160
172,0.5,1.5,Biologically constrained latent SCM,0.3923817730072876,0.833,0.4429993003818411,0.1375,0.11627306750041709,0.03449679225664454,0.3987415636556935,0.48,160
172,0.5,1.5,Data-generating oracle (reference),,0.837,0.4537301908291548,0.19375,0.11604792211294053,0.028884026763641806,0.371022827768566,0.522,160
173,0.5,1.5,Associative latent class model,,0.624,0.060584039394718084,0.8625,0.27357146927478004,0.239086517366035,0.3140004588165346,0.424,160
173,0.5,1.5,Renal-adjusted associative latent class model,0.43785169907223825,0.802,0.36418875275220275,0.11875,0.13327819555634762,0.05767783249472117,0.37444469405368824,0.438,160
173,0.5,1.5,Biologically constrained latent SCM,0.4143463759106555,0.798,0.35458704970830746,0.10625,0.13685055283524505,0.06992358720172608,0.3709438696525345,0.416,160
173,0.5,1.5,Data-generating oracle (reference),,0.817,0.4013568520502606,0.13125,0.1282171825896404,0.02349270709003209,0.38251807103267427,0.495,160
174,0.5,1.5,Associative latent class model,,0.593,0.03368419987205204,0.7922077922077922,0.3058410024450592,0.29732228860635884,0.26979840918307296,0.334,154
174,0.5,1.5,Renal-adjusted associative latent class model,0.5082042809021394,0.825,0.4219220103920936,0.18831168831168832,0.12045409144192053,0.020011406297220004,0.3906130937423485,0.482,154
174,0.5,1.5,Biologically constrained latent SCM,0.4960361121310577,0.825,0.42192231166869143,0.16883116883116883,0.11989226302845646,0.02266937623704015,0.3909445878999759,0.476,154
174,0.5,1.5,Data-generating oracle (reference),,0.824,0.41932302429476304,0.16883116883116883,0.11653875129764646,0.03408986386394212,0.38929012576442973,0.499,154
175,0.5,1.5,Associative latent class model,,0.507,-0.0006926494669036713,0.9490445859872612,0.4113690294525834,0.4281561619072033,0.18199233094953926,0.296,157
175,0.5,1.5,Renal-adjusted associative latent class model,0.5095932981451657,0.795,0.3474538017084183,0.19745222929936307,0.1360082798607843,0.060612101619600865,0.3854457116341965,0.562,157
175,0.5,1.5,Biologically constrained latent SCM,0.5598407018647505,0.798,0.35458050149463355,0.25477707006369427,0.13597923926150815,0.07107003631611947,0.38697981547466404,0.577,157
175,0.5,1.5,Data-generating oracle (reference),,0.817,0.40135736708918934,0.19745222929936307,0.12824209852528412,0.030839209256612526,0.3828898188357208,0.516,157
176,0.5,1.5,Associative latent class model,,0.584,0.026839286405982085,0.9743589743589743,0.3361651661151745,0.34211206912200515,0.2454677894448553,0.355,156
176,0.5,1.5,Renal-adjusted associative latent class model,0.33493755917224033,0.798,0.3544396710315207,0.038461538461538464,0.13341821773754053,0.0568256601400624,0.3814057866444799,0.399,156
176,0.5,1.5,Biologically constrained latent SCM,0.43575007385929615,0.816,0.3987058000413429,0.09615384615384616,0.13034885767546928,0.0475120265728391,0.3866453525807756,0.401,156
176,0.5,1.5,Data-generating oracle (reference),,0.816,0.39879882406218425,0.1282051282051282,0.12603517849253287,0.027229180505875694,0.37566540466498166,0.453,156
177,0.5,1.5,Associative latent class model,,0.515,-0.0004003762873174734,0.9915966386554622,0.4555470196876343,0.46496530126055347,0.07839612084383539,0.276,119
177,0.5,1.5,Renal-adjusted associative latent class model,0.44848859841531463,0.813,0.3912681236387082,0.11764705882352941,0.12611980477109763,0.025137692150510073,0.37960628891298037,0.504,119
177,0.5,1.5,Biologically constrained latent SCM,0.45985372797437146,0.818,0.4039007635859041,0.11764705882352941,0.12508678542846846,0.026508860408322902,0.3811889579396898,0.497,119
177,0.5,1.5,Data-generating oracle (reference),,0.829,0.4323971266582793,0.15126050420168066,0.12149380569603528,0.026675883129795797,0.3811342694855627,0.506,119
178,0.5,1.5,Associative latent class model,,0.592,0.03287451226312802,0.7945205479452054,0.3054965100088681,0.3073852833881911,0.25260611186167475,0.345,146
178,0.5,1.5,Renal-adjusted associative latent class model,0.43509545873805605,0.81,0.3837826282995706,0.1232876712328767,0.12623043009535367,0.06649146417980624,0.3570392571078835,0.443,146
178,0.5,1.5,Biologically constrained latent SCM,0.4287521953931469,0.809,0.3813041888865711,0.1232876712328767,0.12595726637626933,0.06681885154555342,0.35721653754332156,0.444,146
178,0.5,1.5,Data-generating oracle (reference),,0.833,0.44299908049295167,0.136986301369863,0.11913232836384068,0.028067064681629204,0.38918967953450395,0.504,146
179,0.5,1.5,Associative latent class model,,0.629,0.06574953334873548,0.6293706293706294,0.2855395371936688,0.2568897439043193,0.26538478780206615,0.32,143
179,0.5,1.5,Renal-adjusted associative latent class model,0.5255684581858665,0.826,0.4245280116421824,0.15384615384615385,0.13139729773095868,0.04702340536013977,0.35347603642993886,0.495,143
179,0.5,1.5,Biologically constrained latent SCM,0.4607144451662309,0.813,0.391266669474657,0.08391608391608392,0.13391368178302088,0.041552222374685865,0.3546783017754003,0.502,143
179,0.5,1.5,Data-generating oracle (reference),,0.834,0.44566911866310394,0.08391608391608392,0.1307245446147413,0.04556313741556423,0.38080568734649056,0.501,143
180,0.5,1.5,Associative latent class model,,0.55,0.009117579033220075,0.8636363636363636,0.35394800724748987,0.3572295731548672,0.23259737296864275,0.325,154
180,0.5,1.5,Renal-adjusted associative latent class model,0.6144469329043707,0.824,0.4193243266460967,0.2857142857142857,0.12804612812193517,0.033664222456759846,0.37698430155835094,0.527,154
180,0.5,1.5,Biologically constrained latent SCM,0.5458669284799951,0.835,0.4483501512134224,0.18831168831168832,0.12465820525543247,0.04400098174377183,0.37966371404066346,0.534,154
180,0.5,1.5,Data-generating oracle (reference),,0.832,0.44033599515473376,0.16233766233766234,0.12332249091787656,0.026052616485963343,0.3726182295670837,0.509,154
181,0.5,1.5,Associative latent class model,,0.568,0.01737061974735479,0.8382352941176471,0.3386023493153067,0.3421174037577363,0.23146851893123402,0.319,136
181,0.5,1.5,Renal-adjusted associative latent class model,0.45353081396985784,0.814,0.3937758498265481,0.14705882352941177,0.12857825159928699,0.05755925478825888,0.36259330137036894,0.469,136
181,0.5,1.5,Biologically constrained latent SCM,0.46424665857646596,0.814,0.39377676092739167,0.16176470588235295,0.1277323232991139,0.05351662718816617,0.36259782740847996,0.475,136
181,0.5,1.5,Data-generating oracle (reference),,0.824,0.41932376227222673,0.19852941176470587,0.12381534375899204,0.022911461122964726,0.379972197128912,0.509,136
182,0.5,1.5,Associative latent class model,,0.632,0.06882401607145278,0.8273381294964028,0.2745958126959207,0.2468672004195555,0.2835016132633278,0.372,139
182,0.5,1.5,Renal-adjusted associative latent class model,0.4408635524673678,0.829,0.4323985789866075,0.08633093525179857,0.1221624611921381,0.03392118369246695,0.3560061666058262,0.465,139
182,0.5,1.5,Biologically constrained latent SCM,0.4755068220161327,0.829,0.43239924159528864,0.1079136690647482,0.12190318263164668,0.03993098018830006,0.3561930261021953,0.461,139
182,0.5,1.5,Data-generating oracle (reference),,0.826,0.42452810638399013,0.15827338129496402,0.11974089868156397,0.019483050440822994,0.3859799402186482,0.508,139
183,0.5,1.5,Associative latent class model,,0.706,0.16892660760301997,0.7062937062937062,0.22152562381419102,0.17716334829554808,0.28305950473287195,0.424,143
183,0.5,1.5,Renal-adjusted associative latent class model,0.6120656841908677,0.824,0.4193230635899319,0.2867132867132867,0.12257803400992842,0.02925127346620545,0.36520239271083255,0.51,143
183,0.5,1.5,Biologically constrained latent SCM,0.5429478360819038,0.826,0.424528538824729,0.1958041958041958,0.11909823472858397,0.028432689677722063,0.37516856492215317,0.516,143
183,0.5,1.5,Data-generating oracle (reference),,0.838,0.4564328117221254,0.0979020979020979,0.11886654743965519,0.013606363009021565,0.3793558429002122,0.478,143
184,0.5,1.5,Associative latent class model,,0.575,0.021550792708087508,0.9818181818181818,0.3243095356950968,0.32611353404875953,0.287407114153771,0.412,165
184,0.5,1.5,Renal-adjusted associative latent class model,0.5174563389839644,0.806,0.3739203547328851,0.24242424242424243,0.13124289082394727,0.04289327749547939,0.39759646336603954,0.465,165
184,0.5,1.5,Biologically constrained latent SCM,0.4986922354630924,0.808,0.3788360225987549,0.24242424242424243,0.12821086814728425,0.032564369989426044,0.39906877525684525,0.473,165
184,0.5,1.5,Data-generating oracle (reference),,0.82,0.4090088179117872,0.21818181818181817,0.12084640774082046,0.033949318499320535,0.38565925912718285,0.513,165
185,0.5,1.5,Associative latent class model,,0.533,0.0034706434345122285,1.0,0.38566033235174063,0.40550580699399613,0.1834353111003335,0.332,149
185,0.5,1.5,Renal-adjusted associative latent class model,0.49268431474301444,0.815,0.3963003594835818,0.16778523489932887,0.1308053721627641,0.037380564663703125,0.3693409097521998,0.456,149
185,0.5,1.5,Biologically constrained latent SCM,0.5007765581342256,0.816,0.39882752416517675,0.174496644295302,0.1307135114021558,0.03738083489468263,0.3697138663300597,0.453,149
185,0.5,1.5,Data-generating oracle (reference),,0.811,0.3862710689681833,0.2080536912751678,0.1272424194007629,0.03206018468425523,0.3740275696575859,0.476,149
186,0.5,1.5,Associative latent class model,,0.51,-0.00040984875249450755,1.0,0.4701939198448762,0.4771879052384215,0.055704451030573206,0.274,130
186,0.5,1.5,Renal-adjusted associative latent class model,0.43405420843424714,0.823,0.4167342884866767,0.08461538461538462,0.12546980103620076,0.026770710702056184,0.3815877256208062,0.531,130
186,0.5,1.5,Biologically constrained latent SCM,0.4905804374176555,0.822,0.41414974135622457,0.16923076923076924,0.1209861524673508,0.02352052930010922,0.3878430956310983,0.508,130
186,0.5,1.5,Data-generating oracle (reference),,0.825,0.421921399274516,0.17692307692307693,0.12120188429336949,0.026088398021021187,0.3843802129795953,0.497,130
187,0.5,1.5,Associative latent class model,,0.636,0.07306779770507806,0.9448275862068966,0.2840366470703235,0.26146274884667453,0.26259718509109403,0.443,145
187,0.5,1.5,Renal-adjusted associative latent class model,0.48605009046937986,0.807,0.37638426074096293,0.14482758620689656,0.13655791394061162,0.05438214551152224,0.3608357979541161,0.572,145
187,0.5,1.5,Biologically constrained latent SCM,0.5412969107317948,0.813,0.3912763128287608,0.16551724137931034,0.13223800290056853,0.0548808884435299,0.36416583605541253,0.564,145
187,0.5,1.5,Data-generating oracle (reference),,0.826,0.42452808161217953,0.13793103448275862,0.12772979398621506,0.026428108297568257,0.3789243162713768,0.493,145
188,0.5,1.5,Associative latent class model,,0.61,0.047217147178155665,0.55,0.30225464987162315,0.295095639198203,0.2277337982113877,0.267,160
188,0.5,1.5,Renal-adjusted associative latent class model,0.6195127144397892,0.843,0.4700661940656608,0.25,0.11162690947671172,0.0301725179106588,0.3677528914334784,0.486,160
188,0.5,1.5,Biologically constrained latent SCM,0.6097868092465625,0.841,0.4645891873038875,0.2375,0.11104635464307858,0.03631628838390205,0.37126023876983105,0.5,160
188,0.5,1.5,Data-generating oracle (reference),,0.846,0.47834122466810525,0.1625,0.10981653284261796,0.02769288667419916,0.3815776809401633,0.473,160
189,0.5,1.5,Associative latent class model,,0.574,0.020937328769314787,0.993006993006993,0.32968673254905884,0.3463859791048053,0.2683337263743709,0.378,143
189,0.5,1.5,Renal-adjusted associative latent class model,0.44893262900755915,0.815,0.3962983738020954,0.16783216783216784,0.13006422828214848,0.07507787344076446,0.3875486455480762,0.435,143
189,0.5,1.5,Biologically constrained latent SCM,0.351593681812051,0.798,0.35457670913748207,0.09090909090909091,0.13824458959010116,0.10767008941822545,0.382342611642767,0.394,143
189,0.5,1.5,Data-generating oracle (reference),,0.829,0.43239649025221577,0.17482517482517482,0.12211768722584995,0.0347862713355342,0.3776283925388784,0.479,143
190,0.5,1.5,Associative latent class model,,0.514,-0.00047724668371215066,0.0,0.47948824419451075,0.4733694052567997,0.06017329824043188,0.685,151
190,0.5,1.5,Renal-adjusted associative latent class model,0.4503031503447406,0.816,0.39882109157387335,0.15894039735099338,0.13292777705838574,0.039780728181443084,0.33710823195768597,0.525,151
190,0.5,1.5,Biologically constrained latent SCM,0.46050720916312093,0.815,0.396293282847029,0.1986754966887417,0.1335729418664753,0.04149726579208302,0.33720920608354715,0.53,151
190,0.5,1.5,Data-generating oracle (reference),,0.823,0.4167338345927162,0.17880794701986755,0.12052531817602545,0.029302957662320186,0.383072445340943,0.498,151
191,0.5,1.5,Associative latent class model,,0.504,-0.000961564803288568,0.9929078014184397,0.45997361322461927,0.4695161713668816,0.09458875361431732,0.301,141
191,0.5,1.5,Renal-adjusted associative latent class model,0.47428739533909914,0.832,0.44033583558657996,0.1702127659574468,0.12063080656251614,0.05445269309578645,0.38432609955357167,0.459,141
191,0.5,1.5,Biologically constrained latent SCM,0.46294972423014397,0.831,0.4376812618835555,0.1702127659574468,0.12056138753033774,0.05632507507369584,0.38434428972930434,0.462,141
191,0.5,1.5,Data-generating oracle (reference),,0.83,0.4350350806035426,0.19148936170212766,0.11669421109208061,0.037310590451168364,0.37517603835093233,0.489,141
192,0.5,1.5,Associative latent class model,,0.515,4.3217810631496136e-05,0.0,0.4785855409549579,0.4737856084442772,0.0825413781438922,0.705,152
192,0.5,1.5,Renal-adjusted associative latent class model,0.4871883624565426,0.813,0.3912863950155132,0.16447368421052633,0.13172069119404664,0.08637836619494656,0.38350595083187555,0.597,152
192,0.5,1.5,Biologically constrained latent SCM,0.5208084210844502,0.822,0.41416817096720876,0.20394736842105263,0.12792692627544866,0.08155845519465366,0.3885143429857189,0.596,152
192,0.5,1.5,Data-generating oracle (reference),,0.837,0.4537292780529685,0.16447368421052633,0.11612619671272932,0.02283191585265207,0.38804646272449317,0.503,152
193,0.5,1.5,Associative latent class model,,0.516,0.00015869590056751754,0.0,0.4779288457447119,0.4747246209566023,0.08418737550688897,0.684,166
193,0.5,1.5,Renal-adjusted associative latent class model,0.44886832272194427,0.792,0.340420098951375,0.1144578313253012,0.14482345468459498,0.08022131367219414,0.38006776370389317,0.404,166
193,0.5,1.5,Biologically constrained latent SCM,0.39544972136331524,0.787,0.3288315735034817,0.07228915662650602,0.14558165563009848,0.08335632171240738,0.37510519061054376,0.399,166
193,0.5,1.5,Data-generating oracle (reference),,0.806,0.37391873596315867,0.1686746987951807,0.13237268722814355,0.030245383586499665,0.3905580563112568,0.476,166
194,0.5,1.5,Associative latent class model,,0.484,0.00015654143609146115,1.0,0.485531488477421,0.49701690702679535,0.0752538051363269,0.316,167
194,0.5,1.5,Renal-adjusted associative latent class model,0.5194016274573179,0.8,0.35936237612019123,0.19161676646706588,0.1291262117904487,0.04241890245039798,0.36641190715887706,0.538,167
194,0.5,1.5,Biologically constrained latent SCM,0.5293446617226333,0.802,0.3641828031184391,0.20359281437125748,0.12926247690773948,0.03791630474743467,0.36661316762395024,0.536,167
194,0.5,1.5,Data-generating oracle (reference),,0.823,0.4167321783506658,0.1437125748502994,0.11965268020993569,0.018189723334614813,0.3823953434760026,0.497,167
195,0.5,1.5,Associative latent class model,,0.586,0.028661440581233506,0.9294871794871795,0.30939104231645864,0.3125608530013474,0.26003372111224343,0.386,156
195,0.5,1.5,Renal-adjusted associative latent class model,0.5391689665155763,0.825,0.42193350116383305,0.1858974358974359,0.12481084201312535,0.07518192405445492,0.3724479936466889,0.573,156
195,0.5,1.5,Biologically constrained latent SCM,0.5580641095175645,0.831,0.4376916856301395,0.21153846153846154,0.12169096517988208,0.07393957745257433,0.3738409899857307,0.569,156
195,0.5,1.5,Data-generating oracle (reference),,0.834,0.44566920181938835,0.16025641025641027,0.11011023717247026,0.03217791536855488,0.38179120181114223,0.494,156
196,0.5,1.5,Associative latent class model,,0.488,-0.00033492120089292406,0.9782608695652174,0.4763776931585008,0.4872879552564045,0.08904189619894916,0.27,138
196,0.5,1.5,Renal-adjusted associative latent class model,0.3512599329488497,0.831,0.4376824834307143,0.07246376811594203,0.11810908817402926,0.04288775736511051,0.3505090608567813,0.467,138
196,0.5,1.5,Biologically constrained latent SCM,0.4573926615292693,0.826,0.4245286008971559,0.1956521739130435,0.11555344294016612,0.039250604821880065,0.3548593786348084,0.482,138
196,0.5,1.5,Data-generating oracle (reference),,0.836,0.4510348615138194,0.2028985507246377,0.11546982410292683,0.03265510540239031,0.3689169888706037,0.492,138
197,0.5,1.5,Associative latent class model,,0.709,0.1738970270438625,0.7573529411764706,0.21809233107073925,0.1751110428495983,0.29698436747429413,0.456,136
197,0.5,1.5,Renal-adjusted associative latent class model,0.6019017899998556,0.814,0.3937745942010054,0.25,0.12300935308041931,0.07130479506828893,0.3423190509244265,0.593,136
197,0.5,1.5,Biologically constrained latent SCM,0.6178189400073175,0.821,0.41157342916740236,0.27941176470588236,0.12196529793624881,0.06510996291847819,0.3406903238670764,0.578,136
197,0.5,1.5,Data-generating oracle (reference),,0.842,0.46732337960978565,0.1323529411764706,0.11289164080684395,0.03323105529521757,0.377675621728103,0.509,136
198,0.5,1.5,Associative latent class model,,0.597,0.03677014834747633,0.8428571428571429,0.3079145832853838,0.3020933284924657,0.2626575975917785,0.34,140
198,0.5,1.5,Renal-adjusted associative latent class model,0.6528681485128137,0.798,0.35457036187065344,0.36428571428571427,0.13573886660550472,0.03549222325558907,0.37095725872366675,0.513,140
198,0.5,1.5,Biologically constrained latent SCM,0.5570065083576335,0.816,0.39882550828465785,0.22857142857142856,0.12918039484883645,0.033079620043743825,0.3850754034347382,0.537,140
198,0.5,1.5,Data-generating oracle (reference),,0.83,0.43503546580251173,0.17857142857142858,0.12709694738901298,0.0339516642048894,0.37121072923101506,0.521,140
199,0.5,1.5,Associative latent class model,,0.585,0.027944440871747158,0.9090909090909091,0.31664805908075655,0.30948317169452144,0.26973138226497473,0.408,165
199,0.5,1.5,Renal-adjusted associative latent class model,0.6164215473375281,0.795,0.3474486701521802,0.43636363636363634,0.14418031282722196,0.05629759493838848,0.3621365671902287,0.534,165
199,0.5,1.5,Biologically constrained latent SCM,0.4786232270436021,0.82,0.40900959446554697,0.2,0.12553359896350244,0.03173362878396303,0.3825685024634805,0.527,165
199,0.5,1.5,Data-generating oracle (reference),,0.82,0.4090091446785814,0.20606060606060606,0.12538328569231644,0.02813774878414184,0.3780012423253693,0.519,165
0,0.55,1.5,Associative latent class model,,0.646,0.08426348852923948,0.926829268292683,0.2672865529055712,0.2622398417444262,0.2668184480226605,0.424,123
0,0.55,1.5,Renal-adjusted associative latent class model,0.5924618395761291,0.826,0.4245278143993996,0.18699186991869918,0.12333758470413098,0.03568012522649755,0.36255099688519915,0.518,123
0,0.55,1.5,Biologically constrained latent SCM,0.5732632807982231,0.821,0.4115763748498058,0.17073170731707318,0.12340321280645514,0.030960678209536054,0.36543622002093734,0.513,123
0,0.55,1.5,Data-generating oracle (reference),,0.829,0.43239716738909234,0.14634146341463414,0.1206843530090943,0.027633630533077734,0.3790920239171785,0.513,123
1,0.55,1.5,Associative latent class model,,0.597,0.03665778669898857,0.8837209302325582,0.3056094395488083,0.3064653784519457,0.2593856271918621,0.342,129
1,0.55,1.5,Renal-adjusted associative latent class model,0.5701669307482542,0.842,0.4673232597096149,0.24031007751937986,0.1198584062458132,0.0351866712976195,0.37719856183494255,0.521,129
1,0.55,1.5,Biologically constrained latent SCM,0.5657026815150117,0.844,0.472816780228859,0.21705426356589147,0.11894711020762623,0.03716188147714969,0.3776118735661242,0.519,129
1,0.55,1.5,Data-generating oracle (reference),,0.844,0.47281658245602587,0.21705426356589147,0.11712943622568622,0.03904680280105367,0.37631028174337244,0.531,129
2,0.55,1.5,Associative latent class model,,0.468,0.003217942552090332,0.0,0.5247783130033018,0.5208485769633481,0.06956098753815922,0.693,134
2,0.55,1.5,Renal-adjusted associative latent class model,0.4329309003335757,0.804,0.3690400903795664,0.12686567164179105,0.14397150169771714,0.05729984081298302,0.35401368788306725,0.561,134
2,0.55,1.5,Biologically constrained latent SCM,0.4949501206618421,0.805,0.37147825647655264,0.1865671641791045,0.13376793417277688,0.04773024989210343,0.36525213176958027,0.56,134
2,0.55,1.5,Data-generating oracle (reference),,0.825,0.4219220597707823,0.23880597014925373,0.12518786080637553,0.03249799877602644,0.37836477681725,0.518,134
3,0.55,1.5,Associative latent class model,,0.561,0.013856541572752271,0.9266666666666666,0.32474767231505014,0.3366249325386764,0.2695130965731596,0.367,150
3,0.55,1.5,Renal-adjusted associative latent class model,0.6198358980569276,0.823,0.416732060864846,0.23333333333333334,0.12632452668448724,0.03285844438522081,0.3886353509946536,0.527,150
3,0.55,1.5,Biologically constrained latent SCM,0.5990533084424117,0.821,0.41157552038872575,0.20666666666666667,0.1254958363277554,0.031498102549472114,0.38989584372887054,0.517,150
3,0.55,1.5,Data-generating oracle (reference),,0.827,0.42714288001945505,0.19333333333333333,0.12147937727041008,0.023712038037720658,0.3864466339835002,0.521,150
4,0.55,1.5,Associative latent class model,,0.632,0.06883999728222559,0.7941176470588235,0.2879746199607633,0.2757560598058945,0.24732075112180063,0.356,136
4,0.55,1.5,Renal-adjusted associative latent class model,0.6567116150745986,0.819,0.4064515717348659,0.23529411764705882,0.127387327947859,0.03185754124723408,0.3703758521468461,0.473,136
4,0.55,1.5,Biologically constrained latent SCM,0.5892143824433284,0.823,0.41673337452642345,0.16911764705882354,0.12347472689295418,0.025728404163199634,0.3818497582866513,0.477,136
4,0.55,1.5,Data-generating oracle (reference),,0.834,0.4456691580950226,0.15441176470588236,0.12267778140541803,0.03120128622740521,0.3783579047273638,0.504,136
5,0.55,1.5,Associative latent class model,,0.542,0.00618922151745811,0.9785714285714285,0.3749052163757038,0.3901479992681828,0.19087344743204393,0.311,140
5,0.55,1.5,Renal-adjusted associative latent class model,0.4300459190330071,0.773,0.29741294201880153,0.12142857142857143,0.1526238926812362,0.061888269951173136,0.3720188672677268,0.508,140
5,0.55,1.5,Biologically constrained latent SCM,0.5582036600488957,0.806,0.373917626582885,0.2357142857142857,0.14105073081743122,0.03929612621315719,0.3829812555229065,0.511,140
5,0.55,1.5,Data-generating oracle (reference),,0.806,0.3739175362463856,0.2357142857142857,0.13980884205615643,0.033664276262237204,0.38970538916438957,0.509,140
6,0.55,1.5,Associative latent class model,,0.542,0.005706190516966136,0.9285714285714286,0.37557408780077856,0.3886153291646355,0.19535723886779632,0.314,126
6,0.55,1.5,Renal-adjusted associative latent class model,0.7379997407893972,0.791,0.338030943975926,0.4444444444444444,0.13866409628858775,0.039316514277605935,0.39449269074678317,0.569,126
6,0.55,1.5,Biologically constrained latent SCM,0.6427980410608929,0.81,0.3836989699784012,0.29365079365079366,0.1314294067089161,0.061831635322878505,0.410310254734527,0.616,126
6,0.55,1.5,Data-generating oracle (reference),,0.822,0.41414923439235596,0.15079365079365079,0.12385767953900506,0.02977884075548946,0.37721191754751204,0.52,126
7,0.55,1.5,Associative latent class model,,0.618,0.0546675305987211,0.78125,0.3038302192339373,0.2955005389424805,0.23719481783053636,0.346,128
7,0.55,1.5,Renal-adjusted associative latent class model,0.6718434124599442,0.805,0.37147194541389866,0.359375,0.1330712796959849,0.02648551631577839,0.37608512148910134,0.507,128
7,0.55,1.5,Biologically constrained latent SCM,0.5962515526802736,0.809,0.3813044349168253,0.265625,0.1274908883111511,0.021697936672813768,0.3919306872187665,0.525,128
7,0.55,1.5,Data-generating oracle (reference),,0.813,0.3912639993317078,0.203125,0.12665573123451082,0.02571953027371225,0.3823958376330555,0.541,128
8,0.55,1.5,Associative latent class model,,0.612,0.0491598345453403,0.9,0.2897996171653127,0.29122270121151994,0.26469519984527334,0.375,130
8,0.55,1.5,Renal-adjusted associative latent class model,0.6463170283633188,0.807,0.3763569574915398,0.36153846153846153,0.13440227158625348,0.04551240565496075,0.3732658811574354,0.576,130
8,0.55,1.5,Biologically constrained latent SCM,0.6232264353354227,0.816,0.3988049698205641,0.2923076923076923,0.1343493188430916,0.05301460938963598,0.3736799914922017,0.583,130
8,0.55,1.5,Data-generating oracle (reference),,0.815,0.3962926508270342,0.2076923076923077,0.1312503410097568,0.022930528729351744,0.38270123218696606,0.54,130
9,0.55,1.5,Associative latent class model,,0.654,0.09396117864493723,0.8848920863309353,0.26517748554925047,0.24097348889283682,0.27545582186977746,0.434,139
9,0.55,1.5,Renal-adjusted associative latent class model,0.6783130395313404,0.804,0.36903395400481875,0.4316546762589928,0.1409613256407631,0.044398514114481605,0.36936713963363205,0.544,139
9,0.55,1.5,Biologically constrained latent SCM,0.57406506062253,0.81,0.38378378698464716,0.2805755395683453,0.13659400396366994,0.03318556379942187,0.38252064812772185,0.516,139
9,0.55,1.5,Data-generating oracle (reference),,0.809,0.38130536475944443,0.2446043165467626,0.13319188539339474,0.02801537668612031,0.3906787141670776,0.519,139
10,0.55,1.5,Associative latent class model,,0.585,0.02779123300282825,0.8153846153846154,0.3348632403563191,0.3322900663050448,0.20150660596936917,0.322,130
10,0.55,1.5,Renal-adjusted associative latent class model,0.5516098813832949,0.847,0.4811176137962467,0.14615384615384616,0.11254986920818796,0.031789853911733834,0.3631982504738084,0.494,130
10,0.55,1.5,Biologically constrained latent SCM,0.5330329829607124,0.845,0.4755760775591161,0.13076923076923078,0.11329567721742914,0.037035182983725476,0.36367518015970357,0.494,130
10,0.55,1.5,Data-generating oracle (reference),,0.842,0.46732389753691156,0.16153846153846155,0.11273048981861417,0.028609095480362806,0.3761469399828758,0.497,130
11,0.55,1.5,Associative latent class model,,0.567,0.016730802028078688,0.8581560283687943,0.3377081490894081,0.3441920142335382,0.2169926042808632,0.338,141
11,0.55,1.5,Renal-adjusted associative latent class model,0.5643904593640134,0.826,0.4245296244905787,0.24113475177304963,0.11728644260622605,0.04373660872039532,0.35955667058945834,0.507,141
11,0.55,1.5,Biologically constrained latent SCM,0.5558877371950182,0.831,0.4376819693898924,0.24113475177304963,0.11647309774868793,0.034669921304627226,0.36152925389870155,0.514,141
11,0.55,1.5,Data-generating oracle (reference),,0.834,0.445661271199724,0.2624113475177305,0.11522778522765964,0.019228891898496157,0.37177430761443553,0.543,141
12,0.55,1.5,Associative latent class model,,0.633,0.06969502267581107,0.75,0.2924013890415903,0.28551119519652796,0.21125172170920298,0.322,140
12,0.55,1.5,Renal-adjusted associative latent class model,0.5940847812963939,0.839,0.4591381740174903,0.2642857142857143,0.11655961429064754,0.039426524167550984,0.35599339145917736,0.452,140
12,0.55,1.5,Biologically constrained latent SCM,0.5569891958188005,0.833,0.4429960242122974,0.2,0.11546743557679329,0.023193795419084465,0.3647822503996746,0.462,140
12,0.55,1.5,Data-generating oracle (reference),,0.837,0.4537303405877749,0.22142857142857142,0.11546054729936625,0.02705134909003191,0.3748536230977768,0.5,140
13,0.55,1.5,Associative latent class model,,0.545,0.007246613304742648,1.0,0.42093748051885493,0.4312529061922272,0.0933764087276497,0.297,123
13,0.55,1.5,Renal-adjusted associative latent class model,0.5252397037049578,0.799,0.35698473162662686,0.25203252032520324,0.13684920174505044,0.08407858230258454,0.3826549571791079,0.605,123
13,0.55,1.5,Biologically constrained latent SCM,0.5713165186837916,0.801,0.3617884479708864,0.3089430894308943,0.13413375105107422,0.08771034982380935,0.38169189372586926,0.603,123
13,0.55,1.5,Data-generating oracle (reference),,0.82,0.4090093131498032,0.21951219512195122,0.12149903699254282,0.02256111300281584,0.38302539503755795,0.52,123
14,0.55,1.5,Associative latent class model,,0.61,0.04754492950381692,0.7669172932330827,0.3164992736920107,0.3144751869215191,0.19979907386788814,0.305,133
14,0.55,1.5,Renal-adjusted associative latent class model,0.5673010853065872,0.824,0.41932391330825514,0.21804511278195488,0.12377766164178716,0.029954589374401555,0.3659359877025213,0.525,133
14,0.55,1.5,Biologically constrained latent SCM,0.5601497474714499,0.819,0.40645113553123813,0.21052631578947367,0.12415587443244887,0.030323755114034488,0.3665473476047627,0.526,133
14,0.55,1.5,Data-generating oracle (reference),,0.83,0.4350346661300246,0.19548872180451127,0.12082798664896018,0.0217539790873461,0.3738857484222452,0.503,133
15,0.55,1.5,Associative latent class model,,0.582,0.025775054257511604,0.9253731343283582,0.3176275922609036,0.3232105304357221,0.2539476211077458,0.359,134
15,0.55,1.5,Renal-adjusted associative latent class model,0.5527839123610766,0.808,0.37881198022761886,0.19402985074626866,0.12618656366717085,0.045811215753177745,0.40120198888231257,0.571,134
15,0.55,1.5,Biologically constrained latent SCM,0.5794572497584252,0.808,0.37881827721899386,0.22388059701492538,0.1250709683979971,0.033115579078451585,0.40147052542909584,0.561,134
15,0.55,1.5,Data-generating oracle (reference),,0.822,0.41414576364432926,0.15671641791044777,0.12214368844344557,0.03265364316053542,0.3796539667153886,0.535,134
16,0.55,1.5,Associative latent class model,,0.58,0.024489014407768697,0.9,0.3182817350978644,0.3269173025936257,0.24224436440081293,0.323,120
16,0.55,1.5,Renal-adjusted associative latent class model,0.584599546554635,0.807,0.37637146301039853,0.26666666666666666,0.12611588103809307,0.029695362490352834,0.38085588710206525,0.524,120
16,0.55,1.5,Biologically constrained latent SCM,0.581667059978217,0.81,0.3837832573302191,0.25,0.12609559463987746,0.027977206799837912,0.38150380314351423,0.521,120
16,0.55,1.5,Data-generating oracle (reference),,0.815,0.3962962800943081,0.225,0.12536773422016328,0.02629100197360607,0.3774486505716079,0.516,120
17,0.55,1.5,Associative latent class model,,0.546,0.007599872422764975,0.8905109489051095,0.37477993708850327,0.38376070493850234,0.2002613362732975,0.299,137
17,0.55,1.5,Renal-adjusted associative latent class model,0.6897537440687379,0.813,0.3912679067500597,0.41605839416058393,0.1362863810389125,0.032476787548831966,0.38711508731846866,0.524,137
17,0.55,1.5,Biologically constrained latent SCM,0.5060458886982717,0.833,0.4429985789913263,0.18248175182481752,0.12046049368686967,0.02116823516356512,0.40486564733442915,0.504,137
17,0.55,1.5,Data-generating oracle (reference),,0.837,0.45372999377821366,0.21897810218978103,0.11776033137116118,0.01441264722529288,0.37972926492956366,0.52,137
18,0.55,1.5,Associative latent class model,,0.579,0.02317123702496483,0.8421052631578947,0.31420697609084064,0.31660340341670135,0.27333579349906545,0.362,133
18,0.55,1.5,Renal-adjusted associative latent class model,0.7107706027862449,0.794,0.3450016977017643,0.44360902255639095,0.13872417719769936,0.03412035767652004,0.3816997396302816,0.557,133
18,0.55,1.5,Biologically constrained latent SCM,0.6511714903591229,0.816,0.39864520545073906,0.2781954887218045,0.1278358721570273,0.025480125056992743,0.3870815182726766,0.583,133
18,0.55,1.5,Data-generating oracle (reference),,0.816,0.39878454724444923,0.18045112781954886,0.1239317059776673,0.0338101377567869,0.37579867839670883,0.541,133
19,0.55,1.5,Associative latent class model,,0.521,0.0005166977603952973,0.9523809523809523,0.39315085554634305,0.4117258849980195,0.1896270620867992,0.329,147
19,0.55,1.5,Renal-adjusted associative latent class model,0.5134787540324166,0.832,0.4403372275249458,0.10884353741496598,0.1201925453104886,0.03632151738701232,0.39623807977692066,0.492,147
19,0.55,1.5,Biologically constrained latent SCM,0.5487147402520712,0.831,0.43768249525851033,0.14965986394557823,0.12034009105504384,0.029423559184652188,0.391905354750117,0.509,147
19,0.55,1.5,Data-generating oracle (reference),,0.83,0.43503297458084617,0.23809523809523808,0.11717587411024909,0.025419000280808655,0.3765713849596433,0.526,147
20,0.55,1.5,Associative latent class model,,0.512,-0.00032752335964724593,0.948905109489051,0.43621001799680575,0.45230551609872266,0.12003962078279419,0.283,137
20,0.55,1.5,Renal-adjusted associative latent class model,0.48647532932859894,0.832,0.440336770383336,0.1678832116788321,0.11426517546952876,0.02672979504711201,0.36114999424932304,0.525,137
20,0.55,1.5,Biologically constrained latent SCM,0.5101497856232539,0.837,0.45372966872267056,0.18248175182481752,0.1129097883923611,0.02502152673708065,0.36135625766135127,0.514,137
20,0.55,1.5,Data-generating oracle (reference),,0.831,0.4376819538117905,0.21897810218978103,0.11284912903147502,0.02259604304690074,0.3633643167911847,0.522,137
21,0.55,1.5,Associative latent class model,,0.491,-0.0019153295032666555,1.0,0.46938778938397735,0.4821254286876319,0.0949678216773621,0.31,135
21,0.55,1.5,Renal-adjusted associative latent class model,0.441156497688064,0.816,0.3988105702234463,0.08888888888888889,0.12847096073358277,0.06994177460225705,0.40406658511702065,0.471,135
21,0.55,1.5,Biologically constrained latent SCM,0.46196949485056094,0.809,0.3812829874139589,0.1111111111111111,0.12774734349676076,0.07460113231213783,0.4033406771493849,0.464,135
21,0.55,1.5,Data-generating oracle (reference),,0.832,0.44033419403199,0.15555555555555556,0.12001692687932874,0.03106891109807974,0.3824038503067914,0.519,135
22,0.55,1.5,Associative latent class model,,0.589,0.030268681508821324,0.9083969465648855,0.3046135178326376,0.3147753293793162,0.2523989318446658,0.375,131
22,0.55,1.5,Renal-adjusted associative latent class model,0.42864371620470054,0.813,0.39118000716409906,0.061068702290076333,0.1265281610572106,0.11201708811001748,0.38648070516536637,0.429,131
22,0.55,1.5,Biologically constrained latent SCM,0.4733321959416781,0.821,0.411500946196012,0.07633587786259542,0.12466882107828192,0.10613944087071969,0.3864807041447091,0.433,131
22,0.55,1.5,Data-generating oracle (reference),,0.858,0.5121381904959142,0.1450381679389313,0.10730429437460129,0.03435532797602872,0.37719036647940823,0.548,131
23,0.55,1.5,Associative latent class model,,0.444,0.011702932484813066,0.0,0.5449354729181942,0.5387878287221747,0.09212957640113316,0.7,120
23,0.55,1.5,Renal-adjusted associative latent class model,0.3109330034025908,0.805,0.37147609061123116,0.008333333333333333,0.13297594434503152,0.054672064802017535,0.3733708046193228,0.453,120
23,0.55,1.5,Biologically constrained latent SCM,0.3689402860087003,0.82,0.409013146092861,0.03333333333333333,0.12092078415042393,0.05295275802447453,0.37929990557470233,0.454,120
23,0.55,1.5,Data-generating oracle (reference),,0.836,0.4510353439511091,0.175,0.11140851430436564,0.05149283258704374,0.3900397017786493,0.52,120
24,0.55,1.5,Associative latent class model,,0.639,0.07641136363526646,0.68,0.27439329802681334,0.25328157859203326,0.28290751063714253,0.363,150
24,0.55,1.5,Renal-adjusted associative latent class model,0.5087407054486459,0.821,0.4115764160558683,0.29333333333333333,0.12762545271657463,0.031679486103161215,0.34518760211804067,0.527,150
24,0.55,1.5,Biologically constrained latent SCM,0.49964503053208315,0.822,0.4141508943632679,0.2733333333333333,0.1270660186831464,0.033012615913663036,0.34587907914583216,0.526,150
24,0.55,1.5,Data-generating oracle (reference),,0.819,0.4064527000376632,0.24666666666666667,0.12237641396044102,0.028278855354507106,0.38057375734527216,0.539,150
25,0.55,1.5,Associative latent class model,,0.585,0.02797221784829895,0.9868421052631579,0.32898879058112207,0.3278628944825941,0.2358021125002416,0.392,152
25,0.55,1.5,Renal-adjusted associative latent class model,0.6313563991380574,0.809,0.38130493483255934,0.32894736842105265,0.13504713431720422,0.024925689698059413,0.3840609437537155,0.51,152
25,0.55,1.5,Biologically constrained latent SCM,0.5276038840654814,0.816,0.3988242411528405,0.19736842105263158,0.12711357334271053,0.01500465435381456,0.3942412058370093,0.529,152
25,0.55,1.5,Data-generating oracle (reference),,0.824,0.419324693287441,0.21710526315789475,0.12673127065403672,0.026005880423044327,0.384884127868316,0.529,152
26,0.55,1.5,Associative latent class model,,0.631,0.06766137677666184,0.7697841726618705,0.2740974240016475,0.2616468632201026,0.26682615503147766,0.379,139
26,0.55,1.5,Renal-adjusted associative latent class model,0.5378191584249095,0.833,0.44299565772640737,0.2733812949640288,0.1210344210823611,0.032495978656475445,0.3510357443643652,0.543,139
26,0.55,1.5,Biologically constrained latent SCM,0.5415006596252452,0.832,0.4403327964257539,0.28776978417266186,0.12148962156430969,0.03422030652928528,0.3511212090725602,0.544,139
26,0.55,1.5,Data-generating oracle (reference),,0.838,0.45643085409221945,0.2517985611510791,0.11757637745180122,0.01424168235050017,0.3756058142558057,0.532,139
27,0.55,1.5,Associative latent class model,,0.512,-0.0003927141162052303,1.0,0.4561901827145896,0.4670667015377594,0.0821804262145385,0.308,141
27,0.55,1.5,Renal-adjusted associative latent class model,0.5494232148924326,0.79,0.3357420534374816,0.24822695035460993,0.14059984919697002,0.07371110641153909,0.3742723900038206,0.606,141
27,0.55,1.5,Biologically constrained latent SCM,0.5769709110915805,0.793,0.34274720494707683,0.2765957446808511,0.1416459114811991,0.08205649335774069,0.3724279700870146,0.623,141
27,0.55,1.5,Data-generating oracle (reference),,0.805,0.37147162328548405,0.23404255319148937,0.13088262992045227,0.02728475648270606,0.388059126083587,0.523,141
28,0.55,1.5,Associative latent class model,,0.647,0.08551599943649257,0.8986486486486487,0.2703313909596786,0.2565756738330306,0.25764671777146375,0.46,148
28,0.55,1.5,Renal-adjusted associative latent class model,0.5545083375476344,0.817,0.40135764119273015,0.22297297297297297,0.1252928464958978,0.03728743140635368,0.34648463063547663,0.488,148
28,0.55,1.5,Biologically constrained latent SCM,0.5513976850178426,0.82,0.40900922312984567,0.20945945945945946,0.12519387455730233,0.03481922838293156,0.3465437860594571,0.487,148
28,0.55,1.5,Data-generating oracle (reference),,0.831,0.4376813043988948,0.20270270270270271,0.11839561816201583,0.03848316269447402,0.3806419700626587,0.52,148
29,0.55,1.5,Associative latent class model,,0.666,0.10920435852131104,0.7851239669421488,0.24922071644391178,0.22399024980714513,0.2930786593859027,0.419,121
29,0.55,1.5,Renal-adjusted associative latent class model,0.46725694343823926,0.81,0.383787303913189,0.18181818181818182,0.1326626899347545,0.05396248969592287,0.36350947808373885,0.499,121
29,0.55,1.5,Biologically constrained latent SCM,0.459508514537023,0.805,0.37147501867649546,0.18181818181818182,0.1327743027231757,0.05083399841928666,0.36239257207303105,0.498,121
29,0.55,1.5,Data-generating oracle (reference),,0.822,0.41412865802510906,0.2066115702479339,0.1281492528585753,0.017678097950354132,0.3830761225799441,0.543,121
30,0.55,1.5,Associative latent class model,,0.628,0.0644318723665187,0.7922077922077922,0.29546842690640357,0.2801605664055792,0.24703759762563926,0.354,154
30,0.55,1.5,Renal-adjusted associative latent class model,0.521415200742537,0.811,0.38627153653226204,0.21428571428571427,0.13467561527422645,0.03979123839066513,0.3636912597540871,0.497,154
30,0.55,1.5,Biologically constrained latent SCM,0.5302577778206345,0.813,0.3912685232193342,0.22077922077922077,0.13429778152237867,0.039287669789906554,0.3639972176247379,0.497,154
30,0.55,1.5,Data-generating oracle (reference),,0.814,0.3937773937221704,0.22077922077922077,0.13124547639252235,0.031675594868972555,0.3795494013242469,0.482,154
31,0.55,1.5,Associative latent class model,,0.487,-0.00014836723989704098,0.0,0.5077674106313653,0.504278973784148,0.05870952934802694,0.727,127
31,0.55,1.5,Renal-adjusted associative latent class model,0.5908262095806721,0.828,0.42976640354912066,0.3464566929133858,0.1231448065373353,0.01828834448816461,0.3650876017196067,0.524,127
31,0.55,1.5,Biologically constrained latent SCM,0.4896871889978519,0.827,0.4271481725337729,0.2125984251968504,0.1201745734477694,0.034292644663246837,0.37651249343535653,0.553,127
31,0.55,1.5,Data-generating oracle (reference),,0.826,0.424531857282031,0.28346456692913385,0.1189790095890483,0.02487366857363527,0.3815818205207929,0.544,127
32,0.55,1.5,Associative latent class model,,0.608,0.04580607704210063,0.8088235294117647,0.29657894019771097,0.29255530041739897,0.24657598590939409,0.331,136
32,0.55,1.5,Renal-adjusted associative latent class model,0.5985538973609895,0.816,0.3988269457333737,0.22794117647058823,0.1275554782445256,0.03493333715662797,0.3731291875809528,0.545,136
32,0.55,1.5,Biologically constrained latent SCM,0.6790072510400916,0.816,0.39882828363472894,0.3161764705882353,0.12934449634354592,0.048474327318011365,0.36740282957169973,0.551,136
32,0.55,1.5,Data-generating oracle (reference),,0.819,0.40644991381509943,0.22794117647058823,0.1257594009768439,0.021854971560973435,0.37637154463528416,0.504,136
33,0.55,1.5,Associative latent class model,,0.636,0.07309103775075866,0.8345864661654135,0.2719909320145146,0.26404123950295505,0.26864854739780925,0.388,133
33,0.55,1.5,Renal-adjusted associative latent class model,0.6146391192815499,0.816,0.39882469796742986,0.3007518796992481,0.1318748109728136,0.053994524457882845,0.3362041934740373,0.464,133
33,0.55,1.5,Biologically constrained latent SCM,0.5257934039027745,0.824,0.4193246635439305,0.15789473684210525,0.11943019884440773,0.043379754391110276,0.3517982113462117,0.468,133
33,0.55,1.5,Data-generating oracle (reference),,0.843,0.470065862214732,0.19548872180451127,0.11592115607576486,0.020545599528053207,0.3694797902280924,0.511,133
34,0.55,1.5,Associative latent class model,,0.555,0.01125082539055781,0.8837209302325582,0.35745034109166496,0.37132693863584415,0.20418667900518125,0.29,129
34,0.55,1.5,Renal-adjusted associative latent class model,0.6444824033759271,0.834,0.44567351196820726,0.31007751937984496,0.11255555928795097,0.03279155843999767,0.39502214794727036,0.549,129
34,0.55,1.5,Biologically constrained latent SCM,0.619617737911323,0.835,0.4483587190525355,0.26356589147286824,0.11379544207541897,0.0646262790165979,0.39746922489492487,0.578,129
34,0.55,1.5,Data-generating oracle (reference),,0.836,0.4510367598120001,0.23255813953488372,0.10888617203144113,0.029566027915271666,0.3612635919702624,0.535,129
35,0.55,1.5,Associative latent class model,,0.576,0.022154000094205255,0.9632352941176471,0.3373249815738717,0.3500375949400036,0.20995937156442962,0.351,136
35,0.55,1.5,Renal-adjusted associative latent class model,0.7123537204637513,0.801,0.36176663269812803,0.47058823529411764,0.13416618285316395,0.044286926282645696,0.3691911848915829,0.536,136
35,0.55,1.5,Biologically constrained latent SCM,0.620604863750476,0.821,0.41157590109287595,0.3088235294117647,0.12440477474615412,0.02458206247099073,0.38549075915028236,0.526,136
35,0.55,1.5,Data-generating oracle (reference),,0.826,0.42452846799682614,0.22794117647058823,0.12223069462006628,0.02028141534573303,0.37249790201402877,0.513,136
36,0.55,1.5,Associative latent class model,,0.5,-0.000863832473411926,1.0,0.45356867622593056,0.4714582040629251,0.09947132285275702,0.311,154
36,0.55,1.5,Renal-adjusted associative latent class model,0.6819814793320425,0.817,0.401356816117279,0.37662337662337664,0.12131545097901514,0.024233850810657837,0.3709473493564829,0.504,154
36,0.55,1.5,Biologically constrained latent SCM,0.6183173059172212,0.843,0.47006562789680084,0.22727272727272727,0.11287535819483761,0.029307534372226822,0.3797130777276707,0.494,154
36,0.55,1.5,Data-generating oracle (reference),,0.842,0.46732315661592067,0.19480519480519481,0.11054954104964584,0.03326094852319709,0.3760654666649931,0.513,154
37,0.55,1.5,Associative latent class model,,0.622,0.05863172346541275,0.815068493150685,0.28191614774386164,0.2715451975182418,0.2701097162596489,0.361,146
37,0.55,1.5,Renal-adjusted associative latent class model,0.5629225031728278,0.823,0.4167328219970678,0.2534246575342466,0.12263561820737745,0.02708700662970567,0.3558296860094087,0.482,146
37,0.55,1.5,Biologically constrained latent SCM,0.5226705045527181,0.832,0.44033624258209597,0.1917808219178082,0.12000875961485198,0.021531011700570785,0.3606983734786412,0.487,146
37,0.55,1.5,Data-generating oracle (reference),,0.833,0.44299875248098647,0.19863013698630136,0.11952321862668944,0.02016387025878105,0.3771683605730314,0.494,146
38,0.55,1.5,Associative latent class model,,0.629,0.06553314555541583,0.7969924812030075,0.2794610112293106,0.2723133642623531,0.28226267467544214,0.368,133
38,0.55,1.5,Renal-adjusted associative latent class model,0.44860160341165867,0.835,0.44834869990132964,0.09022556390977443,0.12144170870503362,0.03018558974574664,0.37151524446149914,0.512,133
38,0.55,1.5,Biologically constrained latent SCM,0.5541415574114594,0.833,0.4429989789067979,0.2556390977443609,0.11876278840191677,0.02690734296030502,0.37312848382764335,0.516,133
38,0.55,1.5,Data-generating oracle (reference),,0.839,0.45914348781688774,0.19548872180451127,0.11695796613295306,0.033883047652640656,0.3876893039678768,0.512,133
39,0.55,1.5,Associative latent class model,,0.611,0.04799494522307949,0.8189655172413793,0.291485967323128,0.29127120463240197,0.2515943605581361,0.343,116
39,0.55,1.5,Renal-adjusted associative latent class model,0.6602926428262077,0.812,0.38876410777625825,0.25,0.13124899350901006,0.05498630979047713,0.3417374404822807,0.518,116
39,0.55,1.5,Biologically constrained latent SCM,0.6468558413345251,0.819,0.4064453552016828,0.23275862068965517,0.1301973621982779,0.04537961607819603,0.3451557128553289,0.529,116
39,0.55,1.5,Data-generating oracle (reference),,0.816,0.39881368888666735,0.21551724137931033,0.12757946631771627,0.039666277673448304,0.3727825914476146,0.536,116
40,0.55,1.5,Associative latent class model,,0.471,0.0024903602326058366,0.02142857142857143,0.5185851415537179,0.5118221461891015,0.08922975377027392,0.691,140
40,0.55,1.5,Renal-adjusted associative latent class model,0.4835307227961165,0.809,0.3813131993541375,0.11428571428571428,0.13945704371705375,0.05998299227177888,0.37527814433489837,0.563,140
40,0.55,1.5,Biologically constrained latent SCM,0.5024994812132403,0.813,0.39127401505758286,0.1357142857142857,0.1356768034870024,0.0538292907833457,0.3776895370428212,0.559,140
40,0.55,1.5,Data-generating oracle (reference),,0.821,0.4115751213450422,0.12857142857142856,0.12904687994542116,0.03477556552644291,0.37235013388989524,0.505,140
41,0.55,1.5,Associative latent class model,,0.601,0.039917338094123095,0.8549618320610687,0.3036347080966442,0.3126205182659515,0.24928199730621195,0.339,131
41,0.55,1.5,Renal-adjusted associative latent class model,0.5150603346337018,0.823,0.41673306493506335,0.25190839694656486,0.12326644904054805,0.047655287666659,0.39385449857030397,0.479,131
41,0.55,1.5,Biologically constrained latent SCM,0.5245099199286161,0.824,0.4193232298193292,0.26717557251908397,0.1226710345710758,0.042840262069200365,0.3935683112480098,0.486,131
41,0.55,1.5,Data-generating oracle (reference),,0.842,0.46732333285384936,0.2748091603053435,0.11405170938885548,0.038193605902432815,0.3829026861996987,0.516,131
42,0.55,1.5,Associative latent class model,,0.611,0.0483484230470411,0.6240601503759399,0.3113213875505024,0.29563021284061763,0.2235365164056422,0.294,133
42,0.55,1.5,Renal-adjusted associative latent class model,0.6193978342462958,0.824,0.41932327654340174,0.2556390977443609,0.12264190873658344,0.025082158573626778,0.38177698550875533,0.493,133
42,0.55,1.5,Biologically constrained latent SCM,0.5641205944359555,0.827,0.4271430866611153,0.16541353383458646,0.12094312930310377,0.026550179377468806,0.3896245093958817,0.502,133
42,0.55,1.5,Data-generating oracle (reference),,0.824,0.4193233175049255,0.16541353383458646,0.12123869576590394,0.01738459099235573,0.38117466510010106,0.515,133
43,0.55,1.5,Associative latent class model,,0.654,0.09379123169288663,0.8508771929824561,0.2570223958949322,0.2391021335826188,0.28627224027798087,0.42,114
43,0.55,1.5,Renal-adjusted associative latent class model,0.46817577856706927,0.83,0.43499700437050226,0.10526315789473684,0.12147688871953423,0.024350717466944997,0.3871877870088797,0.55,114
43,0.55,1.5,Biologically constrained latent SCM,0.5206255337048108,0.845,0.4755386891365588,0.15789473684210525,0.11611390731025012,0.02766568687213036,0.3918177551906061,0.551,114
43,0.55,1.5,Data-generating oracle (reference),,0.838,0.4563925243716986,0.17543859649122806,0.11563816082229775,0.029086685431008813,0.3912207823280313,0.552,114
44,0.55,1.5,Associative latent class model,,0.491,-0.0008591223852336475,0.0,0.5024912460564629,0.49748024015914216,0.07750967791722553,0.721,124
44,0.55,1.5,Renal-adjusted associative latent class model,0.5823317080321879,0.842,0.4673140308981177,0.22580645161290322,0.11456235966658557,0.0370456143196992,0.3778221166228923,0.57,124
44,0.55,1.5,Biologically constrained latent SCM,0.530731656313883,0.834,0.445657537193824,0.20161290322580644,0.11746725274335992,0.046431123710328176,0.37708454756538634,0.578,124
44,0.55,1.5,Data-generating oracle (reference),,0.839,0.45914257704482914,0.20967741935483872,0.11228892598570604,0.020353216588171994,0.37187484224472045,0.523,124
45,0.55,1.5,Associative latent class model,,0.588,0.03016254461127666,0.7709923664122137,0.3196063971711873,0.32013035129303163,0.22501750192534323,0.295,131
45,0.55,1.5,Renal-adjusted associative latent class model,0.4859736340124183,0.802,0.3641797650090956,0.22137404580152673,0.13577308027327664,0.04901344153644195,0.3350709963342076,0.509,131
45,0.55,1.5,Biologically constrained latent SCM,0.5165593043704503,0.811,0.3862699145777595,0.22900763358778625,0.13509947591497387,0.051635413724225886,0.3329221552239111,0.51,131
45,0.55,1.5,Data-generating oracle (reference),,0.817,0.40135752851854595,0.22900763358778625,0.12557946806219816,0.032037467492213714,0.3772688900519266,0.518,131
46,0.55,1.5,Associative latent class model,,0.502,-0.0008486069632585931,0.025806451612903226,0.48703797296250795,0.48021600663862146,0.09723332541548546,0.695,155
46,0.55,1.5,Renal-adjusted associative latent class model,0.44812553023316515,0.837,0.45373305199280123,0.10967741935483871,0.11929703303539704,0.03441199896676917,0.36594155102896686,0.544,155
46,0.55,1.5,Biologically constrained latent SCM,0.46855304801085995,0.842,0.4673246894900153,0.11612903225806452,0.11620821627007703,0.03700071665263063,0.3693694375769118,0.531,155
46,0.55,1.5,Data-generating oracle (reference),,0.859,0.5150386296892905,0.16129032258064516,0.10650115513416722,0.02653110342078204,0.375034873968782,0.504,155
47,0.55,1.5,Associative latent class model,,0.495,-0.0007852856476003206,0.0,0.4976822205286119,0.49156272596621187,0.07872119911382046,0.69,149
47,0.55,1.5,Renal-adjusted associative latent class model,0.4347503581615166,0.824,0.41932327654340174,0.12080536912751678,0.1295554009223875,0.030911245785835387,0.36704396103975173,0.515,149
47,0.55,1.5,Biologically constrained latent SCM,0.45743518039184083,0.825,0.4219216424983545,0.1476510067114094,0.1281345487008681,0.025340193232478103,0.36760420054665366,0.51,149
47,0.55,1.5,Data-generating oracle (reference),,0.83,0.4350348001818409,0.18791946308724833,0.12355499585241296,0.02470189113878584,0.39513185242007987,0.511,149
48,0.55,1.5,Associative latent class model,,0.677,0.12442008189068587,0.889763779527559,0.2564938182394508,0.24149519862913688,0.26773820660784176,0.448,127
48,0.55,1.5,Renal-adjusted associative latent class model,0.4048742844145919,0.809,0.38128566666249264,0.07086614173228346,0.13475284221150158,0.08420390423439104,0.35305775525050714,0.44,127
48,0.55,1.5,Biologically constrained latent SCM,0.3924728479143408,0.807,0.37634321681941696,0.06299212598425197,0.1372523811548996,0.09402127364282256,0.3509588725410672,0.428,127
48,0.55,1.5,Data-generating oracle (reference),,0.814,0.3937766806871816,0.1968503937007874,0.12407055326126792,0.024296009599339138,0.3937710376037895,0.521,127
49,0.55,1.5,Associative latent class model,,0.566,0.016459248322518126,0.7407407407407407,0.3476211052298099,0.350602033918648,0.20620237753177634,0.281,135
49,0.55,1.5,Renal-adjusted associative latent class model,0.5313288899769129,0.827,0.4271430940083715,0.11851851851851852,0.11605183576938077,0.02660057450480467,0.35739370615224697,0.506,135
49,0.55,1.5,Biologically constrained latent SCM,0.5505909429723563,0.828,0.4297657143418837,0.14814814814814814,0.11507634503754531,0.027644738065589206,0.3577432528410017,0.505,135
49,0.55,1.5,Data-generating oracle (reference),,0.828,0.4297657746792377,0.15555555555555556,0.11462818830680015,0.03177181019809542,0.38156563154444867,0.517,135
50,0.55,1.5,Associative latent class model,,0.526,0.0018593462581530408,1.0,0.40863737930605953,0.42885292597811997,0.15259113494278218,0.303,138
50,0.55,1.5,Renal-adjusted associative latent class model,0.6847067142365316,0.81,0.38381028831180275,0.4057971014492754,0.13165139557012434,0.09397665855655501,0.3847475208666605,0.605,138
50,0.55,1.5,Biologically constrained latent SCM,0.6683938977475349,0.808,0.378871727785812,0.391304347826087,0.13339612607648638,0.10415914060711728,0.3874500054132709,0.623,138
50,0.55,1.5,Data-generating oracle (reference),,0.84,0.4618639563844603,0.2463768115942029,0.11588240236287131,0.029775674107579385,0.39368729546748304,0.535,138
51,0.55,1.5,Associative latent class model,,0.492,-0.0007116797558902108,1.0,0.46045718500926164,0.4775806634898707,0.11452994192984935,0.304,149
51,0.55,1.5,Renal-adjusted associative latent class model,0.493833029874028,0.817,0.40135879553442516,0.174496644295302,0.1256070594860174,0.04057813108541219,0.3803202094648587,0.555,149
51,0.55,1.5,Biologically constrained latent SCM,0.5378440247336534,0.822,0.4141515023106088,0.22818791946308725,0.12320699000255866,0.032566920218697254,0.3842503037989503,0.554,149
51,0.55,1.5,Data-generating oracle (reference),,0.821,0.41157546095672204,0.22818791946308725,0.11986698033292503,0.023952037760659125,0.37290558335359086,0.505,149
52,0.55,1.5,Associative latent class model,,0.496,-0.0018877857187732778,1.0,0.4560945744881611,0.47074689325945496,0.11594172178767755,0.29,127
52,0.55,1.5,Renal-adjusted associative latent class model,0.40839126201974385,0.774,0.2995288017770845,0.07086614173228346,0.14821959034660567,0.10171399772541061,0.40733703381961817,0.428,127
52,0.55,1.5,Biologically constrained latent SCM,0.37721604526586916,0.77,0.2907915176643749,0.05511811023622047,0.15304633271283472,0.11471089922367315,0.40391115557506946,0.418,127
52,0.55,1.5,Data-generating oracle (reference),,0.803,0.3665614872797197,0.2204724409448819,0.133952050435323,0.020721458218232604,0.4017029978334331,0.557,127
53,0.55,1.5,Associative latent class model,,0.58,0.024236542572193518,0.768,0.3426467470882375,0.3460601597185089,0.19114752154980022,0.304,125
53,0.55,1.5,Renal-adjusted associative latent class model,0.505872631387763,0.827,0.42714415201130906,0.112,0.12495381881772573,0.030544299152865873,0.366920803424088,0.509,125
53,0.55,1.5,Biologically constrained latent SCM,0.5209926468851941,0.83,0.4350362949368006,0.112,0.12398378132099426,0.031640103020386626,0.3658196056856923,0.506,125
53,0.55,1.5,Data-generating oracle (reference),,0.834,0.4456659148654004,0.12,0.12282457138671805,0.026178692900337953,0.38827607847530204,0.53,125
54,0.55,1.5,Associative latent class model,,0.618,0.0548314995022619,0.7698412698412699,0.27404329031610736,0.25986517122305425,0.290500541621482,0.33,126
54,0.55,1.5,Renal-adjusted associative latent class model,0.5444603330769493,0.817,0.4013590978530499,0.21428571428571427,0.12085806963424457,0.03636532336071993,0.3798953792062229,0.535,126
54,0.55,1.5,Biologically constrained latent SCM,0.5287180990736842,0.817,0.4013586265813693,0.18253968253968253,0.12115095770926014,0.035824391714444924,0.37989652609829516,0.531,126
54,0.55,1.5,Data-generating oracle (reference),,0.829,0.4323965842718012,0.16666666666666666,0.1180674656416565,0.014436659443736672,0.3873427217210343,0.519,126
55,0.55,1.5,Associative latent class model,,0.509,-0.0015296635834032063,0.9545454545454546,0.41943105529193747,0.43913718817685193,0.16125229046152503,0.301,132
55,0.55,1.5,Renal-adjusted associative latent class model,0.49276020310141444,0.824,0.4192717156002328,0.12121212121212122,0.12344677716026158,0.019475737119633952,0.4007802934058775,0.566,132
55,0.55,1.5,Biologically constrained latent SCM,0.5553535101673039,0.838,0.45636741360447103,0.21212121212121213,0.11847150931096843,0.028281630804031156,0.4050435042865488,0.576,132
55,0.55,1.5,Data-generating oracle (reference),,0.846,0.4783233060756766,0.20454545454545456,0.11328095569318962,0.028158163966006188,0.37412743985117153,0.544,132
56,0.55,1.5,Associative latent class model,,0.615,0.052060336658097305,0.7969924812030075,0.30590081643282707,0.2944752588949398,0.2363558280200878,0.329,133
56,0.55,1.5,Renal-adjusted associative latent class model,0.5820211374508922,0.799,0.35696245977558455,0.24812030075187969,0.14343838431863612,0.04541680948173649,0.36096804860903986,0.529,133
56,0.55,1.5,Biologically constrained latent SCM,0.5959284137939592,0.798,0.35457287678413973,0.2556390977443609,0.14506071396760983,0.05117620467907913,0.35962786149965437,0.534,133
56,0.55,1.5,Data-generating oracle (reference),,0.793,0.34273821771375246,0.21804511278195488,0.13723143213853456,0.032443087212403854,0.38559564322197276,0.493,133
57,0.55,1.5,Associative latent class model,,0.482,0.00031050870127212476,0.0,0.5129286936350975,0.5110571361846745,0.058248170517370836,0.689,139
57,0.55,1.5,Renal-adjusted associative latent class model,0.48621215779862853,0.839,0.4591432138121354,0.20863309352517986,0.11272002505454938,0.01805557925898608,0.3606619419968527,0.524,139
57,0.55,1.5,Biologically constrained latent SCM,0.4447751102032134,0.839,0.4591431314372346,0.14388489208633093,0.11432481825883124,0.03196204136338466,0.3615741106452057,0.514,139
57,0.55,1.5,Data-generating oracle (reference),,0.832,0.440336379180282,0.22302158273381295,0.11249264215700629,0.024003182707461844,0.3823993699417423,0.521,139
58,0.55,1.5,Associative latent class model,,0.598,0.037481456719998314,0.7368421052631579,0.30430621582051587,0.29465136971819433,0.2517410069188965,0.316,133
58,0.55,1.5,Renal-adjusted associative latent class model,0.5045725435933583,0.822,0.41415083485333803,0.12030075187969924,0.1264888668625215,0.044815520729040964,0.37491638753306256,0.46,133
58,0.55,1.5,Biologically constrained latent SCM,0.48318186175196726,0.819,0.4064516585187573,0.09774436090225563,0.1292003641959767,0.05660330304628934,0.36786565263165366,0.449,133
58,0.55,1.5,Data-generating oracle (reference),,0.821,0.41157548948408534,0.15789473684210525,0.12020124109418857,0.019528314473868272,0.3778668965092551,0.509,133
59,0.55,1.5,Associative latent class model,,0.59,0.031561259554555174,0.7368421052631579,0.32866203568976154,0.33043402635572805,0.1988535898004119,0.277,133
59,0.55,1.5,Renal-adjusted associative latent class model,0.4825090679259385,0.823,0.41674008109903327,0.10526315789473684,0.12221232318458702,0.056434824033460715,0.39756674692929117,0.43,133
59,0.55,1.5,Biologically constrained latent SCM,0.5387050114031683,0.825,0.4219331141567721,0.15789473684210525,0.12364052024049003,0.058108058049150396,0.3899948728024161,0.414,133
59,0.55,1.5,Data-generating oracle (reference),,0.829,0.43239603653356923,0.17293233082706766,0.11748950100765825,0.03702982013321025,0.3856957686401702,0.496,133
60,0.55,1.5,Associative latent class model,,0.691,0.14506847950614196,0.9629629629629629,0.23954752569643312,0.2132193207991486,0.2735372167756426,0.506,135
60,0.55,1.5,Renal-adjusted associative latent class model,0.5376494094640154,0.824,0.4193281116762297,0.17037037037037037,0.11998804783576966,0.041086094924227705,0.34417937210627814,0.553,135
60,0.55,1.5,Biologically constrained latent SCM,0.6158441824594353,0.826,0.42453689371018377,0.3037037037037037,0.12108429288195188,0.051455801734497174,0.33919010601999106,0.569,135
60,0.55,1.5,Data-generating oracle (reference),,0.835,0.4483483590143397,0.2,0.11384509598496587,0.023400773002410245,0.38208035856729633,0.516,135
61,0.55,1.5,Associative latent class model,,0.672,0.11745622630063177,0.927536231884058,0.23964332813821515,0.21164419049846042,0.32895764683387413,0.493,138
61,0.55,1.5,Renal-adjusted associative latent class model,0.5002417676665132,0.819,0.40645273280987954,0.2318840579710145,0.12345855644941241,0.04047368440689725,0.3740950645822005,0.498,138
61,0.55,1.5,Biologically constrained latent SCM,0.474206077075352,0.82,0.4090110875350653,0.2028985507246377,0.12237016316554836,0.04538289261084922,0.37460721830451543,0.495,138
61,0.55,1.5,Data-generating oracle (reference),,0.829,0.43239261674925566,0.21739130434782608,0.11771962244834294,0.019463348259041433,0.3932636776500808,0.526,138
62,0.55,1.5,Associative latent class model,,0.592,0.03292616090832936,0.8770491803278688,0.32107011236247796,0.32201603720304706,0.22374075591374623,0.327,122
62,0.55,1.5,Renal-adjusted associative latent class model,0.6041968632811978,0.804,0.369032966663966,0.26229508196721313,0.13508792345169376,0.042552967235616176,0.3792698238452127,0.487,122
62,0.55,1.5,Biologically constrained latent SCM,0.6134590497573214,0.796,0.34981374542314864,0.29508196721311475,0.13598229675660564,0.042514943873018775,0.3801868518284067,0.487,122
62,0.55,1.5,Data-generating oracle (reference),,0.808,0.378834924372143,0.27049180327868855,0.13097475167626177,0.03401835146759644,0.3830644594595874,0.519,122
63,0.55,1.5,Associative latent class model,,0.52,0.0007571467552571033,0.9568345323741008,0.4392911065649456,0.45300999418665544,0.10240177743060783,0.291,139
63,0.55,1.5,Renal-adjusted associative latent class model,0.6247371365713564,0.823,0.4167374666222984,0.18705035971223022,0.12329872634927344,0.052026219178955856,0.37997189462645237,0.55,139
63,0.55,1.5,Biologically constrained latent SCM,0.6333434266280968,0.823,0.4167413714973663,0.19424460431654678,0.12583954281923726,0.06390465563385146,0.37801528862761435,0.566,139
63,0.55,1.5,Data-generating oracle (reference),,0.828,0.4297653029504934,0.12949640287769784,0.120414057678025,0.025522167387348915,0.37942666326278623,0.495,139
64,0.55,1.5,Associative latent class model,,0.519,0.0005860742742240935,1.0,0.4355489700092537,0.44876823116368375,0.11207222473663478,0.305,141
64,0.55,1.5,Renal-adjusted associative latent class model,0.5385206749208232,0.815,0.39629575048045124,0.15602836879432624,0.12830361072678761,0.040504669116427326,0.44276949545270106,0.503,141
64,0.55,1.5,Biologically constrained latent SCM,0.5571567059537558,0.813,0.39126688132841697,0.18439716312056736,0.12834838053301542,0.04595385227485291,0.4409939740176602,0.509,141
64,0.55,1.5,Data-generating oracle (reference),,0.821,0.41157507889355466,0.18439716312056736,0.12500564380343196,0.020206420128316933,0.3869039804368557,0.495,141
65,0.55,1.5,Associative latent class model,,0.53,0.0017437830343991492,0.905511811023622,0.3811457225894962,0.39461934237180063,0.20295575017809336,0.3,127
65,0.55,1.5,Renal-adjusted associative latent class model,0.5500378016099539,0.83,0.4350285053750371,0.2125984251968504,0.12648897675270593,0.026760721643952264,0.3844985211193699,0.528,127
65,0.55,1.5,Biologically constrained latent SCM,0.5301537992356922,0.833,0.4429872448137585,0.15748031496062992,0.12591605619282384,0.03311960741987709,0.3857296826994431,0.535,127
65,0.55,1.5,Data-generating oracle (reference),,0.838,0.4564306677401761,0.16535433070866143,0.12295131891603832,0.024328326383354422,0.3789758967349766,0.52,127
66,0.55,1.5,Associative latent class model,,0.478,0.0010329433644855111,0.0,0.5104144037833952,0.5025671150829089,0.10646345329921672,0.689,140
66,0.55,1.5,Renal-adjusted associative latent class model,0.6223587101773954,0.812,0.38877416955857946,0.36428571428571427,0.12877855674083757,0.06496492676673654,0.3469544166847725,0.577,140
66,0.55,1.5,Biologically constrained latent SCM,0.5686834151095234,0.821,0.4115875229169422,0.2714285714285714,0.1305871263150057,0.06785135048237323,0.34794896370982564,0.588,140
66,0.55,1.5,Data-generating oracle (reference),,0.822,0.4141498311004596,0.21428571428571427,0.12304377660197732,0.02512909674066218,0.3724855116606273,0.507,140
67,0.55,1.5,Associative latent class model,,0.584,0.027336764504908788,0.6666666666666666,0.3441567139651385,0.33644400986485307,0.19927649634257474,0.272,132
67,0.55,1.5,Renal-adjusted associative latent class model,0.5718522245140696,0.804,0.3690361275701166,0.25,0.13256737806025512,0.05260024007914915,0.37376544588192345,0.556,132
67,0.55,1.5,Biologically constrained latent SCM,0.5821012622200963,0.809,0.38130736500665513,0.25757575757575757,0.1311637536676276,0.05264977897216737,0.37289326681088913,0.547,132
67,0.55,1.5,Data-generating oracle (reference),,0.819,0.40645042523353986,0.21212121212121213,0.12432288368065253,0.015426928467551514,0.3846864529088479,0.515,132
68,0.55,1.5,Associative latent class model,,0.582,0.02596583717827966,0.8492063492063492,0.3461983909517013,0.35444251632271895,0.1735474391082914,0.313,126
68,0.55,1.5,Renal-adjusted associative latent class model,0.6583369145581576,0.825,0.4219229353513998,0.2777777777777778,0.12976263024366078,0.05639340754218387,0.37835795175876796,0.46,126
68,0.55,1.5,Biologically constrained latent SCM,0.5366057543677162,0.837,0.4537304717447305,0.1111111111111111,0.12364288024694892,0.05301152709701589,0.4060926730416901,0.464,126
68,0.55,1.5,Data-generating oracle (reference),,0.835,0.44834817212064,0.14285714285714285,0.11845429784977153,0.020685463941291796,0.3729104960277329,0.502,126
69,0.55,1.5,Associative latent class model,,0.602,0.04057414502371371,0.9393939393939394,0.3072552972808395,0.30764747581465907,0.2696196929174066,0.393,132
69,0.55,1.5,Renal-adjusted associative latent class model,0.4418537185809098,0.824,0.4193145875798636,0.09090909090909091,0.13250277735100435,0.07414304169835828,0.37421241213487383,0.453,132
69,0.55,1.5,Biologically constrained latent SCM,0.4827413668169168,0.818,0.40389005318647353,0.12121212121212122,0.13165983308243995,0.06886209303890278,0.3742247383447881,0.451,132
69,0.55,1.5,Data-generating oracle (reference),,0.817,0.40135843309717995,0.22727272727272727,0.12475528602413595,0.034013193617297335,0.38249273207130297,0.504,132
70,0.55,1.5,Associative latent class model,,0.578,0.023430514215272463,0.7758620689655172,0.31702573280573304,0.30238545870115086,0.28180386530536383,0.357,174
70,0.55,1.5,Renal-adjusted associative latent class model,0.549144518480614,0.802,0.3641875905090498,0.19540229885057472,0.1314263987295927,0.05283223251947681,0.3658502589530394,0.441,174
70,0.55,1.5,Biologically constrained latent SCM,0.49342325555445876,0.82,0.40901205964069526,0.10919540229885058,0.12224188783398074,0.03943110472458522,0.36782904364581326,0.459,174
70,0.55,1.5,Data-generating oracle (reference),,0.836,0.451035587519307,0.1839080459770115,0.12021651557863197,0.022077777642926084,0.3907422404836804,0.523,174
71,0.55,1.5,Associative latent class model,,0.596,0.035862939999713066,0.946969696969697,0.2900589150744356,0.28402558102837294,0.2883619126092672,0.387,132
71,0.55,1.5,Renal-adjusted associative latent class model,0.629540096171379,0.802,0.36418050921579986,0.29545454545454547,0.1381386584293394,0.04637197816800473,0.36821164945548013,0.491,132
71,0.55,1.5,Biologically constrained latent SCM,0.481373645322024,0.805,0.37146945830149986,0.14393939393939395,0.1353006787479797,0.054308014703860735,0.37990232747822916,0.464,132
71,0.55,1.5,Data-generating oracle (reference),,0.814,0.3937780914966936,0.17424242424242425,0.12595381920845677,0.027723830732318207,0.3777929965866423,0.509,132
72,0.55,1.5,Associative latent class model,,0.541,0.005564366353748193,0.9342105263157895,0.35667571675456916,0.37197603040804356,0.23362127212621678,0.352,152
72,0.55,1.5,Renal-adjusted associative latent class model,0.6399770949032638,0.813,0.39124928794645664,0.3092105263157895,0.1262187430777419,0.03117743892170065,0.3840513049792373,0.564,152
72,0.55,1.5,Biologically constrained latent SCM,0.6282139723441287,0.808,0.37880472898849255,0.3026315789473684,0.12531438223508348,0.042855129765512506,0.3826760623900848,0.581,152
72,0.55,1.5,Data-generating oracle (reference),,0.821,0.41157207806728296,0.21710526315789475,0.11971155171247164,0.027276181011499187,0.388705848124457,0.532,152
73,0.55,1.5,Associative latent class model,,0.655,0.09510625723520509,0.7723577235772358,0.2697160810925648,0.2506020038344569,0.24782395331123247,0.379,123
73,0.55,1.5,Renal-adjusted associative latent class model,0.6043101435132964,0.822,0.41415012614324387,0.21138211382113822,0.1213668650509055,0.03867353698364325,0.35407728751266504,0.484,123
73,0.55,1.5,Biologically constrained latent SCM,0.5254247760054785,0.825,0.4219227154833803,0.12195121951219512,0.12154895523694498,0.033257838073982665,0.36232401338151865,0.493,123
73,0.55,1.5,Data-generating oracle (reference),,0.82,0.40900922696713515,0.17073170731707318,0.11748930137802611,0.02579246499474325,0.3777161954900316,0.514,123
74,0.55,1.5,Associative latent class model,,0.617,0.05386906119479422,0.9389312977099237,0.29397834924837335,0.2952744509598381,0.2445700115196608,0.373,131
74,0.55,1.5,Renal-adjusted associative latent class model,0.663314945315981,0.805,0.37147587138787647,0.48854961832061067,0.12883625962155765,0.040130797940916,0.3700622537551966,0.545,131
74,0.55,1.5,Biologically constrained latent SCM,0.4954325326739042,0.832,0.44033581983971776,0.16793893129770993,0.12051905160748459,0.02304875379179982,0.3917497109015244,0.504,131
74,0.55,1.5,Data-generating oracle (reference),,0.829,0.43239621507276216,0.22137404580152673,0.11921941119222755,0.028879353325044516,0.3766107924952579,0.513,131
75,0.55,1.5,Associative latent class model,,0.533,0.0034274960915478066,0.8682170542635659,0.38152613717697637,0.39528551172329357,0.19013255407622276,0.27,129
75,0.55,1.5,Renal-adjusted associative latent class model,0.633845152568121,0.811,0.38627022723297433,0.3488372093023256,0.12994228183093298,0.043117307867868486,0.3737791476217501,0.514,129
75,0.55,1.5,Biologically constrained latent SCM,0.5405070493158205,0.825,0.42192173424940643,0.20930232558139536,0.12390078199733236,0.026406616993223494,0.38358034735101765,0.5,129
75,0.55,1.5,Data-generating oracle (reference),,0.837,0.4537297339860357,0.17829457364341086,0.11801240482750668,0.021360282131423998,0.3775690402643189,0.516,129
76,0.55,1.5,Associative latent class model,,0.616,0.0529253786491318,0.8367346938775511,0.29724701610538895,0.2843685033908878,0.2435341656707928,0.368,147
76,0.55,1.5,Renal-adjusted associative latent class model,0.6639453995898992,0.816,0.3988288282638131,0.36054421768707484,0.12929333785321417,0.06378403145136308,0.34704559482393516,0.56,147
76,0.55,1.5,Biologically constrained latent SCM,0.6581239317677553,0.817,0.4013649244234405,0.3469387755102041,0.12972690460309305,0.07061631622823386,0.34749037516227793,0.567,147
76,0.55,1.5,Data-generating oracle (reference),,0.825,0.4219215340652556,0.21768707482993196,0.12220454709389138,0.025891346005330322,0.3798565630848937,0.505,147
77,0.55,1.5,Associative latent class model,,0.512,-0.0008034055667082993,0.0,0.48028035237569033,0.47601236447889733,0.0968902061372211,0.736,125
77,0.55,1.5,Renal-adjusted associative latent class model,0.5224242306701429,0.791,0.3380474550153015,0.168,0.14604676762267582,0.07512595400901521,0.4007222153500849,0.441,125
77,0.55,1.5,Biologically constrained latent SCM,0.4574452947795841,0.809,0.38130176011586825,0.072,0.1403453709819855,0.0622213592995264,0.405918157121017,0.467,125
77,0.55,1.5,Data-generating oracle (reference),,0.828,0.42976597606877726,0.16,0.12706554129129305,0.03082445897886035,0.39132768377851773,0.514,125
78,0.55,1.5,Associative latent class model,,0.565,0.015781217264726127,0.7214285714285714,0.3412333586105472,0.34031840260017926,0.232831812618494,0.288,140
78,0.55,1.5,Renal-adjusted associative latent class model,0.6118051800922064,0.805,0.3714534679619152,0.2714285714285714,0.13716976244183934,0.06990127831050622,0.37784795216947564,0.598,140
78,0.55,1.5,Biologically constrained latent SCM,0.639487323958977,0.8,0.3593365417898163,0.32857142857142857,0.13973437945050649,0.07868964275826834,0.37447012242492916,0.609,140
78,0.55,1.5,Data-generating oracle (reference),,0.812,0.3887629398748655,0.20714285714285716,0.12929744473860047,0.023510713439240532,0.3815865588345387,0.535,140
79,0.55,1.5,Associative latent class model,,0.653,0.09277182262758044,0.8273381294964028,0.26659240910199317,0.25307791940117047,0.24957495715292907,0.388,139
79,0.55,1.5,Renal-adjusted associative latent class model,0.49119220577703393,0.826,0.4245313545357371,0.12949640287769784,0.12567932435718404,0.03076749434509834,0.36447943234504704,0.461,139
79,0.55,1.5,Biologically constrained latent SCM,0.5494209887081746,0.817,0.4013591476060286,0.22302158273381295,0.12500519736345722,0.03261156639817528,0.3621075161173013,0.468,139
79,0.55,1.5,Data-generating oracle (reference),,0.816,0.3988223559431903,0.2014388489208633,0.12422084228564644,0.014788393796829072,0.3809670433348811,0.493,139
80,0.55,1.5,Associative latent class model,,0.632,0.06864415846257224,0.8548387096774194,0.28076259044826224,0.27518348030189704,0.2834556899555727,0.376,124
80,0.55,1.5,Renal-adjusted associative latent class model,0.6482035184142908,0.809,0.38130543772316716,0.2903225806451613,0.13321694692079075,0.05051911180074363,0.38126791456422354,0.485,124
80,0.55,1.5,Biologically constrained latent SCM,0.514170542741933,0.815,0.3962948543159402,0.1532258064516129,0.12450572661493368,0.0534100360787956,0.3946501283053433,0.477,124
80,0.55,1.5,Data-generating oracle (reference),,0.83,0.4350339032381156,0.1935483870967742,0.11757199675489173,0.031194171987461966,0.38094506426160957,0.522,124
81,0.55,1.5,Associative latent class model,,0.592,0.03214594041839139,0.7983870967741935,0.32767006345557115,0.3324493818037349,0.22346869574707245,0.335,124
81,0.55,1.5,Renal-adjusted associative latent class model,0.6515679555702274,0.832,0.44028487377881576,0.31451612903225806,0.11691414624088095,0.024728270446571814,0.36494072329787136,0.559,124
81,0.55,1.5,Biologically constrained latent SCM,0.6641259555183692,0.83,0.43492827871226913,0.33064516129032256,0.1179812396102342,0.036501927152534704,0.36415393807966356,0.583,124
81,0.55,1.5,Data-generating oracle (reference),,0.841,0.46458630315766364,0.20161290322580644,0.1148613096982618,0.028712169123102732,0.3836683809939066,0.52,124
82,0.55,1.5,Associative latent class model,,0.647,0.08544382785687939,0.8153846153846154,0.2740236821744849,0.26310701212534926,0.24969218056765768,0.404,130
82,0.55,1.5,Renal-adjusted associative latent class model,0.5332799558434778,0.838,0.45643223157181617,0.18461538461538463,0.11638982659853975,0.04652904485171571,0.34837161141038214,0.483,130
82,0.55,1.5,Biologically constrained latent SCM,0.49522134351516817,0.838,0.4564309955032176,0.13076923076923078,0.11553720833594332,0.05313812524243463,0.3516759767127453,0.477,130
82,0.55,1.5,Data-generating oracle (reference),,0.849,0.4866903307858798,0.16923076923076924,0.11173382279870205,0.024692720239898734,0.3790241508814529,0.518,130
83,0.55,1.5,Associative latent class model,,0.671,0.11606938577034646,0.9666666666666667,0.2540400783062396,0.244733344531459,0.2887579594491642,0.465,120
83,0.55,1.5,Renal-adjusted associative latent class model,0.5976645224405562,0.826,0.42452388689738785,0.25833333333333336,0.12052412354534536,0.022411884129862687,0.3757294674263078,0.53,120
83,0.55,1.5,Biologically constrained latent SCM,0.5726815432624823,0.832,0.44032907202582805,0.20833333333333334,0.11902533031096448,0.01643581509257539,0.37782109589581636,0.536,120
83,0.55,1.5,Data-generating oracle (reference),,0.836,0.4510235497639075,0.15833333333333333,0.11809402825494973,0.018839678710913698,0.3847513866984671,0.544,120
84,0.55,1.5,Associative latent class model,,0.519,-0.00031260314626562304,0.9834710743801653,0.41272228130364486,0.4303139354089607,0.15577355873125107,0.294,121
84,0.55,1.5,Renal-adjusted associative latent class model,0.5555945235658939,0.83,0.43499206783495,0.18181818181818182,0.12236837463883722,0.02845291907457216,0.4003490513053553,0.567,121
84,0.55,1.5,Biologically constrained latent SCM,0.6132897641946659,0.83,0.43496084434948257,0.3140495867768595,0.121524126618969,0.03668000414231333,0.3962278157354459,0.587,121
84,0.55,1.5,Data-generating oracle (reference),,0.838,0.4564184776390026,0.2066115702479339,0.12028252710617245,0.02903598314877185,0.39197909120494295,0.541,121
85,0.55,1.5,Associative latent class model,,0.694,0.1496927172897162,0.9327731092436975,0.23221368924005334,0.2039209575665787,0.2703561317991177,0.475,119
85,0.55,1.5,Renal-adjusted associative latent class model,0.4673248832983896,0.806,0.3739163094339933,0.13445378151260504,0.13196400202937944,0.034372278184193285,0.35900338078644445,0.533,119
85,0.55,1.5,Biologically constrained latent SCM,0.6048679408383605,0.829,0.4323917626612382,0.2605042016806723,0.12248478868685526,0.03188322338976339,0.35259287767743547,0.554,119
85,0.55,1.5,Data-generating oracle (reference),,0.828,0.4297647338032394,0.20168067226890757,0.12157667425629026,0.022004265545192178,0.3832931758933463,0.529,119
86,0.55,1.5,Associative latent class model,,0.631,0.06757141399070253,0.9024390243902439,0.27290928087197414,0.2656321511288007,0.2672569097536181,0.397,123
86,0.55,1.5,Renal-adjusted associative latent class model,0.6274388997106871,0.81,0.3837618183205982,0.34146341463414637,0.1270542273585401,0.02485049660129871,0.3794852831112699,0.552,123
86,0.55,1.5,Biologically constrained latent SCM,0.621296081720495,0.812,0.3887481975693062,0.3170731707317073,0.12701957824416962,0.02109298587242737,0.3799567904254318,0.546,123
86,0.55,1.5,Data-generating oracle (reference),,0.819,0.4064443206227206,0.1951219512195122,0.12533638392567645,0.02995340097169289,0.3796010273675571,0.531,123
87,0.55,1.5,Associative latent class model,,0.619,0.05578720590834731,0.76,0.2864010015593303,0.2812597128400985,0.2596692515718148,0.323,125
87,0.55,1.5,Renal-adjusted associative latent class model,0.4784968157452629,0.833,0.4429987847356921,0.08,0.11930394285352253,0.02905056357076226,0.34158728635629176,0.489,125
87,0.55,1.5,Biologically constrained latent SCM,0.5472955006554008,0.84,0.4618617752076749,0.144,0.11628975050258572,0.035078883871542704,0.34158842807250595,0.486,125
87,0.55,1.5,Data-generating oracle (reference),,0.844,0.4728165244172778,0.136,0.1152945752662725,0.016518516282076977,0.36935475197760415,0.508,125
88,0.55,1.5,Associative latent class model,,0.697,0.1543745148266281,0.5882352941176471,0.23416233907213616,0.22400336236886054,0.23193266201914264,0.326,119
88,0.55,1.5,Renal-adjusted associative latent class model,0.5635319727514322,0.807,0.37636792175839345,0.23529411764705882,0.13701860405484229,0.0839675796976996,0.31169101718589354,0.392,119
88,0.55,1.5,Biologically constrained latent SCM,0.4864182333277355,0.814,0.39377353287496897,0.15126050420168066,0.13323145695870459,0.0826270950418206,0.3283499451094011,0.393,119
88,0.55,1.5,Data-generating oracle (reference),,0.822,0.4141502325682112,0.23529411764705882,0.12388154570123046,0.030192131324654488,0.38540011950353936,0.505,119
89,0.55,1.5,Associative latent class model,,0.567,0.016740313455711548,0.952,0.34515544962336103,0.3616925221839745,0.2161909901410047,0.333,125
89,0.55,1.5,Renal-adjusted associative latent class model,0.5731440047442037,0.806,0.3739166636847959,0.16,0.13189449995379499,0.03125049798797469,0.36512114484680264,0.522,125
89,0.55,1.5,Biologically constrained latent SCM,0.5824237484238693,0.806,0.3739166636847959,0.176,0.1314116959840445,0.033350617532600366,0.3655277803347531,0.522,125
89,0.55,1.5,Data-generating oracle (reference),,0.811,0.386265861956436,0.184,0.12815667226316715,0.03967257452238523,0.3705716084192194,0.533,125
90,0.55,1.5,Associative latent class model,,0.616,0.05292379980560612,0.8543046357615894,0.3010627224809856,0.2878439826670916,0.23773717934186073,0.375,151
90,0.55,1.5,Renal-adjusted associative latent class model,0.4567834930776422,0.831,0.43768148960559067,0.06622516556291391,0.11549079380185173,0.028131362084930948,0.3761956024498836,0.512,151
90,0.55,1.5,Biologically constrained latent SCM,0.5717121092822492,0.848,0.4839006965247504,0.1986754966887417,0.10652730218608462,0.041797345365095565,0.37838644378866493,0.527,151
90,0.55,1.5,Data-generating oracle (reference),,0.851,0.492295893828768,0.18543046357615894,0.10303892869597871,0.026152879441120606,0.3771251043942301,0.502,151
91,0.55,1.5,Associative latent class model,,0.513,-0.00028162226046564144,0.0,0.47989393845135647,0.47444116533019554,0.06338833001072365,0.682,159
91,0.55,1.5,Renal-adjusted associative latent class model,0.4557747763336543,0.848,0.4838998831447626,0.11320754716981132,0.11463129857787704,0.03611781141545901,0.37246788079211035,0.485,159
91,0.55,1.5,Biologically constrained latent SCM,0.4185080477648453,0.838,0.45643231313959703,0.10062893081761007,0.1152622369880544,0.037016273314308915,0.37242536967258894,0.491,159
91,0.55,1.5,Data-generating oracle (reference),,0.837,0.4537295552211289,0.1761006289308176,0.11455146057369976,0.022016687617866116,0.3887100199872929,0.498,159
92,0.55,1.5,Associative latent class model,,0.63,0.06660451269036342,0.8394160583941606,0.2889388373361493,0.2886563870329354,0.2505801211068218,0.4,137
92,0.55,1.5,Renal-adjusted associative latent class model,0.5989639670356344,0.796,0.3498114425537641,0.30656934306569344,0.13428923429813933,0.056290380610934984,0.35310073361292543,0.472,137
92,0.55,1.5,Biologically constrained latent SCM,0.5058696698799898,0.82,0.4090022037910878,0.13138686131386862,0.12630045030782686,0.06106522844423843,0.36423550510132174,0.456,137
92,0.55,1.5,Data-generating oracle (reference),,0.829,0.43239261674925566,0.2116788321167883,0.11988393933210756,0.030123899871010527,0.38786980743554345,0.535,137
93,0.55,1.5,Associative latent class model,,0.659,0.10021131670177791,0.9393939393939394,0.25887404353531723,0.24232307861818858,0.2754995121029261,0.458,132
93,0.55,1.5,Renal-adjusted associative latent class model,0.736366671367991,0.787,0.3287752316665479,0.5227272727272727,0.14997070182344435,0.0628092270010291,0.3688371747646594,0.57,132
93,0.55,1.5,Biologically constrained latent SCM,0.6697373937320845,0.789,0.33337652622411057,0.4015151515151515,0.14302332139679147,0.04886070473607401,0.38490239764044054,0.582,132
93,0.55,1.5,Data-generating oracle (reference),,0.79,0.33573589308230645,0.25,0.14003763585437645,0.034323004882523815,0.3885495313286849,0.515,132
94,0.55,1.5,Associative latent class model,,0.535,0.0037231224540551196,0.9921875,0.3741970973132521,0.3978280056611258,0.20992401201122646,0.313,128
94,0.55,1.5,Renal-adjusted associative latent class model,0.42189332623807,0.805,0.3714722631485968,0.09375,0.13450366472936343,0.04151184516803101,0.3569514117273229,0.503,128
94,0.55,1.5,Biologically constrained latent SCM,0.46174519883829557,0.804,0.36903088951045926,0.1171875,0.13004728416133776,0.049897538604971585,0.36029576929430107,0.47,128
94,0.55,1.5,Data-generating oracle (reference),,0.817,0.40135788611977136,0.15625,0.12475066677137438,0.03156344934958601,0.3776284459737975,0.491,128
95,0.55,1.5,Associative latent class model,,0.631,0.06774538664263335,0.9416058394160584,0.28135593767901307,0.2640127080461904,0.2538485086217613,0.403,137
95,0.55,1.5,Renal-adjusted associative latent class model,0.7152025240717935,0.801,0.36177577116755855,0.46715328467153283,0.1340104766680361,0.06710376456741719,0.35778214453708107,0.565,137
95,0.55,1.5,Biologically constrained latent SCM,0.6216631910497163,0.811,0.38628053050817335,0.31386861313868614,0.1277422624373123,0.06822474948543313,0.3752864240198287,0.567,137
95,0.55,1.5,Data-generating oracle (reference),,0.823,0.4167324359889359,0.19708029197080293,0.11885649285954701,0.031323425390824326,0.3860001070845195,0.489,137
96,0.55,1.5,Associative latent class model,,0.589,0.030761957947848695,0.934640522875817,0.315478165655302,0.32161380830087427,0.24383710617614038,0.376,153
96,0.55,1.5,Renal-adjusted associative latent class model,0.5410572607510823,0.82,0.4090303359956185,0.1503267973856209,0.12984390087224637,0.08008087371048977,0.3614339254213203,0.393,153
96,0.55,1.5,Biologically constrained latent SCM,0.46611309631300857,0.82,0.4090295285727811,0.09803921568627451,0.12942238891853827,0.08637129287619166,0.36549335170377906,0.395,153
96,0.55,1.5,Data-generating oracle (reference),,0.824,0.4193228723645649,0.1830065359477124,0.11909319610694746,0.0168287700931801,0.37967329093290164,0.503,153
97,0.55,1.5,Associative latent class model,,0.583,0.026602098679866282,0.9761904761904762,0.32787913872465313,0.3423334191123649,0.23642533009984537,0.347,126
97,0.55,1.5,Renal-adjusted associative latent class model,0.506560121425907,0.816,0.3988227447541913,0.18253968253968253,0.12872382449901562,0.026166018002665013,0.39935030849932407,0.51,126
97,0.55,1.5,Biologically constrained latent SCM,0.5058033196187356,0.818,0.4038998451973128,0.19047619047619047,0.12851646676964787,0.026918434671708312,0.400312686324032,0.512,126
97,0.55,1.5,Data-generating oracle (reference),,0.82,0.4090090468702913,0.21428571428571427,0.1267229924652401,0.026836212248147064,0.38986714664796707,0.518,126
98,0.55,1.5,Associative latent class model,,0.673,0.11885248508831793,0.8602941176470589,0.2502570528178127,0.23072683833962965,0.26002628820289353,0.427,136
98,0.55,1.5,Renal-adjusted associative latent class model,0.46476569753006824,0.829,0.4324071211475053,0.14705882352941177,0.1320191297808131,0.07184378135241246,0.35843520000263446,0.429,136
98,0.55,1.5,Biologically constrained latent SCM,0.44536963792154977,0.825,0.42193350116383305,0.13970588235294118,0.13191607777259545,0.0742889400958511,0.36026809393452247,0.427,136
98,0.55,1.5,Data-generating oracle (reference),,0.84,0.46186163689221227,0.18382352941176472,0.12153510110732883,0.04006205648088648,0.3847377638560455,0.488,136
99,0.55,1.5,Associative latent class model,,0.595,0.03525505623739135,0.7364864864864865,0.3169046146581323,0.3175841443442863,0.22011033221192353,0.309,148
99,0.55,1.5,Renal-adjusted associative latent class model,0.4415109671376448,0.822,0.41414967981730466,0.12162162162162163,0.12769457524849975,0.03610720076284729,0.36459948907946876,0.504,148
99,0.55,1.5,Biologically constrained latent SCM,0.555778324650426,0.837,0.45373025262430056,0.28378378378378377,0.1140763987732172,0.025669148660294527,0.3735062634655126,0.523,148
99,0.55,1.5,Data-generating oracle (reference),,0.841,0.46458813119494924,0.21621621621621623,0.11192548397807317,0.02402920376661293,0.3897543838402878,0.499,148
100,0.55,1.5,Associative latent class model,,0.582,0.025980047923382685,0.9574468085106383,0.3283400088886122,0.3382763310778055,0.2264056240218595,0.363,141
100,0.55,1.5,Renal-adjusted associative latent class model,0.5272461978108007,0.821,0.4115751318730102,0.1702127659574468,0.11806742869121462,0.034656695336578086,0.40861592678920006,0.504,141
100,0.55,1.5,Biologically constrained latent SCM,0.5349253274691141,0.823,0.41673227036435984,0.1773049645390071,0.11800442603515543,0.033076318510083844,0.4076655092589232,0.498,141
100,0.55,1.5,Data-generating oracle (reference),,0.832,0.440335887268583,0.19858156028368795,0.11566025542103942,0.03186004351375421,0.3834532201688295,0.501,141
101,0.55,1.5,Associative latent class model,,0.508,-0.0007109970976979269,0.9722222222222222,0.4304000289194512,0.44635746107006524,0.13977827504570792,0.302,144
101,0.55,1.5,Renal-adjusted associative latent class model,0.5980369905909004,0.811,0.3862722462601119,0.20833333333333334,0.13502086313381162,0.055521250536785624,0.3441153104799942,0.563,144
101,0.55,1.5,Biologically constrained latent SCM,0.6042158092257195,0.807,0.37637527428652495,0.2152777777777778,0.13648761005590854,0.06434170925982585,0.34263515245578763,0.575,144
101,0.55,1.5,Data-generating oracle (reference),,0.82,0.4090089813805027,0.1597222222222222,0.12268001741006666,0.032019163888266415,0.36927459424594455,0.514,144
102,0.55,1.5,Associative latent class model,,0.567,0.01698426089790503,1.0,0.3543286635467817,0.3800304355513711,0.1995419839384747,0.33,124
102,0.55,1.5,Renal-adjusted associative latent class model,0.62127586726461,0.833,0.4429990324859976,0.28225806451612906,0.11985901201293615,0.022407240416198872,0.40559931620933765,0.52,124
102,0.55,1.5,Biologically constrained latent SCM,0.5894568397717337,0.838,0.4564326448483203,0.21774193548387097,0.11864057481432562,0.03160583582544848,0.41262147665069476,0.535,124
102,0.55,1.5,Data-generating oracle (reference),,0.844,0.47281679970186835,0.1774193548387097,0.11760682106536909,0.03364330327472052,0.3797841084641104,0.513,124
103,0.55,1.5,Associative latent class model,,0.683,0.13301524591366873,0.7983870967741935,0.24221259681728258,0.21990045694986965,0.2598514657284707,0.427,124
103,0.55,1.5,Renal-adjusted associative latent class model,0.5975214433477277,0.829,0.43239183702640255,0.20161290322580644,0.11770086008064065,0.025110616880602885,0.3632578170180626,0.527,124
103,0.55,1.5,Biologically constrained latent SCM,0.6486841081457044,0.834,0.44566663920443045,0.2903225806451613,0.12144605006457794,0.04281108073742796,0.35439559034880846,0.524,124
103,0.55,1.5,Data-generating oracle (reference),,0.832,0.4403380819952544,0.1693548387096774,0.11756138854710807,0.023876393734186638,0.3753441271068706,0.508,124
104,0.55,1.5,Associative latent class model,,0.56,0.013345711217491037,0.9558823529411765,0.34788509353571967,0.36669749351918934,0.2061944114090689,0.303,136
104,0.55,1.5,Renal-adjusted associative latent class model,0.5159224888835086,0.802,0.36417874206861295,0.17647058823529413,0.138250871184441,0.06887726329799913,0.3824644800084883,0.539,136
104,0.55,1.5,Biologically constrained latent SCM,0.6760281932126858,0.799,0.3569531725917788,0.375,0.13977508139644756,0.09613086370083145,0.37819586069228556,0.584,136
104,0.55,1.5,Data-generating oracle (reference),,0.817,0.4013575171551506,0.2426470588235294,0.12594203628268125,0.03588022115366799,0.3889425509075647,0.51,136
105,0.55,1.5,Associative latent class model,,0.55,0.00912368460263517,0.8954248366013072,0.361287897935165,0.37151403681679024,0.215466782437797,0.329,153
105,0.55,1.5,Renal-adjusted associative latent class model,0.5262830906709212,0.812,0.38876417671484464,0.12418300653594772,0.1301677688794104,0.02323655225308246,0.3793508677177267,0.503,153
105,0.55,1.5,Biologically constrained latent SCM,0.5664791543774653,0.821,0.4115752232285873,0.16339869281045752,0.12944424086454537,0.021126288804638182,0.3800331762175596,0.51,153
105,0.55,1.5,Data-generating oracle (reference),,0.822,0.41414962394198296,0.1568627450980392,0.12737519158562988,0.020912040810851577,0.3894443082567641,0.505,153
106,0.55,1.5,Associative latent class model,,0.609,0.046600575132387426,0.8768115942028986,0.30879552183628367,0.3048466464667939,0.23496777615814482,0.363,138
106,0.55,1.5,Renal-adjusted associative latent class model,0.5107381897649873,0.814,0.39377989382642137,0.12318840579710146,0.1284468123171896,0.04905825775355376,0.37800210895017883,0.452,138
106,0.55,1.5,Biologically constrained latent SCM,0.5460181845158878,0.812,0.388766703031379,0.17391304347826086,0.12809189439142393,0.058295723893563064,0.37559565178564985,0.454,138
106,0.55,1.5,Data-generating oracle (reference),,0.815,0.396296065461436,0.2028985507246377,0.12403014013185136,0.02675958932216924,0.3658431731403648,0.505,138
107,0.55,1.5,Associative latent class model,,0.558,0.012085875250575855,0.9576271186440678,0.3525845191591189,0.37562080748404436,0.1952412040753889,0.315,118
107,0.55,1.5,Renal-adjusted associative latent class model,0.5026052506661854,0.839,0.45914268692449534,0.09322033898305085,0.1133759019747909,0.03278696079467572,0.3867309619793792,0.482,118
107,0.55,1.5,Biologically constrained latent SCM,0.5638871868625365,0.842,0.4673247866393799,0.16101694915254236,0.11044023905140969,0.030700869468542752,0.3830410322066585,0.497,118
107,0.55,1.5,Data-generating oracle (reference),,0.84,0.46186309481747223,0.15254237288135594,0.11018338592042184,0.036594318672465924,0.36919530182869076,0.493,118
108,0.55,1.5,Associative latent class model,,0.671,0.11610652254708824,0.8285714285714286,0.26120479612083247,0.2419657989058101,0.2531593157327149,0.412,140
108,0.55,1.5,Renal-adjusted associative latent class model,0.47569531903117135,0.82,0.4090088179117872,0.22142857142857142,0.12733750239623282,0.03421777993602557,0.3498398067583021,0.487,140
108,0.55,1.5,Biologically constrained latent SCM,0.4400904227603928,0.818,0.4039005638130452,0.15714285714285714,0.12744511161494046,0.038967228758296044,0.35151038902744264,0.477,140
108,0.55,1.5,Data-generating oracle (reference),,0.818,0.4038994977439063,0.24285714285714285,0.1255595148486255,0.022236600407130706,0.38225189329561376,0.491,140
109,0.55,1.5,Associative latent class model,,0.615,0.05201764704038823,0.9097744360902256,0.29952978708933264,0.30029598334614904,0.25773314723422414,0.357,133
109,0.55,1.5,Renal-adjusted associative latent class model,0.5310087345317673,0.826,0.4245377091610227,0.15789473684210525,0.1264977000722993,0.05011125865498595,0.38701154978522445,0.43,133
109,0.55,1.5,Biologically constrained latent SCM,0.5261144316167177,0.828,0.4297748628473756,0.15037593984962405,0.1256127720615232,0.047685631030663665,0.3891538556118102,0.43,133
109,0.55,1.5,Data-generating oracle (reference),,0.825,0.421921428078813,0.18045112781954886,0.12396492500477316,0.02249295619446352,0.3748572546401209,0.501,133
110,0.55,1.5,Associative latent class model,,0.623,0.05956273211771701,0.8176100628930818,0.27235882239056164,0.2558575515615546,0.3023184552788058,0.423,159
110,0.55,1.5,Renal-adjusted associative latent class model,0.5414173659216734,0.845,0.4755739726621979,0.12578616352201258,0.10689154504650868,0.026232623793890502,0.33966309047511095,0.539,159
110,0.55,1.5,Biologically constrained latent SCM,0.5504277869427328,0.844,0.4728153030904103,0.14465408805031446,0.10685425703206773,0.028895515751783726,0.34008059702193794,0.538,159
110,0.55,1.5,Data-generating oracle (reference),,0.855,0.5036032705505805,0.12578616352201258,0.10594351968196548,0.030962932908796953,0.3744093177054384,0.523,159
111,0.55,1.5,Associative latent class model,,0.614,0.05102338703010234,0.8661971830985915,0.293012204473465,0.28178755666187794,0.26378359007632546,0.359,142
111,0.55,1.5,Renal-adjusted associative latent class model,0.4241308527412385,0.822,0.414149362232316,0.07042253521126761,0.13098311426691317,0.05843585996348112,0.3504075295876422,0.451,142
111,0.55,1.5,Biologically constrained latent SCM,0.5005949186552013,0.82,0.40900814027316407,0.11971830985915492,0.12552588382591057,0.03889455778931987,0.3550017432761801,0.449,142
111,0.55,1.5,Data-generating oracle (reference),,0.835,0.4483483462788276,0.14788732394366197,0.12069053592517377,0.026403699752071512,0.3913720301885388,0.516,142
112,0.55,1.5,Associative latent class model,,0.671,0.1160509238054218,0.8739495798319328,0.23938841782682668,0.2144575783364775,0.28634526840330105,0.419,119
112,0.55,1.5,Renal-adjusted associative latent class model,0.49253547292756106,0.811,0.3862666809154315,0.15966386554621848,0.128873324304973,0.03590394227363249,0.3564147964782452,0.537,119
112,0.55,1.5,Biologically constrained latent SCM,0.5669544299505525,0.825,0.4219193870444495,0.2605042016806723,0.1236361475193976,0.03190242506950843,0.3527546514557548,0.533,119
112,0.55,1.5,Data-generating oracle (reference),,0.821,0.4115741024699157,0.20168067226890757,0.12309007810195687,0.030501306137206023,0.3759064301884414,0.527,119
113,0.55,1.5,Associative latent class model,,0.617,0.053841748045474126,0.832,0.3000514980119593,0.2932506538838499,0.2218600360937932,0.338,125
113,0.55,1.5,Renal-adjusted associative latent class model,0.5784548952543916,0.814,0.3937785453335519,0.2,0.12700480690445942,0.0350677366862673,0.3615056517541559,0.535,125
113,0.55,1.5,Biologically constrained latent SCM,0.6348521145929646,0.816,0.39882420853765743,0.248,0.12683631854535046,0.03895508269516467,0.3565677589160877,0.545,125
113,0.55,1.5,Data-generating oracle (reference),,0.83,0.43503485822263455,0.176,0.12138862052949775,0.017845852513909598,0.3819807728799546,0.503,125
114,0.55,1.5,Associative latent class model,,0.64,0.07731177060363016,0.9655172413793104,0.2706294035444316,0.27843650684634236,0.2736140598257938,0.419,116
114,0.55,1.5,Renal-adjusted associative latent class model,0.48599698907660094,0.814,0.3937439808002379,0.1724137931034483,0.1302647545640923,0.08871129816897871,0.3920613135725597,0.453,116
114,0.55,1.5,Biologically constrained latent SCM,0.5136808481310093,0.81,0.3837494296396173,0.1896551724137931,0.13091046571415052,0.08773172068462924,0.3890686649755686,0.453,116
114,0.55,1.5,Data-generating oracle (reference),,0.839,0.45911152797264543,0.2413793103448276,0.11568864229201548,0.020456228023797544,0.38338922445587353,0.548,116
115,0.55,1.5,Associative latent class model,,0.627,0.06355807108763292,0.905511811023622,0.2867216680282805,0.28012248914865145,0.25254398251150717,0.401,127
115,0.55,1.5,Renal-adjusted associative latent class model,0.6758684943432932,0.795,0.34744783819372116,0.4409448818897638,0.1373193938728374,0.049748529404367234,0.3440762201490848,0.501,127
115,0.55,1.5,Biologically constrained latent SCM,0.5430040792980461,0.822,0.41415041219723825,0.14960629921259844,0.12619229029287396,0.038183591283888124,0.3641257255436152,0.508,127
115,0.55,1.5,Data-generating oracle (reference),,0.821,0.4115750449323602,0.1732283464566929,0.12302013876408821,0.024181674441975828,0.3902630840373897,0.525,127
116,0.55,1.5,Associative latent class model,,0.5,-0.0011533147648118336,1.0,0.47245158067686976,0.4811914828600697,0.07971816819273848,0.298,138
116,0.55,1.5,Renal-adjusted associative latent class model,0.4876812687978236,0.824,0.41932072229238293,0.11594202898550725,0.12649135678518428,0.02750007309193522,0.369302981414723,0.538,138
116,0.55,1.5,Biologically constrained latent SCM,0.5189788461446443,0.822,0.4141464446101663,0.15217391304347827,0.12468995283100198,0.02196321439720953,0.3721541936069153,0.544,138
116,0.55,1.5,Data-generating oracle (reference),,0.834,0.44566989010398256,0.16666666666666666,0.12213447365261083,0.022015854250481824,0.39129054531630547,0.512,138
117,0.55,1.5,Associative latent class model,,0.608,0.04566642679889317,0.9338235294117647,0.3126272893741508,0.3130406413871073,0.23722133164050502,0.389,136
117,0.55,1.5,Renal-adjusted associative latent class model,0.6583675995499472,0.818,0.40389400219792215,0.38235294117647056,0.13060964678098286,0.04184299225760242,0.35541157418481467,0.559,136
117,0.55,1.5,Biologically constrained latent SCM,0.4913824721393101,0.819,0.406449857938128,0.17647058823529413,0.12565821208706662,0.031613780842271705,0.3712095076760575,0.524,136
117,0.55,1.5,Data-generating oracle (reference),,0.814,0.3937777053810588,0.22058823529411764,0.12391042474871189,0.02208901091481579,0.38141044950990194,0.517,136
118,0.55,1.5,Associative latent class model,,0.519,-0.0003267862874452375,0.9583333333333334,0.38981844430907064,0.4109179308362395,0.19539897569815493,0.285,120
118,0.55,1.5,Renal-adjusted associative latent class model,0.44192708283547727,0.838,0.456415422622668,0.11666666666666667,0.11281779136677965,0.032855196289614294,0.3869929066919436,0.546,120
118,0.55,1.5,Biologically constrained latent SCM,0.4813988968677869,0.849,0.4866797497506344,0.125,0.10953710953290188,0.04052315942031086,0.38938992983874743,0.539,120
118,0.55,1.5,Data-generating oracle (reference),,0.843,0.470060813951318,0.18333333333333332,0.10610957272694387,0.03216754610959657,0.3735995147640866,0.529,120
119,0.55,1.5,Associative latent class model,,0.637,0.07416803074917575,0.8636363636363636,0.289954978835025,0.27618311557851105,0.2432313825088829,0.409,154
119,0.55,1.5,Renal-adjusted associative latent class model,0.6457886565500903,0.803,0.3666028935334069,0.35064935064935066,0.1410237248118052,0.048986242528869565,0.35241917941850226,0.521,154
119,0.55,1.5,Biologically constrained latent SCM,0.5762358925044123,0.798,0.35457028187363926,0.2792207792207792,0.13598146090020174,0.04433800547224921,0.35933990760855355,0.508,154
119,0.55,1.5,Data-generating oracle (reference),,0.805,0.3714712764892091,0.2662337662337662,0.1343759863812735,0.03448269124080887,0.38686046119517425,0.511,154
120,0.55,1.5,Associative latent class model,,0.636,0.07318551127682257,0.7213114754098361,0.2953686908659,0.2833088854065129,0.21775542806083523,0.313,122
120,0.55,1.5,Renal-adjusted associative latent class model,0.5658540749738965,0.82,0.4090084781830879,0.23770491803278687,0.1257773975261783,0.026052180407040465,0.3768781830368878,0.505,122
120,0.55,1.5,Biologically constrained latent SCM,0.5624943494261387,0.824,0.41932313556124,0.22950819672131148,0.12571892079439953,0.033239744394698054,0.3778831477782078,0.513,122
120,0.55,1.5,Data-generating oracle (reference),,0.824,0.419324693287441,0.22950819672131148,0.12449762078413733,0.034985290334908686,0.38771442743253054,0.529,122
121,0.55,1.5,Associative latent class model,,0.564,0.015555191978347243,0.957983193277311,0.36381939209527175,0.3763524914096773,0.1664433477816442,0.297,119
121,0.55,1.5,Renal-adjusted associative latent class model,0.49733690832728367,0.807,0.3763723868295206,0.09243697478991597,0.13090467788673346,0.03297213123445728,0.37544245828026057,0.516,119
121,0.55,1.5,Biologically constrained latent SCM,0.5219044756583946,0.81,0.38378330522469756,0.12605042016806722,0.12807599932741767,0.03296642511536688,0.37627478284910226,0.507,119
121,0.55,1.5,Data-generating oracle (reference),,0.817,0.401356816117279,0.11764705882352941,0.12482027470589495,0.023319573569090965,0.38488509440958935,0.504,119
122,0.55,1.5,Associative latent class model,,0.663,0.10540252994556955,0.7586206896551724,0.25295357908447685,0.23147453499721843,0.2768005528475446,0.381,145
122,0.55,1.5,Renal-adjusted associative latent class model,0.598398689820757,0.819,0.40645093360604323,0.27586206896551724,0.1268001270767833,0.055918661164358424,0.33956210618091526,0.527,145
122,0.55,1.5,Biologically constrained latent SCM,0.5902065568264648,0.817,0.4013578446587816,0.2689655172413793,0.1267454157269554,0.052657746235870516,0.3405805166722435,0.527,145
122,0.55,1.5,Data-generating oracle (reference),,0.821,0.41157555057640555,0.2,0.12478346989312264,0.0385216423556385,0.3822812728700901,0.515,145
123,0.55,1.5,Associative latent class model,,0.598,0.03742537637965832,0.9384615384615385,0.313994174250957,0.31576787237395776,0.24144112365136755,0.371,130
123,0.55,1.5,Renal-adjusted associative latent class model,0.6556991007282397,0.812,0.3887552198012301,0.33076923076923076,0.13328435629975013,0.05942003866994979,0.3513479514194396,0.595,130
123,0.55,1.5,Biologically constrained latent SCM,0.6314119329601363,0.817,0.4013482103894729,0.2846153846153846,0.1327170282677007,0.06384722864268552,0.3528459238534201,0.594,130
123,0.55,1.5,Data-generating oracle (reference),,0.822,0.4141484831025238,0.2076923076923077,0.12716260721142006,0.02954136136930347,0.3936978698129502,0.543,130
124,0.55,1.5,Associative latent class model,,0.586,0.028609403312604326,0.8076923076923077,0.330608357751103,0.3318044543491787,0.21959645258874036,0.314,130
124,0.55,1.5,Renal-adjusted associative latent class model,0.34637638747567756,0.784,0.3219450230311585,0.06923076923076923,0.1493528415782527,0.11595339356623877,0.37649163747220027,0.38,130
124,0.55,1.5,Biologically constrained latent SCM,0.45333887956731145,0.791,0.3380611763012524,0.13846153846153847,0.14417092468188938,0.11748063275216783,0.38044212071112127,0.381,130
124,0.55,1.5,Data-generating oracle (reference),,0.822,0.41415011351989334,0.27692307692307694,0.12383730628471658,0.016364506529825372,0.38240007216081184,0.53,130
125,0.55,1.5,Associative latent class model,,0.601,0.03964719664275574,0.991869918699187,0.3193297010590185,0.3435394055169562,0.22815788717891036,0.392,123
125,0.55,1.5,Renal-adjusted associative latent class model,0.37375233587601375,0.796,0.349816718199168,0.032520325203252036,0.1451127855242196,0.05340222013041762,0.37021709897637584,0.501,123
125,0.55,1.5,Biologically constrained latent SCM,0.5930437485240105,0.818,0.4038935797064279,0.22764227642276422,0.12636339142376118,0.022171853688967985,0.37536224712828387,0.529,123
125,0.55,1.5,Data-generating oracle (reference),,0.829,0.4323920585201809,0.18699186991869918,0.12039651631287823,0.03605906602947519,0.3764152832849094,0.526,123
126,0.55,1.5,Associative latent class model,,0.645,0.08318701143762577,0.9866666666666667,0.2741072203342852,0.26942522263244445,0.25234287867189886,0.464,150
126,0.55,1.5,Renal-adjusted associative latent class model,0.45105787741398373,0.821,0.4115753265837476,0.08,0.12756186024875568,0.052818539515449035,0.3145988483157282,0.488,150
126,0.55,1.5,Biologically constrained latent SCM,0.49853687240499156,0.836,0.4510345419567349,0.10666666666666667,0.12415709775434217,0.038946189455837395,0.3160610984424507,0.495,150
126,0.55,1.5,Data-generating oracle (reference),,0.832,0.44033642346880203,0.18666666666666668,0.11577135995829775,0.04061365966881981,0.3718075375173299,0.517,150
127,0.55,1.5,Associative latent class model,,0.526,0.0016554080591837902,0.910828025477707,0.37929225429768587,0.39167754975629826,0.21848203625519044,0.331,157
127,0.55,1.5,Renal-adjusted associative latent class model,0.5923490219600198,0.801,0.36176321026310415,0.27388535031847133,0.13424345787614625,0.04369133086564253,0.36893790981678287,0.55,157
127,0.55,1.5,Biologically constrained latent SCM,0.5872766136596086,0.8,0.3593571259803978,0.267515923566879,0.13537799465516914,0.04081113548144737,0.36880034901969067,0.547,157
127,0.55,1.5,Data-generating oracle (reference),,0.814,0.3937771402020507,0.22929936305732485,0.12694742140490795,0.03733336697271887,0.38335213019228365,0.529,157
128,0.55,1.5,Associative latent class model,,0.517,-0.0006673782335271144,0.8515625,0.39726355544394404,0.4073526609955833,0.20171267606063134,0.27,128
128,0.55,1.5,Renal-adjusted associative latent class model,0.4607869035812716,0.839,0.45911681527403186,0.109375,0.11781735663418991,0.03311264625975267,0.35774524014580733,0.558,128
128,0.55,1.5,Biologically constrained latent SCM,0.5140084205207976,0.843,0.47004398125970115,0.171875,0.11458429368027026,0.026910815963293193,0.3633526213458647,0.554,128
128,0.55,1.5,Data-generating oracle (reference),,0.847,0.4811019819481681,0.171875,0.10948590810851261,0.01794028147267722,0.3692078582841367,0.546,128
129,0.55,1.5,Associative latent class model,,0.589,0.03080885324802553,0.9185185185185185,0.32649234512204006,0.331926056785555,0.2279363724318649,0.331,135
129,0.55,1.5,Renal-adjusted associative latent class model,0.6079897920790911,0.81,0.3837866378737548,0.3111111111111111,0.1293785874166636,0.049623030794229826,0.37954960846679525,0.54,135
129,0.55,1.5,Biologically constrained latent SCM,0.6224122213958756,0.804,0.3690392804634741,0.32592592592592595,0.13194007139636227,0.06257902575347901,0.37737964471193763,0.556,135
129,0.55,1.5,Data-generating oracle (reference),,0.826,0.42452854037469473,0.21481481481481482,0.1264742841903098,0.029933924697458786,0.37815432917895275,0.484,135
130,0.55,1.5,Associative latent class model,,0.602,0.04041186925430347,0.937007874015748,0.29901314333465023,0.3046528847857892,0.24801141272996538,0.399,127
130,0.55,1.5,Renal-adjusted associative latent class model,0.7049163825099459,0.816,0.3987954664776944,0.3779527559055118,0.12714626540071255,0.038569184776626256,0.35353885746613084,0.545,127
130,0.55,1.5,Biologically constrained latent SCM,0.6125354220076837,0.837,0.4537130087139955,0.1968503937007874,0.11830059575460387,0.017901754656177223,0.36538627430885456,0.538,127
130,0.55,1.5,Data-generating oracle (reference),,0.837,0.45371889059503057,0.16535433070866143,0.11791389224186428,0.0323135690650242,0.373653127773944,0.532,127
131,0.55,1.5,Associative latent class model,,0.541,0.005746540765562795,1.0,0.43438415111168127,0.4431873130514167,0.06769424041242865,0.294,119
131,0.55,1.5,Renal-adjusted associative latent class model,0.543220672128049,0.839,0.45914308981622265,0.226890756302521,0.12334320212704539,0.03278960442338822,0.3917133321583609,0.498,119
131,0.55,1.5,Biologically constrained latent SCM,0.515098845664158,0.83,0.43503502937406907,0.17647058823529413,0.12367681791444676,0.022775962632839843,0.38939092865776376,0.485,119
131,0.55,1.5,Data-generating oracle (reference),,0.834,0.44566964100893036,0.24369747899159663,0.12380610967817185,0.02896470969455545,0.37901378368073463,0.511,119
132,0.55,1.5,Associative latent class model,,0.651,0.09028776003653666,0.8857142857142857,0.2753727468221549,0.25760315494973324,0.2707271578848627,0.472,140
132,0.55,1.5,Renal-adjusted associative latent class model,0.7747284670695872,0.783,0.31958644204953823,0.5928571428571429,0.15661283049438343,0.07679260768168227,0.3386663088583787,0.6,140
132,0.55,1.5,Biologically constrained latent SCM,0.5876980322473807,0.806,0.3738775685811083,0.2857142857142857,0.13370985146049272,0.042818422210963394,0.3655429514527417,0.571,140
132,0.55,1.5,Data-generating oracle (reference),,0.813,0.3912534619929187,0.2357142857142857,0.1319818188059567,0.03859526570919704,0.38227783804517845,0.544,140
133,0.55,1.5,Associative latent class model,,0.516,0.00013969775049326182,1.0,0.4122456785330063,0.43274704110311213,0.16448381636228762,0.328,153
133,0.55,1.5,Renal-adjusted associative latent class model,0.35911065695661165,0.807,0.3763948982557767,0.0718954248366013,0.14063922206098042,0.09101097775432422,0.38173153081144495,0.403,153
133,0.55,1.5,Biologically constrained latent SCM,0.3710930666731632,0.803,0.36663165603999703,0.0718954248366013,0.14123509183242663,0.10111997648706403,0.3805023724820353,0.391,153
133,0.55,1.5,Data-generating oracle (reference),,0.828,0.429765644323111,0.17647058823529413,0.12616824708732063,0.027864168316159704,0.3869969240969838,0.514,153
134,0.55,1.5,Associative latent class model,,0.652,0.0915183838021065,0.8986486486486487,0.2599731244076654,0.24371895289399487,0.2946154978669132,0.443,148
134,0.55,1.5,Renal-adjusted associative latent class model,0.341388144261536,0.833,0.44299933252932505,0.07432432432432433,0.11946379195427369,0.04479610421160369,0.3186418800059724,0.48,148
134,0.55,1.5,Biologically constrained latent SCM,0.4270266766211746,0.848,0.4838993868943359,0.13513513513513514,0.11237881707649776,0.03232296691729035,0.3302219038670927,0.499,148
134,0.55,1.5,Data-generating oracle (reference),,0.85,0.48948922659409677,0.19594594594594594,0.10971320204725844,0.039406566973435406,0.37248423214201465,0.511,148
135,0.55,1.5,Associative latent class model,,0.519,-0.00045162560045581017,0.8270676691729323,0.4132935248748844,0.4190014221090843,0.16310970124990015,0.276,133
135,0.55,1.5,Renal-adjusted associative latent class model,0.5231837314220752,0.812,0.3886224545928719,0.13533834586466165,0.13187791715607802,0.06374285260913472,0.3642935984926602,0.615,133
135,0.55,1.5,Biologically constrained latent SCM,0.5900363237306732,0.824,0.41917837265482016,0.23308270676691728,0.12723858937363797,0.06495575542913612,0.3697171015045504,0.619,133
135,0.55,1.5,Data-generating oracle (reference),,0.822,0.4141275421272075,0.17293233082706766,0.12148612825748122,0.01844556179562969,0.3739487306373167,0.549,133
136,0.55,1.5,Associative latent class model,,0.63,0.06670708421691018,0.8931297709923665,0.28359439296570993,0.2786632233176843,0.24149237703954116,0.383,131
136,0.55,1.5,Renal-adjusted associative latent class model,0.4984206073547643,0.824,0.4193263153514527,0.16030534351145037,0.12326081364446088,0.05471697366087728,0.36049317155893484,0.457,131
136,0.55,1.5,Biologically constrained latent SCM,0.5090020972715353,0.821,0.4115787724896645,0.17557251908396945,0.12294980766629848,0.053931616245060134,0.35995748833217406,0.456,131
136,0.55,1.5,Data-generating oracle (reference),,0.835,0.4483513454757009,0.2366412213740458,0.11741024860129806,0.03163957753998599,0.37472377109983857,0.544,131
137,0.55,1.5,Associative latent class model,,0.625,0.06161752219842338,0.8368794326241135,0.29566505403902316,0.2874053018974664,0.24361352943546732,0.377,141
137,0.55,1.5,Renal-adjusted associative latent class model,0.5938923266633037,0.795,0.3474714013690762,0.2765957446808511,0.14378634396314788,0.0881631648071391,0.3469789414406015,0.597,141
137,0.55,1.5,Biologically constrained latent SCM,0.6489475206021659,0.808,0.3788543778739047,0.3333333333333333,0.14258594892250562,0.08383240360344368,0.34434748563297546,0.59,141
137,0.55,1.5,Data-generating oracle (reference),,0.811,0.3862711927074331,0.28368794326241137,0.13322414539135383,0.032401108727902334,0.3828609006936086,0.525,141
138,0.55,1.5,Associative latent class model,,0.602,0.04030430807901004,0.8244274809160306,0.3027816590264416,0.29580361168956126,0.28528010043295116,0.376,131
138,0.55,1.5,Renal-adjusted associative latent class model,0.6361559271725379,0.812,0.3886317142613268,0.3969465648854962,0.1292492833635509,0.04188496437971576,0.36631837695006,0.596,131
138,0.55,1.5,Biologically constrained latent SCM,0.5609110853359558,0.815,0.3961940714500065,0.2748091603053435,0.1266528024678303,0.03279453246969455,0.3723596436836823,0.585,131
138,0.55,1.5,Data-generating oracle (reference),,0.81,0.3837740615018049,0.25190839694656486,0.1267754930219546,0.04472957101055323,0.3809617676171358,0.53,131
139,0.55,1.5,Associative latent class model,,0.488,-0.0012045090501260308,0.0,0.5060668508904077,0.5043620540599139,0.08404758777106759,0.709,121
139,0.55,1.5,Renal-adjusted associative latent class model,0.42803002787022126,0.815,0.39629883059013216,0.1652892561983471,0.13026359684038302,0.04917371798748641,0.4173392541618133,0.496,121
139,0.55,1.5,Biologically constrained latent SCM,0.4000959664118205,0.807,0.3763735582762223,0.1487603305785124,0.13274674957696486,0.05526680196873668,0.4178162915852918,0.488,121
139,0.55,1.5,Data-generating oracle (reference),,0.821,0.4115645335278953,0.2644628099173554,0.12318676584969122,0.033291524954010276,0.3895902953961089,0.536,121
140,0.55,1.5,Associative latent class model,,0.588,0.030170443843690775,0.6,0.3586208137293619,0.35205380831250455,0.16914426617731196,0.234,130
140,0.55,1.5,Renal-adjusted associative latent class model,0.5627185292523862,0.827,0.42714340626658953,0.2,0.11923240966100619,0.03012885232782235,0.39211837665685184,0.521,130
140,0.55,1.5,Biologically constrained latent SCM,0.5769665567471537,0.823,0.4167339095497898,0.2153846153846154,0.12095902668897407,0.046556083500053025,0.391659565168139,0.533,130
140,0.55,1.5,Data-generating oracle (reference),,0.829,0.4323960565168605,0.2,0.11839075566940334,0.022395545749226496,0.3874031616591519,0.501,130
141,0.55,1.5,Associative latent class model,,0.666,0.10933673891208953,0.8689655172413793,0.2579332034481244,0.23828373159501826,0.26324575596803157,0.45,145
141,0.55,1.5,Renal-adjusted associative latent class model,0.6218973673359732,0.829,0.43239650346519076,0.2482758620689655,0.11355467620237675,0.03370154196418861,0.35758207492891725,0.519,145
141,0.55,1.5,Biologically constrained latent SCM,0.6446732513351373,0.825,0.42192239248357377,0.2827586206896552,0.11462004850310191,0.04052949983265378,0.3557996131859269,0.527,145
141,0.55,1.5,Data-generating oracle (reference),,0.833,0.44299877087652784,0.1793103448275862,0.11224270233547057,0.02711534024812138,0.36970887386579127,0.497,145
142,0.55,1.5,Associative latent class model,,0.474,0.0015949389416718238,0.0,0.5170381671662333,0.5103538758873005,0.08051816821898342,0.691,131
142,0.55,1.5,Renal-adjusted associative latent class model,0.4135486921670463,0.8,0.3593586237137867,0.07633587786259542,0.13469715783912892,0.03916417235817594,0.4198946114430324,0.475,131
142,0.55,1.5,Biologically constrained latent SCM,0.4078039035740837,0.8,0.3593558772887209,0.07633587786259542,0.1350861697758234,0.05169269083693316,0.4197348409719221,0.455,131
142,0.55,1.5,Data-generating oracle (reference),,0.819,0.4064503159538921,0.19083969465648856,0.12553923952180454,0.028992480359225484,0.39852430033081965,0.518,131
143,0.55,1.5,Associative latent class model,,0.546,0.007511049997653691,1.0,0.38012551725370214,0.39391678708040423,0.18626246009534267,0.346,143
143,0.55,1.5,Renal-adjusted associative latent class model,0.4689886232384421,0.817,0.40135715287364243,0.16083916083916083,0.12959038549757054,0.028271109892360133,0.4092553025129977,0.493,143
143,0.55,1.5,Biologically constrained latent SCM,0.4255897267580242,0.81,0.3837839408631509,0.13286713286713286,0.1316566325590025,0.04337973417851239,0.4098887659762683,0.48,143
143,0.55,1.5,Data-generating oracle (reference),,0.814,0.3937780188473562,0.2517482517482518,0.12921099448798185,0.03586485519067161,0.38578587688630883,0.522,143
144,0.55,1.5,Associative latent class model,,0.564,0.015480842072934717,0.95,0.3473187219980496,0.3584826367322695,0.20555002375767853,0.339,140
144,0.55,1.5,Renal-adjusted associative latent class model,0.5301722193415688,0.818,0.40390062023570317,0.15,0.1254377128198955,0.03629884150454456,0.38722781020965485,0.475,140
144,0.55,1.5,Biologically constrained latent SCM,0.5612427445941134,0.808,0.37883625801788223,0.2,0.12533025251278154,0.03306656554734809,0.38595354492191203,0.469,140
144,0.55,1.5,Data-generating oracle (reference),,0.812,0.38876484158188074,0.24285714285714285,0.12381459741879336,0.026926596795824598,0.37682236460706037,0.517,140
145,0.55,1.5,Associative latent class model,,0.601,0.039899277194921756,0.8016528925619835,0.3109986645882383,0.3127928252354585,0.22811014494891688,0.315,121
145,0.55,1.5,Renal-adjusted associative latent class model,0.4973020300960547,0.822,0.41415239022253375,0.1322314049586777,0.13032187376922028,0.06563010920267681,0.3544598254730079,0.45,121
145,0.55,1.5,Biologically constrained latent SCM,0.4812925355151975,0.815,0.3962991432450591,0.12396694214876033,0.1309856437596421,0.06519841352275949,0.35600884184066356,0.445,121
145,0.55,1.5,Data-generating oracle (reference),,0.832,0.44033684421836483,0.2066115702479339,0.12285721369305959,0.014742659390203494,0.38965325063207434,0.528,121
146,0.55,1.5,Associative latent class model,,0.476,0.0007327307641347621,0.0,0.5184539974413704,0.514996256824634,0.04875232253044838,0.707,118
146,0.55,1.5,Renal-adjusted associative latent class model,0.5716701592963888,0.826,0.4244691442393951,0.2457627118644068,0.12814493872675622,0.047933165305386785,0.4075530360149197,0.589,118
146,0.55,1.5,Biologically constrained latent SCM,0.48889401558036155,0.801,0.3617014246584473,0.1694915254237288,0.1356247109901047,0.04271817656532966,0.40881109552011946,0.588,118
146,0.55,1.5,Data-generating oracle (reference),,0.822,0.4141401342435659,0.2033898305084746,0.12427088250028864,0.02279725328298775,0.38693358920044163,0.539,118
147,0.55,1.5,Associative latent class model,,0.587,0.02920507034288377,0.9236641221374046,0.304655349279682,0.306262670138775,0.2697396154017358,0.368,131
147,0.55,1.5,Renal-adjusted associative latent class model,0.5503028588982307,0.833,0.44299392902096413,0.16793893129770993,0.1214261648589806,0.04253814383334478,0.35674086378273345,0.542,131
147,0.55,1.5,Biologically constrained latent SCM,0.5561170971106145,0.831,0.437677117743022,0.16793893129770993,0.12142685946546988,0.037585423889182935,0.3573226563672742,0.54,131
147,0.55,1.5,Data-generating oracle (reference),,0.83,0.4350334080687442,0.1450381679389313,0.12222343798415551,0.03567807102000387,0.3837632751284093,0.527,131
148,0.55,1.5,Associative latent class model,,0.517,0.0001690397365825196,0.972972972972973,0.3939701348471358,0.41475184716458735,0.19086491124356178,0.32,148
148,0.55,1.5,Renal-adjusted associative latent class model,0.6228626022308748,0.792,0.34039806483072177,0.3310810810810811,0.14188912788954522,0.05562972112338848,0.3845760450375303,0.581,148
148,0.55,1.5,Biologically constrained latent SCM,0.6075844953120666,0.789,0.33341906049103276,0.31756756756756754,0.14143155358482684,0.054444563086561204,0.38565498604814946,0.58,148
148,0.55,1.5,Data-generating oracle (reference),,0.832,0.4403362858657113,0.18243243243243243,0.1222395534005224,0.035696635019304125,0.39203092136962653,0.505,148
149,0.55,1.5,Associative latent class model,,0.612,0.04918499721643217,0.78125,0.29250970041373275,0.28631141347301325,0.26494443760556685,0.345,160
149,0.55,1.5,Renal-adjusted associative latent class model,0.5828644207490888,0.816,0.39882231037417265,0.24375,0.13016646490997952,0.054327598894574655,0.37487517225437894,0.527,160
149,0.55,1.5,Biologically constrained latent SCM,0.6402307493662596,0.817,0.40135690353115944,0.30625,0.1311875081580089,0.05030077297201416,0.37322489802475056,0.526,160
149,0.55,1.5,Data-generating oracle (reference),,0.827,0.42714329605784557,0.2375,0.12631598600376212,0.029295899121294593,0.390916952719877,0.51,160
150,0.55,1.5,Associative latent class model,,0.587,0.028640222293455947,0.6818181818181818,0.33566055119292115,0.3258271424823658,0.22638358653791124,0.304,132
150,0.55,1.5,Renal-adjusted associative latent class model,0.596382430285916,0.823,0.41671689020891994,0.19696969696969696,0.1261905422640428,0.02930703032635666,0.34573612324907366,0.542,132
150,0.55,1.5,Biologically constrained latent SCM,0.5947289718932905,0.822,0.4141333440735874,0.19696969696969696,0.1263688708441712,0.029755971182036323,0.3451996992912892,0.543,132
150,0.55,1.5,Data-generating oracle (reference),,0.817,0.4013461235602389,0.1893939393939394,0.12486020002978993,0.02255323932825473,0.38019102009709627,0.536,132
151,0.55,1.5,Associative latent class model,,0.658,0.09894225003174216,0.7094017094017094,0.2504780288652149,0.22568155993735656,0.28426100553197636,0.349,117
151,0.55,1.5,Renal-adjusted associative latent class model,0.4444181125594438,0.811,0.3862703416448672,0.1282051282051282,0.13271778038738638,0.03291646187392706,0.3740506865944253,0.508,117
151,0.55,1.5,Biologically constrained latent SCM,0.5236127253271612,0.828,0.42976581175927797,0.18803418803418803,0.12742883293229745,0.038233522048903006,0.37298055699321825,0.489,117
151,0.55,1.5,Data-generating oracle (reference),,0.823,0.41673253798939014,0.21367521367521367,0.12476484010221095,0.028295834190767404,0.390720056111821,0.528,117
152,0.55,1.5,Associative latent class model,,0.625,0.061425901348391494,0.912,0.28627462010591753,0.28040623883469046,0.2508890244851943,0.399,125
152,0.55,1.5,Renal-adjusted associative latent class model,0.551732736504307,0.837,0.45371964467318254,0.208,0.11648530323388888,0.034123459513992,0.3572057942586477,0.539,125
152,0.55,1.5,Biologically constrained latent SCM,0.5433636533457215,0.836,0.4510242702808511,0.208,0.11629261971615032,0.026564259662985635,0.35906879962637955,0.54,125
152,0.55,1.5,Data-generating oracle (reference),,0.841,0.46457870400461254,0.208,0.11573129855106973,0.0332122527883385,0.3791914111371657,0.539,125
153,0.55,1.5,Associative latent class model,,0.622,0.05859335633103892,0.9083969465648855,0.28527751274614715,0.27586005374885575,0.26888561587237825,0.382,131
153,0.55,1.5,Renal-adjusted associative latent class model,0.43146800819001113,0.795,0.3474474625751432,0.07633587786259542,0.13726829146247502,0.04554341314134996,0.35673242388106907,0.503,131
153,0.55,1.5,Biologically constrained latent SCM,0.5141144677195888,0.807,0.3763723868295206,0.15267175572519084,0.12894552508456447,0.03256864735766135,0.3635793961434805,0.497,131
153,0.55,1.5,Data-generating oracle (reference),,0.81,0.3837837217818682,0.22900763358778625,0.12434407157076058,0.02810025307674741,0.3847485102944804,0.536,131
154,0.55,1.5,Associative latent class model,,0.568,0.017107589345092097,0.9855072463768116,0.3542356979561694,0.3703628953611865,0.17848934927649818,0.309,138
154,0.55,1.5,Renal-adjusted associative latent class model,0.5131112458564832,0.819,0.4064066457886156,0.10144927536231885,0.126595986629647,0.034536290708728934,0.3819594781127331,0.418,138
154,0.55,1.5,Biologically constrained latent SCM,0.5480395821376061,0.813,0.391226783532701,0.15942028985507245,0.12622374632518774,0.03692013726367396,0.37930383088350944,0.422,138
154,0.55,1.5,Data-generating oracle (reference),,0.821,0.4115694986770985,0.1956521739130435,0.12445351907077383,0.025348550679436026,0.37524610024630145,0.466,138
155,0.55,1.5,Associative latent class model,,0.629,0.06556471065873704,0.8016528925619835,0.2682547799662746,0.25794930727546234,0.2804621954109763,0.363,121
155,0.55,1.5,Renal-adjusted associative latent class model,0.6030324632994448,0.832,0.44032715263228717,0.256198347107438,0.12894041453877553,0.054625481969972176,0.3410436758114697,0.568,121
155,0.55,1.5,Biologically constrained latent SCM,0.617834675020846,0.832,0.4403247338288137,0.2644628099173554,0.1299058844697264,0.0613762609112089,0.33877855354611314,0.576,121
155,0.55,1.5,Data-generating oracle (reference),,0.832,0.44033584503469686,0.18181818181818182,0.12604758993094545,0.04028010850640247,0.36518538959452884,0.522,121
156,0.55,1.5,Associative latent class model,,0.477,0.000979816180979814,0.0,0.5173308202587492,0.5156719667236518,0.06602774782250691,0.676,139
156,0.55,1.5,Renal-adjusted associative latent class model,0.3525483807186115,0.821,0.411575380808401,0.07913669064748201,0.12447971732756381,0.04503998537102528,0.3657254868227008,0.482,139
156,0.55,1.5,Biologically constrained latent SCM,0.3642365222030457,0.824,0.41932147661386304,0.08633093525179857,0.12304514866674354,0.04854039644440223,0.36608941525140687,0.469,139
156,0.55,1.5,Data-generating oracle (reference),,0.839,0.4591402545778042,0.2014388489208633,0.11328290803904417,0.030504954669926955,0.37192985531325995,0.538,139
157,0.55,1.5,Associative latent class model,,0.478,0.0005714372648940925,0.0,0.5136022770877312,0.5083566396122099,0.09302490862885616,0.688,130
157,0.55,1.5,Renal-adjusted associative latent class model,0.4931829547530734,0.839,0.45914102956812197,0.16923076923076924,0.1159162374920219,0.0196146715377449,0.36603658750680607,0.525,130
157,0.55,1.5,Biologically constrained latent SCM,0.4689891158496677,0.83,0.4350318911435065,0.14615384615384616,0.11780729221142808,0.017258264209723536,0.3651346957370996,0.528,130
157,0.55,1.5,Data-generating oracle (reference),,0.841,0.4645864962934261,0.17692307692307693,0.11353208171483102,0.033475560927147784,0.385617241235003,0.525,130
158,0.55,1.5,Associative latent class model,,0.647,0.08551395420289092,0.9153846153846154,0.2633389960546156,0.23871022710006462,0.30336064270684354,0.43,130
158,0.55,1.5,Renal-adjusted associative latent class model,0.6359339909812692,0.818,0.40389138053907614,0.3153846153846154,0.13064476390007232,0.060408266250481055,0.34478301808296136,0.591,130
158,0.55,1.5,Biologically constrained latent SCM,0.6184679151676512,0.818,0.4038909901553577,0.2923076923076923,0.1307376978894075,0.06202930352024073,0.3442524484457087,0.593,130
158,0.55,1.5,Data-generating oracle (reference),,0.819,0.4064493456051883,0.2230769230769231,0.1238670211593751,0.027614849870569533,0.3788274067635477,0.536,130
159,0.55,1.5,Associative latent class model,,0.585,0.027996839181966493,0.9259259259259259,0.3256536969359233,0.32898983353690986,0.2382360008741923,0.345,135
159,0.55,1.5,Renal-adjusted associative latent class model,0.45253558819202844,0.825,0.4219231475455665,0.08148148148148149,0.12894588977126278,0.02692952403799531,0.36725013911279225,0.531,135
159,0.55,1.5,Biologically constrained latent SCM,0.5067600491931941,0.83,0.4350352877404407,0.11851851851851852,0.12385233580487547,0.02494797386332704,0.3698185673603453,0.52,135
159,0.55,1.5,Data-generating oracle (reference),,0.833,0.4429987847356921,0.15555555555555556,0.12223003487201686,0.01869913341388795,0.3811058454253662,0.511,135
160,0.55,1.5,Associative latent class model,,0.495,-0.0013998242673084519,0.07092198581560284,0.4913300901546519,0.48983308636533124,0.09540144301917461,0.701,141
160,0.55,1.5,Renal-adjusted associative latent class model,0.49580287401673956,0.819,0.4064266524034949,0.19148936170212766,0.12511979983859167,0.020567243010170384,0.37962341051957105,0.559,141
160,0.55,1.5,Biologically constrained latent SCM,0.48739909150817984,0.818,0.40386952672193605,0.1773049645390071,0.12454073578161257,0.030305793348483788,0.37815914013458307,0.566,141
160,0.55,1.5,Data-generating oracle (reference),,0.827,0.4271404774548095,0.19148936170212766,0.12396364567351169,0.02655336182482196,0.37367452725748934,0.525,141
161,0.55,1.5,Associative latent class model,,0.55,0.009030472315080536,0.8487394957983193,0.39058168552808603,0.3995404989920682,0.1497614553914767,0.267,119
161,0.55,1.5,Renal-adjusted associative latent class model,0.47098856156419777,0.812,0.38876470964340104,0.12605042016806722,0.1285696028174554,0.029993610348907563,0.3705976259350001,0.495,119
161,0.55,1.5,Biologically constrained latent SCM,0.4848057495946784,0.824,0.41932341059927636,0.13445378151260504,0.12621188527244967,0.04170982976954779,0.36973925918651446,0.475,119
161,0.55,1.5,Data-generating oracle (reference),,0.827,0.42714335116222285,0.25210084033613445,0.12025283598364905,0.017825914451434687,0.3724402247551358,0.534,119
162,0.55,1.5,Associative latent class model,,0.565,0.015911482055307794,0.7983870967741935,0.3502372734251623,0.35653602950853913,0.21487150003175357,0.283,124
162,0.55,1.5,Renal-adjusted associative latent class model,0.5835444330976914,0.836,0.45103471027673614,0.29838709677419356,0.12245691985086865,0.061734340436675965,0.37909086362401306,0.58,124
162,0.55,1.5,Biologically constrained latent SCM,0.555305960516876,0.813,0.391266611504697,0.2661290322580645,0.12655170820457629,0.07370855149077767,0.37819087048850786,0.607,124
162,0.55,1.5,Data-generating oracle (reference),,0.838,0.4564324245893811,0.22580645161290322,0.1157268574940985,0.01905101289220875,0.38134938707957555,0.52,124
163,0.55,1.5,Associative latent class model,,0.585,0.027866399530507714,0.8507462686567164,0.3116362089904428,0.3084015422610275,0.25479059507007634,0.337,134
163,0.55,1.5,Renal-adjusted associative latent class model,0.5329201739911502,0.822,0.41415050236392403,0.23134328358208955,0.12360106728999141,0.03743186527759135,0.37946519559848974,0.5,134
163,0.55,1.5,Biologically constrained latent SCM,0.4968188820110888,0.83,0.43503536925826525,0.1865671641791045,0.12208903263284344,0.03710665540961473,0.38241355699997015,0.502,134
163,0.55,1.5,Data-generating oracle (reference),,0.834,0.44566923509255957,0.21641791044776118,0.11839505458220587,0.026096397497737945,0.3801400907991949,0.524,134
164,0.55,1.5,Associative latent class model,,0.518,0.0004269333541746248,0.9727891156462585,0.4444760067500987,0.45628478046924387,0.08752097684131092,0.309,147
164,0.55,1.5,Renal-adjusted associative latent class model,0.5162714388104874,0.831,0.4376812476035927,0.14285714285714285,0.12164820956228195,0.027315402158589026,0.35827261851304537,0.506,147
164,0.55,1.5,Biologically constrained latent SCM,0.5620355691467219,0.822,0.41414972537977546,0.19727891156462585,0.12035399496190186,0.025577171068556864,0.3582371083477019,0.507,147
164,0.55,1.5,Data-generating oracle (reference),,0.832,0.44033593055225334,0.21768707482993196,0.11926772915983207,0.018998276113163955,0.3746897459814778,0.507,147
165,0.55,1.5,Associative latent class model,,0.695,0.1512485264045613,0.972027972027972,0.24771455397750464,0.22852231826068833,0.24826456430917812,0.528,143
165,0.55,1.5,Renal-adjusted associative latent class model,0.5556251278253653,0.809,0.3813059971508117,0.22377622377622378,0.13875562759607604,0.05592264777692916,0.32429479425735674,0.492,143
165,0.55,1.5,Biologically constrained latent SCM,0.6233044837074592,0.815,0.39629697137836534,0.2727272727272727,0.13800787249064297,0.05210204187172077,0.3254640562092568,0.508,143
165,0.55,1.5,Data-generating oracle (reference),,0.808,0.37883262776339705,0.23776223776223776,0.13063144100048027,0.02970718032931526,0.37890917129797147,0.529,143
166,0.55,1.5,Associative latent class model,,0.51,-0.0004917613372188219,1.0,0.4634196493071346,0.47212728246256247,0.06922338130677091,0.299,140
166,0.55,1.5,Renal-adjusted associative latent class model,0.5490497916910118,0.823,0.41674348814969964,0.18571428571428572,0.13212461209253337,0.0722463712935845,0.36983833908959524,0.584,140
166,0.55,1.5,Biologically constrained latent SCM,0.5751345244519124,0.832,0.4403459059317322,0.22142857142857142,0.1305595008983714,0.07377352202248028,0.37184373011560423,0.581,140
166,0.55,1.5,Data-generating oracle (reference),,0.829,0.4323967562587673,0.17142857142857143,0.1210280012729793,0.025718218712993058,0.383908274823911,0.522,140
167,0.55,1.5,Associative latent class model,,0.572,0.019736270741140264,0.905511811023622,0.35041329380049213,0.3576468067641213,0.1893395524423239,0.321,127
167,0.55,1.5,Renal-adjusted associative latent class model,0.6216415338954793,0.817,0.4013573970332859,0.25984251968503935,0.13149507635869323,0.049329312135966044,0.36584509513026603,0.488,127
167,0.55,1.5,Biologically constrained latent SCM,0.5871988940848862,0.82,0.40900907145738263,0.2204724409448819,0.13003219011357536,0.052927198555102126,0.37148126663510256,0.491,127
167,0.55,1.5,Data-generating oracle (reference),,0.822,0.41415015930771365,0.2204724409448819,0.125599992311344,0.029781443142552745,0.378907976902812,0.515,127
168,0.55,1.5,Associative latent class model,,0.628,0.06457505095028163,0.9185185185185185,0.28321356675974674,0.2786179945780771,0.27156609451217617,0.426,135
168,0.55,1.5,Renal-adjusted associative latent class model,0.5540135717047326,0.802,0.3641751489987403,0.2222222222222222,0.1352851479306292,0.0620871283532928,0.3578422846094882,0.458,135
168,0.55,1.5,Biologically constrained latent SCM,0.5664636395898875,0.803,0.36659786535851213,0.22962962962962963,0.1356646430624293,0.05986482917150853,0.3575302337459489,0.459,135
168,0.55,1.5,Data-generating oracle (reference),,0.816,0.3988214843188727,0.23703703703703705,0.12533689634832235,0.021184730666261087,0.3889563992581319,0.526,135
169,0.55,1.5,Associative latent class model,,0.586,0.02858765733096861,0.9083969465648855,0.33051489145663016,0.3403206825971076,0.21014654908445077,0.352,131
169,0.55,1.5,Renal-adjusted associative latent class model,0.5282957796364577,0.81,0.3837813347183881,0.16793893129770993,0.12433818449364133,0.07947263994285558,0.3806379361989781,0.44,131
169,0.55,1.5,Biologically constrained latent SCM,0.5103161874005001,0.82,0.40900827562099146,0.15267175572519084,0.11972587020316114,0.06553904014727614,0.3860966369173513,0.464,131
169,0.55,1.5,Data-generating oracle (reference),,0.841,0.46458841136860335,0.1984732824427481,0.11264107764790293,0.022684544292537086,0.37009642824522093,0.523,131
170,0.55,1.5,Associative latent class model,,0.528,0.0019962227192109163,0.9115646258503401,0.37306230458702544,0.3838504391953907,0.22737439322254074,0.321,147
170,0.55,1.5,Renal-adjusted associative latent class model,0.5329179115475746,0.827,0.42713393389066334,0.14285714285714285,0.1255563472560688,0.036429873199267125,0.40605486634156834,0.562,147
170,0.55,1.5,Biologically constrained latent SCM,0.5955764830914833,0.823,0.41671318082852454,0.24489795918367346,0.12618434083120045,0.047644355175391256,0.4037036483518556,0.588,147
170,0.55,1.5,Data-generating oracle (reference),,0.828,0.42976425834280796,0.1564625850340136,0.12257207001186829,0.014099477838724124,0.3885153259222826,0.529,147
171,0.55,1.5,Associative latent class model,,0.48,0.0002923571212188704,0.0,0.5132121506083334,0.5095714649915588,0.06998355298662245,0.701,126
171,0.55,1.5,Renal-adjusted associative latent class model,0.6262677836032863,0.823,0.41673340459907166,0.2857142857142857,0.12478651486854497,0.0283746793301131,0.36278521546184217,0.51,126
171,0.55,1.5,Biologically constrained latent SCM,0.5234507441069538,0.827,0.4271412690910654,0.14285714285714285,0.12313800802802241,0.02701847924219839,0.37330856460449957,0.526,126
171,0.55,1.5,Data-generating oracle (reference),,0.819,0.40645069658641675,0.15079365079365079,0.12193958806332801,0.035695908748390334,0.37069419745281096,0.514,126
172,0.55,1.5,Associative latent class model,,0.598,0.037375546926280666,0.8928571428571429,0.30630915882983006,0.3047940304917298,0.2778959094726199,0.39,140
172,0.55,1.5,Renal-adjusted associative latent class model,0.675753255574576,0.81,0.3837262307973871,0.32142857142857145,0.13386174370137008,0.07907030274712983,0.34860008643286733,0.618,140
172,0.55,1.5,Biologically constrained latent SCM,0.6721989509215949,0.816,0.3987565720421555,0.3142857142857143,0.13579755445326525,0.08852862057668978,0.34648075224894603,0.628,140
172,0.55,1.5,Data-generating oracle (reference),,0.825,0.4219214836855558,0.1357142857142857,0.12357710905925685,0.018294219815510097,0.38029056009258866,0.519,140
173,0.55,1.5,Associative latent class model,,0.632,0.06867142893795787,0.9076923076923077,0.2733593664596611,0.26484027031898494,0.270649714877483,0.44,130
173,0.55,1.5,Renal-adjusted associative latent class model,0.5465597715295906,0.821,0.41155038433456587,0.2076923076923077,0.12655969372959935,0.0289480274777187,0.3723282671656439,0.541,130
173,0.55,1.5,Biologically constrained latent SCM,0.5567498570210314,0.819,0.4064122537381993,0.24615384615384617,0.12649834830512258,0.033935475445275164,0.37151595933959763,0.549,130
173,0.55,1.5,Data-generating oracle (reference),,0.821,0.41151446856346213,0.23076923076923078,0.12594209409119372,0.022251047607755932,0.3800298188371941,0.561,130
174,0.55,1.5,Associative latent class model,,0.583,0.025444708526048406,0.6779661016949152,0.3485644661432352,0.3461492369555223,0.18131609321274936,0.286,118
174,0.55,1.5,Renal-adjusted associative latent class model,0.5553504404963222,0.832,0.44033577679828984,0.211864406779661,0.1235869668788778,0.06914610574456366,0.36964234378002825,0.483,118
174,0.55,1.5,Biologically constrained latent SCM,0.5307874594518949,0.832,0.44033818710805794,0.17796610169491525,0.1217837249482613,0.057999344630701354,0.37483270208650993,0.489,118
174,0.55,1.5,Data-generating oracle (reference),,0.839,0.45913413074429843,0.211864406779661,0.11715666021832681,0.02831460223125253,0.3796205401401539,0.53,118
175,0.55,1.5,Associative latent class model,,0.525,0.0003007133495892017,0.9421487603305785,0.42325542934134647,0.4330274404363189,0.12445471962858863,0.299,121
175,0.55,1.5,Renal-adjusted associative latent class model,0.5062618347325024,0.816,0.39872882009881144,0.2644628099173554,0.13126814854403832,0.030367231646889682,0.36055826268983887,0.574,121
175,0.55,1.5,Biologically constrained latent SCM,0.5007138824642624,0.821,0.41149122661055204,0.23140495867768596,0.13098285654851918,0.02749258358750812,0.36078958717094983,0.571,121
175,0.55,1.5,Data-generating oracle (reference),,0.825,0.4218880416385135,0.2727272727272727,0.12314625357658131,0.03411719424489148,0.39033572047449766,0.547,121
176,0.55,1.5,Associative latent class model,,0.574,0.020947778217594765,0.9254658385093167,0.3285393885485335,0.33552290502875554,0.24311930661115502,0.365,161
176,0.55,1.5,Renal-adjusted associative latent class model,0.546136122200241,0.82,0.4090088547498155,0.2236024844720497,0.1264563391273076,0.03132103018040638,0.39793839229578293,0.493,161
176,0.55,1.5,Biologically constrained latent SCM,0.5240682934623525,0.819,0.4064502700876399,0.19875776397515527,0.1269296141262211,0.022962485712110844,0.3983126134034526,0.496,161
176,0.55,1.5,Data-generating oracle (reference),,0.827,0.427143102972024,0.21739130434782608,0.12382670104266476,0.026794847282583748,0.3826180934443487,0.514,161
177,0.55,1.5,Associative latent class model,,0.558,0.012231720341078446,0.8308823529411765,0.33734470462990157,0.3460010771148502,0.24090579287584626,0.312,136
177,0.55,1.5,Renal-adjusted associative latent class model,0.5993472383974424,0.83,0.4350304279313065,0.36764705882352944,0.12490710761248687,0.022203434989333998,0.38456268411167444,0.538,136
177,0.55,1.5,Biologically constrained latent SCM,0.514585201981235,0.825,0.42191342949348054,0.25,0.12024090278596172,0.036035110225223654,0.3965745547037581,0.549,136
177,0.55,1.5,Data-generating oracle (reference),,0.832,0.4403357629895001,0.23529411764705882,0.119002889640114,0.024257377264222592,0.38901993766784526,0.52,136
178,0.55,1.5,Associative latent class model,,0.681,0.13018164680927816,0.8870967741935484,0.2438698714862823,0.21646825933997224,0.28459340997557825,0.446,124
178,0.55,1.5,Renal-adjusted associative latent class model,0.5349618460116692,0.815,0.3963032879827989,0.24193548387096775,0.13007157439065817,0.0497836373287934,0.37200639378840084,0.562,124
178,0.55,1.5,Biologically constrained latent SCM,0.5520970329788013,0.818,0.4039075353708371,0.25806451612903225,0.1294600970235762,0.05148270431838851,0.37087371128104574,0.565,124
178,0.55,1.5,Data-generating oracle (reference),,0.824,0.41932300709090636,0.21774193548387097,0.12499630937817607,0.014580482214697776,0.38619353437998905,0.509,124
179,0.55,1.5,Associative latent class model,,0.514,-0.0005761165639340508,0.952755905511811,0.4075427337816442,0.4272031198172132,0.17381550694426107,0.283,127
179,0.55,1.5,Renal-adjusted associative latent class model,0.5613556328249356,0.825,0.42192301397892096,0.12598425196850394,0.12158079508184261,0.031778463022042826,0.39665540689686596,0.502,127
179,0.55,1.5,Biologically constrained latent SCM,0.5347355861641678,0.828,0.429766120466882,0.08661417322834646,0.12147336914624134,0.028835186635734558,0.39640072877293425,0.513,127
179,0.55,1.5,Data-generating oracle (reference),,0.837,0.4537279426533899,0.13385826771653545,0.11464254429323405,0.025189478956452432,0.3785053117484867,0.526,127
180,0.55,1.5,Associative latent class model,,0.636,0.07300271561670352,0.7910447761194029,0.2786678462883263,0.2674392217465364,0.26412648462077737,0.374,134
180,0.55,1.5,Renal-adjusted associative latent class model,0.6360094081668937,0.805,0.37147007793511966,0.291044776119403,0.12635490026545687,0.031210694708788744,0.36957154585452495,0.529,134
180,0.55,1.5,Biologically constrained latent SCM,0.6579419202064295,0.807,0.3763704094933294,0.291044776119403,0.1283756047993329,0.036050361133454834,0.36756243004700534,0.533,134
180,0.55,1.5,Data-generating oracle (reference),,0.818,0.4038987057298207,0.22388059701492538,0.12260938962022717,0.020307475950014326,0.3771282312338793,0.528,134
181,0.55,1.5,Associative latent class model,,0.639,0.07639809383225736,0.8992805755395683,0.2805419790356743,0.2734242451840634,0.26913981237503853,0.397,139
181,0.55,1.5,Renal-adjusted associative latent class model,0.543532992844849,0.807,0.3763720550947872,0.18705035971223022,0.1351735710310746,0.03640664268024795,0.37101244790638055,0.511,139
181,0.55,1.5,Biologically constrained latent SCM,0.5632402832511196,0.803,0.36660254015145266,0.2302158273381295,0.13516284470686168,0.04048892919647516,0.3700542579102739,0.515,139
181,0.55,1.5,Data-generating oracle (reference),,0.807,0.37637181898102595,0.19424460431654678,0.13329641072407558,0.027822500322260482,0.3876398864949741,0.495,139
182,0.55,1.5,Associative latent class model,,0.496,-0.0009003823425332202,0.993006993006993,0.4503671413285002,0.4648780850650298,0.13495409487865323,0.294,143
182,0.55,1.5,Renal-adjusted associative latent class model,0.6374399709208256,0.805,0.37147167552254673,0.3146853146853147,0.13250921173439817,0.02544658428129268,0.40427672029936695,0.525,143
182,0.55,1.5,Biologically constrained latent SCM,0.5462770691221487,0.818,0.403901061037351,0.2097902097902098,0.12889534672971575,0.03261444520043187,0.4125228396067946,0.55,143
182,0.55,1.5,Data-generating oracle (reference),,0.831,0.43768159940973644,0.16783216783216784,0.12525273201635378,0.042495496826596826,0.37705109032050343,0.509,143
183,0.55,1.5,Associative latent class model,,0.511,-0.000911444501825193,1.0,0.42869552654678816,0.44697677855844486,0.13750892018474192,0.328,142
183,0.55,1.5,Renal-adjusted associative latent class model,0.39359221541760114,0.785,0.32422355157950217,0.06338028169014084,0.14937960948605944,0.06920806924985455,0.3458839935211357,0.482,142
183,0.55,1.5,Biologically constrained latent SCM,0.44320293698604324,0.798,0.35457078761047706,0.13380281690140844,0.14113679080019387,0.056959976086395095,0.352641679156803,0.485,142
183,0.55,1.5,Data-generating oracle (reference),,0.82,0.40900965290596697,0.2112676056338028,0.12864278716113972,0.024029169053854934,0.391447369132745,0.513,142
184,0.55,1.5,Associative latent class model,,0.604,0.04238139206597928,0.8796992481203008,0.30428647696444994,0.30361599731104283,0.2587344048231427,0.348,133
184,0.55,1.5,Renal-adjusted associative latent class model,0.5628459596614022,0.788,0.3311190999178388,0.24060150375939848,0.13739833414607883,0.06217824093518495,0.37402654137894914,0.574,133
184,0.55,1.5,Biologically constrained latent SCM,0.6483283641067801,0.805,0.37148801272154625,0.3383458646616541,0.1337694986204241,0.06656882037621444,0.3704155731837494,0.589,133
184,0.55,1.5,Data-generating oracle (reference),,0.812,0.3887643747110822,0.24812030075187969,0.12648965425169267,0.029860561336436445,0.3861353817022878,0.508,133
185,0.55,1.5,Associative latent class model,,0.631,0.06782597011461122,0.7583333333333333,0.27989727781625634,0.2722661014065216,0.25168506881398844,0.323,120
185,0.55,1.5,Renal-adjusted associative latent class model,0.5201126802628259,0.815,0.3962982938960571,0.24166666666666667,0.12856086396321467,0.03502058071225289,0.37547634393401497,0.467,120
185,0.55,1.5,Biologically constrained latent SCM,0.5138804780437186,0.81,0.3837866855306089,0.24166666666666667,0.12856828707787618,0.03514060328510313,0.37613168433285976,0.462,120
185,0.55,1.5,Data-generating oracle (reference),,0.814,0.39377833724084516,0.25,0.12869235945464133,0.02173657399630026,0.38078884514528266,0.478,120
186,0.55,1.5,Associative latent class model,,0.632,0.0687943748346033,0.7687074829931972,0.27562895340278376,0.2637308269709753,0.2678150842640041,0.375,147
186,0.55,1.5,Renal-adjusted associative latent class model,0.5612036280667193,0.824,0.419323168404951,0.19727891156462585,0.12478066794555279,0.030667715852642927,0.3758527567821994,0.489,147
186,0.55,1.5,Biologically constrained latent SCM,0.5803163849216456,0.822,0.4141501198597458,0.20408163265306123,0.12584125937893192,0.0434822658250092,0.3744577495122131,0.485,147
186,0.55,1.5,Data-generating oracle (reference),,0.822,0.4141501974031746,0.21768707482993196,0.1232326696248202,0.02339776438423362,0.3779410451204445,0.517,147
187,0.55,1.5,Associative latent class model,,0.53,0.0024403671671681874,0.9083333333333333,0.3981012313728595,0.4113977090419354,0.1579477607684821,0.269,120
187,0.55,1.5,Renal-adjusted associative latent class model,0.6252815300038522,0.798,0.354567742353924,0.24166666666666667,0.13938575003406048,0.06519022955461141,0.3564049525494763,0.459,120
187,0.55,1.5,Biologically constrained latent SCM,0.5327577019636548,0.806,0.37391451497733474,0.13333333333333333,0.13507074652886175,0.06276130898909345,0.3613573143643667,0.455,120
187,0.55,1.5,Data-generating oracle (reference),,0.826,0.4245274870880854,0.20833333333333334,0.1260810340825976,0.026586313157013264,0.3797343308427585,0.529,120
188,0.55,1.5,Associative latent class model,,0.591,0.03179958640782033,0.7709923664122137,0.3241858703073302,0.3246837933323615,0.23915081583221087,0.327,131
188,0.55,1.5,Renal-adjusted associative latent class model,0.6477971430320639,0.806,0.37390615553601536,0.2824427480916031,0.1311795683074089,0.028202396917128798,0.3921788689867449,0.542,131
188,0.55,1.5,Biologically constrained latent SCM,0.5960773798757715,0.811,0.38626284491908797,0.22900763358778625,0.12876433894928713,0.02079005818922488,0.39656570988208834,0.535,131
188,0.55,1.5,Data-generating oracle (reference),,0.813,0.3912628030298012,0.19083969465648856,0.12863937228906433,0.02727549486064417,0.37756452161669735,0.529,131
189,0.55,1.5,Associative latent class model,,0.618,0.054876889898729915,0.7131782945736435,0.3031245760884321,0.2979202612492231,0.21902165201109977,0.307,129
189,0.55,1.5,Renal-adjusted associative latent class model,0.6080583862270257,0.829,0.4323998484028374,0.17829457364341086,0.11482380549502329,0.0327372710283466,0.3380804773250694,0.544,129
189,0.55,1.5,Biologically constrained latent SCM,0.6085907617985707,0.828,0.4297714737590214,0.17829457364341086,0.11665945486688126,0.04168547359305992,0.33707232587803093,0.555,129
189,0.55,1.5,Data-generating oracle (reference),,0.838,0.4564321010633159,0.14728682170542637,0.1116462254793207,0.02189670094263178,0.3748557798142873,0.509,129
190,0.55,1.5,Associative latent class model,,0.647,0.08554150418257644,0.896,0.2686400219670238,0.25776025130141017,0.24873994320531204,0.396,125
190,0.55,1.5,Renal-adjusted associative latent class model,0.44177771406497535,0.81,0.38378732027297,0.088,0.13571503115357617,0.061626737463856315,0.35910756301431246,0.445,125
190,0.55,1.5,Biologically constrained latent SCM,0.4951382693799805,0.816,0.39882627300237045,0.12,0.13088076467287674,0.0557217301486606,0.35804740059949985,0.445,125
190,0.55,1.5,Data-generating oracle (reference),,0.823,0.41673301500094223,0.224,0.1252013025835792,0.01827639479397626,0.38433338408110784,0.522,125
191,0.55,1.5,Associative latent class model,,0.537,0.004501122198853163,0.8333333333333334,0.38633897519473176,0.39043353301629313,0.19340246091140897,0.272,132
191,0.55,1.5,Renal-adjusted associative latent class model,0.5621896990095001,0.826,0.42452866484244367,0.12878787878787878,0.12691014361395564,0.045569272409163024,0.3766088103637884,0.471,132
191,0.55,1.5,Biologically constrained latent SCM,0.5561522312216555,0.825,0.42192204564669883,0.12121212121212122,0.12728372203341756,0.044663972151267335,0.3753353014164205,0.472,132
191,0.55,1.5,Data-generating oracle (reference),,0.823,0.41673267522426855,0.1590909090909091,0.12194202483290068,0.02363070870574921,0.3936976264793667,0.498,132
192,0.55,1.5,Associative latent class model,,0.607,0.04482453306029608,0.8785714285714286,0.3086412961946125,0.30817473906234927,0.22729382764932296,0.379,140
192,0.55,1.5,Renal-adjusted associative latent class model,0.5744962164679189,0.81,0.38378389344297303,0.19285714285714287,0.12665894272740313,0.027201339417558236,0.38564011345887866,0.51,140
192,0.55,1.5,Biologically constrained latent SCM,0.5911610633512792,0.806,0.37391780650300194,0.25,0.1272562000248305,0.02683032155550421,0.3831147214288543,0.52,140
192,0.55,1.5,Data-generating oracle (reference),,0.813,0.3912671293302449,0.2357142857142857,0.12653982885955067,0.023290554074044,0.3963752181782623,0.521,140
193,0.55,1.5,Associative latent class model,,0.626,0.06254143497709648,0.9264705882352942,0.2906603555969709,0.2852582413166694,0.26851422511278633,0.414,136
193,0.55,1.5,Renal-adjusted associative latent class model,0.5488205257333967,0.819,0.4064464980304101,0.22794117647058823,0.12239258552102579,0.03168320091060352,0.38061193988384007,0.545,136
193,0.55,1.5,Biologically constrained latent SCM,0.54579853878492,0.818,0.4038961295263889,0.22794117647058823,0.12249832658525424,0.028338941305836335,0.37945627973031965,0.544,136
193,0.55,1.5,Data-generating oracle (reference),,0.816,0.39882107720338106,0.2426470588235294,0.12156707760881903,0.0261302694876986,0.38241482685861156,0.532,136
194,0.55,1.5,Associative latent class model,,0.632,0.0687446063118963,0.7669172932330827,0.28060012174159243,0.27239270910937546,0.24892022445727757,0.364,133
194,0.55,1.5,Renal-adjusted associative latent class model,0.6201198592971341,0.814,0.3937779547021073,0.3082706766917293,0.12439222559783147,0.041554346707841444,0.36235677043510334,0.502,133
194,0.55,1.5,Biologically constrained latent SCM,0.5914096501518836,0.823,0.41673290503363414,0.2556390977443609,0.122051230988768,0.03251532586459044,0.36528183436167405,0.499,133
194,0.55,1.5,Data-generating oracle (reference),,0.842,0.46732317544640706,0.21052631578947367,0.11457384430510449,0.02602478072590951,0.3856479860841834,0.522,133
195,0.55,1.5,Associative latent class model,,0.569,0.01814636910129975,0.8835616438356164,0.33543914808895103,0.34143089978817565,0.22285258972618802,0.336,146
195,0.55,1.5,Renal-adjusted associative latent class model,0.5285783357168844,0.822,0.4141567028630866,0.15753424657534246,0.12255894928601663,0.05933004198723318,0.3700487452435134,0.439,146
195,0.55,1.5,Biologically constrained latent SCM,0.48574515181093314,0.828,0.42977306991975295,0.0958904109589041,0.12050558188823969,0.05604094509123586,0.37373839915959867,0.435,146
195,0.55,1.5,Data-generating oracle (reference),,0.83,0.43503458171357795,0.1780821917808219,0.11563620495566863,0.03276345900337925,0.3827650479666778,0.501,146
196,0.55,1.5,Associative latent class model,,0.682,0.13162928140755017,0.936,0.24066680042030644,0.2112811351450798,0.298512775631782,0.493,125
196,0.55,1.5,Renal-adjusted associative latent class model,0.6234971007185379,0.831,0.43767361507607716,0.256,0.11710509849547512,0.023474753882035106,0.36635568879636093,0.542,125
196,0.55,1.5,Biologically constrained latent SCM,0.5578908325038449,0.837,0.4537280423882063,0.152,0.11679718902767307,0.02191901900761304,0.37315989774869285,0.524,125
196,0.55,1.5,Data-generating oracle (reference),,0.83,0.4350245482950218,0.184,0.11823244340300473,0.026416097056406657,0.3876563507052273,0.547,125
197,0.55,1.5,Associative latent class model,,0.524,0.0010675156352409126,1.0,0.4430829911145364,0.45437382756991673,0.07863496300139429,0.286,119
197,0.55,1.5,Renal-adjusted associative latent class model,0.6170951546684198,0.818,0.4038991708752893,0.2689075630252101,0.12837480558202066,0.015127753343183475,0.3918934578377457,0.522,119
197,0.55,1.5,Biologically constrained latent SCM,0.6205647050399803,0.821,0.41157442230976726,0.2689075630252101,0.12799753478924628,0.01721940121345149,0.3920811229416085,0.525,119
197,0.55,1.5,Data-generating oracle (reference),,0.824,0.419323098742393,0.2605042016806723,0.12705037856604107,0.021066764395601713,0.3820195846814746,0.518,119
198,0.55,1.5,Associative latent class model,,0.607,0.04470296586414937,0.924812030075188,0.2877257959227105,0.2855624864749446,0.29443882233085655,0.391,133
198,0.55,1.5,Renal-adjusted associative latent class model,0.46861962704852084,0.822,0.41414254594873984,0.12781954887218044,0.1259976218174056,0.026026528656261795,0.38260329505732854,0.536,133
198,0.55,1.5,Biologically constrained latent SCM,0.5319568016870407,0.828,0.4297498444888,0.18796992481203006,0.12346859199153072,0.030794189528717587,0.3824231676567787,0.55,133
198,0.55,1.5,Data-generating oracle (reference),,0.836,0.45103540288275146,0.17293233082706766,0.12235861005856924,0.029360488098670486,0.38455287019460116,0.514,133
199,0.55,1.5,Associative latent class model,,0.609,0.04656499432268013,0.9496402877697842,0.29629939665153066,0.2889075964617792,0.28113239904134174,0.402,139
199,0.55,1.5,Renal-adjusted associative latent class model,0.5432203385633674,0.814,0.39377785396488224,0.2302158273381295,0.1258516006831341,0.04285409609804621,0.38394433858587423,0.493,139
199,0.55,1.5,Biologically constrained latent SCM,0.4651926551928361,0.816,0.39882289837589024,0.1223021582733813,0.12441584733129922,0.03321815723096372,0.3891397573651718,0.493,139
199,0.55,1.5,Data-generating oracle (reference),,0.822,0.41415010949056486,0.16546762589928057,0.12102988357781086,0.03506978012239749,0.3917245952671004,0.519,139
0,0.6,1.5,Associative latent class model,,0.629,0.06552404331580872,0.8938053097345132,0.288009832385742,0.28635678794110303,0.24090333596955343,0.362,113
0,0.6,1.5,Renal-adjusted associative latent class model,0.6324498500127421,0.835,0.44834917748202036,0.23893805309734514,0.11750198358111524,0.024464044329149583,0.353994842786601,0.5,113
0,0.6,1.5,Biologically constrained latent SCM,0.5254494503222032,0.838,0.4564326971352826,0.12389380530973451,0.11802371547534514,0.03796199915615177,0.3638600170993535,0.487,113
0,0.6,1.5,Data-generating oracle (reference),,0.841,0.46458686968883844,0.17699115044247787,0.1153369213363014,0.014528514236097412,0.3817855398152769,0.528,113
1,0.6,1.5,Associative latent class model,,0.686,0.1375118351012191,0.8559322033898306,0.23649155236351713,0.22193815964507996,0.25245985879869093,0.419,118
1,0.6,1.5,Renal-adjusted associative latent class model,0.6924132316737072,0.829,0.4323959661006456,0.2288135593220339,0.11710326516514334,0.041373257310442585,0.3369549227818265,0.526,118
1,0.6,1.5,Biologically constrained latent SCM,0.6973700623754119,0.827,0.4271417669071477,0.2457627118644068,0.11800995916513679,0.04046956868448905,0.33682606142559396,0.54,118
1,0.6,1.5,Data-generating oracle (reference),,0.827,0.42714248051182263,0.1864406779661017,0.11320427067225532,0.04061945467141816,0.36805200298584617,0.53,118
2,0.6,1.5,Associative latent class model,,0.573,0.02015116276426766,0.9333333333333333,0.3458565462429475,0.3584456642060662,0.17962077597503326,0.322,120
2,0.6,1.5,Renal-adjusted associative latent class model,0.7355306997744704,0.808,0.3787846434231406,0.4,0.13479638089328036,0.08242187214405627,0.3466904723607787,0.617,120
2,0.6,1.5,Biologically constrained latent SCM,0.7083904576091904,0.815,0.39624493481967066,0.3416666666666667,0.1373077186602027,0.09489128909579449,0.35021857902030146,0.62,120
2,0.6,1.5,Data-generating oracle (reference),,0.829,0.4323937551531501,0.21666666666666667,0.12271566094939251,0.029141822716946528,0.3658123233274645,0.532,120
3,0.6,1.5,Associative latent class model,,0.637,0.0741964031772889,0.8373983739837398,0.28621075407074714,0.2800210649562077,0.22978242820252254,0.355,123
3,0.6,1.5,Renal-adjusted associative latent class model,0.63188417009419,0.823,0.4167402718539291,0.3008130081300813,0.12158398915714724,0.04519447575068676,0.37276441760128726,0.575,123
3,0.6,1.5,Biologically constrained latent SCM,0.6582328458647388,0.821,0.41158693960095366,0.34959349593495936,0.12366351875822756,0.05948213721552955,0.36921563130964546,0.591,123
3,0.6,1.5,Data-generating oracle (reference),,0.822,0.41415075032216686,0.25203252032520324,0.11895587793631253,0.023908597092750842,0.37572797388899887,0.526,123
4,0.6,1.5,Associative latent class model,,0.539,0.004154532216620816,0.9829059829059829,0.4073851054510507,0.41955873055993176,0.1276186685029978,0.313,117
4,0.6,1.5,Renal-adjusted associative latent class model,0.651271263736524,0.795,0.3474128917627532,0.3504273504273504,0.13955789652745462,0.03367563064814955,0.38724375377474063,0.547,117
4,0.6,1.5,Biologically constrained latent SCM,0.5973260750987363,0.8,0.35931686175695254,0.2222222222222222,0.13846878819926084,0.025341236778159363,0.3958045244259613,0.552,117
4,0.6,1.5,Data-generating oracle (reference),,0.805,0.37143152744878544,0.28205128205128205,0.13519364784931986,0.019630431400821515,0.38855756735540636,0.551,117
5,0.6,1.5,Associative latent class model,,0.552,0.00992173405182455,0.873015873015873,0.4085302809232319,0.4146149024098462,0.12419297815177958,0.283,126
5,0.6,1.5,Renal-adjusted associative latent class model,0.4967554536794658,0.796,0.34981358656411765,0.21428571428571427,0.1394012976865684,0.0301002044818066,0.40711406164855873,0.509,126
5,0.6,1.5,Biologically constrained latent SCM,0.4884910549770116,0.792,0.34039616585517346,0.20634920634920634,0.13983590435924004,0.022770141914417622,0.40730220354352026,0.509,126
5,0.6,1.5,Data-generating oracle (reference),,0.791,0.3380631216481676,0.2698412698412698,0.13919833155334962,0.030524482427137744,0.39310800418632813,0.532,126
6,0.6,1.5,Associative latent class model,,0.609,0.0462618313623849,0.9166666666666666,0.30076930696337423,0.30233478710576794,0.2504699720786447,0.369,120
6,0.6,1.5,Renal-adjusted associative latent class model,0.5063095171156397,0.801,0.3617233568764028,0.175,0.1374754406946426,0.09622652329362655,0.3857550441145272,0.439,120
6,0.6,1.5,Biologically constrained latent SCM,0.4836253181562893,0.801,0.3617262893923896,0.15833333333333333,0.13587160554638225,0.09505357743643612,0.3882893033757963,0.441,120
6,0.6,1.5,Data-generating oracle (reference),,0.827,0.4271256083274333,0.25833333333333336,0.1221786205232793,0.02243871390760802,0.377541168999928,0.543,120
7,0.6,1.5,Associative latent class model,,0.625,0.060964381965608286,0.7967479674796748,0.2935462424503153,0.29231494288130266,0.24348195290918925,0.377,123
7,0.6,1.5,Renal-adjusted associative latent class model,0.5460205130100797,0.837,0.45364288330702884,0.17886178861788618,0.11844182090045698,0.03086154013035923,0.3518669534380218,0.563,123
7,0.6,1.5,Biologically constrained latent SCM,0.6005991217038174,0.825,0.42178908649850655,0.3008130081300813,0.11822051928920105,0.028697695610700052,0.3449390861922498,0.575,123
7,0.6,1.5,Data-generating oracle (reference),,0.839,0.45907380636953393,0.2845528455284553,0.11727733243255178,0.02419373873552989,0.37702224635461856,0.557,123
8,0.6,1.5,Associative latent class model,,0.603,0.04126408344220661,0.8571428571428571,0.3100920866603756,0.3103232573021829,0.23209093174954182,0.353,126
8,0.6,1.5,Renal-adjusted associative latent class model,0.6788696504143708,0.802,0.3640987125138604,0.3492063492063492,0.13837389015418491,0.06704278504035993,0.34273526470383275,0.612,126
8,0.6,1.5,Biologically constrained latent SCM,0.6684532924785577,0.802,0.3640987125138604,0.3333333333333333,0.1385288379018497,0.07146087343211865,0.3432475871309723,0.612,126
8,0.6,1.5,Data-generating oracle (reference),,0.791,0.33806129638944304,0.2698412698412698,0.13295088952306514,0.0361385836675095,0.3863538226634991,0.519,126
9,0.6,1.5,Associative latent class model,,0.648,0.08641477133359521,0.7478260869565218,0.2673308860952405,0.2533454781585208,0.2563036179309751,0.362,115
9,0.6,1.5,Renal-adjusted associative latent class model,0.6384437075948635,0.81,0.38376053219044887,0.25217391304347825,0.13013702025321977,0.0812337864515475,0.36426353532217354,0.45,115
9,0.6,1.5,Biologically constrained latent SCM,0.5699369382748972,0.825,0.4219096004668355,0.1565217391304348,0.12395646256385671,0.07307942007575191,0.3802904679354174,0.461,115
9,0.6,1.5,Data-generating oracle (reference),,0.83,0.43502887674274154,0.1826086956521739,0.11517872239557492,0.029676989419899758,0.3794135735477765,0.53,115
10,0.6,1.5,Associative latent class model,,0.599,0.03823968524985392,0.864,0.3141296012061225,0.3117045160671596,0.23346667235081994,0.333,125
10,0.6,1.5,Renal-adjusted associative latent class model,0.5363511779575239,0.827,0.42714305503117483,0.12,0.12379043508276841,0.050807722809468714,0.3892417794435487,0.457,125
10,0.6,1.5,Biologically constrained latent SCM,0.5665936922028109,0.828,0.4297656732850496,0.16,0.12406613216404522,0.050124842048148155,0.3871378944907104,0.456,125
10,0.6,1.5,Data-generating oracle (reference),,0.83,0.4350350223182409,0.208,0.12179908271750642,0.036870161982237894,0.38856495025480203,0.522,125
11,0.6,1.5,Associative latent class model,,0.616,0.05288309899213509,1.0,0.2999325120344788,0.3105409191058213,0.23035695223202562,0.371,114
11,0.6,1.5,Renal-adjusted associative latent class model,0.7431716631308827,0.831,0.43768306775208976,0.40350877192982454,0.12498846464632164,0.05235643706777936,0.3670511018834992,0.58,114
11,0.6,1.5,Biologically constrained latent SCM,0.6616669631975755,0.833,0.4429996941882633,0.2631578947368421,0.12079458124398679,0.03631335665892238,0.3787463248551591,0.558,114
11,0.6,1.5,Data-generating oracle (reference),,0.841,0.4645887546839348,0.17543859649122806,0.12058968631332503,0.02875879323164848,0.37040867955387047,0.532,114
12,0.6,1.5,Associative latent class model,,0.624,0.06018409015913815,0.8253968253968254,0.2925016839581415,0.2866688218355069,0.25255915266998835,0.388,126
12,0.6,1.5,Renal-adjusted associative latent class model,0.5515660912990286,0.83,0.4349893766425131,0.19047619047619047,0.11623586332929005,0.028537866269773907,0.34071229887082755,0.552,126
12,0.6,1.5,Biologically constrained latent SCM,0.5544431444197538,0.83,0.4349931724869478,0.19047619047619047,0.11596777046932646,0.03122800745791657,0.34078289811983487,0.55,126
12,0.6,1.5,Data-generating oracle (reference),,0.839,0.4591205052756648,0.20634920634920634,0.11571958295862589,0.017330656201321733,0.3733279729136862,0.539,126
13,0.6,1.5,Associative latent class model,,0.64,0.07745684174219497,0.9115646258503401,0.27724752207430475,0.2736359259049354,0.2557973193590335,0.459,147
13,0.6,1.5,Renal-adjusted associative latent class model,0.6691955992523264,0.824,0.4192895651117838,0.38095238095238093,0.12984446753453346,0.04874334539539646,0.36989938718032456,0.563,147
13,0.6,1.5,Biologically constrained latent SCM,0.6501247877934696,0.826,0.42450356538655326,0.3197278911564626,0.12764644211213597,0.04232626365695115,0.3742759592535117,0.555,147
13,0.6,1.5,Data-generating oracle (reference),,0.821,0.411563158273502,0.272108843537415,0.12342880070107295,0.021317396837237233,0.3794487215618825,0.54,147
14,0.6,1.5,Associative latent class model,,0.629,0.06547916780627792,0.813953488372093,0.28342000641272436,0.2842395966623681,0.2620792004052619,0.385,129
14,0.6,1.5,Renal-adjusted associative latent class model,0.6417050136983585,0.804,0.3689987847391698,0.32558139534883723,0.13814788394284608,0.04684490812660419,0.3436722686773624,0.568,129
14,0.6,1.5,Biologically constrained latent SCM,0.6998513678917315,0.807,0.37633529514037506,0.3798449612403101,0.14120991072537561,0.055910286680679884,0.33611368316498547,0.571,129
14,0.6,1.5,Data-generating oracle (reference),,0.8,0.35935215695445516,0.32558139534883723,0.13287252415061254,0.03314832035681075,0.3744181358742093,0.534,129
15,0.6,1.5,Associative latent class model,,0.6,0.03875522147351834,0.905982905982906,0.3099960762626563,0.31484406651584995,0.23325664547171548,0.351,117
15,0.6,1.5,Renal-adjusted associative latent class model,0.6824590572905274,0.811,0.3862667535306349,0.3076923076923077,0.13394398010269767,0.04907349874141273,0.3836647670029861,0.474,117
15,0.6,1.5,Biologically constrained latent SCM,0.5934240423869874,0.812,0.38875299934729196,0.1794871794871795,0.13036818012551651,0.06237206385268645,0.39361596102783325,0.459,117
15,0.6,1.5,Data-generating oracle (reference),,0.824,0.41932114415296573,0.23076923076923078,0.12462315184720872,0.019609813777151076,0.3858197067847417,0.523,117
16,0.6,1.5,Associative latent class model,,0.646,0.08433902125513545,0.9912280701754386,0.27303241362477626,0.2768608130018956,0.2638167499649574,0.406,114
16,0.6,1.5,Renal-adjusted associative latent class model,0.4871521014295733,0.844,0.47281693314772605,0.07894736842105263,0.11281985213222612,0.03238937088690811,0.37783739614884754,0.492,114
16,0.6,1.5,Biologically constrained latent SCM,0.5370299695536666,0.846,0.4783424871601771,0.12280701754385964,0.11101482653628253,0.02959945943335354,0.3743238154142149,0.504,114
16,0.6,1.5,Data-generating oracle (reference),,0.85,0.4894892314802656,0.18421052631578946,0.10856341432569022,0.026495777854247,0.3665110695086671,0.526,114
17,0.6,1.5,Associative latent class model,,0.628,0.06460636479407994,0.889763779527559,0.2903836073965371,0.29392066737480593,0.21922534531358823,0.375,127
17,0.6,1.5,Renal-adjusted associative latent class model,0.6834019149576437,0.837,0.45372974593171705,0.2755905511811024,0.11866589833853283,0.036002774425170705,0.3300431999090156,0.518,127
17,0.6,1.5,Biologically constrained latent SCM,0.6467808896775086,0.837,0.45372968900581145,0.2125984251968504,0.1168590768549143,0.02437487281657384,0.33424797486633884,0.508,127
17,0.6,1.5,Data-generating oracle (reference),,0.846,0.4783423254067795,0.18110236220472442,0.11261078959731674,0.033588954624556334,0.37435190938470353,0.513,127
18,0.6,1.5,Associative latent class model,,0.667,0.1106647938961292,0.9473684210526315,0.24665906821704273,0.23175204236257155,0.26558288570632727,0.455,133
18,0.6,1.5,Renal-adjusted associative latent class model,0.7724617073855498,0.815,0.3962926586087279,0.631578947368421,0.13097551993196696,0.04451376823629702,0.35790660522095014,0.573,133
18,0.6,1.5,Biologically constrained latent SCM,0.6145937161116193,0.853,0.49793287667620934,0.2706766917293233,0.11051148162785801,0.034392334069522267,0.39231165168701015,0.545,133
18,0.6,1.5,Data-generating oracle (reference),,0.853,0.4979335104357405,0.23308270676691728,0.10911238891048336,0.037021292830100055,0.3880225394466147,0.531,133
19,0.6,1.5,Associative latent class model,,0.628,0.06464279001960781,0.9426229508196722,0.28089320615113006,0.2902422518039961,0.24166169422013373,0.376,122
19,0.6,1.5,Renal-adjusted associative latent class model,0.6206104212352775,0.829,0.4323978164605631,0.1721311475409836,0.1220585323414136,0.04219711246715436,0.36180891123863057,0.467,122
19,0.6,1.5,Biologically constrained latent SCM,0.601662130207029,0.828,0.42976708188487706,0.1557377049180328,0.12138037454912848,0.045218030259930875,0.364698015657044,0.468,122
19,0.6,1.5,Data-generating oracle (reference),,0.838,0.4564328117221254,0.20491803278688525,0.11836995926269148,0.0322822013953865,0.37067897265968414,0.522,122
20,0.6,1.5,Associative latent class model,,0.609,0.0466003909851249,0.872,0.29162413874944665,0.29448289280228884,0.254401213667026,0.344,125
20,0.6,1.5,Renal-adjusted associative latent class model,0.6160254482290193,0.816,0.39882272211428443,0.232,0.12559763827001863,0.02196384976120832,0.3924190999681151,0.489,125
20,0.6,1.5,Biologically constrained latent SCM,0.5955810632194644,0.817,0.40135721276187525,0.232,0.1256992470639559,0.022837829728400413,0.3891184070821771,0.492,125
20,0.6,1.5,Data-generating oracle (reference),,0.819,0.40645174998438377,0.28,0.12350281216088602,0.025033686262942015,0.3875733335000049,0.544,125
21,0.6,1.5,Associative latent class model,,0.675,0.12152270347300878,0.9238095238095239,0.24325933220432785,0.22651681810575566,0.2742780269674555,0.424,105
21,0.6,1.5,Renal-adjusted associative latent class model,0.4402505642497764,0.811,0.3862635920967237,0.09523809523809523,0.13299689018345884,0.03671888843807758,0.3605631523408268,0.528,105
21,0.6,1.5,Biologically constrained latent SCM,0.5404411014424252,0.823,0.41672638603019224,0.18095238095238095,0.12017355814854731,0.030038091779428577,0.3604333882106797,0.528,105
21,0.6,1.5,Data-generating oracle (reference),,0.828,0.4297544365176643,0.20952380952380953,0.11860176481693922,0.014201684294990729,0.3776826672164342,0.535,105
22,0.6,1.5,Associative latent class model,,0.602,0.040692929577835574,0.889763779527559,0.3101576919301435,0.31289938788581617,0.21598411658024966,0.35,127
22,0.6,1.5,Renal-adjusted associative latent class model,0.6077513343436458,0.842,0.46732311149960704,0.25196850393700787,0.11280717283511536,0.030618058828048,0.3797190897149513,0.496,127
22,0.6,1.5,Biologically constrained latent SCM,0.6193118383585626,0.843,0.4700658418244924,0.2677165354330709,0.11301075886771882,0.02965346050688043,0.3771234819738362,0.501,127
22,0.6,1.5,Data-generating oracle (reference),,0.838,0.45643314740404234,0.2755905511811024,0.11192720229671192,0.03335647283928582,0.3712416284128061,0.532,127
23,0.6,1.5,Associative latent class model,,0.545,0.006991055227195029,1.0,0.4148655508993844,0.42708610356033777,0.10405691550736086,0.304,119
23,0.6,1.5,Renal-adjusted associative latent class model,0.714929131851662,0.831,0.4376502623790924,0.3865546218487395,0.1232876008363427,0.09224028014307019,0.36945589435964943,0.636,119
23,0.6,1.5,Biologically constrained latent SCM,0.639544918675744,0.8,0.359311491794463,0.2689075630252101,0.13365138233768156,0.11370123655648623,0.3713545704932043,0.657,119
23,0.6,1.5,Data-generating oracle (reference),,0.855,0.5036034911216601,0.16806722689075632,0.10837222820520907,0.032652351100536,0.382925460829944,0.518,119
24,0.6,1.5,Associative latent class model,,0.646,0.08431573576663964,0.9545454545454546,0.26421625552758016,0.25964085989103236,0.2600570253572631,0.391,110
24,0.6,1.5,Renal-adjusted associative latent class model,0.5743314348261689,0.818,0.4039003105990339,0.15454545454545454,0.12453758223819796,0.0288936601466308,0.38263552876100143,0.495,110
24,0.6,1.5,Biologically constrained latent SCM,0.5967903663927422,0.82,0.4090091555935412,0.19090909090909092,0.12475167710726316,0.03359172963255257,0.37886663489275607,0.487,110
24,0.6,1.5,Data-generating oracle (reference),,0.831,0.4376801216478834,0.2,0.12107147118400667,0.02423270620147333,0.38453380097715256,0.534,110
25,0.6,1.5,Associative latent class model,,0.622,0.05837499720606864,0.7686567164179104,0.2925166217495139,0.28407868699987016,0.24925371979216035,0.362,134
25,0.6,1.5,Renal-adjusted associative latent class model,0.6511559276156617,0.835,0.44833619760597565,0.2835820895522388,0.11736024953102589,0.02134794241184656,0.3826711061223348,0.545,134
25,0.6,1.5,Biologically constrained latent SCM,0.6329364136811111,0.84,0.4618344420284546,0.21641791044776118,0.11656342641716591,0.041185579719532454,0.38467571926228444,0.566,134
25,0.6,1.5,Data-generating oracle (reference),,0.837,0.4537257235705798,0.1865671641791045,0.1149833460953023,0.03568261402669104,0.3832067558549813,0.529,134
26,0.6,1.5,Associative latent class model,,0.554,0.009651182944795916,0.9333333333333333,0.3609285617911413,0.38014558184388225,0.19168737554790757,0.33,120
26,0.6,1.5,Renal-adjusted associative latent class model,0.7888749729674864,0.809,0.3810357919376847,0.48333333333333334,0.1362503418734213,0.04416054606498371,0.36280854923633343,0.611,120
26,0.6,1.5,Biologically constrained latent SCM,0.7562709362942553,0.819,0.4060993019563118,0.375,0.13215709175963616,0.05961702984121576,0.37066598557724806,0.629,120
26,0.6,1.5,Data-generating oracle (reference),,0.816,0.39871580639337517,0.25,0.12445392699210592,0.036854274237623136,0.3834571361107412,0.572,120
27,0.6,1.5,Associative latent class model,,0.573,0.01991189024356164,0.6377952755905512,0.3613233542620161,0.35451401570190344,0.1796565447087239,0.262,127
27,0.6,1.5,Renal-adjusted associative latent class model,0.6431508594745277,0.796,0.34965144559482836,0.29133858267716534,0.14835483950987272,0.13424038994903692,0.3315144382910978,0.681,127
27,0.6,1.5,Biologically constrained latent SCM,0.6865978694785783,0.822,0.4140763986324462,0.3543307086614173,0.12953890813104055,0.08920346445537691,0.3475595026731553,0.629,127
27,0.6,1.5,Data-generating oracle (reference),,0.824,0.419316942109335,0.25984251968503935,0.11673431356409632,0.029829309231584267,0.37750910224926393,0.541,127
28,0.6,1.5,Associative latent class model,,0.633,0.06971487638218575,0.6837606837606838,0.2855572824307801,0.27505720672798034,0.23020102605906856,0.321,117
28,0.6,1.5,Renal-adjusted associative latent class model,0.6508253452802419,0.83,0.43503487819453407,0.36752136752136755,0.11953812880921157,0.02997363038016909,0.364067444515412,0.518,117
28,0.6,1.5,Biologically constrained latent SCM,0.6129299192943832,0.845,0.47557519980614016,0.26495726495726496,0.11591286843992654,0.025162965787588486,0.37313353488068113,0.521,117
28,0.6,1.5,Data-generating oracle (reference),,0.85,0.48948748620356214,0.23076923076923078,0.11547444972174027,0.03873743188174786,0.3820454404848387,0.536,117
29,0.6,1.5,Associative latent class model,,0.681,0.13017402281414694,0.9285714285714286,0.23880441704132888,0.21240180375980233,0.27597410411764334,0.486,140
29,0.6,1.5,Renal-adjusted associative latent class model,0.8185784016219299,0.79,0.3357453916292302,0.6071428571428571,0.15542247523169456,0.094368252799765,0.295202739673799,0.569,140
29,0.6,1.5,Biologically constrained latent SCM,0.5955134310183982,0.824,0.4193246537411391,0.3,0.12095644371955627,0.029940462145822987,0.34277623406176544,0.531,140
29,0.6,1.5,Data-generating oracle (reference),,0.832,0.44033784945490684,0.2785714285714286,0.1163213756641333,0.030930324982610044,0.37821600579235315,0.533,140
30,0.6,1.5,Associative latent class model,,0.575,0.021569726062231995,0.983739837398374,0.3554581379356171,0.367344336404349,0.15771497732806136,0.329,123
30,0.6,1.5,Renal-adjusted associative latent class model,0.5884764103878695,0.834,0.44567405006224603,0.3170731707317073,0.11655022094503441,0.046474938179577395,0.39288730227643925,0.57,123
30,0.6,1.5,Biologically constrained latent SCM,0.6218897352043625,0.838,0.45643622527068506,0.3821138211382114,0.11502380465925723,0.04299870569653988,0.3887264319652033,0.566,123
30,0.6,1.5,Data-generating oracle (reference),,0.841,0.46459004347731386,0.34959349593495936,0.11252292088079789,0.026937914776453752,0.37314623215844567,0.543,123
31,0.6,1.5,Associative latent class model,,0.593,0.03347622328445686,0.9214285714285714,0.31099727402393396,0.31198531647301664,0.25590048782496794,0.398,140
31,0.6,1.5,Renal-adjusted associative latent class model,0.4758036700381016,0.806,0.3739132301763437,0.12857142857142856,0.13271723461119908,0.02669341632879242,0.38267158151759084,0.527,140
31,0.6,1.5,Biologically constrained latent SCM,0.523999618840242,0.809,0.38129375795219955,0.18571428571428572,0.1293235020851964,0.023316728018257397,0.38359320960256515,0.538,140
31,0.6,1.5,Data-generating oracle (reference),,0.815,0.39627506310586363,0.21428571428571427,0.1262731524374134,0.01868676521300858,0.3869507878184643,0.55,140
32,0.6,1.5,Associative latent class model,,0.607,0.04394953762986777,0.7981651376146789,0.3008557915919919,0.30415357917369784,0.2509966046125393,0.331,109
32,0.6,1.5,Renal-adjusted associative latent class model,0.506103596125037,0.822,0.41415119191273597,0.11926605504587157,0.12928285019623428,0.058044165997455405,0.3775702103176525,0.486,109
32,0.6,1.5,Biologically constrained latent SCM,0.5324769653322904,0.826,0.424528414827451,0.11926605504587157,0.12738203194145373,0.05721990557745964,0.37630248016921247,0.484,109
32,0.6,1.5,Data-generating oracle (reference),,0.834,0.4456637188012239,0.1926605504587156,0.12230685390215729,0.030673700336154634,0.3849650091247546,0.524,109
33,0.6,1.5,Associative latent class model,,0.651,0.0903026037062735,0.9689922480620154,0.27167322864224547,0.2718843955398841,0.25093001725504316,0.425,129
33,0.6,1.5,Renal-adjusted associative latent class model,0.5289725331398314,0.831,0.43768186420162664,0.17054263565891473,0.11954386784695671,0.033519272283792985,0.3826119637700036,0.479,129
33,0.6,1.5,Biologically constrained latent SCM,0.5391674352033339,0.835,0.44834845240807747,0.17829457364341086,0.11976951671466804,0.03837576538015355,0.3798596545300894,0.481,129
33,0.6,1.5,Data-generating oracle (reference),,0.826,0.42452916419828174,0.26356589147286824,0.11835162047677185,0.029274320579719286,0.3705948651887454,0.53,129
34,0.6,1.5,Associative latent class model,,0.64,0.07709749355811572,0.8434782608695652,0.27632076315641824,0.26928372595590244,0.26414922295010196,0.392,115
34,0.6,1.5,Renal-adjusted associative latent class model,0.6794243543631454,0.835,0.44828866407681794,0.33043478260869563,0.1234619595579022,0.035190832133415444,0.3757830526194118,0.557,115
34,0.6,1.5,Biologically constrained latent SCM,0.6585534198780938,0.831,0.437540165125549,0.30434782608695654,0.12137161111602339,0.030437480988615005,0.3795079878910457,0.585,115
34,0.6,1.5,Data-generating oracle (reference),,0.833,0.44297024557607767,0.22608695652173913,0.12062480668846888,0.027566462397950055,0.3811814634252046,0.541,115
35,0.6,1.5,Associative latent class model,,0.63,0.06669930812802048,0.8888888888888888,0.2755906900762219,0.26929441521818065,0.25521103051587213,0.369,135
35,0.6,1.5,Renal-adjusted associative latent class model,0.4927298974207456,0.837,0.4537294472895265,0.1259259259259259,0.12052399818338,0.028588421728872312,0.39412285054676377,0.5,135
35,0.6,1.5,Biologically constrained latent SCM,0.6286499996883572,0.834,0.445669475923014,0.2518518518518518,0.11756047383042673,0.032170306332080165,0.3900188210974096,0.491,135
35,0.6,1.5,Data-generating oracle (reference),,0.841,0.4645883161919978,0.2074074074074074,0.11532472709560601,0.022154717523453923,0.37438572901389044,0.498,135
36,0.6,1.5,Associative latent class model,,0.645,0.08317688552968289,0.8409090909090909,0.27046624213376425,0.2596702816032726,0.25804601423186585,0.394,132
36,0.6,1.5,Renal-adjusted associative latent class model,0.5339611420937699,0.817,0.40135679066474783,0.17424242424242425,0.12631756490745918,0.05676003005645668,0.3628306888166398,0.458,132
36,0.6,1.5,Biologically constrained latent SCM,0.5070216808873929,0.81,0.38378302900148914,0.16666666666666666,0.12730298274041715,0.05938701151014707,0.36635941329166144,0.453,132
36,0.6,1.5,Data-generating oracle (reference),,0.831,0.43768153190453274,0.2196969696969697,0.11857918725759092,0.03739420113080592,0.3806411184849934,0.526,132
37,0.6,1.5,Associative latent class model,,0.616,0.05293637101281026,0.8508771929824561,0.3019645426264599,0.29725337016375325,0.2124720202613575,0.325,114
37,0.6,1.5,Renal-adjusted associative latent class model,0.6866782928361591,0.816,0.39882843136482704,0.30701754385964913,0.12383045054857612,0.047980456093805544,0.3675303696172513,0.569,114
37,0.6,1.5,Biologically constrained latent SCM,0.6901444235520952,0.811,0.3862797820730263,0.3333333333333333,0.12441661509701106,0.059303533824272406,0.3677467103680203,0.588,114
37,0.6,1.5,Data-generating oracle (reference),,0.834,0.44566979692331654,0.19298245614035087,0.1169641495805352,0.022819086490935774,0.37786894763022166,0.519,114
38,0.6,1.5,Associative latent class model,,0.614,0.05103133312528709,0.8217821782178217,0.2988198911212672,0.30636431343691145,0.21924538184417858,0.298,101
38,0.6,1.5,Renal-adjusted associative latent class model,0.5938484666855008,0.826,0.42452852819639303,0.25742574257425743,0.12114134182279852,0.024960994131466817,0.3879995331106577,0.516,101
38,0.6,1.5,Biologically constrained latent SCM,0.6062185583547747,0.822,0.4141501200569857,0.26732673267326734,0.12154896854349025,0.02074419159453011,0.3866407316373492,0.528,101
38,0.6,1.5,Data-generating oracle (reference),,0.836,0.4510350448569873,0.2079207920792079,0.11321407251455147,0.028609274156159076,0.3745774306505421,0.508,101
39,0.6,1.5,Associative latent class model,,0.685,0.13603247830791648,0.905982905982906,0.24280985811536776,0.22093392470372436,0.2948484686070067,0.482,117
39,0.6,1.5,Renal-adjusted associative latent class model,0.6527221646913167,0.81,0.3834140794834159,0.3333333333333333,0.12727199701486136,0.04766376222804976,0.36495979417304925,0.605,117
39,0.6,1.5,Biologically constrained latent SCM,0.6388547648856008,0.813,0.3908195943326923,0.29914529914529914,0.1279938037868275,0.056241867775557605,0.36610022552403854,0.616,117
39,0.6,1.5,Data-generating oracle (reference),,0.81,0.383680928716572,0.26495726495726496,0.1265150049031473,0.03561503954349517,0.38329286974310856,0.557,117
40,0.6,1.5,Associative latent class model,,0.578,0.023376688436434815,0.7950819672131147,0.34930055357762835,0.3496016999871191,0.18053940414712372,0.289,122
40,0.6,1.5,Renal-adjusted associative latent class model,0.5808855845784392,0.808,0.3788348286107412,0.14754098360655737,0.13031659998432718,0.030711937170302985,0.3767641607497125,0.485,122
40,0.6,1.5,Biologically constrained latent SCM,0.5934122828992923,0.809,0.3813053425013397,0.16393442622950818,0.12969090705943198,0.0322225631959798,0.3763670173043718,0.48,122
40,0.6,1.5,Data-generating oracle (reference),,0.808,0.37883488238690644,0.22950819672131148,0.1252358827392959,0.034843249336525675,0.38059304615148276,0.521,122
41,0.6,1.5,Associative latent class model,,0.629,0.06549569839018456,0.8294573643410853,0.2826927105223213,0.28254248274794364,0.2558942965687341,0.376,129
41,0.6,1.5,Renal-adjusted associative latent class model,0.7197008464591859,0.819,0.40640216017495506,0.4418604651162791,0.13331393692883717,0.05995052646514995,0.3501586611270567,0.594,129
41,0.6,1.5,Biologically constrained latent SCM,0.6701180293706507,0.815,0.39624717989448693,0.3798449612403101,0.1316028881207958,0.04896153838474168,0.3596071940651918,0.594,129
41,0.6,1.5,Data-generating oracle (reference),,0.815,0.3962845470713504,0.3023255813953488,0.12627422558529186,0.03234022627847487,0.36764776297969787,0.548,129
42,0.6,1.5,Associative latent class model,,0.608,0.045587701700420626,0.9722222222222222,0.3026243236782735,0.31411006939455904,0.22191508011405775,0.348,108
42,0.6,1.5,Renal-adjusted associative latent class model,0.4324132474038047,0.818,0.4039005666131536,0.1111111111111111,0.13539822636165458,0.038877593742840076,0.3835449615020659,0.506,108
42,0.6,1.5,Biologically constrained latent SCM,0.5611308892618256,0.821,0.4115763167386822,0.25,0.12262730759603029,0.036442435780212876,0.386810946143166,0.503,108
42,0.6,1.5,Data-generating oracle (reference),,0.835,0.4483466443845982,0.2777777777777778,0.11756580356726715,0.028322464476937467,0.3789496566668435,0.529,108
43,0.6,1.5,Associative latent class model,,0.638,0.07526683234090346,0.8129496402877698,0.27231142622694,0.265122764712105,0.24747155398354762,0.385,139
43,0.6,1.5,Renal-adjusted associative latent class model,0.6633674681899986,0.851,0.49229708350159757,0.26618705035971224,0.11215599450753606,0.03175034443263703,0.35667990929277527,0.538,139
43,0.6,1.5,Biologically constrained latent SCM,0.6747653591018127,0.847,0.4811187706641173,0.2949640287769784,0.11362576720948538,0.04261460090946613,0.3554594665658194,0.552,139
43,0.6,1.5,Data-generating oracle (reference),,0.849,0.4866906546952947,0.2158273381294964,0.11034787036369344,0.025961390451292927,0.37428859763414496,0.514,139
44,0.6,1.5,Associative latent class model,,0.658,0.09893114942596075,0.8521739130434782,0.26094803137909867,0.24485276220362662,0.2524865743215433,0.394,115
44,0.6,1.5,Renal-adjusted associative latent class model,0.7191119545705715,0.819,0.40645029201208993,0.4608695652173913,0.12908500815299215,0.03339212030582795,0.34694447219436814,0.519,115
44,0.6,1.5,Biologically constrained latent SCM,0.6269829215435488,0.816,0.39882151300198887,0.26956521739130435,0.11983509114899098,0.03085162920389153,0.3711400598852667,0.534,115
44,0.6,1.5,Data-generating oracle (reference),,0.823,0.4167325770390596,0.23478260869565218,0.11860629511967344,0.02155847426999133,0.3778629902132826,0.519,115
45,0.6,1.5,Associative latent class model,,0.635,0.07133331277168621,0.7830188679245284,0.2762989968973935,0.2688731893313716,0.2574846578403595,0.364,106
45,0.6,1.5,Renal-adjusted associative latent class model,0.5792903700984702,0.826,0.4245337558418437,0.19811320754716982,0.12342679652676465,0.04861183571330339,0.3584595969097551,0.497,106
45,0.6,1.5,Biologically constrained latent SCM,0.5653796161496635,0.828,0.4297709455064708,0.16981132075471697,0.1226511058854228,0.05043544176848334,0.3600730237677852,0.497,106
45,0.6,1.5,Data-generating oracle (reference),,0.828,0.42970130128607426,0.24528301886792453,0.11840108517389379,0.031455968231463585,0.3745611822418534,0.557,106
46,0.6,1.5,Associative latent class model,,0.581,0.024630644967049867,0.905982905982906,0.3474015617257884,0.352691020248995,0.19326126749908246,0.335,117
46,0.6,1.5,Renal-adjusted associative latent class model,0.6875975655718535,0.785,0.32422830849214607,0.49572649572649574,0.1491057737088301,0.06822328068141005,0.3592351054537241,0.501,117
46,0.6,1.5,Biologically constrained latent SCM,0.5046586886734223,0.783,0.3196401539573662,0.19658119658119658,0.14702709201245903,0.07858545363660101,0.3749199994582997,0.451,117
46,0.6,1.5,Data-generating oracle (reference),,0.809,0.38128381483142376,0.3247863247863248,0.13054215733428376,0.01894709181870195,0.3858357490513415,0.541,117
47,0.6,1.5,Associative latent class model,,0.695,0.15124686936264561,0.975609756097561,0.23005915424080675,0.20220698059270117,0.28354244567574727,0.521,123
47,0.6,1.5,Renal-adjusted associative latent class model,0.6259527555690054,0.831,0.4376212572455999,0.2764227642276423,0.11884947528142846,0.030859397784388357,0.33479105071533966,0.565,123
47,0.6,1.5,Biologically constrained latent SCM,0.5733596043619755,0.837,0.45369796685486,0.18699186991869918,0.1179809569070984,0.036054582124510744,0.33950604827535397,0.549,123
47,0.6,1.5,Data-generating oracle (reference),,0.836,0.45100455497929315,0.21951219512195122,0.11690168191010425,0.026385885251628095,0.37377845984558156,0.548,123
48,0.6,1.5,Associative latent class model,,0.627,0.06324969587536922,0.9159663865546218,0.2792136341326411,0.26829637438239723,0.25899206113683265,0.424,119
48,0.6,1.5,Renal-adjusted associative latent class model,0.5322917340160137,0.83,0.43503795132318496,0.12605042016806722,0.12473734720622642,0.05942091391516001,0.37443008904148656,0.513,119
48,0.6,1.5,Biologically constrained latent SCM,0.5600548786613452,0.833,0.44299367451501037,0.17647058823529413,0.12409883501105416,0.05680710551730197,0.372421058702615,0.52,119
48,0.6,1.5,Data-generating oracle (reference),,0.836,0.4508771763570838,0.2184873949579832,0.11736561713246808,0.02370266396218127,0.38704362869545367,0.569,119
49,0.6,1.5,Associative latent class model,,0.596,0.03591083949944855,0.9473684210526315,0.32278712142397276,0.3299455383608956,0.2044208005930618,0.331,114
49,0.6,1.5,Renal-adjusted associative latent class model,0.69601603219327,0.82,0.4090092399570706,0.40350877192982454,0.1268601395824771,0.030246607326146615,0.3611706290448209,0.535,114
49,0.6,1.5,Biologically constrained latent SCM,0.6216473357811777,0.826,0.4245289379313789,0.30701754385964913,0.12282522887123352,0.03107743971743083,0.3724551055400092,0.545,114
49,0.6,1.5,Data-generating oracle (reference),,0.83,0.43503525581261965,0.30701754385964913,0.12207784381375587,0.030498090881328706,0.37660313917682164,0.535,114
50,0.6,1.5,Associative latent class model,,0.667,0.11062508896236635,0.9487179487179487,0.25767332082389877,0.2471676491599799,0.2744115386010494,0.428,117
50,0.6,1.5,Renal-adjusted associative latent class model,0.6557296110348977,0.835,0.4483479615599544,0.27350427350427353,0.12244155648754139,0.02586268005629603,0.37013835718053234,0.518,117
50,0.6,1.5,Biologically constrained latent SCM,0.6422999852805128,0.832,0.44033116607820916,0.24786324786324787,0.12143498212934191,0.025975819802808896,0.3722592463646981,0.535,117
50,0.6,1.5,Data-generating oracle (reference),,0.837,0.45372636538814315,0.21367521367521367,0.11849851015278437,0.02374119446348017,0.3826263103716254,0.53,117
51,0.6,1.5,Associative latent class model,,0.638,0.07515728436006985,0.8527131782945736,0.26888020760834636,0.265316367300356,0.2707951083409629,0.4,129
51,0.6,1.5,Renal-adjusted associative latent class model,0.57334187065565,0.819,0.4064093835374233,0.23255813953488372,0.12862098031022537,0.043739277787278395,0.3650978500277149,0.583,129
51,0.6,1.5,Biologically constrained latent SCM,0.6008296703014788,0.822,0.41411453116722147,0.27906976744186046,0.1275230719196541,0.03509287621526779,0.36473598231042775,0.578,129
51,0.6,1.5,Data-generating oracle (reference),,0.828,0.42974585831647844,0.2868217054263566,0.12607016711356797,0.024954648631271854,0.37841592012367614,0.56,129
52,0.6,1.5,Associative latent class model,,0.667,0.11071679224956243,0.6971830985915493,0.25639979116558687,0.234089303082974,0.2405335356020699,0.374,142
52,0.6,1.5,Renal-adjusted associative latent class model,0.6291276805664162,0.819,0.4064503348332768,0.29577464788732394,0.13349956046469752,0.057976189610733725,0.3207282402141551,0.486,142
52,0.6,1.5,Biologically constrained latent SCM,0.5742024449478407,0.816,0.3988226471683735,0.21830985915492956,0.12885955890633033,0.0432957840929411,0.33308095607024074,0.487,142
52,0.6,1.5,Data-generating oracle (reference),,0.816,0.3988227686084976,0.2746478873239437,0.1265116064223234,0.031151685547626446,0.36931179431732936,0.515,142
53,0.6,1.5,Associative latent class model,,0.536,0.0022568372888570167,0.9173553719008265,0.396654352605806,0.4090748418334516,0.15839885066613515,0.325,121
53,0.6,1.5,Renal-adjusted associative latent class model,0.6374823217097483,0.807,0.3763745184417189,0.2809917355371901,0.13473274086449605,0.053126605632866114,0.40504931767211716,0.514,121
53,0.6,1.5,Biologically constrained latent SCM,0.5770643500934542,0.809,0.3813094846237413,0.18181818181818182,0.13269574882822774,0.05354151834179238,0.41353995805861765,0.512,121
53,0.6,1.5,Data-generating oracle (reference),,0.808,0.378666987679717,0.2396694214876033,0.13080460331813115,0.028960421675773423,0.3767099683806447,0.567,121
54,0.6,1.5,Associative latent class model,,0.55,0.008595583148176702,1.0,0.3739559023202239,0.3956209949646016,0.16883644682690124,0.316,116
54,0.6,1.5,Renal-adjusted associative latent class model,0.4076180389281686,0.798,0.35457228449374434,0.06896551724137931,0.14090939913924927,0.03339560941271655,0.3980049929211106,0.506,116
54,0.6,1.5,Biologically constrained latent SCM,0.5885061197149107,0.824,0.4192937360173705,0.25862068965517243,0.12294786564768985,0.03574321850364843,0.396922011056281,0.566,116
54,0.6,1.5,Data-generating oracle (reference),,0.825,0.42191848591079134,0.25862068965517243,0.12106962657668131,0.017641222496434152,0.38043768138324185,0.527,116
55,0.6,1.5,Associative latent class model,,0.58,0.024434002957846656,0.9009009009009009,0.33689111759029905,0.3506509432830819,0.1938755235900972,0.306,111
55,0.6,1.5,Renal-adjusted associative latent class model,0.5976105976984698,0.832,0.4403364942891457,0.2072072072072072,0.12287544109499607,0.04525872575101582,0.3758002599257234,0.486,111
55,0.6,1.5,Biologically constrained latent SCM,0.5539872022958612,0.825,0.421922166646699,0.1891891891891892,0.12373292150642742,0.048233976794427896,0.3814937588593086,0.487,111
55,0.6,1.5,Data-generating oracle (reference),,0.832,0.44033368622590524,0.22522522522522523,0.12139867915065139,0.010632273530712406,0.388168754898283,0.534,111
56,0.6,1.5,Associative latent class model,,0.644,0.08173189934343038,1.0,0.2723808952769716,0.2757889328771665,0.24554491339764045,0.39,99
56,0.6,1.5,Renal-adjusted associative latent class model,0.6783395261623719,0.801,0.3617555699708608,0.4444444444444444,0.1307481828707517,0.03125291557425268,0.39144260426691707,0.529,99
56,0.6,1.5,Biologically constrained latent SCM,0.6150602494044889,0.813,0.39124885461063175,0.3333333333333333,0.12693686731604942,0.02979440113993298,0.4053139335128452,0.537,99
56,0.6,1.5,Data-generating oracle (reference),,0.819,0.4064190192484662,0.2828282828282828,0.1258683937949891,0.020127937297600908,0.3809167166872618,0.547,99
57,0.6,1.5,Associative latent class model,,0.676,0.12297334355857423,0.8559322033898306,0.23924249326355804,0.22358418110723743,0.2883674362865461,0.451,118
57,0.6,1.5,Renal-adjusted associative latent class model,0.4563355411639048,0.798,0.354574262298616,0.0847457627118644,0.135334994292535,0.05985060419917222,0.3488695833281508,0.493,118
57,0.6,1.5,Biologically constrained latent SCM,0.5643515864405588,0.82,0.4090131966022869,0.1694915254237288,0.1259058600703378,0.047707253439222844,0.3504436384607653,0.501,118
57,0.6,1.5,Data-generating oracle (reference),,0.832,0.44033036391584346,0.19491525423728814,0.11921396809372896,0.03695338165004466,0.37028366379965233,0.525,118
58,0.6,1.5,Associative latent class model,,0.53,0.002677287664656204,0.9735099337748344,0.4301633464009461,0.44260507648408304,0.10892333308502979,0.333,151
58,0.6,1.5,Renal-adjusted associative latent class model,0.6560441814899668,0.818,0.4039047434951259,0.3509933774834437,0.12934454506240006,0.04621922758437404,0.36901527285609315,0.557,151
58,0.6,1.5,Biologically constrained latent SCM,0.531402300502322,0.816,0.39882571399838584,0.2251655629139073,0.12624061369596717,0.03240173491961931,0.3843586800302128,0.545,151
58,0.6,1.5,Data-generating oracle (reference),,0.818,0.4039012549516429,0.24503311258278146,0.12453682365286908,0.024325416446788303,0.3847638030110414,0.533,151
59,0.6,1.5,Associative latent class model,,0.67,0.11464734535701443,0.7984496124031008,0.26501945421595186,0.2510869791906874,0.2299853562934897,0.409,129
59,0.6,1.5,Renal-adjusted associative latent class model,0.6561514875795965,0.813,0.39125853483456224,0.29457364341085274,0.13717868381855217,0.0755771047469929,0.32308340422624954,0.458,129
59,0.6,1.5,Biologically constrained latent SCM,0.5227710467283354,0.807,0.37634321681941696,0.17054263565891473,0.13610060970122004,0.09590311895532609,0.33843604052320847,0.428,129
59,0.6,1.5,Data-generating oracle (reference),,0.825,0.4219230940521879,0.23255813953488372,0.12013427605684833,0.026484129123803414,0.38310395108858236,0.506,129
60,0.6,1.5,Associative latent class model,,0.558,0.0108029894448433,0.8739495798319328,0.35248340132021627,0.3588482493490359,0.21499946944126735,0.334,119
60,0.6,1.5,Renal-adjusted associative latent class model,0.6060817936656986,0.812,0.3887524781286122,0.19327731092436976,0.12880159936705707,0.043177989347213785,0.3506478008319018,0.524,119
60,0.6,1.5,Biologically constrained latent SCM,0.605429944539758,0.819,0.4064244282566869,0.16806722689075632,0.12761459948748552,0.04134633920062131,0.3508344764103107,0.531,119
60,0.6,1.5,Data-generating oracle (reference),,0.812,0.38871976160900135,0.24369747899159663,0.12702789970812817,0.027646011778505546,0.3839347854687225,0.538,119
61,0.6,1.5,Associative latent class model,,0.623,0.05939655045536067,0.8934426229508197,0.28648855196006107,0.28972792796809876,0.2495322229841259,0.38,122
61,0.6,1.5,Renal-adjusted associative latent class model,0.6134676953783096,0.842,0.4672430706850142,0.28688524590163933,0.11412657128351221,0.052644135609672967,0.3608096644590747,0.607,122
61,0.6,1.5,Biologically constrained latent SCM,0.639795820143629,0.833,0.4428965323805036,0.36065573770491804,0.11665203283990877,0.06365851824735758,0.3570324813641861,0.618,122
61,0.6,1.5,Data-generating oracle (reference),,0.845,0.4755407689560428,0.27049180327868855,0.11097160551328678,0.037850753162314066,0.3804024992003006,0.572,122
62,0.6,1.5,Associative latent class model,,0.611,0.04826901316485592,0.8787878787878788,0.309747995126268,0.3118157270086698,0.20229387031037566,0.306,99
62,0.6,1.5,Renal-adjusted associative latent class model,0.6211688163527728,0.827,0.4271412408774205,0.2222222222222222,0.12010324440360864,0.025402400739897222,0.37903649206454665,0.546,99
62,0.6,1.5,Biologically constrained latent SCM,0.6167133068842997,0.824,0.41932148912582484,0.21212121212121213,0.12029634509863366,0.02592736504562387,0.37969141239183657,0.545,99
62,0.6,1.5,Data-generating oracle (reference),,0.829,0.4323950327808595,0.21212121212121213,0.11978361166626658,0.02108019087502236,0.37073192167724117,0.54,99
63,0.6,1.5,Associative latent class model,,0.596,0.03585213379797853,0.9562043795620438,0.3266569248799765,0.3309363370017763,0.21811347962288954,0.384,137
63,0.6,1.5,Renal-adjusted associative latent class model,0.5774681646729386,0.806,0.37391436189558086,0.23357664233576642,0.13192016464325718,0.028544084692686166,0.3932122659984101,0.542,137
63,0.6,1.5,Biologically constrained latent SCM,0.6499907105634811,0.81,0.3837798861744757,0.291970802919708,0.13045426263770932,0.03254995162189546,0.3883955868049103,0.544,137
63,0.6,1.5,Data-generating oracle (reference),,0.814,0.39377834633779707,0.24087591240875914,0.12819401894002813,0.02382210497379465,0.3863725496178719,0.5,137
64,0.6,1.5,Associative latent class model,,0.619,0.055587226133265416,0.9818181818181818,0.29333485210867205,0.29602350864711013,0.2574714871428345,0.381,110
64,0.6,1.5,Renal-adjusted associative latent class model,0.6829237989360197,0.811,0.3862465676136888,0.39090909090909093,0.12920046982223693,0.04461030330043672,0.3464299861958687,0.569,110
64,0.6,1.5,Biologically constrained latent SCM,0.5823098613632635,0.821,0.4115637320139332,0.19090909090909092,0.1265293065301103,0.04648119343915947,0.3558216556542385,0.551,110
64,0.6,1.5,Data-generating oracle (reference),,0.818,0.4038959499344541,0.22727272727272727,0.12534094740495205,0.0211492800126034,0.3752597321246582,0.532,110
65,0.6,1.5,Associative latent class model,,0.553,0.009662123721014446,0.8095238095238095,0.4021537638854933,0.4081920455344566,0.1332980701469906,0.29,126
65,0.6,1.5,Renal-adjusted associative latent class model,0.6188675112581409,0.82,0.4089392451948959,0.2619047619047619,0.12476232384659725,0.039717225648013894,0.36694595874906166,0.595,126
65,0.6,1.5,Biologically constrained latent SCM,0.634432669456405,0.818,0.403813492609025,0.2777777777777778,0.12632603156711789,0.05173527870776209,0.3637683379982811,0.605,126
65,0.6,1.5,Data-generating oracle (reference),,0.827,0.42713147687908093,0.23809523809523808,0.12102513216997073,0.015305516763569234,0.38369799474502975,0.542,126
66,0.6,1.5,Associative latent class model,,0.591,0.03165904224731437,0.7235772357723578,0.31852869170110976,0.3127173595922337,0.23165867367255913,0.304,123
66,0.6,1.5,Renal-adjusted associative latent class model,0.6551071800433037,0.799,0.3569478654325721,0.3170731707317073,0.13510975602783487,0.03693549601968709,0.36456353212826026,0.542,123
66,0.6,1.5,Biologically constrained latent SCM,0.6726856115626345,0.796,0.34979982932776754,0.3333333333333333,0.13395922928041984,0.039201260705825205,0.3656796736894128,0.543,123
66,0.6,1.5,Data-generating oracle (reference),,0.824,0.41931570787174655,0.24390243902439024,0.12389798415596044,0.027435594787225612,0.38615362573773576,0.535,123
67,0.6,1.5,Associative latent class model,,0.596,0.03565860745434251,0.9137931034482759,0.31765405827861226,0.3258469682418887,0.21370160684517794,0.351,116
67,0.6,1.5,Renal-adjusted associative latent class model,0.7562206581974631,0.824,0.4192987061842636,0.39655172413793105,0.12918916311492545,0.03843150271366558,0.36249736358391316,0.563,116
67,0.6,1.5,Biologically constrained latent SCM,0.77736251408996,0.817,0.4013196466660579,0.4482758620689655,0.13089473548654246,0.048773109928013585,0.3585377905602771,0.576,116
67,0.6,1.5,Data-generating oracle (reference),,0.82,0.4089945182702696,0.29310344827586204,0.12591087066134093,0.019348534317265104,0.37807278416033346,0.549,116
68,0.6,1.5,Associative latent class model,,0.532,0.0021467221849639224,1.0,0.4487019464120045,0.45512494157737965,0.05813895113182116,0.283,106
68,0.6,1.5,Renal-adjusted associative latent class model,0.5948199279162526,0.798,0.3545577473661766,0.2830188679245283,0.13706523259906409,0.051641695824252536,0.3420912802408627,0.535,106
68,0.6,1.5,Biologically constrained latent SCM,0.49470366014493816,0.808,0.37883646762440687,0.09433962264150944,0.13969806048800854,0.05653282584736148,0.3486800006221606,0.511,106
68,0.6,1.5,Data-generating oracle (reference),,0.812,0.3887426563805264,0.20754716981132076,0.13039975360155356,0.03307806051737509,0.3736847372715761,0.545,106
69,0.6,1.5,Associative latent class model,,0.604,0.042352173729927764,0.8914728682170543,0.312630217109038,0.3176038095536952,0.2213072257038615,0.347,129
69,0.6,1.5,Renal-adjusted associative latent class model,0.602932688134892,0.837,0.4537294879609338,0.20155038759689922,0.12394737543580804,0.030929222047505447,0.3543428554069619,0.506,129
69,0.6,1.5,Biologically constrained latent SCM,0.5576147631282796,0.836,0.451034779584942,0.15503875968992248,0.12354616185323077,0.030463331989360104,0.3585128035413339,0.505,129
69,0.6,1.5,Data-generating oracle (reference),,0.835,0.4483485194817424,0.17829457364341086,0.12197112177021183,0.02121103846292376,0.37688238994254947,0.52,129
70,0.6,1.5,Associative latent class model,,0.552,0.008879875206657823,0.8648648648648649,0.3707641909678636,0.38566314931169,0.17960372107472433,0.283,111
70,0.6,1.5,Renal-adjusted associative latent class model,0.6337535140219229,0.824,0.4192878361060437,0.27927927927927926,0.12453847090177761,0.025192179385570744,0.3739905801697454,0.557,111
70,0.6,1.5,Biologically constrained latent SCM,0.6286335367944441,0.826,0.42449063858943503,0.26126126126126126,0.12434820797511972,0.029879003903629447,0.3748144295392825,0.559,111
70,0.6,1.5,Data-generating oracle (reference),,0.826,0.4245077137199637,0.22522522522522523,0.12425971562454842,0.018527179179732536,0.37493518188465036,0.545,111
71,0.6,1.5,Associative latent class model,,0.604,0.04206006209864282,0.8135593220338984,0.3127494203510098,0.30985883907880546,0.22528077643850547,0.326,118
71,0.6,1.5,Renal-adjusted associative latent class model,0.5986626023490711,0.826,0.42452944488893163,0.211864406779661,0.11871481831871664,0.022025634381050402,0.36426867218983777,0.508,118
71,0.6,1.5,Biologically constrained latent SCM,0.543169136195128,0.833,0.4430001482169084,0.1271186440677966,0.11863509392457072,0.029391040727649295,0.3691650051541569,0.503,118
71,0.6,1.5,Data-generating oracle (reference),,0.83,0.4350352962182955,0.16101694915254236,0.1166167690299563,0.012221429003061918,0.37808837672352413,0.514,118
72,0.6,1.5,Associative latent class model,,0.565,0.016009032524563267,0.8625954198473282,0.3714010862669752,0.3797272223039254,0.1523039009986058,0.301,131
72,0.6,1.5,Renal-adjusted associative latent class model,0.5996241475790919,0.824,0.419331911151383,0.21374045801526717,0.1265809571226154,0.06288522278806546,0.3795390668017518,0.58,131
72,0.6,1.5,Biologically constrained latent SCM,0.6723444609726393,0.827,0.4271497431980457,0.3053435114503817,0.12163329039253394,0.052027381415686295,0.37462069459933195,0.571,131
72,0.6,1.5,Data-generating oracle (reference),,0.835,0.448348601731863,0.25190839694656486,0.11757202725182003,0.01696491636266408,0.3760520884600878,0.521,131
73,0.6,1.5,Associative latent class model,,0.643,0.08053654301176957,0.788135593220339,0.27371878219153517,0.26833668956078954,0.24312849633335706,0.372,118
73,0.6,1.5,Renal-adjusted associative latent class model,0.6507866276600477,0.82,0.4089585808939769,0.2966101694915254,0.1226881841468068,0.04063112793703338,0.35429258440479344,0.563,118
73,0.6,1.5,Biologically constrained latent SCM,0.6901957449410512,0.827,0.4271022147785543,0.3389830508474576,0.12338291516227728,0.027215866196417006,0.3483787792769224,0.558,118
73,0.6,1.5,Data-generating oracle (reference),,0.83,0.43500186499924537,0.2627118644067797,0.12047522614167465,0.037567793023441404,0.377845811671693,0.553,118
74,0.6,1.5,Associative latent class model,,0.558,0.012438768039470431,0.9776119402985075,0.35151475482870714,0.3688566460880514,0.20905932325210302,0.34,134
74,0.6,1.5,Renal-adjusted associative latent class model,0.6650357744258099,0.824,0.41932148671466557,0.2537313432835821,0.12554100839841406,0.038424252493920306,0.35566316223747657,0.554,134
74,0.6,1.5,Biologically constrained latent SCM,0.6503914594625607,0.822,0.41414814427054536,0.21641791044776118,0.1258736492386788,0.04951012242682454,0.3567985997945986,0.556,134
74,0.6,1.5,Data-generating oracle (reference),,0.829,0.4323964832635345,0.17164179104477612,0.12173370011097862,0.021345672696893282,0.37624071945224263,0.511,134
75,0.6,1.5,Associative latent class model,,0.604,0.04238352275656214,0.9402985074626866,0.30427377670821115,0.31594465047785747,0.2326530455996745,0.357,134
75,0.6,1.5,Renal-adjusted associative latent class model,0.5795088376262941,0.806,0.3739278525061163,0.2537313432835821,0.1366543836184343,0.06219312796799656,0.3584947295511071,0.565,134
75,0.6,1.5,Biologically constrained latent SCM,0.5935888772420912,0.803,0.36661581631874496,0.26119402985074625,0.13840858302169498,0.0723644541922733,0.35693511636223946,0.574,134
75,0.6,1.5,Data-generating oracle (reference),,0.821,0.41157592792214187,0.26865671641791045,0.12857794174379342,0.0291608156285844,0.3778567707269856,0.52,134
76,0.6,1.5,Associative latent class model,,0.569,0.017219215137295532,0.84375,0.33085162757777836,0.3334589761978889,0.24417461896058376,0.345,128
76,0.6,1.5,Renal-adjusted associative latent class model,0.7184589017107106,0.797,0.35196492409490676,0.375,0.1395565020996765,0.045296861289473536,0.368649905686647,0.599,128
76,0.6,1.5,Biologically constrained latent SCM,0.6880132388974445,0.806,0.3736195301432991,0.3203125,0.13671425903126674,0.04987231447734612,0.3716929564937677,0.616,128
76,0.6,1.5,Data-generating oracle (reference),,0.817,0.401319025016707,0.234375,0.13143345329619865,0.03041687467035449,0.3789666173459841,0.545,128
77,0.6,1.5,Associative latent class model,,0.502,-0.002223644197338752,0.9172932330827067,0.44954350033120444,0.46049521191832243,0.11379500201843826,0.291,133
77,0.6,1.5,Renal-adjusted associative latent class model,0.6742306782653802,0.792,0.34020956059120516,0.3308270676691729,0.14340472768016752,0.05932245998446403,0.35878375408292945,0.601,133
77,0.6,1.5,Biologically constrained latent SCM,0.672139059530733,0.79,0.33547267346850523,0.3007518796992481,0.14473194783080914,0.06533037495832784,0.3569059911374067,0.619,133
77,0.6,1.5,Data-generating oracle (reference),,0.804,0.3690262997031985,0.21052631578947367,0.1381034855346325,0.027369146898634948,0.3837837782036685,0.525,133
78,0.6,1.5,Associative latent class model,,0.611,0.04822979311516292,0.8267716535433071,0.2898103627207646,0.2922645595200439,0.2583619755846876,0.344,127
78,0.6,1.5,Renal-adjusted associative latent class model,0.6045025502169595,0.828,0.42974619925524504,0.2755905511811024,0.1213043670812782,0.06146352979250669,0.3742199574302832,0.589,127
78,0.6,1.5,Biologically constrained latent SCM,0.6659521106215961,0.826,0.42450878231210565,0.3779527559055118,0.12389916442903967,0.060858759366048266,0.37306914867356117,0.589,127
78,0.6,1.5,Data-generating oracle (reference),,0.833,0.44299737956294283,0.25196850393700787,0.11645575872064079,0.01610803828283416,0.37998265944548554,0.53,127
79,0.6,1.5,Associative latent class model,,0.686,0.13747717066281873,0.773109243697479,0.23189753543203034,0.20370758354988242,0.26776271151913544,0.431,119
79,0.6,1.5,Renal-adjusted associative latent class model,0.5904777577360996,0.827,0.4271363128147352,0.24369747899159663,0.11817381292492332,0.021134359708000275,0.36340515967555787,0.536,119
79,0.6,1.5,Biologically constrained latent SCM,0.628895342265518,0.832,0.4403325660344562,0.2605042016806723,0.1193239723468986,0.02876319253326954,0.35642047123915827,0.529,119
79,0.6,1.5,Data-generating oracle (reference),,0.841,0.4645723173889644,0.23529411764705882,0.11785864825698084,0.02777671353235859,0.3738205629232844,0.554,119
80,0.6,1.5,Associative latent class model,,0.633,0.0698923702293704,0.8120300751879699,0.28607922180065426,0.2708404771511793,0.2390603083101803,0.361,133
80,0.6,1.5,Renal-adjusted associative latent class model,0.5919823831932419,0.824,0.41932291813913114,0.23308270676691728,0.1251765060663226,0.028193844857820602,0.3636977609579046,0.508,133
80,0.6,1.5,Biologically constrained latent SCM,0.584646546014489,0.822,0.41414963586092535,0.21804511278195488,0.12492747994962713,0.023147815323913523,0.3643509174332025,0.504,133
80,0.6,1.5,Data-generating oracle (reference),,0.823,0.416733343219447,0.24812030075187969,0.12494922844019266,0.02849523820151445,0.38595429145380983,0.523,133
81,0.6,1.5,Associative latent class model,,0.524,0.00048755798875178765,1.0,0.4208788255596038,0.43989446644793906,0.12155527906866459,0.299,118
81,0.6,1.5,Renal-adjusted associative latent class model,0.5605543405158139,0.821,0.4115781414602188,0.15254237288135594,0.1255950776682872,0.03652194193848115,0.36082324229924506,0.506,118
81,0.6,1.5,Biologically constrained latent SCM,0.5680190489996865,0.82,0.40901171855136476,0.1694915254237288,0.12550835787359912,0.03493036529336661,0.360217758864391,0.505,118
81,0.6,1.5,Data-generating oracle (reference),,0.828,0.42974913776096835,0.22033898305084745,0.11801702590094722,0.02710501878619524,0.38223407298606527,0.541,118
82,0.6,1.5,Associative latent class model,,0.633,0.06943986859925545,0.8,0.27475869140904846,0.2585804844487717,0.2521859229645451,0.384,120
82,0.6,1.5,Renal-adjusted associative latent class model,0.6512470188052996,0.82,0.40895749739683684,0.3416666666666667,0.12846100915855366,0.03240262922163823,0.3581645435826834,0.555,120
82,0.6,1.5,Biologically constrained latent SCM,0.6287645134354799,0.823,0.41670184602529237,0.2833333333333333,0.12748069960503547,0.03805558580764436,0.361702922796781,0.544,120
82,0.6,1.5,Data-generating oracle (reference),,0.825,0.4218846279706676,0.24166666666666667,0.1248275945077099,0.02635523911563658,0.370415100739649,0.548,120
83,0.6,1.5,Associative latent class model,,0.565,0.014311671249451482,0.794392523364486,0.3492142033364408,0.3543424303351692,0.20919905092793767,0.287,107
83,0.6,1.5,Renal-adjusted associative latent class model,0.5466539287745737,0.825,0.4219211086734748,0.17757009345794392,0.12599647027550248,0.04360814773485456,0.38200564812813914,0.517,107
83,0.6,1.5,Biologically constrained latent SCM,0.5661052260284307,0.824,0.41932445441764143,0.17757009345794392,0.12542342391470007,0.039929861293450504,0.38071566565227405,0.514,107
83,0.6,1.5,Data-generating oracle (reference),,0.838,0.4563570110313711,0.24299065420560748,0.122751784894219,0.03637135650525715,0.37957190282597353,0.564,107
84,0.6,1.5,Associative latent class model,,0.591,0.03186210164142762,0.84251968503937,0.3215782647711477,0.3201274077638936,0.22687225865787897,0.336,127
84,0.6,1.5,Renal-adjusted associative latent class model,0.631331872968685,0.815,0.3962966678964968,0.28346456692913385,0.12213573411111457,0.03751802451621335,0.3774461098378419,0.514,127
84,0.6,1.5,Biologically constrained latent SCM,0.5856059285363674,0.816,0.3988209109162059,0.23622047244094488,0.1188173166812496,0.03103122265235455,0.383953113755025,0.523,127
84,0.6,1.5,Data-generating oracle (reference),,0.819,0.4064402069366506,0.2283464566929134,0.11906457559974495,0.02708619021093738,0.3857185151034645,0.542,127
85,0.6,1.5,Associative latent class model,,0.622,0.057898406758500935,0.8256880733944955,0.2906757818313346,0.2867920737337228,0.24296806187923095,0.356,109
85,0.6,1.5,Renal-adjusted associative latent class model,0.7296701714565323,0.805,0.37134268881962346,0.44954128440366975,0.13086395890999308,0.04766636678577375,0.3363090449872935,0.577,109
85,0.6,1.5,Biologically constrained latent SCM,0.6763384945689503,0.81,0.38363246138145934,0.3394495412844037,0.1269808338925121,0.043594026874312325,0.34572047834630687,0.584,109
85,0.6,1.5,Data-generating oracle (reference),,0.814,0.3937369698774736,0.2018348623853211,0.12302695724160621,0.033360271359721506,0.37899021304683483,0.546,109
86,0.6,1.5,Associative latent class model,,0.587,0.029353126379510854,0.9655172413793104,0.32044390842198356,0.33948644792942395,0.22657835758619052,0.329,116
86,0.6,1.5,Renal-adjusted associative latent class model,0.5893781338990598,0.835,0.44834852740605613,0.2413793103448276,0.12098198207075724,0.02670734910928222,0.368954638737703,0.521,116
86,0.6,1.5,Biologically constrained latent SCM,0.5670861923459415,0.831,0.4376816577916277,0.21551724137931033,0.12181057349383279,0.027870647920255783,0.37074147303795835,0.515,116
86,0.6,1.5,Data-generating oracle (reference),,0.847,0.481117003366432,0.2413793103448276,0.11803293957138626,0.030980208504080575,0.3844979026965044,0.511,116
87,0.6,1.5,Associative latent class model,,0.534,0.0026628794141717043,0.9636363636363636,0.4079972312902324,0.41914853456784607,0.1427342277540905,0.288,110
87,0.6,1.5,Renal-adjusted associative latent class model,0.5741596150184618,0.801,0.3616955994253601,0.17272727272727273,0.1377825159806832,0.041154317613367575,0.3691276520738546,0.573,110
87,0.6,1.5,Biologically constrained latent SCM,0.6180931448871321,0.801,0.3616646489422527,0.2545454545454545,0.13527321015343266,0.04950724063302683,0.36836276520611705,0.587,110
87,0.6,1.5,Data-generating oracle (reference),,0.827,0.4271358155402318,0.23636363636363636,0.12308447426124837,0.026890596696442937,0.37939035782361485,0.529,110
88,0.6,1.5,Associative latent class model,,0.665,0.10799559861251748,0.7247706422018348,0.26051097015286606,0.24560484859379242,0.2296610704017029,0.35,109
88,0.6,1.5,Renal-adjusted associative latent class model,0.6271771055733741,0.839,0.45914224157860245,0.30275229357798167,0.12134995651948226,0.043101709218302614,0.3491443001085729,0.554,109
88,0.6,1.5,Biologically constrained latent SCM,0.5807321190643586,0.821,0.4115740649238037,0.24770642201834864,0.12565307089137417,0.048009324887517524,0.3589699396012051,0.566,109
88,0.6,1.5,Data-generating oracle (reference),,0.835,0.44834812415017533,0.23853211009174313,0.12093758232362165,0.022583978976984973,0.37903870828987113,0.53,109
89,0.6,1.5,Associative latent class model,,0.555,0.01083305438078324,0.8913043478260869,0.35247584098042567,0.3622309215344863,0.22053755543217968,0.335,138
89,0.6,1.5,Renal-adjusted associative latent class model,0.65053737521745,0.812,0.38876612785168135,0.2826086956521739,0.1313658211348535,0.04610657939163908,0.38364100897929587,0.494,138
89,0.6,1.5,Biologically constrained latent SCM,0.5992557339105179,0.826,0.42453000375995453,0.2318840579710145,0.12536505811340037,0.04647954997581414,0.39226799473126767,0.502,138
89,0.6,1.5,Data-generating oracle (reference),,0.835,0.4483419155129864,0.2318840579710145,0.11752700483444024,0.02921685817666432,0.3789678715689405,0.537,138
90,0.6,1.5,Associative latent class model,,0.594,0.03429358132707796,0.9508196721311475,0.3226025589400633,0.32897867395776936,0.22324640402025783,0.359,122
90,0.6,1.5,Renal-adjusted associative latent class model,0.6783189404013974,0.813,0.3912654974253205,0.319672131147541,0.12903526565567205,0.02778103457043296,0.3673163636762483,0.53,122
90,0.6,1.5,Biologically constrained latent SCM,0.5785232953901371,0.823,0.4167332179915072,0.1721311475409836,0.12770807423365757,0.033033497365304365,0.3778952299021058,0.508,122
90,0.6,1.5,Data-generating oracle (reference),,0.822,0.4141498592776078,0.2459016393442623,0.12517156558087877,0.026315984190232403,0.3770128929880459,0.519,122
91,0.6,1.5,Associative latent class model,,0.528,0.0010429709774051402,1.0,0.41478384828825965,0.43313620843504874,0.12595532000612444,0.321,122
91,0.6,1.5,Renal-adjusted associative latent class model,0.5018844063240399,0.806,0.37392225755826736,0.12295081967213115,0.13659362385218954,0.051832962302675256,0.3617281545839469,0.507,122
91,0.6,1.5,Biologically constrained latent SCM,0.5623887226968928,0.817,0.4013542607184116,0.18032786885245902,0.1327672356262172,0.04443094680224813,0.3580545872051047,0.52,122
91,0.6,1.5,Data-generating oracle (reference),,0.817,0.40133576279453276,0.23770491803278687,0.13087934637421308,0.028700865389430712,0.38385199745981824,0.536,122
92,0.6,1.5,Associative latent class model,,0.647,0.08538091572727866,0.8898305084745762,0.27500183803097594,0.26440586107961295,0.24324846910631515,0.409,118
92,0.6,1.5,Renal-adjusted associative latent class model,0.5069461386761119,0.797,0.35217609739154615,0.211864406779661,0.13773757912561363,0.04092847414679003,0.36239638269654767,0.535,118
92,0.6,1.5,Biologically constrained latent SCM,0.5393694846575805,0.797,0.3521704424640597,0.2627118644067797,0.1361378736837169,0.04515528114423019,0.36041429503357447,0.541,118
92,0.6,1.5,Data-generating oracle (reference),,0.797,0.3521590330993073,0.2966101694915254,0.1338690769998684,0.03493031410841285,0.3846888254426697,0.551,118
93,0.6,1.5,Associative latent class model,,0.587,0.027702894346240584,0.7431192660550459,0.32557439642507496,0.32418976076491113,0.21436366926667308,0.303,109
93,0.6,1.5,Renal-adjusted associative latent class model,0.5552705802648408,0.846,0.4783328439031888,0.1559633027522936,0.1086633422964656,0.033723172161887166,0.3709063713633985,0.526,109
93,0.6,1.5,Biologically constrained latent SCM,0.5615236771332438,0.847,0.4811040097052298,0.1651376146788991,0.10813940348993542,0.03370501381049022,0.3706226325343091,0.529,109
93,0.6,1.5,Data-generating oracle (reference),,0.852,0.4950281020233414,0.1926605504587156,0.10458127004243775,0.029983052551497278,0.36648570643552547,0.564,109
94,0.6,1.5,Associative latent class model,,0.646,0.08367538665252496,0.7837837837837838,0.27043854415355656,0.2580663872931401,0.27677470652990144,0.386,111
94,0.6,1.5,Renal-adjusted associative latent class model,0.6230312903904988,0.809,0.38120636439433364,0.25225225225225223,0.13156695121077466,0.02614500544995649,0.3791826432484873,0.555,111
94,0.6,1.5,Biologically constrained latent SCM,0.6080652856032253,0.806,0.3738055622740609,0.23423423423423423,0.13149928248740222,0.02556487456585085,0.38137738807171523,0.558,111
94,0.6,1.5,Data-generating oracle (reference),,0.813,0.3911278134689226,0.2072072072072072,0.13001570006468396,0.02277144343373822,0.38820625063718855,0.565,111
95,0.6,1.5,Associative latent class model,,0.558,0.012089923547405146,0.9692307692307692,0.34456523469143474,0.3559090729298967,0.22516590122365004,0.353,130
95,0.6,1.5,Renal-adjusted associative latent class model,0.4284915469160664,0.756,0.2612272918840142,0.06153846153846154,0.16677984481281624,0.1377210204579747,0.3780157565279266,0.383,130
95,0.6,1.5,Biologically constrained latent SCM,0.47583491758514646,0.756,0.2612394878249412,0.1,0.16592310145940928,0.1405072267993084,0.376355250853387,0.387,130
95,0.6,1.5,Data-generating oracle (reference),,0.794,0.34507923152030184,0.2153846153846154,0.13742964602850832,0.03182647504421504,0.39570060076639973,0.533,130
96,0.6,1.5,Associative latent class model,,0.502,-0.001430477007264656,1.0,0.4587105542025994,0.4733262782685512,0.08982548542541725,0.31,138
96,0.6,1.5,Renal-adjusted associative latent class model,0.34213752492170246,0.767,0.2844415858604618,0.043478260869565216,0.16077092072098872,0.06562545806990686,0.38904557136807216,0.511,138
96,0.6,1.5,Biologically constrained latent SCM,0.5688798472055123,0.826,0.42452928546435204,0.12318840579710146,0.12451015083611215,0.0343095795935581,0.4234951180086077,0.512,138
96,0.6,1.5,Data-generating oracle (reference),,0.836,0.45103499416303616,0.12318840579710146,0.11834425085988783,0.028764782834251906,0.38530787371229297,0.516,138
97,0.6,1.5,Associative latent class model,,0.654,0.09388187688463513,0.8648648648648649,0.2677020550517924,0.2553991437653745,0.2531056236720613,0.388,111
97,0.6,1.5,Renal-adjusted associative latent class model,0.6079449973756413,0.821,0.4115661273794682,0.2702702702702703,0.12488853553449249,0.03223430208847061,0.3596417771916867,0.551,111
97,0.6,1.5,Biologically constrained latent SCM,0.6011519409049186,0.819,0.406436379595242,0.26126126126126126,0.12637254238656867,0.036935352978266604,0.35882114452593783,0.561,111
97,0.6,1.5,Data-generating oracle (reference),,0.823,0.416731238911631,0.26126126126126126,0.123897045856941,0.031626228754023294,0.38750130870092037,0.525,111
98,0.6,1.5,Associative latent class model,,0.595,0.0350244179314545,0.7345132743362832,0.3275042666264668,0.3252343508295098,0.21485726030514887,0.281,113
98,0.6,1.5,Renal-adjusted associative latent class model,0.5981943074709517,0.82,0.4090092733556984,0.2743362831858407,0.11897711823044085,0.025494782419011697,0.3516410355039282,0.508,113
98,0.6,1.5,Biologically constrained latent SCM,0.5222675429420512,0.825,0.42192186770542994,0.17699115044247787,0.11766991655418937,0.02804813327248763,0.36069182972205266,0.517,113
98,0.6,1.5,Data-generating oracle (reference),,0.823,0.41673048989422656,0.25663716814159293,0.11602435717729928,0.033193435777960724,0.3757466369110607,0.543,113
99,0.6,1.5,Associative latent class model,,0.603,0.04149772388348129,0.9572649572649573,0.31410351777187834,0.3191799339289512,0.21898827262543963,0.343,117
99,0.6,1.5,Renal-adjusted associative latent class model,0.7100886859812905,0.823,0.4167329220897908,0.4444444444444444,0.13167584179057212,0.03819035035297369,0.3845911461162973,0.525,117
99,0.6,1.5,Biologically constrained latent SCM,0.6180872620364624,0.83,0.4350354136039519,0.28205128205128205,0.12389784110998754,0.030930006510826794,0.40065023966368,0.532,117
99,0.6,1.5,Data-generating oracle (reference),,0.838,0.45643250301988436,0.21367521367521367,0.11944021571400729,0.02632042321179831,0.38680674926818076,0.52,117
100,0.6,1.5,Associative latent class model,,0.545,0.006455982989545356,0.8666666666666667,0.3690804559734409,0.3798189754629987,0.19616241942291124,0.287,120
100,0.6,1.5,Renal-adjusted associative latent class model,0.4422805104342529,0.805,0.3714500075209499,0.058333333333333334,0.14298151760201977,0.03421962358700746,0.38956103314773305,0.551,120
100,0.6,1.5,Biologically constrained latent SCM,0.618405892656934,0.815,0.396293849786228,0.19166666666666668,0.1276197242036129,0.023541113410256224,0.4085508232920398,0.523,120
100,0.6,1.5,Data-generating oracle (reference),,0.818,0.40389427190292154,0.175,0.12795920329237004,0.03178121920658352,0.38703698887832816,0.53,120
101,0.6,1.5,Associative latent class model,,0.694,0.149685665643838,0.8809523809523809,0.22809860609107818,0.21161279431123095,0.26123401506014554,0.466,126
101,0.6,1.5,Renal-adjusted associative latent class model,0.523845771531966,0.819,0.40645060508240244,0.19047619047619047,0.12295491811044724,0.03171228916723125,0.3421387965219422,0.515,126
101,0.6,1.5,Biologically constrained latent SCM,0.6011727488477971,0.815,0.3962910180219327,0.2857142857142857,0.12272150021897855,0.038097946401135764,0.33684490855774013,0.533,126
101,0.6,1.5,Data-generating oracle (reference),,0.825,0.421914265247754,0.2619047619047619,0.1205093163511202,0.02138451788588127,0.3665741021233551,0.539,126
102,0.6,1.5,Associative latent class model,,0.593,0.03367284999532738,0.9827586206896551,0.3186088255927908,0.3268823810563979,0.20596654386714328,0.337,116
102,0.6,1.5,Renal-adjusted associative latent class model,0.5784648540442419,0.818,0.40390013694432775,0.25862068965517243,0.12569566695703233,0.03232329095262298,0.4140476235657104,0.522,116
102,0.6,1.5,Biologically constrained latent SCM,0.5677934114152737,0.816,0.3988230618861949,0.25,0.1260568000513052,0.030538260682356613,0.41559184659625875,0.522,116
102,0.6,1.5,Data-generating oracle (reference),,0.816,0.3988234868872757,0.28448275862068967,0.12580710415624435,0.03005659751835234,0.3757766754487401,0.53,116
103,0.6,1.5,Associative latent class model,,0.597,0.03596976435073237,0.8290598290598291,0.30882288667608726,0.31146393352045376,0.22774886183212278,0.335,117
103,0.6,1.5,Renal-adjusted associative latent class model,0.6108185552879961,0.824,0.41910114405229726,0.2564102564102564,0.12495933655359075,0.053137962886438156,0.35265892560347084,0.62,117
103,0.6,1.5,Biologically constrained latent SCM,0.6693104869601249,0.819,0.4062194762363168,0.3333333333333333,0.12388841101098794,0.06296238348838654,0.34538978772390005,0.621,117
103,0.6,1.5,Data-generating oracle (reference),,0.849,0.4866521853224092,0.23931623931623933,0.11225998091518283,0.029519999395477593,0.3749990990862473,0.555,117
104,0.6,1.5,Associative latent class model,,0.619,0.055509633601528,0.976,0.29540656134506765,0.30775515004674514,0.25672546176556044,0.41,125
104,0.6,1.5,Renal-adjusted associative latent class model,0.666531272815035,0.816,0.3988077964062127,0.4,0.12704860580898059,0.027498772965942338,0.3759904226209728,0.535,125
104,0.6,1.5,Biologically constrained latent SCM,0.5775685709387038,0.817,0.40134916229388645,0.248,0.12131427087089404,0.02902758151499624,0.3849295633442669,0.528,125
104,0.6,1.5,Data-generating oracle (reference),,0.822,0.41412613473718635,0.272,0.12056554795504229,0.02903329979632428,0.37499250596238165,0.543,125
105,0.6,1.5,Associative latent class model,,0.617,0.053755531096944774,0.9624060150375939,0.2952471110799603,0.30273475577909104,0.2466304478176837,0.407,133
105,0.6,1.5,Renal-adjusted associative latent class model,0.6010638132852263,0.823,0.416731238911631,0.22556390977443608,0.12641044725928596,0.022459754535120002,0.38645544137247806,0.525,133
105,0.6,1.5,Biologically constrained latent SCM,0.6415360688160494,0.816,0.39881852809271084,0.3007518796992481,0.12681682367314087,0.02584228818939186,0.3823669120662041,0.536,133
105,0.6,1.5,Data-generating oracle (reference),,0.825,0.4219175039951687,0.24060150375939848,0.12595345212559841,0.026905257300523667,0.3820650721272568,0.537,133
106,0.6,1.5,Associative latent class model,,0.524,0.0008024824497436586,1.0,0.45333956610144105,0.4614163416076993,0.062444915256815815,0.298,121
106,0.6,1.5,Renal-adjusted associative latent class model,0.5588473666290129,0.826,0.4245177169825425,0.24793388429752067,0.12300887553024666,0.02620057586169082,0.36928259547329917,0.542,121
106,0.6,1.5,Biologically constrained latent SCM,0.5186960082942614,0.825,0.42190649183155016,0.1652892561983471,0.12407573886664681,0.02199907399935022,0.3713061669271869,0.549,121
106,0.6,1.5,Data-generating oracle (reference),,0.829,0.43237837206400687,0.256198347107438,0.12136087810488619,0.025935499471850317,0.37805440698939524,0.553,121
107,0.6,1.5,Associative latent class model,,0.553,0.010366946833677525,0.9225352112676056,0.3874218507482378,0.39687682886209186,0.14090545294400653,0.319,142
107,0.6,1.5,Renal-adjusted associative latent class model,0.6313610451468988,0.822,0.41415185125423015,0.22535211267605634,0.12640114112206396,0.03339921350385993,0.40267259518217924,0.468,142
107,0.6,1.5,Biologically constrained latent SCM,0.6252879110788973,0.822,0.4141513237811535,0.2112676056338028,0.1254729939025526,0.02816237579174502,0.40423662671856825,0.472,142
107,0.6,1.5,Data-generating oracle (reference),,0.816,0.3988228363547169,0.24647887323943662,0.12452473347448614,0.025905841592050186,0.3880506879379773,0.516,142
108,0.6,1.5,Associative latent class model,,0.577,0.022826974296158615,0.9615384615384616,0.33990828601945094,0.35890602579958325,0.20937354505187014,0.337,130
108,0.6,1.5,Renal-adjusted associative latent class model,0.45655399931679563,0.816,0.39882441923514694,0.09230769230769231,0.12892896335322257,0.042334379890027356,0.3924040544060805,0.532,130
108,0.6,1.5,Biologically constrained latent SCM,0.6098806534864974,0.84,0.4618622938900265,0.23076923076923078,0.11451133555768038,0.04054667718798529,0.398616233615939,0.522,130
108,0.6,1.5,Data-generating oracle (reference),,0.85,0.4894900604743349,0.25384615384615383,0.11129613945315342,0.026758969185337995,0.37952036874411227,0.524,130
109,0.6,1.5,Associative latent class model,,0.589,0.02982997886880695,0.8252427184466019,0.3208262156327287,0.3312050055802292,0.22654731781075998,0.3,103
109,0.6,1.5,Renal-adjusted associative latent class model,0.5587899604629346,0.84,0.46185308379071244,0.20388349514563106,0.11609574000217092,0.027451296473987002,0.3972306116059366,0.531,103
109,0.6,1.5,Biologically constrained latent SCM,0.6015782259611117,0.833,0.44299483313139165,0.27184466019417475,0.11695351949785217,0.021265001033653634,0.392174923328182,0.524,103
109,0.6,1.5,Data-generating oracle (reference),,0.838,0.45642027347028397,0.24271844660194175,0.11553926526159629,0.025972370080540413,0.37791631367466993,0.535,103
110,0.6,1.5,Associative latent class model,,0.527,0.0003899792096377006,0.9322033898305084,0.39176951159631,0.40669751880515015,0.17952252268461535,0.298,118
110,0.6,1.5,Renal-adjusted associative latent class model,0.263619527406919,0.756,0.2614116690426141,0.00847457627118644,0.1715307673922355,0.07616125634068796,0.37353745670409555,0.505,118
110,0.6,1.5,Biologically constrained latent SCM,0.6585661746465111,0.825,0.42171804003458563,0.2542372881355932,0.1250145753247304,0.037520697041323846,0.3971559175962267,0.598,118
110,0.6,1.5,Data-generating oracle (reference),,0.841,0.46455803375538357,0.17796610169491525,0.11852724314334154,0.031465858769589086,0.3741257700440211,0.542,118
111,0.6,1.5,Associative latent class model,,0.652,0.09117748930177975,0.7407407407407407,0.27089415932463673,0.2614147230817774,0.2334238130752543,0.352,108
111,0.6,1.5,Renal-adjusted associative latent class model,0.5968760529821292,0.829,0.4323953398474483,0.23148148148148148,0.11983624242397732,0.03986808949893429,0.3716956848208655,0.519,108
111,0.6,1.5,Biologically constrained latent SCM,0.5986407438615461,0.827,0.42714046290710894,0.24074074074074073,0.1196800350711841,0.043224574372325505,0.37202894689769644,0.523,108
111,0.6,1.5,Data-generating oracle (reference),,0.838,0.45641370882074517,0.2037037037037037,0.11911166743069006,0.02172904579667075,0.3728069782323197,0.548,108
112,0.6,1.5,Associative latent class model,,0.553,0.010224990994022494,0.9838709677419355,0.37686737870357867,0.39941605303637573,0.17335479965804504,0.314,124
112,0.6,1.5,Renal-adjusted associative latent class model,0.544869685565321,0.833,0.44299747568457165,0.1774193548387097,0.11903158084124751,0.043804976268470255,0.39086052336671084,0.568,124
112,0.6,1.5,Biologically constrained latent SCM,0.5872664214506228,0.837,0.45372804449009874,0.21774193548387097,0.11759668113908632,0.048490897045714645,0.3898064359857323,0.572,124
112,0.6,1.5,Data-generating oracle (reference),,0.844,0.4728166932088307,0.20161290322580644,0.11206778725724768,0.02041130093696954,0.3793093279897339,0.525,124
113,0.6,1.5,Associative latent class model,,0.61,0.04670613625412557,0.7894736842105263,0.2977543761547971,0.2939953451683818,0.24139487953828181,0.338,114
113,0.6,1.5,Renal-adjusted associative latent class model,0.6014986535758504,0.815,0.396297759175454,0.30701754385964913,0.13129834675690288,0.03799601174960946,0.3902623086285074,0.513,114
113,0.6,1.5,Biologically constrained latent SCM,0.5789288565657449,0.816,0.39882379399490336,0.2894736842105263,0.13034385771554502,0.03973892453902039,0.39650267425857383,0.514,114
113,0.6,1.5,Data-generating oracle (reference),,0.825,0.42187005355466023,0.2719298245614035,0.1269842720236737,0.031146974116199634,0.39646380306797174,0.557,114
114,0.6,1.5,Associative latent class model,,0.599,0.03799186975589242,0.9274193548387096,0.31069186628025713,0.31968373259144345,0.22444617575898154,0.37,124
114,0.6,1.5,Renal-adjusted associative latent class model,0.46992156268742324,0.817,0.4013363021722486,0.056451612903225805,0.13220717424434986,0.07318028294560217,0.41066222204564445,0.45,124
114,0.6,1.5,Biologically constrained latent SCM,0.5423698292277086,0.806,0.3738623357708014,0.10483870967741936,0.13551072237835587,0.09720021289645964,0.39795529249236533,0.423,124
114,0.6,1.5,Data-generating oracle (reference),,0.825,0.4219198074712001,0.1935483870967742,0.12086728118242324,0.03195822091707246,0.38492054058911485,0.522,124
115,0.6,1.5,Associative latent class model,,0.614,0.051063251083800124,0.8073394495412844,0.2991300789933522,0.29406457259008656,0.23652860255845662,0.314,109
115,0.6,1.5,Renal-adjusted associative latent class model,0.6656944963429479,0.803,0.36660253186525044,0.4036697247706422,0.13752283634547524,0.04413933450031655,0.39516523980382623,0.489,109
115,0.6,1.5,Biologically constrained latent SCM,0.5405976986330581,0.828,0.42976580229728595,0.1559633027522936,0.1292108739939139,0.046380294562576814,0.41641594878335575,0.482,109
115,0.6,1.5,Data-generating oracle (reference),,0.817,0.40135766365078224,0.25688073394495414,0.12768352806640454,0.035516606602780006,0.3963056279592901,0.529,109
116,0.6,1.5,Associative latent class model,,0.642,0.07966826070990636,0.9345794392523364,0.28711104939619553,0.2879546030313856,0.21448220254826128,0.371,107
116,0.6,1.5,Renal-adjusted associative latent class model,0.689332036744,0.816,0.3988153606711434,0.308411214953271,0.12152140388923659,0.03562533640792311,0.3815825935538241,0.555,107
116,0.6,1.5,Biologically constrained latent SCM,0.7095279202864586,0.821,0.41156476843446904,0.308411214953271,0.12303661552920997,0.04328761866432784,0.37800135581499206,0.566,107
116,0.6,1.5,Data-generating oracle (reference),,0.817,0.4013549313572458,0.2803738317757009,0.12113780002101716,0.028687206823742747,0.383914382710265,0.534,107
117,0.6,1.5,Associative latent class model,,0.65,0.08896355788691525,0.8688524590163934,0.26517884438964767,0.2576741325462779,0.2503682598552991,0.425,122
117,0.6,1.5,Renal-adjusted associative latent class model,0.523575893977256,0.826,0.42452889733709415,0.13934426229508196,0.12381808556956236,0.05783426383595089,0.350396580233519,0.485,122
117,0.6,1.5,Biologically constrained latent SCM,0.6058603593212883,0.826,0.42453184778860076,0.21311475409836064,0.12271124029648157,0.047178752612724584,0.3451149135744836,0.495,122
117,0.6,1.5,Data-generating oracle (reference),,0.832,0.4403082289264067,0.2540983606557377,0.11770037671016162,0.02029763239809387,0.3744268599754458,0.547,122
118,0.6,1.5,Associative latent class model,,0.62,0.056063172062404035,0.824,0.2833080706758787,0.2671304030222793,0.2725737224281886,0.404,125
118,0.6,1.5,Renal-adjusted associative latent class model,0.6903414690857611,0.813,0.3910746458076726,0.36,0.1258681852582649,0.03747242805383943,0.3667350448995352,0.569,125
118,0.6,1.5,Biologically constrained latent SCM,0.5695410574389129,0.827,0.42698341843348225,0.168,0.12180260972460792,0.03181538697470349,0.38167680213904426,0.565,125
118,0.6,1.5,Data-generating oracle (reference),,0.828,0.42964121840593755,0.184,0.12194805589778886,0.026622360897466738,0.37524397643856994,0.558,125
119,0.6,1.5,Associative latent class model,,0.621,0.05737574390341766,0.8333333333333334,0.28917853189469167,0.2888890782710952,0.24947302654521888,0.341,108
119,0.6,1.5,Renal-adjusted associative latent class model,0.5840142219828088,0.83,0.4349969174063455,0.2037037037037037,0.12275068497264038,0.042129694637853383,0.3771362623597182,0.582,108
119,0.6,1.5,Biologically constrained latent SCM,0.6510269398492657,0.824,0.4192643187751553,0.3333333333333333,0.12384594331814393,0.054712636941581905,0.3713908238282117,0.6,108
119,0.6,1.5,Data-generating oracle (reference),,0.837,0.4537185777176726,0.24074074074074073,0.11884003939249811,0.02313537561257504,0.3844912296209407,0.547,108
120,0.6,1.5,Associative latent class model,,0.615,0.051789990243690104,0.9159663865546218,0.2873605142339285,0.2895472943242313,0.24750788974657434,0.371,119
120,0.6,1.5,Renal-adjusted associative latent class model,0.6301050564574957,0.83,0.4350024993638678,0.18487394957983194,0.12145639066308919,0.04030372565394877,0.36478480545290165,0.576,119
120,0.6,1.5,Biologically constrained latent SCM,0.6730226230887734,0.828,0.429756768959331,0.24369747899159663,0.11997937216329464,0.025369708816807432,0.36186748917347766,0.542,119
120,0.6,1.5,Data-generating oracle (reference),,0.824,0.41932365008435674,0.20168067226890757,0.11905354158949093,0.035812001138368924,0.38028639446979745,0.514,119
121,0.6,1.5,Associative latent class model,,0.561,0.013343662133898178,0.8829787234042553,0.3666952215797311,0.3761386134352977,0.17061177782265763,0.256,94
121,0.6,1.5,Renal-adjusted associative latent class model,0.6280361730863866,0.838,0.4564077563672246,0.24468085106382978,0.1214760368108239,0.03283994485073666,0.3646245369385381,0.571,94
121,0.6,1.5,Biologically constrained latent SCM,0.6384193292639454,0.838,0.4563999271328124,0.24468085106382978,0.12332182851697925,0.048028889384640346,0.36255475742129417,0.581,94
121,0.6,1.5,Data-generating oracle (reference),,0.837,0.4537235496611761,0.2127659574468085,0.12028674106523281,0.022778130645234235,0.37500546486132286,0.538,94
122,0.6,1.5,Associative latent class model,,0.659,0.10029913912064124,0.7851239669421488,0.2648693182357266,0.2556929751588446,0.22892183936239097,0.355,121
122,0.6,1.5,Renal-adjusted associative latent class model,0.6708761576190174,0.78,0.3129602043342673,0.3140495867768595,0.14775785090496615,0.10555579285762841,0.364803948580735,0.632,121
122,0.6,1.5,Biologically constrained latent SCM,0.6981728671676485,0.78,0.3129573407091376,0.38016528925619836,0.1452054537111241,0.10546905376398852,0.3650320301638577,0.628,121
122,0.6,1.5,Data-generating oracle (reference),,0.831,0.4376821121530603,0.23140495867768596,0.12208881155592531,0.03548885881782822,0.37965784891943377,0.521,121
123,0.6,1.5,Associative latent class model,,0.569,0.016808878851255264,0.865546218487395,0.3514719138175393,0.3579420941837587,0.1934053885436552,0.33,119
123,0.6,1.5,Renal-adjusted associative latent class model,0.6219516725988151,0.792,0.3402945239591886,0.31932773109243695,0.1357135014112831,0.046337747510803245,0.36971483644768555,0.561,119
123,0.6,1.5,Biologically constrained latent SCM,0.6166070385529253,0.793,0.3426336303088569,0.3025210084033613,0.13538701657642144,0.04166891680851779,0.3706977094244292,0.562,119
123,0.6,1.5,Data-generating oracle (reference),,0.799,0.35687838732180227,0.3025210084033613,0.1339445714316925,0.03655308931069,0.39295529062299883,0.556,119
124,0.6,1.5,Associative latent class model,,0.587,0.029101715353623856,0.9478260869565217,0.3375381598834012,0.34522232789605006,0.20383748311872663,0.334,115
124,0.6,1.5,Renal-adjusted associative latent class model,0.622816261003811,0.781,0.3150452589482832,0.43478260869565216,0.15002591481906621,0.0966220295072856,0.3550747604017661,0.648,115
124,0.6,1.5,Biologically constrained latent SCM,0.6883520745727194,0.784,0.3218285022100146,0.4782608695652174,0.15125390489991536,0.10683868586113396,0.34522198542836713,0.651,115
124,0.6,1.5,Data-generating oracle (reference),,0.8,0.3593385040536841,0.40869565217391307,0.1343035659556056,0.030716040157812374,0.3805074770637084,0.567,115
125,0.6,1.5,Associative latent class model,,0.553,0.01012332211082176,0.896,0.3561596026296122,0.36780954804481514,0.20905092217835972,0.298,125
125,0.6,1.5,Renal-adjusted associative latent class model,0.6243717747636729,0.829,0.4323940499908243,0.304,0.12241413025002111,0.031194854955720372,0.4021525576066398,0.54,125
125,0.6,1.5,Biologically constrained latent SCM,0.5958647215395751,0.832,0.44033359602394356,0.248,0.12203359579268083,0.02896285008813026,0.4060472683261744,0.543,125
125,0.6,1.5,Data-generating oracle (reference),,0.835,0.4483465814141688,0.256,0.11832247024597402,0.03483611500512686,0.38424372524701217,0.536,125
126,0.6,1.5,Associative latent class model,,0.625,0.061552686168311346,0.9,0.2972495795444053,0.30136094058150487,0.21886643067247838,0.376,130
126,0.6,1.5,Renal-adjusted associative latent class model,0.5504609107120284,0.823,0.41673277138963544,0.16923076923076924,0.12168745335146484,0.02422988773583744,0.37841101785711384,0.512,130
126,0.6,1.5,Biologically constrained latent SCM,0.5856350481510569,0.828,0.42976566629139995,0.18461538461538463,0.12058729641706897,0.02548509503347641,0.3765417898017305,0.523,130
126,0.6,1.5,Data-generating oracle (reference),,0.831,0.4376817695790325,0.18461538461538463,0.11558471776164672,0.02527814539979092,0.37514193891445174,0.5,130
127,0.6,1.5,Associative latent class model,,0.575,0.021291123342629555,0.59375,0.3454657305433647,0.339688870603059,0.211694471961604,0.249,128
127,0.6,1.5,Renal-adjusted associative latent class model,0.556813314356723,0.808,0.37881818205996326,0.171875,0.13135306770354374,0.05409965303039891,0.36087941631184245,0.586,128
127,0.6,1.5,Biologically constrained latent SCM,0.6498298463106638,0.811,0.38625093174774333,0.28125,0.12998140809651657,0.06445856920863392,0.35876740547463287,0.593,128
127,0.6,1.5,Data-generating oracle (reference),,0.829,0.43239488241420465,0.1953125,0.11826095320109695,0.020740945656645336,0.3793239997165865,0.531,128
128,0.6,1.5,Associative latent class model,,0.63,0.06632560261421089,0.8793103448275862,0.28026603622952484,0.2775469865417921,0.2482731647830728,0.391,116
128,0.6,1.5,Renal-adjusted associative latent class model,0.501808550854881,0.835,0.4483482443947092,0.1724137931034483,0.11605821525930109,0.03867380837411058,0.33814884556722175,0.516,116
128,0.6,1.5,Biologically constrained latent SCM,0.5120187435134242,0.832,0.4403367757668605,0.1896551724137931,0.11533936575309116,0.043658421014501264,0.337788957291853,0.515,116
128,0.6,1.5,Data-generating oracle (reference),,0.843,0.47002169072718814,0.2413793103448276,0.11051206755836716,0.016759318612512425,0.36448345586136077,0.554,116
129,0.6,1.5,Associative latent class model,,0.569,0.01820119560219534,0.8055555555555556,0.3580411947375761,0.3629447662768353,0.18458913115358275,0.305,144
129,0.6,1.5,Renal-adjusted associative latent class model,0.5637956513794968,0.805,0.371472865001644,0.25,0.1306065713994517,0.03937792947210153,0.37950615841075636,0.471,144
129,0.6,1.5,Biologically constrained latent SCM,0.5521593269248171,0.81,0.3837855730612238,0.2222222222222222,0.13016752558781905,0.03794935325825526,0.3821905649875716,0.468,144
129,0.6,1.5,Data-generating oracle (reference),,0.817,0.4013576066418775,0.2916666666666667,0.12815262904689997,0.031750721061901355,0.37744785597803604,0.519,144
130,0.6,1.5,Associative latent class model,,0.61,0.047390183689017276,0.8671875,0.29861847757101884,0.2913055515233377,0.24440875405372198,0.359,128
130,0.6,1.5,Renal-adjusted associative latent class model,0.6404485351417007,0.799,0.3569569164791736,0.28125,0.13778679932039067,0.06218926672116079,0.3617675399413381,0.452,128
130,0.6,1.5,Biologically constrained latent SCM,0.5905861948703569,0.803,0.3666015668867701,0.25,0.13220427324470077,0.04700228635065984,0.3696043415295205,0.472,128
130,0.6,1.5,Data-generating oracle (reference),,0.811,0.3862692667145238,0.2734375,0.12631951976552572,0.030151868400427898,0.37910916310195164,0.528,128
131,0.6,1.5,Associative latent class model,,0.621,0.05714135371608817,0.8484848484848485,0.28736951124447063,0.2985812732685334,0.23972485344601766,0.325,99
131,0.6,1.5,Renal-adjusted associative latent class model,0.5930602340464306,0.837,0.45363100544053914,0.18181818181818182,0.11449611399432033,0.055631590767818984,0.36060258011560575,0.605,99
131,0.6,1.5,Biologically constrained latent SCM,0.6915776779811338,0.851,0.4922279115655594,0.29292929292929293,0.1080870265684705,0.0541007298183973,0.35320094129172,0.591,99
131,0.6,1.5,Data-generating oracle (reference),,0.855,0.5035856973229542,0.2222222222222222,0.10425096015928556,0.02796916513519161,0.37082579656789627,0.549,99
132,0.6,1.5,Associative latent class model,,0.603,0.04093370113073352,0.897196261682243,0.29834623292298607,0.29839501060469303,0.25254082020279445,0.342,107
132,0.6,1.5,Renal-adjusted associative latent class model,0.6158982329397884,0.825,0.4218971736219146,0.2336448598130841,0.12759437024275658,0.021489059897160136,0.3636664744747269,0.546,107
132,0.6,1.5,Biologically constrained latent SCM,0.61294201293525,0.825,0.4218971736219146,0.2336448598130841,0.1276733606045645,0.0230623218801846,0.3636998232846582,0.546,107
132,0.6,1.5,Data-generating oracle (reference),,0.819,0.406441599183223,0.205607476635514,0.12573207284433538,0.018580847071857615,0.3795782335850899,0.53,107
133,0.6,1.5,Associative latent class model,,0.654,0.09372488186988341,0.7818181818181819,0.2668315456679211,0.25152996760321156,0.250878214229825,0.366,110
133,0.6,1.5,Renal-adjusted associative latent class model,0.504498225593345,0.834,0.4456634376087662,0.1,0.12113444514380742,0.02951123021822873,0.37711575004691306,0.532,110
133,0.6,1.5,Biologically constrained latent SCM,0.5920190128930755,0.839,0.4591331580271993,0.22727272727272727,0.11811976566300095,0.017912710217725846,0.36615859048155575,0.539,110
133,0.6,1.5,Data-generating oracle (reference),,0.84,0.4618500274575767,0.20909090909090908,0.11819112512442351,0.027356307432662028,0.3801312220392225,0.542,110
134,0.6,1.5,Associative latent class model,,0.518,-0.00191453725389831,1.0,0.42816299517218287,0.44461657599009774,0.12576593936350866,0.293,108
134,0.6,1.5,Renal-adjusted associative latent class model,0.5765873043396712,0.795,0.3474537345452594,0.19444444444444445,0.13974878601695412,0.06528423695607927,0.3494596143514583,0.492,108
134,0.6,1.5,Biologically constrained latent SCM,0.5248978581203702,0.798,0.3545788952683095,0.12962962962962962,0.13948307060600643,0.06271631753658426,0.35559168260736357,0.501,108
134,0.6,1.5,Data-generating oracle (reference),,0.816,0.3987730247098814,0.24074074074074073,0.12475670460444202,0.042124485516676226,0.39200181304310183,0.543,108
135,0.6,1.5,Associative latent class model,,0.584,0.02687438523522884,0.8389830508474576,0.3265476461416057,0.32839414604576084,0.21952186892474312,0.315,118
135,0.6,1.5,Renal-adjusted associative latent class model,0.5748714771720369,0.828,0.4297447635630087,0.1440677966101695,0.12316079787952984,0.03128710850612271,0.35303694526621315,0.559,118
135,0.6,1.5,Biologically constrained latent SCM,0.6001805127077219,0.824,0.41930034783310577,0.1864406779661017,0.12244981857889782,0.03486136294433406,0.35152399056805717,0.561,118
135,0.6,1.5,Data-generating oracle (reference),,0.83,0.4350287560482911,0.2033898305084746,0.12102216668495466,0.021530746949651267,0.3830791278323167,0.535,118
136,0.6,1.5,Associative latent class model,,0.546,0.006684007905564002,0.8064516129032258,0.3836402856479604,0.39100807419827643,0.16910453281354512,0.282,124
136,0.6,1.5,Renal-adjusted associative latent class model,0.6599056134802825,0.838,0.45638745348299214,0.25,0.1128962322387874,0.03058357790649919,0.36323943210654724,0.572,124
136,0.6,1.5,Biologically constrained latent SCM,0.6333668124258836,0.838,0.45636728620281636,0.22580645161290322,0.11374636753700251,0.045240898662488295,0.36432596077426205,0.586,124
136,0.6,1.5,Data-generating oracle (reference),,0.84,0.46184332527113464,0.1774193548387097,0.112046422461575,0.024519588235666384,0.3809171818722808,0.548,124
137,0.6,1.5,Associative latent class model,,0.571,0.018612559075823338,0.9,0.3564573176021368,0.36558116135806507,0.18269350970706585,0.325,120
137,0.6,1.5,Renal-adjusted associative latent class model,0.41114859648811,0.786,0.32651043315781436,0.1,0.14909783959878112,0.04524560761892592,0.37648813038763396,0.516,120
137,0.6,1.5,Biologically constrained latent SCM,0.5713676826173539,0.817,0.40135883561325464,0.225,0.12699557715634027,0.03143244556809907,0.3892712536153277,0.511,120
137,0.6,1.5,Data-generating oracle (reference),,0.816,0.3988072867656932,0.25833333333333336,0.12481833509597033,0.02401497113473267,0.38102050494930345,0.54,120
138,0.6,1.5,Associative latent class model,,0.621,0.057525848907118995,0.9316239316239316,0.28503367036840305,0.28762324177265375,0.2505658552813633,0.377,117
138,0.6,1.5,Renal-adjusted associative latent class model,0.6732807495947668,0.824,0.419290746251113,0.3418803418803419,0.1226937604138697,0.05459650809857526,0.35423895728802746,0.592,117
138,0.6,1.5,Biologically constrained latent SCM,0.6511672088707299,0.821,0.4115355824322808,0.3076923076923077,0.12378633845627583,0.06258994924101662,0.3555528172472143,0.601,117
138,0.6,1.5,Data-generating oracle (reference),,0.839,0.45913723658951033,0.2222222222222222,0.11462319874449886,0.02845301772701168,0.3762418174777956,0.543,117
139,0.6,1.5,Associative latent class model,,0.639,0.07605290292200148,0.8440366972477065,0.2760980094795959,0.27012952795815454,0.25272753905401507,0.375,109
139,0.6,1.5,Renal-adjusted associative latent class model,0.5481431782173173,0.838,0.45643236184496216,0.1926605504587156,0.12031516517602778,0.02935215234082373,0.35739867621511456,0.516,109
139,0.6,1.5,Biologically constrained latent SCM,0.5391432899635613,0.835,0.4483498885450722,0.1834862385321101,0.11998316256910863,0.0293325212449467,0.35927284779345386,0.511,109
139,0.6,1.5,Data-generating oracle (reference),,0.841,0.464573859770598,0.25688073394495414,0.11567496748655597,0.02136678034183605,0.3720016964412612,0.539,109
140,0.6,1.5,Associative latent class model,,0.588,0.0300968634863806,0.7952755905511811,0.3283095971169975,0.32480373970768117,0.21492740518242764,0.302,127
140,0.6,1.5,Renal-adjusted associative latent class model,0.6136003875800513,0.818,0.40389954725725996,0.25196850393700787,0.1267387144229542,0.0266135966780446,0.3786887897198092,0.498,127
140,0.6,1.5,Biologically constrained latent SCM,0.6007153892750388,0.816,0.39882248452527336,0.2283464566929134,0.12627859386626528,0.033917774290382716,0.3793345876900158,0.496,127
140,0.6,1.5,Data-generating oracle (reference),,0.827,0.4271431968699398,0.2283464566929134,0.1254362411786549,0.021444393528220106,0.3865301823859322,0.517,127
141,0.6,1.5,Associative latent class model,,0.621,0.05724375396108775,0.8083333333333333,0.2873215564012942,0.2767371042651501,0.25920384751253106,0.363,120
141,0.6,1.5,Renal-adjusted associative latent class model,0.711505473655667,0.819,0.40636515127536876,0.36666666666666664,0.12555374493528426,0.04036469855066339,0.37264866953856507,0.583,120
141,0.6,1.5,Biologically constrained latent SCM,0.6721934054176103,0.819,0.40637748706001164,0.3333333333333333,0.12285797371869592,0.028823622653498856,0.3784078237720878,0.577,120
141,0.6,1.5,Data-generating oracle (reference),,0.823,0.4167125465652021,0.23333333333333334,0.12106400194108374,0.03022842972308664,0.37463438977703595,0.543,120
142,0.6,1.5,Associative latent class model,,0.674,0.12012469614454073,0.9174311926605505,0.24334725937267707,0.24083220689832344,0.2677786931491876,0.455,109
142,0.6,1.5,Renal-adjusted associative latent class model,0.7402075959257266,0.832,0.4400626093657039,0.3486238532110092,0.11810962221216977,0.03671680681902319,0.33679680347082,0.589,109
142,0.6,1.5,Biologically constrained latent SCM,0.7333541610409645,0.828,0.42937393816848635,0.3394495412844037,0.11774849364174897,0.029961617124795052,0.33896266034510397,0.605,109
142,0.6,1.5,Data-generating oracle (reference),,0.837,0.4536045853765257,0.1834862385321101,0.11518876985312568,0.03213557083432167,0.3770039758802088,0.562,109
143,0.6,1.5,Associative latent class model,,0.581,0.02518611675157982,0.7954545454545454,0.3302580640881554,0.3267752792036933,0.22532680062609545,0.311,132
143,0.6,1.5,Renal-adjusted associative latent class model,0.6247657871492819,0.825,0.4219189316586785,0.3106060606060606,0.12544665578038938,0.040601382980747405,0.3486135896387361,0.549,132
143,0.6,1.5,Biologically constrained latent SCM,0.58383943915655,0.826,0.42452594616337785,0.25757575757575757,0.12417840178311099,0.030843598823186564,0.35159195195559206,0.546,132
143,0.6,1.5,Data-generating oracle (reference),,0.833,0.4429975001168198,0.25,0.12322927815582764,0.030027453516402132,0.38048899961596677,0.537,132
144,0.6,1.5,Associative latent class model,,0.607,0.04448846621818363,0.8968253968253969,0.2964173386793163,0.30147397815533067,0.2658268812671713,0.393,126
144,0.6,1.5,Renal-adjusted associative latent class model,0.6224908411569109,0.836,0.4509700574526533,0.25396825396825395,0.11709020760516624,0.021618170764229335,0.35183049014865025,0.562,126
144,0.6,1.5,Biologically constrained latent SCM,0.6016636553017676,0.828,0.42968362021059237,0.24603174603174602,0.11747351656321148,0.022641481995374878,0.3505147709518028,0.568,126
144,0.6,1.5,Data-generating oracle (reference),,0.835,0.44828528767200243,0.21428571428571427,0.11280367766647134,0.02034033013086122,0.37830683161252227,0.561,126
145,0.6,1.5,Associative latent class model,,0.622,0.058211924113917124,0.7657657657657657,0.3032537972235708,0.29332461672716303,0.222482117504718,0.332,111
145,0.6,1.5,Renal-adjusted associative latent class model,0.6112744322544367,0.834,0.44566962135965893,0.17117117117117117,0.12177819275687049,0.028431990032065525,0.36605026136021857,0.516,111
145,0.6,1.5,Biologically constrained latent SCM,0.5573569163361412,0.832,0.44033719802327814,0.13513513513513514,0.123255779150877,0.037200271242029403,0.36962046546583976,0.512,111
145,0.6,1.5,Data-generating oracle (reference),,0.837,0.4537294202803458,0.16216216216216217,0.12158965775736102,0.03664382118313613,0.37091654298725174,0.517,111
146,0.6,1.5,Associative latent class model,,0.63,0.06645021054960984,0.7966101694915254,0.2866702064151209,0.2871264916904045,0.22499243328992724,0.35,118
146,0.6,1.5,Renal-adjusted associative latent class model,0.6002653190536402,0.816,0.39880331370870015,0.2627118644067797,0.12359653774152955,0.046783229078775516,0.3314734186533844,0.558,118
146,0.6,1.5,Biologically constrained latent SCM,0.6336676651407165,0.818,0.4038710133579084,0.3220338983050847,0.12437881433072433,0.054514692693774104,0.3273346322630439,0.57,118
146,0.6,1.5,Data-generating oracle (reference),,0.833,0.44299621867108646,0.2711864406779661,0.11850363400389995,0.03402611009776666,0.359533428000325,0.527,118
147,0.6,1.5,Associative latent class model,,0.551,0.009066349699639686,0.9916666666666667,0.3575136526889476,0.3726388884747791,0.20620529933951603,0.324,120
147,0.6,1.5,Renal-adjusted associative latent class model,0.5162537857484601,0.817,0.40135371342625575,0.10833333333333334,0.12452984095395851,0.024284695670750468,0.39144612955749186,0.528,120
147,0.6,1.5,Biologically constrained latent SCM,0.6182215249978877,0.827,0.42711458005532443,0.20833333333333334,0.12178209217791562,0.02971931531219736,0.3866072641738135,0.568,120
147,0.6,1.5,Data-generating oracle (reference),,0.839,0.45913274856511466,0.175,0.11751524587003652,0.02783659547367309,0.3867333146218194,0.544,120
148,0.6,1.5,Associative latent class model,,0.594,0.03403974814542605,0.7894736842105263,0.3144544042910754,0.3161503811359232,0.23885488205528743,0.307,114
148,0.6,1.5,Renal-adjusted associative latent class model,0.4659267129957521,0.825,0.4218932963680925,0.13157894736842105,0.13305103294967638,0.04629539699034878,0.3768330907146038,0.574,114
148,0.6,1.5,Biologically constrained latent SCM,0.5309941840524862,0.824,0.4193200716958634,0.20175438596491227,0.12258231474457396,0.03035505647905777,0.3819028866208968,0.529,114
148,0.6,1.5,Data-generating oracle (reference),,0.819,0.4064388988447018,0.2719298245614035,0.12231078096420092,0.027833092970499355,0.39007612636076816,0.548,114
149,0.6,1.5,Associative latent class model,,0.545,0.006061814238360636,0.8660714285714286,0.4137868163371104,0.417828081250326,0.12390994882687058,0.279,112
149,0.6,1.5,Renal-adjusted associative latent class model,0.5590016869922834,0.815,0.3961499333518082,0.23214285714285715,0.13129365958019837,0.06087166720870277,0.38591438886430207,0.607,112
149,0.6,1.5,Biologically constrained latent SCM,0.567755041719064,0.816,0.39866859774116237,0.25,0.1300784855957232,0.06000285375189717,0.38701390352421505,0.61,112
149,0.6,1.5,Data-generating oracle (reference),,0.832,0.4403013761820558,0.22321428571428573,0.11935448576566966,0.026556461980572165,0.38167938772324245,0.556,112
150,0.6,1.5,Associative latent class model,,0.569,0.01765688848043624,0.963963963963964,0.34180624831257894,0.36270527754662757,0.21556854358049032,0.317,111
150,0.6,1.5,Renal-adjusted associative latent class model,0.6781828950546941,0.81,0.3837854201319341,0.3063063063063063,0.13272597891688748,0.04420132580099303,0.3879349087200909,0.494,111
150,0.6,1.5,Biologically constrained latent SCM,0.594138158503934,0.809,0.38130549723679447,0.21621621621621623,0.1308776385853471,0.04411178079053597,0.3963680827270231,0.485,111
150,0.6,1.5,Data-generating oracle (reference),,0.813,0.391263649049375,0.27927927927927926,0.12845133184544658,0.019503036299797723,0.3894445124907047,0.527,111
151,0.6,1.5,Associative latent class model,,0.663,0.10528199570300278,0.8363636363636363,0.2623892795539731,0.24727409335068007,0.23229051469879364,0.385,110
151,0.6,1.5,Renal-adjusted associative latent class model,0.5574866433730441,0.808,0.37883607921288875,0.20909090909090908,0.1291531549963115,0.04230331922380153,0.366223037947405,0.504,110
151,0.6,1.5,Biologically constrained latent SCM,0.5669341410564546,0.814,0.393778743104588,0.20909090909090908,0.12878120293828635,0.0428214536923961,0.3655622328746631,0.508,110
151,0.6,1.5,Data-generating oracle (reference),,0.816,0.3988166775451061,0.2545454545454545,0.12512154638370665,0.024012894848418176,0.39317792976916827,0.538,110
152,0.6,1.5,Associative latent class model,,0.554,0.010553024912321572,0.8421052631578947,0.36526950031528155,0.37396645495119396,0.1913451252779596,0.299,133
152,0.6,1.5,Renal-adjusted associative latent class model,0.5785610418007604,0.815,0.39628821035080686,0.17293233082706766,0.12615343110354119,0.042765406843854555,0.36453473228218186,0.568,133
152,0.6,1.5,Biologically constrained latent SCM,0.6130662517469421,0.811,0.3862598850009294,0.24060150375939848,0.12594022988109252,0.05163924719052013,0.3636482774879795,0.576,133
152,0.6,1.5,Data-generating oracle (reference),,0.811,0.38626983051029096,0.21052631578947367,0.12145023755252334,0.036201553153620614,0.38173977610524085,0.522,133
153,0.6,1.5,Associative latent class model,,0.547,0.0074450185457620435,1.0,0.4097549379986366,0.42242165009479815,0.10896425528488761,0.303,113
153,0.6,1.5,Renal-adjusted associative latent class model,0.6112156276706858,0.809,0.38124114143996257,0.26548672566371684,0.14142904494086822,0.0625985625388833,0.36509875462257696,0.601,113
153,0.6,1.5,Biologically constrained latent SCM,0.6477034107573664,0.82,0.4089332852656603,0.2920353982300885,0.14129471268241098,0.07910993943500752,0.36303834625695913,0.612,113
153,0.6,1.5,Data-generating oracle (reference),,0.82,0.4089925896789066,0.23893805309734514,0.12752679562513125,0.029799238290683018,0.3698352503093288,0.554,113
154,0.6,1.5,Associative latent class model,,0.691,0.14506543093720495,0.811965811965812,0.23756991722719362,0.2167469332664925,0.2538210195390683,0.416,117
154,0.6,1.5,Renal-adjusted associative latent class model,0.6694231095048457,0.828,0.4297636297333141,0.38461538461538464,0.12225256517261553,0.05374183304189942,0.3596098101843227,0.579,117
154,0.6,1.5,Biologically constrained latent SCM,0.6506342740843964,0.827,0.42714020104837325,0.3504273504273504,0.12378109550614393,0.0649569576836954,0.3636814615403991,0.592,117
154,0.6,1.5,Data-generating oracle (reference),,0.831,0.43768167957214493,0.23931623931623933,0.11699915665101107,0.014295803930937141,0.3873541418259732,0.516,117
155,0.6,1.5,Associative latent class model,,0.629,0.06551749402859913,0.9298245614035088,0.2961786099429458,0.29716401005710913,0.2135546373602615,0.374,114
155,0.6,1.5,Renal-adjusted associative latent class model,0.8068230134075633,0.791,0.3380559926013962,0.5964912280701754,0.1463014370834625,0.05866094959523809,0.35070989138673575,0.538,114
155,0.6,1.5,Biologically constrained latent SCM,0.7222600783131923,0.81,0.38374577761843337,0.42105263157894735,0.13252060816159303,0.039082437029572474,0.38273001537455975,0.591,114
155,0.6,1.5,Data-generating oracle (reference),,0.818,0.40389005318647353,0.24561403508771928,0.1294103786569238,0.025686659355050604,0.37500404491090145,0.549,114
156,0.6,1.5,Associative latent class model,,0.548,0.006038409600234865,0.8290598290598291,0.378199211170897,0.38301718993494543,0.17834218490243828,0.304,117
156,0.6,1.5,Renal-adjusted associative latent class model,0.539714122238812,0.816,0.3987644152275413,0.1111111111111111,0.12920659277052932,0.04250979172953157,0.3662095855227094,0.544,117
156,0.6,1.5,Biologically constrained latent SCM,0.6778939836839967,0.825,0.42170070292842543,0.27350427350427353,0.12256420563930212,0.02165921839017125,0.35767200669884675,0.583,117
156,0.6,1.5,Data-generating oracle (reference),,0.827,0.42712363502105444,0.1794871794871795,0.1213262334810696,0.036619931312051865,0.3763280663856407,0.529,117
157,0.6,1.5,Associative latent class model,,0.645,0.08274251995516045,0.8035714285714286,0.27082036768599493,0.2698442688722388,0.25580499493733494,0.386,112
157,0.6,1.5,Renal-adjusted associative latent class model,0.519467570138783,0.811,0.3861812905498149,0.13392857142857142,0.13367129296493627,0.04899758440163349,0.3313474954372708,0.564,112
157,0.6,1.5,Biologically constrained latent SCM,0.630987818652339,0.826,0.4243985526288556,0.25,0.1272396182239308,0.04678300296149147,0.3289960910493978,0.579,112
157,0.6,1.5,Data-generating oracle (reference),,0.826,0.4244532316680228,0.24107142857142858,0.12374716009162909,0.019806840511405764,0.3716971406871711,0.561,112
158,0.6,1.5,Associative latent class model,,0.602,0.04070790093575048,0.8321167883211679,0.3261422714977372,0.3294707955601943,0.20313181877328088,0.322,137
158,0.6,1.5,Renal-adjusted associative latent class model,0.7021436078414948,0.803,0.36660491791698147,0.39416058394160586,0.14026032991954265,0.061066859632021506,0.3742376442313829,0.549,137
158,0.6,1.5,Biologically constrained latent SCM,0.6713164801026086,0.793,0.342745081824521,0.31386861313868614,0.14266942492146764,0.07828987863440168,0.3778132538845082,0.577,137
158,0.6,1.5,Data-generating oracle (reference),,0.811,0.386270010570501,0.24087591240875914,0.13319177258491918,0.0338584880149309,0.3861317709122641,0.499,137
159,0.6,1.5,Associative latent class model,,0.611,0.04776931839579484,0.8761061946902655,0.2938333808981394,0.2958611268830148,0.26376472278799684,0.371,113
159,0.6,1.5,Renal-adjusted associative latent class model,0.41625813268482814,0.803,0.366598238608467,0.10619469026548672,0.13528884756923895,0.04725433477817718,0.36434328920660486,0.521,113
159,0.6,1.5,Biologically constrained latent SCM,0.5587447411729111,0.817,0.40135910649072043,0.17699115044247787,0.1260607783078059,0.04581817266849534,0.3700450112538509,0.513,113
159,0.6,1.5,Data-generating oracle (reference),,0.824,0.41929504453318617,0.20353982300884957,0.12446961152205621,0.032544311626457226,0.3705940326156825,0.54,113
160,0.6,1.5,Associative latent class model,,0.573,0.020000228787175084,0.9572649572649573,0.32546183845736276,0.33216071930158686,0.2402103358914676,0.333,117
160,0.6,1.5,Renal-adjusted associative latent class model,0.5481959576997602,0.821,0.41149992812083647,0.21367521367521367,0.12197809538981211,0.05158794489251448,0.3566252629697622,0.603,117
160,0.6,1.5,Biologically constrained latent SCM,0.5691280974916962,0.822,0.4140541308012469,0.24786324786324787,0.12289788636092897,0.05870225724630281,0.3538470815859912,0.616,117
160,0.6,1.5,Data-generating oracle (reference),,0.842,0.46730974628146305,0.2222222222222222,0.11768595844827724,0.022966084453461596,0.3773254775616472,0.548,117
161,0.6,1.5,Associative latent class model,,0.58,0.02419246248170176,0.96,0.33596846912828904,0.3456874817730899,0.2210854414253746,0.364,125
161,0.6,1.5,Renal-adjusted associative latent class model,0.7321502084413132,0.809,0.38124164050557147,0.48,0.1413441222673527,0.05152739337021792,0.3566977542827123,0.567,125
161,0.6,1.5,Biologically constrained latent SCM,0.5904769800952678,0.811,0.38620306359289147,0.272,0.12767330395997695,0.025446665132940395,0.38390713845504476,0.569,125
161,0.6,1.5,Data-generating oracle (reference),,0.825,0.42188893218939344,0.248,0.12174579397541202,0.028680537231473853,0.3799910192387747,0.551,125
162,0.6,1.5,Associative latent class model,,0.579,0.02389189288190342,0.8029197080291971,0.3336912061778673,0.3320192753050646,0.21594413287456007,0.32,137
162,0.6,1.5,Renal-adjusted associative latent class model,0.5842478472501615,0.824,0.419323766070471,0.17518248175182483,0.12283091111449142,0.03188747439974461,0.39452133655700766,0.499,137
162,0.6,1.5,Biologically constrained latent SCM,0.608256689999878,0.83,0.43503546580251173,0.19708029197080293,0.12308513953037147,0.033509595850508056,0.3923968918876004,0.501,137
162,0.6,1.5,Data-generating oracle (reference),,0.837,0.45372960594651507,0.19708029197080293,0.11948598009541678,0.030919789413069602,0.3837672786545142,0.518,137
163,0.6,1.5,Associative latent class model,,0.592,0.0319168781626994,0.6666666666666666,0.3299375774660805,0.32899639108587897,0.2061101825452648,0.296,120
163,0.6,1.5,Renal-adjusted associative latent class model,0.5985069289337086,0.82,0.40899790589340174,0.20833333333333334,0.1255587489899392,0.02455224950831926,0.37450853549687796,0.532,120
163,0.6,1.5,Biologically constrained latent SCM,0.6379825664055198,0.818,0.4038847650963867,0.25833333333333336,0.12644136453962138,0.029973739740535958,0.3686573926782618,0.536,120
163,0.6,1.5,Data-generating oracle (reference),,0.823,0.41669944686380006,0.225,0.12079075243267202,0.03395910006640902,0.38604799779919213,0.551,120
164,0.6,1.5,Associative latent class model,,0.539,0.0030906805804561785,0.9310344827586207,0.3826302010465851,0.40036468780080414,0.18318016396534198,0.319,116
164,0.6,1.5,Renal-adjusted associative latent class model,0.7389308528692996,0.814,0.39305362604094113,0.46551724137931033,0.12865238224906106,0.06107349739795988,0.34292604719333747,0.64,116
164,0.6,1.5,Biologically constrained latent SCM,0.7175322785300436,0.821,0.41071170909397875,0.4051724137931034,0.1257797615340496,0.0746265308169516,0.34900277706794,0.655,116
164,0.6,1.5,Data-generating oracle (reference),,0.839,0.4590190903908287,0.2413793103448276,0.11630913882527497,0.03671689774195527,0.3784688418833205,0.563,116
165,0.6,1.5,Associative latent class model,,0.542,0.005352868620232639,0.967741935483871,0.39768250104984015,0.4122403677605394,0.1445759004013604,0.323,124
165,0.6,1.5,Renal-adjusted associative latent class model,0.4495082100040134,0.806,0.3739208049656856,0.0967741935483871,0.13775691876299329,0.057497897544459345,0.37744527649385007,0.493,124
165,0.6,1.5,Biologically constrained latent SCM,0.5186270252175249,0.802,0.3641826453549963,0.20161290322580644,0.13351520946768763,0.05816805735023075,0.37528110054554825,0.491,124
165,0.6,1.5,Data-generating oracle (reference),,0.824,0.419273775308727,0.28225806451612906,0.12381244972387903,0.0274754862179962,0.38196809628418077,0.563,124
166,0.6,1.5,Associative latent class model,,0.637,0.07381640980891546,0.8869565217391304,0.2841819141762819,0.2740354900671981,0.24429989239073885,0.403,115
166,0.6,1.5,Renal-adjusted associative latent class model,0.6980034448584513,0.818,0.4038561349653864,0.3739130434782609,0.12689147020514482,0.03900914914113317,0.35253954819175476,0.546,115
166,0.6,1.5,Biologically constrained latent SCM,0.6327575854903107,0.829,0.432356756054166,0.2608695652173913,0.12255453157581946,0.022958280232045623,0.3645623748329337,0.545,115
166,0.6,1.5,Data-generating oracle (reference),,0.827,0.42710313592382554,0.2608695652173913,0.12041261588175714,0.028257140445578234,0.37040725017780185,0.545,115
167,0.6,1.5,Associative latent class model,,0.667,0.11063588792651664,0.990990990990991,0.2667992813166088,0.2516249845374992,0.25954188975753506,0.46,111
167,0.6,1.5,Renal-adjusted associative latent class model,0.32741403269764197,0.766,0.2822994068948927,0.05405405405405406,0.1602911013544512,0.07099172703104886,0.38547560749829873,0.475,111
167,0.6,1.5,Biologically constrained latent SCM,0.5062311306400988,0.801,0.3617698560622691,0.2072072072072072,0.13878302478912583,0.04524078957812326,0.39173743829729807,0.5,111
167,0.6,1.5,Data-generating oracle (reference),,0.809,0.38127570840180774,0.3063063063063063,0.12908035900719375,0.03148164541842307,0.3793853705503614,0.546,111
168,0.6,1.5,Associative latent class model,,0.54,0.005292322206266182,0.9568965517241379,0.4237186675328984,0.4338205038190121,0.09948514266523857,0.282,116
168,0.6,1.5,Renal-adjusted associative latent class model,0.555701457286262,0.83,0.4350324998166807,0.25862068965517243,0.12243114015532712,0.032610622667749514,0.3689292852594413,0.546,116
168,0.6,1.5,Biologically constrained latent SCM,0.5392892059832255,0.825,0.4219183644643915,0.25862068965517243,0.1227129989460739,0.03487366752930679,0.37108328360090104,0.553,116
168,0.6,1.5,Data-generating oracle (reference),,0.832,0.44033589757806485,0.25862068965517243,0.11796552162122861,0.02172758104566379,0.3792487241901749,0.524,116
169,0.6,1.5,Associative latent class model,,0.617,0.0533456835190276,0.8421052631578947,0.2971017775960404,0.2977621248457275,0.2437743616532881,0.357,114
169,0.6,1.5,Renal-adjusted associative latent class model,0.577069774509495,0.807,0.3761319190421027,0.18421052631578946,0.13765763794025146,0.06973762029272758,0.36948912862151223,0.627,114
169,0.6,1.5,Biologically constrained latent SCM,0.6636232102449994,0.818,0.40367372383300526,0.32456140350877194,0.1310390643697593,0.07079019468609665,0.36470661498824297,0.626,114
169,0.6,1.5,Data-generating oracle (reference),,0.825,0.4218697343891701,0.2631578947368421,0.12387390099330786,0.03750974838256944,0.37209121558208735,0.563,114
170,0.6,1.5,Associative latent class model,,0.578,0.023515298917662145,0.7984496124031008,0.33690800350090866,0.3421045329348098,0.20780132086672626,0.289,129
170,0.6,1.5,Renal-adjusted associative latent class model,0.5915606274360721,0.828,0.4297652700391566,0.2558139534883721,0.12278206362308575,0.0319522327840057,0.3729089923023264,0.503,129
170,0.6,1.5,Biologically constrained latent SCM,0.5992174553962012,0.826,0.4245280116421824,0.2713178294573643,0.12297608121300496,0.028312167939583292,0.3715145305096377,0.501,129
170,0.6,1.5,Data-generating oracle (reference),,0.827,0.42714265960151987,0.2868217054263566,0.12311464726419817,0.03223946681492801,0.3857072502168046,0.504,129
171,0.6,1.5,Associative latent class model,,0.626,0.06233778888163457,0.8222222222222222,0.2788572739807446,0.2690988702144135,0.25596666368908144,0.386,135
171,0.6,1.5,Renal-adjusted associative latent class model,0.6125569925535483,0.833,0.442956613286442,0.2814814814814815,0.11584071082163364,0.01768144864402205,0.36253507894778864,0.565,135
171,0.6,1.5,Biologically constrained latent SCM,0.5803861039774041,0.83,0.43499343860071066,0.24444444444444444,0.11505501523363837,0.01867738954477605,0.36660737739450816,0.564,135
171,0.6,1.5,Data-generating oracle (reference),,0.836,0.45101542559852814,0.22962962962962963,0.11523018146190907,0.016158401815629463,0.3747815685039245,0.546,135
172,0.6,1.5,Associative latent class model,,0.659,0.10022128414702279,0.8731343283582089,0.2583337111070524,0.2400763218924269,0.25859887830344597,0.426,134
172,0.6,1.5,Renal-adjusted associative latent class model,0.5672870730397597,0.815,0.39629636650490185,0.1791044776119403,0.13160911355367177,0.033852689607140087,0.36383877823232014,0.492,134
172,0.6,1.5,Biologically constrained latent SCM,0.6243469342719679,0.816,0.39882291641841094,0.26119402985074625,0.1320794148842698,0.03555577156645136,0.3573830456799387,0.501,134
172,0.6,1.5,Data-generating oracle (reference),,0.812,0.388764691769378,0.2462686567164179,0.1297334826329669,0.031005213455092724,0.37884382040212955,0.521,134
173,0.6,1.5,Associative latent class model,,0.653,0.09267715900843741,0.9098360655737705,0.2585614588023055,0.24385768521116608,0.2764415166652038,0.417,122
173,0.6,1.5,Renal-adjusted associative latent class model,0.5220754040636697,0.835,0.4483487308910351,0.18032786885245902,0.12114677527457181,0.029174698855273108,0.370142445346935,0.513,122
173,0.6,1.5,Biologically constrained latent SCM,0.5242260613414474,0.836,0.4510357399968493,0.18032786885245902,0.1212599550088957,0.03375754110796215,0.3700067445586978,0.51,122
173,0.6,1.5,Data-generating oracle (reference),,0.835,0.4483430635376797,0.23770491803278687,0.12073502060005172,0.01461549850741322,0.3882729633109246,0.537,122
174,0.6,1.5,Associative latent class model,,0.645,0.08316917466895113,0.9291338582677166,0.2693418883167849,0.26903702941782415,0.2591865635356917,0.406,127
174,0.6,1.5,Renal-adjusted associative latent class model,0.6779847268309778,0.81,0.38377054653634474,0.3228346456692913,0.1321744832806667,0.08340331002745,0.34641043365884,0.611,127
174,0.6,1.5,Biologically constrained latent SCM,0.729353930229645,0.804,0.36901687380150083,0.3937007874015748,0.13556901372732702,0.09550547411613919,0.34249059463394127,0.621,127
174,0.6,1.5,Data-generating oracle (reference),,0.831,0.4376811473192885,0.2047244094488189,0.12026718616966207,0.021097631881297464,0.37401876991069083,0.528,127
175,0.6,1.5,Associative latent class model,,0.592,0.032579250597123584,0.8181818181818182,0.3204987043410083,0.3249510827203691,0.2260923033297584,0.306,110
175,0.6,1.5,Renal-adjusted associative latent class model,0.6226540067956059,0.809,0.3812906065702996,0.3,0.1333393462585337,0.0496973596025655,0.36085706088851244,0.555,110
175,0.6,1.5,Biologically constrained latent SCM,0.5840007381162099,0.806,0.3739079160730224,0.21818181818181817,0.1334965046614223,0.04951998131251844,0.36293377525199483,0.546,110
175,0.6,1.5,Data-generating oracle (reference),,0.814,0.39376394108899127,0.2636363636363636,0.13139282597685734,0.04151058606202299,0.3727985818798518,0.554,110
176,0.6,1.5,Associative latent class model,,0.591,0.03229736309035849,0.8699186991869918,0.3283527118476605,0.3337053295283766,0.20661486448534083,0.307,123
176,0.6,1.5,Renal-adjusted associative latent class model,0.6584501423707846,0.807,0.37637181898102595,0.37398373983739835,0.13549124115311043,0.038584401525717446,0.38767322470368215,0.505,123
176,0.6,1.5,Biologically constrained latent SCM,0.613803954679374,0.806,0.37391872287445166,0.2764227642276423,0.13426453250062984,0.03586051063510321,0.39737998755717147,0.524,123
176,0.6,1.5,Data-generating oracle (reference),,0.807,0.37637246829343923,0.2601626016260163,0.13044115103329995,0.034534500697647914,0.3868888625046947,0.517,123
177,0.6,1.5,Associative latent class model,,0.646,0.08435774183762935,0.8,0.26850707695497383,0.2554207901621733,0.2587897204687282,0.39,140
177,0.6,1.5,Renal-adjusted associative latent class model,0.5453583904262149,0.829,0.4323963565936574,0.21428571428571427,0.12192154279733279,0.030710863647935405,0.354509081220938,0.513,140
177,0.6,1.5,Biologically constrained latent SCM,0.567391364219288,0.835,0.44834823325113154,0.22857142857142856,0.12229324374071854,0.03146526640193998,0.35172165882163653,0.503,140
177,0.6,1.5,Data-generating oracle (reference),,0.826,0.42452864510806765,0.2857142857142857,0.12189605517147797,0.028735276579714798,0.3826375060623123,0.522,140
178,0.6,1.5,Associative latent class model,,0.585,0.027754798251206577,0.9583333333333334,0.31847210140493937,0.3289249768500709,0.24227306492205372,0.362,120
178,0.6,1.5,Renal-adjusted associative latent class model,0.47532364880602335,0.794,0.345090336340326,0.14166666666666666,0.14198609454271016,0.04717661378587817,0.37257391559054104,0.493,120
178,0.6,1.5,Biologically constrained latent SCM,0.570064631451355,0.798,0.3545720443799018,0.25,0.13891389485301436,0.04690186442911822,0.37344428177062955,0.503,120
178,0.6,1.5,Data-generating oracle (reference),,0.802,0.36416837824986736,0.26666666666666666,0.13384018275960818,0.03603377616741613,0.37506218187716867,0.547,120
179,0.6,1.5,Associative latent class model,,0.59,0.03156339291663765,0.7608695652173914,0.3180041292142214,0.31598575394882633,0.22896439023081847,0.305,138
179,0.6,1.5,Renal-adjusted associative latent class model,0.5663072100850945,0.816,0.39882386156740635,0.21739130434782608,0.13115403195956413,0.0410299200768511,0.3494582313471965,0.527,138
179,0.6,1.5,Biologically constrained latent SCM,0.594121855610944,0.809,0.3813053186958782,0.2753623188405797,0.12976510425339796,0.03942236716402817,0.34970495867182627,0.516,138
179,0.6,1.5,Data-generating oracle (reference),,0.823,0.4167328884263228,0.2463768115942029,0.12247058340630644,0.02187388849174739,0.3817818316192853,0.518,138
180,0.6,1.5,Associative latent class model,,0.567,0.014087078737963842,0.8365384615384616,0.3419240373382814,0.35441251387899736,0.23693559722783933,0.32,104
180,0.6,1.5,Renal-adjusted associative latent class model,0.5611761603226237,0.801,0.36177448194793477,0.125,0.13996848259116354,0.08190794036936644,0.3686494448787961,0.49,104
180,0.6,1.5,Biologically constrained latent SCM,0.5890901721986965,0.801,0.3617719252258398,0.16346153846153846,0.13987097152913203,0.08232638374865482,0.36846504279062064,0.488,104
180,0.6,1.5,Data-generating oracle (reference),,0.809,0.38114269512802834,0.22115384615384615,0.1289401790735284,0.03202183754693215,0.3775143511784031,0.556,104
181,0.6,1.5,Associative latent class model,,0.696,0.1528230645146551,0.8421052631578947,0.23412805880174872,0.21278286404875554,0.2619843585314608,0.423,114
181,0.6,1.5,Renal-adjusted associative latent class model,0.6226532066614308,0.832,0.44033616118304014,0.21929824561403508,0.12532784851655382,0.05231213889859858,0.3089809273145529,0.497,114
181,0.6,1.5,Biologically constrained latent SCM,0.5833973544988587,0.827,0.4271429601413325,0.17543859649122806,0.12605996860677085,0.050636607626307326,0.31183849610226155,0.498,114
181,0.6,1.5,Data-generating oracle (reference),,0.838,0.4564322905515986,0.17543859649122806,0.11688497894508237,0.025692384199662296,0.3679819759356161,0.507,114
182,0.6,1.5,Associative latent class model,,0.68,0.12870626042195288,0.8947368421052632,0.24550729200116117,0.2210427932058188,0.27280206328887174,0.428,114
182,0.6,1.5,Renal-adjusted associative latent class model,0.48330974444207553,0.805,0.3714713433575583,0.17543859649122806,0.13018706893746365,0.029818398346277582,0.3678975771492033,0.517,114
182,0.6,1.5,Biologically constrained latent SCM,0.5372992374197493,0.818,0.4038982362257441,0.22807017543859648,0.12591008811340118,0.026442410297830284,0.3654904703062259,0.528,114
182,0.6,1.5,Data-generating oracle (reference),,0.827,0.4271410143966936,0.2543859649122807,0.12114185130813854,0.019639688658860267,0.37957477064117995,0.531,114
183,0.6,1.5,Associative latent class model,,0.656,0.09631244746493249,0.7251908396946565,0.2690568350421296,0.2541736827210105,0.24846350376410176,0.392,131
183,0.6,1.5,Renal-adjusted associative latent class model,0.6477754308948929,0.815,0.39625824588181,0.2748091603053435,0.12926754918357206,0.0490032366595415,0.32859050696006903,0.573,131
183,0.6,1.5,Biologically constrained latent SCM,0.7011174993446402,0.813,0.3912243670890408,0.3511450381679389,0.13112960171301438,0.06431682164065697,0.32424854075526455,0.577,131
183,0.6,1.5,Data-generating oracle (reference),,0.814,0.393775325434988,0.2366412213740458,0.12544366669476772,0.03551174434865777,0.3750506802698281,0.524,131
184,0.6,1.5,Associative latent class model,,0.61,0.04727270110782325,0.7154471544715447,0.30787441609411087,0.3017832818393149,0.21993348216365508,0.312,123
184,0.6,1.5,Renal-adjusted associative latent class model,0.5090203824014741,0.814,0.3937770363739105,0.15447154471544716,0.12324822836220482,0.03797424303368501,0.3683920118631672,0.522,123
184,0.6,1.5,Biologically constrained latent SCM,0.5352315360079333,0.823,0.416732979654312,0.17886178861788618,0.12147110681619037,0.03281682392649883,0.3674258941244046,0.513,123
184,0.6,1.5,Data-generating oracle (reference),,0.839,0.45914208310604354,0.22764227642276422,0.11418881395422846,0.03194571561393285,0.3843905346629534,0.525,123
185,0.6,1.5,Associative latent class model,,0.525,0.0010318091501404253,0.9133858267716536,0.42529664103292647,0.4390536754577676,0.12372282554232511,0.287,127
185,0.6,1.5,Renal-adjusted associative latent class model,0.6492283412404333,0.813,0.39121159795474086,0.31496062992125984,0.13461764899669906,0.04657875903697677,0.4087097221359903,0.595,127
185,0.6,1.5,Biologically constrained latent SCM,0.6798631631916463,0.804,0.3689431109309793,0.3858267716535433,0.13651024487398633,0.07073074903215047,0.40650884212986793,0.618,127
185,0.6,1.5,Data-generating oracle (reference),,0.823,0.41671965838255265,0.25984251968503935,0.1259161760866325,0.02406236952556975,0.3861548589282396,0.549,127
186,0.6,1.5,Associative latent class model,,0.623,0.05948869051164319,0.968,0.29506922021929516,0.29382579864992786,0.23660470211708706,0.4,125
186,0.6,1.5,Renal-adjusted associative latent class model,0.7124163694292925,0.819,0.4064480546821246,0.392,0.12881279799205722,0.026380250042157664,0.36890592218037527,0.526,125
186,0.6,1.5,Biologically constrained latent SCM,0.626733318173079,0.828,0.42976555505120784,0.248,0.12313627612630935,0.031338046157276,0.3846202766947806,0.517,125
186,0.6,1.5,Data-generating oracle (reference),,0.836,0.45102759171593443,0.232,0.11957928451539213,0.026122058618618674,0.38275106398507697,0.541,125
187,0.6,1.5,Associative latent class model,,0.65,0.08916890335295807,0.7815126050420168,0.27288795552065714,0.2622623295793011,0.22855338142117812,0.351,119
187,0.6,1.5,Renal-adjusted associative latent class model,0.6298411255972267,0.836,0.4510385391526397,0.2184873949579832,0.12280934529380352,0.059043592071450775,0.3634788402005993,0.457,119
187,0.6,1.5,Biologically constrained latent SCM,0.6095482968083353,0.84,0.46186607022458276,0.17647058823529413,0.12100141508747836,0.052936563639415075,0.36823518426911267,0.453,119
187,0.6,1.5,Data-generating oracle (reference),,0.842,0.4673228959096212,0.17647058823529413,0.11310111484370113,0.026843009659814773,0.37316599408109846,0.507,119
188,0.6,1.5,Associative latent class model,,0.637,0.07382244695865056,0.860655737704918,0.27602325209008716,0.2709390764894122,0.2616633507549302,0.425,122
188,0.6,1.5,Renal-adjusted associative latent class model,0.6779494985411786,0.808,0.3786668959019223,0.3770491803278688,0.12845233186005192,0.034804391089736916,0.3605485791015112,0.566,122
188,0.6,1.5,Biologically constrained latent SCM,0.6229873624084461,0.81,0.3836756211028929,0.29508196721311475,0.12639869802827897,0.03833885082527985,0.37039841350408875,0.554,122
188,0.6,1.5,Data-generating oracle (reference),,0.815,0.39603234469499377,0.29508196721311475,0.12416956654681033,0.020507390507914502,0.379925016627129,0.583,122
189,0.6,1.5,Associative latent class model,,0.656,0.09642837350153446,0.7345132743362832,0.27410879349889594,0.26102563558298886,0.2187691964391214,0.353,113
189,0.6,1.5,Renal-adjusted associative latent class model,0.635712447464692,0.821,0.41157554835006427,0.25663716814159293,0.12307316950875423,0.03724754157431361,0.34988612193737223,0.482,113
189,0.6,1.5,Biologically constrained latent SCM,0.655191614039671,0.821,0.4115755733681018,0.26548672566371684,0.12420166058215901,0.04154479318399695,0.3466984722153928,0.484,113
189,0.6,1.5,Data-generating oracle (reference),,0.833,0.44299885063815214,0.25663716814159293,0.11867861069366085,0.02982225134128213,0.36923599761771947,0.526,113
190,0.6,1.5,Associative latent class model,,0.665,0.10762984553555649,0.7288135593220338,0.23924875777704882,0.21892127464806355,0.28915889816421214,0.403,118
190,0.6,1.5,Renal-adjusted associative latent class model,0.6814980514549555,0.834,0.44547739668180014,0.2457627118644068,0.10887657475448931,0.047483835387071495,0.3823165775964819,0.588,118
190,0.6,1.5,Biologically constrained latent SCM,0.702704156496146,0.837,0.45338984630809986,0.2796610169491525,0.1118742087092538,0.05740580591312697,0.3781040438214516,0.617,118
190,0.6,1.5,Data-generating oracle (reference),,0.843,0.4699868325460658,0.15254237288135594,0.10686763330302906,0.024154005544561603,0.36751762137523475,0.559,118
191,0.6,1.5,Associative latent class model,,0.627,0.06338449908096294,0.9819819819819819,0.27766386734609955,0.2733759836459859,0.28425109727834297,0.449,111
191,0.6,1.5,Renal-adjusted associative latent class model,0.6565907389326602,0.814,0.3930924531500034,0.3153153153153153,0.13086736352173883,0.04206865024037498,0.36253324086016653,0.614,111
191,0.6,1.5,Biologically constrained latent SCM,0.6261003563893077,0.809,0.380567807702676,0.2702702702702703,0.13227747851683003,0.039087354927689597,0.3618584743723195,0.617,111
191,0.6,1.5,Data-generating oracle (reference),,0.803,0.3664926549459987,0.1891891891891892,0.13280088138668328,0.0342812584303106,0.374892319531641,0.547,111
192,0.6,1.5,Associative latent class model,,0.442,0.011911624777243836,0.0,0.5539805579838484,0.5511836002157595,0.05184027225552968,0.684,111
192,0.6,1.5,Renal-adjusted associative latent class model,0.7287058568514707,0.812,0.3885605756288743,0.44144144144144143,0.13121636056527494,0.08380191744089545,0.34095382017275094,0.642,111
192,0.6,1.5,Biologically constrained latent SCM,0.6143454785368343,0.809,0.38116094201970857,0.23423423423423423,0.12993461363710052,0.06514129198073454,0.35604384011512774,0.619,111
192,0.6,1.5,Data-generating oracle (reference),,0.837,0.4537134690183638,0.21621621621621623,0.11673395117794681,0.024120821284001184,0.38035202762981346,0.545,111
193,0.6,1.5,Associative latent class model,,0.547,0.007354975276527416,0.890625,0.37763931071131207,0.38834692935893356,0.1740985200142807,0.308,128
193,0.6,1.5,Renal-adjusted associative latent class model,0.5521914199054171,0.839,0.45914309949310855,0.1796875,0.11801746672908453,0.040019056232088256,0.38223231724530343,0.516,128
193,0.6,1.5,Biologically constrained latent SCM,0.6071277488847339,0.841,0.4645869033716542,0.2421875,0.11799776157983291,0.03795404871636906,0.37781198365097357,0.522,128
193,0.6,1.5,Data-generating oracle (reference),,0.842,0.46731060518995093,0.2734375,0.11640201917184909,0.02516569239041132,0.37628779584532074,0.545,128
194,0.6,1.5,Associative latent class model,,0.619,0.055597565438137035,0.8923076923076924,0.29114337644718835,0.28970706748759545,0.2527796763847648,0.392,130
194,0.6,1.5,Renal-adjusted associative latent class model,0.4926894376491171,0.807,0.3763685316062235,0.13076923076923078,0.13612305750083986,0.07190719369057873,0.3396123335821998,0.47,130
194,0.6,1.5,Biologically constrained latent SCM,0.5300723690673319,0.812,0.3887619906632266,0.14615384615384616,0.13319223671064867,0.06516081162853868,0.3402759111601007,0.473,130
194,0.6,1.5,Data-generating oracle (reference),,0.818,0.4038927211890223,0.2153846153846154,0.12106478446671955,0.024394522586595673,0.37708785881384843,0.539,130
195,0.6,1.5,Associative latent class model,,0.589,0.03003129347203203,0.9565217391304348,0.3108961404496033,0.32270804475668946,0.254975101858072,0.368,115
195,0.6,1.5,Renal-adjusted associative latent class model,0.6645991514074484,0.819,0.40642137396754363,0.3652173913043478,0.12136378270027132,0.044236158852640095,0.36367934550064807,0.538,115
195,0.6,1.5,Biologically constrained latent SCM,0.5600798294233726,0.83,0.43503802501460453,0.2,0.11878401338103546,0.050556226683041876,0.37317605263285974,0.511,115
195,0.6,1.5,Data-generating oracle (reference),,0.833,0.44297829474398304,0.25217391304347825,0.11636565103080396,0.036898944441936476,0.37153771436312744,0.534,115
196,0.6,1.5,Associative latent class model,,0.599,0.03746090586980314,0.8347107438016529,0.3087435309717697,0.3119044965431696,0.2526115791054262,0.364,121
196,0.6,1.5,Renal-adjusted associative latent class model,0.5010642284825823,0.808,0.3788395051106056,0.1487603305785124,0.13048190934649082,0.05168577681409393,0.36980659212745115,0.509,121
196,0.6,1.5,Biologically constrained latent SCM,0.5517836140758258,0.814,0.39377996235449,0.2066115702479339,0.12855852960553243,0.047289845930583975,0.36626560369624916,0.513,121
196,0.6,1.5,Data-generating oracle (reference),,0.832,0.44028277380698294,0.24793388429752067,0.1214150478787717,0.033079567042066264,0.3797540122191147,0.549,121
197,0.6,1.5,Associative latent class model,,0.65,0.0891300226467635,0.9916666666666667,0.27575097233219154,0.2824887780947654,0.23516885349394612,0.391,120
197,0.6,1.5,Renal-adjusted associative latent class model,0.6637644447802856,0.83,0.4350374776542799,0.375,0.12299557114909866,0.046393210576890984,0.4199439798162436,0.537,120
197,0.6,1.5,Biologically constrained latent SCM,0.6860865840711178,0.829,0.4324013307462162,0.4,0.12553753721750066,0.06712339394322384,0.41690216147132547,0.55,120
197,0.6,1.5,Data-generating oracle (reference),,0.83,0.43503449150026585,0.25833333333333336,0.11914993955744009,0.02370671972830433,0.3792438087912349,0.501,120
198,0.6,1.5,Associative latent class model,,0.662,0.10412013145002183,0.875,0.25564559030222384,0.24329607467425268,0.24261724153730205,0.393,128
198,0.6,1.5,Renal-adjusted associative latent class model,0.6111582498035056,0.815,0.3962999449735051,0.3828125,0.1312806084124578,0.048719472071291736,0.37002343960679435,0.458,128
198,0.6,1.5,Biologically constrained latent SCM,0.5383502899687186,0.822,0.41415613482452696,0.2578125,0.12614545262841592,0.04301690785549798,0.3867004959892556,0.447,128
198,0.6,1.5,Data-generating oracle (reference),,0.824,0.4193235806267217,0.3203125,0.12122758142925417,0.030089895270949255,0.3846045674942453,0.519,128
199,0.6,1.5,Associative latent class model,,0.47,0.0019990504891365,0.0,0.522770956209396,0.5189791470669269,0.06078418699813381,0.673,129
199,0.6,1.5,Renal-adjusted associative latent class model,0.5726636145121669,0.823,0.4166670483766002,0.21705426356589147,0.12712911535657315,0.03550592317778862,0.35983815364715843,0.576,129
199,0.6,1.5,Biologically constrained latent SCM,0.5548694522840425,0.82,0.4089546804524683,0.1937984496124031,0.12808763764100706,0.03384492262038079,0.361291492337343,0.569,129
199,0.6,1.5,Data-generating oracle (reference),,0.826,0.42452882168409356,0.20930232558139536,0.12495810751900113,0.041842051840806326,0.39085285140427184,0.515,129
0,0.7,1.5,Associative latent class model,,0.585,0.026190586949432566,0.9204545454545454,0.3433486472074729,0.35763180633909875,0.16551832014813478,0.303,88
0,0.7,1.5,Renal-adjusted associative latent class model,0.7324707286282452,0.834,0.44522884015147557,0.4318181818181818,0.1209966252373564,0.06263838423163441,0.36340325109788707,0.632,88
0,0.7,1.5,Biologically constrained latent SCM,0.7345133142760436,0.825,0.4213181248285766,0.4318181818181818,0.12357416207516465,0.07552991864804652,0.3615784961327164,0.651,88
0,0.7,1.5,Data-generating oracle (reference),,0.846,0.4782432198121219,0.3181818181818182,0.11136946955130492,0.015493317767264385,0.36936573703694237,0.566,88
1,0.7,1.5,Associative latent class model,,0.615,0.051612135623021,0.8148148148148148,0.3113321436357006,0.31796435421408875,0.1941448834990598,0.322,108
1,0.7,1.5,Renal-adjusted associative latent class model,0.6722525023450994,0.829,0.432387661772638,0.23148148148148148,0.11680331215624372,0.03257336315532098,0.3849647873359551,0.54,108
1,0.7,1.5,Biologically constrained latent SCM,0.7132607900239544,0.823,0.4167330917536103,0.32407407407407407,0.11838646243130813,0.027745292131430274,0.3755936090931447,0.514,108
1,0.7,1.5,Data-generating oracle (reference),,0.83,0.4350171637060792,0.32407407407407407,0.11493302471197478,0.02566752628497995,0.37999212317521947,0.555,108
2,0.7,1.5,Associative latent class model,,0.63,0.06533570430501319,0.8068181818181818,0.28662888561944433,0.29029111116830886,0.21468442117251124,0.342,88
2,0.7,1.5,Renal-adjusted associative latent class model,0.6866921075697733,0.82,0.4089107173895242,0.2727272727272727,0.12549199002884057,0.047587695518069004,0.3271584751561387,0.556,88
2,0.7,1.5,Biologically constrained latent SCM,0.6764637437151659,0.822,0.41403704508703526,0.26136363636363635,0.12557260320195496,0.03875603169149709,0.32943719867633114,0.56,88
2,0.7,1.5,Data-generating oracle (reference),,0.823,0.4166319267745718,0.2840909090909091,0.12213592450196162,0.03221350512320278,0.36598975647132814,0.557,88
3,0.7,1.5,Associative latent class model,,0.634,0.06941455163131129,0.961038961038961,0.2775928209500914,0.3004271941359072,0.23337808082987146,0.372,77
3,0.7,1.5,Renal-adjusted associative latent class model,0.6902244898833668,0.852,0.49462528343852447,0.42857142857142855,0.11242084937911317,0.03980323502096119,0.35824675720054033,0.6,77
3,0.7,1.5,Biologically constrained latent SCM,0.7072170038924211,0.845,0.47487976691813044,0.4935064935064935,0.11260528429757541,0.029406920065293607,0.35541546595882795,0.617,77
3,0.7,1.5,Data-generating oracle (reference),,0.838,0.4561678700276237,0.44155844155844154,0.113411920468327,0.031584140166027216,0.36170233771712157,0.572,77
4,0.7,1.5,Associative latent class model,,0.638,0.0739647496472395,0.7252747252747253,0.27561361508500215,0.27591508470110954,0.21828254759652066,0.326,91
4,0.7,1.5,Renal-adjusted associative latent class model,0.5476793059910239,0.82,0.4090158449952308,0.08791208791208792,0.12985291689126346,0.06117490738684171,0.36642984897746667,0.5,91
4,0.7,1.5,Biologically constrained latent SCM,0.6535298631024886,0.827,0.427148470643252,0.2087912087912088,0.12553329167490168,0.06872212273605509,0.348111559854037,0.493,91
4,0.7,1.5,Data-generating oracle (reference),,0.828,0.429683594532395,0.3626373626373626,0.12009149457715569,0.03312401913377585,0.3657445699919873,0.558,91
5,0.7,1.5,Associative latent class model,,0.713,0.18058704562868538,0.8255813953488372,0.22753059686528224,0.2252113247430698,0.23791550948009962,0.471,86
5,0.7,1.5,Renal-adjusted associative latent class model,0.75237284151262,0.815,0.395951154995177,0.46511627906976744,0.13047714462566282,0.06441969823443736,0.31562310118518005,0.565,86
5,0.7,1.5,Biologically constrained latent SCM,0.7118961437929654,0.828,0.42940701490848615,0.36046511627906974,0.12483203567667447,0.050039484385187995,0.3333859841627536,0.568,86
5,0.7,1.5,Data-generating oracle (reference),,0.84,0.4614102011768104,0.3023255813953488,0.12125073497663925,0.031843419427671854,0.377359471233811,0.578,86
6,0.7,1.5,Associative latent class model,,0.657,0.09732462615950123,0.8928571428571429,0.26761100968782964,0.26652889917357886,0.21274847814890746,0.353,84
6,0.7,1.5,Renal-adjusted associative latent class model,0.6964576840339918,0.819,0.4064491892787579,0.36904761904761907,0.12790616621872078,0.033371887300011026,0.3500556825271849,0.519,84
6,0.7,1.5,Biologically constrained latent SCM,0.7165948158220798,0.82,0.40900894113156283,0.39285714285714285,0.12802264695489052,0.038700678261332055,0.3460669357798316,0.516,84
6,0.7,1.5,Data-generating oracle (reference),,0.84,0.46183213100509385,0.34523809523809523,0.11609268284058434,0.02214722834190499,0.37613948746168585,0.556,84
7,0.7,1.5,Associative latent class model,,0.643,0.08063320820549405,0.8854166666666666,0.2708653591611126,0.26935720918396067,0.23108277241007616,0.353,96
7,0.7,1.5,Renal-adjusted associative latent class model,0.7155291271359808,0.835,0.44832623017486295,0.3229166666666667,0.11485297524341329,0.026453843958449665,0.37176975967566944,0.559,96
7,0.7,1.5,Biologically constrained latent SCM,0.7322399885140511,0.837,0.4536972517113631,0.3333333333333333,0.1159727984950875,0.027861399368910494,0.36861074729430476,0.571,96
7,0.7,1.5,Data-generating oracle (reference),,0.839,0.4591230149433435,0.28125,0.11419616516962872,0.02271429231836499,0.3810069312881257,0.557,96
8,0.7,1.5,Associative latent class model,,0.621,0.05697401455447153,0.8679245283018868,0.30109585898615787,0.30586154084591644,0.1992328577608871,0.358,106
8,0.7,1.5,Renal-adjusted associative latent class model,0.7466240968101799,0.812,0.3887310585324149,0.42452830188679247,0.1285468888011019,0.036665393723787666,0.34440151405524655,0.543,106
8,0.7,1.5,Biologically constrained latent SCM,0.6848516400494237,0.824,0.4192677497466224,0.330188679245283,0.12438168393585737,0.02759330878680955,0.3595095444838988,0.555,106
8,0.7,1.5,Data-generating oracle (reference),,0.831,0.4375914966945109,0.33962264150943394,0.122577761467046,0.031303815164538305,0.38192514522074955,0.57,106
9,0.7,1.5,Associative latent class model,,0.649,0.0871476548260349,0.8118811881188119,0.275038966115172,0.27467330526558287,0.21190901070269927,0.382,101
9,0.7,1.5,Renal-adjusted associative latent class model,0.7049945730119218,0.85,0.48918641851419886,0.25742574257425743,0.11399534385971799,0.035741913541824474,0.33509426067771814,0.601,101
9,0.7,1.5,Biologically constrained latent SCM,0.7152381138150354,0.846,0.47790931084835264,0.26732673267326734,0.11518247044213087,0.0464817736921848,0.33259656299828294,0.619,101
9,0.7,1.5,Data-generating oracle (reference),,0.85,0.48931657204117657,0.25742574257425743,0.11192747757814309,0.030784989157621234,0.36293730577547734,0.577,101
10,0.7,1.5,Associative latent class model,,0.53,-0.0009544692257685418,0.9801980198019802,0.4339497324873883,0.44506987807347603,0.09691757955230011,0.307,101
10,0.7,1.5,Renal-adjusted associative latent class model,0.6884804549422491,0.837,0.45259121613663456,0.3465346534653465,0.11701374955152685,0.0634206587814347,0.3434287061899497,0.648,101
10,0.7,1.5,Biologically constrained latent SCM,0.6705663980918196,0.82,0.407319508909642,0.31683168316831684,0.12060668034260043,0.07189101460349606,0.3412659351444006,0.673,101
10,0.7,1.5,Data-generating oracle (reference),,0.846,0.47788303415138644,0.27722772277227725,0.11044541724335764,0.030032568453087716,0.3673561063642819,0.597,101
11,0.7,1.5,Associative latent class model,,0.638,0.0746807488680758,0.8617021276595744,0.26786363991568235,0.2681961580318888,0.23833680258872988,0.359,94
11,0.7,1.5,Renal-adjusted associative latent class model,0.7134292367322749,0.813,0.39126279354368804,0.26595744680851063,0.13445888111321966,0.07507158635932819,0.3542203638242101,0.478,94
11,0.7,1.5,Biologically constrained latent SCM,0.6522580869864594,0.828,0.42975303202431103,0.1595744680851064,0.12746116455914458,0.07535161470946346,0.37174104747462683,0.469,94
11,0.7,1.5,Data-generating oracle (reference),,0.827,0.4270784740672625,0.24468085106382978,0.11915286318414585,0.030146934762018508,0.3723021725189287,0.562,94
12,0.7,1.5,Associative latent class model,,0.71,0.17553821906796782,0.9,0.22151088168751842,0.20807937631489337,0.24059202631256438,0.469,90
12,0.7,1.5,Renal-adjusted associative latent class model,0.7244297203678246,0.82,0.40894215083893526,0.36666666666666664,0.12882591439381977,0.04974922872943068,0.30937165397289135,0.545,90
12,0.7,1.5,Biologically constrained latent SCM,0.705505247769923,0.82,0.4089722859711093,0.3111111111111111,0.12892289122020367,0.05414570393557043,0.3107600434873941,0.535,90
12,0.7,1.5,Data-generating oracle (reference),,0.832,0.44013371633119897,0.3333333333333333,0.11772895908587816,0.015447985617444935,0.37317770570161374,0.577,90
13,0.7,1.5,Associative latent class model,,0.649,0.08799283100427349,0.79,0.28378573805096813,0.2852921839083949,0.1936232758986991,0.314,100
13,0.7,1.5,Renal-adjusted associative latent class model,0.617829295748701,0.833,0.44299880873919156,0.3,0.11730852116900722,0.02544794130987612,0.3383229274698388,0.512,100
13,0.7,1.5,Biologically constrained latent SCM,0.6193997047593293,0.835,0.44834815991576593,0.3,0.11724901450566984,0.03030331588105204,0.3376771165934931,0.512,100
13,0.7,1.5,Data-generating oracle (reference),,0.832,0.44033922009160315,0.39,0.11773763269725576,0.029856018195896512,0.37260996831440885,0.543,100
14,0.7,1.5,Associative latent class model,,0.658,0.09847906077520356,0.9195402298850575,0.2690161152973376,0.2738924542498248,0.21744488111135662,0.378,87
14,0.7,1.5,Renal-adjusted associative latent class model,0.6733726410799333,0.827,0.4271448169347664,0.14942528735632185,0.1260480328951169,0.05859351242456523,0.351571073029036,0.487,87
14,0.7,1.5,Biologically constrained latent SCM,0.6784609535600195,0.826,0.424533635066626,0.1724137931034483,0.12490528262743703,0.05042923190119334,0.3522668847421589,0.498,87
14,0.7,1.5,Data-generating oracle (reference),,0.826,0.4245124610248026,0.21839080459770116,0.11988878696684759,0.029599817800977153,0.37357218486113597,0.532,87
15,0.7,1.5,Associative latent class model,,0.666,0.10873760771730195,0.9024390243902439,0.2599422061760024,0.2615551448781711,0.2310944774114972,0.404,82
15,0.7,1.5,Renal-adjusted associative latent class model,0.7164350880055497,0.822,0.41407650562909626,0.4634146341463415,0.12864923190171407,0.06197823661811833,0.33314650889899056,0.544,82
15,0.7,1.5,Biologically constrained latent SCM,0.6332167821426172,0.835,0.448282581486668,0.2926829268292683,0.12240717746646486,0.05182554058105517,0.3555952296511642,0.543,82
15,0.7,1.5,Data-generating oracle (reference),,0.835,0.4479872394407834,0.36585365853658536,0.1188212276388131,0.0306505832971653,0.3706708982409603,0.595,82
16,0.7,1.5,Associative latent class model,,0.594,0.032200292338404005,0.8645833333333334,0.32458277398356916,0.33192436973697365,0.20434806961158494,0.333,96
16,0.7,1.5,Renal-adjusted associative latent class model,0.5463855965971732,0.802,0.3641814744964348,0.16666666666666666,0.13457670796501536,0.09520286813866677,0.38570423904811524,0.485,96
16,0.7,1.5,Biologically constrained latent SCM,0.56166486582537,0.803,0.36659878599219553,0.1875,0.13454436248059526,0.0990584375125111,0.3814008964682663,0.482,96
16,0.7,1.5,Data-generating oracle (reference),,0.835,0.44816384837301365,0.3020833333333333,0.11833679779992437,0.022623287027343102,0.3604450089587285,0.566,96
17,0.7,1.5,Associative latent class model,,0.657,0.0971566538290313,0.6413043478260869,0.272839260990515,0.26659863943943635,0.20676244696181675,0.311,92
17,0.7,1.5,Renal-adjusted associative latent class model,0.671114744936305,0.827,0.42713954066955573,0.33695652173913043,0.11403701293685034,0.029502312106272265,0.38487042334829097,0.525,92
17,0.7,1.5,Biologically constrained latent SCM,0.7072427198934443,0.812,0.3887581021122605,0.358695652173913,0.12389102588237379,0.0662474725958063,0.36605286709123575,0.47,92
17,0.7,1.5,Data-generating oracle (reference),,0.831,0.43763378359930777,0.391304347826087,0.1143013307944327,0.03534597256588471,0.3675211290170548,0.573,92
18,0.7,1.5,Associative latent class model,,0.63,0.06512392259507463,0.8354430379746836,0.2942396153026189,0.30663247276074995,0.19570286284406063,0.324,79
18,0.7,1.5,Renal-adjusted associative latent class model,0.713876935450876,0.829,0.432402523713073,0.34177215189873417,0.1266115260044983,0.07994796633472223,0.3627903610624626,0.493,79
18,0.7,1.5,Biologically constrained latent SCM,0.6454323252171967,0.82,0.4090088185655486,0.24050632911392406,0.12433012035862337,0.07933682036202154,0.3835136430237413,0.484,79
18,0.7,1.5,Data-generating oracle (reference),,0.834,0.4455626498129358,0.35443037974683544,0.11380731547805814,0.025811265693339993,0.36831948406614257,0.562,79
19,0.7,1.5,Associative latent class model,,0.676,0.12256085253648547,0.7790697674418605,0.24757070554687455,0.23358434880035742,0.23177926027455778,0.372,86
19,0.7,1.5,Renal-adjusted associative latent class model,0.6269321122361335,0.835,0.4482807814884183,0.12790697674418605,0.11931378682173781,0.029833978741681963,0.338820637578407,0.563,86
19,0.7,1.5,Biologically constrained latent SCM,0.686498466641058,0.834,0.44560851201728796,0.26744186046511625,0.11566187881763915,0.023880788606708902,0.3303184219808535,0.56,86
19,0.7,1.5,Data-generating oracle (reference),,0.831,0.4376418486968953,0.26744186046511625,0.11514338392680741,0.01701912331306633,0.3700634401359052,0.549,86
20,0.7,1.5,Associative latent class model,,0.657,0.09649234340334525,0.8311688311688312,0.2602001489701359,0.2602815408929721,0.21849135399548567,0.357,77
20,0.7,1.5,Renal-adjusted associative latent class model,0.6830954710823255,0.826,0.4240278248897347,0.35064935064935066,0.1203349338453873,0.04311746320073424,0.3411860397707454,0.616,77
20,0.7,1.5,Biologically constrained latent SCM,0.7386713692697183,0.835,0.4477894565066271,0.4155844155844156,0.11962554935244998,0.05006133788918821,0.3291551451641973,0.625,77
20,0.7,1.5,Data-generating oracle (reference),,0.833,0.4427554667741023,0.35064935064935066,0.11416860156790318,0.0345423463399923,0.36562000246198323,0.583,77
21,0.7,1.5,Associative latent class model,,0.677,0.1239986083079418,0.9024390243902439,0.25851794904919345,0.2574923924220274,0.21308288236828107,0.388,82
21,0.7,1.5,Renal-adjusted associative latent class model,0.7772755872608407,0.81,0.383776730333828,0.5487804878048781,0.1318482625158352,0.05692115022351713,0.330759382051063,0.523,82
21,0.7,1.5,Biologically constrained latent SCM,0.6835297664695219,0.814,0.3937819809272804,0.3902439024390244,0.1267462709030757,0.0497351028560072,0.35181461020497623,0.509,82
21,0.7,1.5,Data-generating oracle (reference),,0.814,0.3937193006997042,0.4268292682926829,0.1220592931046431,0.023491075485968026,0.36552236644332925,0.551,82
22,0.7,1.5,Associative latent class model,,0.658,0.0980984068785113,0.8666666666666667,0.2668053803045365,0.27029467867249674,0.2279819755168629,0.398,90
22,0.7,1.5,Renal-adjusted associative latent class model,0.7231138716537016,0.803,0.36655289443570127,0.4222222222222222,0.14044300475169616,0.06971367436892198,0.34156398438262403,0.533,90
22,0.7,1.5,Biologically constrained latent SCM,0.6455752858846552,0.814,0.39367195607972083,0.34444444444444444,0.13210427452229528,0.06024757513861894,0.3653176223799717,0.546,90
22,0.7,1.5,Data-generating oracle (reference),,0.821,0.41120996516743097,0.4,0.1276863990941371,0.026636354684925548,0.37733035156310596,0.583,90
23,0.7,1.5,Associative latent class model,,0.643,0.07893684071968177,0.7654320987654321,0.2916102976521625,0.2990589768390067,0.18832970069745922,0.345,81
23,0.7,1.5,Renal-adjusted associative latent class model,0.7806865878272985,0.791,0.33804007015680954,0.43209876543209874,0.14333977504125234,0.10518952517359421,0.32739361372647374,0.475,81
23,0.7,1.5,Biologically constrained latent SCM,0.7310416182535601,0.831,0.43762593034799996,0.345679012345679,0.12245164794419174,0.048232376546416496,0.3635848252174526,0.537,81
23,0.7,1.5,Data-generating oracle (reference),,0.834,0.44541290276042,0.345679012345679,0.11662186367043209,0.023669693788246706,0.37018654221781194,0.574,81
24,0.7,1.5,Associative latent class model,,0.636,0.07251570378852482,0.8495575221238938,0.27974187776757753,0.27267741444734556,0.2296983408993881,0.403,113
24,0.7,1.5,Renal-adjusted associative latent class model,0.6890177403547224,0.836,0.4508572932358115,0.2920353982300885,0.11535699691633221,0.030554229324084286,0.358237383421978,0.573,113
24,0.7,1.5,Biologically constrained latent SCM,0.6846242837045929,0.836,0.4508572932358115,0.2831858407079646,0.11506268548975539,0.027993577334343194,0.35919453952872016,0.573,113
24,0.7,1.5,Data-generating oracle (reference),,0.831,0.4374254875347395,0.30973451327433627,0.11401046815678326,0.0356997518632131,0.3622005931659028,0.586,113
25,0.7,1.5,Associative latent class model,,0.631,0.06571508131009678,0.7640449438202247,0.29487964936389477,0.2952116265239412,0.20769022974251383,0.35,89
25,0.7,1.5,Renal-adjusted associative latent class model,0.701212810560041,0.806,0.37338979755542584,0.3146067415730337,0.1268819067915518,0.024426336801479546,0.38796880567525466,0.595,89
25,0.7,1.5,Biologically constrained latent SCM,0.7346140770347109,0.805,0.37108039998655706,0.39325842696629215,0.1285382444526303,0.0317025889220466,0.3800733471727381,0.582,89
25,0.7,1.5,Data-generating oracle (reference),,0.816,0.3984392299750304,0.30337078651685395,0.12518697844706014,0.02151016814775215,0.3756047175794345,0.583,89
26,0.7,1.5,Associative latent class model,,0.575,0.02000431919684919,0.90625,0.3470785564605715,0.35827698542190406,0.18437092230198535,0.301,96
26,0.7,1.5,Renal-adjusted associative latent class model,0.7472612766085325,0.836,0.45097269689592306,0.3229166666666667,0.12371095234263466,0.022810295139217916,0.3881453145191613,0.556,96
26,0.7,1.5,Biologically constrained latent SCM,0.7721646524863357,0.836,0.45093458719448876,0.34375,0.12372038852811945,0.02568531892731694,0.3837972314856939,0.57,96
26,0.7,1.5,Data-generating oracle (reference),,0.833,0.44291748930416286,0.3125,0.12357186600224443,0.024964810148715787,0.37161623957643497,0.563,96
27,0.7,1.5,Associative latent class model,,0.585,0.02659832224434414,0.9775280898876404,0.33889961206653335,0.3555824467524999,0.17096165968007632,0.313,89
27,0.7,1.5,Renal-adjusted associative latent class model,0.5542385215278511,0.785,0.3240563932136924,0.12359550561797752,0.14456940604593593,0.11068624913670498,0.3923041100568839,0.419,89
27,0.7,1.5,Biologically constrained latent SCM,0.581689294576365,0.787,0.32867065890396036,0.16853932584269662,0.14313734614888773,0.10807597282085978,0.3898663252892214,0.427,89
27,0.7,1.5,Data-generating oracle (reference),,0.826,0.42445801715387993,0.29213483146067415,0.12253092631357718,0.0312697603221738,0.37762123300131034,0.558,89
28,0.7,1.5,Associative latent class model,,0.623,0.059456456514850764,0.8859649122807017,0.29112540482149957,0.2963890560186076,0.21304005237130383,0.354,114
28,0.7,1.5,Renal-adjusted associative latent class model,0.6565206480678003,0.84,0.46186212392072534,0.19298245614035087,0.11181025241383986,0.02814285119909506,0.36700992168874963,0.513,114
28,0.7,1.5,Biologically constrained latent SCM,0.6138628038657066,0.842,0.4673239670173635,0.13157894736842105,0.11152477196878156,0.029429139163936576,0.3725252319756438,0.507,114
28,0.7,1.5,Data-generating oracle (reference),,0.839,0.45914102956812197,0.21052631578947367,0.11026072033341525,0.022807686420446845,0.36266704256442656,0.53,114
29,0.7,1.5,Associative latent class model,,0.633,0.06831694515876131,0.872093023255814,0.2864060012013489,0.2942825451398601,0.21585152415814418,0.362,86
29,0.7,1.5,Renal-adjusted associative latent class model,0.6892004951397952,0.821,0.4114809432213438,0.3953488372093023,0.12741099599395114,0.03716885670465899,0.3740385429662293,0.546,86
29,0.7,1.5,Biologically constrained latent SCM,0.6760648885094075,0.82,0.4089520161686451,0.32558139534883723,0.12796072774989825,0.040153026513524204,0.3767985939841946,0.537,86
29,0.7,1.5,Data-generating oracle (reference),,0.831,0.4373678008802489,0.32558139534883723,0.12037079450856748,0.022499855197058764,0.36574442145951946,0.582,86
30,0.7,1.5,Associative latent class model,,0.61,0.046769223092063474,0.8137254901960784,0.3135879251475534,0.3149727856793718,0.2010174691850379,0.318,102
30,0.7,1.5,Renal-adjusted associative latent class model,0.7317897499867563,0.832,0.44026566046832066,0.3431372549019608,0.12132957858597321,0.03930840519359849,0.3763431970295434,0.578,102
30,0.7,1.5,Biologically constrained latent SCM,0.7499110239102463,0.83,0.4348791379377681,0.39215686274509803,0.12429190233568804,0.0634038887320448,0.37123785234289314,0.614,102
30,0.7,1.5,Data-generating oracle (reference),,0.834,0.44564728139657683,0.2647058823529412,0.11998774360492714,0.033101174449991645,0.3718185291921958,0.546,102
31,0.7,1.5,Associative latent class model,,0.653,0.09233744581253396,0.7472527472527473,0.27633165237478796,0.27694248943707533,0.19355264988576557,0.327,91
31,0.7,1.5,Renal-adjusted associative latent class model,0.6338649195550574,0.844,0.47279640151922964,0.2087912087912088,0.1142660355335327,0.03254867194956803,0.3824501280139779,0.554,91
31,0.7,1.5,Biologically constrained latent SCM,0.6807725515311365,0.85,0.4894628379293761,0.31868131868131866,0.11235957198472976,0.030803138243523053,0.37332153274183394,0.562,91
31,0.7,1.5,Data-generating oracle (reference),,0.854,0.500745431758291,0.3076923076923077,0.11029182606591491,0.03159370435153802,0.38228471550491233,0.554,91
32,0.7,1.5,Associative latent class model,,0.595,0.03332464894074809,0.9204545454545454,0.33055796062981085,0.3389205548653886,0.19442280200183035,0.325,88
32,0.7,1.5,Renal-adjusted associative latent class model,0.6173661352821653,0.824,0.4193252567378731,0.125,0.11895195127244332,0.05647764823460476,0.38443653560988766,0.514,88
32,0.7,1.5,Biologically constrained latent SCM,0.6104282704898656,0.825,0.4219305119656671,0.125,0.12050906654589148,0.06355282218321032,0.3842590953982269,0.503,88
32,0.7,1.5,Data-generating oracle (reference),,0.839,0.45902736456891535,0.19318181818181818,0.11497765219103828,0.020756449101771723,0.3674684624749676,0.561,88
33,0.7,1.5,Associative latent class model,,0.669,0.11263551997442273,0.7875,0.24788189269161023,0.25816468394444086,0.2404652314343198,0.349,80
33,0.7,1.5,Renal-adjusted associative latent class model,0.6707122437618825,0.833,0.4429847130781592,0.3125,0.12092806327149953,0.0361789070519208,0.35786316194155815,0.531,80
33,0.7,1.5,Biologically constrained latent SCM,0.6854677474867968,0.832,0.44031223052974605,0.325,0.12066689581236913,0.01923921909083651,0.3551150433224364,0.538,80
33,0.7,1.5,Data-generating oracle (reference),,0.826,0.42448588747352295,0.325,0.1202194100249192,0.025227319731966017,0.36678051146915724,0.548,80
34,0.7,1.5,Associative latent class model,,0.599,0.03635329287525732,0.8571428571428571,0.3200929856536307,0.3303914608104953,0.18927693568123388,0.321,91
34,0.7,1.5,Renal-adjusted associative latent class model,0.8405162146924947,0.819,0.40548566665636226,0.43956043956043955,0.13482589862126326,0.08350060397543951,0.3456575959442681,0.663,91
34,0.7,1.5,Biologically constrained latent SCM,0.8537515252879234,0.81,0.3828433315238192,0.5384615384615384,0.1328181795919119,0.07057028631632335,0.34524661821601266,0.658,91
34,0.7,1.5,Data-generating oracle (reference),,0.825,0.4216355242245465,0.3076923076923077,0.12355244180941108,0.024582871439980416,0.37169170894129955,0.591,91
35,0.7,1.5,Associative latent class model,,0.608,0.04478298063582702,0.8367346938775511,0.3123873499814974,0.31812316688744535,0.19663493035391183,0.32,98
35,0.7,1.5,Renal-adjusted associative latent class model,0.6748484020487797,0.819,0.40627370279692226,0.24489795918367346,0.12714516751052188,0.04486599853151321,0.37704388913820497,0.601,98
35,0.7,1.5,Biologically constrained latent SCM,0.7514392546179652,0.827,0.42701165141920966,0.35714285714285715,0.12434613468773409,0.05043512566477152,0.3636426253719006,0.589,98
35,0.7,1.5,Data-generating oracle (reference),,0.827,0.42706102574458377,0.32653061224489793,0.12064657246906972,0.031680274365489265,0.37020658846660043,0.571,98
36,0.7,1.5,Associative latent class model,,0.63,0.06455357034508151,0.7341772151898734,0.28620041749778524,0.29492760382432165,0.22610511976385225,0.317,79
36,0.7,1.5,Renal-adjusted associative latent class model,0.6900796765390412,0.842,0.4672654322282944,0.27848101265822783,0.11400845905568914,0.03255104609519033,0.33688185507296153,0.543,79
36,0.7,1.5,Biologically constrained latent SCM,0.6920211035354651,0.843,0.4699453909166908,0.2911392405063291,0.11404396116354738,0.029553080054773435,0.33528840443590363,0.56,79
36,0.7,1.5,Data-generating oracle (reference),,0.85,0.48936903744343163,0.25316455696202533,0.1123890679626311,0.027160164273414104,0.3700364163270136,0.561,79
37,0.7,1.5,Associative latent class model,,0.661,0.10211391270681425,0.8961038961038961,0.27276296149232293,0.2809470707705109,0.197583538684968,0.355,77
37,0.7,1.5,Renal-adjusted associative latent class model,0.8192098528181809,0.841,0.4644603360900108,0.4805194805194805,0.11500650690564941,0.02609318100936998,0.33708919958065553,0.583,77
37,0.7,1.5,Biologically constrained latent SCM,0.7937173610089272,0.835,0.44811680316488056,0.44155844155844154,0.11571151896679893,0.04241515687318584,0.3480246003928763,0.609,77
37,0.7,1.5,Data-generating oracle (reference),,0.843,0.4699689589532785,0.35064935064935066,0.1150068459592141,0.030289412514507986,0.3601274964340744,0.573,77
38,0.7,1.5,Associative latent class model,,0.659,0.09960829793520065,0.9390243902439024,0.258786321734346,0.2647235778749,0.23812841063117754,0.384,82
38,0.7,1.5,Renal-adjusted associative latent class model,0.6908197785938383,0.841,0.4645418248646489,0.3170731707317073,0.11698306184281781,0.024891105226209114,0.3812983489605829,0.544,82
38,0.7,1.5,Biologically constrained latent SCM,0.6709296604873731,0.841,0.46446725228065827,0.2926829268292683,0.11552662467797549,0.02162205213865757,0.388473104850774,0.568,82
38,0.7,1.5,Data-generating oracle (reference),,0.84,0.4617360869401667,0.3048780487804878,0.11535831837696511,0.017011578883744764,0.37425709079717934,0.569,82
39,0.7,1.5,Associative latent class model,,0.612,0.04738122247837925,0.6886792452830188,0.3152128725822056,0.31127528241674507,0.20012514684821456,0.325,106
39,0.7,1.5,Renal-adjusted associative latent class model,0.7310105638070271,0.784,0.32193769261785793,0.39622641509433965,0.14826925575702196,0.09513195001876963,0.35552578991567035,0.479,106
39,0.7,1.5,Biologically constrained latent SCM,0.6706646253501093,0.824,0.41929701156927135,0.3018867924528302,0.12950689492482453,0.048631843395542364,0.38841570012012594,0.531,106
39,0.7,1.5,Data-generating oracle (reference),,0.822,0.41397122505734596,0.3490566037735849,0.12355859768599241,0.02020802666206781,0.36508137517427164,0.571,106
40,0.7,1.5,Associative latent class model,,0.611,0.04705937068910296,0.8229166666666666,0.30648464481035387,0.31671005221983,0.20559763974778178,0.326,96
40,0.7,1.5,Renal-adjusted associative latent class model,0.5170362861691667,0.82,0.4088754389213339,0.17708333333333334,0.12379511217794324,0.02485581984347296,0.37610745612087726,0.573,96
40,0.7,1.5,Biologically constrained latent SCM,0.5805455044718372,0.833,0.44289723216706833,0.25,0.11553600346769614,0.025159142273650383,0.3737228896182006,0.566,96
40,0.7,1.5,Data-generating oracle (reference),,0.846,0.47813861267161356,0.3333333333333333,0.11356248655221876,0.028736251619876068,0.36636969443491574,0.595,96
41,0.7,1.5,Associative latent class model,,0.59,0.029538208623426005,0.9157894736842105,0.3392452959022927,0.3472304602375307,0.17753541642607235,0.335,95
41,0.7,1.5,Renal-adjusted associative latent class model,0.37739554695136507,0.752,0.2526869224679439,0.042105263157894736,0.17186816733551433,0.1594610375045423,0.3805180615254807,0.395,95
41,0.7,1.5,Biologically constrained latent SCM,0.5796852274852746,0.806,0.3738603635113127,0.11578947368421053,0.13840465414800682,0.10496283538056402,0.382413388362266,0.461,95
41,0.7,1.5,Data-generating oracle (reference),,0.83,0.4348506617966728,0.29473684210526313,0.1189632676193904,0.018819853292820668,0.37400902953048587,0.569,95
42,0.7,1.5,Associative latent class model,,0.619,0.054806364547897383,0.968421052631579,0.2990288314613158,0.3162797295224969,0.2110997146999647,0.364,95
42,0.7,1.5,Renal-adjusted associative latent class model,0.7788723270163133,0.819,0.4063074489754543,0.3894736842105263,0.12599191348305,0.04027733727080777,0.35119053747427204,0.57,95
42,0.7,1.5,Biologically constrained latent SCM,0.7536597451395433,0.824,0.4190477009309886,0.28421052631578947,0.12310945442792769,0.036403442925051835,0.35912811490083035,0.597,95
42,0.7,1.5,Data-generating oracle (reference),,0.831,0.4375542476614645,0.22105263157894736,0.12007857374619928,0.01675254848876488,0.371887426059692,0.568,95
43,0.7,1.5,Associative latent class model,,0.696,0.15260325055233076,0.845360824742268,0.23004347898449337,0.2255091082340723,0.2533439518269027,0.432,97
43,0.7,1.5,Renal-adjusted associative latent class model,0.6878610021760284,0.831,0.4375611590622821,0.35051546391752575,0.11647000755149702,0.028092653383388986,0.33683782961869835,0.563,97
43,0.7,1.5,Biologically constrained latent SCM,0.655084813562745,0.836,0.4508966465504327,0.28865979381443296,0.11622136804953498,0.028873346079846703,0.3462026906885421,0.568,97
43,0.7,1.5,Data-generating oracle (reference),,0.825,0.42178949075896166,0.32989690721649484,0.11549524140875685,0.03194363028711767,0.37496232624425624,0.565,97
44,0.7,1.5,Associative latent class model,,0.644,0.08136185851706078,0.9230769230769231,0.2740881269610774,0.2804983486637899,0.2178363231554622,0.374,91
44,0.7,1.5,Renal-adjusted associative latent class model,0.7806883078227804,0.828,0.4296034587352717,0.5164835164835165,0.12319774814354051,0.027608669505786318,0.33231342549222004,0.58,91
44,0.7,1.5,Biologically constrained latent SCM,0.7417347245932211,0.832,0.44007327702000026,0.42857142857142855,0.1176237055194828,0.04187915296264059,0.34490168268987326,0.602,91
44,0.7,1.5,Data-generating oracle (reference),,0.836,0.45088681270657077,0.38461538461538464,0.1162020145250009,0.018462424562383367,0.36110521621057673,0.578,91
45,0.7,1.5,Associative latent class model,,0.625,0.06002822637759147,0.8160919540229885,0.2982992011517596,0.29807501951142656,0.2158903232572048,0.331,87
45,0.7,1.5,Renal-adjusted associative latent class model,0.665823724101494,0.809,0.3813081928350252,0.26436781609195403,0.13327908239779535,0.05914461769837586,0.36527231538247806,0.513,87
45,0.7,1.5,Biologically constrained latent SCM,0.5591301636089314,0.794,0.3450862966553519,0.20689655172413793,0.13688339409792616,0.05009269174233114,0.3902073251266952,0.518,87
45,0.7,1.5,Data-generating oracle (reference),,0.817,0.4011821146092255,0.3333333333333333,0.12656547747656624,0.037500076021355556,0.36425631886307996,0.573,87
46,0.7,1.5,Associative latent class model,,0.594,0.03206776562211058,0.9069767441860465,0.32298725339324263,0.3282392325090027,0.20441874066368199,0.323,86
46,0.7,1.5,Renal-adjusted associative latent class model,0.6040597268459588,0.797,0.3520859688649292,0.3488372093023256,0.13594707136533207,0.041741273738128186,0.41398353924121145,0.548,86
46,0.7,1.5,Biologically constrained latent SCM,0.6202763412632954,0.801,0.36166505770469837,0.36046511627906974,0.13574006076420073,0.040507596922060664,0.41019971690715407,0.548,86
46,0.7,1.5,Data-generating oracle (reference),,0.801,0.36132592731003804,0.4186046511627907,0.13481789948166692,0.030382843726407257,0.3803638720274897,0.596,86
47,0.7,1.5,Associative latent class model,,0.645,0.08188045344040469,0.9012345679012346,0.26179245322908046,0.26808308716525964,0.24251031777946683,0.379,81
47,0.7,1.5,Renal-adjusted associative latent class model,0.6909568853943846,0.848,0.48375300118765857,0.2345679012345679,0.11344764492788954,0.02777562506378642,0.3567803312361169,0.556,81
47,0.7,1.5,Biologically constrained latent SCM,0.6999310099712623,0.849,0.48643350961197374,0.24691358024691357,0.11220610663042559,0.030331472852033897,0.3569084561320519,0.573,81
47,0.7,1.5,Data-generating oracle (reference),,0.846,0.47790035645466805,0.24691358024691357,0.11202178391198248,0.019578580900233664,0.35596236597083825,0.594,81
48,0.7,1.5,Associative latent class model,,0.651,0.08978789364495462,0.8947368421052632,0.27244118020022384,0.2702636429934551,0.23445637265313812,0.397,95
48,0.7,1.5,Renal-adjusted associative latent class model,0.5835423764598499,0.816,0.3987435785107964,0.16842105263157894,0.13152539517529965,0.04736030760547496,0.35145276611395115,0.552,95
48,0.7,1.5,Biologically constrained latent SCM,0.6330708253978324,0.818,0.4038074903924604,0.21052631578947367,0.13004787753778244,0.04337325975681548,0.34480752726786057,0.556,95
48,0.7,1.5,Data-generating oracle (reference),,0.825,0.4217455519425694,0.30526315789473685,0.12628833092590203,0.019854027341628402,0.3816402472661802,0.577,95
49,0.7,1.5,Associative latent class model,,0.562,0.013351571644015367,0.9900990099009901,0.3930388550851912,0.4073067193728873,0.10702026162305688,0.307,101
49,0.7,1.5,Renal-adjusted associative latent class model,0.7533440708490441,0.817,0.4009142086389471,0.43564356435643564,0.1317180655716275,0.0953674632400586,0.36301931236024165,0.662,101
49,0.7,1.5,Biologically constrained latent SCM,0.7760464477412875,0.806,0.3733637135556398,0.4752475247524752,0.13578556517438028,0.10609967846198494,0.35839077297518657,0.677,101
49,0.7,1.5,Data-generating oracle (reference),,0.841,0.4645446134737614,0.297029702970297,0.1149940073263166,0.02284061208087038,0.3782441440327609,0.556,101
50,0.7,1.5,Associative latent class model,,0.609,0.044863202879758,0.7549019607843137,0.3195213643583314,0.319820795962607,0.18908017453201978,0.329,102
50,0.7,1.5,Renal-adjusted associative latent class model,0.6843855786100694,0.846,0.4781927320874649,0.2549019607843137,0.11627347525579532,0.03239330506217599,0.38191309371860777,0.57,102
50,0.7,1.5,Biologically constrained latent SCM,0.7149157367626406,0.841,0.4644657848220021,0.3235294117647059,0.11609624732253182,0.03211475247796294,0.37343295973239937,0.563,102
50,0.7,1.5,Data-generating oracle (reference),,0.845,0.4753608114775641,0.3235294117647059,0.11558299282486556,0.02876683557858645,0.3682339107910953,0.583,102
51,0.7,1.5,Associative latent class model,,0.586,0.025738371891639245,0.9036144578313253,0.362153011555081,0.370636377315125,0.13335580830393234,0.309,83
51,0.7,1.5,Renal-adjusted associative latent class model,0.7942542612234971,0.814,0.3928622490247868,0.4939759036144578,0.12883367881196608,0.03932605910291156,0.37487995097730875,0.637,83
51,0.7,1.5,Biologically constrained latent SCM,0.7561417765322461,0.817,0.4002708005713544,0.40963855421686746,0.13032315907558667,0.055838531756955335,0.38222483817318675,0.65,83
51,0.7,1.5,Data-generating oracle (reference),,0.81,0.38358426762889036,0.3253012048192771,0.127507443602272,0.036606553849070765,0.3745171308981685,0.565,83
52,0.7,1.5,Associative latent class model,,0.628,0.06357308834145396,0.8125,0.3027925625567982,0.30787114138923705,0.17050391791206043,0.303,80
52,0.7,1.5,Renal-adjusted associative latent class model,0.6545061012456779,0.835,0.44835202172322913,0.1625,0.12359843778829621,0.06178723998024257,0.3560187056072576,0.496,80
52,0.7,1.5,Biologically constrained latent SCM,0.6943142699809268,0.837,0.453731377510705,0.1875,0.1228594117537408,0.06031250471598112,0.3466600975434624,0.488,80
52,0.7,1.5,Data-generating oracle (reference),,0.839,0.45910537074218,0.25,0.11563840762768914,0.030728487359798832,0.35791017302719974,0.552,80
53,0.7,1.5,Associative latent class model,,0.557,0.010278179894353532,0.9142857142857143,0.38704786741652597,0.39876067390909703,0.13162719185672908,0.305,105
53,0.7,1.5,Renal-adjusted associative latent class model,0.6616545790639262,0.842,0.46718709389015994,0.19047619047619047,0.11669858746595402,0.0394531994579241,0.33005142655635783,0.576,105
53,0.7,1.5,Biologically constrained latent SCM,0.6932465780410122,0.837,0.4535533789883742,0.2571428571428571,0.11626839686872097,0.04055997367545343,0.32673547987967283,0.585,105
53,0.7,1.5,Data-generating oracle (reference),,0.832,0.4402556883310867,0.29523809523809524,0.11264979210839368,0.023094533491171482,0.3621753116848478,0.558,105
54,0.7,1.5,Associative latent class model,,0.662,0.10388319398340469,0.9222222222222223,0.25490437183941667,0.25866411930859157,0.2204313468062166,0.366,90
54,0.7,1.5,Renal-adjusted associative latent class model,0.6524138589968383,0.832,0.44033671135298363,0.28888888888888886,0.12064521172397889,0.046739457026826324,0.3518387875032065,0.486,90
54,0.7,1.5,Biologically constrained latent SCM,0.6353956996148299,0.832,0.4403358224238183,0.25555555555555554,0.12072881965973283,0.04852716068225178,0.3551204414707935,0.482,90
54,0.7,1.5,Data-generating oracle (reference),,0.837,0.4537109185741731,0.35555555555555557,0.11545701823790333,0.02352051962333143,0.3828628322716612,0.555,90
55,0.7,1.5,Associative latent class model,,0.639,0.07556826455962774,0.8469387755102041,0.290342668158773,0.2916706746519455,0.207013652162614,0.363,98
55,0.7,1.5,Renal-adjusted associative latent class model,0.6796632187741214,0.806,0.3737989532306548,0.29591836734693877,0.13016821546966287,0.020423497892804537,0.3924004148207566,0.566,98
55,0.7,1.5,Biologically constrained latent SCM,0.7274827865622896,0.816,0.3987361926853157,0.3877551020408163,0.13082881090519907,0.04292182512383366,0.38001356986414236,0.558,98
55,0.7,1.5,Data-generating oracle (reference),,0.816,0.3987361926853157,0.35714285714285715,0.129507782517856,0.03363418681215347,0.37794955868123314,0.558,98
56,0.7,1.5,Associative latent class model,,0.662,0.10345806747096836,0.8674698795180723,0.25048953771492216,0.2479190257406502,0.22449955091351373,0.369,83
56,0.7,1.5,Renal-adjusted associative latent class model,0.6754204466128378,0.849,0.4865611449497954,0.26506024096385544,0.10701322234957718,0.027036592397395347,0.34562974516881445,0.58,83
56,0.7,1.5,Biologically constrained latent SCM,0.7243232473529433,0.855,0.5034436855637966,0.3493975903614458,0.1054274917327154,0.031712234405149385,0.3363277512304578,0.59,83
56,0.7,1.5,Data-generating oracle (reference),,0.863,0.5265010835194156,0.30120481927710846,0.10557420303145314,0.03631775454959833,0.3681357626464081,0.574,83
57,0.7,1.5,Associative latent class model,,0.611,0.04744080920199953,0.8928571428571429,0.3219239277515103,0.32711099677469163,0.16753769218581874,0.303,84
57,0.7,1.5,Renal-adjusted associative latent class model,0.6962867027873646,0.847,0.48110967360436857,0.20238095238095238,0.11744257882782674,0.03567520884782764,0.35196638939435776,0.529,84
57,0.7,1.5,Biologically constrained latent SCM,0.6925973010651959,0.843,0.4700497169016854,0.20238095238095238,0.11773116689786854,0.037406137510883244,0.35410911778355253,0.539,84
57,0.7,1.5,Data-generating oracle (reference),,0.837,0.45370619335794204,0.23809523809523808,0.11832533764903963,0.026044684576326537,0.3690931454814988,0.545,84
58,0.7,1.5,Associative latent class model,,0.638,0.07385918919831419,0.8953488372093024,0.2704006871774829,0.271572485330307,0.2576955572533428,0.392,86
58,0.7,1.5,Renal-adjusted associative latent class model,0.694001326125779,0.829,0.4311295429578397,0.27906976744186046,0.11816665932838345,0.023158955143167556,0.3518769887795944,0.631,86
58,0.7,1.5,Biologically constrained latent SCM,0.7280434821405685,0.828,0.4282664403855303,0.3372093023255814,0.1187178814735237,0.03517729976149676,0.3453345047290607,0.642,86
58,0.7,1.5,Data-generating oracle (reference),,0.827,0.4265088383178634,0.27906976744186046,0.1163302925605306,0.032318959005058524,0.3773827989325793,0.593,86
59,0.7,1.5,Associative latent class model,,0.574,0.0182501363531349,0.9021739130434783,0.35095331360900806,0.36993543998875683,0.16901879966201505,0.311,92
59,0.7,1.5,Renal-adjusted associative latent class model,0.6821124895399452,0.835,0.4483574158310277,0.14130434782608695,0.11511625818957447,0.06599338942798541,0.3672767895003191,0.506,92
59,0.7,1.5,Biologically constrained latent SCM,0.6883345558628693,0.832,0.4403470400215709,0.15217391304347827,0.11629325284520285,0.06872342831816919,0.3651437084620167,0.501,92
59,0.7,1.5,Data-generating oracle (reference),,0.853,0.4977545497533183,0.20652173913043478,0.10750306596437738,0.025222061053790264,0.3716150278505304,0.57,92
60,0.7,1.5,Associative latent class model,,0.631,0.06727334234543222,0.9888888888888889,0.2836826201758998,0.29368872885972236,0.2081886533867859,0.356,90
60,0.7,1.5,Renal-adjusted associative latent class model,0.7087168355406879,0.842,0.4673199137557296,0.25555555555555554,0.11247112902181354,0.023340869396443916,0.36797370504018656,0.523,90
60,0.7,1.5,Biologically constrained latent SCM,0.7020130176116465,0.843,0.47006210263582904,0.25555555555555554,0.11248904527185442,0.025527848203724217,0.36909680847067977,0.524,90
60,0.7,1.5,Data-generating oracle (reference),,0.854,0.5007378364035947,0.2222222222222222,0.1087094556054657,0.026601091738198523,0.3684885245417246,0.551,90
61,0.7,1.5,Associative latent class model,,0.622,0.057494598647712065,0.7596153846153846,0.3030488630160403,0.304510966510002,0.20528283279424367,0.334,104
61,0.7,1.5,Renal-adjusted associative latent class model,0.6580171834370387,0.825,0.421917202676488,0.3173076923076923,0.12418008449382788,0.037125910170820044,0.3666396237658937,0.521,104
61,0.7,1.5,Biologically constrained latent SCM,0.6571514453001951,0.825,0.421917202676488,0.3173076923076923,0.12443557092914462,0.038133506119021346,0.3661040278222863,0.521,104
61,0.7,1.5,Data-generating oracle (reference),,0.828,0.4296454858321791,0.36538461538461536,0.12139770798003525,0.028650509001063598,0.3725239039076493,0.572,104
62,0.7,1.5,Associative latent class model,,0.583,0.024718137700257107,0.8571428571428571,0.3445070168378443,0.35527974439752186,0.16611511253974834,0.279,84
62,0.7,1.5,Renal-adjusted associative latent class model,0.7051244257914996,0.837,0.45371702782915047,0.2857142857142857,0.11250235481313228,0.03765986617950525,0.36158920663632904,0.529,84
62,0.7,1.5,Biologically constrained latent SCM,0.6857358969288315,0.834,0.44565802351408784,0.23809523809523808,0.11227585867142093,0.03498072929590217,0.3645159730110917,0.528,84
62,0.7,1.5,Data-generating oracle (reference),,0.844,0.4727084032032602,0.3333333333333333,0.10971061153362245,0.033067800464683834,0.37657030326181895,0.574,84
63,0.7,1.5,Associative latent class model,,0.674,0.11930115888362396,0.7777777777777778,0.25030674693184474,0.2464213414117874,0.23400929026965658,0.397,81
63,0.7,1.5,Renal-adjusted associative latent class model,0.6553817629516528,0.818,0.40370496691352,0.345679012345679,0.12198792799537407,0.037104819664447626,0.3593946443190997,0.559,81
63,0.7,1.5,Biologically constrained latent SCM,0.6468836156505038,0.82,0.4088157467720489,0.3333333333333333,0.12193667919559097,0.030870590414897276,0.3616872575519498,0.559,81
63,0.7,1.5,Data-generating oracle (reference),,0.827,0.42648081531198306,0.35802469135802467,0.12119386721098516,0.01980694237782612,0.3750804848001315,0.608,81
64,0.7,1.5,Associative latent class model,,0.638,0.07403801604373199,0.9166666666666666,0.2867074556599184,0.28834873242482295,0.2186683999407611,0.379,84
64,0.7,1.5,Renal-adjusted associative latent class model,0.8869081537537753,0.805,0.3709797531576038,0.6309523809523809,0.14230556749792675,0.05051417266030339,0.3378822986325634,0.594,84
64,0.7,1.5,Biologically constrained latent SCM,0.8464885368524038,0.808,0.3778165994289002,0.5238095238095238,0.13616202330339178,0.04254895734050643,0.35321460077416444,0.635,84
64,0.7,1.5,Data-generating oracle (reference),,0.829,0.43187117203615427,0.32142857142857145,0.12708736893835584,0.03919883165497891,0.3644865750079815,0.602,84
65,0.7,1.5,Associative latent class model,,0.61,0.04648816550014355,0.9705882352941176,0.30520433164080474,0.321707060348839,0.22836685675854326,0.381,102
65,0.7,1.5,Renal-adjusted associative latent class model,0.7218616652951695,0.826,0.4242380935141813,0.3431372549019608,0.11873530247025235,0.028998506711942068,0.3325238387922481,0.585,102
65,0.7,1.5,Biologically constrained latent SCM,0.6937495723313339,0.824,0.4190581726954241,0.28431372549019607,0.11866833870060597,0.02924786685557745,0.33423217204375666,0.581,102
65,0.7,1.5,Data-generating oracle (reference),,0.839,0.4589024783877699,0.3137254901960784,0.1153787683984021,0.024840642785390422,0.3661727480895037,0.58,102
66,0.7,1.5,Associative latent class model,,0.599,0.03736555400527063,0.78125,0.32079327322533024,0.3248972619428611,0.19222977123464893,0.288,96
66,0.7,1.5,Renal-adjusted associative latent class model,0.6834449903107708,0.823,0.4166740858446944,0.28125,0.12582499443859205,0.03559243884656951,0.37870353441035853,0.572,96
66,0.7,1.5,Biologically constrained latent SCM,0.7492849973102137,0.826,0.424468964849148,0.3854166666666667,0.12080098313255358,0.034889487523393825,0.3840676638548456,0.573,96
66,0.7,1.5,Data-generating oracle (reference),,0.828,0.4297254315910745,0.3333333333333333,0.11764194052538823,0.03878620523447552,0.36534303906310966,0.561,96
67,0.7,1.5,Associative latent class model,,0.587,0.027428229386281398,0.989247311827957,0.34228140993427597,0.3673224791374894,0.17359264748084952,0.343,93
67,0.7,1.5,Renal-adjusted associative latent class model,0.632480147274268,0.831,0.43760271757579594,0.22580645161290322,0.11672578762084052,0.03662913062118805,0.3743647561986507,0.545,93
67,0.7,1.5,Biologically constrained latent SCM,0.5902232234569202,0.826,0.4244596014550174,0.20430107526881722,0.11927515478286514,0.040124816068469474,0.37952347386511304,0.542,93
67,0.7,1.5,Data-generating oracle (reference),,0.838,0.45630831374613834,0.23655913978494625,0.11439519656302594,0.030974701312150046,0.3729722115791661,0.556,93
68,0.7,1.5,Associative latent class model,,0.638,0.07484668001105758,0.8222222222222222,0.30359437607469775,0.3073335039621742,0.16867538466534415,0.319,90
68,0.7,1.5,Renal-adjusted associative latent class model,0.7643586238829853,0.819,0.40639339295490245,0.4111111111111111,0.12261307406063834,0.03562949411193373,0.38800948333740637,0.586,90
68,0.7,1.5,Biologically constrained latent SCM,0.779925449633018,0.811,0.3861930413184825,0.45555555555555555,0.12490266142450156,0.04746530494277156,0.3847873125256998,0.598,90
68,0.7,1.5,Data-generating oracle (reference),,0.82,0.408986948728728,0.32222222222222224,0.12027519258854293,0.02126763037572524,0.38133416249350116,0.555,90
69,0.7,1.5,Associative latent class model,,0.566,0.012843830377384386,0.9404761904761905,0.3650414867841634,0.3870302022688851,0.15275047174706363,0.302,84
69,0.7,1.5,Renal-adjusted associative latent class model,0.7734584237632766,0.854,0.5001688932484781,0.30952380952380953,0.10468098673545514,0.03903188568135939,0.3636286590049735,0.614,84
69,0.7,1.5,Biologically constrained latent SCM,0.7719584843408483,0.849,0.4857464664655768,0.2857142857142857,0.10842559299251048,0.044973563090464456,0.3609402766082275,0.641,84
69,0.7,1.5,Data-generating oracle (reference),,0.85,0.4893178235224318,0.16666666666666666,0.10263486297237759,0.02686047461231446,0.3560706508986763,0.562,84
70,0.7,1.5,Associative latent class model,,0.613,0.04921767681948912,0.8787878787878788,0.30065738040627027,0.30962561892262186,0.21197006273620064,0.34,99
70,0.7,1.5,Renal-adjusted associative latent class model,0.6188326190491352,0.826,0.42453219416482585,0.24242424242424243,0.12121074944667183,0.06004399661905587,0.3856803432600401,0.509,99
70,0.7,1.5,Biologically constrained latent SCM,0.6364705832138073,0.828,0.42977060162618685,0.24242424242424243,0.12094976505995436,0.05897176638653246,0.3838360348036951,0.505,99
70,0.7,1.5,Data-generating oracle (reference),,0.84,0.4617703490116802,0.29292929292929293,0.1156973919484708,0.015593424420651232,0.37545679435974316,0.569,99
71,0.7,1.5,Associative latent class model,,0.642,0.07948147032534941,0.9801980198019802,0.2639070979086157,0.25913573663063,0.2659465063494066,0.395,101
71,0.7,1.5,Renal-adjusted associative latent class model,0.7644461892121907,0.834,0.4455282259597105,0.36633663366336633,0.12091021331582533,0.05057620994797445,0.34568031975176244,0.601,101
71,0.7,1.5,Biologically constrained latent SCM,0.7574854505332945,0.836,0.45086510906466337,0.33663366336633666,0.12113205766662269,0.06322784380532638,0.3456902692870875,0.611,101
71,0.7,1.5,Data-generating oracle (reference),,0.835,0.44831364237148025,0.26732673267326734,0.11620678376558882,0.018609599007415396,0.3661812609516292,0.552,101
72,0.7,1.5,Associative latent class model,,0.619,0.05344456075108446,0.8533333333333334,0.3048155786090117,0.3170134712999363,0.19020084368993334,0.315,75
72,0.7,1.5,Renal-adjusted associative latent class model,0.6927779502421494,0.826,0.4244209234105256,0.25333333333333335,0.12320711979098814,0.026048342722756888,0.3894266959391514,0.554,75
72,0.7,1.5,Biologically constrained latent SCM,0.6632587153258515,0.826,0.42418183636177337,0.22666666666666666,0.12347706759176189,0.023538591948130124,0.40057729214360915,0.594,75
72,0.7,1.5,Data-generating oracle (reference),,0.827,0.42683482465828965,0.28,0.11712091209702638,0.029310110463883668,0.37291243729323165,0.589,75
73,0.7,1.5,Associative latent class model,,0.676,0.1226029257638144,0.723404255319149,0.2530369342828556,0.2480808136893906,0.21847691554947377,0.358,94
73,0.7,1.5,Renal-adjusted associative latent class model,0.6937214736447618,0.832,0.4403029981154066,0.24468085106382978,0.11945686953797563,0.037929553150807004,0.33385413052677565,0.552,94
73,0.7,1.5,Biologically constrained latent SCM,0.7423482064533744,0.83,0.434998473480944,0.3404255319148936,0.1207223196990846,0.030039341664936912,0.324888246394468,0.554,94
73,0.7,1.5,Data-generating oracle (reference),,0.828,0.42973733488853166,0.30851063829787234,0.1183824783685014,0.018726077842473317,0.37329805285509216,0.548,94
74,0.7,1.5,Associative latent class model,,0.648,0.08580684413938433,0.7938144329896907,0.2779955314921716,0.2802397570701052,0.20345829766174917,0.364,97
74,0.7,1.5,Renal-adjusted associative latent class model,0.7544765196707335,0.826,0.42442497126539996,0.3402061855670103,0.12012177797929519,0.02443131014871978,0.3511522234691648,0.56,97
74,0.7,1.5,Biologically constrained latent SCM,0.7364493356540698,0.83,0.43487641916122965,0.29896907216494845,0.11914662490492418,0.0200790709769326,0.35857440631200427,0.574,97
74,0.7,1.5,Data-generating oracle (reference),,0.825,0.42172591756666067,0.28865979381443296,0.11950950461797155,0.02469596374826318,0.37238503878378726,0.581,97
75,0.7,1.5,Associative latent class model,,0.623,0.059274334781977786,0.9489795918367347,0.2933712834564361,0.307179244857827,0.22017069246577695,0.356,98
75,0.7,1.5,Renal-adjusted associative latent class model,0.6665190543524656,0.797,0.35206817159722437,0.3673469387755102,0.15247022644654362,0.07124115057489794,0.38154094335067346,0.61,98
75,0.7,1.5,Biologically constrained latent SCM,0.6669491975945956,0.789,0.3332545622682984,0.3673469387755102,0.1528569321566287,0.07509721033948537,0.382063820328748,0.626,98
75,0.7,1.5,Data-generating oracle (reference),,0.815,0.39622885452194223,0.37755102040816324,0.13031234510067832,0.03128333862340353,0.3783436846010819,0.586,98
76,0.7,1.5,Associative latent class model,,0.56,0.010111228383632119,0.8977272727272727,0.3760050814785334,0.38818907974338573,0.15046403943681008,0.291,88
76,0.7,1.5,Renal-adjusted associative latent class model,0.5279445260062481,0.817,0.4010595252361362,0.17045454545454544,0.1275082227413207,0.04124248386162334,0.3392910784977406,0.582,88
76,0.7,1.5,Biologically constrained latent SCM,0.6345281363445475,0.819,0.40598716552973524,0.3409090909090909,0.11715005049564733,0.052902193008933326,0.33249611230384957,0.602,88
76,0.7,1.5,Data-generating oracle (reference),,0.833,0.4427624797951088,0.3977272727272727,0.1151271594114217,0.027209038416834783,0.3689710321166823,0.576,88
77,0.7,1.5,Associative latent class model,,0.605,0.04192196927682272,0.8645833333333334,0.3136376535465915,0.31947643249299496,0.19869072908531843,0.33,96
77,0.7,1.5,Renal-adjusted associative latent class model,0.7066851230445983,0.811,0.386025363292505,0.2708333333333333,0.12970907282148084,0.036294541944616156,0.36008932706456565,0.596,96
77,0.7,1.5,Biologically constrained latent SCM,0.7472032823497369,0.816,0.39864520545073906,0.3541666666666667,0.12789478694914974,0.037818640868690113,0.3556792720943413,0.583,96
77,0.7,1.5,Data-generating oracle (reference),,0.821,0.41152180027929147,0.34375,0.12590566696862124,0.01834388373966404,0.38205403198446314,0.548,96
78,0.7,1.5,Associative latent class model,,0.652,0.09085712124870525,0.9534883720930233,0.2694900725770027,0.27763453503898383,0.20635818353841448,0.377,86
78,0.7,1.5,Renal-adjusted associative latent class model,0.7583483034955356,0.843,0.46998671169783696,0.32558139534883723,0.11248497395638532,0.018290176493448582,0.365067744215601,0.558,86
78,0.7,1.5,Biologically constrained latent SCM,0.7618656627725813,0.844,0.47268804782363294,0.32558139534883723,0.11134979791430286,0.02354882736933571,0.3678016861014975,0.573,86
78,0.7,1.5,Data-generating oracle (reference),,0.847,0.48097921812241673,0.2558139534883721,0.1102971985137516,0.04378268725795353,0.37249118953882576,0.576,86
79,0.7,1.5,Associative latent class model,,0.657,0.09723985002671824,0.8484848484848485,0.26660624665215676,0.2611311886170535,0.23458848068104998,0.422,99
79,0.7,1.5,Renal-adjusted associative latent class model,0.7262230458871961,0.829,0.4321406687704817,0.32323232323232326,0.12377861637759116,0.02832284815367564,0.3485411534030768,0.574,99
79,0.7,1.5,Biologically constrained latent SCM,0.7232670264783684,0.827,0.42679016800432873,0.32323232323232326,0.12279642359177265,0.022657785312536777,0.3497018360313722,0.586,99
79,0.7,1.5,Data-generating oracle (reference),,0.83,0.434773235626185,0.30303030303030304,0.1229364795571629,0.023195195959716194,0.3750370685152439,0.575,99
80,0.7,1.5,Associative latent class model,,0.679,0.1269088063447063,0.81,0.24627243292512735,0.24544129131634923,0.25651183816368806,0.405,100
80,0.7,1.5,Renal-adjusted associative latent class model,0.7040946464737926,0.818,0.40372623192383256,0.35,0.13033089358445157,0.04907597467817527,0.3377293607774843,0.578,100
80,0.7,1.5,Biologically constrained latent SCM,0.7376687040023987,0.811,0.38605648378687113,0.46,0.12952894907961224,0.04122763759611385,0.3340026631114543,0.585,100
80,0.7,1.5,Data-generating oracle (reference),,0.821,0.4114940448206238,0.37,0.1260174100610012,0.022698155596033887,0.3692366520696074,0.555,100
81,0.7,1.5,Associative latent class model,,0.437,0.014124176845463778,0.00980392156862745,0.554254003770559,0.5486430284357576,0.075021089633523,0.696,102
81,0.7,1.5,Renal-adjusted associative latent class model,0.6127717388217178,0.81,0.3836961899325615,0.21568627450980393,0.13346760400769134,0.044583614818938494,0.3557583513192289,0.585,102
81,0.7,1.5,Biologically constrained latent SCM,0.5644787300626173,0.799,0.3568885454361789,0.16666666666666666,0.13712484312868953,0.0457161917747892,0.3603758282587756,0.576,102
81,0.7,1.5,Data-generating oracle (reference),,0.822,0.41410871144168954,0.2647058823529412,0.12777574720930251,0.035660440987817746,0.37602023088218556,0.561,102
82,0.7,1.5,Associative latent class model,,0.652,0.08975745730621384,0.76,0.2735218488446435,0.2765220286744884,0.21325914954248562,0.341,75
82,0.7,1.5,Renal-adjusted associative latent class model,0.6462395555982369,0.83,0.4349145890689013,0.21333333333333335,0.11689800773353494,0.03795482292266989,0.3726190026992051,0.555,75
82,0.7,1.5,Biologically constrained latent SCM,0.679056667492374,0.837,0.4536086098722676,0.25333333333333335,0.11463082176159634,0.03468578571515538,0.3653848440395543,0.556,75
82,0.7,1.5,Data-generating oracle (reference),,0.832,0.440036337732025,0.28,0.11278350927772479,0.027858644677327783,0.36279419299396204,0.585,75
83,0.7,1.5,Associative latent class model,,0.594,0.03300157515213261,0.8888888888888888,0.32929378808526794,0.34049895046406375,0.1844180559695698,0.305,90
83,0.7,1.5,Renal-adjusted associative latent class model,0.6837112681766263,0.848,0.4838121347188209,0.35555555555555557,0.1103480668499487,0.01946485864676025,0.3667124387060027,0.569,90
83,0.7,1.5,Biologically constrained latent SCM,0.6880937733684972,0.851,0.4921595133455048,0.35555555555555557,0.11082098554285504,0.03302528161456893,0.36592655708283656,0.586,90
83,0.7,1.5,Data-generating oracle (reference),,0.85,0.4894129917629493,0.3111111111111111,0.10817170171136078,0.023311952686860017,0.35713731395565573,0.565,90
84,0.7,1.5,Associative latent class model,,0.668,0.11136484872193485,0.9240506329113924,0.24664414407075472,0.24697482080503097,0.264593621402199,0.407,79
84,0.7,1.5,Renal-adjusted associative latent class model,0.4504924990886952,0.796,0.3498277644894656,0.08860759493670886,0.1396229579904485,0.08676760285634956,0.3696251206142043,0.499,79
84,0.7,1.5,Biologically constrained latent SCM,0.5551064531333616,0.806,0.37392703548840756,0.20253164556962025,0.13176902070472624,0.08151342076750213,0.3655559043397702,0.491,79
84,0.7,1.5,Data-generating oracle (reference),,0.824,0.418956862461828,0.2911392405063291,0.119480029976368,0.022432412013486783,0.3752852871958488,0.587,79
85,0.7,1.5,Associative latent class model,,0.555,0.008260114202899196,1.0,0.3994990956784281,0.41563737376769655,0.10094442401708366,0.3,88
85,0.7,1.5,Renal-adjusted associative latent class model,0.7204697005194304,0.828,0.42957967293008475,0.29545454545454547,0.12361136997877858,0.02383656065245471,0.39374112205778183,0.569,88
85,0.7,1.5,Biologically constrained latent SCM,0.71367906280252,0.827,0.42698376159441814,0.29545454545454547,0.123825961577577,0.022084178989096592,0.3943428037332195,0.564,88
85,0.7,1.5,Data-generating oracle (reference),,0.826,0.4243170708804331,0.3068181818181818,0.12363657411159573,0.025606104980725238,0.37390377559596916,0.573,88
86,0.7,1.5,Associative latent class model,,0.603,0.0401732715191106,0.9425287356321839,0.3101937962782923,0.32293727934574457,0.20079528795459953,0.321,87
86,0.7,1.5,Renal-adjusted associative latent class model,0.7654662023391564,0.818,0.4034484416479013,0.4367816091954023,0.1326041236220042,0.06147610774318141,0.3438376422147917,0.634,87
86,0.7,1.5,Biologically constrained latent SCM,0.7846823844207588,0.814,0.3932759885851937,0.4482758620689655,0.13428996586298883,0.06973045905130082,0.3385122287496849,0.64,87
86,0.7,1.5,Data-generating oracle (reference),,0.818,0.40367137499194394,0.39080459770114945,0.12814169194040964,0.03786988601845818,0.3765332157490867,0.596,87
87,0.7,1.5,Associative latent class model,,0.619,0.05468766571156058,0.8260869565217391,0.3098703182899913,0.3164181590167661,0.1866455667658954,0.319,92
87,0.7,1.5,Renal-adjusted associative latent class model,0.6972949441520204,0.83,0.4347626499345907,0.2391304347826087,0.1276336659246185,0.07223686580727257,0.32364290945567725,0.622,92
87,0.7,1.5,Biologically constrained latent SCM,0.7162130486311615,0.828,0.42946264507467724,0.2826086956521739,0.12772665185511842,0.07498741910904087,0.32061075396182115,0.628,92
87,0.7,1.5,Data-generating oracle (reference),,0.83,0.434948512263783,0.21739130434782608,0.11912329332537125,0.032962519286300715,0.370155527935343,0.57,92
88,0.7,1.5,Associative latent class model,,0.644,0.08144053775394196,0.8762886597938144,0.2725059126406179,0.2730971982007202,0.2250680501869267,0.369,97
88,0.7,1.5,Renal-adjusted associative latent class model,0.6316656307044801,0.846,0.47834708083617744,0.1958762886597938,0.11232647725503479,0.05409041817960883,0.36125281476533044,0.503,97
88,0.7,1.5,Biologically constrained latent SCM,0.6011188515627127,0.837,0.4537345476679619,0.15463917525773196,0.11238085210811956,0.058266927962830596,0.36779822447758437,0.504,97
88,0.7,1.5,Data-generating oracle (reference),,0.844,0.4727616711239601,0.30927835051546393,0.10904030683168878,0.033943556009549,0.3651992687503084,0.555,97
89,0.7,1.5,Associative latent class model,,0.602,0.03750992401187203,0.6593406593406593,0.318040650460288,0.32390605983673476,0.21190176131137695,0.299,91
89,0.7,1.5,Renal-adjusted associative latent class model,0.6884736763062306,0.816,0.3982949027339793,0.31868131868131866,0.12685390213131748,0.03034369001542553,0.34823647220979354,0.605,91
89,0.7,1.5,Biologically constrained latent SCM,0.7143402215246929,0.819,0.40603519167636853,0.3626373626373626,0.12655362061994488,0.03647233841550004,0.3440446499449613,0.594,91
89,0.7,1.5,Data-generating oracle (reference),,0.822,0.41374921120784514,0.3626373626373626,0.12392364505550942,0.014711550095119746,0.37383317227603763,0.593,91
90,0.7,1.5,Associative latent class model,,0.659,0.09913378614632347,0.881578947368421,0.26333643034044474,0.27379486616689225,0.22942732972036128,0.359,76
90,0.7,1.5,Renal-adjusted associative latent class model,0.7103001238365148,0.837,0.4535170759715197,0.32894736842105265,0.10997500275316961,0.02670239125726852,0.3671493360417104,0.581,76
90,0.7,1.5,Biologically constrained latent SCM,0.7241255391581409,0.833,0.4426429993419387,0.34210526315789475,0.11072871983023518,0.03912536672698323,0.3638601723303434,0.603,76
90,0.7,1.5,Data-generating oracle (reference),,0.835,0.448204123479262,0.2894736842105263,0.11012873024900106,0.019391407050005652,0.3673744216127689,0.567,76
91,0.7,1.5,Associative latent class model,,0.633,0.06913071148062089,0.9130434782608695,0.2862505866559203,0.2972739264131422,0.2056252442486562,0.352,92
91,0.7,1.5,Renal-adjusted associative latent class model,0.7403142993559851,0.849,0.48651088732558534,0.34782608695652173,0.11194904105188384,0.03716331084225274,0.34280951225151357,0.602,92
91,0.7,1.5,Biologically constrained latent SCM,0.7365112674669007,0.85,0.4892768919789376,0.34782608695652173,0.1128713786811262,0.0494217390445546,0.34532172505290737,0.611,92
91,0.7,1.5,Data-generating oracle (reference),,0.848,0.4838094896550045,0.31521739130434784,0.10935498587859872,0.021723056437562803,0.36984531264951587,0.573,92
92,0.7,1.5,Associative latent class model,,0.59,0.030196130316813945,0.9519230769230769,0.327898634695453,0.34456262781756525,0.20594969574676844,0.36,104
92,0.7,1.5,Renal-adjusted associative latent class model,0.7519663556601549,0.82,0.40868928268073734,0.47115384615384615,0.12660526916218706,0.028767617343009706,0.37732940317786473,0.592,104
92,0.7,1.5,Biologically constrained latent SCM,0.702341761872657,0.818,0.4034345448801618,0.3557692307692308,0.12543353953165162,0.03779667013674705,0.3866610460824588,0.61,104
92,0.7,1.5,Data-generating oracle (reference),,0.828,0.4294843235622939,0.3557692307692308,0.12304069325289364,0.025535007616956307,0.36706825842621615,0.588,104
93,0.7,1.5,Associative latent class model,,0.598,0.035976035219330606,0.8735632183908046,0.34393691076432087,0.3525461637901053,0.13815482292474707,0.302,87
93,0.7,1.5,Renal-adjusted associative latent class model,0.6964518537097343,0.809,0.3808542040614117,0.39080459770114945,0.1320540148215371,0.0684148589739235,0.3918206227558621,0.637,87
93,0.7,1.5,Biologically constrained latent SCM,0.7429746423149589,0.819,0.40604293864729274,0.4367816091954023,0.1272333609704037,0.07153295464899846,0.3849744541125561,0.633,87
93,0.7,1.5,Data-generating oracle (reference),,0.835,0.4482504267716743,0.3448275862068966,0.11374234057385228,0.019239808860500623,0.3629014950405767,0.569,87
94,0.7,1.5,Associative latent class model,,0.619,0.05472090185667989,0.8804347826086957,0.2980559189702669,0.3126906683448565,0.21397200290904356,0.337,92
94,0.7,1.5,Renal-adjusted associative latent class model,0.5609927189552191,0.832,0.44033867030343615,0.11956521739130435,0.11989141652980141,0.06670232345712886,0.39970263591119176,0.488,92
94,0.7,1.5,Biologically constrained latent SCM,0.6053811624002937,0.837,0.4537256247807767,0.14130434782608695,0.11748555198627278,0.07026580417991919,0.39326978581589617,0.479,92
94,0.7,1.5,Data-generating oracle (reference),,0.85,0.4894269376521645,0.21739130434782608,0.10902267837837752,0.02970357931243815,0.3796109090365728,0.558,92
95,0.7,1.5,Associative latent class model,,0.618,0.052611935005457626,0.6941176470588235,0.30037865860960616,0.3006947050563409,0.20662768052249605,0.308,85
95,0.7,1.5,Renal-adjusted associative latent class model,0.5317607132596944,0.822,0.41415686896343945,0.11764705882352941,0.1311780733322795,0.0732940452002379,0.3727646811846335,0.492,85
95,0.7,1.5,Biologically constrained latent SCM,0.603534503151356,0.818,0.4038760081343844,0.15294117647058825,0.12738808928173823,0.08817832755748606,0.36418408207661745,0.47,85
95,0.7,1.5,Data-generating oracle (reference),,0.846,0.47823456725174307,0.29411764705882354,0.11215690157194744,0.017418961702568063,0.364712502156876,0.56,85
96,0.7,1.5,Associative latent class model,,0.664,0.10655600102380781,0.8137254901960784,0.27833941713090155,0.2645960834526915,0.19935182223738662,0.359,102
96,0.7,1.5,Renal-adjusted associative latent class model,0.7408231072545436,0.805,0.371464163776034,0.4117647058823529,0.1276468342411117,0.04130639797935659,0.34999276806345836,0.542,102
96,0.7,1.5,Biologically constrained latent SCM,0.7180363906743409,0.811,0.38626058952103126,0.38235294117647056,0.12624540869117018,0.03336430435738525,0.35592461986961144,0.548,102
96,0.7,1.5,Data-generating oracle (reference),,0.818,0.4038861711756442,0.3431372549019608,0.12189190461517435,0.02557489439831032,0.36975821384900925,0.557,102
97,0.7,1.5,Associative latent class model,,0.635,0.07046239747354728,0.8554216867469879,0.2868864272101361,0.29170976708540575,0.2102177335078773,0.347,83
97,0.7,1.5,Renal-adjusted associative latent class model,0.7155862357947065,0.811,0.3856502949348891,0.37349397590361444,0.12862529150348023,0.041590591934808685,0.36393920469700447,0.621,83
97,0.7,1.5,Biologically constrained latent SCM,0.6983339668036246,0.815,0.39548785911607387,0.3253012048192771,0.13086659035013315,0.05440473467766005,0.36617676687480094,0.639,83
97,0.7,1.5,Data-generating oracle (reference),,0.832,0.4401072817305183,0.3373493975903614,0.11988467875750349,0.021682076968804826,0.3756011676554901,0.578,83
98,0.7,1.5,Associative latent class model,,0.564,0.013149745554004715,0.9047619047619048,0.36952081237656514,0.376012829929126,0.16371027758631865,0.327,105
98,0.7,1.5,Renal-adjusted associative latent class model,0.6761476154115986,0.814,0.39342037742541214,0.26666666666666666,0.1257870541102741,0.019633927251777282,0.3949713883297948,0.589,105
98,0.7,1.5,Biologically constrained latent SCM,0.6995589926488871,0.812,0.38827803591998156,0.3523809523809524,0.12431168532560834,0.014829573377398451,0.39351511724472227,0.603,105
98,0.7,1.5,Data-generating oracle (reference),,0.825,0.4216195644427942,0.3619047619047619,0.12317349148755641,0.022257653803994987,0.387893936115702,0.584,105
99,0.7,1.5,Associative latent class model,,0.637,0.07266842748523199,0.7872340425531915,0.2909649039713601,0.29517550540419946,0.2136246456159649,0.361,94
99,0.7,1.5,Renal-adjusted associative latent class model,0.7696498840925161,0.828,0.4295695291376289,0.4148936170212766,0.121212229024922,0.028667109118415145,0.3468868177488323,0.566,94
99,0.7,1.5,Biologically constrained latent SCM,0.7215775462302016,0.831,0.4370478165337154,0.30851063829787234,0.11750882031016101,0.026391241387530084,0.36110010425114497,0.617,94
99,0.7,1.5,Data-generating oracle (reference),,0.84,0.46161259520817405,0.2978723404255319,0.11594176332071915,0.03070706766898676,0.36562792899951635,0.576,94
100,0.7,1.5,Associative latent class model,,0.555,0.00934047508973106,0.9646017699115044,0.3650518122582353,0.3906792081648393,0.17801288994279754,0.342,113
100,0.7,1.5,Renal-adjusted associative latent class model,0.6212509277804169,0.835,0.4480899422034785,0.20353982300884957,0.11419253265332972,0.02306506162689471,0.37926961443238444,0.582,113
100,0.7,1.5,Biologically constrained latent SCM,0.7027159581340432,0.845,0.475354217972383,0.336283185840708,0.11234541818045725,0.023528016148528792,0.3708191431545707,0.578,113
100,0.7,1.5,Data-generating oracle (reference),,0.848,0.4837416321770124,0.2920353982300885,0.1099709473057358,0.016581062596779904,0.3631146637487382,0.567,113
101,0.7,1.5,Associative latent class model,,0.594,0.0296825675161063,0.8235294117647058,0.3349513552642573,0.34221931649824344,0.18174206847057972,0.301,68
101,0.7,1.5,Renal-adjusted associative latent class model,0.7250330321877877,0.833,0.44289526915839333,0.36764705882352944,0.11757018334177301,0.05648421292889323,0.35065242500787597,0.542,68
101,0.7,1.5,Biologically constrained latent SCM,0.6657673697782323,0.839,0.45892022413736017,0.2647058823529412,0.11439984587364771,0.04886799270719829,0.3671218652392294,0.56,68
101,0.7,1.5,Data-generating oracle (reference),,0.851,0.4916615047316385,0.35294117647058826,0.10944980001234501,0.022817817819977226,0.376943531652583,0.602,68
102,0.7,1.5,Associative latent class model,,0.612,0.048240045346153365,0.6442307692307693,0.338351604346984,0.3357545291146361,0.1585644035027633,0.287,104
102,0.7,1.5,Renal-adjusted associative latent class model,0.6670763451530556,0.837,0.4537320607566897,0.20192307692307693,0.11777747488487217,0.04522693647212248,0.3655137743413837,0.508,104
102,0.7,1.5,Biologically constrained latent SCM,0.6589857534338698,0.836,0.45103665969206297,0.19230769230769232,0.11769398991410954,0.042005496512853895,0.36765340222857507,0.511,104
102,0.7,1.5,Data-generating oracle (reference),,0.83,0.4350143090799563,0.2692307692307692,0.11485818536935523,0.021286467443245933,0.3621131125135094,0.543,104
103,0.7,1.5,Associative latent class model,,0.655,0.09431349063799017,0.7473684210526316,0.26770421789818666,0.2677374094402578,0.2384491470141987,0.362,95
103,0.7,1.5,Renal-adjusted associative latent class model,0.6334969721800223,0.816,0.3988290820394837,0.2736842105263158,0.13342066003668046,0.05937493916535832,0.35502217270598896,0.507,95
103,0.7,1.5,Biologically constrained latent SCM,0.6051325803124107,0.819,0.4064521107080965,0.2631578947368421,0.13351723415427347,0.05821390928228588,0.3608542279540884,0.514,95
103,0.7,1.5,Data-generating oracle (reference),,0.824,0.41920373551362844,0.30526315789473685,0.12611409155806913,0.03750857178920043,0.3655437409088298,0.565,95
104,0.7,1.5,Associative latent class model,,0.682,0.1311509277064601,0.6304347826086957,0.24890081771937733,0.23296970228167707,0.23213554911912776,0.34,92
104,0.7,1.5,Renal-adjusted associative latent class model,0.6506866548136159,0.822,0.41413866211352707,0.17391304347826086,0.1243903971763526,0.026583051253431366,0.35428995873045965,0.534,92
104,0.7,1.5,Biologically constrained latent SCM,0.7028206382373144,0.807,0.3763757331914062,0.25,0.1272236464603996,0.05116355306095851,0.3434623838221904,0.499,92
104,0.7,1.5,Data-generating oracle (reference),,0.821,0.4115481803995572,0.2391304347826087,0.12268399386949921,0.024227058560649155,0.3808348977366794,0.549,92
105,0.7,1.5,Associative latent class model,,0.569,0.01485751086657739,0.8723404255319149,0.33806160036409655,0.3525371891765963,0.21251198307676022,0.32,94
105,0.7,1.5,Renal-adjusted associative latent class model,0.3830084730471247,0.775,0.30145307773957597,0.010638297872340425,0.15828665966643995,0.14415888857767,0.3910863685348574,0.428,94
105,0.7,1.5,Biologically constrained latent SCM,0.6803552207815301,0.827,0.4271567056158576,0.2127659574468085,0.12478637987191747,0.08387642968077308,0.3984809034979197,0.504,94
105,0.7,1.5,Data-generating oracle (reference),,0.844,0.4724624580134245,0.2978723404255319,0.11484043198833482,0.0293072606507004,0.38228320072256483,0.583,94
106,0.7,1.5,Associative latent class model,,0.657,0.09732156586255838,0.946236559139785,0.26243727064641087,0.2707512551028532,0.22251705377553793,0.387,93
106,0.7,1.5,Renal-adjusted associative latent class model,0.6367520271004206,0.826,0.4244119613401084,0.24731182795698925,0.11976982981841454,0.031237441904670964,0.38977212853776555,0.58,93
106,0.7,1.5,Biologically constrained latent SCM,0.7294039872369688,0.832,0.4401849144188669,0.3225806451612903,0.11646505442690692,0.045805627542218244,0.37257726532049296,0.592,93
106,0.7,1.5,Data-generating oracle (reference),,0.843,0.47004109303399394,0.27956989247311825,0.11385930235173079,0.025939336377814818,0.3680997084363603,0.541,93
107,0.7,1.5,Associative latent class model,,0.632,0.0683052063014715,0.9142857142857143,0.2802589953117663,0.29288385696421376,0.24942672306207528,0.382,105
107,0.7,1.5,Renal-adjusted associative latent class model,0.7371637824164758,0.844,0.47262365141922147,0.3142857142857143,0.11149764201229462,0.03731237192825958,0.337154391292987,0.602,105
107,0.7,1.5,Biologically constrained latent SCM,0.7205928459940804,0.845,0.4753471278550745,0.2857142857142857,0.11250290448085082,0.04892208797401577,0.3394044768881837,0.611,105
107,0.7,1.5,Data-generating oracle (reference),,0.843,0.4699515183488508,0.2571428571428571,0.10933114036014309,0.020130109241531798,0.3590631152066171,0.579,105
108,0.7,1.5,Associative latent class model,,0.545,0.0032157393062041853,0.9875,0.4058597930580719,0.4217507481458592,0.11114194166234373,0.274,80
108,0.7,1.5,Renal-adjusted associative latent class model,0.6224545373539143,0.85,0.4891300932264688,0.1625,0.11004268212266713,0.03219172482233422,0.37954884059756216,0.597,80
108,0.7,1.5,Biologically constrained latent SCM,0.7135493300038332,0.852,0.4946596543038373,0.275,0.10483736168062271,0.04056065485371216,0.37025779689115085,0.609,80
108,0.7,1.5,Data-generating oracle (reference),,0.857,0.509179011191416,0.25,0.10138908987422915,0.029513791362349297,0.36581507210984626,0.56,80
109,0.7,1.5,Associative latent class model,,0.611,0.0473163617963563,0.8529411764705882,0.3154700996714733,0.32289839493890266,0.18048520963872494,0.338,102
109,0.7,1.5,Renal-adjusted associative latent class model,0.6933912422768971,0.823,0.41671105213570997,0.29411764705882354,0.11960344836247436,0.03076210283452944,0.3561064414466762,0.534,102
109,0.7,1.5,Biologically constrained latent SCM,0.7128064099687476,0.826,0.42448661897104883,0.30392156862745096,0.11906333437709415,0.03229489765293328,0.35264154248683216,0.545,102
109,0.7,1.5,Data-generating oracle (reference),,0.825,0.42180488231423285,0.35294117647058826,0.11676443280064777,0.029804267505089674,0.36314525408135195,0.572,102
110,0.7,1.5,Associative latent class model,,0.691,0.14481012468951784,0.8295454545454546,0.24148414903485707,0.22453924500438815,0.23503001048389577,0.416,88
110,0.7,1.5,Renal-adjusted associative latent class model,0.7586495409804079,0.82,0.40879777799822503,0.5340909090909091,0.12693764212157313,0.03743472480969728,0.3380121599796198,0.591,88
110,0.7,1.5,Biologically constrained latent SCM,0.7226767933117357,0.821,0.41127662379641916,0.4318181818181818,0.12604388966710162,0.041844168915794,0.351742692459884,0.608,88
110,0.7,1.5,Data-generating oracle (reference),,0.823,0.4165970920432885,0.38636363636363635,0.12334131601330649,0.031711782404647185,0.38395562356713886,0.574,88
111,0.7,1.5,Associative latent class model,,0.637,0.07274865816420964,0.8625,0.28332228170235646,0.2903966063257358,0.20695212530912244,0.34,80
111,0.7,1.5,Renal-adjusted associative latent class model,0.7156700794126367,0.84,0.46177280983560354,0.275,0.1142113798078629,0.020589987838768965,0.3591688694125773,0.555,80
111,0.7,1.5,Biologically constrained latent SCM,0.7461856397713207,0.845,0.4754631748174111,0.3375,0.1134192175412744,0.028842091121335452,0.351905698040367,0.562,80
111,0.7,1.5,Data-generating oracle (reference),,0.849,0.4865396405096084,0.275,0.10910494227535,0.019410487842768522,0.37178594069672305,0.572,80
112,0.7,1.5,Associative latent class model,,0.704,0.165658027378253,0.8588235294117647,0.2222414775141222,0.21607660729316192,0.23928326240101847,0.492,85
112,0.7,1.5,Renal-adjusted associative latent class model,0.818159922790046,0.828,0.42661533143735114,0.47058823529411764,0.1206129856497534,0.05584488180023406,0.2975390425366998,0.674,85
112,0.7,1.5,Biologically constrained latent SCM,0.8234613482300462,0.827,0.42386659185651376,0.5176470588235295,0.12073743223936353,0.057896687220270165,0.2966328168260018,0.677,85
112,0.7,1.5,Data-generating oracle (reference),,0.838,0.45546089270268475,0.24705882352941178,0.11487262572828649,0.02811811351204065,0.36649060670944655,0.6,85
113,0.7,1.5,Associative latent class model,,0.639,0.07564148822926679,0.6494845360824743,0.2881906699379796,0.29007616546887827,0.21077198852712103,0.304,97
113,0.7,1.5,Renal-adjusted associative latent class model,0.6219124772328155,0.833,0.44299529891982276,0.23711340206185566,0.12213512551396255,0.05854419005651535,0.35335211437251085,0.476,97
113,0.7,1.5,Biologically constrained latent SCM,0.6215002249131011,0.837,0.4537280600441025,0.23711340206185566,0.1216936884614854,0.057136656482328865,0.35389948768710233,0.48,97
113,0.7,1.5,Data-generating oracle (reference),,0.831,0.43767130035151164,0.30927835051546393,0.11771535726450903,0.03188830683813236,0.3782332796275671,0.534,97
114,0.7,1.5,Associative latent class model,,0.7,0.15902023033027132,0.9875,0.2213502803360816,0.22424419611864407,0.24739338166150188,0.458,80
114,0.7,1.5,Renal-adjusted associative latent class model,0.7127536448782446,0.84,0.46102971071471727,0.3625,0.11428853179660906,0.02790041948055728,0.3189820095130558,0.62,80
114,0.7,1.5,Biologically constrained latent SCM,0.7280084235646017,0.841,0.46371792983269133,0.3625,0.11396123231602019,0.03241757899866907,0.31682254389698306,0.623,80
114,0.7,1.5,Data-generating oracle (reference),,0.838,0.4560284624715887,0.325,0.11084821532602876,0.034781183794249965,0.3545071315607396,0.584,80
115,0.7,1.5,Associative latent class model,,0.584,0.02380856840215793,0.8805970149253731,0.36043458056333827,0.36767116461422494,0.14241829743553655,0.268,67
115,0.7,1.5,Renal-adjusted associative latent class model,0.6435181601326657,0.814,0.39362425986791716,0.2537313432835821,0.1263467121824569,0.024335226380532336,0.37321322364771214,0.564,67
115,0.7,1.5,Biologically constrained latent SCM,0.6427046057998493,0.812,0.38857760941624425,0.2537313432835821,0.126781605360714,0.024306034136563338,0.37308314994799696,0.57,67
115,0.7,1.5,Data-generating oracle (reference),,0.825,0.4218324443279328,0.3283582089552239,0.12219409560221664,0.02457941049714049,0.38409113972687475,0.551,67
116,0.7,1.5,Associative latent class model,,0.583,0.02618324942089124,0.900990099009901,0.3317193031876949,0.3401754602910058,0.1951188127650127,0.301,101
116,0.7,1.5,Renal-adjusted associative latent class model,0.6588574029956514,0.826,0.42452388689738785,0.2376237623762376,0.12420356196828283,0.026536216560696227,0.37621492821673813,0.532,101
116,0.7,1.5,Biologically constrained latent SCM,0.6475631151994211,0.823,0.416717178383888,0.2376237623762376,0.1248091124240052,0.027681594894765113,0.3779537845862586,0.553,101
116,0.7,1.5,Data-generating oracle (reference),,0.819,0.40644679492764074,0.26732673267326734,0.12457761336715478,0.031207374579397786,0.37241506614931574,0.529,101
117,0.7,1.5,Associative latent class model,,0.584,0.023349430304397147,0.7291666666666666,0.3385271230939447,0.3425182474254891,0.19475088393811749,0.308,96
117,0.7,1.5,Renal-adjusted associative latent class model,0.7094327244072497,0.848,0.4832804939082562,0.2708333333333333,0.11319947233641026,0.02270504919328519,0.3752751832789253,0.606,96
117,0.7,1.5,Biologically constrained latent SCM,0.7086175151186381,0.848,0.4831287142626311,0.2604166666666667,0.11351273058376622,0.028414595617439514,0.37519732940696937,0.618,96
117,0.7,1.5,Data-generating oracle (reference),,0.847,0.4805299532870882,0.25,0.11130291841548491,0.024848781092329107,0.37713254108398075,0.603,96
118,0.7,1.5,Associative latent class model,,0.59,0.029837481035833783,0.9473684210526315,0.337667997858289,0.35115600198923635,0.17467249291140216,0.336,95
118,0.7,1.5,Renal-adjusted associative latent class model,0.7883450431433944,0.804,0.3689026745095229,0.42105263157894735,0.13664708052858096,0.04996320596969715,0.3567242556500976,0.56,95
118,0.7,1.5,Biologically constrained latent SCM,0.7485301218971385,0.806,0.3736550704504846,0.35789473684210527,0.1345360738233571,0.04027502308192881,0.3643749980906247,0.584,95
118,0.7,1.5,Data-generating oracle (reference),,0.827,0.42692013967735554,0.29473684210526313,0.12780404401982026,0.033817632440551186,0.36893496798851355,0.581,95
119,0.7,1.5,Associative latent class model,,0.696,0.15254915156530596,0.8470588235294118,0.22851171554473815,0.2238654441270596,0.2445378439624963,0.403,85
119,0.7,1.5,Renal-adjusted associative latent class model,0.7055269984877397,0.844,0.4727990908397613,0.3411764705882353,0.11369924860295975,0.03022547907692255,0.3516190606002972,0.535,85
119,0.7,1.5,Biologically constrained latent SCM,0.6703532917443951,0.844,0.4727812000296708,0.29411764705882354,0.11188272938291467,0.02192669581609458,0.36122546042449544,0.547,85
119,0.7,1.5,Data-generating oracle (reference),,0.848,0.48380421964244,0.2823529411764706,0.1108060326633079,0.02897889180208356,0.36163762692159296,0.575,85
120,0.7,1.5,Associative latent class model,,0.584,0.025822238251037143,0.8705882352941177,0.3534013817336534,0.3606724272341188,0.15681017815178017,0.278,85
120,0.7,1.5,Renal-adjusted associative latent class model,0.6220772000391857,0.817,0.4013423314344446,0.2,0.13104869118410414,0.03964218811642458,0.34614283512050137,0.533,85
120,0.7,1.5,Biologically constrained latent SCM,0.6587766206675203,0.823,0.41671809273155136,0.2,0.12925102239330896,0.03990354936296969,0.34256764505106196,0.533,85
120,0.7,1.5,Data-generating oracle (reference),,0.836,0.45099808141185926,0.23529411764705882,0.12541763594525804,0.034769119615675095,0.3614712278119537,0.55,85
121,0.7,1.5,Associative latent class model,,0.566,0.014696051484601439,0.9603960396039604,0.35934257438415856,0.3729711681820182,0.170997089029974,0.324,101
121,0.7,1.5,Renal-adjusted associative latent class model,0.6963090973963106,0.809,0.3809786266325478,0.31683168316831684,0.13391105504562764,0.04380756750267148,0.37377609541040224,0.597,101
121,0.7,1.5,Biologically constrained latent SCM,0.6548713321648983,0.81,0.3834514827424733,0.24752475247524752,0.13329970058471577,0.03579732924149953,0.37979695129923574,0.598,101
121,0.7,1.5,Data-generating oracle (reference),,0.816,0.39871493657156765,0.31683168316831684,0.12995694770182858,0.03319010214986492,0.3777438903398956,0.558,101
122,0.7,1.5,Associative latent class model,,0.625,0.06087608031964089,0.9880952380952381,0.2874953628678393,0.3048896424408251,0.20719351046526566,0.343,84
122,0.7,1.5,Renal-adjusted associative latent class model,0.4305082488581909,0.815,0.3962733408072267,0.07142857142857142,0.1305586350439121,0.08129924597319764,0.40814733185162744,0.461,84
122,0.7,1.5,Biologically constrained latent SCM,0.5560603054186382,0.838,0.45642862727105926,0.20238095238095238,0.11982346281262383,0.07670270583029014,0.398556656230559,0.478,84
122,0.7,1.5,Data-generating oracle (reference),,0.852,0.4950450368873915,0.38095238095238093,0.1066846139612223,0.027883622978015853,0.35700265936350023,0.568,84
123,0.7,1.5,Associative latent class model,,0.588,0.028084977867776025,0.945054945054945,0.33887440395169727,0.3489662163018339,0.17477163622360967,0.326,91
123,0.7,1.5,Renal-adjusted associative latent class model,0.5196250246724022,0.808,0.37855641408041996,0.15384615384615385,0.13569374769722822,0.032118611580749176,0.37977396839152866,0.584,91
123,0.7,1.5,Biologically constrained latent SCM,0.6077585171774832,0.822,0.4137738991025415,0.23076923076923078,0.12665021690278924,0.026427231605909277,0.3711871592231521,0.6,91
123,0.7,1.5,Data-generating oracle (reference),,0.829,0.43212279763149863,0.31868131868131866,0.12241766475316714,0.01499939858715062,0.3661120895386854,0.587,91
124,0.7,1.5,Associative latent class model,,0.648,0.08618848336246343,0.7333333333333333,0.2756940269631069,0.26933889953077994,0.20723879103281415,0.351,105
124,0.7,1.5,Renal-adjusted associative latent class model,0.6543001187268362,0.844,0.4728198575550244,0.17142857142857143,0.11346252469196656,0.05801139889579493,0.3607928209903421,0.495,105
124,0.7,1.5,Biologically constrained latent SCM,0.6543313140563958,0.845,0.4755784525219777,0.1619047619047619,0.11322629153915642,0.057763822661159585,0.3607458659759498,0.494,105
124,0.7,1.5,Data-generating oracle (reference),,0.856,0.5063968116764521,0.23809523809523808,0.10693128084532873,0.03039618889318875,0.36965305030161916,0.567,105
125,0.7,1.5,Associative latent class model,,0.66,0.10080222256564851,0.7906976744186046,0.2617728952561233,0.26586596566613,0.22684007157481095,0.349,86
125,0.7,1.5,Renal-adjusted associative latent class model,0.3936517615554054,0.79,0.33565053326560984,0.023255813953488372,0.1430358222348571,0.10496231433515055,0.3820100386927808,0.437,86
125,0.7,1.5,Biologically constrained latent SCM,0.6272066160484444,0.828,0.42977066218191134,0.2558139534883721,0.11771769841830412,0.05739367147509398,0.37402939105768634,0.501,86
125,0.7,1.5,Data-generating oracle (reference),,0.837,0.4536710616018415,0.32558139534883723,0.11256205129095316,0.021635411196665108,0.37020884874490184,0.558,86
126,0.7,1.5,Associative latent class model,,0.564,0.012229923153107915,0.9090909090909091,0.40245520550650976,0.40978381279864523,0.09633849011502091,0.295,88
126,0.7,1.5,Renal-adjusted associative latent class model,0.7385734216471601,0.803,0.36659530487389647,0.42045454545454547,0.13490263512477432,0.05730040369723795,0.36896132825484573,0.52,88
126,0.7,1.5,Biologically constrained latent SCM,0.6385216140733132,0.83,0.43494167761029584,0.2840909090909091,0.12578410055208256,0.03571720625620615,0.40056335282140576,0.549,88
126,0.7,1.5,Data-generating oracle (reference),,0.827,0.4268998910709147,0.3181818181818182,0.12421803066773224,0.03183051500127098,0.3763017102260418,0.576,88
127,0.7,1.5,Associative latent class model,,0.6,0.03792108454695044,0.8461538461538461,0.31926758559436935,0.3290401887566177,0.1866393566513863,0.307,91
127,0.7,1.5,Renal-adjusted associative latent class model,0.7027233819798921,0.84,0.461825504951906,0.21978021978021978,0.1174320680974462,0.040294028473991925,0.3531138366534433,0.549,91
127,0.7,1.5,Biologically constrained latent SCM,0.7154963822902821,0.839,0.45908623213421734,0.24175824175824176,0.11782720661792953,0.0317104238690946,0.35138225850926774,0.56,91
127,0.7,1.5,Data-generating oracle (reference),,0.838,0.4563645639195689,0.27472527472527475,0.11535048515424072,0.03329835298242167,0.3662065153047207,0.565,91
128,0.7,1.5,Associative latent class model,,0.695,0.15118851410925913,0.9080459770114943,0.23405748273041946,0.23067782623522834,0.23435063513035248,0.388,87
128,0.7,1.5,Renal-adjusted associative latent class model,0.6287232874446743,0.84,0.46185425557301957,0.20689655172413793,0.11762726897322588,0.0298287324633962,0.35545723109616506,0.551,87
128,0.7,1.5,Biologically constrained latent SCM,0.6715252994036636,0.842,0.4673129759683128,0.26436781609195403,0.11545246932378356,0.03880920843031118,0.34940091768219866,0.559,87
128,0.7,1.5,Data-generating oracle (reference),,0.842,0.46731512809754383,0.27586206896551724,0.11149992307074788,0.04003431829621348,0.3613836036781066,0.553,87
129,0.7,1.5,Associative latent class model,,0.627,0.06277421041783862,0.7525773195876289,0.30242909999107825,0.297896639458176,0.1863617321080532,0.321,97
129,0.7,1.5,Renal-adjusted associative latent class model,0.6500238091694663,0.823,0.4167353971295236,0.20618556701030927,0.12378869892428128,0.058808131626596094,0.3828375035354679,0.491,97
129,0.7,1.5,Biologically constrained latent SCM,0.6316196640122668,0.82,0.40901274701977247,0.17525773195876287,0.12417195944018267,0.05093540372631481,0.3875999917081251,0.496,97
129,0.7,1.5,Data-generating oracle (reference),,0.832,0.4402892246280041,0.27835051546391754,0.11769296385724959,0.022119718159089016,0.3741683649277943,0.558,97
130,0.7,1.5,Associative latent class model,,0.622,0.05515490708977296,0.8787878787878788,0.28637218669540504,0.2935546511869274,0.24929058572536328,0.345,66
130,0.7,1.5,Renal-adjusted associative latent class model,0.6647324756595414,0.835,0.44646246449394733,0.2878787878787879,0.11947353178332884,0.040903915473054074,0.35791692648761064,0.65,66
130,0.7,1.5,Biologically constrained latent SCM,0.6663242456183349,0.834,0.44364426902948556,0.2727272727272727,0.12074306032195897,0.0467271428983637,0.35625784967221885,0.655,66
130,0.7,1.5,Data-generating oracle (reference),,0.839,0.45849224626646445,0.2727272727272727,0.11685763340142268,0.03001261795911036,0.36546476773142744,0.59,66
131,0.7,1.5,Associative latent class model,,0.641,0.07834956240236511,0.9310344827586207,0.28541782914461683,0.283133246154466,0.2033958693407928,0.344,87
131,0.7,1.5,Renal-adjusted associative latent class model,0.6648089864537337,0.825,0.42190575111043943,0.25287356321839083,0.1287067419483621,0.04125230369368977,0.3509620454000997,0.552,87
131,0.7,1.5,Biologically constrained latent SCM,0.6685262302688634,0.823,0.41671354441834213,0.26436781609195403,0.12875089010876764,0.04320369740612476,0.350835772047648,0.556,87
131,0.7,1.5,Data-generating oracle (reference),,0.825,0.4218982386897627,0.2988505747126437,0.12135724675678279,0.022121815853053797,0.3832863401861357,0.562,87
132,0.7,1.5,Associative latent class model,,0.7,0.15898540617660517,0.8404255319148937,0.22398683046653217,0.21112988515888137,0.2515139463519758,0.421,94
132,0.7,1.5,Renal-adjusted associative latent class model,0.6826988333136047,0.82,0.4088452895891848,0.3404255319148936,0.1273773938102828,0.037854295162076876,0.3346226535649111,0.591,94
132,0.7,1.5,Biologically constrained latent SCM,0.6877287840014912,0.826,0.4243146181298377,0.3404255319148936,0.12845034199232225,0.04772565993643775,0.3326159123669379,0.605,94
132,0.7,1.5,Data-generating oracle (reference),,0.819,0.40635525657757177,0.35106382978723405,0.12589021501650094,0.022304584906628958,0.374527470171717,0.57,94
133,0.7,1.5,Associative latent class model,,0.694,0.14939939209665792,0.8494623655913979,0.23811167594143665,0.23032067620223082,0.23965676049635504,0.428,93
133,0.7,1.5,Renal-adjusted associative latent class model,0.7484711179650485,0.824,0.41922338053360797,0.41935483870967744,0.12949412735597546,0.04608599997139646,0.3294270969154661,0.552,93
133,0.7,1.5,Biologically constrained latent SCM,0.6892574922439142,0.824,0.4191868810303645,0.3548387096774194,0.12413324941071867,0.0317208666271645,0.34839078625205716,0.56,93
133,0.7,1.5,Data-generating oracle (reference),,0.825,0.42176074142442566,0.3548387096774194,0.12296544614719004,0.02586482002422325,0.3778106988963152,0.565,93
134,0.7,1.5,Associative latent class model,,0.614,0.05059780286143562,0.93,0.3238829931588125,0.33533698973427084,0.1552322382554962,0.339,100
134,0.7,1.5,Renal-adjusted associative latent class model,0.7553273833670424,0.809,0.38128659132400766,0.48,0.12880401246522294,0.04668117058760072,0.32602478849080946,0.544,100
134,0.7,1.5,Biologically constrained latent SCM,0.6717003955287005,0.816,0.3988091147301795,0.25,0.12625986311672566,0.025952225727920903,0.35152676152497186,0.539,100
134,0.7,1.5,Data-generating oracle (reference),,0.822,0.4140997920988747,0.39,0.1234550166404915,0.03348134503412961,0.3611139743152752,0.571,100
135,0.7,1.5,Associative latent class model,,0.604,0.039346201311820615,0.7,0.3183286334794344,0.315803386934149,0.19823943164672317,0.302,90
135,0.7,1.5,Renal-adjusted associative latent class model,0.6610210590567636,0.817,0.40086641596634204,0.16666666666666666,0.12751096891711747,0.028629486672252777,0.36691779642004096,0.603,90
135,0.7,1.5,Biologically constrained latent SCM,0.7262985165007688,0.834,0.445309262216142,0.2777777777777778,0.12171456207846681,0.027051402198014524,0.36129667693545886,0.592,90
135,0.7,1.5,Data-generating oracle (reference),,0.838,0.4562558279543776,0.24444444444444444,0.12077149955074998,0.026574048410370733,0.3793281094270294,0.566,90
136,0.7,1.5,Associative latent class model,,0.64,0.07674384423232478,0.9882352941176471,0.27971643413877956,0.29562197315312344,0.23137039808181448,0.368,85
136,0.7,1.5,Renal-adjusted associative latent class model,0.7536571631891004,0.827,0.4268346949131352,0.4235294117647059,0.12089324060929883,0.03315962448175665,0.38514779515060255,0.609,85
136,0.7,1.5,Biologically constrained latent SCM,0.7919875019070294,0.821,0.4111965975799663,0.5058823529411764,0.12395220080604284,0.04119863976827543,0.37545443135165296,0.619,85
136,0.7,1.5,Data-generating oracle (reference),,0.831,0.43751743652290387,0.35294117647058826,0.11749348874941926,0.017906918252660702,0.371661224446287,0.581,85
137,0.7,1.5,Associative latent class model,,0.617,0.05112180220139943,0.863013698630137,0.305361638180865,0.31085423550380165,0.21469853759198487,0.318,73
137,0.7,1.5,Renal-adjusted associative latent class model,0.8091239645895337,0.816,0.39847869391333735,0.6027397260273972,0.1282669947843288,0.031479037857647205,0.36042262061997665,0.583,73
137,0.7,1.5,Biologically constrained latent SCM,0.7728849266187413,0.833,0.4422957088867958,0.4931506849315068,0.12471113124116015,0.03887094788498438,0.3770519051861454,0.622,73
137,0.7,1.5,Data-generating oracle (reference),,0.819,0.40618303316098053,0.3698630136986301,0.12400815494344193,0.020126903658831595,0.3714264555077293,0.574,73
138,0.7,1.5,Associative latent class model,,0.709,0.1737760732590763,0.8571428571428571,0.20674310833131523,0.18741387425150302,0.27021721850121916,0.438,91
138,0.7,1.5,Renal-adjusted associative latent class model,0.6169399120680426,0.841,0.4645743104414408,0.24175824175824176,0.10947341667704308,0.03343501434411764,0.36558513056954833,0.53,91
138,0.7,1.5,Biologically constrained latent SCM,0.6092570416156036,0.844,0.47280143870164204,0.21978021978021978,0.10941002650350805,0.02786409448839285,0.36642354426368395,0.531,91
138,0.7,1.5,Data-generating oracle (reference),,0.845,0.4754872199285338,0.26373626373626374,0.10784560273369123,0.02815658826115032,0.3620891080258787,0.566,91
139,0.7,1.5,Associative latent class model,,0.633,0.06844415029463072,0.8777777777777778,0.2873812301823728,0.2963424560488391,0.23044754164537518,0.395,90
139,0.7,1.5,Renal-adjusted associative latent class model,0.7247656940122266,0.842,0.4670024128344945,0.3,0.1172926024641724,0.051760421407001635,0.3669081236358096,0.568,90
139,0.7,1.5,Biologically constrained latent SCM,0.6826437011262203,0.831,0.43743147881821864,0.23333333333333334,0.11665054030157179,0.055539982148498424,0.3750572467455213,0.559,90
139,0.7,1.5,Data-generating oracle (reference),,0.85,0.48868613851474496,0.25555555555555554,0.11052434851933517,0.025949597430364547,0.37236512764807217,0.608,90
140,0.7,1.5,Associative latent class model,,0.629,0.06418027324736912,0.8390804597701149,0.28671183285996155,0.28629072165171204,0.2145623994586875,0.355,87
140,0.7,1.5,Renal-adjusted associative latent class model,0.7486876963662921,0.826,0.4244836507543203,0.3218390804597701,0.12193530962004565,0.04972019644599866,0.39058223324022645,0.536,87
140,0.7,1.5,Biologically constrained latent SCM,0.78752205508064,0.805,0.3714820139369467,0.41379310344827586,0.1328242695255671,0.06832764050438309,0.3725554470247496,0.505,87
140,0.7,1.5,Data-generating oracle (reference),,0.834,0.44541540566895016,0.3103448275862069,0.11573451895929145,0.02321561456114139,0.37800106674709527,0.58,87
141,0.7,1.5,Associative latent class model,,0.609,0.04601165943830876,0.9696969696969697,0.31191831610231924,0.32705564452073377,0.20857127232035974,0.348,99
141,0.7,1.5,Renal-adjusted associative latent class model,0.6458203085637825,0.842,0.4672654322282944,0.3434343434343434,0.11707246811056322,0.025926870801348915,0.35512429932010825,0.567,99
141,0.7,1.5,Biologically constrained latent SCM,0.5852746776104605,0.836,0.4509753737351399,0.2727272727272727,0.11960954406820164,0.026750245545378696,0.3634990044745687,0.567,99
141,0.7,1.5,Data-generating oracle (reference),,0.839,0.4590862074685796,0.35353535353535354,0.11629645698558141,0.02195608083142097,0.3641919324826656,0.566,99
142,0.7,1.5,Associative latent class model,,0.632,0.06736791227219538,0.7954545454545454,0.28470187468369157,0.2904216254988804,0.2144772256366338,0.338,88
142,0.7,1.5,Renal-adjusted associative latent class model,0.6529126684803863,0.829,0.4322302398143895,0.2159090909090909,0.11778123257957054,0.020470871817840883,0.3655868196288325,0.573,88
142,0.7,1.5,Biologically constrained latent SCM,0.6871957210842502,0.833,0.44279638045601427,0.2727272727272727,0.11609916535980142,0.01178830313235221,0.35855658380879635,0.581,88
142,0.7,1.5,Data-generating oracle (reference),,0.834,0.44550270064139985,0.3181818181818182,0.11627539203329983,0.01229429674922034,0.3717373129024306,0.574,88
143,0.7,1.5,Associative latent class model,,0.573,0.018880413678366133,1.0,0.3535435805804235,0.37622398754450354,0.16187917062140075,0.313,92
143,0.7,1.5,Renal-adjusted associative latent class model,0.6024760943371545,0.832,0.44025619007691086,0.15217391304347827,0.11801258652573145,0.02194841087012582,0.3699934760549262,0.56,92
143,0.7,1.5,Biologically constrained latent SCM,0.6847365877951204,0.845,0.47545506911959756,0.22826086956521738,0.11312021842097356,0.015406046298794128,0.3607614820203361,0.575,92
143,0.7,1.5,Data-generating oracle (reference),,0.852,0.4950224893995476,0.2391304347826087,0.1122198285258769,0.019524535127031277,0.36037982089494797,0.566,92
144,0.7,1.5,Associative latent class model,,0.657,0.09663046341408939,0.8160919540229885,0.2628682301840397,0.2615200674888337,0.21772641917294472,0.377,87
144,0.7,1.5,Renal-adjusted associative latent class model,0.6571311913073918,0.82,0.4090115334249658,0.21839080459770116,0.12536482303818886,0.08455118698085702,0.3526509665880767,0.486,87
144,0.7,1.5,Biologically constrained latent SCM,0.6088449575064928,0.815,0.39630245653116025,0.20689655172413793,0.1241673798100641,0.08256249562552642,0.36507725012082554,0.489,87
144,0.7,1.5,Data-generating oracle (reference),,0.842,0.46702205018939424,0.28735632183908044,0.11253826409819308,0.03490194275239784,0.3602821752327726,0.586,87
145,0.7,1.5,Associative latent class model,,0.579,0.021972801616463884,0.92,0.34371361786982074,0.3519633205786865,0.18377729038882654,0.333,100
145,0.7,1.5,Renal-adjusted associative latent class model,0.7467324016232034,0.837,0.45327328152626906,0.39,0.11272878023321911,0.03422514112816215,0.350706228586485,0.607,100
145,0.7,1.5,Biologically constrained latent SCM,0.7454240953403397,0.839,0.45854255046123044,0.38,0.11277171913407832,0.03670949225369513,0.35084837087457965,0.623,100
145,0.7,1.5,Data-generating oracle (reference),,0.835,0.44818482765140477,0.33,0.11187310092270147,0.025351821605961528,0.36525294661097496,0.565,100
146,0.7,1.5,Associative latent class model,,0.694,0.14935132209296004,0.8426966292134831,0.2309068175960994,0.22881223684334012,0.24676350227900526,0.412,89
146,0.7,1.5,Renal-adjusted associative latent class model,0.7621719180420006,0.83,0.43471425121389484,0.39325842696629215,0.11713674354345428,0.04310958211140398,0.31833947577019067,0.604,89
146,0.7,1.5,Biologically constrained latent SCM,0.7654712141072891,0.829,0.43198641940266885,0.4044943820224719,0.11794444394675746,0.04954682846342004,0.31850696890629027,0.617,89
146,0.7,1.5,Data-generating oracle (reference),,0.84,0.4617718460437734,0.24719101123595505,0.11359547946915709,0.028724005239801998,0.36784609033425525,0.558,89
147,0.7,1.5,Associative latent class model,,0.623,0.0583263363158293,0.8602150537634409,0.2990688753181333,0.30165768924282793,0.21557439079445614,0.35,93
147,0.7,1.5,Renal-adjusted associative latent class model,0.7820797971237998,0.802,0.3640986261630246,0.5376344086021505,0.1287580520480928,0.04876432970026464,0.3559507644708643,0.549,93
147,0.7,1.5,Biologically constrained latent SCM,0.7689233279778589,0.801,0.3616723686667069,0.5161290322580645,0.12615063674250973,0.04759718655180491,0.3634280660190186,0.552,93
147,0.7,1.5,Data-generating oracle (reference),,0.824,0.41917652443648734,0.3548387096774194,0.12059307503140702,0.022841463883106466,0.3750373837720812,0.567,93
148,0.7,1.5,Associative latent class model,,0.646,0.08311780179941206,0.8210526315789474,0.2784659940789683,0.2807488850885325,0.22960171641142688,0.4,95
148,0.7,1.5,Renal-adjusted associative latent class model,0.7024735602959958,0.838,0.45567161925157934,0.24210526315789474,0.11934868419081567,0.02236365098410443,0.38451144985189745,0.602,95
148,0.7,1.5,Biologically constrained latent SCM,0.7860038781840892,0.83,0.4341793808977742,0.43157894736842106,0.12127997609581666,0.023111632692640688,0.36351925669164925,0.606,95
148,0.7,1.5,Data-generating oracle (reference),,0.829,0.4318772082464321,0.3157894736842105,0.11862943005618796,0.028526532575149862,0.37856914467905733,0.583,95
149,0.7,1.5,Associative latent class model,,0.628,0.06198839264265756,0.7631578947368421,0.29209658311701525,0.29998240264441933,0.2141647269762049,0.322,76
149,0.7,1.5,Renal-adjusted associative latent class model,0.6333158100304263,0.862,0.5236614662222693,0.23684210526315788,0.10407597885293675,0.05003559275947128,0.3435739408894685,0.534,76
149,0.7,1.5,Biologically constrained latent SCM,0.6305517680844993,0.861,0.5207844687695944,0.2236842105263158,0.10488072780012313,0.05559870704733053,0.34606011955141386,0.527,76
149,0.7,1.5,Data-generating oracle (reference),,0.869,0.5438782088900581,0.3157894736842105,0.0992268194154237,0.025504694914658656,0.35511217934023914,0.589,76
150,0.7,1.5,Associative latent class model,,0.632,0.06780690725992525,0.946236559139785,0.2795342692761007,0.28962839728079887,0.242749535953313,0.394,93
150,0.7,1.5,Renal-adjusted associative latent class model,0.7585011034927036,0.831,0.43738284061813987,0.4838709677419355,0.11781682162020209,0.025460573983416907,0.370084920955692,0.577,93
150,0.7,1.5,Biologically constrained latent SCM,0.7311796266173349,0.838,0.45580668101006216,0.40860215053763443,0.11396321970899773,0.029503231303202843,0.379471930094578,0.612,93
150,0.7,1.5,Data-generating oracle (reference),,0.844,0.4723156679075895,0.3225806451612903,0.11041465965222036,0.018474245620736622,0.3665779473759533,0.602,93
151,0.7,1.5,Associative latent class model,,0.663,0.10509643797391725,0.7757009345794392,0.26431466782481255,0.2542497322636344,0.21228955800450597,0.374,107
151,0.7,1.5,Renal-adjusted associative latent class model,0.6565092759142063,0.831,0.4376662126722681,0.22429906542056074,0.11745944314239481,0.025769327286404548,0.3692055218017502,0.54,107
151,0.7,1.5,Biologically constrained latent SCM,0.7295668585598482,0.832,0.4403295964219672,0.2897196261682243,0.11907008546991661,0.03072974544987607,0.3512022202325958,0.529,107
151,0.7,1.5,Data-generating oracle (reference),,0.833,0.4429636532898957,0.2803738317757009,0.11678923253262784,0.023107600996843867,0.3673885464813663,0.558,107
152,0.7,1.5,Associative latent class model,,0.612,0.04839221263141815,0.900990099009901,0.31766560837054353,0.32260029209427454,0.18598532114903385,0.35,101
152,0.7,1.5,Renal-adjusted associative latent class model,0.675931262055985,0.821,0.4115211444823964,0.3069306930693069,0.12728742769045265,0.028521589736650466,0.39023569939652714,0.551,101
152,0.7,1.5,Biologically constrained latent SCM,0.6835638339243322,0.82,0.4088733306623172,0.33663366336633666,0.1274118845703489,0.02834075131146882,0.3887883930454381,0.578,101
152,0.7,1.5,Data-generating oracle (reference),,0.82,0.40885844271844574,0.4158415841584158,0.1253276669040937,0.02798005047305635,0.38340094464382846,0.582,101
153,0.7,1.5,Associative latent class model,,0.62,0.05522255877849086,0.7764705882352941,0.3052116470067383,0.309042566161591,0.19900672750954507,0.307,85
153,0.7,1.5,Renal-adjusted associative latent class model,0.7599531765595523,0.825,0.4217270510773072,0.36470588235294116,0.12024372964423759,0.03071513321364227,0.3516761454369921,0.592,85
153,0.7,1.5,Biologically constrained latent SCM,0.7702865430129753,0.828,0.4295514155831398,0.36470588235294116,0.12106712771183012,0.04247071853025129,0.34931078252823317,0.597,85
153,0.7,1.5,Data-generating oracle (reference),,0.833,0.44289902847082535,0.2823529411764706,0.1166240348134407,0.017915318985236753,0.3604750396395546,0.568,85
154,0.7,1.5,Associative latent class model,,0.61,0.04495515841882114,0.7790697674418605,0.31646914064952203,0.3159871170170838,0.19285718852397915,0.315,86
154,0.7,1.5,Renal-adjusted associative latent class model,0.7085880964991502,0.821,0.4110786262698377,0.29069767441860467,0.11758921735505458,0.03530518428322326,0.3585633170258341,0.606,86
154,0.7,1.5,Biologically constrained latent SCM,0.726752922337075,0.824,0.41878443886276834,0.32558139534883723,0.11721898232117263,0.0336058489287782,0.35554557763231254,0.611,86
154,0.7,1.5,Data-generating oracle (reference),,0.828,0.4295032425732751,0.29069767441860467,0.11546406950083546,0.022689155402514902,0.3760542604691505,0.579,86
155,0.7,1.5,Associative latent class model,,0.641,0.07765446762738579,0.6902654867256637,0.2788289993426391,0.26656849715045283,0.2316750609701362,0.376,113
155,0.7,1.5,Renal-adjusted associative latent class model,0.6840879476568165,0.832,0.4402879901079727,0.26548672566371684,0.12260531388225338,0.03943834948487164,0.341789523618498,0.539,113
155,0.7,1.5,Biologically constrained latent SCM,0.6283508831683872,0.841,0.46453946233327015,0.1504424778761062,0.11788788199650276,0.041999632289201776,0.353441896627816,0.54,113
155,0.7,1.5,Data-generating oracle (reference),,0.842,0.46710635702384934,0.19469026548672566,0.11566919309631939,0.026928183681810488,0.37124420169474376,0.579,113
156,0.7,1.5,Associative latent class model,,0.638,0.074724233631088,0.7884615384615384,0.28150845610405395,0.2798192531562523,0.21987266551733653,0.346,104
156,0.7,1.5,Renal-adjusted associative latent class model,0.5855299872186522,0.809,0.3812927055509412,0.125,0.12804260294589312,0.07638732489117801,0.34507851011071466,0.467,104
156,0.7,1.5,Biologically constrained latent SCM,0.6228126082591704,0.81,0.3837681382380902,0.16346153846153846,0.12812029025075106,0.07718672145304632,0.3401113411213788,0.464,104
156,0.7,1.5,Data-generating oracle (reference),,0.828,0.42972266156432826,0.3173076923076923,0.12141301042983775,0.02427966292848874,0.36822898973775986,0.558,104
157,0.7,1.5,Associative latent class model,,0.611,0.04756159680009976,0.91,0.33394283644233813,0.3430864745631887,0.14515566150119855,0.346,100
157,0.7,1.5,Renal-adjusted associative latent class model,0.6092517960803957,0.818,0.40390156496959717,0.16,0.12680836547342061,0.042493424557541834,0.3849936711389855,0.513,100
157,0.7,1.5,Biologically constrained latent SCM,0.6192854543720859,0.817,0.4013611971451584,0.19,0.12674593201138049,0.047401407335226985,0.383754897301565,0.508,100
157,0.7,1.5,Data-generating oracle (reference),,0.823,0.4166604342932631,0.28,0.12047166937084922,0.01884554286077079,0.3731455982676845,0.562,100
158,0.7,1.5,Associative latent class model,,0.612,0.04840054173723927,0.8172043010752689,0.314291851971249,0.3177404100261991,0.1789537957479572,0.305,93
158,0.7,1.5,Renal-adjusted associative latent class model,0.568811584208473,0.847,0.48111966459032623,0.08602150537634409,0.1145426402676779,0.04389625739442679,0.36794560565064705,0.494,93
158,0.7,1.5,Biologically constrained latent SCM,0.6139978468095006,0.849,0.48669363474148297,0.15053763440860216,0.11112699404651687,0.043725279761442186,0.36212968944558477,0.5,93
158,0.7,1.5,Data-generating oracle (reference),,0.849,0.486654016763676,0.2903225806451613,0.1086808029212658,0.03987721766640758,0.37436482861575143,0.558,93
159,0.7,1.5,Associative latent class model,,0.598,0.03554048729138742,0.7586206896551724,0.34043762226560353,0.3440260358373453,0.15348592978376344,0.284,87
159,0.7,1.5,Renal-adjusted associative latent class model,0.7554703742268571,0.838,0.4563243781548683,0.3218390804597701,0.11117645555118917,0.03289503742255078,0.3331147649293739,0.57,87
159,0.7,1.5,Biologically constrained latent SCM,0.7662008312284522,0.841,0.46443661689748345,0.3448275862068966,0.11152320503142676,0.03549351866448373,0.3308233174802421,0.583,87
159,0.7,1.5,Data-generating oracle (reference),,0.842,0.46723574562854686,0.3103448275862069,0.11024143557561007,0.030132737117419664,0.3594259964598397,0.564,87
160,0.7,1.5,Associative latent class model,,0.667,0.1102727322864516,0.865979381443299,0.25650306231379294,0.25815110822877846,0.24226502839733194,0.397,97
160,0.7,1.5,Renal-adjusted associative latent class model,0.6774680647407204,0.803,0.3665866024591215,0.31958762886597936,0.12972382538161356,0.049151770071703134,0.3586366381200828,0.529,97
160,0.7,1.5,Biologically constrained latent SCM,0.6447459649040239,0.801,0.36176055542462,0.26804123711340205,0.12967421465169998,0.04776930809763853,0.3628178029983108,0.521,97
160,0.7,1.5,Data-generating oracle (reference),,0.805,0.3713715475743845,0.36082474226804123,0.12690528752913013,0.029522772370245157,0.38410573590073566,0.563,97
161,0.7,1.5,Associative latent class model,,0.664,0.10658062438424969,0.8932038834951457,0.25652043569377375,0.24571670262059073,0.25708184911948617,0.403,103
161,0.7,1.5,Renal-adjusted associative latent class model,0.6298156994234367,0.831,0.4376598520511848,0.2815533980582524,0.11685101327760405,0.021447955479885324,0.37374136821266846,0.556,103
161,0.7,1.5,Biologically constrained latent SCM,0.6383896565221219,0.83,0.4350028198474967,0.2912621359223301,0.11730574620777767,0.023415074348639365,0.37298223738041897,0.567,103
161,0.7,1.5,Data-generating oracle (reference),,0.825,0.42190881185565865,0.3300970873786408,0.11800906381277525,0.019781913868751826,0.3659617441841809,0.544,103
162,0.7,1.5,Associative latent class model,,0.606,0.041599324009823656,0.6555555555555556,0.3247420505575269,0.323224997344872,0.18178536314970978,0.284,90
162,0.7,1.5,Renal-adjusted associative latent class model,0.7043042379879527,0.844,0.4726851256067942,0.24444444444444444,0.11306115027860104,0.032537418217772916,0.37166035567098493,0.57,90
162,0.7,1.5,Biologically constrained latent SCM,0.7391460042183021,0.841,0.46440705088205225,0.32222222222222224,0.1133784435640238,0.02781678047941152,0.36558162612705375,0.581,90
162,0.7,1.5,Data-generating oracle (reference),,0.85,0.4893619631400099,0.3,0.11042876714380112,0.023046054252651292,0.37481683561574924,0.57,90
163,0.7,1.5,Associative latent class model,,0.602,0.03560934483700636,0.7837837837837838,0.3232166404209365,0.3371918970793525,0.20070325326877414,0.32,74
163,0.7,1.5,Renal-adjusted associative latent class model,0.7236630970818344,0.821,0.4108736576157035,0.2972972972972973,0.12431692561254623,0.03421590862992827,0.367227048526721,0.587,74
163,0.7,1.5,Biologically constrained latent SCM,0.802853861191807,0.83,0.43446885074896086,0.40540540540540543,0.12396320550540657,0.04539838322368048,0.3527308410489522,0.58,74
163,0.7,1.5,Data-generating oracle (reference),,0.826,0.42368735994366996,0.36486486486486486,0.12120759287097953,0.02896455133018875,0.380167549197247,0.596,74
164,0.7,1.5,Associative latent class model,,0.683,0.13296045897088654,0.967391304347826,0.2461147423700669,0.24976161995222415,0.23430966270427814,0.446,92
164,0.7,1.5,Renal-adjusted associative latent class model,0.6794962547691819,0.845,0.4754230220488454,0.2608695652173913,0.11374199285832688,0.022255255519290917,0.34254012905718534,0.574,92
164,0.7,1.5,Biologically constrained latent SCM,0.6778210679821223,0.843,0.4698939692682056,0.2608695652173913,0.11391288470384756,0.013801786129140818,0.3425755317469412,0.578,92
164,0.7,1.5,Data-generating oracle (reference),,0.843,0.4698846444128959,0.29347826086956524,0.11361640587206549,0.01902956803791667,0.36305167875060285,0.58,92
165,0.7,1.5,Associative latent class model,,0.562,0.012846610645164494,0.96875,0.4045002893990843,0.4158722173141193,0.08640756249159705,0.3,96
165,0.7,1.5,Renal-adjusted associative latent class model,0.6465901272011773,0.826,0.4244033895305894,0.25,0.1271624073961247,0.035903301465187984,0.37157764342411903,0.576,96
165,0.7,1.5,Biologically constrained latent SCM,0.6770340640419257,0.822,0.4139434209402454,0.3125,0.12740720025638236,0.03850701422427242,0.3668685736625212,0.596,96
165,0.7,1.5,Data-generating oracle (reference),,0.825,0.42179273487301205,0.3541666666666667,0.12458468116550898,0.022545047375542727,0.37185961582459215,0.577,96
166,0.7,1.5,Associative latent class model,,0.6,0.038294284086193404,1.0,0.3303482016345716,0.35017093599439536,0.15696623241464522,0.33,93
166,0.7,1.5,Renal-adjusted associative latent class model,0.5757255597149072,0.836,0.45103779498981095,0.16129032258064516,0.11519127216536947,0.04881486153626265,0.3733496383577675,0.492,93
166,0.7,1.5,Biologically constrained latent SCM,0.6003058153811712,0.84,0.46186404373676326,0.17204301075268819,0.11368440267587726,0.04865164155987429,0.3685252453477612,0.49,93
166,0.7,1.5,Data-generating oracle (reference),,0.838,0.45638320759990975,0.3225806451612903,0.10895241674283605,0.023461631972940437,0.36462163090036676,0.56,93
167,0.7,1.5,Associative latent class model,,0.616,0.04916507395549802,0.7125,0.3080697448904912,0.3135876491635452,0.19418778253445296,0.329,80
167,0.7,1.5,Renal-adjusted associative latent class model,0.6604131370418932,0.849,0.4864590384611561,0.15,0.10958007818541317,0.0456073684571828,0.34180353418068704,0.56,80
167,0.7,1.5,Biologically constrained latent SCM,0.6856514431004065,0.853,0.49772332431278304,0.15,0.10746774378557286,0.0428401185222374,0.33973641881216265,0.558,80
167,0.7,1.5,Data-generating oracle (reference),,0.857,0.5086334754299544,0.2,0.10066650628913397,0.03264934367805693,0.36963587774832557,0.602,80
168,0.7,1.5,Associative latent class model,,0.691,0.14502410685369854,0.8809523809523809,0.24477506731833676,0.24128639801934457,0.21751656447039652,0.368,84
168,0.7,1.5,Renal-adjusted associative latent class model,0.6695466829818154,0.836,0.45102790919521163,0.36904761904761907,0.11577859522228391,0.038493009678590616,0.33629244204210884,0.567,84
168,0.7,1.5,Biologically constrained latent SCM,0.6505311028757637,0.825,0.42191103532437574,0.30952380952380953,0.11802318904879672,0.04702801089582932,0.3398445103999135,0.58,84
168,0.7,1.5,Data-generating oracle (reference),,0.836,0.4510296036791956,0.38095238095238093,0.1134447496958608,0.03408082531533574,0.3730593420071352,0.559,84
169,0.7,1.5,Associative latent class model,,0.653,0.0919081609354361,0.8314606741573034,0.2694820173057771,0.26474513402673155,0.21364015930753583,0.362,89
169,0.7,1.5,Renal-adjusted associative latent class model,0.7165726155632273,0.824,0.4193269248519511,0.3146067415730337,0.12543483372456338,0.06766286014063463,0.35174783741344423,0.489,89
169,0.7,1.5,Biologically constrained latent SCM,0.6622263771305996,0.84,0.4618662344887351,0.23595505617977527,0.12049276809506342,0.059038690348851015,0.37164514469853693,0.509,89
169,0.7,1.5,Data-generating oracle (reference),,0.844,0.47272882260259086,0.30337078651685395,0.1148198426863878,0.026548242832441518,0.37181864501172135,0.561,89
170,0.7,1.5,Associative latent class model,,0.612,0.04611247005934576,0.8493150684931506,0.3085328534567586,0.32151981155282683,0.19503023843994793,0.315,73
170,0.7,1.5,Renal-adjusted associative latent class model,0.764510818516918,0.837,0.4535001375128478,0.4520547945205479,0.11432023364152016,0.032993304022758525,0.36974758559694,0.568,73
170,0.7,1.5,Biologically constrained latent SCM,0.7534196044682117,0.841,0.46400097721680567,0.4383561643835616,0.11176322348588166,0.02116559812883089,0.3772747687092096,0.608,73
170,0.7,1.5,Data-generating oracle (reference),,0.835,0.4479127856156568,0.3561643835616438,0.11079584470854928,0.03449337773322839,0.3676310713323011,0.592,73
171,0.7,1.5,Associative latent class model,,0.687,0.13892140808682593,0.9587628865979382,0.2406073636365689,0.24296099172239494,0.23471821890845382,0.423,97
171,0.7,1.5,Renal-adjusted associative latent class model,0.7278739189224853,0.844,0.4728015378726849,0.41237113402061853,0.11128647767130655,0.02464636050950668,0.32662842072312,0.542,97
171,0.7,1.5,Biologically constrained latent SCM,0.6764561349489224,0.843,0.4700531725555111,0.26804123711340205,0.10812197905652247,0.025897767726106764,0.3412767599571075,0.539,97
171,0.7,1.5,Data-generating oracle (reference),,0.841,0.4645623601452112,0.29896907216494845,0.10841193135875386,0.02638967779054096,0.3619216753265663,0.553,97
172,0.7,1.5,Associative latent class model,,0.657,0.09751007477501264,0.9782608695652174,0.27323237866203703,0.2838109019468624,0.22706373783868924,0.376,92
172,0.7,1.5,Renal-adjusted associative latent class model,0.8435332041395549,0.805,0.37141105147158177,0.6521739130434783,0.12903697545399762,0.04558231086908084,0.3748626409836654,0.586,92
172,0.7,1.5,Biologically constrained latent SCM,0.8420656182831328,0.805,0.37138903155608677,0.6413043478260869,0.12991777566454657,0.05910289672890475,0.3763739145760278,0.6,92
172,0.7,1.5,Data-generating oracle (reference),,0.82,0.408986948728728,0.33695652173913043,0.11987267988133886,0.038320600892491195,0.38350747137205754,0.555,92
173,0.7,1.5,Associative latent class model,,0.6,0.03808821867159465,0.9090909090909091,0.32602110956824526,0.34077541810204875,0.17756569689448062,0.303,88
173,0.7,1.5,Renal-adjusted associative latent class model,0.7013263262214038,0.827,0.4270619805352916,0.25,0.12174327902296747,0.03907311131568163,0.3889076465212959,0.576,88
173,0.7,1.5,Biologically constrained latent SCM,0.7544344229630024,0.825,0.4218160047081999,0.3522727272727273,0.12067816745990494,0.036305640409998674,0.3802394881303574,0.586,88
173,0.7,1.5,Data-generating oracle (reference),,0.827,0.42708665781107985,0.29545454545454547,0.11959783783475694,0.026451180234647115,0.38524517506398864,0.564,88
174,0.7,1.5,Associative latent class model,,0.643,0.0800597104067608,0.7263157894736842,0.29246273168605946,0.2846278421603257,0.20773109916693372,0.335,95
174,0.7,1.5,Renal-adjusted associative latent class model,0.7243217627746171,0.806,0.37390913504878337,0.4105263157894737,0.13537914578776397,0.04362937616379275,0.3537989342489404,0.526,95
174,0.7,1.5,Biologically constrained latent SCM,0.6680269441038552,0.814,0.39372455229963593,0.28421052631578947,0.12997419740799887,0.022450809889341224,0.37515174906559284,0.554,95
174,0.7,1.5,Data-generating oracle (reference),,0.816,0.39871340656764487,0.3263157894736842,0.12958812578761392,0.030297061189233195,0.3774652336265206,0.576,95
175,0.7,1.5,Associative latent class model,,0.581,0.02402092492152561,0.9893617021276596,0.36529117263438815,0.3826596293506291,0.12407492352653973,0.319,94
175,0.7,1.5,Renal-adjusted associative latent class model,0.6781150096640559,0.828,0.4295558359756508,0.22340425531914893,0.12208392170084827,0.030625037395933283,0.3638996108226921,0.598,94
175,0.7,1.5,Biologically constrained latent SCM,0.698593405986441,0.83,0.4348000845969608,0.24468085106382978,0.12135312565949961,0.032948919012292244,0.3605897824620365,0.604,94
175,0.7,1.5,Data-generating oracle (reference),,0.832,0.44020088887021025,0.26595744680851063,0.11835575444886823,0.025995046735844504,0.3750913681025522,0.58,94
176,0.7,1.5,Associative latent class model,,0.57,0.016614120257396555,0.9662921348314607,0.3978973230028995,0.4061423218903816,0.08760253347436649,0.301,89
176,0.7,1.5,Renal-adjusted associative latent class model,0.6878576811320632,0.861,0.5207093200080174,0.25842696629213485,0.10325047425539487,0.026818545081763488,0.35177531622397246,0.564,89
176,0.7,1.5,Biologically constrained latent SCM,0.6475244906591099,0.864,0.5293824829764847,0.21348314606741572,0.10417449074369983,0.03014417261195971,0.36273800697455943,0.575,89
176,0.7,1.5,Data-generating oracle (reference),,0.864,0.5293967231306963,0.23595505617977527,0.1033114703047863,0.026725573327191048,0.35617751200089526,0.571,89
177,0.7,1.5,Associative latent class model,,0.646,0.08386333975605675,0.9019607843137255,0.2686490118194193,0.27283917158044696,0.23271443089153485,0.406,102
177,0.7,1.5,Renal-adjusted associative latent class model,0.7853908287842114,0.818,0.40312461015654205,0.5098039215686274,0.12736175479524933,0.07165868306252332,0.32081775431500703,0.646,102
177,0.7,1.5,Biologically constrained latent SCM,0.7980969408681028,0.816,0.3979969236864345,0.5196078431372549,0.12920079262633272,0.07675573192632613,0.3172539001061817,0.65,102
177,0.7,1.5,Data-generating oracle (reference),,0.843,0.4698903779273184,0.3431372549019608,0.11894402095020586,0.023069991292968235,0.36526690207848705,0.575,102
178,0.7,1.5,Associative latent class model,,0.71,0.17544894040384382,0.8089887640449438,0.22248414562633595,0.2140692893907422,0.24445030636999032,0.457,89
178,0.7,1.5,Renal-adjusted associative latent class model,0.6974400549057509,0.822,0.41344486163987754,0.3707865168539326,0.11989952253050562,0.050019276721956926,0.30012065007767397,0.613,89
178,0.7,1.5,Biologically constrained latent SCM,0.7045744189065298,0.824,0.41859876785223554,0.3707865168539326,0.11978104450833843,0.04917952393048916,0.2985625781120799,0.615,89
178,0.7,1.5,Data-generating oracle (reference),,0.83,0.4344723569548625,0.34831460674157305,0.11759304931571242,0.027746779815631978,0.3594661439221408,0.603,89
179,0.7,1.5,Associative latent class model,,0.669,0.11318424919111122,0.9438202247191011,0.25995512388815084,0.2572280572201977,0.22535263758483906,0.383,89
179,0.7,1.5,Renal-adjusted associative latent class model,0.6778585755540646,0.805,0.3714735255795826,0.30337078651685395,0.1371545789164716,0.042428430986781125,0.36770978565236595,0.505,89
179,0.7,1.5,Biologically constrained latent SCM,0.7253730686228924,0.797,0.3521884234253426,0.449438202247191,0.13683288340218241,0.040305784882570486,0.3587157496825134,0.515,89
179,0.7,1.5,Data-generating oracle (reference),,0.81,0.3837744213532216,0.4044943820224719,0.13290611605915903,0.03330092538105608,0.37102232025672316,0.536,89
180,0.7,1.5,Associative latent class model,,0.603,0.04022311766816321,0.8041237113402062,0.36224690903860784,0.35971355941053984,0.1093710639252519,0.309,97
180,0.7,1.5,Renal-adjusted associative latent class model,0.5942472539646857,0.789,0.3331052869481428,0.20618556701030927,0.13946409155263587,0.057613186799997836,0.3629262474214455,0.615,97
180,0.7,1.5,Biologically constrained latent SCM,0.6996183267055324,0.811,0.3858477758094116,0.36082474226804123,0.1275337143458055,0.06318263495800724,0.3482014974384497,0.639,97
180,0.7,1.5,Data-generating oracle (reference),,0.828,0.42957329324225085,0.422680412371134,0.11905792790993107,0.03331817971180386,0.3676788634353328,0.598,97
181,0.7,1.5,Associative latent class model,,0.63,0.06549589879354709,0.7021276595744681,0.28695289491907583,0.28375293074839264,0.2101439045301053,0.317,94
181,0.7,1.5,Renal-adjusted associative latent class model,0.6831991610230458,0.844,0.4728093653702831,0.2127659574468085,0.11405979081186968,0.03453632817700829,0.3725079648736696,0.525,94
181,0.7,1.5,Biologically constrained latent SCM,0.6822531404248854,0.848,0.4838541630032612,0.2127659574468085,0.11315571535216004,0.0287112106764547,0.3744673336554257,0.551,94
181,0.7,1.5,Data-generating oracle (reference),,0.846,0.47828336940199767,0.19148936170212766,0.10981492379319233,0.03386153719539541,0.3743490822053659,0.557,94
182,0.7,1.5,Associative latent class model,,0.666,0.10911310738535297,0.9484536082474226,0.2662160645993945,0.27362463323620523,0.19456673514221298,0.395,97
182,0.7,1.5,Renal-adjusted associative latent class model,0.6618530938444173,0.836,0.45103363706663935,0.18556701030927836,0.12316337343345668,0.05302336500192681,0.36533626734475977,0.481,97
182,0.7,1.5,Biologically constrained latent SCM,0.6742405877339309,0.835,0.44835105670094527,0.21649484536082475,0.12290418366799605,0.04802518912351122,0.365146791294361,0.494,97
182,0.7,1.5,Data-generating oracle (reference),,0.828,0.4297530103018943,0.29896907216494845,0.11925438431825779,0.021477923714442747,0.3778831534959721,0.535,97
183,0.7,1.5,Associative latent class model,,0.627,0.062485366412117486,0.9222222222222223,0.2827295299250282,0.2912067510315495,0.232321985259139,0.368,90
183,0.7,1.5,Renal-adjusted associative latent class model,0.7461232879378747,0.822,0.41373742358030524,0.4444444444444444,0.1218336865587193,0.030864731514461966,0.36952362546126777,0.603,90
183,0.7,1.5,Biologically constrained latent SCM,0.7030221666527827,0.835,0.44790373183903903,0.3111111111111111,0.1216718166957991,0.03362738100156423,0.37812248992887326,0.61,90
183,0.7,1.5,Data-generating oracle (reference),,0.831,0.4374704258710681,0.2777777777777778,0.11953808461104674,0.019648960778788443,0.3702422784004179,0.576,90
184,0.7,1.5,Associative latent class model,,0.647,0.08447783601891996,0.922077922077922,0.2811662071608206,0.289608284688233,0.20581503804240048,0.356,77
184,0.7,1.5,Renal-adjusted associative latent class model,0.7979179604394542,0.823,0.41625736676848474,0.4805194805194805,0.12436131867967315,0.046421803121729936,0.36226130784340826,0.622,77
184,0.7,1.5,Biologically constrained latent SCM,0.6853089817258069,0.819,0.40598271623397386,0.2987012987012987,0.12565031433279927,0.03757284701091347,0.3876448481639844,0.62,77
184,0.7,1.5,Data-generating oracle (reference),,0.84,0.46165290809571374,0.33766233766233766,0.11680623822789206,0.01960654940970348,0.3693858542805664,0.585,77
185,0.7,1.5,Associative latent class model,,0.57,0.016921144561131297,0.9693877551020408,0.3646800046919397,0.38295224919709536,0.14852062810410846,0.32,98
185,0.7,1.5,Renal-adjusted associative latent class model,0.6993672781646538,0.82,0.4085126143268141,0.2857142857142857,0.13200012041403733,0.05558278412041378,0.37783965345488507,0.626,98
185,0.7,1.5,Biologically constrained latent SCM,0.7729056974398292,0.812,0.3882004590888019,0.47959183673469385,0.133027485456751,0.05715519883906559,0.36585896359436454,0.632,98
185,0.7,1.5,Data-generating oracle (reference),,0.827,0.4269178736281383,0.3469387755102041,0.12739468406665566,0.028970681438877873,0.3676116784047946,0.587,98
186,0.7,1.5,Associative latent class model,,0.652,0.09076822681290973,0.8695652173913043,0.2762230208434366,0.28435367738757833,0.21366991646525219,0.369,92
186,0.7,1.5,Renal-adjusted associative latent class model,0.7280537294170907,0.824,0.41923958216829454,0.358695652173913,0.12087120848265835,0.021243824883111193,0.3741982686412915,0.557,92
186,0.7,1.5,Biologically constrained latent SCM,0.7133216710959221,0.823,0.4165943329971105,0.358695652173913,0.12056532282509713,0.025882767566784485,0.37858103760548856,0.572,92
186,0.7,1.5,Data-generating oracle (reference),,0.829,0.4322371392692395,0.32608695652173914,0.11825983744151809,0.036738003077701885,0.36530838722117065,0.578,92
187,0.7,1.5,Associative latent class model,,0.632,0.06687741374933964,0.6526315789473685,0.2785084306522361,0.28204148770775433,0.22867944184465466,0.324,95
187,0.7,1.5,Renal-adjusted associative latent class model,0.6831258986260157,0.824,0.4192833376951609,0.22105263157894736,0.13437732163855667,0.10021275955153638,0.34086572413069666,0.464,95
187,0.7,1.5,Biologically constrained latent SCM,0.6390641904983826,0.83,0.43501919153073365,0.16842105263157894,0.1252113366011131,0.08788422611580778,0.3592668204716874,0.474,95
187,0.7,1.5,Data-generating oracle (reference),,0.849,0.48658933472795113,0.24210526315789474,0.11354168656195744,0.03433504194238525,0.3692810581399754,0.557,95
188,0.7,1.5,Associative latent class model,,0.623,0.05820391947010702,0.9873417721518988,0.30072085343555877,0.30712366298656746,0.17995635055611386,0.348,79
188,0.7,1.5,Renal-adjusted associative latent class model,0.7967067528469056,0.814,0.3934237318422049,0.43037974683544306,0.12567520732616272,0.04234093922363019,0.3504125132390851,0.597,79
188,0.7,1.5,Biologically constrained latent SCM,0.8281749734781474,0.817,0.4009539935544945,0.45569620253164556,0.12705933690579896,0.04858673085274892,0.34374027043040384,0.604,79
188,0.7,1.5,Data-generating oracle (reference),,0.82,0.4088065047065423,0.3291139240506329,0.12366456868950212,0.02637106241241288,0.37230347287402105,0.575,79
189,0.7,1.5,Associative latent class model,,0.682,0.13148025893298207,0.95,0.2403434230359473,0.24553545129315896,0.22779265303599397,0.382,80
189,0.7,1.5,Renal-adjusted associative latent class model,0.8016543973498019,0.83,0.43500807121061263,0.525,0.11742949382538803,0.031787313821137496,0.34503841071015395,0.564,80
189,0.7,1.5,Biologically constrained latent SCM,0.7273951257571757,0.84,0.46183617838913066,0.35,0.11365701807562519,0.031290901066301245,0.36163302420340027,0.564,80
189,0.7,1.5,Data-generating oracle (reference),,0.846,0.4783302631680058,0.2875,0.11109316616885863,0.022939782781063556,0.3575224590808556,0.546,80
190,0.7,1.5,Associative latent class model,,0.623,0.05700697117734124,0.8133333333333334,0.30216967513667,0.30672071370774684,0.1971571569736346,0.319,75
190,0.7,1.5,Renal-adjusted associative latent class model,0.7360185621908213,0.833,0.44282538853058195,0.32,0.1170639303373895,0.027050647512751387,0.3620866626316975,0.563,75
190,0.7,1.5,Biologically constrained latent SCM,0.7000808272700612,0.828,0.4295435198020099,0.30666666666666664,0.11879076364745349,0.02471092561155863,0.37010304523931015,0.57,75
190,0.7,1.5,Data-generating oracle (reference),,0.836,0.4508580843346686,0.26666666666666666,0.11340140314810727,0.027871724139496467,0.37348995411051067,0.564,75
191,0.7,1.5,Associative latent class model,,0.686,0.13741815402068017,0.8712871287128713,0.2461213469516384,0.2436405518932158,0.23600697207108076,0.414,101
191,0.7,1.5,Renal-adjusted associative latent class model,0.7194590070821123,0.83,0.435026451286157,0.38613861386138615,0.12973125779496064,0.03553880654297502,0.3501271305049066,0.534,101
191,0.7,1.5,Biologically constrained latent SCM,0.6904338622292224,0.827,0.4271277818804606,0.32673267326732675,0.12865042425088427,0.03130324109715029,0.35717336914220504,0.543,101
191,0.7,1.5,Data-generating oracle (reference),,0.826,0.4245006761790935,0.36633663366336633,0.12630083987355348,0.02132092848995042,0.38595737461241036,0.556,101
192,0.7,1.5,Associative latent class model,,0.555,0.008267860383378874,0.9148936170212766,0.39707432469690473,0.40938224505559295,0.12320916319974833,0.294,94
192,0.7,1.5,Renal-adjusted associative latent class model,0.7128027315023202,0.838,0.4563216244753436,0.35106382978723405,0.12422611964999547,0.037660821737663976,0.3587144579839759,0.557,94
192,0.7,1.5,Biologically constrained latent SCM,0.6656971413149817,0.841,0.4644089974761732,0.2553191489361702,0.11943424783750833,0.02771759457658985,0.3704391450888145,0.572,94
192,0.7,1.5,Data-generating oracle (reference),,0.842,0.467222847632126,0.2978723404255319,0.11650507153338545,0.03263318297771505,0.36205244138872517,0.555,94
193,0.7,1.5,Associative latent class model,,0.664,0.10650485762454603,0.9629629629629629,0.27497532803356534,0.288302052380153,0.1701413629538146,0.351,81
193,0.7,1.5,Renal-adjusted associative latent class model,0.8138838263195163,0.836,0.45100707603063156,0.49382716049382713,0.12239783157406538,0.047543820288820635,0.35131594875531197,0.575,81
193,0.7,1.5,Biologically constrained latent SCM,0.8149871038515347,0.833,0.44296128306380944,0.49382716049382713,0.12358126359504897,0.050934930366396576,0.3527860892291244,0.586,81
193,0.7,1.5,Data-generating oracle (reference),,0.844,0.47279428327678247,0.38271604938271603,0.11840295132909262,0.03743718298869266,0.3625707320032866,0.569,81
194,0.7,1.5,Associative latent class model,,0.604,0.03880428068662091,0.9354838709677419,0.31675669109698557,0.33139085783929007,0.17886349416650899,0.302,62
194,0.7,1.5,Renal-adjusted associative latent class model,0.7848194255710442,0.838,0.4557120874083109,0.3709677419354839,0.11000224953780063,0.032261688063381776,0.3590621323759706,0.62,62
194,0.7,1.5,Biologically constrained latent SCM,0.7955375300211971,0.841,0.46381753748981613,0.3870967741935484,0.10983330186404948,0.039546726844218005,0.3576173277362208,0.625,62
194,0.7,1.5,Data-generating oracle (reference),,0.852,0.49490447428093115,0.27419354838709675,0.1086900349997338,0.03940504873167158,0.3763851766530805,0.568,62
195,0.7,1.5,Associative latent class model,,0.626,0.061704091608219186,0.891566265060241,0.2919680357696551,0.30459821517713875,0.20635493919176706,0.324,83
195,0.7,1.5,Renal-adjusted associative latent class model,0.7874723236873079,0.821,0.41133891117862365,0.5421686746987951,0.12233318776018942,0.06225300771479402,0.38326637338325203,0.617,83
195,0.7,1.5,Biologically constrained latent SCM,0.7700572560193826,0.819,0.4061016675583399,0.4819277108433735,0.12498462692628476,0.081422159568914,0.38492952188442675,0.641,83
195,0.7,1.5,Data-generating oracle (reference),,0.841,0.4645290137645711,0.3132530120481928,0.11459603059978277,0.0261124829087241,0.37706875242785287,0.563,83
196,0.7,1.5,Associative latent class model,,0.604,0.04168983019375064,0.90625,0.3369348273726107,0.34314998879002473,0.1488424501292926,0.316,96
196,0.7,1.5,Renal-adjusted associative latent class model,0.7491512224262821,0.82,0.4089242179250469,0.3541666666666667,0.1251510705137044,0.04447419215972416,0.36412809224736625,0.588,96
196,0.7,1.5,Biologically constrained latent SCM,0.7884408658327218,0.819,0.4063327293609955,0.4375,0.12541458845835246,0.04895467481525938,0.354974877779661,0.603,96
196,0.7,1.5,Data-generating oracle (reference),,0.824,0.4192960446857657,0.3541666666666667,0.12194738317224087,0.026873920445934674,0.3778285870907842,0.552,96
197,0.7,1.5,Associative latent class model,,0.622,0.05678114348427373,0.7684210526315789,0.3040451397288376,0.30432463669058457,0.20785712260115138,0.341,95
197,0.7,1.5,Renal-adjusted associative latent class model,0.6289721825308106,0.848,0.48372101550703955,0.2,0.10845060035172048,0.028402498029597198,0.3642347264394758,0.569,95
197,0.7,1.5,Biologically constrained latent SCM,0.6538483231785147,0.852,0.4948907817677235,0.2631578947368421,0.10778293175641167,0.030184499137916158,0.35971262345932653,0.577,95
197,0.7,1.5,Data-generating oracle (reference),,0.846,0.47811469524668576,0.3473684210526316,0.10673443222912712,0.030468734225554715,0.37355160258997083,0.577,95
198,0.7,1.5,Associative latent class model,,0.652,0.09043406730465968,0.935064935064935,0.27147211519455267,0.2736679036771964,0.20539259987563713,0.363,77
198,0.7,1.5,Renal-adjusted associative latent class model,0.7739152269335944,0.84,0.461742800567319,0.5064935064935064,0.11587779564502497,0.023864232655603133,0.339689076796064,0.561,77
198,0.7,1.5,Biologically constrained latent SCM,0.7131760395819009,0.831,0.4374612095353589,0.36363636363636365,0.11401071107526672,0.014830031490525728,0.35881053916686906,0.58,77
198,0.7,1.5,Data-generating oracle (reference),,0.832,0.4401945284410889,0.36363636363636365,0.11376867106300573,0.02179373843266502,0.3672377257167695,0.565,77
199,0.7,1.5,Associative latent class model,,0.591,0.031008463597158156,0.8285714285714286,0.3331564471697287,0.3416399648915855,0.18435635292640276,0.314,105
199,0.7,1.5,Renal-adjusted associative latent class model,0.7002074145533601,0.817,0.40131090440910766,0.2761904761904762,0.13585852304508905,0.03997204518366476,0.3914656692949759,0.55,105
199,0.7,1.5,Biologically constrained latent SCM,0.7421835249359696,0.825,0.4218770647247689,0.3238095238095238,0.13436257064652182,0.0458090533863247,0.3853862058465462,0.55,105
199,0.7,1.5,Data-generating oracle (reference),,0.824,0.41928777748666207,0.29523809523809524,0.13119717431590758,0.03479438898844048,0.3794085733667069,0.545,105
0,0.8,1.5,Associative latent class model,,0.669,0.11116296519737937,0.7368421052631579,0.2715045267705202,0.2815335520377456,0.17849708833515046,0.33,57
0,0.8,1.5,Renal-adjusted associative latent class model,0.8227367687569372,0.823,0.41672901336115,0.47368421052631576,0.1220289773116841,0.0668470534947886,0.3396439696837178,0.518,57
0,0.8,1.5,Biologically constrained latent SCM,0.8168358368216261,0.827,0.4271458088066684,0.40350877192982454,0.12155561641419287,0.06798962866305344,0.3454515942224527,0.514,57
0,0.8,1.5,Data-generating oracle (reference),,0.841,0.4641196970150333,0.43859649122807015,0.11271087627845525,0.022501309172399373,0.35631783100157627,0.602,57
1,0.8,1.5,Associative latent class model,,0.625,0.05865362038319773,0.8970588235294118,0.30677554939422824,0.31365133276324486,0.1821746815304169,0.331,68
1,0.8,1.5,Renal-adjusted associative latent class model,0.8314364296522829,0.826,0.42410084814127263,0.6029411764705882,0.12241693197820525,0.021217789949874385,0.3626746787788867,0.584,68
1,0.8,1.5,Biologically constrained latent SCM,0.82149393259252,0.819,0.40577879440180775,0.5441176470588235,0.12112469314437328,0.02366193953311921,0.3708354596194054,0.603,68
1,0.8,1.5,Data-generating oracle (reference),,0.83,0.4344578124387068,0.47058823529411764,0.11443218460021595,0.02992744381691044,0.3570182896594813,0.598,68
2,0.8,1.5,Associative latent class model,,0.637,0.06941070031210426,0.8085106382978723,0.2993258377911037,0.3073568958250657,0.17128350141966403,0.307,47
2,0.8,1.5,Renal-adjusted associative latent class model,0.7701111006169287,0.843,0.4694251906060121,0.2978723404255319,0.11429667127968918,0.019217075340917093,0.34474656311251717,0.595,47
2,0.8,1.5,Biologically constrained latent SCM,0.7792320709285235,0.843,0.46939711005520396,0.2978723404255319,0.11356946920042313,0.020533053538540735,0.34323000316906077,0.597,47
2,0.8,1.5,Data-generating oracle (reference),,0.852,0.4943757199302901,0.2978723404255319,0.10766396271011297,0.020398188941811314,0.35456834296618267,0.604,47
3,0.8,1.5,Associative latent class model,,0.618,0.05187842177766748,0.8356164383561644,0.32311267825785084,0.3283775703879998,0.15842533716852264,0.324,73
3,0.8,1.5,Renal-adjusted associative latent class model,0.7142222979574714,0.812,0.3887325810161603,0.2876712328767123,0.12749762707785825,0.06343117108502565,0.3999895622745522,0.528,73
3,0.8,1.5,Biologically constrained latent SCM,0.7525243881531538,0.805,0.3714596347708667,0.410958904109589,0.12926088130425176,0.06449584658434304,0.3858837696960451,0.521,73
3,0.8,1.5,Data-generating oracle (reference),,0.832,0.4396321115990997,0.5068493150684932,0.12076855375272709,0.033444621097754326,0.3633711500652167,0.614,73
4,0.8,1.5,Associative latent class model,,0.663,0.10333725276107614,0.9821428571428571,0.2698476229530657,0.2894645621616844,0.18830698599335774,0.366,56
4,0.8,1.5,Renal-adjusted associative latent class model,0.5883648812031947,0.805,0.3713622034976878,0.16071428571428573,0.1348994407467159,0.058287718015994965,0.42120979819414556,0.54,56
4,0.8,1.5,Biologically constrained latent SCM,0.7744915946875178,0.837,0.45315139344538535,0.5178571428571429,0.1163780984611891,0.023728487302530316,0.3837798572523751,0.592,56
4,0.8,1.5,Data-generating oracle (reference),,0.834,0.44464064995974895,0.5714285714285714,0.11600472326960101,0.023949692471493186,0.3554367949548573,0.621,56
5,0.8,1.5,Associative latent class model,,0.654,0.09143818579438111,0.7761194029850746,0.2779091849563648,0.2816287933812014,0.18134653712656182,0.349,67
5,0.8,1.5,Renal-adjusted associative latent class model,0.7372171992888916,0.834,0.4456784637909589,0.26865671641791045,0.11816900394288318,0.0828405331539807,0.35855065421307875,0.511,67
5,0.8,1.5,Biologically constrained latent SCM,0.677977280696035,0.833,0.4429829693017407,0.23880597014925373,0.11637144063929612,0.0734307092662435,0.3796932067597669,0.522,67
5,0.8,1.5,Data-generating oracle (reference),,0.856,0.505870045623199,0.373134328358209,0.10562842975478565,0.014205740429844836,0.34359588211108805,0.599,67
6,0.8,1.5,Associative latent class model,,0.68,0.12702029305908807,0.819672131147541,0.2529049425542565,0.2553273275044198,0.18734718216499288,0.381,61
6,0.8,1.5,Renal-adjusted associative latent class model,0.8046337648566229,0.844,0.4719200509716053,0.29508196721311475,0.11092060071860363,0.025861265704109845,0.32155168494857983,0.611,61
6,0.8,1.5,Biologically constrained latent SCM,0.8333625417325976,0.85,0.4886527908225061,0.3770491803278688,0.10888080050905494,0.029982197866560832,0.3123307536268655,0.609,61
6,0.8,1.5,Data-generating oracle (reference),,0.851,0.491598952110814,0.3442622950819672,0.1081095451870001,0.020867238393206127,0.34099419652208746,0.6,61
7,0.8,1.5,Associative latent class model,,0.649,0.08520381767950568,0.8135593220338984,0.283992617484209,0.2931179969597986,0.17148306155040932,0.331,59
7,0.8,1.5,Renal-adjusted associative latent class model,0.7606829740826838,0.834,0.4451966758628596,0.3559322033898305,0.1168447801941584,0.01728022023181758,0.34967577456422894,0.592,59
7,0.8,1.5,Biologically constrained latent SCM,0.7655428720689015,0.834,0.4450848453209409,0.3559322033898305,0.11704246303658147,0.0160034757270741,0.34873087461642793,0.602,59
7,0.8,1.5,Data-generating oracle (reference),,0.833,0.4424462890819301,0.4576271186440678,0.11545264760003073,0.02797346097326702,0.3579459320169139,0.599,59
8,0.8,1.5,Associative latent class model,,0.605,0.03692334713344223,0.8727272727272727,0.34059951693756646,0.3487393979409224,0.13745433914427116,0.306,55
8,0.8,1.5,Renal-adjusted associative latent class model,0.8403524816568213,0.836,0.44813934545494105,0.43636363636363634,0.11616262641791113,0.05941319581635246,0.31706863599761426,0.675,55
8,0.8,1.5,Biologically constrained latent SCM,0.8274748602743003,0.839,0.45625707934706583,0.38181818181818183,0.11778641424424036,0.05816266063698948,0.3207913352448153,0.676,55
8,0.8,1.5,Data-generating oracle (reference),,0.848,0.48304698401376345,0.32727272727272727,0.10912200025921615,0.022699614269773613,0.3554385562990024,0.599,55
9,0.8,1.5,Associative latent class model,,0.669,0.11106930642805839,0.8421052631578947,0.26467510141842365,0.2736921895945764,0.1863212388728424,0.372,57
9,0.8,1.5,Renal-adjusted associative latent class model,0.7749116436594727,0.859,0.514344362068368,0.3684210526315789,0.1067170617608229,0.03313583263868283,0.3586423024315088,0.596,57
9,0.8,1.5,Biologically constrained latent SCM,0.8028425623955129,0.851,0.49147252374894485,0.47368421052631576,0.10755440219676726,0.019702688214374438,0.35080916000679474,0.602,57
9,0.8,1.5,Data-generating oracle (reference),,0.852,0.4938288505968015,0.43859649122807015,0.10531086785339952,0.015022605696195072,0.35053927131177387,0.627,57
10,0.8,1.5,Associative latent class model,,0.707,0.16952609326010787,0.8035714285714286,0.23468041906549086,0.2234419378733188,0.21921966205236076,0.389,56
10,0.8,1.5,Renal-adjusted associative latent class model,0.7641905582990784,0.815,0.3953932174087626,0.4107142857142857,0.1285591601814466,0.038085998592198377,0.33476532297594597,0.621,56
10,0.8,1.5,Biologically constrained latent SCM,0.7703187884390237,0.815,0.3957218536838883,0.4107142857142857,0.12694851256349604,0.043204315722841814,0.3330865099404099,0.597,56
10,0.8,1.5,Data-generating oracle (reference),,0.82,0.40845852382260334,0.4642857142857143,0.12524721950458262,0.022179793518198453,0.35557485457597443,0.596,56
11,0.8,1.5,Associative latent class model,,0.635,0.06631165050861917,0.6792452830188679,0.3020528211478588,0.3085699909918174,0.16865549322764534,0.312,53
11,0.8,1.5,Renal-adjusted associative latent class model,0.8081423740738595,0.827,0.42690019638790516,0.33962264150943394,0.11978626583011333,0.06133886301575958,0.3385783799518918,0.552,53
11,0.8,1.5,Biologically constrained latent SCM,0.8084288045035538,0.819,0.4063119987400681,0.33962264150943394,0.12139272709766502,0.06811793113243868,0.33761736150157073,0.54,53
11,0.8,1.5,Data-generating oracle (reference),,0.838,0.4558986577744122,0.37735849056603776,0.11470042963382784,0.03365973728876404,0.35276250406978293,0.577,53
12,0.8,1.5,Associative latent class model,,0.695,0.14960304404840805,0.723404255319149,0.22812044931772496,0.23535725217465867,0.20946924604779735,0.333,47
12,0.8,1.5,Renal-adjusted associative latent class model,0.774439126863823,0.851,0.49189727272105266,0.2553191489361702,0.1093181763091585,0.029546919426895673,0.34914439658200686,0.607,47
12,0.8,1.5,Biologically constrained latent SCM,0.8188832433316211,0.857,0.508976439316484,0.3617021276595745,0.1038440969773737,0.028483958167679766,0.3363012075280559,0.599,47
12,0.8,1.5,Data-generating oracle (reference),,0.857,0.5090161290751649,0.3404255319148936,0.10348651296797122,0.028371937488704424,0.35325085702746234,0.593,47
13,0.8,1.5,Associative latent class model,,0.595,0.026384907793472853,0.7962962962962963,0.3493819691726148,0.3561059656978688,0.14275817348276273,0.302,54
13,0.8,1.5,Renal-adjusted associative latent class model,0.8225666350780285,0.821,0.4093770457912495,0.5370370370370371,0.11741500338676002,0.0391673254131458,0.3726726327941487,0.628,54
13,0.8,1.5,Biologically constrained latent SCM,0.8142101098882485,0.838,0.45335522190018035,0.5,0.1182453991655218,0.04050391556715894,0.3713832091222158,0.657,54
13,0.8,1.5,Data-generating oracle (reference),,0.836,0.4489511414545603,0.46296296296296297,0.11463741246554904,0.03767756879479735,0.35748646130340656,0.629,54
14,0.8,1.5,Associative latent class model,,0.635,0.0703244267919846,0.925,0.28367139582183887,0.29599559670034203,0.2091028253581955,0.37,80
14,0.8,1.5,Renal-adjusted associative latent class model,0.8112693734032779,0.817,0.40094456525236233,0.475,0.12401162407970877,0.03233819285734044,0.35455858232604637,0.582,80
14,0.8,1.5,Biologically constrained latent SCM,0.8240145014149692,0.818,0.40338992137732155,0.4875,0.1248823174182577,0.030814144195379676,0.3516766804756304,0.591,80
14,0.8,1.5,Data-generating oracle (reference),,0.822,0.41357847457524693,0.4375,0.11769919022661317,0.03226797362787016,0.35721529025007415,0.597,80
15,0.8,1.5,Associative latent class model,,0.7,0.15748055819822618,0.875,0.24262512763331265,0.25049734060966555,0.17856559120176732,0.386,48
15,0.8,1.5,Renal-adjusted associative latent class model,0.8888307551716638,0.839,0.45852366662528465,0.4791666666666667,0.11169626257406265,0.037375902712380664,0.30574268981549085,0.587,48
15,0.8,1.5,Biologically constrained latent SCM,0.8915266914134421,0.838,0.4557646268511173,0.4791666666666667,0.11099618435315901,0.03452421840964024,0.3066042409734776,0.59,48
15,0.8,1.5,Data-generating oracle (reference),,0.842,0.4666074578028484,0.2916666666666667,0.10930308893047587,0.023272600728829473,0.3393725848777115,0.594,48
16,0.8,1.5,Associative latent class model,,0.62,0.05340269887662141,0.9344262295081968,0.31268064160070846,0.3270578178832679,0.15482969306747354,0.315,61
16,0.8,1.5,Renal-adjusted associative latent class model,0.7871296330583883,0.854,0.5004291918439803,0.47540983606557374,0.10751391813301643,0.043328087785814415,0.39944847499256253,0.583,61
16,0.8,1.5,Biologically constrained latent SCM,0.8314185514679779,0.856,0.506011868427578,0.5409836065573771,0.10801115144338991,0.030885529587207472,0.3833683124464025,0.595,61
16,0.8,1.5,Data-generating oracle (reference),,0.853,0.49747806400513533,0.45901639344262296,0.10520885230138549,0.019329497894826814,0.35581569961408854,0.596,61
17,0.8,1.5,Associative latent class model,,0.615,0.049026888224847506,0.9682539682539683,0.3418119580037186,0.3531350982364924,0.09659900000853955,0.313,63
17,0.8,1.5,Renal-adjusted associative latent class model,0.7508592225218569,0.854,0.5000272674487612,0.2698412698412698,0.10803296183446956,0.04753072005369994,0.3594647386644554,0.63,63
17,0.8,1.5,Biologically constrained latent SCM,0.7979078240219655,0.856,0.5054756458130599,0.4126984126984127,0.10633570440601281,0.05892151196100857,0.3465197469192965,0.65,63
17,0.8,1.5,Data-generating oracle (reference),,0.872,0.5525838633773927,0.42857142857142855,0.10053491992530394,0.04460952809161351,0.3484465675154137,0.614,63
18,0.8,1.5,Associative latent class model,,0.644,0.0799908479801431,0.8194444444444444,0.29532623918390594,0.30390684679878777,0.16587355321945224,0.339,72
18,0.8,1.5,Renal-adjusted associative latent class model,0.7860715770452108,0.831,0.43706337934094747,0.4305555555555556,0.11876738749115331,0.028330551754289165,0.336129515844265,0.614,72
18,0.8,1.5,Biologically constrained latent SCM,0.7679168508248349,0.832,0.4393604908810275,0.4166666666666667,0.11993576667491504,0.03982375464923365,0.3424789439419163,0.643,72
18,0.8,1.5,Data-generating oracle (reference),,0.833,0.4422720331768702,0.4583333333333333,0.11516480184930077,0.02971815550022758,0.3552244205150471,0.624,72
19,0.8,1.5,Associative latent class model,,0.655,0.09250289805175022,0.9629629629629629,0.2744429294994528,0.29465464236193556,0.17095324207342574,0.368,54
19,0.8,1.5,Renal-adjusted associative latent class model,0.7645097147788931,0.821,0.4103232608411192,0.4444444444444444,0.11648291193832534,0.03267178049264746,0.35256403391463004,0.612,54
19,0.8,1.5,Biologically constrained latent SCM,0.7645907837989699,0.826,0.4229456552447145,0.42592592592592593,0.116677154628067,0.028071402486800564,0.3531539725820356,0.627,54
19,0.8,1.5,Data-generating oracle (reference),,0.835,0.4469502635116939,0.4444444444444444,0.11305594401229856,0.031315078765688044,0.34891067608628057,0.622,54
20,0.8,1.5,Associative latent class model,,0.737,0.2236350662354434,0.9215686274509803,0.2063781166568818,0.21228573108006765,0.21023235871346901,0.452,51
20,0.8,1.5,Renal-adjusted associative latent class model,0.8641484899999544,0.85,0.4886097032688909,0.43137254901960786,0.10719590131494587,0.03481006908407251,0.29776400978915957,0.603,51
20,0.8,1.5,Biologically constrained latent SCM,0.8052413670433681,0.845,0.4745026475725737,0.3137254901960784,0.10788367703336595,0.03838073579447281,0.31714222261552283,0.612,51
20,0.8,1.5,Data-generating oracle (reference),,0.843,0.4689012605924177,0.37254901960784315,0.10578664388098945,0.03457045132329593,0.3448928741088028,0.616,51
21,0.8,1.5,Associative latent class model,,0.678,0.1244039781325287,0.796875,0.25449523185273615,0.2544809594452846,0.198391944537306,0.362,64
21,0.8,1.5,Renal-adjusted associative latent class model,0.7466432629804245,0.842,0.46676351662229326,0.265625,0.11507304894900394,0.03633136597248762,0.34569976370577943,0.61,64
21,0.8,1.5,Biologically constrained latent SCM,0.769186352897248,0.847,0.4806017940575347,0.296875,0.113565954134019,0.03378660112700456,0.3394049836524678,0.607,64
21,0.8,1.5,Data-generating oracle (reference),,0.847,0.4805818950316029,0.34375,0.11308337330941812,0.02861278422691879,0.3449528399101309,0.609,64
22,0.8,1.5,Associative latent class model,,0.659,0.0981578608987784,0.859375,0.26426255928573333,0.2808457000368655,0.20886475823350178,0.361,64
22,0.8,1.5,Renal-adjusted associative latent class model,0.8825474687980709,0.838,0.4544183908001871,0.546875,0.12135225745330222,0.09177126931669001,0.2772876666780489,0.676,64
22,0.8,1.5,Biologically constrained latent SCM,0.8977283880241762,0.84,0.4599585890407791,0.625,0.11904860323282516,0.08374723154498055,0.2725909036344698,0.672,64
22,0.8,1.5,Data-generating oracle (reference),,0.85,0.4888147741511526,0.5,0.10621729506960907,0.018819906128597103,0.3378540643417497,0.606,64
23,0.8,1.5,Associative latent class model,,0.683,0.13192005064591739,0.9354838709677419,0.2555569729961401,0.26806114499030126,0.17377656612750897,0.385,62
23,0.8,1.5,Renal-adjusted associative latent class model,0.8775488026092937,0.852,0.4947542030513241,0.4838709677419355,0.10785732826934676,0.018760129116384985,0.3219861924441492,0.584,62
23,0.8,1.5,Biologically constrained latent SCM,0.8364883787308067,0.851,0.4917713830373971,0.43548387096774194,0.10487031704832057,0.02024874015301872,0.34683028258514176,0.601,62
23,0.8,1.5,Data-generating oracle (reference),,0.853,0.49739354356836435,0.3548387096774194,0.10362353916225181,0.02880092197872777,0.3540776051453447,0.603,62
24,0.8,1.5,Associative latent class model,,0.617,0.051213601986911356,0.9863013698630136,0.3154317283236774,0.33071661205946923,0.16783493564505758,0.35,73
24,0.8,1.5,Renal-adjusted associative latent class model,0.7674564757951697,0.811,0.38388849954333953,0.5068493150684932,0.12783978802219348,0.05834555175776215,0.3500972453878285,0.678,73
24,0.8,1.5,Biologically constrained latent SCM,0.7826721457296604,0.812,0.3862559057049676,0.5205479452054794,0.12655913807594996,0.05748740472096251,0.34748709804547845,0.683,73
24,0.8,1.5,Data-generating oracle (reference),,0.822,0.4127323353648893,0.589041095890411,0.12069262171056837,0.0260971808570954,0.3573375667849371,0.641,73
25,0.8,1.5,Associative latent class model,,0.645,0.08151789240081869,0.9295774647887324,0.2863576397192438,0.2990256325212751,0.178011124822488,0.358,71
25,0.8,1.5,Renal-adjusted associative latent class model,0.26811759634674703,0.694,0.14930031089858628,0.0,0.21370266008850655,0.1441433550595954,0.3860360072532262,0.427,71
25,0.8,1.5,Biologically constrained latent SCM,0.8797078468089756,0.819,0.40571058210373284,0.6056338028169014,0.12690359006784446,0.03995907275680275,0.3504352228573322,0.618,71
25,0.8,1.5,Data-generating oracle (reference),,0.829,0.4319523416331821,0.43661971830985913,0.12059464625933705,0.019408567417363812,0.3582259348576202,0.594,71
26,0.8,1.5,Associative latent class model,,0.699,0.1560802987610317,0.8301886792452831,0.2457385132134863,0.24686402428972282,0.18604907908002327,0.369,53
26,0.8,1.5,Renal-adjusted associative latent class model,0.8208888167578746,0.847,0.48039234045661805,0.39622641509433965,0.10997760766406317,0.020824148074399616,0.3473112296950572,0.617,53
26,0.8,1.5,Biologically constrained latent SCM,0.836561427914383,0.848,0.4831663865403852,0.41509433962264153,0.10932391283170123,0.024526474283906814,0.3403975080985448,0.618,53
26,0.8,1.5,Data-generating oracle (reference),,0.839,0.4585137407550927,0.39622641509433965,0.1102446262410368,0.0223844458722294,0.35932341528494344,0.607,53
27,0.8,1.5,Associative latent class model,,0.692,0.1450124240639621,0.96,0.23519006725306452,0.2560974407690572,0.20670612599728458,0.397,50
27,0.8,1.5,Renal-adjusted associative latent class model,0.8726341442046988,0.84,0.4591125095345433,0.68,0.10924129866545938,0.046230906670541375,0.306487373651408,0.669,50
27,0.8,1.5,Biologically constrained latent SCM,0.8446653233349225,0.836,0.44773923853868797,0.56,0.11176579730542571,0.06130235690405429,0.3168730292749457,0.683,50
27,0.8,1.5,Data-generating oracle (reference),,0.856,0.5049002690605119,0.42,0.10297074408619714,0.03491383332458681,0.3459817787493909,0.633,50
28,0.8,1.5,Associative latent class model,,0.637,0.06932233212401288,0.8461538461538461,0.2902566920806749,0.29443732470660633,0.1955298352982608,0.337,52
28,0.8,1.5,Renal-adjusted associative latent class model,0.7481033575924679,0.837,0.4531503963058232,0.3076923076923077,0.11785205406146272,0.03849721476737043,0.36579677778815606,0.575,52
28,0.8,1.5,Biologically constrained latent SCM,0.7825356226444552,0.842,0.4667425187162528,0.38461538461538464,0.11509718193970417,0.03466315859716972,0.3552483295181693,0.576,52
28,0.8,1.5,Data-generating oracle (reference),,0.841,0.46353641064824747,0.5192307692307693,0.11221504139934166,0.021472288275201524,0.35724307291451374,0.601,52
29,0.8,1.5,Associative latent class model,,0.653,0.08922249021120039,0.9565217391304348,0.2808150686068767,0.300203977696053,0.15187951083641418,0.339,46
29,0.8,1.5,Renal-adjusted associative latent class model,0.8650257692917516,0.848,0.48329162270955284,0.5869565217391305,0.1108929682535334,0.02456505528679267,0.3454209498834665,0.59,46
29,0.8,1.5,Biologically constrained latent SCM,0.8853592386601471,0.845,0.47451653553538,0.6086956521739131,0.10979856746881597,0.026082257171410213,0.345150777636559,0.617,46
29,0.8,1.5,Data-generating oracle (reference),,0.852,0.49434112806578284,0.391304347826087,0.1086314699905046,0.025541145323025278,0.3497146197623973,0.602,46
30,0.8,1.5,Associative latent class model,,0.578,0.014267524457062442,0.864406779661017,0.3563305697210032,0.3671148512833541,0.15077815270668526,0.309,59
30,0.8,1.5,Renal-adjusted associative latent class model,0.7894735414424441,0.845,0.47341273474522805,0.3898305084745763,0.10830421428209651,0.02854127917535344,0.3571975281818085,0.628,59
30,0.8,1.5,Biologically constrained latent SCM,0.8267526670987511,0.85,0.48754843053442876,0.4067796610169492,0.10666097743491622,0.020844632933103163,0.3483650846886445,0.623,59
30,0.8,1.5,Data-generating oracle (reference),,0.853,0.4963576749171996,0.3898305084745763,0.1035133482568558,0.03225614472381348,0.3515739592822776,0.612,59
31,0.8,1.5,Associative latent class model,,0.686,0.1358001207150604,0.8275862068965517,0.25128096267834216,0.2606433914387852,0.209912536675383,0.408,58
31,0.8,1.5,Renal-adjusted associative latent class model,0.7874075409247289,0.829,0.4312888179502343,0.3448275862068966,0.11605273580488772,0.04687750584601866,0.3209848983092468,0.591,58
31,0.8,1.5,Biologically constrained latent SCM,0.7890157590320341,0.831,0.4362085251840363,0.3275862068965517,0.1146327058784612,0.038473044087547745,0.3222022618526786,0.605,58
31,0.8,1.5,Data-generating oracle (reference),,0.831,0.4359693596725171,0.3448275862068966,0.11297450956913246,0.02964335653354398,0.35629789196321354,0.613,58
32,0.8,1.5,Associative latent class model,,0.656,0.09468116095878382,0.9827586206896551,0.2678279390915635,0.28721066680199714,0.190481427913439,0.349,58
32,0.8,1.5,Renal-adjusted associative latent class model,0.7371514613552209,0.823,0.4165520370919794,0.3620689655172414,0.11985414357792432,0.026678588708347706,0.3737775583872216,0.562,58
32,0.8,1.5,Biologically constrained latent SCM,0.7573615747342198,0.827,0.42691350681149004,0.39655172413793105,0.11687416173334927,0.02528592112671628,0.3687865180227492,0.57,58
32,0.8,1.5,Data-generating oracle (reference),,0.84,0.46150590251204415,0.46551724137931033,0.11296402418572574,0.017816871218305882,0.35326335825879135,0.589,58
33,0.8,1.5,Associative latent class model,,0.603,0.035787442602564806,0.9615384615384616,0.3438874890451872,0.3610535476625961,0.11763928633608814,0.301,52
33,0.8,1.5,Renal-adjusted associative latent class model,0.8155346668140546,0.84,0.4591360793124523,0.46153846153846156,0.11574497489141604,0.059315338456079815,0.3578814417909648,0.684,52
33,0.8,1.5,Biologically constrained latent SCM,0.8476103678112118,0.843,0.4671710263553856,0.5576923076923077,0.11562745489533652,0.06414764741239691,0.34716127741415265,0.691,52
33,0.8,1.5,Data-generating oracle (reference),,0.86,0.5168218998598646,0.4230769230769231,0.10363173781945773,0.02260233699197129,0.357793504604596,0.624,52
34,0.8,1.5,Associative latent class model,,0.656,0.09313592410800796,0.7333333333333333,0.26972938804245006,0.2784586535318262,0.19458666638938252,0.34,60
34,0.8,1.5,Renal-adjusted associative latent class model,0.8187861428123965,0.859,0.5146428330314381,0.38333333333333336,0.10152127213768344,0.0314325210185637,0.31424137363189275,0.577,60
34,0.8,1.5,Biologically constrained latent SCM,0.7969256879703696,0.862,0.5231111328342845,0.35,0.0998419660709843,0.021242206601127033,0.32607477547416525,0.594,60
34,0.8,1.5,Data-generating oracle (reference),,0.863,0.5259244897308037,0.36666666666666664,0.09973607331814327,0.024595308451867637,0.35055553951030277,0.601,60
35,0.8,1.5,Associative latent class model,,0.59,0.020818742891141755,0.7872340425531915,0.3769817132884325,0.37465109396266544,0.10289011485682181,0.288,47
35,0.8,1.5,Renal-adjusted associative latent class model,0.8077692375529559,0.824,0.4149641755746085,0.3829787234042553,0.12753083110819569,0.052942464316021065,0.32388555976527067,0.676,47
35,0.8,1.5,Biologically constrained latent SCM,0.8328734104593779,0.835,0.4447159812759585,0.40425531914893614,0.1230222792451575,0.04904366315993194,0.3197227487859701,0.665,47
35,0.8,1.5,Data-generating oracle (reference),,0.841,0.46231473333039447,0.40425531914893614,0.11579331357789092,0.02886528811361197,0.34976127236427557,0.633,47
36,0.8,1.5,Associative latent class model,,0.619,0.05128210629381753,1.0,0.31523624745915074,0.33277164872131143,0.1489276049856551,0.307,48
36,0.8,1.5,Renal-adjusted associative latent class model,0.8078533510632662,0.832,0.4376906217519353,0.3541666666666667,0.11908575765280668,0.07374466308005408,0.3338177355592269,0.694,48
36,0.8,1.5,Biologically constrained latent SCM,0.833450651721947,0.839,0.45666568618891634,0.4166666666666667,0.11609916415255031,0.0739654492773854,0.3297673490194964,0.691,48
36,0.8,1.5,Data-generating oracle (reference),,0.855,0.5027330277275062,0.3125,0.10566885336864837,0.025098560710354226,0.35539372688204446,0.619,48
37,0.8,1.5,Associative latent class model,,0.637,0.06718421658252907,0.6666666666666666,0.30726447637064774,0.3079397681807294,0.14943012548493181,0.328,48
37,0.8,1.5,Renal-adjusted associative latent class model,0.7771839749916994,0.838,0.45408221149855704,0.375,0.11222907082288458,0.031101065456225888,0.3496144621273244,0.631,48
37,0.8,1.5,Biologically constrained latent SCM,0.8144361161867288,0.841,0.46201462828723705,0.4791666666666667,0.10925770201055296,0.02884194119079709,0.3355329675905347,0.638,48
37,0.8,1.5,Data-generating oracle (reference),,0.842,0.4645700795830776,0.4791666666666667,0.10916818216871937,0.0259627578393592,0.35640134233189424,0.643,48
38,0.8,1.5,Associative latent class model,,0.668,0.10994637498801604,0.8813559322033898,0.2611522395985707,0.26959209179952937,0.21426266924819215,0.382,59
38,0.8,1.5,Renal-adjusted associative latent class model,0.725353112445235,0.808,0.37723915775859473,0.423728813559322,0.12962300359569384,0.03762647240572872,0.3510361097771538,0.624,59
38,0.8,1.5,Biologically constrained latent SCM,0.8005484148485736,0.823,0.4150570863005227,0.4915254237288136,0.12591731680398358,0.046337939835238526,0.33061685816571595,0.631,59
38,0.8,1.5,Data-generating oracle (reference),,0.829,0.43100933486522425,0.4745762711864407,0.1252546454387098,0.02964360262127993,0.35591880284461946,0.621,59
39,0.8,1.5,Associative latent class model,,0.672,0.115959327981822,0.9193548387096774,0.2533348418819116,0.2608168315863517,0.20022662254677898,0.373,62
39,0.8,1.5,Renal-adjusted associative latent class model,0.598080380990001,0.817,0.401330212434263,0.1774193548387097,0.13261465200214298,0.06224465553488553,0.38910653076549695,0.526,62
39,0.8,1.5,Biologically constrained latent SCM,0.7413196853550509,0.84,0.4615538180809925,0.3709677419354839,0.11433491234568853,0.02476176343467329,0.368857395683775,0.575,62
39,0.8,1.5,Data-generating oracle (reference),,0.846,0.4779734607991401,0.3870967741935484,0.11101432637778447,0.02087013746851011,0.35083186895986657,0.583,62
40,0.8,1.5,Associative latent class model,,0.594,0.02872688518277022,0.9838709677419355,0.32697343498003256,0.35278841844876085,0.16197744115582627,0.329,62
40,0.8,1.5,Renal-adjusted associative latent class model,0.851599749674892,0.821,0.40561964169979303,0.5806451612903226,0.12076804789443782,0.08645710199120447,0.3427350114627195,0.724,62
40,0.8,1.5,Biologically constrained latent SCM,0.8832029383412718,0.821,0.4062494438928555,0.6935483870967742,0.11982368759941772,0.07800065719542558,0.33494561116969906,0.712,62
40,0.8,1.5,Data-generating oracle (reference),,0.855,0.502189833324913,0.3387096774193548,0.10659613012037245,0.025028037866029654,0.3518920977170612,0.62,62
41,0.8,1.5,Associative latent class model,,0.667,0.10841365124732823,0.9,0.26937090998834445,0.2770768492508817,0.193433551894416,0.347,50
41,0.8,1.5,Renal-adjusted associative latent class model,0.8431875205089242,0.85,0.48898955918991927,0.58,0.10893207545779421,0.01745968685075289,0.33935059723184263,0.596,50
41,0.8,1.5,Biologically constrained latent SCM,0.8095871930573378,0.849,0.4858559732470419,0.48,0.10847638944352476,0.02407944120261364,0.35189178447506064,0.623,50
41,0.8,1.5,Data-generating oracle (reference),,0.844,0.47210867754048236,0.46,0.10619015025080222,0.029938971589277885,0.3584596498174492,0.612,50
42,0.8,1.5,Associative latent class model,,0.709,0.17289885154356077,0.8490566037735849,0.21406952403302545,0.21807223103649317,0.21874637548421624,0.405,53
42,0.8,1.5,Renal-adjusted associative latent class model,0.7877876739370462,0.847,0.4799064335114277,0.41509433962264153,0.11399985370448236,0.04326716939457565,0.29941182379260217,0.631,53
42,0.8,1.5,Biologically constrained latent SCM,0.8259695441958973,0.856,0.5052809241154067,0.4528301886792453,0.10759027444437316,0.04041665655721797,0.2951041226340535,0.632,53
42,0.8,1.5,Data-generating oracle (reference),,0.856,0.5058141421787318,0.39622641509433965,0.10540189571930608,0.02021025479779081,0.3421686993705569,0.598,53
43,0.8,1.5,Associative latent class model,,0.642,0.07708122573044031,0.8923076923076924,0.28432549938581675,0.29361296290186895,0.1922474978274626,0.348,65
43,0.8,1.5,Renal-adjusted associative latent class model,0.7414230714904133,0.843,0.46964483184269373,0.23076923076923078,0.11194060539339747,0.03548857506660241,0.368620249068064,0.581,65
43,0.8,1.5,Biologically constrained latent SCM,0.7602544510791901,0.844,0.47219547707012294,0.24615384615384617,0.1110408852152326,0.028659769830598737,0.36465939268767184,0.598,65
43,0.8,1.5,Data-generating oracle (reference),,0.842,0.46679655303895917,0.3384615384615385,0.10870929856111636,0.01841072406705227,0.3603535087599531,0.59,65
44,0.8,1.5,Associative latent class model,,0.592,0.022920624717733862,0.7291666666666666,0.3450499218839679,0.3533930121927897,0.1487719410867404,0.276,48
44,0.8,1.5,Renal-adjusted associative latent class model,0.7920852051295276,0.845,0.47206829107454595,0.4166666666666667,0.10962250313369587,0.03714225755951007,0.35152394094179285,0.681,48
44,0.8,1.5,Biologically constrained latent SCM,0.8051335139398619,0.853,0.4951511096808389,0.4166666666666667,0.10572427078879601,0.03198367690560588,0.3500403192884837,0.665,48
44,0.8,1.5,Data-generating oracle (reference),,0.857,0.5077079228302658,0.4166666666666667,0.10408657501370677,0.01797930851205604,0.3577675221481967,0.627,48
45,0.8,1.5,Associative latent class model,,0.693,0.14609434476227687,0.8478260869565217,0.24822125827561456,0.2560848855282244,0.16963642391150513,0.367,46
45,0.8,1.5,Renal-adjusted associative latent class model,0.9248833035582323,0.844,0.47195548840384266,0.6304347826086957,0.11472490878601334,0.043289228606374755,0.2920089651626489,0.61,46
45,0.8,1.5,Biologically constrained latent SCM,0.9020972874527533,0.845,0.474499291436915,0.5217391304347826,0.11376312322033698,0.044734042488338344,0.3084529529557219,0.623,46
45,0.8,1.5,Data-generating oracle (reference),,0.852,0.4946376604694014,0.32608695652173914,0.11144298114519774,0.030681346647668205,0.3569255939383234,0.584,46
46,0.8,1.5,Associative latent class model,,0.588,0.023067259481644956,0.9152542372881356,0.35883213367034866,0.3695625636803874,0.12263157059915332,0.306,59
46,0.8,1.5,Renal-adjusted associative latent class model,0.8457715722646687,0.827,0.42645548487740553,0.5254237288135594,0.12673642798667695,0.05098939042563771,0.36354560209558023,0.581,59
46,0.8,1.5,Biologically constrained latent SCM,0.834172248224146,0.836,0.44979638349318,0.4915254237288136,0.11955075283296052,0.028618458898665013,0.3748164980965622,0.61,59
46,0.8,1.5,Data-generating oracle (reference),,0.843,0.4684625831145857,0.4576271186440678,0.11374886266299876,0.014615366584767801,0.3482408405013792,0.627,59
47,0.8,1.5,Associative latent class model,,0.628,0.06257093721031681,0.7108433734939759,0.2931664415143212,0.29249209190062636,0.20440721140273216,0.315,83
47,0.8,1.5,Renal-adjusted associative latent class model,0.6911767510651835,0.845,0.4755406157156003,0.25301204819277107,0.1091054642934427,0.03563713285502773,0.3546391899705377,0.536,83
47,0.8,1.5,Biologically constrained latent SCM,0.7368921002038126,0.836,0.45099588502971855,0.3373493975903614,0.11154856968641311,0.036436792507399354,0.3439430983995241,0.537,83
47,0.8,1.5,Data-generating oracle (reference),,0.85,0.4892398029284516,0.43373493975903615,0.11037662972319248,0.027880942506755196,0.349285330730542,0.589,83
48,0.8,1.5,Associative latent class model,,0.685,0.13496829536245042,0.8571428571428571,0.2542690483095226,0.2481002838391676,0.20137275396885837,0.387,63
48,0.8,1.5,Renal-adjusted associative latent class model,0.7511407525524897,0.817,0.4009652375178473,0.4603174603174603,0.13121164089591264,0.05038211072436734,0.32267256010820206,0.583,63
48,0.8,1.5,Biologically constrained latent SCM,0.7298154214375044,0.82,0.4085720107725693,0.38095238095238093,0.13200655877993211,0.0502026096221645,0.32993848416038735,0.588,63
48,0.8,1.5,Data-generating oracle (reference),,0.829,0.43181607190432025,0.49206349206349204,0.12592452484918906,0.03384829089755506,0.358883872364613,0.603,63
49,0.8,1.5,Associative latent class model,,0.668,0.1101832690643951,0.9322033898305084,0.26335205735117073,0.27906344322415605,0.1788155761230526,0.362,59
49,0.8,1.5,Renal-adjusted associative latent class model,0.8615536541245602,0.835,0.44705968307973637,0.6271186440677966,0.11545311137189009,0.044041660580344075,0.33888856600039763,0.647,59
49,0.8,1.5,Biologically constrained latent SCM,0.8501061286918676,0.835,0.44695080748184757,0.5932203389830508,0.1154144423673327,0.04539286616196539,0.344541443325568,0.653,59
49,0.8,1.5,Data-generating oracle (reference),,0.838,0.45598759282953244,0.4576271186440678,0.11047545735016967,0.028217084301381777,0.3617341978829222,0.588,59
50,0.8,1.5,Associative latent class model,,0.673,0.11712597956346071,0.765625,0.26222545217747956,0.2590685356613477,0.19565278520847393,0.359,64
50,0.8,1.5,Renal-adjusted associative latent class model,0.8105527230833508,0.821,0.41124591278867534,0.5,0.12525342311840365,0.03512177546961928,0.3519305082813749,0.577,64
50,0.8,1.5,Biologically constrained latent SCM,0.8133955577557799,0.828,0.42921705974956303,0.5,0.12489425577633056,0.031104959739982986,0.3540808152526918,0.6,64
50,0.8,1.5,Data-generating oracle (reference),,0.826,0.42395181506055035,0.5,0.12471065486432938,0.029632577772056332,0.3577548130611806,0.602,64
51,0.8,1.5,Associative latent class model,,0.661,0.0991350029320066,0.639344262295082,0.2788110076982548,0.27988752966839286,0.18166992851023075,0.346,61
51,0.8,1.5,Renal-adjusted associative latent class model,0.7192948861812807,0.84,0.4608583408860445,0.32786885245901637,0.10825904048026973,0.028496194812853988,0.325915328419551,0.605,61
51,0.8,1.5,Biologically constrained latent SCM,0.7230433844484649,0.845,0.4744183436713332,0.32786885245901637,0.10808195537480234,0.02769973777212129,0.3245218717710015,0.614,61
51,0.8,1.5,Data-generating oracle (reference),,0.843,0.46905845578919236,0.36065573770491804,0.10696112656354702,0.03432271494839751,0.34112920627383725,0.606,61
52,0.8,1.5,Associative latent class model,,0.604,0.03720079307768538,1.0,0.33731722902887057,0.3541500487674357,0.1339856423708699,0.317,56
52,0.8,1.5,Renal-adjusted associative latent class model,0.7516413109761428,0.844,0.4714779357392564,0.30357142857142855,0.11149068705777901,0.024006278665220284,0.3867839856533445,0.627,56
52,0.8,1.5,Biologically constrained latent SCM,0.8097327254407479,0.838,0.45430833182896646,0.5,0.11043432119794809,0.033851465313725716,0.3714106986330425,0.657,56
52,0.8,1.5,Data-generating oracle (reference),,0.842,0.4664415528228557,0.4107142857142857,0.10880159766392038,0.02285176802166656,0.345894319538379,0.603,56
53,0.8,1.5,Associative latent class model,,0.63,0.06263933196243622,0.85,0.30098306506137373,0.30587409057350773,0.17648503907460097,0.33,60
53,0.8,1.5,Renal-adjusted associative latent class model,0.7624468042557182,0.845,0.47384354488014135,0.3333333333333333,0.11641102521116094,0.036126251525819206,0.359469306927399,0.649,60
53,0.8,1.5,Biologically constrained latent SCM,0.7855731555857045,0.844,0.4715381952427237,0.4,0.11319159032664156,0.027011562374406203,0.3554899002486771,0.628,60
53,0.8,1.5,Data-generating oracle (reference),,0.845,0.4747268077909312,0.43333333333333335,0.11124073314661803,0.03140270770948455,0.3555206000678418,0.605,60
54,0.8,1.5,Associative latent class model,,0.684,0.13268257370255435,0.8723404255319149,0.24745092143555933,0.25980790278237875,0.21338054999968722,0.375,47
54,0.8,1.5,Renal-adjusted associative latent class model,0.8472098465576475,0.838,0.45606581876352076,0.46808510638297873,0.11667622197558301,0.04880956874589034,0.3293119793574475,0.571,47
54,0.8,1.5,Biologically constrained latent SCM,0.8207147869551075,0.846,0.47787878266337747,0.3617021276595745,0.11443739104505771,0.027857627587703663,0.3449524595362666,0.581,47
54,0.8,1.5,Data-generating oracle (reference),,0.843,0.4693079846613236,0.3404255319148936,0.1144086012236376,0.01861370024431005,0.3668876350145165,0.602,47
55,0.8,1.5,Associative latent class model,,0.64,0.07491826236339445,0.704225352112676,0.30135210419965935,0.29480273923418476,0.16686068886285646,0.315,71
55,0.8,1.5,Renal-adjusted associative latent class model,0.7167451307805313,0.84,0.46166412238965104,0.23943661971830985,0.11872114876233593,0.04058296007421822,0.33106960635848515,0.569,71
55,0.8,1.5,Biologically constrained latent SCM,0.7505823987136412,0.843,0.4698530743996593,0.28169014084507044,0.11503154921106876,0.04382560253280856,0.3233917370182492,0.572,71
55,0.8,1.5,Data-generating oracle (reference),,0.852,0.4947807288257967,0.4507042253521127,0.1111978093941772,0.028059816508306624,0.3533375547209253,0.591,71
56,0.8,1.5,Associative latent class model,,0.628,0.06157622424025947,0.8656716417910447,0.301176214448922,0.30906052403407075,0.19304738656047807,0.341,67
56,0.8,1.5,Renal-adjusted associative latent class model,0.7699248805215683,0.822,0.41392384775633007,0.373134328358209,0.120147924190521,0.04453114981626469,0.3577015756547419,0.557,67
56,0.8,1.5,Biologically constrained latent SCM,0.745818864620956,0.82,0.4084515657237788,0.31343283582089554,0.11849901794558926,0.03824652042603758,0.36754180059829317,0.587,67
56,0.8,1.5,Data-generating oracle (reference),,0.824,0.4186083723683872,0.373134328358209,0.11793598481568146,0.03677834001964806,0.36558191829114944,0.599,67
57,0.8,1.5,Associative latent class model,,0.67,0.11177894163197995,0.7708333333333334,0.26770833469688693,0.268744445577014,0.16716595668881165,0.339,48
57,0.8,1.5,Renal-adjusted associative latent class model,0.7872006371581682,0.837,0.45315139344538535,0.3333333333333333,0.116227877279451,0.017814270419146846,0.3733583142734958,0.592,48
57,0.8,1.5,Biologically constrained latent SCM,0.8225627382644926,0.84,0.46099305622180214,0.4375,0.11459826902075161,0.020737253430742043,0.3626925056630465,0.613,48
57,0.8,1.5,Data-generating oracle (reference),,0.84,0.46142423535516996,0.4583333333333333,0.10827155834213587,0.016874653151098026,0.353959164769288,0.581,48
58,0.8,1.5,Associative latent class model,,0.663,0.10305764100979843,0.7627118644067796,0.2589122242616609,0.26152258112463433,0.20646966389844737,0.354,59
58,0.8,1.5,Renal-adjusted associative latent class model,0.792499824993569,0.846,0.47808720380180697,0.3220338983050847,0.11143026812227555,0.04069097307067075,0.3392555550621288,0.565,59
58,0.8,1.5,Biologically constrained latent SCM,0.8038521509976241,0.849,0.4863416096548332,0.3389830508474576,0.1106850402617109,0.03910221637980075,0.3365180941408794,0.576,59
58,0.8,1.5,Data-generating oracle (reference),,0.855,0.5030319053540959,0.3389830508474576,0.10376972863923221,0.026680522569395702,0.3473620619801092,0.598,59
59,0.8,1.5,Associative latent class model,,0.606,0.03930199660980775,0.9,0.3051617638961328,0.3184340650992451,0.20707161788001147,0.35,70
59,0.8,1.5,Renal-adjusted associative latent class model,0.7694422751901109,0.844,0.4721051001047705,0.45714285714285713,0.11308677662820457,0.05395726151498853,0.36413497328719513,0.58,70
59,0.8,1.5,Biologically constrained latent SCM,0.7495534200584669,0.847,0.4801170312334618,0.4142857142857143,0.10749586191399929,0.04168925877092459,0.37319048642927194,0.595,70
59,0.8,1.5,Data-generating oracle (reference),,0.853,0.49650177937974527,0.4714285714285714,0.10481217637319142,0.023958668136992274,0.3526731452426898,0.615,70
60,0.8,1.5,Associative latent class model,,0.68,0.12690547726746876,0.8032786885245902,0.24707689176589315,0.2493453493726018,0.20317065299176781,0.391,61
60,0.8,1.5,Renal-adjusted associative latent class model,0.8693755963550261,0.839,0.45837977720231343,0.4918032786885246,0.11358367583730633,0.05311821500324272,0.30995472535554836,0.59,61
60,0.8,1.5,Biologically constrained latent SCM,0.8320977676291043,0.85,0.48846093738100116,0.45901639344262296,0.10845138057998739,0.027994357169324212,0.3291308669080946,0.607,61
60,0.8,1.5,Data-generating oracle (reference),,0.847,0.48001079669956276,0.4098360655737705,0.10614198540686423,0.03550442193543662,0.3429503423151399,0.61,61
61,0.8,1.5,Associative latent class model,,0.634,0.06877013487001453,0.8170731707317073,0.2991878320936146,0.2997682898789284,0.1769922593390794,0.349,82
61,0.8,1.5,Renal-adjusted associative latent class model,0.6850691191215561,0.826,0.4245430262379519,0.15853658536585366,0.12690544524718841,0.08555488337906685,0.37214603066735025,0.499,82
61,0.8,1.5,Biologically constrained latent SCM,0.6885925102077145,0.824,0.4193379521661848,0.17073170731707318,0.1265800197570916,0.08720946206424662,0.3704966728813778,0.499,82
61,0.8,1.5,Data-generating oracle (reference),,0.839,0.458693274930216,0.32926829268292684,0.11412616141537651,0.02524627062786849,0.3482058296220739,0.592,82
62,0.8,1.5,Associative latent class model,,0.626,0.05933776118232977,0.9076923076923077,0.3105661060469118,0.3177054842418284,0.168957424921802,0.343,65
62,0.8,1.5,Renal-adjusted associative latent class model,0.7066020217268413,0.847,0.48021813622235565,0.27692307692307694,0.11205461905429416,0.03932869885364541,0.3913792779739997,0.612,65
62,0.8,1.5,Biologically constrained latent SCM,0.7520788648144258,0.845,0.4744202015084709,0.4461538461538462,0.10926265045036139,0.03171777013238921,0.379551326468376,0.626,65
62,0.8,1.5,Data-generating oracle (reference),,0.851,0.49095038801721874,0.47692307692307695,0.10595768581851472,0.024284009808443526,0.3469598942868544,0.638,65
63,0.8,1.5,Associative latent class model,,0.63,0.06323758409512657,0.8939393939393939,0.2917567614068038,0.2994088510286561,0.19372959805453702,0.359,66
63,0.8,1.5,Renal-adjusted associative latent class model,0.8230852134597262,0.827,0.4269026974821457,0.3939393939393939,0.11846236722804898,0.057233799796476886,0.3621423094369345,0.55,66
63,0.8,1.5,Biologically constrained latent SCM,0.814725052586084,0.826,0.42401395885011983,0.3787878787878788,0.11371392100735658,0.03881017800958797,0.3697306693695854,0.571,66
63,0.8,1.5,Data-generating oracle (reference),,0.841,0.4635729155632128,0.36363636363636365,0.11064925316203561,0.02610243149498085,0.3573975604848391,0.602,66
64,0.8,1.5,Associative latent class model,,0.601,0.035065114386576765,0.8852459016393442,0.33710694574976124,0.3435768791083122,0.15110301193647702,0.301,61
64,0.8,1.5,Renal-adjusted associative latent class model,0.8045787813754139,0.825,0.42057147952919166,0.4918032786885246,0.11859937206737166,0.03771486198895126,0.3513574371896862,0.637,61
64,0.8,1.5,Biologically constrained latent SCM,0.8219416771873044,0.823,0.41532945593802684,0.47540983606557374,0.12157288284327115,0.034135179851814475,0.3470886833277674,0.639,61
64,0.8,1.5,Data-generating oracle (reference),,0.83,0.4342223124148395,0.47540983606557374,0.11644239121705768,0.02539700800892681,0.35962545562176307,0.608,61
65,0.8,1.5,Associative latent class model,,0.654,0.09114695445166392,0.9074074074074074,0.2670413816806194,0.2821152180342125,0.1927640481018757,0.357,54
65,0.8,1.5,Renal-adjusted associative latent class model,0.85665474408391,0.845,0.47368443797767984,0.5185185185185185,0.10332057355644832,0.03742639630588686,0.3319062478325635,0.654,54
65,0.8,1.5,Biologically constrained latent SCM,0.8917287283744767,0.855,0.5023348147656528,0.6111111111111112,0.1051567475729519,0.03137539172037913,0.31629955621543143,0.63,54
65,0.8,1.5,Data-generating oracle (reference),,0.862,0.5229125576460188,0.3888888888888889,0.10209237690345417,0.03270677646989222,0.3521185553341705,0.605,54
66,0.8,1.5,Associative latent class model,,0.69,0.14139970713661829,0.8444444444444444,0.23479867470737373,0.2486747058222225,0.2139439542647317,0.37,45
66,0.8,1.5,Renal-adjusted associative latent class model,0.6820795309075627,0.829,0.4322881882761944,0.08888888888888889,0.11725823524934438,0.06953827768994693,0.34932079405979255,0.539,45
66,0.8,1.5,Biologically constrained latent SCM,0.7829208536532124,0.84,0.46155130582222326,0.28888888888888886,0.10966114344728352,0.05350307458649112,0.33062934635230967,0.564,45
66,0.8,1.5,Data-generating oracle (reference),,0.858,0.5113939634630797,0.37777777777777777,0.10285577765811686,0.04124276100430092,0.34501981148516975,0.604,45
67,0.8,1.5,Associative latent class model,,0.698,0.1550580468798536,0.8615384615384616,0.2365248779288294,0.2498187586101174,0.21303896872882913,0.382,65
67,0.8,1.5,Renal-adjusted associative latent class model,0.7754291878043924,0.844,0.47264553560642014,0.3384615384615385,0.10751790148218736,0.028432598958758368,0.32841417512695814,0.566,65
67,0.8,1.5,Biologically constrained latent SCM,0.7798591860750494,0.846,0.47811421649312374,0.3384615384615385,0.10722571932035549,0.026088078074620755,0.32848161170724344,0.576,65
67,0.8,1.5,Data-generating oracle (reference),,0.848,0.48356434849189445,0.35384615384615387,0.1058214095072984,0.028658807748835446,0.33895066142195657,0.592,65
68,0.8,1.5,Associative latent class model,,0.716,0.18532980124166476,0.8615384615384616,0.2186876965742624,0.21784074628203648,0.21462723840046163,0.411,65
68,0.8,1.5,Renal-adjusted associative latent class model,0.8486173905934958,0.841,0.4644303762340365,0.5076923076923077,0.11367697618473178,0.03947574094780551,0.3108348840824601,0.564,65
68,0.8,1.5,Biologically constrained latent SCM,0.8450089642482209,0.841,0.4644086486734946,0.5076923076923077,0.1132329783577581,0.02716764141764156,0.31365947759012525,0.568,65
68,0.8,1.5,Data-generating oracle (reference),,0.847,0.48094273207432625,0.4461538461538462,0.10766318576132303,0.027653909519854355,0.36909961233727345,0.568,65
69,0.8,1.5,Associative latent class model,,0.641,0.07477872995132254,0.7818181818181819,0.2981671969339024,0.30007931757779643,0.1631799825865149,0.316,55
69,0.8,1.5,Renal-adjusted associative latent class model,0.7224585789973286,0.827,0.4266392575346043,0.2545454545454545,0.11995755796160106,0.04253336470298943,0.3298255342203033,0.586,55
69,0.8,1.5,Biologically constrained latent SCM,0.7498880969691335,0.839,0.4586442156234583,0.3090909090909091,0.1151581484603696,0.03493203462373668,0.32506921573766534,0.588,55
69,0.8,1.5,Data-generating oracle (reference),,0.838,0.4555942600942902,0.4727272727272727,0.1122838580948846,0.04644982610727108,0.3558816389886927,0.613,55
70,0.8,1.5,Associative latent class model,,0.659,0.09915423707960737,0.8194444444444444,0.2752016707769558,0.2813698067175421,0.17471120895526518,0.339,72
70,0.8,1.5,Renal-adjusted associative latent class model,0.8346001225843542,0.815,0.39610140449730724,0.4305555555555556,0.12404288465863504,0.03408939388132875,0.34586257932900566,0.585,72
70,0.8,1.5,Biologically constrained latent SCM,0.8240604270927273,0.807,0.37607332725351567,0.3888888888888889,0.1251348647593345,0.054122697332676765,0.35035901498696714,0.603,72
70,0.8,1.5,Data-generating oracle (reference),,0.814,0.3936052274067175,0.3888888888888889,0.12294259093795219,0.03432433925378166,0.3644345260687851,0.58,72
71,0.8,1.5,Associative latent class model,,0.697,0.1534641019536842,0.8636363636363636,0.2342010967969274,0.23617935527865808,0.20466041754079187,0.414,66
71,0.8,1.5,Renal-adjusted associative latent class model,0.8606731755495688,0.839,0.4586333376916617,0.5909090909090909,0.11546052531203503,0.04720674564067921,0.29734313790085454,0.58,66
71,0.8,1.5,Biologically constrained latent SCM,0.7987201217624254,0.848,0.4832353030637515,0.3939393939393939,0.1061328633122414,0.02138644298235155,0.32666987954068527,0.593,66
71,0.8,1.5,Data-generating oracle (reference),,0.844,0.47157276586470986,0.4393939393939394,0.10530606778266778,0.024107347815913616,0.3532779262631064,0.625,66
72,0.8,1.5,Associative latent class model,,0.631,0.061434861441131784,0.9,0.30578623127507937,0.3230506356332023,0.15239523968178903,0.32,40
72,0.8,1.5,Renal-adjusted associative latent class model,0.7569560939390161,0.861,0.5201254196344616,0.2,0.09981710307744976,0.05312460403371749,0.365574397244783,0.584,40
72,0.8,1.5,Biologically constrained latent SCM,0.7155232842665842,0.856,0.5058016728847292,0.125,0.10265389956667878,0.04997213408076479,0.3732883176772782,0.581,40
72,0.8,1.5,Data-generating oracle (reference),,0.863,0.5254328003828752,0.225,0.09607969975643715,0.02378902467498714,0.3353722252941612,0.61,40
73,0.8,1.5,Associative latent class model,,0.66,0.09984726207302073,0.967741935483871,0.2709576483099966,0.28832300612695283,0.18500519862917844,0.366,62
73,0.8,1.5,Renal-adjusted associative latent class model,0.8102171289109298,0.833,0.4423753777249576,0.3870967741935484,0.11495333653574312,0.022876912704691266,0.347656786347251,0.605,62
73,0.8,1.5,Biologically constrained latent SCM,0.8860457313011464,0.841,0.46401230752141787,0.5806451612903226,0.11529630882377735,0.024894397861662372,0.32832897977373204,0.603,62
73,0.8,1.5,Data-generating oracle (reference),,0.838,0.4558818028152902,0.4032258064516129,0.1129500428154056,0.025483959260942705,0.355790518966931,0.6,62
74,0.8,1.5,Associative latent class model,,0.646,0.08126639321960032,0.896551724137931,0.2828226886650731,0.2927632627873612,0.19498847755077459,0.357,58
74,0.8,1.5,Renal-adjusted associative latent class model,0.8638487791565589,0.813,0.39043573129894144,0.5862068965517241,0.1265674202711217,0.03421584972650678,0.3438639206907598,0.592,58
74,0.8,1.5,Biologically constrained latent SCM,0.8653547240471312,0.813,0.39002185159844205,0.5689655172413793,0.1256706269308801,0.03244971607984496,0.34577555596877174,0.612,58
74,0.8,1.5,Data-generating oracle (reference),,0.809,0.38067274469052165,0.5,0.12582478170355638,0.045564878201013584,0.3631234651168338,0.58,58
75,0.8,1.5,Associative latent class model,,0.606,0.037838424630525135,0.7741935483870968,0.32814954503368415,0.3327717435073248,0.15954148059341783,0.307,62
75,0.8,1.5,Renal-adjusted associative latent class model,0.7522393016921882,0.82,0.40874764278950193,0.41935483870967744,0.12552202477058932,0.0578498185279402,0.34517661149041107,0.553,62
75,0.8,1.5,Biologically constrained latent SCM,0.7456672165553934,0.822,0.41386917763937553,0.41935483870967744,0.12556696031229905,0.05646899549239196,0.34791036186714025,0.555,62
75,0.8,1.5,Data-generating oracle (reference),,0.839,0.4577262111901569,0.5161290322580645,0.11485353109289315,0.019469254667773522,0.33669089960618986,0.624,62
76,0.8,1.5,Associative latent class model,,0.643,0.07784998504410323,0.8771929824561403,0.2825724911824027,0.29804557576881896,0.17919938035436905,0.332,57
76,0.8,1.5,Renal-adjusted associative latent class model,0.6522479882936778,0.847,0.48074240414563185,0.22807017543859648,0.11597526471259031,0.03326297244715733,0.38295890060362514,0.58,57
76,0.8,1.5,Biologically constrained latent SCM,0.7596911791222283,0.848,0.4835174323433356,0.43859649122807015,0.1089432580568621,0.018383917287580296,0.3568235272259832,0.581,57
76,0.8,1.5,Data-generating oracle (reference),,0.853,0.49723485814273843,0.47368421052631576,0.10678846498336808,0.013974090621408513,0.3427513671635589,0.61,57
77,0.8,1.5,Associative latent class model,,0.631,0.0639517847928063,0.875,0.2998039426264332,0.308038995145992,0.19875608253390734,0.351,64
77,0.8,1.5,Renal-adjusted associative latent class model,0.7179888057795867,0.812,0.3885953772221121,0.359375,0.1345584928942092,0.07604957214860569,0.37153313581983044,0.542,64
77,0.8,1.5,Biologically constrained latent SCM,0.7201353501998036,0.809,0.38110428371310057,0.34375,0.1322322495015273,0.06923355857436017,0.37526549405252263,0.545,64
77,0.8,1.5,Data-generating oracle (reference),,0.824,0.4182423720438597,0.390625,0.12448046871982583,0.03277403481565219,0.3504547504157265,0.602,64
78,0.8,1.5,Associative latent class model,,0.666,0.10690423841772352,0.8545454545454545,0.2674406527306344,0.2765193382387971,0.17687532724514043,0.357,55
78,0.8,1.5,Renal-adjusted associative latent class model,0.8073703816918764,0.851,0.4912938835101307,0.41818181818181815,0.11099147218985891,0.024234824223197646,0.36308815602337063,0.622,55
78,0.8,1.5,Biologically constrained latent SCM,0.8516304181000244,0.838,0.45619584260421137,0.43636363636363634,0.11310990230380849,0.044775330050913824,0.33672459410844874,0.559,55
78,0.8,1.5,Data-generating oracle (reference),,0.86,0.5173720889219247,0.43636363636363634,0.10993995506994311,0.02493158500246467,0.3575910284953844,0.593,55
79,0.8,1.5,Associative latent class model,,0.612,0.045317520197186614,0.921875,0.3233280075319622,0.3361066450704765,0.15815481310109786,0.321,64
79,0.8,1.5,Renal-adjusted associative latent class model,0.7784556207739837,0.831,0.4367239337486359,0.375,0.11645977185291692,0.0271276812403752,0.3481581179101284,0.616,64
79,0.8,1.5,Biologically constrained latent SCM,0.809219697990265,0.831,0.4364736255420027,0.4375,0.11736115602137437,0.029140287224430184,0.34092388062220846,0.63,64
79,0.8,1.5,Data-generating oracle (reference),,0.831,0.4371385891936148,0.40625,0.11561184542419083,0.027961929327578433,0.34866407825134477,0.588,64
80,0.8,1.5,Associative latent class model,,0.628,0.06096527354373932,0.9491525423728814,0.29878976544055197,0.31882180359941187,0.1850957854263512,0.348,59
80,0.8,1.5,Renal-adjusted associative latent class model,0.6058323504150736,0.803,0.36637172884613484,0.22033898305084745,0.13180538554427346,0.06520255698616133,0.38739984061558236,0.549,59
80,0.8,1.5,Biologically constrained latent SCM,0.7339006101909902,0.839,0.4584063547113704,0.3559322033898305,0.11488324323974428,0.038313455876171375,0.36445573193476866,0.591,59
80,0.8,1.5,Data-generating oracle (reference),,0.856,0.5054577427982266,0.4067796610169492,0.11195097770177188,0.03619834928935893,0.36685011390035654,0.61,59
81,0.8,1.5,Associative latent class model,,0.648,0.08362259051323735,0.864406779661017,0.29594367459944365,0.29846040750314723,0.17967231669604725,0.351,59
81,0.8,1.5,Renal-adjusted associative latent class model,0.8111692251282564,0.83,0.432970777787845,0.4915254237288136,0.11909417201869212,0.032260082937127,0.3494740585218891,0.655,59
81,0.8,1.5,Biologically constrained latent SCM,0.8085525518457795,0.833,0.44071707363134366,0.4745762711864407,0.1207202730130792,0.04107822896149238,0.3501274813243163,0.664,59
81,0.8,1.5,Data-generating oracle (reference),,0.835,0.44666106670136585,0.4406779661016949,0.11868969603557707,0.029219731444302694,0.3592460804104999,0.642,59
82,0.8,1.5,Associative latent class model,,0.658,0.09561637785520276,0.639344262295082,0.2815598087219686,0.28981213793320504,0.16717043339794935,0.324,61
82,0.8,1.5,Renal-adjusted associative latent class model,0.7440309255256814,0.838,0.455965351361946,0.22950819672131148,0.1130302483774192,0.026099303868140925,0.3789505952683021,0.586,61
82,0.8,1.5,Biologically constrained latent SCM,0.7803714510818173,0.844,0.47258908176305175,0.32786885245901637,0.10932693222222556,0.040521676402149875,0.36537601644727996,0.562,61
82,0.8,1.5,Data-generating oracle (reference),,0.85,0.4888147741511526,0.39344262295081966,0.10679418415275467,0.017565296629591897,0.35495420389611243,0.606,61
83,0.8,1.5,Associative latent class model,,0.689,0.14102921419838474,0.859375,0.23850697590882122,0.24305655950928334,0.2128206739246736,0.386,64
83,0.8,1.5,Renal-adjusted associative latent class model,0.7822939733438371,0.834,0.4455610883820181,0.359375,0.11526290750598192,0.03987896530316671,0.3322245982712141,0.549,64
83,0.8,1.5,Biologically constrained latent SCM,0.759317189780753,0.828,0.42955931880311377,0.296875,0.11451988029791926,0.037600751561619156,0.34188750521311495,0.565,64
83,0.8,1.5,Data-generating oracle (reference),,0.829,0.43218412701770054,0.390625,0.11382245180266436,0.03051293051007392,0.35403616900740126,0.566,64
84,0.8,1.5,Associative latent class model,,0.734,0.21779071669665834,0.8,0.21331668676336416,0.2150012932194298,0.1940078149237657,0.385,55
84,0.8,1.5,Renal-adjusted associative latent class model,0.7811967133996524,0.824,0.4193266558496895,0.34545454545454546,0.11383370270187042,0.05450808657039358,0.3578538187257495,0.511,55
84,0.8,1.5,Biologically constrained latent SCM,0.8130486887349166,0.824,0.41932851584777286,0.41818181818181815,0.11583138719699031,0.047883603862729135,0.3405407141725642,0.507,55
84,0.8,1.5,Data-generating oracle (reference),,0.85,0.489338659519989,0.41818181818181815,0.11250120179729203,0.042259604283550314,0.3608284622379634,0.583,55
85,0.8,1.5,Associative latent class model,,0.591,0.02716644678277847,1.0,0.33847414382636976,0.36110275813800136,0.15200223587658826,0.32,64
85,0.8,1.5,Renal-adjusted associative latent class model,0.6423751213142066,0.825,0.42074404434490675,0.234375,0.1222154500810411,0.033086610039256364,0.3529627993871461,0.614,64
85,0.8,1.5,Biologically constrained latent SCM,0.6896237409067157,0.828,0.428363627921732,0.296875,0.11898806497941321,0.03437759141247082,0.3441847106201374,0.625,64
85,0.8,1.5,Data-generating oracle (reference),,0.841,0.46325052985572657,0.484375,0.11480646540650334,0.01601392762087048,0.3487118946130705,0.626,64
86,0.8,1.5,Associative latent class model,,0.634,0.0672283587395603,0.8688524590163934,0.3035506863271887,0.3159508829411625,0.16751303391029465,0.339,61
86,0.8,1.5,Renal-adjusted associative latent class model,0.8251348349806594,0.836,0.4477745664630522,0.5409836065573771,0.11823727826704294,0.08014505464053111,0.3114551838394633,0.697,61
86,0.8,1.5,Biologically constrained latent SCM,0.8295503375011851,0.834,0.44257721824519536,0.5409836065573771,0.11780883827690915,0.07815277518909627,0.3096818323435934,0.691,61
86,0.8,1.5,Data-generating oracle (reference),,0.854,0.4996622304563271,0.47540983606557374,0.10616298135498556,0.02355820360011135,0.3505782376117252,0.621,61
87,0.8,1.5,Associative latent class model,,0.722,0.1959608063473688,0.8666666666666667,0.2067310937598015,0.20241210581569538,0.22252999155293202,0.436,60
87,0.8,1.5,Renal-adjusted associative latent class model,0.8404479379311662,0.851,0.49113033879691614,0.5333333333333333,0.11248558065303879,0.04156643119679908,0.32334592191479966,0.639,60
87,0.8,1.5,Biologically constrained latent SCM,0.840515135628082,0.842,0.4659338959761443,0.5333333333333333,0.11428127239886851,0.044790400117130084,0.32462657046375704,0.648,60
87,0.8,1.5,Data-generating oracle (reference),,0.852,0.49433675988160874,0.43333333333333335,0.10989114227538206,0.020605549159723832,0.3471289491406232,0.614,60
88,0.8,1.5,Associative latent class model,,0.633,0.06630880921620062,1.0,0.30408165595382153,0.3253687646761494,0.1396472565927005,0.332,53
88,0.8,1.5,Renal-adjusted associative latent class model,0.7940002736382031,0.864,0.5284397142563411,0.33962264150943394,0.10166707462041087,0.041410839719032484,0.3520654731924545,0.631,53
88,0.8,1.5,Biologically constrained latent SCM,0.8146798521400157,0.869,0.5430988586243798,0.37735849056603776,0.10200529763071205,0.04710475024196622,0.34459360059727673,0.634,53
88,0.8,1.5,Data-generating oracle (reference),,0.864,0.5289325514938839,0.33962264150943394,0.09783352539641821,0.037004759039622484,0.34532488833143704,0.597,53
89,0.8,1.5,Associative latent class model,,0.692,0.145238669021696,0.8333333333333334,0.24547487044818708,0.24742502679694076,0.19403611761272077,0.385,60
89,0.8,1.5,Renal-adjusted associative latent class model,0.8384124255076609,0.843,0.4697983336098188,0.5333333333333333,0.11346916577826992,0.04416036025825218,0.3138780835685623,0.566,60
89,0.8,1.5,Biologically constrained latent SCM,0.8180439129211687,0.847,0.48078341500863353,0.48333333333333334,0.11243835037360343,0.03024879633802487,0.3268443462898043,0.574,60
89,0.8,1.5,Data-generating oracle (reference),,0.852,0.49436048226967805,0.43333333333333335,0.1059884962612074,0.02150470993373853,0.3489127920276425,0.611,60
90,0.8,1.5,Associative latent class model,,0.625,0.05761737011862906,0.9574468085106383,0.3121399079538911,0.3274955361403748,0.16331924209986415,0.296,47
90,0.8,1.5,Renal-adjusted associative latent class model,0.8651585925399076,0.813,0.38923578366221245,0.7446808510638298,0.1337429383094807,0.07733102426944602,0.3372066215322326,0.682,47
90,0.8,1.5,Biologically constrained latent SCM,0.8518943585548423,0.809,0.37885719656659955,0.7021276595744681,0.13610510024877512,0.08738989867804871,0.33875259023709103,0.698,47
90,0.8,1.5,Data-generating oracle (reference),,0.821,0.4109207879274415,0.5957446808510638,0.12637137391037417,0.039377972038340675,0.35515981884465314,0.606,47
91,0.8,1.5,Associative latent class model,,0.659,0.09826067198453767,0.8309859154929577,0.27783838690157653,0.2823383018103318,0.19024771797128204,0.366,71
91,0.8,1.5,Renal-adjusted associative latent class model,0.8316813177583741,0.804,0.36904614673443287,0.5070422535211268,0.1356489221988542,0.09088772203990837,0.32058540255126705,0.509,71
91,0.8,1.5,Biologically constrained latent SCM,0.7255834476786932,0.829,0.43234236223256317,0.28169014084507044,0.11684545238037078,0.06340213008744815,0.37899207905998955,0.532,71
91,0.8,1.5,Data-generating oracle (reference),,0.842,0.4667226446809877,0.39436619718309857,0.10999850431133987,0.028272771090472573,0.3468807335776204,0.597,71
92,0.8,1.5,Associative latent class model,,0.587,0.022174583013164023,0.9,0.3469692775487016,0.3629961491603512,0.1500502086081304,0.307,60
92,0.8,1.5,Renal-adjusted associative latent class model,0.7831163469214913,0.823,0.4150736257457767,0.31666666666666665,0.12044852723282651,0.01827831860539686,0.3552958937665401,0.621,60
92,0.8,1.5,Biologically constrained latent SCM,0.7922811015550171,0.824,0.41764361409656275,0.31666666666666665,0.12009694394741434,0.019382700990609365,0.3543402727910421,0.622,60
92,0.8,1.5,Data-generating oracle (reference),,0.828,0.42862224857017983,0.31666666666666665,0.11866289603438966,0.020296877761781355,0.35662742375502615,0.602,60
93,0.8,1.5,Associative latent class model,,0.608,0.040376928244100746,0.7142857142857143,0.3239484238412053,0.3271437822628267,0.17417868558381303,0.287,63
93,0.8,1.5,Renal-adjusted associative latent class model,0.635451123399409,0.81,0.3827636445720828,0.12698412698412698,0.12992760811441562,0.03470332748292692,0.3614326853909349,0.617,63
93,0.8,1.5,Biologically constrained latent SCM,0.7536832049584035,0.83,0.4341638682585252,0.2857142857142857,0.11694476808441519,0.03479699273296203,0.3459496955936148,0.613,63
93,0.8,1.5,Data-generating oracle (reference),,0.843,0.46926362517516723,0.31746031746031744,0.11462373091930905,0.02748257091291147,0.3598801193902575,0.612,63
94,0.8,1.5,Associative latent class model,,0.696,0.15157077171412045,0.8333333333333334,0.2356739720018287,0.24376275934238734,0.19505659275802925,0.38,60
94,0.8,1.5,Renal-adjusted associative latent class model,0.8250556697597348,0.853,0.4976841498544211,0.4,0.10483890747456982,0.024916771159059034,0.34040734916996557,0.571,60
94,0.8,1.5,Biologically constrained latent SCM,0.85632247355419,0.858,0.5119465997675414,0.43333333333333335,0.10536002671262434,0.029733402261242204,0.3296825314433986,0.568,60
94,0.8,1.5,Data-generating oracle (reference),,0.852,0.49468030423567033,0.38333333333333336,0.10304713066982543,0.02811557817194377,0.3573217857016996,0.592,60
95,0.8,1.5,Associative latent class model,,0.644,0.07957147279249552,0.8305084745762712,0.2915971472650722,0.2916265683993294,0.16903717604235652,0.313,59
95,0.8,1.5,Renal-adjusted associative latent class model,0.6759740515506991,0.808,0.37884289795879916,0.1864406779661017,0.1268152026376639,0.06811011449072141,0.37445885489098896,0.509,59
95,0.8,1.5,Biologically constrained latent SCM,0.7397011276174675,0.816,0.39883321227562696,0.2711864406779661,0.12582608483156563,0.08269063201047434,0.35558082421010845,0.495,59
95,0.8,1.5,Data-generating oracle (reference),,0.833,0.44278782768745784,0.3559322033898305,0.1142311024286815,0.025979578579090626,0.34810891190180165,0.572,59
96,0.8,1.5,Associative latent class model,,0.684,0.13377646988507524,0.9838709677419355,0.24511178664059924,0.2678932804713138,0.19602789740942164,0.428,62
96,0.8,1.5,Renal-adjusted associative latent class model,0.8986879056627859,0.839,0.45696186265199334,0.8064516129032258,0.11609773575718771,0.04680760776432043,0.29524697901136854,0.649,62
96,0.8,1.5,Biologically constrained latent SCM,0.8793129388624109,0.844,0.46997171898173606,0.7580645161290323,0.11088994126277331,0.043121835868556974,0.3086570290204703,0.672,62
96,0.8,1.5,Data-generating oracle (reference),,0.848,0.4823226508473196,0.6290322580645161,0.10404238868013851,0.02539832231678841,0.33857346384695114,0.63,62
97,0.8,1.5,Associative latent class model,,0.661,0.10023146329189898,0.9607843137254902,0.2635404644318594,0.28294121073186257,0.20540697282639106,0.387,51
97,0.8,1.5,Renal-adjusted associative latent class model,0.8173513673368448,0.848,0.4824565038577194,0.5294117647058824,0.11309145460169542,0.03204472243623606,0.3431584498390345,0.612,51
97,0.8,1.5,Biologically constrained latent SCM,0.7739459999931738,0.843,0.46783036844080345,0.47058823529411764,0.11329670269404483,0.03627102732491799,0.35886847756120177,0.637,51
97,0.8,1.5,Data-generating oracle (reference),,0.845,0.4736183013479165,0.47058823529411764,0.11086859334939878,0.02170711393445916,0.36150668271540903,0.629,51
98,0.8,1.5,Associative latent class model,,0.609,0.0401954253481028,0.9259259259259259,0.3281897785256757,0.34496148485928424,0.14367992211611846,0.331,54
98,0.8,1.5,Renal-adjusted associative latent class model,0.817716440902176,0.828,0.4272402868779085,0.4074074074074074,0.11554883906880863,0.029476975626198172,0.3616373187510991,0.638,54
98,0.8,1.5,Biologically constrained latent SCM,0.8513100746649722,0.828,0.4273870987771573,0.5555555555555556,0.11539708301160033,0.033451406516611944,0.35268061587212846,0.634,54
98,0.8,1.5,Data-generating oracle (reference),,0.832,0.43800176327572704,0.46296296296296297,0.11486431807526835,0.03401784971756574,0.3495692033241103,0.634,54
99,0.8,1.5,Associative latent class model,,0.694,0.1485877720698774,0.7903225806451613,0.2379528228628226,0.23913172803206256,0.20317683693044186,0.369,62
99,0.8,1.5,Renal-adjusted associative latent class model,0.6272497847730101,0.833,0.4430054163738517,0.20967741935483872,0.12483969452224375,0.07811968430833433,0.3678737167214341,0.49,62
99,0.8,1.5,Biologically constrained latent SCM,0.6361886651029522,0.828,0.42977141583631967,0.22580645161290322,0.1243257028950432,0.07938220249343017,0.36605491252370437,0.489,62
99,0.8,1.5,Data-generating oracle (reference),,0.846,0.4780761932725218,0.45161290322580644,0.11048768503566057,0.021078060434300088,0.35678289226741905,0.583,62
100,0.8,1.5,Associative latent class model,,0.69,0.14261616077914518,0.8571428571428571,0.2419059352238873,0.24302207180058477,0.22020322383799742,0.382,63
100,0.8,1.5,Renal-adjusted associative latent class model,0.7727858550604172,0.839,0.4590425417735415,0.2698412698412698,0.11076424148129718,0.029799510493382236,0.3282654318072867,0.551,63
100,0.8,1.5,Biologically constrained latent SCM,0.7499055501110421,0.841,0.46439746970559176,0.2698412698412698,0.10948836947059706,0.021575875657202575,0.33639108656783456,0.569,63
100,0.8,1.5,Data-generating oracle (reference),,0.845,0.47519535651944184,0.3333333333333333,0.10927534137715048,0.027165529691228135,0.35415616759113516,0.597,63
101,0.8,1.5,Associative latent class model,,0.673,0.11731915488282513,1.0,0.2686923716316625,0.27936109939490134,0.18265608564707667,0.378,54
101,0.8,1.5,Renal-adjusted associative latent class model,0.8851675813561177,0.81,0.3821924977875747,0.7592592592592593,0.13061149453455126,0.06060334957607234,0.3217702908586688,0.649,54
101,0.8,1.5,Biologically constrained latent SCM,0.7127709158081914,0.808,0.3775611586846888,0.2962962962962963,0.1293145574327092,0.03663848832075127,0.37525763439726795,0.633,54
101,0.8,1.5,Data-generating oracle (reference),,0.82,0.4078701678740019,0.42592592592592593,0.12264164078902116,0.034764154193476254,0.36222837564241267,0.629,54
102,0.8,1.5,Associative latent class model,,0.633,0.0658405533986953,0.9038461538461539,0.306115270535149,0.31647947380458447,0.17673961491934034,0.327,52
102,0.8,1.5,Renal-adjusted associative latent class model,0.8492585953751498,0.82,0.40868210665973964,0.5576923076923077,0.12985797257404857,0.049471746102866296,0.3296412918285415,0.564,52
102,0.8,1.5,Biologically constrained latent SCM,0.7935307176554933,0.814,0.392855651700663,0.4230769230769231,0.12486306567111348,0.030759258723906696,0.35348963568801695,0.604,52
102,0.8,1.5,Data-generating oracle (reference),,0.816,0.3976388539977919,0.4423076923076923,0.12403826173212258,0.03144157386891776,0.3535103099119061,0.618,52
103,0.8,1.5,Associative latent class model,,0.673,0.1173340227714242,0.9622641509433962,0.2538946381969177,0.26670646570578166,0.20737661838649132,0.384,53
103,0.8,1.5,Renal-adjusted associative latent class model,0.8864688683504386,0.823,0.4162705163041094,0.6226415094339622,0.12871129306569273,0.04642490315806461,0.34984039708444803,0.58,53
103,0.8,1.5,Biologically constrained latent SCM,0.832164786556478,0.827,0.42630003881105283,0.41509433962264153,0.12317315937811676,0.019207734032517857,0.37322244644361435,0.608,53
103,0.8,1.5,Data-generating oracle (reference),,0.828,0.4288451420750311,0.33962264150943394,0.12306910274246287,0.025393363034630505,0.3600960580853548,0.613,53
104,0.8,1.5,Associative latent class model,,0.621,0.05501720762950988,0.9649122807017544,0.3570922058498285,0.3628327327750176,0.06424103189307101,0.298,57
104,0.8,1.5,Renal-adjusted associative latent class model,0.7585275119515783,0.843,0.469970034725612,0.40350877192982454,0.10929017903331499,0.03644949953039665,0.3775545522087766,0.554,57
104,0.8,1.5,Biologically constrained latent SCM,0.7558674021270696,0.849,0.4864531574297525,0.38596491228070173,0.11025235602568477,0.026592954737729768,0.382473929648111,0.584,57
104,0.8,1.5,Data-generating oracle (reference),,0.849,0.4864760617748328,0.43859649122807015,0.10857310258619503,0.02181412941806979,0.35793546658384107,0.58,57
105,0.8,1.5,Associative latent class model,,0.618,0.04874023433511804,0.9166666666666666,0.3028610856850953,0.3192032768711928,0.16516803154656554,0.325,48
105,0.8,1.5,Renal-adjusted associative latent class model,0.8095736713220648,0.853,0.4960779243399638,0.3333333333333333,0.10513023195813086,0.0319223493811414,0.36255537422228945,0.634,48
105,0.8,1.5,Biologically constrained latent SCM,0.8556685631756819,0.848,0.4817837333902573,0.5416666666666666,0.10563999843843487,0.031788176756355355,0.345277832145679,0.641,48
105,0.8,1.5,Data-generating oracle (reference),,0.856,0.5049181387015038,0.375,0.1035402134093873,0.027058754543097287,0.3532017102787627,0.623,48
106,0.8,1.5,Associative latent class model,,0.619,0.050856361378493024,0.8947368421052632,0.31922810656916567,0.33314421206783973,0.154776973375541,0.324,57
106,0.8,1.5,Renal-adjusted associative latent class model,0.8573863082769599,0.848,0.4812222411737124,0.5614035087719298,0.11110787413709369,0.05086213648139775,0.32769176733605837,0.677,57
106,0.8,1.5,Biologically constrained latent SCM,0.8745275444571246,0.842,0.46468477105537914,0.6491228070175439,0.11122428443453859,0.0382208572468176,0.32492190353650335,0.673,57
106,0.8,1.5,Data-generating oracle (reference),,0.845,0.4747250288782952,0.47368421052631576,0.10794432500861788,0.026863647768376044,0.35048580349931446,0.6,57
107,0.8,1.5,Associative latent class model,,0.628,0.06087557048283785,0.8596491228070176,0.3177780890639674,0.3288600199479381,0.125278507099157,0.311,57
107,0.8,1.5,Renal-adjusted associative latent class model,0.7982660560661897,0.858,0.5115328582597263,0.3157894736842105,0.10012718701793735,0.027246757307244976,0.3468304062161768,0.609,57
107,0.8,1.5,Biologically constrained latent SCM,0.7829180881347662,0.848,0.48276446039836046,0.3157894736842105,0.10373570190543026,0.03931092351793254,0.3507784150180647,0.641,57
107,0.8,1.5,Data-generating oracle (reference),,0.856,0.5059006384216322,0.3157894736842105,0.09901250314110968,0.024197458970069568,0.3578363132130754,0.601,57
108,0.8,1.5,Associative latent class model,,0.693,0.1470017215697432,0.9137931034482759,0.23680282883137707,0.23693987456608595,0.21886004414695628,0.392,58
108,0.8,1.5,Renal-adjusted associative latent class model,0.8639315192202274,0.83,0.4328715569001171,0.603448275862069,0.11889164149660013,0.07672563510941771,0.3025875212997669,0.681,58
108,0.8,1.5,Biologically constrained latent SCM,0.8640682026137051,0.832,0.43824080028955475,0.5862068965517241,0.11912843411286186,0.07615796770479659,0.3027489981538041,0.679,58
108,0.8,1.5,Data-generating oracle (reference),,0.852,0.4945907185357955,0.3620689655172414,0.10769710676561695,0.02064296409406434,0.3471817382315769,0.595,58
109,0.8,1.5,Associative latent class model,,0.649,0.08374917010228909,0.8333333333333334,0.27075229205681206,0.28588730166684817,0.21368493518105447,0.339,48
109,0.8,1.5,Renal-adjusted associative latent class model,0.7338528869201121,0.844,0.472588860066084,0.4791666666666667,0.11792376957030704,0.07279909325374806,0.3347885314256341,0.552,48
109,0.8,1.5,Biologically constrained latent SCM,0.6756129491645801,0.838,0.45590287152784725,0.3125,0.11308768594056873,0.03955467323366945,0.3582206447703658,0.576,48
109,0.8,1.5,Data-generating oracle (reference),,0.848,0.4830121030644513,0.4583333333333333,0.10939916922314548,0.04010487041655924,0.3531795743979791,0.6,48
110,0.8,1.5,Associative latent class model,,0.614,0.04835555855102962,0.9411764705882353,0.32784066865774664,0.3387712669150465,0.12780961762744886,0.316,68
110,0.8,1.5,Renal-adjusted associative latent class model,0.835754162547215,0.813,0.3903765463396175,0.5294117647058824,0.1261604814142235,0.05536925524102633,0.33903448167151373,0.633,68
110,0.8,1.5,Biologically constrained latent SCM,0.8466294237937465,0.81,0.3827831454003052,0.5294117647058824,0.12781313644349204,0.06361772004330872,0.3365232893869258,0.64,68
110,0.8,1.5,Data-generating oracle (reference),,0.826,0.4239776756857019,0.45588235294117646,0.12280754745103473,0.03819876912022824,0.3488485015133399,0.608,68
111,0.8,1.5,Associative latent class model,,0.673,0.1184369994687377,0.9512195121951219,0.24727297005240395,0.24957982899121198,0.21926026258604275,0.413,82
111,0.8,1.5,Renal-adjusted associative latent class model,0.9168118201332481,0.824,0.41892971293750714,0.6219512195121951,0.12914740493455243,0.053039272001789525,0.30298519261448237,0.606,82
111,0.8,1.5,Biologically constrained latent SCM,0.8832186760096723,0.825,0.4211804708554586,0.4878048780487805,0.12463987008231654,0.07069132202140728,0.32174281387685033,0.645,82
111,0.8,1.5,Data-generating oracle (reference),,0.852,0.4948885503945264,0.3170731707317073,0.11218092626731231,0.0310365051007198,0.34264092573274735,0.586,82
112,0.8,1.5,Associative latent class model,,0.601,0.03453258110483532,0.9444444444444444,0.35227550928475115,0.35870967632153344,0.11628019791906806,0.295,54
112,0.8,1.5,Renal-adjusted associative latent class model,0.7247789436373769,0.827,0.42574269263118747,0.2962962962962963,0.12530232898457472,0.031327681919994646,0.35611848943426183,0.637,54
112,0.8,1.5,Biologically constrained latent SCM,0.7675610773882325,0.83,0.43363331711726083,0.37037037037037035,0.11916272399312222,0.02743249852904536,0.3522398008252627,0.638,54
112,0.8,1.5,Data-generating oracle (reference),,0.836,0.45020865565668644,0.4444444444444444,0.11554607156434878,0.02613130762968997,0.3514904549239234,0.608,54
113,0.8,1.5,Associative latent class model,,0.611,0.041618376816303426,0.6212121212121212,0.33511151952892965,0.33836218906684534,0.15269397080597133,0.298,66
113,0.8,1.5,Renal-adjusted associative latent class model,0.6998675208554042,0.831,0.4369181140705232,0.22727272727272727,0.12135126419815248,0.03349217862957483,0.37827077395994957,0.59,66
113,0.8,1.5,Biologically constrained latent SCM,0.7663853829945466,0.834,0.44538234266670207,0.3333333333333333,0.12033958830529803,0.052061082542180157,0.3626890328066051,0.557,66
113,0.8,1.5,Data-generating oracle (reference),,0.834,0.44471514129541523,0.3787878787878788,0.11661221897524396,0.02815462158816859,0.3496039468878181,0.601,66
114,0.8,1.5,Associative latent class model,,0.587,0.021452963759654886,0.7833333333333333,0.3575662503276194,0.36483387976728904,0.13191036671097153,0.288,60
114,0.8,1.5,Renal-adjusted associative latent class model,0.7423377085497207,0.832,0.4369014519507612,0.3333333333333333,0.1146607207194647,0.05005712698900264,0.3378016666929879,0.685,60
114,0.8,1.5,Biologically constrained latent SCM,0.7951907883387396,0.849,0.48371051058035985,0.43333333333333335,0.10855244844476138,0.040374078230915204,0.3291198470436565,0.68,60
114,0.8,1.5,Data-generating oracle (reference),,0.846,0.47680263120092,0.45,0.10600082730045145,0.02145317213111439,0.3552100841019526,0.629,60
115,0.8,1.5,Associative latent class model,,0.619,0.050913053905501736,0.9056603773584906,0.31546408983762136,0.32352257752977126,0.16441888905601035,0.31,53
115,0.8,1.5,Renal-adjusted associative latent class model,0.8291521952981828,0.834,0.4449238436187022,0.5094339622641509,0.11646217857546558,0.028453631582321025,0.35060308339393054,0.599,53
115,0.8,1.5,Biologically constrained latent SCM,0.8288515111451664,0.835,0.4473215623318238,0.5094339622641509,0.11573639687238964,0.02414470038638205,0.35159697122487404,0.616,53
115,0.8,1.5,Data-generating oracle (reference),,0.839,0.45833799627186006,0.4716981132075472,0.11405947015490278,0.0193044611473845,0.3454417210645562,0.604,53
116,0.8,1.5,Associative latent class model,,0.702,0.16139150030017027,0.819672131147541,0.22775858574640875,0.22571538101643704,0.20908619036960663,0.419,61
116,0.8,1.5,Renal-adjusted associative latent class model,0.8430449898453156,0.846,0.4768909928555641,0.5081967213114754,0.10858582969555751,0.03983329501030914,0.2860103101009439,0.623,61
116,0.8,1.5,Biologically constrained latent SCM,0.8344703643988758,0.851,0.49081264619398246,0.47540983606557374,0.10732075038921049,0.03584201283007119,0.29224604675585353,0.626,61
116,0.8,1.5,Data-generating oracle (reference),,0.849,0.48504158046850215,0.4918032786885246,0.10617760856753632,0.02169746586045456,0.3353136559348484,0.632,61
117,0.8,1.5,Associative latent class model,,0.62,0.05254728302884995,0.8,0.34569151179846386,0.3483708636177568,0.10009808828323345,0.3,60
117,0.8,1.5,Renal-adjusted associative latent class model,0.8323227010770394,0.85,0.48870006038784564,0.4,0.10297597911495146,0.031917250426636824,0.3322222675849104,0.62,60
117,0.8,1.5,Biologically constrained latent SCM,0.8225059175087722,0.849,0.4858833932854868,0.36666666666666664,0.10338412587610622,0.03087478808636986,0.33634988175815195,0.621,60
117,0.8,1.5,Data-generating oracle (reference),,0.856,0.5059876330740094,0.3,0.10218459814459317,0.02392487871527651,0.34562820551199175,0.594,60
118,0.8,1.5,Associative latent class model,,0.674,0.11796842277159215,0.6964285714285714,0.2586367581674197,0.2627216570669215,0.19477332167350853,0.327,56
118,0.8,1.5,Renal-adjusted associative latent class model,0.7246827300055301,0.832,0.4401186975646772,0.32142857142857145,0.11960655131991191,0.028543889955752907,0.3593343211960555,0.569,56
118,0.8,1.5,Biologically constrained latent SCM,0.7751215364207198,0.84,0.46161249375024277,0.39285714285714285,0.11698602677220807,0.030059746125365265,0.3460010200612996,0.575,56
118,0.8,1.5,Data-generating oracle (reference),,0.835,0.4477844582735152,0.44642857142857145,0.11636580197398601,0.02834392189520187,0.34850574144200275,0.61,56
119,0.8,1.5,Associative latent class model,,0.675,0.1204636722224471,0.9230769230769231,0.2590030223160667,0.26676856912530583,0.21566409352564125,0.404,65
119,0.8,1.5,Renal-adjusted associative latent class model,0.6230633688553734,0.825,0.4216374220618701,0.2,0.1219464639981264,0.05194622330418943,0.3954915956234484,0.56,65
119,0.8,1.5,Biologically constrained latent SCM,0.6655106575610953,0.833,0.44270489538167057,0.26153846153846155,0.11858519485132385,0.04654194116421008,0.38589226461176346,0.562,65
119,0.8,1.5,Data-generating oracle (reference),,0.846,0.4770837803031487,0.4153846153846154,0.11346005064668017,0.02310744973233726,0.3595565105366178,0.629,65
120,0.8,1.5,Associative latent class model,,0.659,0.09843435893059801,0.7323943661971831,0.2791530573146426,0.27872103027785333,0.1800998793459781,0.331,71
120,0.8,1.5,Renal-adjusted associative latent class model,0.794987787673725,0.829,0.4322381364057846,0.36619718309859156,0.12089074529788692,0.03508268114912446,0.33274006243320886,0.565,71
120,0.8,1.5,Biologically constrained latent SCM,0.8012414974667533,0.824,0.41907279050777607,0.38028169014084506,0.12027227494378906,0.036806363912385426,0.33195215232428305,0.58,71
120,0.8,1.5,Data-generating oracle (reference),,0.834,0.4454178983077046,0.38028169014084506,0.11547326876396746,0.02376059335923955,0.3491106168379928,0.582,71
121,0.8,1.5,Associative latent class model,,0.597,0.03150152718309304,0.921875,0.33604424034377733,0.35123341412516934,0.16326472136332268,0.32,64
121,0.8,1.5,Renal-adjusted associative latent class model,0.8054275058509381,0.828,0.42885982794172756,0.421875,0.11907254096116335,0.03276630458399218,0.3410537822712523,0.599,64
121,0.8,1.5,Biologically constrained latent SCM,0.7887786546559483,0.826,0.4231959479096984,0.40625,0.11891083685362654,0.027152747487015506,0.34782875826468784,0.619,64
121,0.8,1.5,Data-generating oracle (reference),,0.826,0.42337256164279885,0.4375,0.11669282231049351,0.024260600886947935,0.3515766128943294,0.611,64
122,0.8,1.5,Associative latent class model,,0.616,0.04847600553085626,1.0,0.3269796225928426,0.34743097898785286,0.13872227035011217,0.329,55
122,0.8,1.5,Renal-adjusted associative latent class model,0.7889128230294944,0.84,0.4595359997875203,0.4909090909090909,0.11614007933121423,0.04729415391414275,0.3536695265860939,0.665,55
122,0.8,1.5,Biologically constrained latent SCM,0.8056279047391615,0.842,0.465187647347359,0.509090909090909,0.11365516630042187,0.03922046692042928,0.34843701659857146,0.659,55
122,0.8,1.5,Data-generating oracle (reference),,0.849,0.4857542844860554,0.509090909090909,0.11034570543533516,0.02667781221375103,0.35320717804062124,0.608,55
123,0.8,1.5,Associative latent class model,,0.626,0.059094939986145796,0.9516129032258065,0.3081203106420371,0.3293491573282785,0.1526330945615925,0.353,62
123,0.8,1.5,Renal-adjusted associative latent class model,0.824950598805338,0.839,0.4568242019331662,0.532258064516129,0.11560838045371889,0.032845463062686,0.3396251976762575,0.658,62
123,0.8,1.5,Biologically constrained latent SCM,0.8320860914703999,0.841,0.4620510923866707,0.532258064516129,0.11665749123857352,0.041477407015043946,0.33754760857877003,0.666,62
123,0.8,1.5,Data-generating oracle (reference),,0.838,0.45478998420739436,0.45161290322580644,0.11434446813515037,0.024918251493309646,0.3425813156340612,0.633,62
124,0.8,1.5,Associative latent class model,,0.662,0.10225409336215673,0.9661016949152542,0.26910969109753313,0.2790451347967314,0.18534527858352362,0.38,59
124,0.8,1.5,Renal-adjusted associative latent class model,0.8533462203672957,0.848,0.48323389028412655,0.5423728813559322,0.10843963577498374,0.020447710938614104,0.3515147344325455,0.596,59
124,0.8,1.5,Biologically constrained latent SCM,0.8502225055338152,0.846,0.4774522561416834,0.5423728813559322,0.10761494934409072,0.01886013908121798,0.3545255619532561,0.61,59
124,0.8,1.5,Data-generating oracle (reference),,0.854,0.5000053768503174,0.3898305084745763,0.10463941281761487,0.017848747198137966,0.35779917510463644,0.604,59
125,0.8,1.5,Associative latent class model,,0.65,0.08604131975122974,0.8723404255319149,0.2861409333662192,0.28781245811683237,0.1599171265529057,0.313,47
125,0.8,1.5,Renal-adjusted associative latent class model,0.8232757784108025,0.846,0.4772401818643393,0.44680851063829785,0.11315691241151564,0.05634087087918833,0.3153714653157349,0.649,47
125,0.8,1.5,Biologically constrained latent SCM,0.8225275664051107,0.845,0.4744825921784324,0.46808510638297873,0.11201053917931307,0.055064575904809995,0.31610080078325653,0.648,47
125,0.8,1.5,Data-generating oracle (reference),,0.854,0.5003063685895827,0.40425531914893614,0.10550630535401594,0.0171440225394978,0.3446505027494833,0.599,47
126,0.8,1.5,Associative latent class model,,0.654,0.09026152102502287,0.8235294117647058,0.292663412159179,0.3033410578079915,0.14852086215380486,0.338,51
126,0.8,1.5,Renal-adjusted associative latent class model,0.839007795064879,0.849,0.48585817123243796,0.49019607843137253,0.11243234178085235,0.028603488649416392,0.3420919614130511,0.603,51
126,0.8,1.5,Biologically constrained latent SCM,0.8299652184433187,0.848,0.4827944160495125,0.43137254901960786,0.1109303974897562,0.026329779148018585,0.349891535743136,0.618,51
126,0.8,1.5,Data-generating oracle (reference),,0.852,0.49383458959850624,0.39215686274509803,0.11059073679025865,0.03250961513896254,0.3374915769361528,0.628,51
127,0.8,1.5,Associative latent class model,,0.692,0.1448350591795507,0.8367346938775511,0.24748208432704383,0.2530720824080058,0.195814863304223,0.358,49
127,0.8,1.5,Renal-adjusted associative latent class model,0.7960067411561138,0.846,0.47809045294029745,0.3673469387755102,0.11227145512861125,0.026837864410097716,0.31709658564519,0.57,49
127,0.8,1.5,Biologically constrained latent SCM,0.7936204388261947,0.847,0.48082748156760113,0.32653061224489793,0.11224064922756007,0.028854745722306948,0.3206998830602919,0.575,49
127,0.8,1.5,Data-generating oracle (reference),,0.84,0.4613818703549905,0.40816326530612246,0.11113218111892781,0.03220590722358897,0.3485843041424024,0.594,49
128,0.8,1.5,Associative latent class model,,0.668,0.11001709368580653,0.765625,0.2564865965430083,0.26355287018580265,0.21569355697736017,0.384,64
128,0.8,1.5,Renal-adjusted associative latent class model,0.8130612862306309,0.816,0.39825954882901027,0.390625,0.1351254364867943,0.061832146625973916,0.31514054689357535,0.576,64
128,0.8,1.5,Biologically constrained latent SCM,0.8074116247651205,0.816,0.3980586924743565,0.375,0.13306949904721876,0.05828816060577846,0.319105450964199,0.588,64
128,0.8,1.5,Data-generating oracle (reference),,0.822,0.41318096126730636,0.390625,0.12872890922338784,0.037404465668369274,0.35199979536370446,0.6,64
129,0.8,1.5,Associative latent class model,,0.707,0.16978247925916598,0.8135593220338984,0.23575640142884022,0.24090326807474152,0.183455459772138,0.371,59
129,0.8,1.5,Renal-adjusted associative latent class model,0.7916960454291563,0.813,0.39127600073762303,0.4406779661016949,0.13274145940520504,0.0722825254559488,0.33160232361400394,0.499,59
129,0.8,1.5,Biologically constrained latent SCM,0.7763047635023679,0.818,0.4039062883361239,0.423728813559322,0.13095812276437926,0.06937613716639769,0.3412586479554635,0.508,59
129,0.8,1.5,Data-generating oracle (reference),,0.814,0.39347772011514126,0.5084745762711864,0.12611821325470932,0.035943296893197,0.34628834965594124,0.594,59
130,0.8,1.5,Associative latent class model,,0.678,0.12394102143478562,0.819672131147541,0.25927900263557635,0.264824152273263,0.18334964219459668,0.37,61
130,0.8,1.5,Renal-adjusted associative latent class model,0.8076853562022801,0.838,0.4562988296164409,0.3770491803278688,0.1178736454151881,0.05274057061704056,0.32056899806017924,0.546,61
130,0.8,1.5,Biologically constrained latent SCM,0.7850871493706026,0.844,0.47253161053439435,0.32786885245901637,0.11521497088287265,0.04004008181591409,0.3329081803892345,0.566,61
130,0.8,1.5,Data-generating oracle (reference),,0.848,0.4832898161457023,0.3442622950819672,0.11127053429733579,0.023799029231401068,0.34969550533421107,0.596,61
131,0.8,1.5,Associative latent class model,,0.622,0.05538122616901337,0.9661016949152542,0.30057338258378197,0.31397155203013244,0.17924777944281767,0.329,59
131,0.8,1.5,Renal-adjusted associative latent class model,0.8725884934772817,0.84,0.46120695345000323,0.5932203389830508,0.11685362229323473,0.019606957415985754,0.3430573328060159,0.603,59
131,0.8,1.5,Biologically constrained latent SCM,0.863875396356262,0.836,0.44990940271958524,0.576271186440678,0.1167040989694274,0.03206640538526901,0.3511248007424628,0.633,59
131,0.8,1.5,Data-generating oracle (reference),,0.843,0.46943392006679396,0.4915254237288136,0.11334649523248035,0.016282851227192165,0.3543182234157725,0.602,59
132,0.8,1.5,Associative latent class model,,0.688,0.13923870449562245,0.8571428571428571,0.24399628627239445,0.25251555035755524,0.19816369654719723,0.411,63
132,0.8,1.5,Renal-adjusted associative latent class model,0.813353483386187,0.842,0.4665313817982243,0.36507936507936506,0.11393443576557592,0.03509410822613432,0.331282318444089,0.589,63
132,0.8,1.5,Biologically constrained latent SCM,0.824867496299808,0.85,0.48850447908616856,0.4126984126984127,0.11204019130537472,0.031348231777811326,0.32780596386578525,0.601,63
132,0.8,1.5,Data-generating oracle (reference),,0.851,0.49104087620585574,0.42857142857142855,0.10893780986466149,0.027405414008400377,0.34435382065885706,0.614,63
133,0.8,1.5,Associative latent class model,,0.646,0.081113341686345,0.8103448275862069,0.2929147308338712,0.29374432358134656,0.1680605904919898,0.332,58
133,0.8,1.5,Renal-adjusted associative latent class model,0.6988241805267581,0.835,0.4481400604692713,0.1724137931034483,0.11069356133652763,0.05434769979231916,0.3520844044030938,0.557,58
133,0.8,1.5,Biologically constrained latent SCM,0.7400068281825971,0.836,0.45086544044357724,0.2413793103448276,0.10809599534050812,0.048971092490141,0.34156561985650624,0.552,58
133,0.8,1.5,Data-generating oracle (reference),,0.847,0.48038476526643664,0.3275862068965517,0.10264002658376835,0.03264873372658649,0.34555518301529003,0.607,58
134,0.8,1.5,Associative latent class model,,0.633,0.0663931031040836,0.8666666666666667,0.2965333226046353,0.3054852780421416,0.17228565110505775,0.334,60
134,0.8,1.5,Renal-adjusted associative latent class model,0.8273450690996038,0.831,0.4374630747395986,0.5,0.1204087223112678,0.04996721093378228,0.35596326426172725,0.556,60
134,0.8,1.5,Biologically constrained latent SCM,0.7804172833665437,0.842,0.46687027172396744,0.36666666666666664,0.11603729516222686,0.030401549237248724,0.3768812191007386,0.581,60
134,0.8,1.5,Data-generating oracle (reference),,0.842,0.46645610190610554,0.4166666666666667,0.11532404921235626,0.026344459873731553,0.361154167944634,0.611,60
135,0.8,1.5,Associative latent class model,,0.693,0.1469008931173507,0.6984126984126984,0.24633946111834684,0.24702494678948178,0.18646053399736487,0.39,63
135,0.8,1.5,Renal-adjusted associative latent class model,0.7616937677501832,0.845,0.47541725784845956,0.36507936507936506,0.11472577730580624,0.05187585837774475,0.3127765521035517,0.552,63
135,0.8,1.5,Biologically constrained latent SCM,0.7101734924929203,0.85,0.4892865552922244,0.23809523809523808,0.11181756794834004,0.04205192057328502,0.3314084530227633,0.559,63
135,0.8,1.5,Data-generating oracle (reference),,0.854,0.5001279433166662,0.3968253968253968,0.10838909767573607,0.02864709397422018,0.3489670364307959,0.603,63
136,0.8,1.5,Associative latent class model,,0.685,0.13484827557648316,0.9629629629629629,0.2467294172590261,0.2565732012123675,0.21179522683969498,0.404,54
136,0.8,1.5,Renal-adjusted associative latent class model,0.8248341076528833,0.831,0.43690861765119093,0.5370370370370371,0.12106121209827893,0.036783743147860926,0.33071172883050187,0.596,54
136,0.8,1.5,Biologically constrained latent SCM,0.8112897627711533,0.829,0.4313258770344869,0.5185185185185185,0.11910296964655574,0.02528558248449285,0.336136346080983,0.612,54
136,0.8,1.5,Data-generating oracle (reference),,0.833,0.44206043345496304,0.3888888888888889,0.11762415169798417,0.02333184192714283,0.35266345484122275,0.606,54
137,0.8,1.5,Associative latent class model,,0.676,0.1220370109127483,0.8428571428571429,0.2563958977501928,0.25074337489317167,0.1932000779295951,0.376,70
137,0.8,1.5,Renal-adjusted associative latent class model,0.9063775922504709,0.828,0.42941637134624444,0.6285714285714286,0.12558085861090845,0.045140593839113244,0.31365766142788176,0.592,70
137,0.8,1.5,Biologically constrained latent SCM,0.8940559944764389,0.827,0.4266271756820301,0.6142857142857143,0.12234352563328273,0.04595002246790819,0.3252656267732891,0.611,70
137,0.8,1.5,Data-generating oracle (reference),,0.836,0.4507832320565408,0.37142857142857144,0.11698432672536557,0.02176799510381792,0.34754319838421416,0.58,70
138,0.8,1.5,Associative latent class model,,0.671,0.1135635893817229,0.8431372549019608,0.2550258506961367,0.26200849229791007,0.22555621131338757,0.367,51
138,0.8,1.5,Renal-adjusted associative latent class model,0.6635156544147847,0.821,0.4099512114934722,0.21568627450980393,0.12718405084441353,0.03718333913626114,0.3447986285495848,0.631,51
138,0.8,1.5,Biologically constrained latent SCM,0.7210423897519003,0.828,0.42806697845702296,0.3137254901960784,0.12140370008099123,0.03701289124767221,0.3359813947149768,0.636,51
138,0.8,1.5,Data-generating oracle (reference),,0.823,0.415408889001425,0.4117647058823529,0.11865444759235012,0.025748933143074512,0.3605150661845076,0.619,51
139,0.8,1.5,Associative latent class model,,0.636,0.07018570357307287,0.921875,0.2915199547890311,0.29842143456921233,0.17493665256879903,0.351,64
139,0.8,1.5,Renal-adjusted associative latent class model,0.7469511640995488,0.848,0.483591941142229,0.359375,0.11023070116841578,0.050835195530031664,0.3591495490381809,0.567,64
139,0.8,1.5,Biologically constrained latent SCM,0.7704550348899717,0.849,0.4862913312951609,0.40625,0.10950687533494405,0.043699494402314513,0.35217237163831305,0.576,64
139,0.8,1.5,Data-generating oracle (reference),,0.853,0.4969325080199146,0.40625,0.1061385728554427,0.016315700103876257,0.34981271032922645,0.62,64
140,0.8,1.5,Associative latent class model,,0.675,0.11936176363162926,0.7857142857142857,0.2630771695762867,0.2671097167742082,0.19096999133559203,0.353,56
140,0.8,1.5,Renal-adjusted associative latent class model,0.7659369928860595,0.827,0.4265898724322992,0.35714285714285715,0.12024674282414907,0.037310304754994944,0.3202200764066628,0.591,56
140,0.8,1.5,Biologically constrained latent SCM,0.7816657198225822,0.828,0.4291508398508971,0.39285714285714285,0.11920678415195846,0.039015423683306044,0.31556025951976496,0.596,56
140,0.8,1.5,Data-generating oracle (reference),,0.834,0.44509725539964384,0.42857142857142855,0.11678158817930397,0.025879561547273888,0.35340827511899375,0.594,56
141,0.8,1.5,Associative latent class model,,0.658,0.09604199942563606,0.9245283018867925,0.2798101204074404,0.28816969612864013,0.16742098341140293,0.357,53
141,0.8,1.5,Renal-adjusted associative latent class model,0.7642940700853001,0.831,0.43707045582276893,0.3584905660377358,0.12386710181007057,0.041879099442131584,0.34450035134475315,0.584,53
141,0.8,1.5,Biologically constrained latent SCM,0.7517687517704195,0.829,0.4314754335138816,0.3584905660377358,0.12382155316716299,0.0380558740146348,0.35058999332557556,0.602,53
141,0.8,1.5,Data-generating oracle (reference),,0.843,0.4689862858049715,0.4339622641509434,0.11620788063301393,0.024186402019057873,0.3570905692502732,0.614,53
142,0.8,1.5,Associative latent class model,,0.729,0.20850644149202902,0.9122807017543859,0.21334763095905568,0.22655018057232082,0.20337990823020782,0.418,57
142,0.8,1.5,Renal-adjusted associative latent class model,0.8759444284060369,0.851,0.4918452080449739,0.49122807017543857,0.10587308930644639,0.03281990331259308,0.3183164284640858,0.6,57
142,0.8,1.5,Biologically constrained latent SCM,0.9041649907797953,0.85,0.4889483082151945,0.5789473684210527,0.10715315618717099,0.02720912479716163,0.31068251217652665,0.609,57
142,0.8,1.5,Data-generating oracle (reference),,0.866,0.5350346210881078,0.3508771929824561,0.1011222649909279,0.019629021701285353,0.3452830794723577,0.589,57
143,0.8,1.5,Associative latent class model,,0.59,0.02722451081677829,0.7681159420289855,0.3454232108940561,0.3539211901116164,0.15397881326731908,0.269,69
143,0.8,1.5,Renal-adjusted associative latent class model,0.7829401370363629,0.834,0.44554438527117307,0.34782608695652173,0.11480100726984512,0.03546397831433287,0.3536520819954512,0.555,69
143,0.8,1.5,Biologically constrained latent SCM,0.7698383880807569,0.834,0.445453332327518,0.2898550724637681,0.11281644747275776,0.028997823139508043,0.35862103294822595,0.571,69
143,0.8,1.5,Data-generating oracle (reference),,0.836,0.45065933905683864,0.36231884057971014,0.11075574152522197,0.032039809943772285,0.35345487781101553,0.593,69
144,0.8,1.5,Associative latent class model,,0.664,0.10497607410272003,0.9523809523809523,0.25830257654332783,0.2732228024055799,0.21918036747472755,0.377,63
144,0.8,1.5,Renal-adjusted associative latent class model,0.8199074051819698,0.834,0.44509588862006494,0.4603174603174603,0.114207997365803,0.02333643296241847,0.3452753709876471,0.591,63
144,0.8,1.5,Biologically constrained latent SCM,0.7852088680737641,0.833,0.44205030759053027,0.3968253968253968,0.11386759507348328,0.013453975865399995,0.35861917172071406,0.616,63
144,0.8,1.5,Data-generating oracle (reference),,0.833,0.44246104202759173,0.42857142857142855,0.1136256039702169,0.019330100595812996,0.3650741273051644,0.588,63
145,0.8,1.5,Associative latent class model,,0.62,0.05183083097458692,0.9607843137254902,0.3172536293594958,0.3305831664100279,0.14538917384621333,0.317,51
145,0.8,1.5,Renal-adjusted associative latent class model,0.7220337791199283,0.835,0.44710943743415554,0.3137254901960784,0.11061767526403735,0.024453901902474318,0.3544907085751542,0.622,51
145,0.8,1.5,Biologically constrained latent SCM,0.7427738661456992,0.845,0.4743978121425405,0.35294117647058826,0.10833699822664038,0.021189980296592123,0.34744328143949005,0.622,51
145,0.8,1.5,Data-generating oracle (reference),,0.847,0.48017389432269364,0.4117647058823529,0.10535830045490087,0.019690011167585345,0.34505862955534383,0.61,51
146,0.8,1.5,Associative latent class model,,0.676,0.12191422104589328,0.967741935483871,0.24646296768604498,0.25923586858737047,0.21269002516717156,0.376,62
146,0.8,1.5,Renal-adjusted associative latent class model,0.8820787827708787,0.824,0.41808739256153693,0.5483870967741935,0.11978068296564408,0.07184539706145504,0.3150787395742499,0.66,62
146,0.8,1.5,Biologically constrained latent SCM,0.8752754545158326,0.826,0.4232724922242955,0.4838709677419355,0.12111506720813574,0.07894844784787426,0.3176066635461033,0.662,62
146,0.8,1.5,Data-generating oracle (reference),,0.845,0.47518973503469725,0.3548387096774194,0.11111430564418831,0.023810512035672856,0.3635118743876185,0.595,62
147,0.8,1.5,Associative latent class model,,0.616,0.047434937672551684,0.8545454545454545,0.33425411242988007,0.33976519034513186,0.1439642367777504,0.312,55
147,0.8,1.5,Renal-adjusted associative latent class model,0.8467522524224306,0.845,0.47348430844680556,0.5454545454545454,0.11537797167271285,0.038029977633234846,0.3760450330952194,0.657,55
147,0.8,1.5,Biologically constrained latent SCM,0.8539180420285956,0.842,0.4650596977139422,0.5454545454545454,0.11619070456688005,0.04214159269597754,0.37443008845387565,0.662,55
147,0.8,1.5,Data-generating oracle (reference),,0.848,0.48274850714164647,0.4,0.11253494353121427,0.019755512086045042,0.35689996912865096,0.618,55
148,0.8,1.5,Associative latent class model,,0.644,0.07895859576016216,0.8163265306122449,0.30494651977269316,0.3120085002369304,0.1400986495591954,0.3,49
148,0.8,1.5,Renal-adjusted associative latent class model,0.8020075349604662,0.821,0.41020980331727624,0.42857142857142855,0.12434573231666082,0.06962298879691697,0.33562615778102134,0.667,49
148,0.8,1.5,Biologically constrained latent SCM,0.8152797558910887,0.837,0.452639413543672,0.4489795918367347,0.11908149414505088,0.05960132432057218,0.3322332191486636,0.655,49
148,0.8,1.5,Data-generating oracle (reference),,0.851,0.4919697837016438,0.4489795918367347,0.11121862646687196,0.029772990061612062,0.355380991707613,0.589,49
149,0.8,1.5,Associative latent class model,,0.673,0.11701338071826888,0.9473684210526315,0.24783417057006057,0.26247620055564047,0.21662102171217607,0.371,57
149,0.8,1.5,Renal-adjusted associative latent class model,0.7483702942696995,0.841,0.46433787620827965,0.2982456140350877,0.11281982883188438,0.037787021499869566,0.34992993961752933,0.563,57
149,0.8,1.5,Biologically constrained latent SCM,0.7711547804069898,0.848,0.4835407252934869,0.3333333333333333,0.1119835324108769,0.03281018707346323,0.34514722710965895,0.576,57
149,0.8,1.5,Data-generating oracle (reference),,0.848,0.4835001356158512,0.38596491228070173,0.1113546962801168,0.025103644786675344,0.35211329996798174,0.58,57
150,0.8,1.5,Associative latent class model,,0.646,0.08119747879725216,0.9433962264150944,0.2637750984522954,0.27402989958000773,0.2104435437982745,0.354,53
150,0.8,1.5,Renal-adjusted associative latent class model,0.8827366805464273,0.841,0.4633733634586263,0.5471698113207547,0.1128475075078434,0.026382571028075102,0.33139574687897616,0.619,53
150,0.8,1.5,Biologically constrained latent SCM,0.8779780738064924,0.848,0.48212393620476557,0.5094339622641509,0.11157547798471873,0.040989285865715264,0.33585186287288016,0.646,53
150,0.8,1.5,Data-generating oracle (reference),,0.852,0.4940613319377799,0.3584905660377358,0.108346620271513,0.034378970635933856,0.3592153231147684,0.614,53
151,0.8,1.5,Associative latent class model,,0.635,0.0688996808502888,0.9807692307692307,0.2955627036740026,0.3146707686925178,0.15887027268242207,0.321,52
151,0.8,1.5,Renal-adjusted associative latent class model,0.8973993709466535,0.828,0.42901038865272045,0.6730769230769231,0.11834351039392223,0.034330758811623334,0.31547293960557665,0.614,52
151,0.8,1.5,Biologically constrained latent SCM,0.891150782943437,0.838,0.45554941762187806,0.6538461538461539,0.11672999537395899,0.0381554681009761,0.31957667776137,0.626,52
151,0.8,1.5,Data-generating oracle (reference),,0.839,0.45873196897212876,0.5,0.11180182283383013,0.012101246075285997,0.3547616727403215,0.587,52
152,0.8,1.5,Associative latent class model,,0.669,0.11127091298883783,0.803921568627451,0.2701686604802632,0.27687390629769415,0.16962835842680266,0.327,51
152,0.8,1.5,Renal-adjusted associative latent class model,0.7780684487860715,0.851,0.4921038146727575,0.3333333333333333,0.10844662942116387,0.027391400539221313,0.38492750723525704,0.571,51
152,0.8,1.5,Biologically constrained latent SCM,0.821095197728816,0.835,0.4483435046190222,0.47058823529411764,0.11407321791690285,0.061195328652857,0.3558411403444379,0.519,51
152,0.8,1.5,Data-generating oracle (reference),,0.857,0.5090474771650166,0.45098039215686275,0.10581713022563405,0.02415048017825113,0.35232172706167253,0.583,51
153,0.8,1.5,Associative latent class model,,0.638,0.0712529187576294,0.8947368421052632,0.2931101758379486,0.29698985718520093,0.1709348073788148,0.373,57
153,0.8,1.5,Renal-adjusted associative latent class model,0.788254314977934,0.84,0.45629350202764324,0.40350877192982454,0.11634330855382953,0.05752077383382717,0.2913061111722108,0.695,57
153,0.8,1.5,Biologically constrained latent SCM,0.7849147729530762,0.841,0.45910607902555883,0.38596491228070173,0.11689249647356705,0.05893996463194073,0.29263655968631974,0.694,57
153,0.8,1.5,Data-generating oracle (reference),,0.842,0.4646353464878851,0.42105263157894735,0.11105885982610769,0.02961045907851433,0.3439081955393408,0.637,57
154,0.8,1.5,Associative latent class model,,0.603,0.03751407650400497,0.953125,0.3450743410834766,0.35734465124541065,0.11858159662713451,0.312,64
154,0.8,1.5,Renal-adjusted associative latent class model,0.7679332505015783,0.84,0.4615030259590406,0.40625,0.10874226132147283,0.01940365701858065,0.35210432002927167,0.577,64
154,0.8,1.5,Biologically constrained latent SCM,0.7476858964942579,0.845,0.474999342787929,0.328125,0.1082283789035453,0.019866147767630644,0.36169011852923005,0.598,64
154,0.8,1.5,Data-generating oracle (reference),,0.853,0.4973822683070907,0.40625,0.10615329284175017,0.016857042066998555,0.3421529175644774,0.598,64
155,0.8,1.5,Associative latent class model,,0.648,0.08415534151851578,0.8615384615384616,0.27303639916484485,0.2854845535958391,0.2146439901441371,0.36,65
155,0.8,1.5,Renal-adjusted associative latent class model,0.7916734274692047,0.823,0.4160586291867211,0.4307692307692308,0.12117552424869399,0.028025905894119192,0.3615510841225701,0.591,65
155,0.8,1.5,Biologically constrained latent SCM,0.7956323483420299,0.822,0.41322353366395903,0.4153846153846154,0.12030570335155491,0.031586614262279544,0.36112625261363485,0.606,65
155,0.8,1.5,Data-generating oracle (reference),,0.824,0.4182953461102219,0.4461538461538462,0.12049944437186041,0.025490266634287318,0.36299249644114295,0.612,65
156,0.8,1.5,Associative latent class model,,0.641,0.07682853084180122,0.9041095890410958,0.2808666051729915,0.2893087770173029,0.20729370630158497,0.374,73
156,0.8,1.5,Renal-adjusted associative latent class model,0.8448897731978257,0.83,0.43396474965884774,0.5753424657534246,0.12342513836426405,0.03032363564386125,0.34440726482829664,0.625,73
156,0.8,1.5,Biologically constrained latent SCM,0.7922350859923927,0.831,0.43637897272643783,0.410958904109589,0.12028889935603354,0.03396674040525539,0.3615424589296572,0.638,73
156,0.8,1.5,Data-generating oracle (reference),,0.838,0.45568275864738894,0.3835616438356164,0.11918526056297885,0.029002360240842278,0.3663818467866719,0.607,73
157,0.8,1.5,Associative latent class model,,0.598,0.030250196443345576,0.8431372549019608,0.35691334525713997,0.36144632771022095,0.11379391259175888,0.29,51
157,0.8,1.5,Renal-adjusted associative latent class model,0.6980241269812261,0.829,0.43212945745066944,0.3137254901960784,0.11843964398625818,0.06595502565176925,0.39484227110427317,0.555,51
157,0.8,1.5,Biologically constrained latent SCM,0.7271553157048123,0.834,0.44535492413222155,0.3333333333333333,0.11736655084895464,0.06143365490759557,0.3860818749629384,0.56,51
157,0.8,1.5,Data-generating oracle (reference),,0.848,0.48244016356843883,0.45098039215686275,0.1113663814086953,0.01948116521831306,0.3456078304368166,0.63,51
158,0.8,1.5,Associative latent class model,,0.662,0.10139290592498429,0.8363636363636363,0.26017124626915217,0.2687026202730379,0.2173091620725375,0.386,55
158,0.8,1.5,Renal-adjusted associative latent class model,0.7676927557384814,0.819,0.40354326971040344,0.45454545454545453,0.12313988846719019,0.03662588809224906,0.3495432642416558,0.645,55
158,0.8,1.5,Biologically constrained latent SCM,0.791226796927248,0.82,0.4059077649286724,0.45454545454545453,0.12266161180853605,0.032269736366442696,0.34292532182165414,0.65,55
158,0.8,1.5,Data-generating oracle (reference),,0.825,0.41954704744986243,0.45454545454545453,0.12170552821710091,0.027115156755627427,0.36215336903623246,0.633,55
159,0.8,1.5,Associative latent class model,,0.657,0.09600768485978385,0.9420289855072463,0.27622632996093527,0.28576204497800234,0.18044265882236282,0.385,69
159,0.8,1.5,Renal-adjusted associative latent class model,0.8587051686840489,0.838,0.4556056105008798,0.5072463768115942,0.1161056736801107,0.029725974325224662,0.32229009924015106,0.604,69
159,0.8,1.5,Biologically constrained latent SCM,0.8332509602227441,0.838,0.45543470568582195,0.43478260869565216,0.11518652417756453,0.02042192140319963,0.3336619752996015,0.614,69
159,0.8,1.5,Data-generating oracle (reference),,0.833,0.4420308522834909,0.4057971014492754,0.11223510597684236,0.019709301699219216,0.3471170212682648,0.611,69
160,0.8,1.5,Associative latent class model,,0.603,0.03695843530130424,0.8059701492537313,0.338965434223791,0.3511737189697778,0.14383333787454713,0.297,67
160,0.8,1.5,Renal-adjusted associative latent class model,0.8223254141952804,0.854,0.5001597111174002,0.26865671641791045,0.1110298124299215,0.02634015033402981,0.3664625083196309,0.604,67
160,0.8,1.5,Biologically constrained latent SCM,0.8442952247265689,0.849,0.48603126180539624,0.3582089552238806,0.11124036086324034,0.023118334157781185,0.3587524908955013,0.607,67
160,0.8,1.5,Data-generating oracle (reference),,0.852,0.4945465150695071,0.31343283582089554,0.10976732841474955,0.030206334260107746,0.36750647839631634,0.6,67
161,0.8,1.5,Associative latent class model,,0.659,0.09916538753119064,0.9666666666666667,0.27799865303312815,0.2863579306528777,0.15788324206671955,0.33,60
161,0.8,1.5,Renal-adjusted associative latent class model,0.7312645619238621,0.82,0.40847630526673234,0.3333333333333333,0.1255316988170252,0.06832187089055586,0.3953570280678899,0.649,60
161,0.8,1.5,Biologically constrained latent SCM,0.8096137097660869,0.833,0.4425817376519618,0.4166666666666667,0.11590736078536336,0.06718724426949677,0.3779200835940114,0.636,60
161,0.8,1.5,Data-generating oracle (reference),,0.847,0.4809649506387246,0.4166666666666667,0.10816847484093657,0.028837375413640478,0.3600034028328637,0.586,60
162,0.8,1.5,Associative latent class model,,0.633,0.06621586404654008,0.9259259259259259,0.2966609419711028,0.30928736557315567,0.1764967360748413,0.326,54
162,0.8,1.5,Renal-adjusted associative latent class model,0.7825956950743974,0.841,0.46367666885219805,0.2962962962962963,0.11190273461266007,0.01994337123848392,0.35311161703034405,0.616,54
162,0.8,1.5,Biologically constrained latent SCM,0.8007375729234799,0.839,0.4580172786418103,0.3888888888888889,0.11158779337691004,0.022129484096918093,0.34818284016002543,0.628,54
162,0.8,1.5,Data-generating oracle (reference),,0.85,0.4887523168128444,0.3333333333333333,0.10932798552475481,0.026885556801967837,0.35308860935165554,0.607,54
163,0.8,1.5,Associative latent class model,,0.663,0.10348017549863195,0.9508196721311475,0.25895398460661523,0.2723016133511237,0.2026183274947224,0.396,61
163,0.8,1.5,Renal-adjusted associative latent class model,0.8325765305316224,0.863,0.5256744063295358,0.4262295081967213,0.10493182227771637,0.03869641919638685,0.337227809468645,0.6,61
163,0.8,1.5,Biologically constrained latent SCM,0.8295800745581534,0.862,0.5222253623700092,0.4098360655737705,0.10234525389165838,0.02162270121542954,0.34118769928062487,0.625,61
163,0.8,1.5,Data-generating oracle (reference),,0.863,0.5252543350178487,0.3442622950819672,0.10147838768658403,0.029117151907659396,0.34332510733201366,0.62,61
164,0.8,1.5,Associative latent class model,,0.669,0.11140849894843553,1.0,0.2534868708223256,0.26934728590317314,0.21840527658051373,0.384,54
164,0.8,1.5,Renal-adjusted associative latent class model,0.7432031761649401,0.826,0.4223066310067727,0.35185185185185186,0.11297508169907604,0.030326380833023314,0.36093894263092996,0.653,54
164,0.8,1.5,Biologically constrained latent SCM,0.7726382934031977,0.827,0.4247822181776426,0.3888888888888889,0.11203960519740395,0.041384316525209755,0.3526748560086898,0.658,54
164,0.8,1.5,Data-generating oracle (reference),,0.845,0.47465371953169144,0.35185185185185186,0.10681642973644724,0.02391659977880494,0.35399563446667903,0.604,54
165,0.8,1.5,Associative latent class model,,0.634,0.06865577808410711,0.8421052631578947,0.2998830240689945,0.30888946916071597,0.1635655783658389,0.341,76
165,0.8,1.5,Renal-adjusted associative latent class model,0.7368596771912964,0.838,0.45625115602482175,0.3815789473684211,0.11461877820181197,0.04172715420443396,0.3414492848293164,0.561,76
165,0.8,1.5,Biologically constrained latent SCM,0.7303855310624783,0.836,0.4508646212555753,0.3815789473684211,0.11446624424255157,0.043920222744427535,0.34362687449003637,0.559,76
165,0.8,1.5,Data-generating oracle (reference),,0.849,0.48612733626647875,0.5131578947368421,0.11344083813456325,0.03436851305843897,0.35195451158200974,0.608,76
166,0.8,1.5,Associative latent class model,,0.652,0.08857585897251502,0.7884615384615384,0.2705396535325922,0.2774355536768646,0.20194008435292768,0.321,52
166,0.8,1.5,Renal-adjusted associative latent class model,0.8132123602802588,0.843,0.4696053034415026,0.36538461538461536,0.11952900399563979,0.048934726124050566,0.3234691611498003,0.594,52
166,0.8,1.5,Biologically constrained latent SCM,0.811753555193805,0.839,0.4586307797275706,0.34615384615384615,0.11962321888109215,0.04449921419170922,0.3241402081320516,0.598,52
166,0.8,1.5,Data-generating oracle (reference),,0.845,0.47519613198126603,0.40384615384615385,0.11788549931516915,0.03721516049412089,0.3495247272571666,0.586,52
167,0.8,1.5,Associative latent class model,,0.662,0.10137323819432917,0.8333333333333334,0.272196393284207,0.28592872204938485,0.1773768911475671,0.339,48
167,0.8,1.5,Renal-adjusted associative latent class model,0.8078477875102508,0.832,0.4401240756794926,0.3958333333333333,0.1210764662812457,0.03691276302609937,0.33956807044097226,0.559,48
167,0.8,1.5,Biologically constrained latent SCM,0.8258043376754229,0.835,0.44804718948083005,0.4166666666666667,0.11973830609006664,0.030862054991100858,0.33435043098634903,0.57,48
167,0.8,1.5,Data-generating oracle (reference),,0.838,0.45591972057179747,0.3958333333333333,0.11811210228684454,0.023427419261260386,0.35253850160955325,0.591,48
168,0.8,1.5,Associative latent class model,,0.687,0.1370367175779594,0.9,0.24275380534879362,0.2610795278968789,0.20859768819552535,0.388,50
168,0.8,1.5,Renal-adjusted associative latent class model,0.8799419700140227,0.844,0.4710969146641247,0.64,0.10374535646625173,0.0362904647527523,0.3150583287704949,0.633,50
168,0.8,1.5,Biologically constrained latent SCM,0.8683445104323035,0.847,0.4791831477398003,0.62,0.10332356451496065,0.036572932883401854,0.3220787284597473,0.642,50
168,0.8,1.5,Data-generating oracle (reference),,0.858,0.511107850052149,0.46,0.1005954905082283,0.025507885709905444,0.34581745084620585,0.609,50
169,0.8,1.5,Associative latent class model,,0.618,0.05151681446530102,0.9295774647887324,0.3128483137192767,0.32711223102771947,0.16349339359952192,0.371,71
169,0.8,1.5,Renal-adjusted associative latent class model,0.9087042125670165,0.817,0.40055008148372023,0.6619718309859155,0.13084424161143227,0.06311309180608457,0.3423990175049448,0.582,71
169,0.8,1.5,Biologically constrained latent SCM,0.8778795681646121,0.831,0.4360216543375033,0.5915492957746479,0.118164055200314,0.023094981618157193,0.36772321796435053,0.62,71
169,0.8,1.5,Data-generating oracle (reference),,0.84,0.4606997583310679,0.36619718309859156,0.11437880694801783,0.02313288293720266,0.35613676929622756,0.603,71
170,0.8,1.5,Associative latent class model,,0.628,0.06127172509784009,0.835820895522388,0.3016085389070258,0.30949934686523217,0.17997980752008744,0.347,67
170,0.8,1.5,Renal-adjusted associative latent class model,0.8517510553951054,0.813,0.3904303936237669,0.6268656716417911,0.13187522656730566,0.04027051341549032,0.3380932096841894,0.596,67
170,0.8,1.5,Biologically constrained latent SCM,0.7756841656520582,0.822,0.4122278208171926,0.44776119402985076,0.12800844402233846,0.03549607034000539,0.3692221205057382,0.647,67
170,0.8,1.5,Data-generating oracle (reference),,0.828,0.42850643396641336,0.47761194029850745,0.12484905186048122,0.01803287463473881,0.36833765718342876,0.621,67
171,0.8,1.5,Associative latent class model,,0.654,0.09075282345864046,0.9795918367346939,0.2743438320312613,0.29857781096119546,0.17844928349963737,0.352,49
171,0.8,1.5,Renal-adjusted associative latent class model,0.853517883374496,0.844,0.4705200988493874,0.6326530612244898,0.10797068797029963,0.04309848724869897,0.336913987481351,0.664,49
171,0.8,1.5,Biologically constrained latent SCM,0.850572267166448,0.842,0.46494493518313873,0.6122448979591837,0.10733251925537433,0.04703802754581694,0.3394536553860061,0.666,49
171,0.8,1.5,Data-generating oracle (reference),,0.858,0.5112941644406336,0.42857142857142855,0.1033727277088004,0.01659858900440636,0.3472093957928364,0.606,49
172,0.8,1.5,Associative latent class model,,0.656,0.09494668599768964,0.9027777777777778,0.2753624500185251,0.2817236805648454,0.1950107521313841,0.376,72
172,0.8,1.5,Renal-adjusted associative latent class model,0.871271090486389,0.82,0.4085023641725551,0.5416666666666666,0.13001992499517662,0.045922945197459465,0.33095708872611335,0.59,72
172,0.8,1.5,Biologically constrained latent SCM,0.8449591579298682,0.83,0.4342197677534606,0.4583333333333333,0.12578337156160924,0.036462796035871894,0.3453329690855473,0.616,72
172,0.8,1.5,Data-generating oracle (reference),,0.836,0.4502428564002159,0.4444444444444444,0.11963958596195481,0.028878604966211467,0.363339521248932,0.616,72
173,0.8,1.5,Associative latent class model,,0.625,0.058434288176193776,0.855072463768116,0.30263909190797256,0.31523601740472934,0.18833010077295184,0.329,69
173,0.8,1.5,Renal-adjusted associative latent class model,0.8699712534404583,0.824,0.4175889013172115,0.5797101449275363,0.1187132122113296,0.05744665090948305,0.350430900841425,0.662,69
173,0.8,1.5,Biologically constrained latent SCM,0.8753363361773691,0.834,0.4443285975172762,0.6231884057971014,0.11744245872693684,0.04671271290322908,0.351112078733256,0.646,69
173,0.8,1.5,Data-generating oracle (reference),,0.843,0.4694364043351071,0.4057971014492754,0.11276742497063674,0.024310477969107697,0.35491540096164115,0.603,69
174,0.8,1.5,Associative latent class model,,0.649,0.08518947502534337,0.8571428571428571,0.27934783581990297,0.2881732832489233,0.18751588667328173,0.367,63
174,0.8,1.5,Renal-adjusted associative latent class model,0.8272279612515181,0.844,0.4712308789899155,0.42857142857142855,0.11242218193111936,0.035677866563922814,0.3605416142882668,0.634,63
174,0.8,1.5,Biologically constrained latent SCM,0.8595468597358978,0.838,0.4545925962970774,0.5238095238095238,0.11259955109802519,0.03769107279651103,0.35449009831731565,0.642,63
174,0.8,1.5,Data-generating oracle (reference),,0.857,0.5083366159346003,0.3333333333333333,0.10988707535266846,0.03710765042796537,0.3571912649856978,0.609,63
175,0.8,1.5,Associative latent class model,,0.622,0.05526782258227688,0.9117647058823529,0.3304238778791398,0.34005460717462893,0.11675174959857046,0.341,68
175,0.8,1.5,Renal-adjusted associative latent class model,0.7408606661009496,0.797,0.3521289450486774,0.29411764705882354,0.1314501043934274,0.07155455740537355,0.3706259997758241,0.53,68
175,0.8,1.5,Biologically constrained latent SCM,0.7541555484148678,0.8,0.35927147434934803,0.36764705882352944,0.13033385037775264,0.07007401157019823,0.3679790368643863,0.535,68
175,0.8,1.5,Data-generating oracle (reference),,0.82,0.40776935425029975,0.5,0.12098996154651695,0.026847455198823304,0.35846885844765825,0.623,68
176,0.8,1.5,Associative latent class model,,0.721,0.1941550118178381,0.9322033898305084,0.21850188939016618,0.21852910721301735,0.21646659215381073,0.42,59
176,0.8,1.5,Renal-adjusted associative latent class model,0.8732251785469266,0.837,0.4532021204917307,0.6271186440677966,0.12007393573571332,0.03996067203516423,0.31623661841918166,0.61,59
176,0.8,1.5,Biologically constrained latent SCM,0.853241514169601,0.832,0.4394911212364838,0.5254237288135594,0.12144840570473579,0.05555317266010938,0.3246546515627144,0.637,59
176,0.8,1.5,Data-generating oracle (reference),,0.843,0.4696450113917781,0.3898305084745763,0.11003598385010553,0.027922472206473634,0.3604457687010497,0.6,59
177,0.8,1.5,Associative latent class model,,0.687,0.13801994283453686,0.90625,0.24321854488713707,0.2423884364644172,0.23426175579871916,0.409,64
177,0.8,1.5,Renal-adjusted associative latent class model,0.71514814715738,0.819,0.4061329801326807,0.390625,0.1271213610874062,0.05365731509390605,0.3455769200392285,0.563,64
177,0.8,1.5,Biologically constrained latent SCM,0.6937653821816412,0.817,0.40107919772964706,0.375,0.12784507667472608,0.04764479185633589,0.34949886621506865,0.559,64
177,0.8,1.5,Data-generating oracle (reference),,0.82,0.40834139016531074,0.453125,0.12037771639778905,0.04304238421339421,0.353660844607519,0.59,64
178,0.8,1.5,Associative latent class model,,0.593,0.02775762905255177,0.8923076923076924,0.34374772078961907,0.35320111386031844,0.1492749157376968,0.321,65
178,0.8,1.5,Renal-adjusted associative latent class model,0.834973208151621,0.819,0.4034677429008762,0.5384615384615384,0.12973879635770583,0.06426803797388854,0.3334806169553241,0.663,65
178,0.8,1.5,Biologically constrained latent SCM,0.8218768430822332,0.82,0.40592720434816215,0.49230769230769234,0.12936089107628074,0.06314721415178917,0.33786739557284556,0.666,65
178,0.8,1.5,Data-generating oracle (reference),,0.817,0.3998250277551838,0.49230769230769234,0.12699604997127079,0.03843404193098901,0.3539356094056643,0.617,65
179,0.8,1.5,Associative latent class model,,0.656,0.09396484593481243,0.9245283018867925,0.28284093441103964,0.29271544782430553,0.15561262518712096,0.339,53
179,0.8,1.5,Renal-adjusted associative latent class model,0.861718928153392,0.85,0.4889699878453447,0.49056603773584906,0.11104912035254352,0.02750751898767704,0.31286727247901996,0.599,53
179,0.8,1.5,Biologically constrained latent SCM,0.814972030345524,0.853,0.49725188420507377,0.33962264150943394,0.1115199916848732,0.03424633630272152,0.3314945521991205,0.614,53
179,0.8,1.5,Data-generating oracle (reference),,0.84,0.4614813264207764,0.37735849056603776,0.10939080572005339,0.021219616916089853,0.3443220590440641,0.583,53
180,0.8,1.5,Associative latent class model,,0.67,0.11291809034528047,0.9444444444444444,0.26416374740251536,0.2855461236991671,0.18175042647583411,0.352,54
180,0.8,1.5,Renal-adjusted associative latent class model,0.8194831112005855,0.833,0.44259907718181235,0.48148148148148145,0.11646180838392378,0.028087091849339822,0.3579195152642539,0.589,54
180,0.8,1.5,Biologically constrained latent SCM,0.8376169574598943,0.836,0.45053396215143066,0.5,0.11689908706866478,0.028350478175209633,0.3533999857703197,0.6,54
180,0.8,1.5,Data-generating oracle (reference),,0.832,0.43980431095402867,0.5,0.11634222761854204,0.028920078917800688,0.35019641382361005,0.602,54
181,0.8,1.5,Associative latent class model,,0.602,0.036942700098018234,0.9516129032258065,0.3368027479252695,0.3502475031351169,0.1363635503268194,0.299,62
181,0.8,1.5,Renal-adjusted associative latent class model,0.81107226394963,0.847,0.48033718323266983,0.45161290322580644,0.10769685279506322,0.036382284099177466,0.3858822210418359,0.626,62
181,0.8,1.5,Biologically constrained latent SCM,0.8722520713841446,0.856,0.5057901249100615,0.5645161290322581,0.10855081831893243,0.03255753164822822,0.36595838984500384,0.619,62
181,0.8,1.5,Data-generating oracle (reference),,0.849,0.48628540158331757,0.43548387096774194,0.10618711440828218,0.0236139251128531,0.3671787695780093,0.592,62
182,0.8,1.5,Associative latent class model,,0.709,0.1732698724921019,1.0,0.2245593773644684,0.24820002227714458,0.20877458034210844,0.418,58
182,0.8,1.5,Renal-adjusted associative latent class model,0.8477954432955436,0.849,0.4857477926400803,0.5517241379310345,0.1067983863625109,0.036755245962644484,0.3119893299356379,0.626,58
182,0.8,1.5,Biologically constrained latent SCM,0.8356861861289937,0.846,0.477305152483123,0.5,0.10720165656034829,0.040660041101608806,0.31934502726563124,0.631,58
182,0.8,1.5,Data-generating oracle (reference),,0.847,0.480339914905783,0.4482758620689655,0.10463807318908046,0.0288952299433185,0.33797355088287057,0.614,58
183,0.8,1.5,Associative latent class model,,0.662,0.10222682442326489,0.8392857142857143,0.27290335823391254,0.2769222893274413,0.1749163925017646,0.325,56
183,0.8,1.5,Renal-adjusted associative latent class model,0.7751313120970024,0.807,0.3753762562298099,0.26785714285714285,0.13355134247051254,0.061822657591269314,0.3560087161851798,0.654,56
183,0.8,1.5,Biologically constrained latent SCM,0.8127813348532235,0.817,0.40072095858657497,0.35714285714285715,0.1252767353999169,0.047472075811145625,0.34569753264920383,0.626,56
183,0.8,1.5,Data-generating oracle (reference),,0.831,0.4374704258710681,0.3392857142857143,0.12076079770272394,0.021564730710410013,0.3646103622592749,0.576,56
184,0.8,1.5,Associative latent class model,,0.676,0.12157982798354036,0.9661016949152542,0.24890628548810856,0.26716201475076373,0.22386343446332466,0.402,59
184,0.8,1.5,Renal-adjusted associative latent class model,0.8693900523613446,0.835,0.4445762867106302,0.6101694915254238,0.11897298741779364,0.06079320995339807,0.30774980328244045,0.697,59
184,0.8,1.5,Biologically constrained latent SCM,0.865039870342401,0.833,0.4391115845516163,0.6101694915254238,0.11914268207716408,0.062497166679984784,0.3091596790183961,0.699,59
184,0.8,1.5,Data-generating oracle (reference),,0.843,0.4688087441893109,0.423728813559322,0.11492293516945608,0.026686966089822066,0.36471559678964766,0.617,59
185,0.8,1.5,Associative latent class model,,0.572,0.010778424179956208,0.92,0.3824174561390346,0.3950998022207441,0.11056340657236047,0.268,50
185,0.8,1.5,Renal-adjusted associative latent class model,0.7115751584231018,0.839,0.45777651083462956,0.2,0.11798648950086894,0.03228313749364223,0.37538100013187353,0.623,50
185,0.8,1.5,Biologically constrained latent SCM,0.7690447955540692,0.848,0.4827427823918085,0.3,0.11363515245777006,0.035123875672165836,0.3644012779036226,0.616,50
185,0.8,1.5,Data-generating oracle (reference),,0.847,0.47993318798597734,0.44,0.11238325659901832,0.02923167147227544,0.3588193072789294,0.617,50
186,0.8,1.5,Associative latent class model,,0.653,0.09095834866330568,0.8513513513513513,0.2753456134259016,0.2786858747310947,0.1837600485719588,0.376,74
186,0.8,1.5,Renal-adjusted associative latent class model,0.7659890416383264,0.858,0.5112928505392836,0.2972972972972973,0.10448825951998604,0.027935111147180756,0.35044984065631946,0.619,74
186,0.8,1.5,Biologically constrained latent SCM,0.7848027826527579,0.86,0.5172481878092723,0.3108108108108108,0.10278614461459543,0.027878275627607876,0.3440843789967203,0.605,74
186,0.8,1.5,Data-generating oracle (reference),,0.87,0.5466784042856992,0.3108108108108108,0.10183771986785209,0.028906929942149776,0.34240761127408836,0.591,74
187,0.8,1.5,Associative latent class model,,0.594,0.0303297354743812,0.92,0.3357882094919337,0.3492134014135634,0.15924051665760866,0.327,75
187,0.8,1.5,Renal-adjusted associative latent class model,0.8611333135084629,0.821,0.41080022865465315,0.52,0.1224557617260929,0.03656775145729609,0.34524001833354023,0.598,75
187,0.8,1.5,Biologically constrained latent SCM,0.8593002489415297,0.822,0.4131165379130019,0.52,0.12223385840927321,0.029671991154700636,0.3470661696295908,0.613,75
187,0.8,1.5,Data-generating oracle (reference),,0.829,0.4316484843654011,0.44,0.11877530158005384,0.02924484513294784,0.3496340065826624,0.598,75
188,0.8,1.5,Associative latent class model,,0.652,0.0881847992926791,0.734375,0.28048547976322247,0.2854301624898225,0.19642819027201489,0.358,64
188,0.8,1.5,Renal-adjusted associative latent class model,0.7870762422643912,0.834,0.44510856255140013,0.40625,0.12265234270800357,0.05466057259898139,0.3287408208947328,0.576,64
188,0.8,1.5,Biologically constrained latent SCM,0.7749022892077961,0.836,0.4503504858344761,0.375,0.12039145125180241,0.03933972512415606,0.33497865371435476,0.584,64
188,0.8,1.5,Data-generating oracle (reference),,0.843,0.46889291965724844,0.46875,0.11788495906075416,0.03349139782141221,0.34421646153086294,0.611,64
189,0.8,1.5,Associative latent class model,,0.653,0.08905050200637239,0.8181818181818182,0.2919345011371609,0.30360844507433926,0.173660569368035,0.352,55
189,0.8,1.5,Renal-adjusted associative latent class model,0.5926723418150788,0.812,0.3886016211883972,0.10909090909090909,0.1384171525540874,0.08936160828260717,0.38619765452527544,0.541,55
189,0.8,1.5,Biologically constrained latent SCM,0.7664639876148143,0.836,0.4502117102808945,0.38181818181818183,0.11860955582703349,0.04646726039740888,0.36195521129594055,0.591,55
189,0.8,1.5,Data-generating oracle (reference),,0.839,0.45740553083959157,0.43636363636363634,0.11520636943047813,0.03342132236533577,0.34860210123149055,0.632,55
190,0.8,1.5,Associative latent class model,,0.639,0.07320279330066615,0.9032258064516129,0.300438615515685,0.31136220707185946,0.14957187492017632,0.35,62
190,0.8,1.5,Renal-adjusted associative latent class model,0.7381282102639017,0.841,0.4631768947808866,0.3225806451612903,0.1117243672204556,0.03109653656603796,0.34644190879777337,0.632,62
190,0.8,1.5,Biologically constrained latent SCM,0.7646725474036251,0.847,0.4795751438252163,0.3387096774193548,0.11000450255432967,0.03384770837270724,0.34071738170071164,0.64,62
190,0.8,1.5,Data-generating oracle (reference),,0.85,0.48824519571446884,0.45161290322580644,0.10706020260815204,0.03777797369905928,0.3438417501353046,0.627,62
191,0.8,1.5,Associative latent class model,,0.607,0.0400261311774465,0.8095238095238095,0.3233020679623992,0.32729282174116264,0.17719433393816686,0.302,63
191,0.8,1.5,Renal-adjusted associative latent class model,0.6953503027126509,0.835,0.4482933679607212,0.2698412698412698,0.11767697353651525,0.06588481153593877,0.37732067210022535,0.532,63
191,0.8,1.5,Biologically constrained latent SCM,0.6965319801730013,0.832,0.4402210909289978,0.2698412698412698,0.11737048899634268,0.055855672977495184,0.38171178092807667,0.543,63
191,0.8,1.5,Data-generating oracle (reference),,0.848,0.48343599711162294,0.30158730158730157,0.10808696130980829,0.02503258108235108,0.3585500294239207,0.585,63
192,0.8,1.5,Associative latent class model,,0.664,0.10463861920172592,0.8412698412698413,0.2659912204502723,0.2646215621364601,0.19267205473163823,0.37,63
192,0.8,1.5,Renal-adjusted associative latent class model,0.8665543599890727,0.833,0.4419303708021347,0.5873015873015873,0.11372072285396617,0.02253002495537204,0.34157417559914244,0.619,63
192,0.8,1.5,Biologically constrained latent SCM,0.8592851984031862,0.832,0.4389271552330942,0.5873015873015873,0.11305449835354676,0.03243967392591738,0.3481000058148302,0.636,63
192,0.8,1.5,Data-generating oracle (reference),,0.836,0.44996369413066245,0.49206349206349204,0.11066136661777375,0.021477274162159936,0.3562111703920747,0.62,63
193,0.8,1.5,Associative latent class model,,0.661,0.1007639618510399,0.7916666666666666,0.2750135285579658,0.27945698486748893,0.19246957397625208,0.379,72
193,0.8,1.5,Renal-adjusted associative latent class model,0.6652577543363587,0.819,0.40633250466051046,0.2222222222222222,0.12526297423838215,0.07534513731240454,0.3559831836523487,0.539,72
193,0.8,1.5,Biologically constrained latent SCM,0.6978132539297588,0.825,0.4218880346312538,0.2777777777777778,0.12363553471947565,0.08049148558906266,0.34635383818695514,0.525,72
193,0.8,1.5,Data-generating oracle (reference),,0.841,0.4636852915042064,0.4027777777777778,0.11159881683518888,0.02403543662854722,0.3476957378853761,0.605,72
194,0.8,1.5,Associative latent class model,,0.681,0.12845591620628388,0.7333333333333333,0.2545299527124933,0.2560432154246918,0.2023365568478307,0.352,60
194,0.8,1.5,Renal-adjusted associative latent class model,0.8066783294667278,0.852,0.494758243258816,0.35,0.1150132020841249,0.038301923123572834,0.3277980080028198,0.589,60
194,0.8,1.5,Biologically constrained latent SCM,0.8285931628825721,0.848,0.4835877522443513,0.43333333333333335,0.11432665688433798,0.03803568448844781,0.323073325365396,0.583,60
194,0.8,1.5,Data-generating oracle (reference),,0.85,0.4892253933568306,0.35,0.1121900943953099,0.030754316474568943,0.35135518950907463,0.577,60
195,0.8,1.5,Associative latent class model,,0.685,0.13499629430293658,0.9206349206349206,0.23224304951029215,0.24475356163338374,0.2256750529128255,0.41,63
195,0.8,1.5,Renal-adjusted associative latent class model,0.8336650206292349,0.857,0.5081661567684168,0.47619047619047616,0.10424438075181126,0.018468309020129872,0.3189653380048672,0.624,63
195,0.8,1.5,Biologically constrained latent SCM,0.8272026801224835,0.853,0.49656904211826697,0.4603174603174603,0.10429211275957663,0.026043669123982566,0.3225590845561161,0.634,63
195,0.8,1.5,Data-generating oracle (reference),,0.859,0.5141899715831113,0.3333333333333333,0.10185544577617889,0.027819601854825383,0.3515722123989898,0.608,63
196,0.8,1.5,Associative latent class model,,0.696,0.15204354247759583,0.9310344827586207,0.2379089372548186,0.24370406506539682,0.20338562778212393,0.422,58
196,0.8,1.5,Renal-adjusted associative latent class model,0.8633928467529556,0.829,0.4310289859657846,0.5862068965517241,0.11703199660815704,0.03196702748663571,0.3180730352025402,0.625,58
196,0.8,1.5,Biologically constrained latent SCM,0.8650154768123968,0.828,0.42823084556077506,0.603448275862069,0.11693287551122536,0.03238475921673037,0.3189674026926241,0.632,58
196,0.8,1.5,Data-generating oracle (reference),,0.825,0.420908196624516,0.46551724137931033,0.11432762688946045,0.029446239698469694,0.3599946340699423,0.607,58
197,0.8,1.5,Associative latent class model,,0.688,0.13924204224683423,0.8679245283018868,0.23844955229445208,0.23981236561136418,0.22428563806074517,0.381,53
197,0.8,1.5,Renal-adjusted associative latent class model,0.771318784716447,0.825,0.42098973708887144,0.4528301886792453,0.12635729542783228,0.049529484630225294,0.3449045916018836,0.624,53
197,0.8,1.5,Biologically constrained latent SCM,0.7831014967845055,0.823,0.4156972476549032,0.4528301886792453,0.12758601390690308,0.052921681106040466,0.3414455472044522,0.63,53
197,0.8,1.5,Data-generating oracle (reference),,0.836,0.4503288184818356,0.4716981132075472,0.12296583211974214,0.03157544494915641,0.3595342994649557,0.611,53
198,0.8,1.5,Associative latent class model,,0.676,0.12048130994500601,0.7333333333333333,0.26808489036829825,0.2731789868108287,0.15909131801185966,0.321,45
198,0.8,1.5,Renal-adjusted associative latent class model,0.8673681088031057,0.844,0.47263825208807425,0.4666666666666667,0.10957518874724832,0.04335839787280056,0.3132176179178278,0.563,45
198,0.8,1.5,Biologically constrained latent SCM,0.8281648933683755,0.855,0.5032646817262213,0.37777777777777777,0.10759486225758871,0.02749325930351013,0.3367315011163732,0.588,45
198,0.8,1.5,Data-generating oracle (reference),,0.854,0.5005065015317888,0.37777777777777777,0.1078121806127038,0.026044503640639934,0.35564797429864137,0.577,45
199,0.8,1.5,Associative latent class model,,0.633,0.06572721980644161,0.7384615384615385,0.30699792507702894,0.31434557911337974,0.17482533688260748,0.33,65
199,0.8,1.5,Renal-adjusted associative latent class model,0.7675489439823795,0.822,0.4137933494273374,0.4307692307692308,0.12203186307583816,0.04829892363596544,0.36977016130780693,0.565,65
199,0.8,1.5,Biologically constrained latent SCM,0.80386508366384,0.827,0.42632146105427865,0.4461538461538462,0.12162576717261195,0.02816143324979035,0.36139939003758403,0.598,65
199,0.8,1.5,Data-generating oracle (reference),,0.833,0.4421316242930313,0.46153846153846156,0.11730004101724541,0.02418751712967878,0.35378568989310816,0.602,65
