repeat,renal_effect_sd,causal_estimated_renal_effect_nt,adjusted_estimated_renal_effect_nt,adjusted_estimated_renal_effect_electrical,adjusted_estimated_renal_effect_competing
0,0.0,0.16591701200033304,0.018995640852152086,-0.14804534939147918,0.16028324238833125
1,0.0,0.08506492178018354,-0.03432122447318098,-0.20320920995880432,0.11813658734891475
2,0.0,0.07350225030489493,0.11563080157797967,-0.06606446020213985,-0.14729147390245007
3,0.0,-0.022007755106657714,-0.10335092308932725,-0.03786770349111834,0.11662087047078967
4,0.0,-0.020741660552127804,-0.0740407219996193,-0.09772767006237668,0.00990395990934667
5,0.0,0.0949017811438532,0.13960692896361881,0.01722216144713873,-0.07185080595946183
6,0.0,-0.0792306918991039,-0.2515697944940416,-0.25446171994388145,0.1599166032280013
7,0.0,-0.00473512207597504,0.045426235216810135,0.07074999436920247,-0.0313887730922453
8,0.0,-0.07299439720898311,-0.18064581842853317,-0.16834568630701682,0.08565696843914558
9,0.0,-0.12366069011140858,-0.162229897588732,-0.04072534313716613,0.07032870060384744
10,0.0,-0.045547097100508506,-0.01568104043177994,-0.04122816112141683,-0.0878490329279229
11,0.0,-0.0813878732897908,-0.0006716764184836327,0.08153873798900095,-0.12166860611065666
12,0.0,-0.08750245785946364,-0.057548942945023544,-0.08842214210505575,-0.14118322225115376
13,0.0,0.11107446051761935,0.07750880379995538,0.07060043886057878,0.12281699433373461
14,0.0,0.035533763064137996,0.08131180255899999,0.04371712731019833,-0.06731883773352565
15,0.0,0.10208325954758002,0.2356732752512305,0.10017771046527921,-0.1587144098512383
16,0.0,-0.12403489991414707,-0.25268302132119175,-0.1185915557252519,0.15375027082098913
17,0.0,-0.031955540192383,-0.080804578820464,-0.1708704723987407,-0.0354430768461832
18,0.0,-0.06965691843042711,-0.06695859233492049,-0.02640132580166038,-0.07197060214537743
19,0.0,0.06635565660186923,-0.050657450359058886,-0.07065987347825342,0.1440063754407928
20,0.0,0.015711185179517917,0.008639812068610614,0.05524119926499203,0.07360301069400588
21,0.0,-0.09551445855271752,-0.21218870416139127,-0.12195128611911926,0.18799514679834806
22,0.0,0.001906189636046409,0.06329490759463005,0.1414800744664212,0.01411831845694489
23,0.0,0.024427432241455493,-0.07226040614370305,-0.1480811929436432,0.07419902142565626
24,0.0,0.14566385895538417,0.13880380132242282,-0.009601881218684175,0.010249996427596608
25,0.0,-0.1124889848551009,-0.12662601326010642,0.011770018148310125,0.0444432265713225
26,0.0,-0.08572829194406714,-0.02511237447644543,-0.03373205175800775,-0.1970163490082856
27,0.0,-0.1982014583025179,-0.2926666505316684,-0.07365717336358402,0.14098747380868765
28,0.0,0.048921038999232655,-0.024381981540109163,-0.0794281932636424,0.07384534113416164
29,0.0,-0.06736304086468434,0.03582143363904002,0.15272397934133622,-0.07159459892762632
30,0.0,0.20781573205700773,0.24325456439069804,0.11805865646538036,0.021868977471306117
31,0.0,-0.020205235386361348,-0.16516523774663439,-0.14548103503130827,0.16845796666479082
32,0.0,0.05351800910202471,0.1753280563072845,0.02607399279920275,-0.23879533899314098
33,0.0,0.10268817626289861,0.06943740791557812,-0.062152835289533026,-0.013219978373237962
34,0.0,0.16924678823681297,0.16872398635872687,-0.09207923517473304,-0.06534838246390627
35,0.0,0.06559816020572445,0.23724415089003115,0.18670769680572574,-0.1302966436134503
36,0.0,-0.09659322029634981,-0.1573470486218207,-0.027029374763826608,0.09478909451959704
37,0.0,0.17417433162810458,0.16215338866741782,-0.043910635345755324,-0.02895524149410733
38,0.0,0.10014078899540417,0.09795810165878659,-0.061341330720293824,-0.06898478504279049
39,0.0,-0.2108924917593533,-0.19849940307769234,0.04069089744261068,0.010922654506525095
40,0.0,-0.11278240463745348,-0.15499640591201871,-0.028911317828731374,0.11321571888226166
41,0.0,-0.10642328024368573,-0.09337564717891592,-0.0160142287040592,-0.050458666953414714
42,0.0,-0.03307588407000666,-0.04781565704859685,0.013712629479806324,0.03691646090877798
43,0.0,-0.08289939063887403,0.02143227702790755,0.16749586350495532,-0.021622325341109864
44,0.0,0.13973850363219742,0.2288771050738771,0.029378526771294936,-0.1758136376778073
45,0.0,0.08840437216963558,0.15820268541675403,0.021848075952783583,-0.142659944147429
46,0.0,-0.03254076798053762,0.11376119699252613,0.20447040315542403,-0.11247488879956946
47,0.0,-0.05982399998104196,0.0805064400607482,0.03336757843744702,-0.21451493181403758
48,0.0,-0.044346119521695954,-0.06142663799892989,0.07396613035914235,0.15437735628733812
49,0.0,-0.13476297637497098,-0.09906175475770199,0.08162889629400086,0.00902977875204658
50,0.0,-0.02422639517234848,-0.016627187366446444,-0.019622837308001427,-0.042104876856763895
51,0.0,-0.055848914696716906,-0.012360541655490609,0.191646352655932,0.0869005473085768
52,0.0,-0.274745598711847,-0.282468386591066,0.03340450801149464,0.04872568772570704
53,0.0,0.05854020599182816,0.24190852311389202,0.21980002895643613,-0.18315156933373666
54,0.0,0.12514641760684664,0.014362149223188542,-0.19052592178513766,0.08582027717336571
55,0.0,0.06248381355535046,0.09211827293890487,0.026628884105227638,-0.04300156128247733
56,0.0,0.012232783420020075,-0.0808228817434264,-0.10450432438792001,0.10793170606213309
57,0.0,0.037402931211400064,-0.07373749568962346,-0.10639488333006901,0.1282676403632972
58,0.0,0.06839944961646546,0.010262303172362854,0.00030986598592359324,0.147091789978238
59,0.0,0.08897550708335812,0.23326921972772507,0.27957867663860037,-0.1687887508788222
60,0.0,-0.07413434574247466,0.034400103924062675,0.16645476112829805,-0.09056565371038511
61,0.0,-0.05324250226309655,-0.0636411585826505,0.031943423755263524,0.05320721236525239
62,0.0,-0.20005749633545508,-0.17501566919911235,-9.461108823156927e-05,-0.047913168817951934
63,0.0,-0.0776015469150297,-0.08142675753113165,0.022671881018292456,0.03076765141704718
64,0.0,-0.30072709972030415,-0.3998138332935644,-0.0935610416281588,0.10948999377231425
65,0.0,0.030737324846823955,0.1816620572062846,0.13114571842013878,-0.22980518119386367
66,0.0,0.04907376778899308,0.038117189144067004,0.06506149995079824,0.08695879587452304
67,0.0,0.11573624602193097,0.1345962166698716,0.03559984804101395,-0.004837021649908735
68,0.0,0.021100124800430553,0.007522794752665065,-6.16907091285368e-05,0.027526795795799863
69,0.0,0.05746872966740383,0.14272197660833896,0.12358756021043638,-0.08798809126608258
70,0.0,0.12750008995483997,0.18414979078970484,0.07664623205397642,-0.05235344215050264
71,0.0,0.11795169625340736,-0.08555920391939824,-0.16501893642425883,0.18963424092841497
72,0.0,0.029367675359282742,-0.02739018255971014,-0.13108704189999798,-0.025620369057340442
73,0.0,-0.043543915653350154,0.06015378843174929,0.08469453107533535,-0.16162107479019538
74,0.0,0.07923178054802768,-0.11576487818515105,-0.1172675938398788,0.276716656599849
75,0.0,-0.019600401394535713,-0.009900797334007921,0.06634343616754143,0.03833567450954822
76,0.0,-0.16170662912754719,-0.11638327476420639,-0.007014358485213451,-0.07753302133814821
77,0.0,-0.0022326160809230944,-0.08286501569669,-0.17824572576542175,0.019667963611187944
78,0.0,0.022481877556245422,0.018722960289676682,-0.02232070177939352,-0.01654763224041056
79,0.0,-0.2011128599849187,-0.14576008386617556,0.014299830194158623,-0.09237385270160714
80,0.0,0.06282463302604957,0.06556388084640279,0.02231456093491637,0.01731549224432094
81,0.0,-0.11330411932749374,-0.07622629872060455,-0.10066976860659299,-0.14130177207811334
82,0.0,0.0031045625559209533,0.09131109299966726,0.1356281475264774,-0.033436059621665404
83,0.0,0.10277083831394748,0.18232417412620522,0.06716619755345977,-0.15741116135233746
84,0.0,-0.04037920895038605,-0.09726743957227835,-0.049457796706657606,0.11852774577945424
85,0.0,-0.1484714312849209,-0.16212955702831205,-0.059625539385065054,-0.016297404240779523
86,0.0,-0.0479641444430261,-0.09130034520438012,-0.06555264976529301,0.04083739707518386
87,0.0,-0.05268740538688058,-0.22711492489555415,-0.15589261931392434,0.12807907832082766
88,0.0,-0.13575632901142104,-0.1461389429763717,-0.03145166369827078,-0.0047828906514267855
89,0.0,-0.2524047148229678,-0.13299402270032348,0.17517180421110007,-0.06678881777445855
90,0.0,-0.1969444563851998,-0.19408206001359027,0.037827808350195016,0.03802673595692474
91,0.0,-0.0979690778211564,-0.009912844277949168,0.10782654306353116,-0.057468285847917744
92,0.0,-0.07270296886169714,-0.22293946598089237,-0.09941881172142,0.19475421251332758
93,0.0,-0.007681170236905066,-0.030780256880992216,-0.060225075807370736,-0.011397724938691622
94,0.0,-0.16439955216523733,-0.12776530643663866,-0.03820819612871394,-0.12068374406388781
95,0.0,-0.02646175994111685,-0.15090800972723067,-0.06322754520394563,0.221512718040187
96,0.0,0.08298698976946095,-0.006431390424869815,-0.09506788910794216,0.07611522719727082
97,0.0,-0.036995266839178476,-0.11453873336046888,-0.14585227340839277,0.007774544780539738
98,0.0,0.07266195142171232,0.15316734932370035,0.00990065347953796,-0.1586235938127485
99,0.0,0.0977055689288531,0.1341369246265878,0.041657013644500814,-0.04616900024043523
100,0.0,0.23463796289191247,0.3403172999168521,0.1982624922976688,-0.05380938270119348
101,0.0,0.023389102873155473,-0.02069474002178669,-0.005828028885914209,0.1194823243079548
102,0.0,-0.062426092165471944,-0.008024135524560112,0.04955906927462446,-0.05565677302646821
103,0.0,0.2480320717355915,0.5136179886235833,0.22180444190800863,-0.25664202619138987
104,0.0,-0.021036172646944823,-0.012105352274851412,-0.018901427248661264,-0.05801998409355634
105,0.0,-0.1281832563754065,-0.11124966949396842,-0.05952041965429922,-0.11986959106823264
106,0.0,-0.011225385554917405,-0.09495517853840962,-0.13237984074650014,0.06738108498271489
107,0.0,0.23321874600956394,0.00245218729269598,-0.26957400988140845,0.23929311472759018
108,0.0,0.01986419249886795,0.03428407626982986,-0.00034157237722956535,-0.032242316313431774
109,0.0,-0.017859772919444135,-0.07572198765870518,0.036594918192254834,0.16132040093693034
110,0.0,0.00501569390736703,-0.008777920249848248,0.02476382254906449,0.053104735079953724
111,0.0,0.02909182991229277,0.12182543756605813,0.009056576634849378,-0.22110222728389303
112,0.0,0.1654708082596552,0.1947155230655117,0.14295459046227504,0.0879721080384478
113,0.0,-0.010037540205986281,0.05413827586885976,0.0336371427513861,-0.0925274791892684
114,0.0,-0.08323226055620192,-0.03283378907758769,0.02345664199377634,-0.10750837621359344
115,0.0,-0.19322455986479828,-0.22929745144726457,-0.017032762610019903,0.055566890520388657
116,0.0,0.005177399720737608,0.00301866826441228,-0.01224307372672297,-0.011248837081983763
117,0.0,0.10542482280655892,0.10545443874988893,0.07354988806891302,0.05121719092833299
118,0.0,-0.14538379924594108,-0.31673850111573065,-0.15859612007295865,0.16583264809815168
119,0.0,0.013088281988559205,0.006663625911532481,0.027316357881662007,0.07791988734699273
120,0.0,0.06499116249847035,0.09365951091730358,0.05456204919623125,-0.017306131354226872
121,0.0,-0.007786369670604754,-0.057398000184136586,-0.10706146162153159,-0.0012589405304183066
122,0.0,0.030192877508146837,0.23360101378121964,0.1913060788553223,-0.18072362923405683
123,0.0,-0.010822048171145848,-0.2432315634072735,-0.3689536408866731,0.2580783408186742
124,0.0,-0.10484181238877666,-0.056317162984738274,0.0159531222387206,-0.09412732374053234
125,0.0,-0.008898096801636779,0.10332082567146011,0.17264374879158423,-0.08538000800315171
126,0.0,-0.0019660830861418957,-0.03792858504343444,0.0615290315436761,0.13456763402698546
127,0.0,0.1197582289403697,0.11704624698182861,0.059998069639918085,0.0806627465544455
128,0.0,-0.3028139972740639,-0.21039631266742,0.2601292739969274,0.01107815908358556
129,0.0,0.24154265199278213,0.4248500923679475,0.1710642051966184,-0.18279549601545653
130,0.0,-0.14882177779460962,-0.207340455876459,-0.11551163526544223,0.0347544373104226
131,0.0,-0.056941989072974625,-0.11927217591540978,0.0018198285293230254,0.14191180359257471
132,0.0,0.20155963622629763,0.21421997082707,0.04877835806291525,0.00754119585773716
133,0.0,0.060315568228762426,0.11273762525644013,0.03506803952180029,-0.09273227105462767
134,0.0,-0.08250659137247028,-0.17029727314932447,-0.07776454949604493,0.16103111484000776
135,0.0,-0.07740335444929654,-0.17424071534951646,-0.0359032770873467,0.18563786651976377
136,0.0,0.24192935592727502,0.2288693416541222,0.036375310829578886,0.06098167750902932
137,0.0,0.11059230325221284,0.03987627476601485,-0.16481650138957504,0.007988421772797093
138,0.0,-0.12972460181607492,-0.05805279630475438,0.007336512492159206,-0.16261342325882677
139,0.0,-0.09183626778217889,-0.05785484765266082,0.0510233053389076,-0.024867287568409724
140,0.0,0.10880353043067796,0.12972974325516445,0.011036942639725295,-0.04716320149988018
141,0.0,-0.1169601866957378,-0.33690093867587506,-0.2542689100136564,0.259347014719832
142,0.0,0.2089559160377057,0.16093584236123723,-0.08268674848807096,0.00024221153887282743
143,0.0,-0.08052191851668586,-0.07776706170811602,0.04279487854705766,0.07232706441661718
144,0.0,0.0606036470879004,0.022503522142450685,0.0659025624509685,0.14415313988237796
145,0.0,0.0044385605740001645,0.2960227535171082,0.2789652266382495,-0.2894228488844177
146,0.0,0.10521129274647656,0.051124780209087076,-0.23993862493468632,-0.08107922258981526
147,0.0,0.06187835532566641,0.08372568555153151,0.06999938182524465,0.029030412508225356
148,0.0,-0.034006830388729634,-0.1473928563852068,-0.19222276981142802,0.061403014708121255
149,0.0,-0.09657358196176002,-0.11047473227627076,-0.12999353125238908,-0.046494621459227704
150,0.0,-0.11003177306580748,0.07052456263530221,0.21120561809238314,-0.1843783686324909
151,0.0,-0.0657050034415797,-0.08301431642126744,0.07408918180043242,0.11042602857496298
152,0.0,0.1779935107315109,0.08698289107284776,-0.1252541054635541,0.048714815676960455
153,0.0,-0.03616464277943837,-0.003447315944155923,-0.003035375752178118,-0.0975730453266913
154,0.0,-0.09363864065920305,-0.07112206706079882,0.06930095159668825,0.013762052034893946
155,0.0,-0.13153967758837637,-0.13048524002103729,-0.009979934901169676,-0.014273010036973455
156,0.0,-0.07261726070180821,-0.12578657897476947,-0.0758179122743488,0.07954201738647337
157,0.0,0.08442078628091884,0.10946680634306727,-0.1144327428550718,-0.13322936525965745
158,0.0,-0.000828453015243813,-0.21350367944778714,-0.1424205283937796,0.23011405797846068
159,0.0,0.026317892374037255,0.004023619753495305,-0.08253044450704033,-0.014740575934198419
160,0.0,-0.29619433134712714,-0.16809082608574122,0.10041747910687908,-0.15685749577760932
161,0.0,-0.054005793412309655,0.0005237599725904118,0.07871184754711039,-0.03472735207914113
162,0.0,0.04077846405542436,0.06214747185288357,-0.003085397596142141,-0.054048880564124484
163,0.0,0.009669059045524175,0.016461768368485803,0.08973193328976282,0.05198459866830063
164,0.0,-0.13995848113790718,-0.10800994618792956,-0.034326398075709655,-0.09220521355877276
165,0.0,0.04596101256205953,0.1042654157901719,0.02492026391687463,-0.08484006605786444
166,0.0,-0.0056497116820678,0.05962830581098198,0.06559540522817088,-0.07421521101161144
167,0.0,0.06144347422044194,0.07288893097912924,0.026780811380854017,-0.005162353868233049
168,0.0,0.015842961822959425,-0.13992655642780583,-0.18972539887296844,0.16959638728167326
169,0.0,0.15740856508318696,0.2984212488020951,0.13936456264581668,-0.15610047807524674
170,0.0,0.08147822936553042,0.009954792584251757,-0.01258038414322912,0.15428278562371608
171,0.0,-0.02630129017837582,0.04388161732316133,0.1175405648647995,-0.07922438577406932
172,0.0,0.07728421681736222,0.20865377948035607,0.22588783276405824,-0.10742935582408442
173,0.0,-0.03744825685312812,0.0923088690150452,0.1267059468195885,-0.1492499615727283
174,0.0,-0.02243472159830917,-0.08796569460127444,-0.09290349170416136,0.012722235507410473
175,0.0,0.18141831047631451,0.2788449464175441,0.1361061420104969,-0.13227263159570302
176,0.0,-0.024457382453551085,0.08477537211564842,0.1177905486890046,-0.19051519076303447
177,0.0,-0.21395520890450898,-0.268718402707047,0.04829368762699604,0.17295317174819835
178,0.0,0.1566762758906488,0.11193161419497992,-0.1406107794859046,-0.05437925218886752
179,0.0,-0.011298298527506079,-0.04439379368371377,-0.07445412249214911,-0.02384500256964836
180,0.0,-0.10801445498770651,0.07742930968747566,0.17177889725145082,-0.16321238453476583
181,0.0,0.019936719949198132,-0.12213421759781283,-0.13460810816636165,0.1998971723393851
182,0.0,-0.06873170929111506,-0.04934932566579846,0.00010517168295695058,-0.07497768638912149
183,0.0,-0.005844558793399006,0.22475462917616218,0.23990397925400794,-0.32282673022074193
184,0.0,0.02351469307902489,0.02220454945302799,-0.04707646592947639,-0.06361675004995981
185,0.0,-0.05983585583936546,0.07264430973460913,0.15072140287550978,-0.19968082632637363
186,0.0,-0.020103463099488655,0.05673838450343254,0.05248484365596635,-0.1646272615847879
187,0.0,-0.09163280045968815,-0.06113528169954208,0.07782697413960227,0.0038351350100082338
188,0.0,0.2198885625685354,0.22546122853390438,0.07442843078209271,0.04778846842882613
189,0.0,0.12080452886183007,0.06584256820186775,-0.02212053012699995,0.09745125983200442
190,0.0,0.20957521039619476,0.3159988583287691,0.21855317346861394,-0.010406922043114109
191,0.0,-0.11535167753291171,-0.2567837416500212,-0.20433138872676193,0.17091747507070731
192,0.0,0.03822467415892867,-0.07629178938205944,-0.20592649726007442,0.08291625682633685
193,0.0,-0.05699158768150539,-0.05106800492713356,0.11122915512757835,0.0746753535611388
194,0.0,0.1351002124450414,0.10075899791692264,-0.09960588874837253,-0.025141006529497467
195,0.0,-0.0452863194516894,-0.01584580786389071,0.09622326798056986,0.024845172583428332
196,0.0,0.018419870682852175,0.044517540253196805,0.05574027057547208,-0.013817997251825087
197,0.0,-0.0010477364404088974,0.04495232119138007,0.04716756778446626,-0.06353419331644417
198,0.0,0.0017790047027316305,-0.029981058912230976,-0.10483210731459379,-0.01633182877225449
199,0.0,0.11446432195709871,0.20976006270756553,0.2047441156306984,-0.02626206499975431
200,0.0,-0.09748582818499768,-0.018963033624721085,0.0908861832520969,-0.07669548664093473
201,0.0,0.12367594440757414,0.14235444797620433,0.03574697539422737,-0.014092935650889649
202,0.0,0.010951502645120736,-0.2847769765080351,-0.2309361239080471,0.29988011370348366
203,0.0,-0.17296448303853348,-0.1276000939931533,0.038429995558796684,-0.059194907685405695
204,0.0,0.05338484954672114,-0.15324261834841868,-0.28739945777116127,0.1572199024153118
205,0.0,-0.24773367032754962,-0.39309163031694155,-0.23789853676124753,0.153756567574163
206,0.0,0.017959155019818065,-0.13042155707499375,-0.2827580046126249,0.08360305311953642
207,0.0,-0.004269235025472884,-0.0848815014039297,-0.09852137381373084,0.05902415224654145
208,0.0,-0.04537639618720579,-0.05260098610611971,0.008278887259221093,0.02590347518377741
209,0.0,0.10299524316277542,0.18861606522282465,0.06022582583567096,-0.13172987436087502
210,0.0,-0.0649313454945262,0.2551926735915131,0.42510514148538936,-0.17817305379890347
211,0.0,-0.041092738766031756,-0.014874101407036933,0.02721507574299438,-0.0315057496472384
212,0.0,0.109271850161767,0.09118673761210205,0.0050949142506291345,0.10922906745946824
213,0.0,-0.17189261966500058,-0.2507317071255231,-0.07921508663953249,0.1166544333534818
214,0.0,0.023164207000167136,0.19491740092260934,0.27933855496704374,-0.046718298993078
215,0.0,-0.1034694987135576,-0.0348562008809967,0.06989831698099333,-0.04844643791979819
216,0.0,0.041575029696846476,0.1206160020332811,0.21216580448901007,0.04438067951527669
217,0.0,0.10884927035785452,0.09684810103838085,0.06522502181296835,0.06246974994618837
218,0.0,0.030297646095224798,0.18796963107383502,0.1713096323061125,-0.11283363008524105
219,0.0,-0.10962531819981199,0.06389605609236261,0.21859363348500804,-0.17050161719699153
220,0.0,0.08211138012278547,-0.09041645947263856,-0.18338068375134234,0.1435454781718769
221,0.0,0.01847467069535068,0.006146562769242345,0.009070568197549655,0.03210326383171669
222,0.0,-0.028849034703358756,0.08041731716172727,0.1737234710708708,-0.08040865615299375
223,0.0,-0.04155973231967846,-0.06444931200124748,-0.07437411741019725,-0.011092733723940373
224,0.0,-0.08083863060536203,-0.05673100708397129,0.05992275851233833,0.009779121226675458
225,0.0,-0.008258695685385176,0.07043344410100631,0.03602117167949514,-0.12073565986613287
226,0.0,0.2037328332733304,0.24179939670924222,0.05949762784975676,-0.047425969648923594
227,0.0,-0.002120472379863226,-0.11225066579126097,-0.11744267927214358,0.11075200421421208
228,0.0,-0.06892347470703286,-0.23858421904069577,-0.07571346499256035,0.2756715405574214
229,0.0,-0.02758310302921035,0.13241541086627107,0.2153792843068716,-0.17015374466665745
230,0.0,-0.12134036034192007,-0.03816354896075818,0.06455298154930485,-0.09031437442350199
231,0.0,-0.011507149361524582,0.09262924663955704,0.0701528083703221,-0.17246414910531516
232,0.0,-0.10060922410678846,-0.27812567173342506,-0.15954278391070068,0.27164954991047285
233,0.0,0.08378872936419557,0.04504607036754154,0.05997522717565902,0.1218362934976096
234,0.0,0.027566667581539986,0.020034159137599587,-0.03685875405704092,-0.025339961082049056
235,0.0,-0.08147923956486336,-0.044962623912065736,-0.05635996193139403,-0.1322648900768448
236,0.0,-0.1044721657298593,-0.20059670542619235,-0.09476864699571563,0.1273888204591797
237,0.0,0.0254584727783993,0.08033409401829283,0.03313135187019226,-0.09057917538818239
238,0.0,-0.020000593158376438,-0.0005333518889579902,-0.018841674141976475,-0.06457049575209228
239,0.0,-0.050930805400558166,-0.1510108925897304,-0.16043730120430053,0.09956798310143798
240,0.0,-0.15924238545921446,-0.1558330418792655,-0.04792352395483241,-0.04656004977164874
241,0.0,-0.06434239620247317,-0.17827306328901985,-0.04248879596524993,0.21121731369749552
242,0.0,-0.0306883433919991,0.037521322432064394,-0.00919403372635727,-0.1975830712147424
243,0.0,-0.04287537601464674,-0.00024570016630680314,-0.017736831779154374,-0.07959882133555607
244,0.0,-0.00814609548195655,-0.13413877829590196,-0.14681387868789625,0.138905692952088
245,0.0,-0.04757846752598578,0.05283727761344196,-0.019984764851524214,-0.23019771231571928
246,0.0,-0.15519615337747808,-0.2977307701903448,-0.1716635729967111,0.16906197239249343
247,0.0,-0.15410503090842342,-0.29940423721787446,-0.16477026197034306,0.11172563118136504
248,0.0,0.06071419967452796,-0.6720317757583265,-0.46505064367453786,0.6007015510991396
249,0.0,0.05411190791531152,0.098659875098239,0.07801710715432819,-0.05094445411790294
250,0.0,-0.22417312687721036,-0.32194251258168344,-0.08069529117179162,0.08818535123312221
251,0.0,-0.1040589381559236,-0.09032799874796044,0.01563560951882116,-0.010741067908499158
252,0.0,-0.011940978432561061,0.09387546531253821,0.2588446310440793,-0.013528159793633747
253,0.0,0.08095999767555984,-0.05349705077045287,-0.16865103647699745,0.06909695530605697
254,0.0,0.09281092456723694,0.011732326033764506,-0.047073067219455034,0.10966751687966411
255,0.0,-0.006826272009980334,-0.07201916417602468,-0.18984879736798432,-0.09127876044319594
256,0.0,0.07335259192915454,-0.005280021436022929,-0.043450588805870834,0.1398424886990327
257,0.0,0.02765060330133559,0.034789615585770955,-0.03032611361180623,-0.07076943492885479
258,0.0,-0.03261762919423001,-0.06700596814306949,-0.055995892769701267,-4.345369344049832e-05
259,0.0,0.153734115183798,0.3140727128750347,0.12409000941184006,-0.19094362069890236
260,0.0,0.11788761189470985,0.12336490734616858,-0.019735005055432266,-0.03331875111436111
261,0.0,0.048931809443626184,0.13149015345534093,0.1104710542724702,-0.08464671737937479
262,0.0,-0.006892079530136375,-0.05914572873400711,-0.1161662036836145,-0.009045891927262906
263,0.0,-0.10545515483747689,-0.11602483065734576,-0.07702316829407051,-0.03622269317252924
264,0.0,-0.08765879842980118,0.025653802744665763,0.0788653562457436,-0.20540077921876498
265,0.0,-0.012140002775803044,0.05868560653403354,0.13409067696715576,-0.06342925271703792
266,0.0,-0.013906180395979718,0.13222644675738118,0.21185992687448021,-0.08562189721152347
267,0.0,-0.04786444735001116,-0.043886196753987264,0.042573671033016056,0.04072748570434315
268,0.0,-0.04570790949678796,0.12487855527819001,0.42382390090860855,-0.04974589240342964
269,0.0,0.11538272703806393,0.13202008154522427,0.030510538257145798,-0.012054580961348593
270,0.0,0.03643267343565615,0.11791065773182614,0.10071010440017195,-0.10010450336859045
271,0.0,0.056007785623282014,0.05280494492850778,-0.09285810844718581,-0.06088949183817349
272,0.0,-0.005442351185682925,-0.10652691861747515,-0.15165692523010152,0.12418018646931739
273,0.0,-0.020543444894219966,-0.14117167127340538,-0.07885922356055727,0.186407951287773
274,0.0,0.11410362014948616,0.05103689262886557,-0.02861928669909619,0.1270618526130091
275,0.0,-0.009123290294713789,-0.08643807787823315,-0.12083661233599242,0.0679756429141708
276,0.0,0.1127678774345939,-0.039719088415886866,-0.18918381472760282,0.20363758112168784
277,0.0,0.051959958143986316,0.08586838033398463,0.026372313899145627,-0.04459718730767848
278,0.0,0.01624771652116437,0.11154403280035999,0.1727367829459276,-0.045494461641336414
279,0.0,0.2491165035606665,0.12617508832425134,-0.10602812422691149,0.10072267544362967
280,0.0,0.11761766596920432,0.14298087086489764,0.008626995714175745,-0.06836146894495898
281,0.0,0.037425470719714554,-0.05426651547428376,-0.15158947994525598,0.06428167822653252
282,0.0,0.07197796197894468,-0.019900122647907685,-0.08988243186848213,0.11269727012840902
283,0.0,-0.13524673535367282,-0.27898968397830465,-0.13983966666335834,0.10881163788573789
284,0.0,-0.004181141348142382,-0.024933800624334063,0.045099606946251626,0.10147920417550127
285,0.0,0.21805005732175842,0.41564169894349545,0.1593199543537516,-0.2985106039477827
286,0.0,-0.1385122835721346,-0.10823681465643076,0.05138187158277807,-0.025276819887995766
287,0.0,-0.1378602604457705,-0.1369484486514246,-0.004930603882933985,-0.010892082123654001
288,0.0,0.009941127140005099,0.0632261821087099,0.08408444939546783,-0.04263507630477581
289,0.0,0.012495800050519833,0.046219109883532665,-0.03686860497865782,-0.12770602588224586
290,0.0,-0.1016853811108066,-0.057017130425416285,0.03294621003927221,-0.08374965442367555
291,0.0,0.05922665387688181,0.08414227508412717,-0.04774629868620228,-0.09367091962282026
292,0.0,-0.048273401531913146,-0.04088475476413897,0.11386022193742347,0.0599761213983776
293,0.0,-0.015342543174710652,-0.2705780971197027,-0.2666689654487209,0.2554865947296794
294,0.0,0.0951779362439145,-0.04986992551382384,-0.16010416852899362,0.13963714334943456
295,0.0,0.0028583549603324113,0.049930780518607,0.06050207290705476,-0.05203951145845065
296,0.0,-0.09272545058243972,0.0619567153234053,0.20409249390555495,-0.09371335047709885
297,0.0,-0.02326671137356104,-0.07305285383346011,-0.015494604792286776,0.09092195261404856
298,0.0,0.12347747940934617,0.09054282565246234,-0.048341768889715614,0.02226662632508224
299,0.0,0.15763063399173208,0.32008449817610085,0.1658428623077399,-0.2908463600141924
300,0.0,-0.054107534440121084,-0.04936187619352361,-0.013818729224314735,-0.018224872305819373
301,0.0,0.01697751117249728,-0.05328971154524442,-0.06320214412012448,0.09985862482374412
302,0.0,-0.12925331954333666,-0.2690118714094679,-0.1509037251697687,0.15637091608826703
303,0.0,0.10377082962787801,-0.032415520767892225,-0.06395505692701486,0.1899583579707712
304,0.0,0.12441952810906308,0.22074129357574454,0.15276901585160302,-0.051030356032624624
305,0.0,-0.06431911408407043,-0.10430735652843204,0.028793240280481358,0.17142252908615896
306,0.0,-0.07449430987564538,0.018165485923135397,0.16756756986967322,-0.05737532229897868
307,0.0,-0.034274863796480703,0.07199407763765756,0.23306891641909355,-0.047229899135251774
308,0.0,-0.1382308286900856,-0.18062412331323258,-0.0989235278087103,0.0012650092375269262
309,0.0,0.1723595436966822,-0.1385102408419462,-0.3608102502769714,0.22705885930012104
310,0.0,-0.1063882496094187,-0.14433929106855586,-0.024697547266439093,0.04729624896138929
311,0.0,0.02639546456837428,0.03847502113688511,-0.0043118716155462235,-0.02883244317828193
312,0.0,-0.002824211662046966,-0.12924503299584394,-0.10757703269205163,0.23778525221566404
313,0.0,-0.06751143744096418,-0.07058833949309787,0.010005276280246132,0.010854997379409759
314,0.0,0.10862059912063005,0.11205201877851623,0.09510739996285755,0.11626405575580545
315,0.0,-0.04216974206426394,-0.02087992808966769,0.09440058477254186,0.05862047379536395
316,0.0,-0.05151427997510655,0.04155693547668669,0.09509444968390832,-0.10263686514868775
317,0.0,0.1293500846439315,0.08036931370701228,0.019528121856589108,0.11228046638443245
318,0.0,0.08937690603344065,0.24060247830556866,0.093923128735983,-0.17105338356284894
319,0.0,-0.03909296116211507,0.06003227600538889,0.21051814698489404,-0.0089591194513714
320,0.0,0.18383820390058828,0.25602955704195907,0.09890867322838348,-0.0477735384039851
321,0.0,-0.06557338888785269,0.045585314446743574,0.15847389831314995,-0.08677953948449668
322,0.0,0.05708550271369166,-0.0695541655551104,-0.19977262240880544,0.10085748526854557
323,0.0,0.14645283908386428,0.1519916693504623,0.02721010024269907,0.023229000000539846
324,0.0,-0.0032459730292169822,0.17061324403504627,0.1835431564144186,-0.1793960174446898
325,0.0,-0.10283767101298212,-0.053833485070786426,0.018326906526156688,-0.09807241884489858
326,0.0,-0.2000097363427027,-0.26779771249959183,-0.11004647274896295,0.05670605439792715
327,0.0,-0.10854127055713433,-0.09509116362456319,0.018064523308551066,-0.020213111263808425
328,0.0,0.016358482345787326,-0.13136994985223976,-0.16130410993543653,0.16201382004902154
329,0.0,0.2142365309044873,0.12251353856250963,-0.11486383780947715,0.06442174386403443
330,0.0,-0.1151829721663476,-0.07315029069996792,0.09383844325013624,3.992282942362653e-05
331,0.0,0.04329799016681516,0.025784421764191177,-0.008526847045600285,0.03294728058652041
332,0.0,0.14475188644596626,0.04322749213098047,-0.10980674507545643,0.07898842681495163
333,0.0,-0.018962448695382793,-0.08553704354690218,-0.1292519469988211,0.01899090029425199
334,0.0,0.02013737679761342,0.004010654180899982,-0.05003652511138596,-0.0019828457205922625
335,0.0,0.05540155210947385,-0.06660131241091045,-0.10671702198489641,0.1878028096946659
336,0.0,-0.15521244617372945,-0.13008013955041908,0.13486756591649024,0.07407833597690572
337,0.0,0.05497589292626716,0.13736063504682727,0.06221030397911442,-0.14127411108182325
338,0.0,0.06126796883676988,0.04314504606212968,-0.030648616214939528,0.01071567416227659
339,0.0,0.027624238280120228,0.09730729606181597,0.08067894161626529,-0.05936496071888673
340,0.0,0.15310016304661764,0.17939582848553845,0.038806979041859535,-0.022070766842851253
341,0.0,-0.2157526745155448,0.11396473709814109,0.32750974887422457,-0.2547539570533295
342,0.0,0.023744435438065287,0.04474028949268227,0.017929850325859586,-0.02703426440113424
343,0.0,-0.044052244505073626,0.032519362668101306,0.13766253674984327,-0.037214138290487905
344,0.0,0.09994294611840981,0.28024614219408306,0.23785772180605308,-0.1951158709719445
345,0.0,-0.036773473586029504,0.09691719469927186,0.1044935614182267,-0.21972383637816062
346,0.0,0.035174316207542855,0.05343549308997739,0.16561156842163688,0.10343819398886489
347,0.0,0.014209526039131849,-0.1387945467286414,-0.23050374611798324,0.1998558377711609
348,0.0,0.024024423281109826,-0.05302899798289006,-0.05165190618491582,0.06945597469416664
349,0.0,-0.021714422452670412,-0.06187515077847505,-0.1258826301729029,-0.0659402912483269
350,0.0,-0.021162826680535346,0.1133469263368601,0.2272825173983457,-0.16782560012985215
351,0.0,-0.04632201117474001,-0.007612386807987592,0.03775384509569879,-0.027032204837096327
352,0.0,-0.20275105180602715,-0.265154767462413,0.057859869124445594,0.17146346857239458
353,0.0,-0.02659744488028326,-0.015647486643187623,-0.040727235875234954,-0.07121231532507177
354,0.0,-0.12286314275267211,-0.1096286988385247,0.007471469709110501,-0.017219292818742127
355,0.0,0.070635802376352,0.16783264818935675,0.06054174967079077,-0.1749630026380513
356,0.0,0.03428327200798997,0.009826438316979491,-0.011137742926773914,0.04656611713528003
357,0.0,-0.04158750457633453,-0.031868732664772886,0.05309216775212694,0.040501585408382446
358,0.0,0.12256599292580447,0.07107448767568549,-0.062382130683943805,0.04913441854760402
359,0.0,0.04180116383597543,0.18735329907889464,0.24400350089604517,-0.06483214751058076
360,0.0,0.04882113632089902,0.08738545808675216,0.04975320393261566,-0.02909055522874892
361,0.0,0.1745680852974265,0.16915118378321606,0.06437224673636073,0.0624485856181618
362,0.0,0.06470666672014116,-0.07287513050643643,-0.09518804837141542,0.24148215285891084
363,0.0,-0.05705773415632831,0.03392585742122596,0.0806592353286234,-0.11736635117137705
364,0.0,0.07138124635949734,0.13854837403911976,0.06569970773450365,-0.09911363432501175
365,0.0,0.1925937063355978,0.04041716744152013,-0.24993836063963393,0.013676515645769216
366,0.0,0.07495859939483805,-0.023932273177431185,-0.11435576797930924,0.08566819430783788
367,0.0,0.13509145987133447,0.17764617066262312,0.0730827918623864,-0.008755361259717103
368,0.0,0.05078281672213161,-0.09301293869913525,-0.1867620330471656,0.0804723223413355
369,0.0,0.092186640642663,0.13932425504641424,-0.023924958776293942,-0.10645744230333976
370,0.0,-0.05368967966332705,-0.0521404061699198,0.06802988176884367,0.08867974007433466
371,0.0,-0.006368027137708954,-0.1833685003162291,-0.14112431005832604,0.21218756759559634
372,0.0,-0.049096139557463225,-0.03926305563837665,0.014539699021941382,-0.0017295081859297623
373,0.0,-0.16377304069829374,-0.1979292470507717,-0.07497060835811858,0.008617715594365194
374,0.0,-0.24455849453907275,-0.20786055898940192,-0.011832440055253099,-0.0740127912483842
375,0.0,0.025318843671010755,0.27321083718653577,0.2078004238468898,-0.23873304270806672
376,0.0,0.03138429725112468,0.05647247806353862,-0.003173301772827125,-0.05798540359760729
377,0.0,0.19576515129407773,0.19663161448106353,-0.06765370037660444,-0.05896032149349062
378,0.0,-0.06035586527046956,0.07534914877038679,0.1122597333950861,-0.14982884428089593
379,0.0,0.10894253803258924,0.10243510645460067,0.013103128986527046,0.03498848564382229
380,0.0,0.10416614002948332,0.3844247429801893,0.3258795563500649,-0.17858963101622782
381,0.0,0.1308573208021897,0.142843212335711,0.03712891476961716,0.022277718455871214
382,0.0,-0.08336016479672126,-0.08552462938405367,0.03820912831301109,0.039640326265034886
383,0.0,0.0783112466791743,0.2896567371980757,0.16748706434304803,-0.26081431275564304
384,0.0,0.03338355411334181,0.24549799238908004,0.10937689794078048,-0.312999109296364
385,0.0,-0.004532411044454208,0.08066053217826225,0.14948529674628913,-0.0179636626384434
386,0.0,0.032638685678162416,0.09401445717629739,0.04350643378146085,-0.09926981280345026
387,0.0,0.08894052923771602,-0.020599301235982498,-0.1322278328619806,0.1209050389772286
388,0.0,0.015452265513560659,-0.13712894658590188,-0.0880832441533746,0.20444044392116553
389,0.0,-0.13260725600571965,-0.06279974153898245,0.09861880439180816,-0.07830660722776162
390,0.0,-0.028286432389988153,-0.10515035528125417,-0.1374814210500628,-0.006870918314434322
391,0.0,0.16004802595482126,0.04894081132578185,-0.1501414241153317,0.11037995450368698
392,0.0,-0.123272637422741,-0.109707075948239,0.002403679821658372,-0.033889528819082804
393,0.0,-0.05109077497501713,-0.16258281882891482,-0.18742305403545226,0.11889026218488519
394,0.0,0.00820718078693905,0.04801278286483135,0.06358537790319874,-0.02077346161794473
395,0.0,-0.0425568377213994,-0.010586034293498997,0.11939032768258079,0.039846877468115105
396,0.0,0.0015029999192879336,0.0033525965692827973,0.01630394648632638,0.021925357806044876
397,0.0,0.07138771994372473,-0.07779520724785641,-0.20372077796763138,0.04960901840931553
398,0.0,-0.12542243568315936,-0.045970653190694946,0.13382690510887607,-0.09882159257923928
399,0.0,0.14586299567368743,0.25657986814270783,0.12804911404587638,-0.10855687976876643
400,0.0,-0.1580619559428681,-0.35403888469453976,-0.3150090151267362,0.07125607962716562
401,0.0,0.056850748580288275,0.06126269879691928,0.09298514416902898,0.04952882981117435
402,0.0,-0.06342523022885248,0.05609609172478658,0.08389918344514455,-0.14377491016375576
403,0.0,0.2893074640657476,0.3416117433326795,0.1174993703899776,-0.017472414587828444
404,0.0,0.03912721882658861,0.009319787606519116,0.11087507491616264,0.1405235466696405
405,0.0,0.11134050038950526,0.054219793671537134,-0.10118124304553336,0.01994958730653884
406,0.0,0.06779264691082923,0.08711348687261104,0.06723322612618804,0.033767577217147515
407,0.0,-0.004232854373918515,0.1013094573632027,0.2551023300199076,0.0033293653888725183
408,0.0,0.10811286401649273,0.1638953561953529,0.09043114601874302,-0.04558855705545216
409,0.0,0.24171694165017443,0.26696961509464695,-0.008983829888618192,-0.11992597712091102
410,0.0,-0.040109624010412376,-0.13852328539603412,-0.06955117355445128,0.11752455771299862
411,0.0,0.12931192501806565,-0.11696577156273281,-0.1596692670676371,0.31478398963293364
412,0.0,0.10047404243466888,0.06024609118493054,-0.06715733190600191,0.016929390681986067
413,0.0,0.11055322383813043,0.2455488613807268,0.1544663343081092,-0.1286313914044548
414,0.0,0.04734739704187479,0.1069179943525819,0.09208950372145316,-0.06491553745127177
415,0.0,-0.06792466391610358,0.025541918982986092,0.015556221355228952,-0.14563269616713637
416,0.0,-0.06953855822931367,-0.16881054916909455,-0.09889175932068893,0.1340428323405518
417,0.0,0.13930910485197093,0.08378750506168688,0.022109299365750755,0.12966034762782197
418,0.0,-0.026352603139162697,0.10342554066166967,0.19677162538103565,-0.09027901882458744
419,0.0,0.10162606908879801,0.026273283087934154,-0.030802477174461863,0.1766599251993023
420,0.0,-0.10005629841848014,0.0712913990224736,0.14580227660725137,-0.15437615080038558
421,0.0,0.05785354933486597,0.037122362189861875,0.022080577943956625,0.060631034423158314
422,0.0,0.12560451581510623,0.03224015472385067,-0.15924498529991948,0.058855933881067246
423,0.0,-0.10360444220883247,-0.13115427173741745,-0.07790234792075493,-0.01776601455429061
424,0.0,-0.07045541863280218,-0.38962763101618436,-0.29013752019873823,0.3697428156397061
425,0.0,-0.06610669051580934,0.09246281948051009,0.26772456367432124,-0.13397155593975163
426,0.0,-0.19828267791811427,-0.34134308126317103,-0.06219861387130754,0.2333814224909747
427,0.0,-0.11418061049897754,-0.23452155162396987,-0.1887742005172734,0.06213929150814235
428,0.0,-0.14735287234361474,-0.05210214477220282,0.02137544364916616,-0.1782882961396013
429,0.0,-0.09701741417621217,-0.2032877462977075,-0.02898187925183115,0.2477067571795455
430,0.0,-0.006131806767880451,-0.04306419928194312,-0.02558867488475997,0.08135835219855925
431,0.0,-0.07989933510674506,-0.1252433091677102,-0.0955563411792282,-0.0032197819359344225
432,0.0,0.0012073277341305491,-0.07811520627722876,-0.12599014367187225,0.05148296939352104
433,0.0,-0.1256339902487322,0.036891321120978704,0.2683255450705103,-0.11663633229117254
434,0.0,0.060745518719631,-0.03853086293726726,-0.045460827945432866,0.19541476213192774
435,0.0,-0.07024570589213472,-0.07251129696522947,0.016869855314435273,0.019761430812044845
436,0.0,-0.03869304592797729,-0.23223428569026078,-0.28714564024329226,0.19720543360633414
437,0.0,-0.15485864045119976,-0.22671340069339802,-0.0703262227226894,0.09782456095950098
438,0.0,-0.08733008931706512,-0.2383020035086602,-0.14665267034536,0.15304905279348524
439,0.0,0.28596110685336057,0.09083816300332287,-0.2153872588072356,0.1302522781043581
440,0.0,-0.04304944237128169,0.025833542369868873,0.022116904728085186,-0.14928301459962556
441,0.0,-0.016065886486041302,-0.12591126038233225,-0.13012506238491045,0.10256652128048538
442,0.0,0.11410372602156672,0.0642200075531343,-0.08820916910102031,0.010385855196812104
443,0.0,-0.01852319278675451,-0.1476598801090211,-0.17988117686171953,0.11289976821892078
444,0.0,-0.11206020714539183,-0.13134168669785695,0.014959383851220143,0.061031007117593905
445,0.0,0.037301067855136615,0.15072972298107495,0.05149329648504467,-0.2309557787711336
446,0.0,-0.10131504725644937,-0.052224093855871505,0.08686664982964551,-0.008238852460432001
447,0.0,0.08498184619415924,-0.06903864377555592,-0.21206383855081498,0.13115457252084994
448,0.0,-0.023450618781170565,-0.1395710834507519,-0.07971259760390119,0.18105873695690666
449,0.0,0.012161436424033223,0.09005759302754156,0.09757846037675044,-0.0748277077071734
450,0.0,0.15092421541094667,0.08941853713893508,0.07489714157231969,0.17189094730512133
451,0.0,0.07007292611780769,0.016911348877984057,-0.08305291416039211,0.051021322208321784
452,0.0,0.02650840011288723,0.0047898040447313175,0.0324773738926122,0.09063964273147651
453,0.0,0.10275899279263356,0.42366482473804,0.2992624936709863,-0.4140815720412443
454,0.0,-0.037981551363137946,0.21079566119500862,0.2489250378081552,-0.20868311124494543
455,0.0,-0.188483518416807,-0.4296529194869043,-0.22827317756273427,0.3152105853805304
456,0.0,0.027941431242219247,0.1656611295114007,0.06256869002579653,-0.25326361035760936
457,0.0,-0.030078319169080964,0.030669553421595053,-0.031803145483452866,-0.19269990323227026
458,0.0,0.024220620030191542,0.10054022052786121,0.1305749929690139,-0.07425456117457552
459,0.0,-0.07206544924864774,-0.08833084092539623,-0.0014517314833016187,0.036945341707047885
460,0.0,-0.10812787263843428,-0.18813193047260257,-0.07287717912933278,0.07911628468793118
461,0.0,-0.03514808546787691,0.14351112422748696,0.23272432813578894,-0.16863445627408025
462,0.0,-0.0012442160304311383,0.04035165047388673,0.054467726682018915,-0.05114478668529931
463,0.0,0.22622796308694126,0.3027002673783908,0.00797275901305354,-0.14418933516122445
464,0.0,-0.08981950005968908,-0.17822806512998932,-0.02375047490981189,0.15760398738452508
465,0.0,-0.11712937304068256,-0.19212511203072263,-0.08036356930758683,0.07269658029906068
466,0.0,-0.06264213496848792,-0.025210603031342156,0.10072438401046287,0.006939784754390166
467,0.0,-0.08350664298625077,-0.29282126809500375,-0.10720069436672586,0.37457537886998304
468,0.0,0.13545362862435564,0.11293711138719754,0.10261012811814839,0.15138319868019956
469,0.0,-0.17669213237700615,-0.19746187988079433,-0.056742537638287516,-0.02371985924987857
470,0.0,0.013918704132351143,0.005629187049143886,-0.08297894063056986,-0.0587128708159006
471,0.0,-0.023833950312704126,0.11927799517962938,0.18057691214561167,-0.08282438630903965
472,0.0,0.029988691447345686,0.1469953609786441,0.0813795009412814,-0.20577787668256295
473,0.0,-0.06314733471670471,-0.011239698599189385,0.08344099239580627,-0.059133115712586476
474,0.0,0.21211602438394145,0.2783189190275936,0.14140866114106618,0.020917072213449947
475,0.0,-0.14035221692915573,-0.019272006660362023,0.07815062283062053,-0.2007756403581702
476,0.0,0.11978542468012458,0.21421725495344904,0.13403390910819493,-0.06239676022586815
477,0.0,0.001333556376171531,-0.05996079614728585,-0.09928216643324847,0.06264915367264101
478,0.0,-0.19379021198571533,-0.32323136414727105,-0.29580312436647005,0.05461159531393214
479,0.0,0.006407843570941742,0.0453825926031325,0.045190231197225685,-0.04803758474190256
480,0.0,-0.011261859703376453,0.12342531587304395,0.2090033468320212,-0.10080887114360482
481,0.0,0.08853738035164864,0.1041962313006246,0.06264256875374022,0.00461958688373465
482,0.0,0.06078327320040004,0.13915366802443446,0.0677492136040412,-0.123541663029747
483,0.0,-0.0899932730266994,0.13434621936472274,0.21937953710729086,-0.2856473031181388
484,0.0,0.09142148994930498,0.031151384168899288,-0.1330056248617193,-0.05599638421862335
485,0.0,0.05647819943019482,0.00337985811179881,-0.1164385267371484,0.00045162011833732585
486,0.0,-0.02526442774996518,-0.13695002346909557,-0.05912095358509461,0.2163301266488037
487,0.0,-0.13366066469641544,-0.2335277714091758,-0.1883857701732214,0.006129905878065611
488,0.0,0.012490584393503618,-0.09946965587679645,-0.045762657581187235,0.1727892874387822
489,0.0,0.11797655236354218,0.09832955481405009,-0.06527955738044706,-0.010690794010518853
490,0.0,-0.21860978592421426,-0.13881439217957775,0.081235147373886,-0.10364555710576329
491,0.0,-0.07791377492509287,-0.13461799405168837,0.04915725004386545,0.1485309307193805
492,0.0,0.22760827318841104,0.1938083805576558,-0.059696690672132346,0.01621987763561444
493,0.0,-0.09746191066275921,0.059894532198435296,0.07427163129528613,-0.2570413662978903
494,0.0,0.015206668561114654,0.0595213707745037,0.1333848695230735,-0.0035731231926449114
495,0.0,-0.1075555521548916,-0.5475045976085058,-0.435059390621344,0.34204678708981245
496,0.0,-0.07161283889171431,-0.18722159050584186,-0.23728374184069392,0.049932879054968904
497,0.0,0.046075198320185584,0.45650805988986864,0.39042592930095404,-0.21111309741551176
498,0.0,0.07836487211545805,-0.058900021533177915,-0.13199623735358884,0.13647087398649357
499,0.0,0.14602228942541026,0.1565554169815545,0.00833113674156549,-0.01949336038827676
0,0.5,0.48309680549788075,0.389464442751641,-0.0906913281641612,0.09969355298944615
1,0.5,0.6213332583727496,0.7149053651953616,0.19903076531321606,-0.058383391510565374
2,0.5,0.4269831104022868,0.36157718614027884,-0.09944020338360193,0.03882997205963179
3,0.5,0.4638378698274963,0.3857088355610972,-0.11767716110689729,0.09150752502317605
4,0.5,0.42264392466672407,0.4907738656123891,0.06600628407223291,-0.11299389002570215
5,0.5,0.8169532599778736,0.9028018216743681,0.11884134592627438,-0.07297097329755085
6,0.5,0.4970402225219043,0.5083035533157295,0.0075911761095641545,-0.020066224364214458
7,0.5,0.6007751844974176,0.6557894174872706,0.030004679794792738,-0.07823844511777889
8,0.5,0.3693598016733623,0.517454323273196,0.17605954594537165,-0.09751567431468397
9,0.5,0.4399558195952009,0.4347552907713549,0.0001528553370803154,0.027141288919669937
10,0.5,0.7011539438133375,0.7024019877020169,-0.0016749036428007624,-0.010462463469595784
11,0.5,0.3862117504375118,0.349941582165078,0.022046846085614913,0.08473982578219914
12,0.5,0.42017720004662196,0.44088757322458166,0.07871985817690488,0.016596379240882864
13,0.5,0.6795735685648001,0.7737464923223931,0.24378209163916822,-0.004838697470175957
14,0.5,0.6718173209624446,0.540618203750621,-0.15009991718280508,0.18877062360465166
15,0.5,0.39675384571141037,0.4391459709697507,0.14123033083079228,0.055977240885588773
16,0.5,0.49364022655772594,0.41795196291517583,-0.11040803497975496,0.07549299462212411
17,0.5,0.6262694276888605,0.7172343256800398,0.058103787704267246,-0.20350406729659198
18,0.5,0.5038111676191238,0.5574982546554998,0.076184675571083,-0.050179973952392876
19,0.5,0.5541962599613552,0.31745882648336954,-0.18375910380744154,0.31522678576794205
20,0.5,0.548913566534128,0.6375371438314279,0.1692494528529091,-0.05368944333809833
21,0.5,0.586750104880064,0.742149540643264,0.2205653059989793,-0.09617522155211011
22,0.5,0.5642247568900213,0.544410046852183,0.0445107129132156,0.0699025810293843
23,0.5,0.5279037141200225,0.6405024606054894,0.14720512896675303,-0.034271070614014576
24,0.5,0.47153988456545615,0.5162038272676317,0.05025228447268708,-0.06664851794339899
25,0.5,0.5445979371724247,0.5744852649621859,-0.010734144505567417,-0.08610374796066944
26,0.5,0.49770448538274686,0.5388688113981189,0.06091168962468796,-0.044137389557124
27,0.5,0.5829499593952665,0.5597817231091774,-0.04212010460713213,-0.00440257409856315
28,0.5,0.5238929623423099,0.6085624600272909,0.08639798543636498,-0.11460048694133307
29,0.5,0.6111068375505203,0.7391935580382062,0.15659767587844614,-0.0570125582873795
30,0.5,0.627495591238814,0.6462218950669546,0.03160125444411455,-0.021835393592481767
31,0.5,0.5928222757138644,0.5192045837265641,-0.18775513161170573,-0.027421067719574754
32,0.5,0.611426307172535,0.6149658308994116,-0.07097783506395827,-0.0906514031032882
33,0.5,0.5688075649650489,0.5874553122330837,0.05228087458387698,0.03218496617951335
34,0.5,0.34147322847805445,0.4162916325523782,0.09963362423849936,-0.06141589170078854
35,0.5,0.37560959298794505,0.4963596156603694,0.14230953466431728,-0.1267415235603507
36,0.5,0.6464255087765493,0.6199749046324589,0.08153463162018283,0.10756215229929222
37,0.5,0.3830673765837401,0.33000821918873385,-0.09732320130448842,0.031097280542587757
38,0.5,0.608169741996089,0.6508980740697807,-0.022275031521307068,-0.14456263016301063
39,0.5,0.4531512747506334,0.39684829471786287,0.007674462045161201,0.18131511007404344
40,0.5,0.4136214403462803,0.5168844293930783,0.06626894567463296,-0.13529078172360975
41,0.5,0.572577890552782,0.47821136667804276,0.04144672254396799,0.24112576133989205
42,0.5,0.38590825223514247,0.45697573229393385,0.07275955170063697,-0.13335223425809048
43,0.5,0.4844789455853287,0.4803085221258602,-0.04119238989701374,-0.02972443405994718
44,0.5,0.48715804269785834,0.5265259697661935,0.056500621422980485,-0.04701270705578975
45,0.5,0.5419441649465766,0.4057983683511722,-0.12147071597846726,0.13207272833769723
46,0.5,0.41153608771658023,0.32865975426368144,-0.14822164781742866,0.004445156525636262
47,0.5,0.4174267967278372,0.5347791722101459,0.025300989693077147,-0.23004003524746944
48,0.5,0.460754352509353,0.3887396339813883,-0.17202756005957023,-0.03361933131350914
49,0.5,0.4423917219973834,0.5075414567987139,0.08054534301683092,-0.04930045287449132
50,0.5,0.7564302642160426,0.7879052419222571,-0.031028902610110702,-0.11306596278069514
51,0.5,0.42631036134785727,0.43028783937028214,0.18251295126045194,0.11942996252287463
52,0.5,0.44440882617063115,0.45528296618052766,0.037625311267423855,0.023341369034116852
53,0.5,0.5750744847720477,0.5553232594331816,0.056464145032287597,0.08597964227474819
54,0.5,0.5169406619748617,0.4672716778826449,-0.024899187717396246,0.12052201511957605
55,0.5,0.5719207385137764,0.43118172829143725,-0.12548623012167395,0.21637195301875445
56,0.5,0.4376483486826625,0.43020657225768183,-0.048568237622939395,-0.03749132903520591
57,0.5,0.5105003606401504,0.5495550283929248,0.1201583737338191,0.039591151763005095
58,0.5,0.4817061848304547,0.5902896630122082,0.00948993558443939,-0.24708274637319105
59,0.5,0.42263370428707725,0.46983607122063,0.07804580500439559,-0.03415078586776943
60,0.5,0.5050246055504256,0.5041971832063933,-0.024803509732409877,-0.037430588232366446
61,0.5,0.48940398082884895,0.6169107187420848,0.11415317117969397,-0.1733093386361475
62,0.5,0.4337193100689515,0.4846277315292325,0.019049574539408143,-0.08509399706942156
63,0.5,0.5804801643914644,0.5448662024694197,-0.023915562700591364,0.07816346134205676
64,0.5,0.5094574579585565,0.5167480207825879,-0.004060353437130626,-0.051156967477232265
65,0.5,0.37721176632915376,0.2494816323981683,-0.08225386535749218,0.18203041049157398
66,0.5,0.32552567444955566,0.25946641687833427,-0.0936391157820915,0.039825944902261254
67,0.5,0.5561938829257982,0.5969889543321842,0.0584124785814166,-0.057141854309974316
68,0.5,0.39524792907654066,0.401989581997465,0.04556804238776445,0.030003871224845602
69,0.5,0.5248948773004448,0.359900184633144,-0.16431013492693303,0.19257421052683454
70,0.5,0.6072577993032751,0.6737327917379581,0.09664928228926777,-0.10259794810386147
71,0.5,0.5686797572890194,0.660933799041656,0.040014587639549175,-0.1670092232604301
72,0.5,0.6013354425162143,0.4362427186475561,-0.08435495190901394,0.2759521251761685
73,0.5,0.6243507455680287,0.6377552155097267,-0.04210213844918537,-0.07549983844708819
74,0.5,0.505019226518305,0.6735579764435531,0.22195943683233132,-0.17804995790987044
75,0.5,0.519841219745942,0.6969931170418477,0.2184123130757595,-0.1943517201955689
76,0.5,0.29437983962047226,0.7139046293871443,0.3581559008298291,-0.32905684476872366
77,0.5,0.538320300068489,0.5340677764749632,-0.028849506443080226,-0.02153941937248338
78,0.5,0.43588375450556693,0.46019489513124306,-0.006209226577828075,-0.04952058898403444
79,0.5,0.48282335905612905,0.4426422468292779,0.03756414509646093,0.13374640340090826
80,0.5,0.6909183791327782,0.5947323491834853,-0.10125023703597119,0.035936108371142916
81,0.5,0.5317617644331624,0.5252639514547424,-0.0006122323040453001,0.016328788293534346
82,0.5,0.7902062140474342,0.8482660330116218,0.12838178045331158,0.025530552027401843
83,0.5,0.7719180388213023,0.7413310079955475,0.02822521269040705,0.07879753862412986
84,0.5,0.3777419020207866,0.3881692158246912,0.1351117557228353,0.07385673251612276
85,0.5,0.5115891818336528,0.5634337734369894,0.15596344759223874,-0.00842482478783979
86,0.5,0.4022644495789041,0.5811904386591558,0.2371347808966755,-0.19963025591700553
87,0.5,0.616668466471439,0.7870979215964188,0.1972168082160768,-0.09124505100609444
88,0.5,0.5062623209812956,0.6423928469497051,0.11635210353455176,-0.18817262453769246
89,0.5,0.6638045515957677,0.7125204489027523,-0.062242198815731495,-0.2030208406684858
90,0.5,0.37478480878888354,0.4838791286548785,0.15717757438608915,-0.04843098746307339
91,0.5,0.4595366775457583,0.4966107172854476,-0.07079298617567295,-0.12421381778420293
92,0.5,0.5203914700996439,0.4759487663461129,-0.02379258064358438,0.05439278217809995
93,0.5,0.4561867186735134,0.32646008166284707,-0.17794433720616404,0.10837428171367824
94,0.5,0.6154132196706277,0.6961353695570721,0.14529571036058117,-0.0018210203367720057
95,0.5,0.635479662942439,0.851401995405595,0.22215906737273416,-0.25077630897994885
96,0.5,0.6338816218378983,1.1447383262496797,0.46292750833152174,-0.3370785776465768
97,0.5,0.41747369385081895,0.4340840778456972,-0.0008607772091367497,-0.048834979218126406
98,0.5,0.5521069255301958,0.7309657408770812,0.08483194142324191,-0.30140388168912624
99,0.5,0.4557723210640444,0.47388209612080007,0.04059344681477656,-0.006308033558578341
100,0.5,0.3520803004720322,0.5906710111493401,0.2130511011052855,-0.2603673260262107
101,0.5,0.7275227754945359,0.5923408767672923,-0.12549046912205208,0.19093472300382996
102,0.5,0.5014455197821373,0.41352913605334224,-0.1037491701332557,0.12170145343635186
103,0.5,0.39234136931175323,0.4506066574146268,0.17794190067358734,0.04534444446024022
104,0.5,0.4080170222241599,0.660325974172193,0.22600630897631918,-0.18569275396853835
105,0.5,0.5641456339913477,0.7110399814802428,0.1549865242517825,-0.12893838972673344
106,0.5,0.441575325359079,0.5091547198491629,0.0743035785785575,-0.08946995142738745
107,0.5,0.5716661137189354,0.5424913369598497,-0.04881600634929838,0.016390228089191883
108,0.5,0.4351986141232498,0.48853304008936577,0.022517014533494903,-0.06950323241083844
109,0.5,0.437435891182824,0.49814018610172056,0.04796135147242235,-0.11995036888850828
110,0.5,0.48331754186541775,0.5923778513408489,0.13894847352964335,-0.11594751378828949
111,0.5,0.5121532985296103,0.6012671132612702,0.1393875557471191,-0.09172626720498678
112,0.5,0.525987724619894,0.43513100641567887,-0.06684531931315857,0.14927798319789276
113,0.5,0.4764589604286162,0.7552011155811799,0.3025309484372433,-0.2565457947565777
114,0.5,0.3699528786559046,0.34171309598845023,-0.1101460144897577,-0.021397385807761515
115,0.5,0.41492608053464647,0.4171517788797821,0.0335827001345262,0.02564287649314201
116,0.5,0.6061138216868147,0.7632728645525203,0.2255550864379704,-0.1638393911298397
117,0.5,0.4506562271495046,0.5131410988279006,0.06301517588606456,-0.051800718997935924
118,0.5,0.5492962784152812,0.30247961798279777,-0.0695062461417233,0.346247217865872
119,0.5,0.46175385676375236,0.5236238502206547,0.17385221093386016,0.053543976279891825
120,0.5,0.42001520923003544,0.40572439688754663,0.00017417553515634582,0.05046623147089191
121,0.5,0.45170997556685977,0.45115300240473505,-0.032426985679674905,-0.01989249679224736
122,0.5,0.43606356604077157,0.3223356815132628,-0.07808761853483427,0.11742707755367299
123,0.5,0.47926290461532667,0.31077408759635683,-0.22225410184695044,0.1800537036858777
124,0.5,0.6759608367889721,0.5708978643146747,-0.1291041077862034,0.10418724297838267
125,0.5,0.5283409942228914,0.4287173312935517,-0.04955339718825513,0.13816467581506758
126,0.5,0.4689570358513464,0.4444216603624577,-0.032198353421775655,0.03271119042561854
127,0.5,0.5157664734096415,0.6493989932822868,0.14765753748225893,-0.14798378483495878
128,0.5,0.36648208790376763,0.33943151987405323,-0.1323176072559066,-0.07553166104614506
129,0.5,0.7144633629607274,0.7480328123559401,-0.02279702751838665,-0.11712956631785176
130,0.5,0.289863915867179,0.34155244946371255,0.1164724205121634,0.0024479941548913864
131,0.5,0.41007822268285365,0.3698215243813977,-0.04643424760388254,0.03142254829247092
132,0.5,0.5511022041728721,0.5843246154386069,0.022705071182831056,-0.034299839227043494
133,0.5,0.5918488708173144,0.5982661684459951,-0.06667713748142856,-0.07993144356762591
134,0.5,0.7720720412943659,0.6785421085033543,-0.10294699608376842,0.08536323161228176
135,0.5,0.44876807644516004,0.35421638686599116,-0.05431085025063014,0.21299571036566997
136,0.5,0.5265673052287295,0.5546824293142038,0.016210068546449616,-0.04956927444889059
137,0.5,0.5624316759129585,0.5761701881887797,0.02298938671596323,-0.014349236523388376
138,0.5,0.45482478077882993,0.4425507487981068,-0.08068496012119054,-0.06640452847324818
139,0.5,0.40060179427533427,0.33983931610639395,-0.02624095541340532,0.17411577392006955
140,0.5,0.546327191875056,0.47323298195723834,-0.07723201799482539,0.05711565925301165
141,0.5,0.49266687892319416,0.6010650189323954,0.04853954701537867,-0.19852199433130369
142,0.5,0.44446893287264866,0.45320429795018197,0.04983234698885603,0.0177223893242603
143,0.5,0.43663912763592616,0.3781769417931084,0.045669928535184826,0.14212400751653165
144,0.5,0.4703355577213218,0.5019179988117711,0.12417048712858354,0.04216087023868442
145,0.5,0.5690011361603159,0.5889199153732639,0.034918334328450845,-0.006548850035990039
146,0.5,0.645613440748808,0.44924589142676713,-0.41254596447430236,0.1083507429864633
147,0.5,0.49348153382774407,0.5351935060048878,0.1369051237465411,-0.0044607731524899386
148,0.5,0.5151419904014806,0.35509431901636523,-0.14523428199907068,0.1644120843054967
149,0.5,0.47015959477882957,0.42214877270773243,-0.06012900060011143,0.07447716760524914
150,0.5,0.38815687031591417,0.3574094813228455,-0.052148224751650735,-0.0016556739508740703
151,0.5,0.34509260508859574,0.4600886555312915,0.14869760709879726,-0.14648774979187085
152,0.5,0.5772946896170511,0.564849233838431,-0.06553613757521456,-0.051800872543261156
153,0.5,0.42215528874387426,0.4859784247683258,0.0547736352695059,-0.09331189205037693
154,0.5,0.474830782626678,0.6274105246288608,0.1280093886157534,-0.24197450886479954
155,0.5,0.48227026813762885,0.38206213266533634,-0.12517781459900143,0.08295294717547919
156,0.5,0.5827138449551224,0.6593214176606335,0.0945018098702991,-0.0651255451900195
157,0.5,0.378886129876169,0.21229078299016424,-0.23077064975424372,0.23095618194113476
158,0.5,0.4337975117798216,0.5643632245310399,0.188738793114575,-0.05251563611583632
159,0.5,0.50824141470281,0.5709402583081378,0.0638791932965501,-0.1185375814239119
160,0.5,0.5425084318443435,0.594334034949061,0.137743602537276,0.01748080831176967
161,0.5,0.687187432475331,0.5268702230805321,-0.16488968736894033,0.1310836934545659
162,0.5,0.68742903840119,0.7675371118792522,0.16555039976183417,-0.02714288489005442
163,0.5,0.5056133620689908,0.575041765748737,0.1735305910298881,0.06046131412792488
164,0.5,0.5547049601466483,0.6525298172182609,0.15879008660760893,-0.06221145564725661
165,0.5,0.4726544851655661,0.3946240709555522,-0.0401791919537979,0.1373981059554047
166,0.5,0.3223379716745545,0.33408806323148,-0.00806298587749917,-0.03246367579887322
167,0.5,0.4969944098761769,0.3835829576648065,-0.15204303794762908,0.11923316313940946
168,0.5,0.4683883767300728,0.349468902585688,-0.19775397173075465,0.06563632240468642
169,0.5,0.4610976039751278,0.4793424948698075,0.04746190246542062,0.007163227001125483
170,0.5,0.6568146632304721,0.5325504414324214,-0.11177238507925744,0.13720501784883277
171,0.5,0.6175503914212576,0.7733876094356658,0.26847680041554534,-0.08926249233445227
172,0.5,0.39538036779415187,0.45607890828403985,0.16953044222344357,0.03383267805263168
173,0.5,0.3713242509242051,0.39742419226067066,-0.010275789111770683,-0.08253077609814996
174,0.5,0.4967336800534221,0.5100966618957874,0.03226930648823778,-0.011560575778702953
175,0.5,0.4516494962330858,0.5559356712410071,0.17301724257490148,-0.02641919860871711
176,0.5,0.48671175794424015,0.4771254831550197,-0.03635339036548052,-0.017849615638664374
177,0.5,0.47563417195883506,0.5384559383395932,-0.06519957445136562,-0.16723091367775433
178,0.5,0.4215546294442031,0.4653260556399358,0.08937000684922392,-0.025964395878903646
179,0.5,0.5523643617581868,0.5348652770750698,-0.04906575494513079,0.004348936416738736
180,0.5,0.5898605915897308,0.5641926796144212,-0.0160138476324585,0.04538184962132763
181,0.5,0.4549988541381327,0.5731572569368623,0.13380140412452374,-0.2080708435914509
182,0.5,0.2958501469370004,0.23500331073479805,-0.1481976355558677,-0.017219348010689254
183,0.5,0.6036728019244145,0.368197020290991,-0.16250469540643064,0.4004079200356472
184,0.5,0.6470234511321539,0.7332788542550759,0.12306807345364673,-0.08147460578616761
185,0.5,0.5270103400249725,0.5130664914733682,0.010398566493974526,0.04968041216530983
186,0.5,0.448990625494593,0.29209925462724384,-0.2502931501034388,0.08578577120095843
187,0.5,0.6081207748704909,0.747501775049026,0.1318097644193593,-0.12713314853059257
188,0.5,0.5500580023913123,0.49683222198125077,-0.0675134060826634,0.07305256106534908
189,0.5,0.5688845269637374,0.5434731144978492,-0.1046198850673915,-0.058481853022406716
190,0.5,0.5554247346281557,0.7411918435724809,0.19408922403334494,-0.18402622661016738
191,0.5,0.4188961653740436,0.36334303600043016,-0.10076492249913757,0.018355442380754483
192,0.5,0.24795711678059668,0.2649598037934322,0.09153518950633444,0.06673429727668423
193,0.5,0.5052376208299089,0.5872695432977398,0.15787861516244217,-0.009156726151652528
194,0.5,0.4041986905240951,0.44600011286522445,0.07425726045181712,-0.01920143926027673
195,0.5,0.3880443564316235,0.3994129976169616,0.0738542394582431,0.05618679445840512
196,0.5,0.27689264193922547,0.13153276735133002,-0.24167436336446713,0.05515390267411732
197,0.5,0.5267904135872261,0.5538055897406114,-0.07368138431469547,-0.10748761090749581
198,0.5,0.38410194559131566,0.38987633502498187,-0.04568596268496916,-0.043315432376989496
199,0.5,0.45392546334845096,0.36027375100555054,-0.15869584456959976,0.0341901461200963
200,0.5,0.44431798025313207,0.433648656287962,-0.08653044622294792,-0.04337611480522097
201,0.5,0.5415087527018104,0.531227506688723,0.004319502681611259,0.02492685931202831
202,0.5,0.3595457308867355,0.21639203920355976,-0.1864363062061326,0.15722109727180653
203,0.5,0.3869197013744714,0.3111872640033647,-0.14211915002726472,0.01729181771534847
204,0.5,0.5997091150807848,0.7182251370242664,0.09305309343698909,-0.1538744028459961
205,0.5,0.4001274452406642,0.32921974263966614,-0.1232394080862784,0.03865456443364179
206,0.5,0.4106638037019924,0.4364105607562092,0.1368736755305048,0.04129700378081713
207,0.5,0.5032303378295611,0.5848459682257813,0.12919637998254974,-0.09779344143140514
208,0.5,0.5651652259832113,0.4885616690670199,-0.10131901174333505,0.07794272567946592
209,0.5,0.5323041150119938,0.4738495040627426,-0.07496688693656338,0.05942083436924749
210,0.5,0.4856155910409127,0.5263886420981728,0.06164408706693453,-0.034966404914257176
211,0.5,0.5761658557505291,0.6764238560637729,0.11911608164174319,-0.09845787296279829
212,0.5,0.263176227216251,0.3164194226884465,0.08040665580287706,-0.05145792761253629
213,0.5,0.38282909045826985,0.35055500366267656,-0.047610703641248975,0.024573146264423334
214,0.5,0.4529763143593018,0.41007741798760705,-0.07457043893397325,-0.005883183238550749
215,0.5,0.4875757243292225,0.5591908583589487,0.12063754393175041,-0.06987778981077086
216,0.5,0.4220759123647926,0.5401438880420992,0.05051275046764081,-0.22696109484644023
217,0.5,0.4420700242011778,0.48505031850089547,0.05605507306860509,-0.026534721374532833
218,0.5,0.5159684622350682,0.6005400924337869,0.0550394245226053,-0.12089978147046065
219,0.5,0.5089465831019269,0.49512057881552646,-0.0022573897324469905,0.031605081724466744
220,0.5,0.5100487710771078,0.36419762185686255,-0.1269150795429579,0.1973830860770298
221,0.5,0.48412036117593243,0.35681571783177857,-0.12605461867990778,0.1803892319305579
222,0.5,0.5469556879458297,0.5133840785365891,-0.1203798724776642,-0.043807217464219894
223,0.5,0.3184797900381945,0.2870081882853741,-0.06002150119756973,0.003219997227099314
224,0.5,0.48631845249259376,0.5662851274196451,0.20212666850513736,-0.012389734061005853
225,0.5,0.5398274178727022,0.5886091393824492,0.11617870426748012,0.017061892962001744
226,0.5,0.6005426332403299,0.6565221178390603,0.06970867445749591,-0.09245223455361051
227,0.5,0.4060913672286153,0.4123421453503303,0.012205706543374321,0.002793051469974106
228,0.5,0.4799557812858385,0.6634604794421967,0.057551364313999556,-0.2448763031707042
229,0.5,0.5405609100530764,0.5954324300635871,0.04464148348730234,-0.0441461765568164
230,0.5,0.5694607308915144,0.5177379913383555,-0.04937518290032422,0.04916527177653751
231,0.5,0.5642964996974011,0.5064873197152333,-0.09674575744229778,0.0058450962685645536
232,0.5,0.2371756287362523,0.046494328364199894,-0.22199773387521665,0.26213748592815056
233,0.5,0.5927019893949976,0.500477887386114,0.00588656887809666,0.2010346477943249
234,0.5,0.5105628453016221,0.59382586039826,0.019018049433072323,-0.15338420421387378
235,0.5,0.3959013685010946,0.3311380493082405,-0.06960389781177045,0.07960352386932856
236,0.5,0.5811345347034426,0.4904832444832278,-0.11751958565103345,0.09509798423909344
237,0.5,0.40330416427530447,0.38165097655486985,-0.06117683948949118,-0.0029107309198005225
238,0.5,0.6285366927926334,0.7868286025250406,0.08259624423971597,-0.28837819526132846
239,0.5,0.6100642712450393,0.452694107076219,-0.1319942917408676,0.16617678526818477
240,0.5,0.559736926086772,0.7001438240091301,0.0970836577648646,-0.19707459825100038
241,0.5,0.41408349852430815,0.3829162117273013,-0.12017876990694307,-0.025196275346530905
242,0.5,0.505680693776058,0.5789152258025358,0.05207505940356223,-0.09478923624933533
243,0.5,0.653639684718837,0.8777840143946785,0.15572690459322924,-0.3192088085442617
244,0.5,0.4578944792130384,0.583413460210272,0.20740161804875298,-0.07203604615397018
245,0.5,0.3970821438508444,0.5938517736906523,0.24260203345596754,-0.16809070923358166
246,0.5,0.3539647877193767,0.48415150832283227,0.12553828120795868,-0.13873987346334116
247,0.5,0.6287816946979842,0.6504577489203585,0.07919096463710654,0.030861343914479922
248,0.5,0.32490027188741,0.25573962980141324,-0.036650116659890375,0.12408581492635118
249,0.5,0.48670353391436194,0.5033901448656847,-0.003012206347647345,-0.05596366874462522
250,0.5,0.6644333259592302,0.723727520304307,0.12093731393136711,0.02371710931390436
251,0.5,0.49616865090155415,0.529286552777861,0.22806180322972114,0.11012666415552086
252,0.5,0.4500446465085542,0.3915272694231959,-0.05520154399952666,0.08802466918175322
253,0.5,0.32603388660015287,0.050414496718328414,-0.2450024789691758,0.1448950717843498
254,0.5,0.6787359213767339,0.8068603732929018,0.03773993238401911,-0.1751376721800817
255,0.5,0.44873099261599303,0.4532889313417904,-0.05600529489531658,-0.05021171974439539
256,0.5,0.42648405972913184,0.5672216376947982,0.13101323711820587,-0.15305239903295265
257,0.5,0.3698358878754765,0.40034483614469063,0.01431447197802116,-0.06856071087352539
258,0.5,0.5510164020235528,0.535323080289597,0.006072088103217466,0.04601498376758167
259,0.5,0.6197227141146079,0.5039725808477888,-0.12024154055171991,0.1867659684570282
260,0.5,0.45251733553895845,0.21016422306117732,-0.2436757773839775,0.21655640283415914
261,0.5,0.5173983935857225,0.33984042342429444,-0.06269681267471149,0.3114902418665403
262,0.5,0.45719716373758573,0.4756871239643723,0.059122468048093915,0.01164279120735845
263,0.5,0.5333695080007067,0.4340981297086922,-0.10754295048701043,0.15077069362366624
264,0.5,0.6326480342041609,0.45985680770119947,-0.1109478141808702,0.21656302813562642
265,0.5,0.6119170679115715,0.6011965383257512,-0.06181173981223553,-0.03745779672459179
266,0.5,0.476334737694032,0.346508027137668,-0.1301402189898162,0.16304522982204128
267,0.5,0.5593748645038292,0.5727772172737486,0.006091999806460309,-0.04159931503035508
268,0.5,0.39304706470768563,0.2907632595107839,-0.03413418364070697,0.18741256998380118
269,0.5,0.4782480410813607,0.5387394578342081,0.11853417032356414,-0.01782171500305174
270,0.5,0.3992916431091092,0.3921581137607647,-0.07569440147046565,-0.03468586823498431
271,0.5,0.47304091666925363,0.32993107340182126,-0.07810401527315569,0.16577607501239575
272,0.5,0.4425553145669692,0.5561960166005215,0.07487427624051213,-0.24267030562199818
273,0.5,0.40775257582640867,0.33803252774705855,-0.13024559502512606,-0.015445228713334877
274,0.5,0.7680015860156756,0.6664758344698751,-0.09421633510817844,0.11254146561551759
275,0.5,0.5703311748841176,0.5397117139336439,-0.016176457674906983,0.040777889905082784
276,0.5,0.41320615647889514,0.320025977384104,-0.12161359223403306,0.0789292134060886
277,0.5,0.4909470601627112,0.6011914762106063,0.17449036480757144,-0.08755778440173234
278,0.5,0.5900857148149947,0.7693376008747129,0.050101086039251896,-0.2369206359208396
279,0.5,0.5153879710540155,0.5073572465568182,-0.005667308147297767,0.014111070979912807
280,0.5,0.519147070048099,0.5296630515167268,-0.007475744102719978,-0.028594347369784945
281,0.5,0.4908682282116561,0.3585156155341442,-0.06712786024666648,0.25760412027737356
282,0.5,0.505463818646411,0.40486279086928145,0.03507737514993162,0.1945251808710473
283,0.5,0.6707123941530391,0.5821413384070225,-0.021771100229509135,0.17124477380275713
284,0.5,0.4074254445409879,0.28171521780732084,-0.26401743840200625,0.08198953967789324
285,0.5,0.6319263726269847,0.8898919732447181,0.19921528653964593,-0.24876406007373997
286,0.5,0.44144654015867585,0.4170418223190046,0.027738769354595127,0.08042340034026041
287,0.5,0.5297648774583942,0.49251957326053686,-0.05670355923968393,0.021436885253941718
288,0.5,0.5396630046230401,0.7071913144752271,0.11418142573671448,-0.24062196923117263
289,0.5,0.8058895410626562,0.9287011383813222,0.14944500211135367,-0.12637853487281592
290,0.5,0.6221821719571508,0.5019908889801534,-0.09781962233072396,0.09095457161017305
291,0.5,0.5376075655680094,0.6247115659462482,0.04866228634102532,-0.10530649480136522
292,0.5,0.4572096460638272,0.6033249377824157,0.18900434513943729,-0.1483082128802402
293,0.5,0.4014749595172257,0.2859873162272249,-0.17885245759482243,0.11932861264684269
294,0.5,0.5782379253372832,0.16819336095258453,-0.4060525673833675,0.2841100438831799
295,0.5,0.470098946435179,0.5660553451416872,0.07351140943023204,-0.1571603004630766
296,0.5,0.4071341809862198,0.4477965904439457,0.08978806725034147,-0.021095763494428654
297,0.5,0.49784642195537127,0.31949933789061763,-0.09264321373490171,0.2712938497736763
298,0.5,0.5373387809881065,0.418176546413063,-0.10891055206502716,0.18778704479437136
299,0.5,0.32649136126137074,0.4153243201387182,0.09807518971805651,-0.0365072057832444
300,0.5,0.4706963151538409,0.53929864415513,0.09761333422579656,-0.04671056931730299
301,0.5,0.4300041827495913,0.543304825369435,0.16354435647763232,-0.06405678465980036
302,0.5,0.4211654347238953,0.40191675727422593,-0.12713044950378594,-0.08717713098252822
303,0.5,0.5714754534711547,0.6214098555070123,0.04300587149609211,-0.06867574947938992
304,0.5,0.509062458505928,0.4169659925047223,0.015766301897474404,0.20483441628709198
305,0.5,0.5127195560815033,0.44857079591649784,-0.13320955294996575,-0.00358750966290744
306,0.5,0.3550420721449017,0.32124683435572127,-0.03993280970675331,0.019338138464169742
307,0.5,0.4282256734558891,0.24002405689524053,-0.2451146916751067,0.23104371235780852
308,0.5,0.44733446496887536,0.5361841905888828,0.12054630082867912,-0.05468657789881459
309,0.5,0.4853642909748119,0.3988198619799609,-0.08426630243370098,0.10836524425988603
310,0.5,0.5680432846090984,0.618586351809524,0.10414167850995341,-0.02308664154425144
311,0.5,0.5734821035142722,0.5648646363903931,0.0013149053046033476,0.022533111730886124
312,0.5,0.5493620562606165,0.5836412537766804,0.056908265895903754,-0.03439217669916794
313,0.5,0.4792787118595295,0.4686994946744709,-0.10075362693112341,-0.05154282022130863
314,0.5,0.5005962334456409,0.46989504366752605,0.12235810623440499,0.11886084449730538
315,0.5,0.4946090085966852,0.5257754203006698,-0.09015186116737094,-0.1494715553226893
316,0.5,0.3875035066353677,0.43903792026119826,0.06290379478659891,-0.03711613235804802
317,0.5,0.31965377587205757,0.28059140214930434,-0.048872530086813804,0.04604478686065698
318,0.5,0.6287190944960201,0.6185572874067371,-0.017751182418734412,-0.009561519723838452
319,0.5,0.4245153307904616,0.3121945177486551,-0.09469872980718769,0.14322940686181085
320,0.5,0.392673866264178,0.40956983300716737,0.03148466788343349,-0.01172179910931248
321,0.5,0.5737459666968667,0.559007444306845,0.02028318434438512,0.06292379476103072
322,0.5,0.537566713761711,0.5889601132572432,0.08709732900086543,-0.07643304620881994
323,0.5,0.43861964154504196,0.45392322059831103,-0.05337532093126582,-0.1026473652282549
324,0.5,0.5361686121008379,0.5286502863791311,0.07564517216506386,0.10445232117751346
325,0.5,0.41825267167808805,0.4679357916904889,-0.0026417801926474777,-0.137950026456227
326,0.5,0.5486611154089608,0.4359502849552299,-0.19901070720143688,0.08190303390588793
327,0.5,0.44526722872195884,0.5147935423095374,-0.04031769766064489,-0.19631615189638962
328,0.5,0.5816194589145438,0.5246504735120113,0.020103151359043975,0.17101686535800986
329,0.5,0.6567048117474164,0.6589138160169561,0.028492385396676354,0.02691205686386111
330,0.5,0.49058426850516207,0.4329019434116798,-0.10962972413411307,0.02401961675815789
331,0.5,0.3409819560966585,0.2227850141957176,-0.12348263178976468,0.16690884222546576
332,0.5,0.4516731629649182,0.4354222836617171,0.09364588147383557,0.1415849754946167
333,0.5,0.5090564940254578,0.28539562795150025,-0.19240101090630682,0.2990216555701666
334,0.5,0.5348185108314916,0.5285127048293442,0.06421807702086656,0.06878123199132716
335,0.5,0.48448820709925444,0.37791091735865373,-0.09459479951973435,0.1353288951310063
336,0.5,0.5429398011762467,0.8280723871631789,0.3141182664745666,-0.36802538208599184
337,0.5,0.7227615939267119,0.7610190357302087,0.024086762429629482,-0.04935816052797407
338,0.5,0.47095076341223585,0.7522086027001746,0.2428427603144472,-0.2932861496538399
339,0.5,0.7133159463119209,0.9021176891478911,0.11611341434580591,-0.20875476196960124
340,0.5,0.4125669741809178,0.3597258047293154,0.013093672610337254,0.1761751773314465
341,0.5,0.6820812873342413,0.6155879042975445,0.0074491733516659775,0.15046241333810007
342,0.5,0.41231614995182775,0.332414135223608,-0.09982579904376962,0.06766168703764874
343,0.5,0.3649602209580091,0.337594406201027,0.036781445822606604,0.10040306484184625
344,0.5,0.6078870415996802,0.678688382788633,0.15637602303356019,-0.03990176696721093
345,0.5,0.5995436936771251,0.6558318578498142,0.11955402757847455,-0.008621295042080646
346,0.5,0.5708057557969661,0.5895154184383954,-0.05733616599892964,-0.0841583169781034
347,0.5,0.5221046792242116,0.6793117947542197,0.15550406588305996,-0.1584394778659386
348,0.5,0.5686616088633922,0.8278013850085186,0.25071006561949993,-0.14580419467561323
349,0.5,0.5287839838144446,0.5281920847133024,0.0019708708375637575,0.011208677833049796
350,0.5,0.5094864595175658,0.5693470223781991,-0.00729886840800871,-0.15311040718303603
351,0.5,0.6430574444724546,0.7292693429956542,0.09886990201910523,-0.06755175567003456
352,0.5,0.4935154780459105,0.6632365900535326,0.14825249560602805,-0.2340135112188908
353,0.5,0.5078244168129483,0.29690536178950355,-0.18309642695575457,0.14472102737112025
354,0.5,0.4707360006794414,0.40723429316651494,-0.06453440710099316,0.05988105341132188
355,0.5,0.5073226851541214,0.35985177566284005,-0.25415918416024424,0.04805878903403915
356,0.5,0.5467946030728662,0.5682721276248779,-0.04212996394657663,-0.08825785759416047
357,0.5,0.48961365596471923,0.5064267263693096,0.06688773842827966,0.02456111466033506
358,0.5,0.5021835184122623,0.5536084711248954,0.08165995022916848,-0.04036794962022656
359,0.5,0.5933111934806524,0.7156650027380065,0.06233009773252885,-0.20865491260951607
360,0.5,0.5318613282564435,0.5078606709325738,-0.03162828085367217,0.010179944628892379
361,0.5,0.6438122563902151,0.6550834467392354,-0.020138182515184955,-0.040420102335188425
362,0.5,0.48923991019216034,0.49937346933716337,0.04993557621946232,0.027621993840381442
363,0.5,0.4473045083034965,0.4334760850917744,0.02731481764338517,0.06998310035450171
364,0.5,0.4856727290522273,0.44762340167918513,-0.042245336832457125,0.0353801371668139
365,0.5,0.4165986885452767,0.268835314321616,-0.11953790389084462,0.18737237265476045
366,0.5,0.33209253404190664,0.34203088266550025,-0.016949866860283894,-0.04355859794202632
367,0.5,0.4256895209903158,0.5916126085685477,0.18616511369942357,-0.17143271896206383
368,0.5,0.4650847070067061,0.411955061896502,-0.07535322287143631,0.03607903466068196
369,0.5,0.514863088922912,0.4259638482666257,-0.16588298982477162,0.06955466312618408
370,0.5,0.46875295341476547,0.5598290068017551,0.20267797561098688,-0.00439630308037689
371,0.5,0.5875979820939093,0.5739340881736089,0.07854728294397795,0.09416177322101593
372,0.5,0.5929030069249009,0.5952062783308534,-0.0006656190407615635,-0.017764160196351853
373,0.5,0.46914123553021125,0.543894347425746,0.034140683095513324,-0.15813593427764977
374,0.5,0.5238995864673197,0.500270338964375,-0.06975477710902542,-0.026133490639972612
375,0.5,0.43660483139367295,0.356928348184839,-0.09943496551678277,0.0536606850843141
376,0.5,0.4466822405320949,0.3678712391704427,-0.0905192560962383,0.059629954392588
377,0.5,0.5398564818955731,0.4238453981994714,-0.1610636997433114,0.10963897654669884
378,0.5,0.5034974931599814,0.5202795633224321,0.03233333198332011,-0.011041208079791753
379,0.5,0.6129996246125013,0.4625341246126545,-0.02478419305070101,0.24201838375501294
380,0.5,0.4174261926614488,0.5017293587247572,0.047130807339630626,-0.1744444210057099
381,0.5,0.5526182802076655,0.43718601057491036,-0.19036782127671342,0.11829389158537107
382,0.5,0.6870493089280846,0.8611841860111122,0.1808130998971423,-0.20191511152183167
383,0.5,0.4772742599542179,0.587865912748069,0.034836891304904534,-0.19069901344476592
384,0.5,0.44609420395333665,0.49576206133193695,-0.006147835372062926,-0.09695670774252718
385,0.5,0.5100711193311056,0.2540293715315975,-0.32218297213614955,0.2921756434634907
386,0.5,0.6666841631584087,0.5860638584448905,-0.017079613597335105,0.16323946070448203
387,0.5,0.7748420174308747,0.8214641031924994,0.023276373806590693,-0.1127339194527659
388,0.5,0.5134756804486088,0.650104865640028,0.17479874064579248,-0.09526005718293877
389,0.5,0.620181811301489,0.7550243986997267,0.2015376026448586,-0.1531669013850002
390,0.5,0.5487748410234035,0.6277613864736006,0.10573047988455653,-0.0848908435343819
391,0.5,0.5275580924950246,0.6085058183437211,0.14919221303573316,-0.023016912271178747
392,0.5,0.4657649053228575,0.28522959250593544,-0.14164458473559066,0.2097541517608119
393,0.5,0.5417187544425401,0.585659320018522,-0.020253382235484334,-0.11200524761353235
394,0.5,0.37224554186146386,0.45100441216376413,0.19665118962163142,0.03346060151075525
395,0.5,0.47551792440481366,0.5395873884224899,0.16110092917935082,0.00193115083082529
396,0.5,0.5882482968122669,0.7046145650725515,0.17435725723308992,-0.06562314249090218
397,0.5,0.4370398381654156,0.4195172024312228,-0.05301177737249782,-0.016763947297662396
398,0.5,0.593766144645029,0.5383970106121859,0.10904215178499721,0.17962571162768637
399,0.5,0.4842724021220563,0.4038305280925554,-0.09361893068959706,0.13270191930982644
400,0.5,0.4420624772945479,0.5785454963424655,0.14414795233366348,-0.1464662414237765
401,0.5,0.5439442050768855,0.5007526876839654,-0.02195400990070101,0.09406582691702503
402,0.5,0.4644508652120962,0.5734672364399486,0.13593295393387378,-0.10950791409702854
403,0.5,0.4505183479790531,0.48729831972955373,0.006278445471361884,-0.06254691056831573
404,0.5,0.5747628409790819,0.46662574740202606,-0.08227500980179533,0.14978442622090848
405,0.5,0.48524164087745075,0.49735540239048776,0.031162111875758177,-0.010922269292221176
406,0.5,0.5246052331304304,0.36678493244727517,-0.18695694210161642,0.1575926692877828
407,0.5,0.4630413318648248,0.5656258688554407,0.2512698921881817,0.036483763610873784
408,0.5,0.34612783950653014,0.33906268126839667,-0.030350978824720265,-0.013557961088310793
409,0.5,0.4550945081147393,0.6092202907951576,0.08730674192961407,-0.23208780304245902
410,0.5,0.6026155889527876,0.5588090700309575,-0.05433832327798074,0.0513772554421682
411,0.5,0.3835186981348385,0.30384097059000575,-0.055682215695021936,0.10089274025312078
412,0.5,0.4651600581650493,0.5962305434838024,0.3242140129051446,-0.0049090570630870856
413,0.5,0.34073973894878606,0.44270300347699043,0.05378960055044313,-0.1629960266910722
414,0.5,0.5495804830203987,0.6231682131286914,0.028965448260369463,-0.12611292543092043
415,0.5,0.5446568965857767,0.45112077421531155,-0.008757744679276213,0.13887675334884853
416,0.5,0.3701598898305446,0.1909575404128004,-0.23293050540728144,0.06907043024790181
417,0.5,0.49269808946014465,0.42635551903689434,-0.04801165622901242,0.15444579683425608
418,0.5,0.475059084039772,0.5645527713955268,0.04791384649747214,-0.1394162927303444
419,0.5,0.5371043637339759,0.6365118788357333,0.08510408938821458,-0.14931494941220047
420,0.5,0.3706114479051699,0.5307374471233345,0.18103932883439214,-0.11024842695456372
421,0.5,0.5921923519992769,0.5856734782036157,-0.022379571694590365,-0.01515634018763401
422,0.5,0.5961086124990619,0.5039493057388573,-0.1348851208336973,0.05548944915293508
423,0.5,0.46197565560375575,0.45829225554487246,0.030088817063896326,0.033219740185930435
424,0.5,0.5247672329294579,0.4483266078612638,-0.10610715214009589,0.06705057987519945
425,0.5,0.5792881976392436,0.41218035197206093,-0.10964532521783008,0.262106196021485
426,0.5,0.34415367464583024,0.1992766911747877,-0.06456289275065279,0.27844428127468335
427,0.5,0.5333655493623053,0.7891748806919153,0.23216616178790744,-0.3366591987234455
428,0.5,0.5451137119928771,0.5272320758289082,-0.055275979413850984,-0.0063941327702304795
429,0.5,0.5539095223047958,0.6249910945369553,0.1465924837098899,0.0055257289270504995
430,0.5,0.36775939659131296,0.37405082579319754,0.02027744748919197,0.003099602605384666
431,0.5,0.4149429997246998,0.6385285541630293,0.27612774982928173,-0.09805733590568799
432,0.5,0.43222576259834267,0.28218239352879926,-0.19864786458928552,0.15963811910373094
433,0.5,0.44825583029920124,0.4985200501713935,0.10371237145476832,0.003058079086302512
434,0.5,0.26271299381165175,0.2533522528677611,0.042292057755806134,0.12386161101988667
435,0.5,0.6074448436233743,0.7016788104952212,0.09137466784696487,-0.12557965768038226
436,0.5,0.4306087320859652,0.2715293482849497,-0.2793363438900318,0.0027249770995827205
437,0.5,0.3874840343831735,0.45442189069568284,-0.00748828487729168,-0.15417800248510347
438,0.5,0.4364744262810051,0.4664922403778789,-0.05026369509027606,-0.12449349808908883
439,0.5,0.6626747372296143,0.764982588096994,0.11626241764272356,-0.10926532513445561
440,0.5,0.5530121911736211,0.5585907651554988,0.017476348052237172,-0.008457688342214241
441,0.5,0.39817023804368534,0.37111826056803926,-0.09280759051749968,-0.024496349916673155
442,0.5,0.3991908773776215,0.2627302142952871,-0.08109462006491729,0.17241307838068465
443,0.5,0.6154027946403696,0.657163099717991,0.05183709904916743,-0.046798047246167
444,0.5,0.551980001524109,0.31535776409975425,-0.3099443736134601,0.1620431230206456
445,0.5,0.5240870676285877,0.37415484051706716,-0.22816385620661483,0.15917522704657497
446,0.5,0.36395839125782586,0.4839042862104976,0.1916187827117027,-0.0783717088646918
447,0.5,0.36273820621200636,0.3061180910196634,-0.06005348132585972,0.07507687612914127
448,0.5,0.510616141520599,0.3847103808101919,-0.18752902112011202,0.02662404644978489
449,0.5,0.2740706272575375,0.2230759218160809,-0.030400584978308956,0.0739985047077204
450,0.5,0.584353347407987,0.5891291267389975,0.0012582739777860178,-0.01682139797654747
451,0.5,0.5155202662182299,0.5474333590139294,0.01859539110696462,-0.05654147739098947
452,0.5,0.4329475376971868,0.6232889438424913,0.12672396824273058,-0.25381496401576265
453,0.5,0.4251518638504233,0.4653065379162892,0.0008209288227855327,-0.10513286457000492
454,0.5,0.608989420835999,0.4836837702583071,-0.17127533177060397,0.14069480151432287
455,0.5,0.5457453676108421,0.5607040308214867,0.017488767540200234,-0.0105728221764518
456,0.5,0.46158634968532897,0.5635849504233355,0.05540371935235776,-0.13794997081832708
457,0.5,0.5533864616576678,0.5799934910994896,-0.009058879652039331,-0.053587425253209725
458,0.5,0.3751336494980799,0.5126607964575396,0.21632108968147037,-0.17915192841407213
459,0.5,0.5434982391303893,0.5241651874022698,-0.021652505096612623,0.022270067496685364
460,0.5,0.5829033007011724,0.581628263803827,-0.01297943077386342,-0.01587403038292399
461,0.5,0.6426137488475203,0.5886266235372035,0.05842322068927608,0.1638259056722452
462,0.5,0.776956914834259,0.854790592748493,0.13022311651037602,-0.0662395894212302
463,0.5,0.5332072226208108,0.465818985575541,-0.09746744699461132,0.025780854771880968
464,0.5,0.4413322949693214,0.5234446320058534,0.07657190374677732,-0.1157499017224507
465,0.5,0.6147104704558712,0.5539130996318563,-0.04032205274376821,0.09290887528385938
466,0.5,0.44580076268297875,0.6131413477508816,0.256872437891007,-0.0038228226676436786
467,0.5,0.508847789579628,0.45697868285652804,-0.10475844635054092,-0.027147543642293097
468,0.5,0.5235759877385667,0.4621160340668627,-0.08476664566553434,0.05656495694139774
469,0.5,0.3878318791677262,0.4129704540012252,-0.03875996035633425,-0.086954944530103
470,0.5,0.7200774371281284,0.6784882880059432,-0.011280386013914852,0.07025657530428009
471,0.5,0.5518791830128168,0.5594758542859511,0.10509355675732697,0.11415736658555431
472,0.5,0.5316578234580588,0.48534868247614565,0.1079074001713563,0.21790066107503903
473,0.5,0.3836726638133784,0.4585866579133944,0.10915166861887984,-0.06483908554664297
474,0.5,0.4878556418380775,0.29848518388886625,-0.17624455316019447,0.2677576070510841
475,0.5,0.43778550576887487,0.5539237368102736,0.09291015283011617,-0.19201328002509266
476,0.5,0.395610450566965,0.51028955639917,0.050275965778740835,-0.18322929366991278
477,0.5,0.5388677898388229,0.5050434867117474,-0.040849049357893005,0.05765160783600232
478,0.5,0.6299696587865884,0.5397160513965549,-0.08423451801619601,0.12301383701165057
479,0.5,0.38693682390442,0.3986907250178212,-0.011885176291259498,-0.03724897767018387
480,0.5,0.4206151588612089,0.3337633624263815,-0.0890830119233277,0.08744245277025264
481,0.5,0.5223262901439738,0.5322201304901254,0.10483959123316046,0.05567991417176177
482,0.5,0.5220685606942382,0.4049730304430569,-0.19461491589445332,0.12217255466928312
483,0.5,0.5109304836568804,0.6396636354397048,0.1167875485227017,-0.17633631065063182
484,0.5,0.5928327520266652,0.5458547351626847,-0.056497219284102056,0.059868045080428534
485,0.5,0.46456048866312233,0.32358643565936096,-0.16937199707588638,0.1928719748090022
486,0.5,0.5481279325219605,0.6645673669858699,0.12004730931472532,-0.16436915254963602
487,0.5,0.479481840231199,0.42606696281550815,-0.13266384391704983,-0.03472197912741726
488,0.5,0.6048873387344633,0.6074871414996611,0.18596093919921863,0.20529313970227658
489,0.5,0.47251402596804787,0.3839002853840112,-0.1664507137410031,0.023792501840069313
490,0.5,0.5610357513112889,0.6117497389097968,0.11041837704898591,-0.02790616212309227
491,0.5,0.656861528501277,0.5749876407409454,-0.12007068361140469,0.03625109724020692
492,0.5,0.6955597974087211,0.708642378618691,0.033570550759519334,0.008648366510724703
493,0.5,0.4794794736136085,0.5482411911362202,0.039815997135773884,-0.12560916951264695
494,0.5,0.49164191117460865,0.3859956072598235,-0.16834867766650474,0.09374707750348488
495,0.5,0.6169285859839219,0.6455797111606776,0.06212127693556668,-0.006480540319678374
496,0.5,0.5901604047062705,0.5750885134444736,0.03751286698607563,0.07706578039344625
497,0.5,0.5881449819517899,0.5554692533826652,0.02488758705464718,0.14514684245424914
498,0.5,0.6391304645565515,0.6837850871219107,-0.034935665037541794,-0.14041007443425002
499,0.5,0.33304481130324354,0.6138865690028408,0.23905682191467562,-0.24483974685310383
0,1.0,1.00566661682242,1.023617344840996,-0.02745423648663087,-0.06473807756516146
1,1.0,0.9252977793780628,1.0025223294682584,0.07897976380745025,-0.10440626137335984
2,1.0,1.0446109320067487,0.8250789432423441,-0.22752014157522232,0.044211261854542605
3,1.0,0.9592373795134945,0.7889538469684142,-0.2194682871752861,0.06563952206852142
4,1.0,0.9202280363016935,0.9778237368809668,0.11543030584654715,-0.025315666782824042
5,1.0,1.0004933112863548,0.9900568078008434,-0.002886677943407509,0.027836225165008166
6,1.0,1.2645318610671996,1.3787247879786186,0.0919740505074254,-0.12205325674448575
7,1.0,0.8807211738369181,0.870400670135326,0.10878990386600422,0.07708449602536493
8,1.0,1.0369351807748803,1.124627141314078,-0.014842347544104602,-0.17063406673726544
9,1.0,0.9146929101010355,0.8242702713351905,0.04054524790181775,0.17378215171829023
10,1.0,1.0961787459662655,1.2073434016849292,0.04186304033632415,-0.13183495901213338
11,1.0,0.9563113631637411,0.8814007066361427,0.03187120031243898,0.13396401320329743
12,1.0,1.0553254503933418,0.9899212857434754,-0.07352430672295311,0.1096558881102161
13,1.0,0.8902373818395625,0.9031161095573379,0.003956375503686565,-0.03297360585042855
14,1.0,0.9734517119055822,0.9398047350709016,-0.04922240685003665,0.026218948411539614
15,1.0,1.2314957521560892,1.4286365383664577,0.21861867083021402,-0.22406058332408724
16,1.0,1.0912040484318057,1.0532177534391383,0.027778440432048135,0.11355761883913974
17,1.0,1.1208663420781497,1.306352730134766,0.2974584312580312,-0.1712296165651897
18,1.0,0.9664914699981928,0.8044677794901564,-0.24533000762789153,0.13940101681153905
19,1.0,1.0176029220942338,0.9796279713752494,-0.047499698219445,0.04609558156587834
20,1.0,0.9827611868651801,1.0348531643120564,-0.005957917102000272,-0.10004017056787329
21,1.0,1.131339145988262,1.03160395582363,-0.19766731694596798,0.08391066688851967
22,1.0,0.864975861742868,0.8058671360212609,-0.04873217958678522,0.08372849452304487
23,1.0,1.0101886988862563,1.1569407506769946,0.09386469303577906,-0.2581734614705782
24,1.0,1.0936282061463576,1.0935191475883086,-0.04867990824887559,-0.05960833031026169
25,1.0,0.9061706755868851,0.9201127238521247,0.022200800036832308,-0.0034613794739037917
26,1.0,0.988773274935073,1.0882686998450857,0.09501259068954476,-0.20914214280868593
27,1.0,0.9799907847826154,0.9382389252420787,-0.0797843617941263,0.009798999177194186
28,1.0,1.0025060399719739,0.9011217575041206,-0.10824300517821796,0.1589882301401584
29,1.0,0.9358083162667474,0.8233216125376224,-0.15555324963625236,0.08977001691045094
30,1.0,0.9421930347693197,0.9520604356448265,-0.031088602105622996,-0.07142506439273487
31,1.0,0.9766802828104987,1.0739979499888297,0.10271586332557754,-0.11103405705682388
32,1.0,1.1788214025164114,1.4331023519249146,0.27617006722417714,-0.20708260771680603
33,1.0,1.0967626533789858,1.040964524639611,-0.03170288623811521,0.10201457762554798
34,1.0,0.8968872004725026,0.7087217962529041,-0.15294230075671078,0.22367399364657622
35,1.0,0.9876344726866478,0.9088026550057281,-0.13003787513463477,0.028762553791873202
36,1.0,0.9499706390911761,0.8496617240060597,-0.10856590225677941,0.09670728385278526
37,1.0,1.003500229283758,1.0270701772509483,-0.015915785331620302,-0.09060287217196891
38,1.0,1.0729249759720303,1.1749326508496585,0.03373373326084632,-0.18422317674149147
39,1.0,0.9652832415452406,1.0154281384077712,0.054747993665311356,-0.11478877656959693
40,1.0,0.9574555919813823,1.0463757392203077,0.00782776785038787,-0.19954468579347803
41,1.0,1.0403881694866843,0.956682769463161,-0.1637806647620954,0.023535073038791543
42,1.0,1.0358587373572454,1.1053499895042513,0.029243650419494227,-0.08603736796231998
43,1.0,0.9453812619302377,0.7783884282412433,-0.14606432924404855,0.2076162074386163
44,1.0,0.8553671490050567,0.580468167783235,-0.35763421255575223,0.3308301643272281
45,1.0,0.964227552134274,0.9549731429195203,-0.002847906908003517,0.00927512893192195
46,1.0,0.8627110018658788,0.9702548573448015,0.11668498338260916,-0.0949823071180691
47,1.0,1.0447473588653173,1.0714150528514759,0.07348251294522583,-0.01403918873120158
48,1.0,1.0387487668890143,0.49973803866362165,-0.2941588134096679,0.5058917203074396
49,1.0,0.9166286993277074,1.014010224754155,0.09915539244513998,-0.10501513443290876
50,1.0,1.1905456554803777,1.3002655463570298,0.08719376080527044,-0.15915703611331422
51,1.0,1.00741129726314,1.049924031228437,0.08669856244658893,-0.0004271772755181075
52,1.0,1.1743846286351804,1.1261002091859593,-0.026729159269172964,0.10772792355040622
53,1.0,1.1136532478721541,0.7498818089680279,-0.35944637951872366,0.4160178851141741
54,1.0,1.0667486521443068,1.0993407936650785,-0.07318660006593951,-0.11920826012357066
55,1.0,1.156896924979065,1.3528346686418091,0.21738902165900478,-0.1913844652887636
56,1.0,1.1069821715360013,1.0888116776365953,0.00194993877839586,0.06118350250546123
57,1.0,1.226568625930315,1.1513328027070766,-0.12327753405509727,0.03195703255165993
58,1.0,0.9217917980084553,1.0555339980141747,0.13040924435806445,-0.16600551689317666
59,1.0,1.0132347638931132,1.0153974792851337,-0.012147570478310166,-0.013375706276579136
60,1.0,1.0423091272081577,1.119046914713064,0.0774062633999757,-0.1007215579030374
61,1.0,0.9443188501708863,1.128464484295231,0.11653509923778471,-0.24998020980669938
62,1.0,0.9968712075292763,0.9079208998683004,-0.0631340375165767,0.1272316495521405
63,1.0,1.0190843554568252,1.0135878806130718,-0.017376204976613588,-0.02034591647945372
64,1.0,1.029804584928562,1.0117405693546422,-0.0066870726097743305,0.027324832543122124
65,1.0,0.9767173985048855,1.028917919924815,0.16342739776497878,0.015238988927648522
66,1.0,0.997622831566596,0.8484004266146472,-0.19858094734302328,0.14072362042457442
67,1.0,1.0693289984667298,1.1143959335736242,0.09060246066848378,-0.03634556024762703
68,1.0,1.1400197866193542,1.2489887797300612,0.230327571172817,-0.03272992959209768
69,1.0,1.0739345052232159,1.166839927663166,0.06117990471296179,-0.1304082971314234
70,1.0,0.9180217893282865,0.9437724050911676,-0.0049494953021332055,-0.05982431864051674
71,1.0,0.9990545851455235,0.9439983521789216,-0.020177221256875898,0.11077801698706335
72,1.0,0.7957361861660631,0.7356813401751346,-0.06833091256863116,0.10513494900980236
73,1.0,1.1652657970222675,1.218399684806599,0.018292897446034767,-0.11936712710434216
74,1.0,0.9503244465495321,1.1685408589402366,0.20108596421003613,-0.19827666113358755
75,1.0,1.0615774313294988,1.2300895506432565,0.3097458531113979,-0.20156204690510193
76,1.0,1.1743425229944893,1.289996053812988,-0.03528866558838806,-0.22588891097893093
77,1.0,1.0559362546733284,0.9276753763686568,-0.2133373884602495,0.04091112551992059
78,1.0,0.9604940592253415,0.9830282711336432,0.07882749639690101,0.05511528230124951
79,1.0,0.9547476001913601,0.9276389711820082,-0.002040401504544362,0.050631511389508055
80,1.0,1.0719766874569963,1.0415264333232301,0.029824110999080045,0.07674685402327584
81,1.0,1.0911292708234488,1.1078006859376226,0.002164899123759044,-0.03117132916280796
82,1.0,0.959842584522261,0.8986653468273298,-0.05449631324005613,0.08584136322001823
83,1.0,0.9912521029434221,1.1343077141094253,0.2516430027979728,-0.05418483705774557
84,1.0,1.036166077819614,0.9458970687457503,-0.04544483798765553,0.17261701784667083
85,1.0,0.7613481921174062,0.8619008313717315,0.09561971071566211,-0.11486576158544282
86,1.0,0.9285103033163808,0.9933753785921756,0.13037824916284954,-0.07078595105281771
87,1.0,1.1456297384012732,1.177635005343447,-0.028376193912300035,-0.09660499517978915
88,1.0,1.042301977487794,1.1905278147493754,0.1561356604826275,-0.20952474234672458
89,1.0,1.2001908379756963,1.2087020651317026,0.06052847701605368,0.07029720412314905
90,1.0,1.0175475762387398,0.8869260750090922,-0.09534821275057064,0.18461562952872945
91,1.0,1.1700200703834975,1.1848405461175666,-0.011825668618088706,-0.052354637754846056
92,1.0,0.9784739348193354,1.0338568552739218,0.031107469284334277,-0.11814487628211709
93,1.0,0.8794892461898026,0.9173695852537691,-0.09512661490983862,-0.17232645333714403
94,1.0,1.0876848402508792,1.0969147033121809,0.1432489399934958,0.12291947872709352
95,1.0,1.0318045694262354,1.080347769826005,0.0630354202934214,-0.029873233103541286
96,1.0,1.0038960494017692,1.0769888444735698,0.14660477664446947,-0.06570008864182517
97,1.0,1.2128036916274108,1.3143558527420953,0.12879223149821353,-0.08452464906783584
98,1.0,1.0326712213771745,1.034322999202763,0.03594350027052964,0.03367510996653711
99,1.0,1.0945961066077772,1.2086159888234396,-0.001490820935078352,-0.2480175096438777
100,1.0,0.8856329019102855,0.9884530228405015,0.003070663499292881,-0.27228156888344834
101,1.0,0.9503359693045083,0.9112676688326224,-0.02971295731511574,0.04044971355056459
102,1.0,1.1669093091330038,1.0917392214896626,-0.034372059218123516,0.12191463469590735
103,1.0,1.230992640519387,1.1837100406602827,0.03353550219577518,0.15614296756596913
104,1.0,0.9414714136355098,1.2377823181031626,0.19713109800683834,-0.3688252314849388
105,1.0,0.9421336280958228,0.9220150064217073,-0.04648981093568366,-0.011301025940157472
106,1.0,0.905962037866783,1.029850100299066,0.10375677129815507,-0.14122296918198307
107,1.0,0.9943756493243239,0.9230045824868984,-0.054678032561283806,0.11230900030959376
108,1.0,1.0116483968559238,1.2878863069011044,0.1711713750009749,-0.3482723040242006
109,1.0,0.9521714648041866,0.8538952464105036,-0.023004072048234958,0.1345773137888364
110,1.0,1.0581399666547957,1.12730689010572,0.10750572646069194,-0.0176083830159407
111,1.0,0.9872224783357665,0.8552051335789468,-0.14391293256383625,0.13365091919709815
112,1.0,1.0203766342036424,1.2013800315929026,0.24639394624965458,-0.21242313525715448
113,1.0,0.9721026268789004,0.7125150313543946,-0.22415026572273142,0.2848772488370246
114,1.0,1.0206813969578021,1.1065437067519248,0.10827497036852998,-0.12430280655774395
115,1.0,1.095735138140252,1.0755223790855863,-0.061052502133917,-0.025995741946236443
116,1.0,0.9472782840032266,0.9550479276967131,-0.028465063078197406,-0.045717701204175176
117,1.0,1.002163671020022,0.9655887673833485,-0.0005854931974833555,0.08888236659004833
118,1.0,0.9537717424486634,0.8988932546325212,0.01036673840724614,0.15316521074118916
119,1.0,0.9878180999814523,0.8670042853971677,-0.14062400683026932,0.14729215040782087
120,1.0,0.8998474342368346,1.0278902902875497,0.08436972936375293,-0.17886014035463105
121,1.0,0.971232212138047,0.8950997270108502,-0.1258987970393166,0.036764637192461556
122,1.0,0.9368170719364836,0.7921194410396558,-0.14078971560301004,0.14074452031425322
123,1.0,0.9994916798878268,1.0333003514303931,0.006990770421806,-0.07927223601674216
124,1.0,0.8528457050101305,0.8508317213073973,-0.029098714275367494,-0.044229390911672106
125,1.0,1.0554626796179105,1.0190450774472586,0.0014654560663331546,0.05692891528450639
126,1.0,0.8562870258432506,0.8553058603070922,-0.012836478929626527,-0.007928120000588512
127,1.0,0.8835951824599669,0.9385912561979137,0.04623514152808933,-0.10171055027521256
128,1.0,1.0721293769445837,1.145370866746957,0.12697565344006678,-0.06895609433947891
129,1.0,0.8629028980399178,0.8751648004209751,-0.01589035748670409,-0.02572066452301751
130,1.0,1.108656089060857,1.0758883122579495,0.008115646371334453,0.102831221449597
131,1.0,0.9175056924727975,0.8026481985386872,-0.020004501330278132,0.20606585452902224
132,1.0,0.8990596444071894,0.8411204347538286,0.003433542030092357,0.10784970205097943
133,1.0,0.8806134446028738,1.0050894050727825,0.15977299845150073,-0.11182743815335915
134,1.0,1.1135477591912364,1.3264351896843776,0.29095215540249897,-0.11265058940682571
135,1.0,1.0709227309877734,1.05648714914211,-0.10506483177163872,-0.0776728090687504
136,1.0,0.7895270966523436,0.7872914683772864,0.017483364209002004,0.03910351317400096
137,1.0,1.047001035773384,1.0358686162327067,-0.04107800081091629,-0.024748274751963728
138,1.0,1.115668424201876,1.1119421601121373,0.06845983791518005,0.06536438145177048
139,1.0,0.9559340554178656,0.9584326399982093,0.005913930124008121,0.00026313383199771945
140,1.0,0.9407924863900247,0.8273545275443934,-0.04828378148665073,0.16375993875097894
141,1.0,0.9249388925546792,0.9412856546413557,-0.004181950520601996,-0.04537865742868141
142,1.0,0.9754361988563355,0.9933719934967816,0.09050595596495344,0.05635029538040503
143,1.0,1.1231218722752772,1.2243478536253707,0.15573428950016088,0.006444375547770109
144,1.0,0.916067724699746,1.0580376126470041,0.19829336343450987,-0.08609233984058967
145,1.0,1.0310699800641094,1.10500687286949,0.045674293379326075,-0.16342353356957862
146,1.0,1.0409637561990488,1.0795622885646174,0.09705413626082243,0.00857077684476426
147,1.0,0.993243811036866,0.8964801902503674,-0.0907088967665347,0.09914862877081498
148,1.0,1.0077256702044013,1.2363529214892846,0.30710245918285095,-0.16239966649063353
149,1.0,0.9779108554873328,1.0000984374884858,-0.04870568460306012,-0.10178196603395107
150,1.0,0.9202871285570097,0.8744472354095352,-0.003031019244234545,0.07361532967970241
151,1.0,1.0986519060205493,1.0810460185707442,-0.015442010365530744,0.004187129769073761
152,1.0,0.998051893221266,0.8756131809459315,-0.1441992541090812,0.10842694107741024
153,1.0,1.0554619943215384,1.023945016022155,-0.021758049681845682,0.036390335254100625
154,1.0,1.0180375992329884,1.0570028878624709,0.0796002558628815,-0.00026563825965730814
155,1.0,0.9425633438911661,0.9804465612598688,0.037693516126568974,-0.06046800499424099
156,1.0,0.958613763627674,1.1005908829652313,0.1821356088792861,-0.08403734388620254
157,1.0,0.9791398939572417,0.9101412880216888,-0.07381590256937619,0.05837031634312084
158,1.0,0.8579737354432225,0.9073139298620838,0.09808740020822967,0.021899337750611036
159,1.0,1.1424423357522093,1.0049158917671421,-0.20221623733758542,0.15795585256887068
160,1.0,1.1594600399905755,1.1607554661687371,0.06250705547893674,0.03457051079476459
161,1.0,1.0505351989740204,0.9883065233295318,-0.11471114715492292,0.06268655589438706
162,1.0,0.8436150947921646,0.9035002548293323,-0.005684339061290289,-0.11326826792121349
163,1.0,1.0058673706403634,0.9911052841234695,-0.1535174079639395,-0.1544493852130555
164,1.0,1.0490405202574928,0.9773919331047258,-0.13577248651479573,0.02480583927309711
165,1.0,0.9985304906547559,0.8491984591539632,-0.09692132075540869,0.2987258201989976
166,1.0,0.8325458251619805,0.8072690445867893,0.009405081274231734,0.0489500853776651
167,1.0,0.9464303800867866,0.8279809866852531,-0.12117293953537088,0.1567077508758571
168,1.0,0.840980978597566,0.7538340168918212,-0.0698373470491621,0.13898409025333067
169,1.0,0.9854722335114378,0.9852684579592239,0.005979542487799049,0.011475711696277813
170,1.0,0.8697893100243462,0.5681395542520791,-0.3362473628596272,0.2914442379701291
171,1.0,0.7910798432973924,0.7071629826637087,-0.07348675433309282,0.1375880955995968
172,1.0,0.9130456927535049,0.9573079701748541,0.009693799853667993,-0.08736561086849703
173,1.0,1.0332657501110116,1.0193633045617885,0.003889711502918808,0.036999401100986096
174,1.0,1.0060134422558213,1.0530393257191142,0.011725242855602946,-0.13975510174076422
175,1.0,0.8420899444967256,0.7423781737932974,-0.0315479982977403,0.16367326556621975
176,1.0,0.996886533117204,0.8256726756396199,-0.21648250073426747,0.15042507431556373
177,1.0,0.9203744671054646,0.9150335473759722,0.06346775756962009,0.07513842996453557
178,1.0,0.934961247687453,0.9071875815085095,0.016359390771948777,0.11842979040241353
179,1.0,1.0636318573236099,1.0672416663364985,0.09958751247044234,0.08587696314082749
180,1.0,0.9605247116957348,0.8638351081812865,0.08595562902406742,0.22756659555922198
181,1.0,0.971502359013426,0.9303219029959016,-0.06209545302314323,0.03768514308179616
182,1.0,0.8824131741387856,0.8386334058612692,-0.03014139673691356,0.05820721714612954
183,1.0,1.0295714077902007,1.0936665893831474,0.10536819751309445,-0.04857895598114803
184,1.0,1.0898916247807928,1.0934895385507686,0.059396029731701105,0.043040627151847685
185,1.0,0.9337523385817472,0.9566303673982846,0.03959611640672587,-0.018923263164155824
186,1.0,1.2136663978759703,1.1784809995364336,-0.02917754312498186,0.036931471796444626
187,1.0,0.8682955773661728,0.6701416785693624,-0.16435030563771091,0.2542143887061782
188,1.0,1.037359873029376,1.0558737148100155,-0.01130726252108464,-0.06433139247395347
189,1.0,1.1393091659045411,1.1533228557287294,0.036191237743402715,-0.004974273652742056
190,1.0,1.108041795827983,1.1028365151060415,0.03522779094708871,0.027203807991272866
191,1.0,1.1505442257536893,1.1470791237836566,0.025470224012285426,0.01923580825966753
192,1.0,0.9084712483506724,0.9664690523065784,0.056142448051413454,-0.06299279700911709
193,1.0,1.1941991213660066,1.1774131540995867,-0.0038095419162433863,0.041699397844581446
194,1.0,0.8351626360104486,0.7870888606688262,-0.12879716030422872,-0.033117646898747743
195,1.0,0.7652405445595467,0.6257549063513181,-0.19204374567368004,0.1671495364734923
196,1.0,1.163194525028737,1.3093405781147511,0.23044392245966705,-0.02069639823071589
197,1.0,0.9385487157912195,0.913986307735832,-0.0055502551798364275,0.04203321426182849
198,1.0,0.8653960421856404,0.9423158572391297,0.05574058133114122,-0.1293571479200346
199,1.0,0.9027736466649291,0.9446801189269068,0.06286678120247503,-0.02345988763825857
200,1.0,1.073251892469947,0.7241027372228948,-0.3457115253003487,0.2358202498077574
201,1.0,0.9984681813996148,1.0638215856989892,0.019429682283187547,-0.1235410246750055
202,1.0,0.8907034887489215,0.7652939617949769,-0.2721198399300672,-0.057938431280853187
203,1.0,0.8781766850877489,1.0961114263275504,0.22515287952204469,-0.26344361771292335
204,1.0,0.8572119328009076,0.7550090552270708,-0.0740814146720476,0.15726381159112002
205,1.0,0.857501421161904,0.8686569412148384,0.021495225650374337,-0.014711083336290676
206,1.0,1.1101497792193278,0.9801508702515125,-0.15981531614685726,0.1201690682837876
207,1.0,1.0233141751070556,1.10726328503612,0.0448278555138506,-0.10766154180068753
208,1.0,1.1206247010673869,1.1680877987598253,0.08922500338980055,-0.0020257715353768704
209,1.0,0.9893354761056434,0.9894226347389549,-0.02000419188290598,-0.009784021739831728
210,1.0,0.9642969274666142,1.0456400607331613,0.10510473832901088,-0.09230561217675382
211,1.0,0.9556942191728195,0.8016622263639067,-0.11465115339856513,0.12209500821746129
212,1.0,1.1675786999114883,1.1388030127637379,-0.016924546446591596,0.06987266432708195
213,1.0,0.9294513660576675,0.9463603607947105,-0.05478041712736649,-0.1008289319994754
214,1.0,0.9048940773213608,0.9216134333679857,-0.057194664038932225,-0.08631021326608423
215,1.0,0.9001209199931408,0.9259340655099725,0.003883455281680867,-0.06700443407012457
216,1.0,0.885482154877367,0.9409122482424683,0.17839964164901204,0.02817354384516135
217,1.0,1.0506508551928417,0.9797252193523482,-0.008312079894826973,0.14701243728729307
218,1.0,1.1795705233652825,1.2729256419201056,0.14656026851615,-0.03829077851293605
219,1.0,1.0915536998689934,1.0309478158224057,-0.01858077942545555,0.12394228614945345
220,1.0,0.9841788047672565,1.0767061897440386,0.04601897079867298,-0.12944246373816004
221,1.0,0.9336093348156441,0.940845597667908,-0.00947143737185508,-0.015073235424900133
222,1.0,1.1962151149373557,1.1605094238821283,0.010226672467131702,0.07701538230252945
223,1.0,1.1272139268317898,1.0550251214814046,-0.04390893662198139,0.07345254604476792
224,1.0,1.0193451071408843,0.9959313209680342,-0.08094212761138568,-0.03816245938480545
225,1.0,0.9151391492393249,0.9054580970543497,-0.012515804930144838,0.01037473274784384
226,1.0,1.0474632339247483,1.2205966676062698,0.21965620436097968,-0.12118205011890304
227,1.0,0.9390118752340091,0.9510551711254561,0.06899357065831238,0.03841542710954271
228,1.0,1.1694120778587274,1.2518401769680334,0.11167855054882521,-0.10079701337602709
229,1.0,1.1121636118862215,1.2185988413002065,0.044732217055042045,-0.16620093615553125
230,1.0,1.0012607271560108,0.8462587044097476,-0.19889409258711696,0.1649285777242434
231,1.0,0.8015195385631911,0.8652006151243485,0.11565778656658171,-0.07014414093836518
232,1.0,0.9614600170353823,1.1273101039284557,0.10003288986654724,-0.22179308891507982
233,1.0,1.0388117754595114,0.9427309854364321,-0.1094923714593754,0.09524291716379894
234,1.0,1.0714047643204048,0.8841377743731985,-0.31397881915095116,0.10637067987404687
235,1.0,1.0157411561054706,1.4440260511327843,0.33961419227534806,-0.23557837113653995
236,1.0,0.7507900451732802,0.567863483130586,-0.06570891751805343,0.17884181751373396
237,1.0,1.0001050111908902,1.003723899343717,0.011834280336016655,-0.006350726213082747
238,1.0,0.9691461469401279,1.161247201485353,0.1867675759570493,-0.1053441583743722
239,1.0,0.9401313770017155,1.1215855070878142,0.08763315627705545,-0.3072637395388267
240,1.0,0.9326386503784706,0.9578088355076532,0.029717054118916036,-0.013876885546849516
241,1.0,1.0404521477093,1.0030272979794015,-0.04537117604508623,0.03416737569826711
242,1.0,0.9975493710171794,1.0196590413716884,0.005758290219486276,-0.05519873096560457
243,1.0,1.0931186450821364,1.1381740725161666,0.045486984726478594,-0.07726059920541595
244,1.0,1.069463277666421,1.1682124921209682,0.15862647981340663,-0.11182383195253184
245,1.0,1.1376228390094576,1.0719822366494958,-0.05846559855294011,0.06866359338566075
246,1.0,1.0821413881027004,1.1916775922928398,0.12506380576444923,-0.10557336543552397
247,1.0,1.1160966649034967,1.1266576289528147,0.008097500105526956,-0.022444897974135958
248,1.0,1.1680489545603792,1.0297831911582094,-0.13112137995643874,0.12341881612862526
249,1.0,0.9214440931292291,0.8794037115049288,0.06649106022699738,0.13348242513568487
250,1.0,0.8869620946193384,0.8738872878648746,0.0038327179994152027,0.049328730547619326
251,1.0,1.0261565172353828,1.0512181011535582,0.13961602197498185,0.08677926988974405
252,1.0,0.9175896296021068,0.9334281392160981,-0.03579724059289888,-0.061578653625302904
253,1.0,1.0537651092725884,1.074378483574411,0.003659384639014837,-0.05289577158277301
254,1.0,0.9460584980654724,0.9132562427303843,-0.012858302894970565,0.06167695818746011
255,1.0,0.9364216057076049,0.9248788125804822,-0.008077648761350396,0.01645579694295496
256,1.0,1.0880451051116897,0.9400732123021215,-0.15853103278716527,0.1982524224280442
257,1.0,0.9157586788745762,0.904203979643056,-0.06597788945198177,-0.03294838169147539
258,1.0,0.98974533056406,1.064631792268883,0.02887282779089685,-0.16587592309597476
259,1.0,0.9156294297014267,1.056208586598939,0.048840126594964534,-0.2007590597562232
260,1.0,0.9016403624482453,1.031061706653663,0.14224902057368133,-0.17737346160264011
261,1.0,0.8803531934301161,0.8184800731773683,-0.10662520681585083,0.03939333152633295
262,1.0,0.9678585306604794,0.8529080454732025,-0.05355685277265861,0.16063522932069985
263,1.0,0.9925877230900599,0.9234435663011862,-0.09732386341836115,0.03766945677650624
264,1.0,0.8409770074668363,0.7041709433307463,-0.23481607910134566,0.08296370118744767
265,1.0,0.997195643109444,0.9427955440986736,-0.12634581127067004,0.030325641810823534
266,1.0,0.824088307048673,0.8457766419924685,0.06260871775194685,0.043505808519651246
267,1.0,0.9830665543781917,1.009186075988398,0.06121737307522822,0.0024079199129131146
268,1.0,0.9820738687149386,0.9241621522007271,-0.027999113406453217,0.11483599323336913
269,1.0,1.1146746570010186,1.1433533266833797,-0.040982119529314076,-0.11553228561032824
270,1.0,0.973202144748334,1.0253834960514538,0.025380904469806953,-0.05782395823118458
271,1.0,0.9315908228381832,0.8476738832163566,-0.08719884359023813,0.09219979944815793
272,1.0,1.078714384200162,1.0675839821647775,-0.09383346119687012,-0.0738823780335296
273,1.0,0.8763949349970047,0.9143650135281844,0.07675468126977189,-0.033995506044182555
274,1.0,0.9560988596068,0.8251144279993589,-0.16256315972308336,0.06054652516020509
275,1.0,1.1167905761346415,1.123955860873607,0.06479550713861433,0.04436781733355111
276,1.0,0.9396293071647708,0.9881377415995586,0.16126983311454213,0.11443854514183617
277,1.0,0.8401653280558058,0.6140137356221657,-0.1555614726158407,0.2369275547551558
278,1.0,0.9599177352394828,0.8948870190549482,-0.05732226528774166,0.1177550593033195
279,1.0,1.0340658740680417,0.9026310208403764,-0.2544031646314674,0.06275452832290696
280,1.0,0.870882448638291,0.822518304930435,-0.07215243405120683,0.03925800030649129
281,1.0,1.2091070415008354,1.1562624021439363,0.07588292948413304,0.1307400080343717
282,1.0,0.946405984702874,1.0681889399884879,0.14722513611385757,-0.12161567104802162
283,1.0,1.1313534521493416,1.2503534830605332,0.2568293080092252,-0.029932897983277362
284,1.0,0.9132033337692,0.7543134761625206,-0.10481803956862622,0.13966126332171103
285,1.0,0.9033780810170384,0.8391887304267275,-0.13143091438569662,0.031237612949605476
286,1.0,0.8165527020398551,0.8008474534532164,0.05807515248743341,0.08532425410063571
287,1.0,0.9117618830886149,0.7738765025378751,-0.1709277737825349,0.10421348488886706
288,1.0,1.088482214783857,1.1860707677406594,0.17037855183971543,-0.035527551102783377
289,1.0,1.0027387452849474,1.0196634366038975,0.06185655523265243,0.01416251809223823
290,1.0,1.16196846142477,1.1611243874392325,0.0068793280495047845,-0.00558707855587981
291,1.0,0.9873803727228085,0.9242374473966405,-0.10304375002988558,0.02777360550624663
292,1.0,0.8851685226711296,0.7990313945623208,-0.05637517125798068,0.14525097210974913
293,1.0,0.9646096518299986,0.9546644437658455,0.08376004209937753,0.044318023444832266
294,1.0,1.1409706870153646,1.1175553282921313,-0.008484267724073652,0.05312915828981779
295,1.0,0.8996651933430522,0.8892611746909386,-0.06699868801932825,-0.07153854909400348
296,1.0,1.0624401096298572,1.1893431651502624,0.09298570369728562,-0.26435313113056763
297,1.0,0.8720523030790697,0.7318174740248358,-0.14618087596005563,0.1131149634778359
298,1.0,0.9808164628117436,0.9665879885092191,0.0009507322354677002,0.029140258766732652
299,1.0,1.0025966617713546,1.0806630212309143,0.11333408103714716,-0.08125991732332194
300,1.0,1.1244770369067598,1.1293070702965322,0.0459504607227734,0.030964845661694218
301,1.0,1.0773360940690069,1.3115492763950367,0.34651854765842516,-0.24219901381304032
302,1.0,0.9575348654485761,0.822574753123309,-0.1648358895950998,0.11069904250638296
303,1.0,1.0709282322088904,1.1767330553035658,0.13150487125449586,-0.1091193447254637
304,1.0,1.0749470414513183,0.9164163509331343,-0.03337984198079058,0.24418453602404863
305,1.0,0.9728947390930257,1.0716788842296827,0.06590675398556423,-0.17329650586607426
306,1.0,0.9976924677825405,0.714624464501435,-0.25052279614773515,0.23813471421057628
307,1.0,0.8672170534069615,0.7811152712095689,0.03591718624186922,0.26283937534236934
308,1.0,0.9763228568191685,1.0672564751521127,0.14108180060355147,-0.05683052908511654
309,1.0,0.9934136910058508,0.8688427595970136,-0.14917216638862274,0.16079532915753308
310,1.0,1.0720467964918179,1.1247205520031658,0.04110349045145515,-0.0447029916102718
311,1.0,1.0409340164913634,1.0917214470483299,0.14268153894443913,0.04962567025117137
312,1.0,0.8417255954004822,0.9247148853382476,0.12442262178637475,-0.040946567966457126
313,1.0,1.1350341740529915,1.3224804254773013,0.30337811904183165,-0.014900754745927669
314,1.0,1.050176848226297,0.8354705929508762,-0.10957273009722919,0.2515061477427376
315,1.0,0.9697744300775495,1.287672730677207,0.2678280046423437,-0.2713715095838908
316,1.0,0.9376180713330267,0.9222406432065228,-0.005952340225113048,0.018866411906186317
317,1.0,0.8971031347527914,1.2613720257549512,0.4059836753760595,-0.2776773284529034
318,1.0,0.9131187453890416,0.9963071960791787,-0.028258255866991294,-0.1768101046251278
319,1.0,0.9893462926354512,1.1097436690958624,0.05074012177770663,-0.19258845846649275
320,1.0,0.9966032470481552,0.9567145467099686,0.002908243581227706,0.09746914683172712
321,1.0,1.0290350262201557,0.9643115739589218,-0.04969249428481093,0.0999327917249998
322,1.0,0.92473936819998,0.851338874641772,-0.0750433901439323,0.09312282140577566
323,1.0,0.8317868329832345,1.0880337557523885,0.23388504058058912,-0.34187506584024124
324,1.0,1.028142299310325,0.9595046197546899,0.02839918496810906,0.20260813492426255
325,1.0,1.0433387216614063,0.9243851001486021,-0.148811282660694,0.10340827948732945
326,1.0,0.8758063028106201,0.9633693904513936,-0.016912228707563606,-0.2284429062397002
327,1.0,1.1567598290847145,1.1904795747984414,0.08314036200056996,0.0018777825755089943
328,1.0,1.0749732391057756,1.1373654808559615,0.06948362249886673,-0.0983104292713509
329,1.0,1.1198088292478197,1.1016996479872727,-0.025670128509123164,-0.010436143322769438
330,1.0,1.0547816530698317,0.9538179851290112,-0.13946670754469345,0.0459135578484231
331,1.0,1.0660602708220095,1.1200998183791335,0.044577792499785274,-0.08086887396082376
332,1.0,1.093998578562808,1.236977071301997,0.19071702483830238,-0.16411177917584618
333,1.0,0.9988665295353636,0.9273716774896528,-0.038372812803985995,0.15060620504035727
334,1.0,0.9887614550477752,0.8591221102707556,-0.14209344349799669,0.18259046176757787
335,1.0,1.1289877235958095,1.1629099378838883,0.06239942941999506,-0.002819118669015186
336,1.0,0.9306282264930312,0.8498712346795922,-0.07970114163913883,0.12781254813962428
337,1.0,1.0680293049669631,1.1641683436056658,0.1477704538994533,-0.07726733732660286
338,1.0,0.9713599578495196,0.9420828947091268,-0.027530551163571948,0.04711088860830129
339,1.0,0.9876693833200264,1.0872985823345345,0.03845729781810847,-0.1665572367449052
340,1.0,1.102913529007693,1.1504400780370512,0.08631114752104484,-0.022936283436902904
341,1.0,0.998544243565722,1.0754334041207625,0.0797858022182874,-0.11728207136577828
342,1.0,1.0141212235809391,0.8323432323601324,-0.16799744553776702,0.17774557247568468
343,1.0,1.0279732170329403,0.8570171027802141,-0.18482969509989752,0.22298857447828024
344,1.0,0.9149035644462228,0.9726064833353278,0.030917045305807928,-0.09175781679172487
345,1.0,1.0605585198875747,0.9155968881922312,-0.1136319256067932,0.21355050715126556
346,1.0,1.0062859428168565,1.157954664783964,0.16236149703510527,-0.16230917472637493
347,1.0,0.9452748206017809,0.9678396458821332,0.08949232574003463,0.07497274757177008
348,1.0,1.072987724232265,1.075667673466629,-0.0072606912131697385,-0.015960498861912642
349,1.0,1.1141256416208378,1.1085247905412,0.03625257688285394,0.045357100619473734
350,1.0,1.0570509828291308,0.9474163840148719,-0.1588894722814138,0.09616308698098178
351,1.0,1.1125712102036844,1.1900596892868005,0.1424448452849847,-0.04369877001055977
352,1.0,0.836479934473724,0.8226625186825968,-0.08244847416020067,-0.050378181063037146
353,1.0,1.0640218450098615,1.1076040119182489,0.0940830052903366,-0.029248511856091897
354,1.0,1.0911787499348546,1.1262328286219383,0.0717100850550997,-0.02121387360954241
355,1.0,1.0539806360896764,1.0558607874753192,0.025244265542977647,0.01322540782245174
356,1.0,0.8918579603212076,0.7641369477323078,-0.16038327442485273,0.09426902869979768
357,1.0,1.158046111948018,1.1308825051398324,-0.11037409589618273,-0.10892838259579983
358,1.0,0.9609579921739145,0.830424630225776,-0.10075589869536727,0.20066284514302313
359,1.0,0.9682711344760746,0.9168616265733762,-0.15646334247006627,-0.011569820532731478
360,1.0,0.8453206132593911,1.2832840524160691,0.4331068336403353,-0.29939393215615845
361,1.0,0.8731787040057158,0.7197565876164265,-0.29832270340962763,0.11931433125912627
362,1.0,1.085504858462758,1.1219269275868518,0.015489413488691137,-0.06909174507188176
363,1.0,1.0424549694654885,0.9899820282700467,-0.02719121425542448,0.09784830585971571
364,1.0,1.1557289015327044,1.071326527867322,-0.060767589514245615,0.13165391740697951
365,1.0,0.7846588927375794,0.7551742646494808,-0.06576639243579674,-0.018418333200101333
366,1.0,0.9649850915428533,1.0155004140686674,0.06771459367119809,-0.08150270867200615
367,1.0,1.1807478342162463,1.1728310035535363,0.009937057325775451,0.004558379259279904
368,1.0,0.9969225887389527,1.1066785789451243,0.07497662612854128,-0.13782833710414902
369,1.0,0.9779191791708708,1.1922540070831948,0.17409432727202834,-0.2396986955603626
370,1.0,1.2394106492393817,1.2309457655267582,-0.017002414863543147,0.012245142210932425
371,1.0,0.9599981914651647,0.9944076940799059,-0.006673830901639269,-0.06442028298734748
372,1.0,1.0657514562293149,1.0836636715479069,-0.009238425943672773,-0.06268646502640474
373,1.0,0.8647311434948114,0.8550382479792477,0.05868081304437722,0.08603700648673204
374,1.0,1.0071096964804938,0.8686423419343023,-0.1633928420119477,0.12224317431669718
375,1.0,1.0376853860986168,1.091988622286006,0.14279220297136913,0.013905937396218482
376,1.0,1.003914453270681,1.0122217136319163,0.039649634048379095,0.02512720552984904
377,1.0,1.2281828991253165,1.091318846433593,-0.09580896435420444,0.15070383646645447
378,1.0,1.0714866841661306,0.8967072797203767,-0.1426296106155818,0.20960579022284528
379,1.0,1.119163395537923,0.9874849339780243,-0.08896347565548543,0.19996881068903782
380,1.0,1.0725449713659831,1.0167067722170042,-0.06911212419067914,0.03824444769083299
381,1.0,1.166484297812096,1.3252899790928028,0.1626960754597636,-0.1151148940237463
382,1.0,0.8790908550713822,0.9756443866215462,0.15093658646995764,-0.05908532779519615
383,1.0,1.0061244956219222,1.055476404258119,0.07315137463952848,-0.046032925159102865
384,1.0,0.9578015383233612,0.8174240181016604,-0.22679584929775062,0.11613673838150418
385,1.0,0.8245547437860952,0.7483060479081745,0.05784070990061882,0.20463620504025848
386,1.0,0.8201774928989349,0.9171970757916014,0.08778960081488055,-0.13293470878666125
387,1.0,0.9801104890700258,0.9078118854515735,-0.08182983372489143,0.09343014904006575
388,1.0,0.8766587127075387,0.8153253650837399,-0.071462992754468,0.07792055960392896
389,1.0,0.9454741206009899,0.8934116179915155,-0.14436560892722472,-0.025981521032329834
390,1.0,0.9394090308443888,0.9862236980116196,0.0967913940457022,-0.035704998211276706
391,1.0,0.9716244692371935,0.778021265243084,-0.25636262606271454,0.0883029165098681
392,1.0,0.9768820344413478,0.9348770578029906,0.01783991760465408,0.10540115171546005
393,1.0,1.0350101866847616,1.1331155460888516,0.15360746659844077,-0.07628745662157499
394,1.0,1.170988886173125,1.126026829043708,-0.040872433614664055,0.06873305118328743
395,1.0,0.9086048047173414,0.8425712157578596,-0.08405927885068307,0.07816907017887609
396,1.0,1.1064370981035518,1.146437717986082,0.03490545903357117,-0.05356980649010379
397,1.0,0.9385617814952988,1.0883724841480815,0.19155599331087952,-0.06137652859233245
398,1.0,0.925107540304242,0.7316050603264408,-0.27635271592529453,0.18273570358870506
399,1.0,1.0656603521434653,0.8821802405377994,-0.04446875228270486,0.2210486373446292
400,1.0,0.8392155778510688,0.804304630788299,-0.030387231370990184,0.05739438115814166
401,1.0,1.0223863654316807,0.8150000224682055,-0.1494226645930322,0.2917260918761948
402,1.0,1.0159152117332255,0.9637794427567679,-0.07292259170865026,0.03864349968267178
403,1.0,1.0959549171007341,0.8775874054308985,-0.21522413138757243,0.19414402417405063
404,1.0,1.0006407988767247,1.2879755055876065,0.3081653322289877,-0.2876668798909803
405,1.0,0.7982969219399751,0.6864995359161205,-0.2211573656379905,0.03265103069584829
406,1.0,0.9695802393716043,1.0526933495511699,0.04160717513202977,-0.15815156505364336
407,1.0,1.0164748206916556,0.9811333455249088,0.04706273253897725,0.12691646861963313
408,1.0,1.1134849966517897,1.1752769423396074,0.06772269336150175,-0.06482936897720948
409,1.0,1.0628436521320481,1.2287878394502694,0.1397644141172905,-0.2102929606265428
410,1.0,0.9897085920770599,1.0672702164098973,0.12690514392440622,-0.06410925776705922
411,1.0,1.0690115466581327,1.033185732625596,0.0038236087419259712,0.07699219202915175
412,1.0,0.9592641816544408,0.9954699632401403,0.07530654476874493,-0.013514850520673916
413,1.0,1.1272092107124223,1.1466496161070163,0.09103460963361294,0.019643671678802987
414,1.0,0.8534430791731673,1.0115839675180656,0.14344881759712547,-0.15482308464750716
415,1.0,0.8972559677997062,0.8909241941756545,-0.07312003764540354,-0.05337123007089974
416,1.0,1.1655557106879684,1.1337255481264292,0.01859871532666854,0.09199478769405689
417,1.0,1.0408526781322414,1.3107902331698622,0.31865520782737744,-0.22049271247935814
418,1.0,1.048010198014844,1.1651762172838214,0.042027291898966014,-0.2506847366284582
419,1.0,0.9220683933922907,0.949121883910229,-0.019199619224175762,-0.08198794836246326
420,1.0,1.0747998801487828,1.2081141446695132,0.12795368726971879,-0.18115880985495858
421,1.0,0.862409488014594,0.8647465126292394,-0.02151925884235173,-0.021569715689191943
422,1.0,1.020208158525187,0.9803419006744946,0.03280802308982955,0.12223105353025901
423,1.0,0.9830632906933713,1.0932327750241344,0.15980978847964358,-0.07908524348673818
424,1.0,1.0687264323393277,1.1549216176815853,0.11313039505618983,-0.06599527988782
425,1.0,0.8892299155950356,0.8664569531002568,-0.10144359245968548,-0.07904537759412321
426,1.0,1.0453292041434643,1.037352254061774,-0.01667118073257752,-0.002911338685118947
427,1.0,0.952086707357605,0.9127025056370033,-0.05389342096619248,0.026528456107980825
428,1.0,1.082154028370304,1.1566155133478073,0.06270158266299504,-0.09933848507381637
429,1.0,1.037704684460549,1.0645531419424543,0.06932686943778855,-0.010126062037871364
430,1.0,0.9347787545940542,0.8243111237397562,-0.044610871151810796,0.21573287690088294
431,1.0,1.0147678572733112,0.984490260238069,-0.06463551536321714,-0.019300326215525476
432,1.0,0.9861897250654418,1.0571794894408622,0.045727739487673,-0.09605851432474521
433,1.0,0.9558798815017632,0.85047127566734,-0.16070747624382525,0.027214203578433627
434,1.0,1.041684895148182,1.1159115839844462,0.1440187894695566,0.02460378288997124
435,1.0,1.0924893545532646,1.1484888296933993,0.05974557653265841,-0.02010422402994294
436,1.0,1.1045137451848224,0.9125809136595731,-0.08211126860858432,0.2695770669219921
437,1.0,0.9909410547556193,0.7821398300367554,-0.25401508105855863,0.17203955974838703
438,1.0,1.0066805588591672,1.0005739682757964,0.18960317746707667,0.14399942418533895
439,1.0,0.9415822478104888,0.7744120166018273,-0.24337390557633942,0.17428780844879727
440,1.0,0.8316714537415714,0.9241519204631968,0.0074575342569441865,-0.16065189300381597
441,1.0,1.0758954965299026,1.102182956292894,-0.024053539114345716,-0.05996206281573957
442,1.0,0.9525153811253647,1.1633449889006895,0.26005497792599797,-0.2776494862301371
443,1.0,0.9368928214088733,1.0352180560115687,0.06208666114760909,-0.12469321630282382
444,1.0,1.0070507916104612,0.9260328200861244,-0.04180540496083482,0.10992940853589714
445,1.0,1.1140602959312464,1.2201902154972681,0.1573938983810082,-0.08904217932142133
446,1.0,1.065489240151399,1.061497972543644,0.04428721270505771,0.045699259326434705
447,1.0,0.8048213928144442,0.8376837546695259,0.025397158477210215,-0.04349115340969201
448,1.0,0.9260544152223232,0.9279550751169007,0.1200167450117435,0.13760755474187336
449,1.0,1.0972894954148598,1.1105006261042945,0.18549775002533336,0.18628283261481646
450,1.0,0.9356043117252065,1.019445639796351,0.12521193198106634,-0.09074984416111032
451,1.0,0.93340449816692,1.1929168055792652,0.25651766603772275,-0.2543193361743885
452,1.0,1.1133499708425514,1.234756306403898,0.23203342322478582,-0.10799896637298367
453,1.0,1.0046864647012808,1.091632656589772,0.10364586007267629,-0.09525382541955739
454,1.0,1.2095388761810766,1.1737916964104729,-0.02787175862596059,0.01787549237925055
455,1.0,0.8579755614408441,0.9409454553052062,0.09484640220530263,-0.09269164790247952
456,1.0,0.871606748495687,0.773538829954394,-0.10130200790171096,0.1073073852645312
457,1.0,1.0854304584465728,1.0323611783108073,-0.007948899780410149,0.0778924555485001
458,1.0,1.2250088258596272,1.2459708564456256,0.013005445027806595,-0.037837688333735464
459,1.0,1.0370756201765907,0.8568565360673888,-0.13299047459915486,0.2664494041592026
460,1.0,0.9806055277799274,0.9366758423276188,-0.12302480113242184,-0.0483766194336387
461,1.0,0.986993792335314,1.1046437113927041,0.13419962566271101,-0.10540093483982504
462,1.0,0.8445622215496823,0.8270590872250212,-0.0718378422052749,-0.01008556652259407
463,1.0,1.1141841719250527,1.1104592822853538,-0.07635993804010345,-0.06116463126997718
464,1.0,0.9466780131196516,0.9526590020848535,-0.05646154370032818,-0.11937969728119957
465,1.0,0.8740235372492787,0.9047800432186607,0.06056806172227468,-0.032471405613450965
466,1.0,1.1041518166611801,1.0174117190634901,-0.14425834991525288,0.09036249529523976
467,1.0,0.9151920190062929,0.9681381267219821,0.09329060160980066,-0.023399592497228228
468,1.0,1.0557384025841698,1.0333886367795344,-0.008629732600072285,0.04488086879007434
469,1.0,1.0470603092351893,1.0810828324360122,-0.021540813441787827,-0.11241495785558575
470,1.0,0.9424593240837111,1.0328474541863824,0.06104970445928736,-0.14924147806464716
471,1.0,0.8756959599070375,1.0602130979007196,0.13937332010567585,-0.2576643723435013
472,1.0,1.0499403975048849,1.0115876924744867,-0.006618722447965124,0.06552010522958451
473,1.0,1.0241302821316327,1.0961315106676117,0.09481192940182417,-0.048028848797212254
474,1.0,0.9865797115580661,0.9383111550344785,-0.116840217345004,-0.013783947557813092
475,1.0,0.8040590114497684,0.9540051038611619,0.1783921706523216,-0.13713787366927094
476,1.0,0.9196383306524779,1.0757471549473234,0.14992204911000884,-0.09625962120456288
477,1.0,1.0316631620493757,0.9562112170675175,-0.1698744299194078,-0.061809038906099234
478,1.0,0.9228828037381219,0.8544362205337594,-0.014716155251629282,0.11516341439187214
479,1.0,1.125307983541958,1.1101734064261428,-0.05479431842515994,-0.043111124203845996
480,1.0,0.9437741834055033,0.9298903198983691,-0.0054956159778726255,0.025001020840352255
481,1.0,1.054395319744403,1.21611503107099,0.20135077378223765,-0.124520350414983
482,1.0,1.0761534576456728,1.1019443982902497,0.08420200672591746,0.017657183269439658
483,1.0,1.1168059689181753,1.1901377218172586,0.1662717966347396,-0.03231355112439025
484,1.0,1.2141071221710584,1.2278844015086698,-0.0034619418484526654,-0.03704967369654755
485,1.0,0.8977335803001685,0.958679621060918,0.12392027785734289,-0.013465920224565608
486,1.0,0.8601422131202165,0.8790856203472158,-0.018041045266365068,-0.06420029540902727
487,1.0,1.0556724051294968,1.0260717510664363,-0.061860793914281106,-0.005966878972422873
488,1.0,1.0331974327582012,1.0814097231894921,0.053738138713904426,-0.03304048796069557
489,1.0,0.8521749807288705,0.8895757712461178,-0.020864503810871703,-0.12050709441298246
490,1.0,0.9354326196374578,0.7940513848286415,-0.1499976249015893,0.14398726436511228
491,1.0,1.0546161133074525,1.1876245345700611,0.25812237852607334,-0.033931123844298416
492,1.0,0.9791036222886477,0.7562442247087074,-0.09791119981950447,0.30324526466444907
493,1.0,0.9537476515596436,0.8789342709020128,-0.14901983394154072,-0.02005948920339034
494,1.0,0.9322506921040629,0.8204818718566651,-0.16234678811374603,0.08018922251563354
495,1.0,1.158102594091244,1.2062512679711037,0.1395501886503384,0.016428685605866515
496,1.0,1.0945507724491312,1.120151766116682,0.058786127149069375,-0.006359842587019271
497,1.0,1.126058860788007,1.063685613273921,-0.008486084729678732,0.1477338352521913
498,1.0,0.8481790987751412,0.7273311572044912,-0.13199756686793637,0.1280986159316745
499,1.0,0.8214201652913923,1.0221704642031628,0.10810096595667931,-0.2899910365985652
0,1.5,1.5784261362039629,1.7799356258411396,0.24651949075653168,-0.32568337035568384
1,1.5,1.3215182016178986,1.160153878279886,-0.16324415056274644,0.14357764320360422
2,1.5,1.416161344689981,1.504149534736842,0.061836240635473876,-0.09926906837776983
3,1.5,1.6480524746682976,1.5057047012903688,-0.18713875877947228,0.0806054580633303
4,1.5,1.6799569408707344,1.6681198193522464,0.04379447272974198,0.060595612149004
5,1.5,1.5476649501811826,1.612723628877254,0.07844044076738221,-0.08945159651774393
6,1.5,1.5764967771334883,1.414686198973824,-0.24681105575509155,0.1460238031780193
7,1.5,1.5274105200851515,1.5512429764988314,0.012762140039320814,-0.055668344412484916
8,1.5,1.4548811128931427,1.4512423970487343,0.05677021769719248,0.0627246173868262
9,1.5,1.7443083380269515,1.6890047070171867,-0.08769756206713329,0.034313342257167645
10,1.5,1.5420157185905121,1.4361067973437394,-0.31636210422924443,-0.06832606604944758
11,1.5,1.5554038993056123,1.5326512659717053,0.025555383199817032,0.06987715581215903
12,1.5,1.5940101786406133,1.5216550349458484,-0.08224718404953704,0.08720561561591511
13,1.5,1.5592743435011491,1.5142768699295455,-0.05292773877480152,0.04661703331771183
14,1.5,1.5396803190143895,1.3822985367317222,-0.14592120955605567,0.23023766141268187
15,1.5,1.4093770312944796,1.4898635380771832,0.15173543626625283,-0.027388580128104745
16,1.5,1.5850829309511985,1.7333839306432877,0.1892121297106173,-0.14010855976901648
17,1.5,1.4751955476770005,1.4033433165221534,-0.07998363414390755,0.07200591782479537
18,1.5,1.464136679984103,1.445282995902908,0.008865770140071137,0.033005533796066966
19,1.5,1.5050743806994602,1.4266221063744249,-0.13727676006642114,0.038142816046753514
20,1.5,1.522491877032835,1.6108387115907654,0.03227074287434853,-0.0974252352411169
21,1.5,1.4553126784356898,1.454115120675026,0.005654790430649204,0.007843257773271217
22,1.5,1.4186730895949027,1.4767093729321825,-0.016957087407837468,-0.12217289328255498
23,1.5,1.4860405863685255,1.5345760768513463,0.01790036979473575,-0.08775898089252965
24,1.5,1.437829546990514,1.4788667570821512,0.01748160628191122,-0.06280329401100815
25,1.5,1.4313501320949669,1.2588944549059937,-0.1949977744495396,0.15609670129283304
26,1.5,1.4175282778528553,1.4749768270525037,0.1486979558045851,-0.010286124789552487
27,1.5,1.4320198397555264,1.5086549439918544,0.1212605145498501,-0.008290509022448933
28,1.5,1.2832064751874022,1.3322014696200455,0.17143553941195389,0.015183115775432424
29,1.5,1.4917473732720863,1.522761702381189,0.09189188032259978,0.029140113258216305
30,1.5,1.3885247711342266,1.4048802285157216,-0.004687290517368454,-0.043744563735036074
31,1.5,1.572599712423768,1.5244971609832105,-0.08242159770590879,0.019788542735378556
32,1.5,1.4149401213547006,1.4650370627482037,-0.021257829431788427,-0.11615784492946434
33,1.5,1.5320011507289915,1.524438387988153,-0.013775771630611368,-0.010727775286958896
34,1.5,1.3902683104459406,1.4966745297447557,0.08909386399650028,-0.1376865481541949
35,1.5,1.6206714805955926,1.6751774500192762,0.09129731126952004,-0.049035886241320714
36,1.5,1.4062638742203823,1.2594043375641495,-0.09171203270318744,0.2376311343266921
37,1.5,1.565753921591521,1.6615464675565919,0.08091308453859454,-0.1475570248934873
38,1.5,1.472721360096963,1.3995627420484473,-0.08293750503286634,0.0917075192594824
39,1.5,1.5500412263698153,1.6450320692797773,0.035877193271760977,-0.16420464600477763
40,1.5,1.4696693945449333,1.4356211230148157,-0.16614199729347925,-0.07823505521196239
41,1.5,1.6752024951443607,1.6804612912723988,0.0027220006348153136,0.007431543636326976
42,1.5,1.4611310328726543,1.5949990569303114,0.1925225816244227,-0.10454182165306869
43,1.5,1.4523329361654047,1.5222120870585354,0.1191805600269209,-0.045110721489382444
44,1.5,1.585239961634407,1.6276699244160142,0.06958429226421645,-0.025987430215712815
45,1.5,1.3399935559062182,1.3554908725362946,0.04604916438679152,0.004499566527653043
46,1.5,1.6454741082036863,1.659355236692941,0.02887775542661067,0.0003599367093893857
47,1.5,1.5720793996965872,1.7188123736890966,0.15974616479245476,-0.223267575423719
48,1.5,1.4621972364363551,1.4069371547245508,-0.08946250066805629,0.04853319185835514
49,1.5,1.4101764810792572,1.3477033583980436,-0.00046008377276428314,0.17174990358171782
50,1.5,1.441765506884222,1.482817815050473,0.08216078289552448,-0.01642990328627003
51,1.5,1.6171687440559113,1.5619113789752588,-0.20942852846420842,-0.053388386942707644
52,1.5,1.4628190741881257,1.4748166041785205,0.0048410102790222495,-0.019680217046215698
53,1.5,1.406979414299816,1.4255555691122237,0.057093933418603506,0.031300136558220504
54,1.5,1.4184887955467944,1.5305081019826807,0.1803547159695038,-0.10032541369682436
55,1.5,1.4391349952695396,1.3230436813179387,-0.039262188185364706,0.22382288335497666
56,1.5,1.5881628026548995,1.2972999958519296,-0.15319783531589132,0.3683070827940191
57,1.5,1.4460727955552588,1.5134789721967083,0.07096370202126229,-0.0979105149449413
58,1.5,1.3957867422042396,1.4691363608285415,0.04877737366990904,-0.11090674392462216
59,1.5,1.4541367883446807,1.49164335223678,0.0276315847393563,-0.06368224012427848
60,1.5,1.3758355376959521,1.435887155441216,0.09275301156736075,-0.08238863432435727
61,1.5,1.4287975084281188,1.3788448906156587,-0.02317121703206504,0.10330402176982034
62,1.5,1.5184507848090854,1.6735880836261714,0.2936963937085433,-0.03970139466871181
63,1.5,1.3772696987125683,1.2849828507613652,-0.12739746422096188,0.04856169287905565
64,1.5,1.585695993567799,1.7228812412419148,0.13311773358809043,-0.2144217092099625
65,1.5,1.4803362934397797,1.397843282182612,-0.1862212583774961,0.03897618212970533
66,1.5,1.34843040063551,1.4799284093674556,0.11319815232982128,-0.22613547888439078
67,1.5,1.431751673187633,1.4934805581225137,-0.05970047870553627,-0.1467746800761318
68,1.5,1.4259255459397175,1.3925139366367798,-0.06664872162075082,-0.0014675017879451913
69,1.5,1.3895565002857664,1.4052659814907047,0.05863827792537586,0.009084443029452993
70,1.5,1.5819224625947788,1.5952557104340581,-0.11636298191276909,-0.11179002961023121
71,1.5,1.7342329668689718,1.632379892191521,-0.10982030144391752,0.10072171543627906
72,1.5,1.4958278955149982,1.5013770390898902,0.007420216423511167,-0.01947446962972832
73,1.5,1.5026764064437923,1.323440601685594,-0.17294819371656395,0.2400932844284992
74,1.5,1.4651974734034006,1.255591396154479,-0.18786072966380407,0.2809796540017353
75,1.5,1.5208701634002852,1.4924886282798087,-0.09060600820523076,-0.043286595342842626
76,1.5,1.4805274907297516,1.4925868489079193,0.03855881255646844,0.006438216487060444
77,1.5,1.5309899883654257,1.607182841297568,0.13040767325319053,-0.03919572339784749
78,1.5,1.4566124549493507,1.5414710459275651,-0.031323297301416586,-0.23192941641553408
79,1.5,1.6153084772498874,1.5684216879632193,-0.11638200739845987,-0.0348406327628894
80,1.5,1.639525852900668,1.81984558996349,0.1639980056948406,-0.21368525175954844
81,1.5,1.7385537074671122,1.6545198386719115,-0.10841938947942448,0.08247254414896188
82,1.5,1.2947396667389255,1.2969677393931491,0.12124273544522535,0.15464558388913194
83,1.5,1.657273410191339,1.6353111989196374,-0.01877564020817135,0.020799060903947512
84,1.5,1.4067176616630892,1.236508722559876,-0.21855840066349588,0.19936839323915356
85,1.5,1.5515170484506762,1.6604611230813868,0.08985788068541867,-0.08073633927693272
86,1.5,1.5882837209265945,1.276936805790892,-0.45465927222881475,0.19398450518472876
87,1.5,1.4922199461081953,1.4399338664863979,-0.036712282351388195,0.09971815610797141
88,1.5,1.341861424359095,1.2180221240518576,-0.12814133495954974,0.1255126723511294
89,1.5,1.3233552974936251,1.2353325781328373,-0.14716974440560732,0.09442783811894162
90,1.5,1.279315356898334,1.277410654561503,-0.031724146946462695,-0.031694233709223196
91,1.5,1.3739304686776708,1.479249081250079,0.14015910149275124,-0.06886659848524986
92,1.5,1.7017805499298921,1.6128588779292976,-0.14348287429248868,0.021879191396844244
93,1.5,1.6323925913369512,1.6964916823239393,0.10500936395027684,-0.034871383855986086
94,1.5,1.4067616135418497,1.3773958609731172,-0.08063627723214328,-0.0036676516901856804
95,1.5,1.6452762860514247,1.4102249319515259,-0.17399424670420705,0.18332321870745993
96,1.5,1.385271655222522,1.4342007584147178,0.03497844317679171,-0.0975477499167805
97,1.5,1.6755949728380053,1.6213791523272763,0.051145013165522224,0.15045895553641156
98,1.5,1.4689980869956887,1.4239236671119249,-0.15839863323735634,-0.03475065481068551
99,1.5,1.5078361313384134,1.5401983109041701,-0.031106057214918346,-0.10420097569918962
100,1.5,1.597192594983032,1.4476910607649183,-0.06049942270971297,0.24455750352894565
101,1.5,1.659072437799175,1.6364903169952634,-0.07816007686047763,-0.025161876726995547
102,1.5,1.5202038719684192,1.3333062667538738,-0.16460822999285482,0.255033279658598
103,1.5,1.5494822631591667,1.4853062233984953,-0.0038694690720157965,0.12750092341596447
104,1.5,1.5395643530060976,1.4138733663971934,-0.10111996245390219,0.16570154894489297
105,1.5,1.5286749922838891,1.4001932345146926,-0.12966018696649526,0.1458684339402051
106,1.5,1.5985566141456906,1.7144511701223248,0.1783336661654465,-0.09276167862773466
107,1.5,1.5585129727832747,1.4824524097662406,-0.09936329476716733,0.05693496786274011
108,1.5,1.5035351959398022,1.4964298020406792,-0.05374441101360966,-0.03691441627976033
109,1.5,1.40057799129981,1.240763556934012,-0.09251026217040365,0.2633730850446465
110,1.5,1.5437559070479885,1.608867877658864,0.08814779978928533,-0.05460359420490974
111,1.5,1.6254364634532583,1.8340590844987479,0.3148989068580368,-0.2393000168130539
112,1.5,1.3180311478768119,1.3249744654533,0.02593263573708959,0.005858173511553266
113,1.5,1.6308014032869331,1.5816378623175296,-0.07096311124852055,0.013883814693404495
114,1.5,1.449692815033686,1.4092743614257734,-0.06967757981220579,0.03442552817577815
115,1.5,1.6273340704443444,1.6814025009502858,0.08541215570980284,-0.038532679783499946
116,1.5,1.4866123737887804,1.5373485913064253,-0.131413758748549,-0.2053522714185818
117,1.5,1.4046438868744906,1.4962552430666598,0.15155542212139694,-0.029427611427138234
118,1.5,1.4420053648497098,1.537346215890492,0.16604768167592288,-0.07276664469147343
119,1.5,1.6279964035606989,1.6734244907212734,0.04912504513182353,-0.057569407332592415
120,1.5,1.4507732944427194,1.4275329903022307,-0.007796976752164807,0.048789631416673584
121,1.5,1.4771740126048878,1.607757058358116,0.12284935811175499,-0.12865050271655276
122,1.5,1.4035556921268848,1.3271197162648207,-0.1126058447390318,0.05045471157427206
123,1.5,1.5256228586936167,1.5287542197184805,0.01034525891734355,0.009003960795222254
124,1.5,1.454449619239654,1.5041842456255023,0.048614562588610966,-0.05414541730209575
125,1.5,1.4706941948136023,1.4203332274286729,-0.01600416200579146,0.10344162897138519
126,1.5,1.4625604396396155,1.3099315999515035,-0.10548321045960388,0.2150628832754351
127,1.5,1.3593702563177295,1.1414916624348905,-0.12045197956796204,0.31797412794303376
128,1.5,1.6611197873311552,1.6272544499003405,-0.018379748991416034,0.03795066300026547
129,1.5,1.4306293661207297,1.4721531719570495,0.021268040991796158,-0.06882551976099315
130,1.5,1.4001862188298428,1.4214329461353805,0.011142417112267135,-0.05031678514901183
131,1.5,1.5019198327804264,1.3043560222430415,-0.28635978266266815,0.14667026460035493
132,1.5,1.598451579691624,1.6220051792305448,-0.010335742818262668,-0.0655965770278669
133,1.5,1.6152588997882575,1.6299232976641422,-0.0798835625897334,-0.09896210288066139
134,1.5,1.5379804595200426,1.4734755076939945,0.004711921729515584,0.1213087513231329
135,1.5,1.5545799019476714,1.608326732903163,-0.009951900658964702,-0.11592715361259298
136,1.5,1.6658019237092145,1.4386085778391013,-0.29539362665531393,0.2897794110211641
137,1.5,1.4575852346272673,1.5137322784272011,0.055478365607421705,-0.0577876306794074
138,1.5,1.5272822829892245,1.4029234605405763,-0.10712518889320022,0.15356343003143358
139,1.5,1.3760595204792254,1.418584605407412,0.06175153343105634,-0.0031194875445860193
140,1.5,1.3562256109690778,1.2835280275004406,-0.17829538600610395,-0.020547536656122415
141,1.5,1.7074877345821455,1.68565956278553,-0.05455801104923909,-0.029610412225843263
142,1.5,1.5761399723270972,1.466266441565776,-0.091383956271038,0.09885761811107463
143,1.5,1.3663816463667344,1.3218886008049988,-0.02738105743591795,0.06593888272791637
144,1.5,1.5922774737987326,1.3910877507470771,-0.17172785298271862,0.17877474923570724
145,1.5,1.439533080608831,1.4099681849391115,-0.11510911987684289,-0.005286324772405391
146,1.5,1.5505827101920004,1.3970154959587138,-0.15135420816211131,0.20878252672230255
147,1.5,1.3671214804701497,1.420205173577271,0.05131122728947485,-0.08063682836787078
148,1.5,1.3486455372878912,1.3542949569054352,0.03501189822257907,0.027149678980953204
149,1.5,1.5117970730160706,1.4688534819211758,-0.05436242486528312,0.02326014447248581
150,1.5,1.3541280934413962,1.2848766289607623,-0.0386943021455496,0.10007640626274583
151,1.5,1.5092658750591417,1.5764346208924496,0.13930528972945225,-0.024341130731920672
152,1.5,1.6505451905616122,1.698446350385974,0.0711263340351393,-0.04987315427779193
153,1.5,1.443797113160629,1.4529331791240772,-0.014925467362330885,-0.03470267001055327
154,1.5,1.3948603886848052,1.2550143389847088,-0.2655660096101981,0.06810998665616719
155,1.5,1.4741660794977722,1.1004242471670096,-0.23210006492300636,0.3574970674306559
156,1.5,1.418318894853968,1.4401409525525921,-0.029300626352711107,-0.08183471819006671
157,1.5,1.3633263267308549,1.5251871835376718,0.17161212214213026,-0.2071338746022724
158,1.5,1.2264516332985331,1.6964393360351144,0.39821515307031996,-0.26756268363236624
159,1.5,1.4302602574456735,1.3241945397507333,-0.12804450587216087,0.09293747744089408
160,1.5,1.4758521855817606,1.3670547293641673,-0.14665861207501585,0.08635896526098907
161,1.5,1.7148253417326507,1.4427681298078159,-0.2983911956773526,0.2405892752587048
162,1.5,1.5125813534737391,1.5766092256515112,0.0907589889344708,-0.05903384702371084
163,1.5,1.4174443163512314,1.3056031696230517,-0.12260546362134264,0.11762328245478204
164,1.5,1.5235846268172222,1.496731543721082,-0.13586075236848483,-0.04178513912956909
165,1.5,1.3429275499943374,1.4118823620188286,0.13763723220075008,-0.043698527068707804
166,1.5,1.5088400718592798,1.4520965841292455,-0.02167626716034182,0.10188006002532612
167,1.5,1.441984440292492,1.2434288299697729,-0.07457418028031149,0.2697642118177271
168,1.5,1.4753405764611975,1.4497417437154292,-0.01167912939715221,0.05006162973713779
169,1.5,1.4135956653962103,1.309865339399986,-0.1816709261937729,0.041681074302807875
170,1.5,1.404031905029703,1.3098776954427602,-0.11416951089408894,0.09974769748407607
171,1.5,1.507296916065461,1.4537555232511847,-0.06401484525987546,0.03596724266492301
172,1.5,1.5957811540188782,1.7623711425827302,0.16613121660635893,-0.2512378305807832
173,1.5,1.3494154187625074,1.3779217488577635,0.17597201657955325,0.1288866868298072
174,1.5,1.6382068451345435,1.5698238125630468,-0.09265120535728472,0.07019477965337405
175,1.5,1.4614892854344212,1.4297972641787655,0.061352575358575086,0.10980761517171977
176,1.5,1.384515389533322,1.2979376070584199,-0.14591028033337095,0.0552809879217212
177,1.5,1.440100490235055,1.3120489246229392,-0.18040689079323846,0.11976390525519354
178,1.5,1.4382074777894045,1.5193636266956703,0.12302799029145382,-0.07297914533935387
179,1.5,1.5159877896684553,1.3381679221913665,-0.15239345008527236,0.16970236743695497
180,1.5,1.4808866960100404,1.3565740870438163,-0.18134801115511057,0.11571425664818696
181,1.5,1.5085784985176502,1.6560148654166564,0.1823851048201217,-0.05045592988537684
182,1.5,1.3959863225581974,1.1768118055950623,-0.21841506706533703,0.24025799019136151
183,1.5,1.5496057092231497,1.4762033076636591,-0.05217894727065978,0.0888534255339931
184,1.5,1.4471657804509959,1.5230728260942623,0.1344029237309723,-0.08444009017692422
185,1.5,1.4334913834460812,1.4177225721415816,0.024797427868006965,0.09193339951760714
186,1.5,1.3829321633520442,1.4196565085411916,0.056719364738992376,-0.03679438587823347
187,1.5,1.4431246636216506,1.5998227741630124,0.2574301561767276,-0.11591254667734563
188,1.5,1.4526794589210075,1.5412956090912446,0.18857545995308672,0.03153818722754309
189,1.5,1.588075143757912,1.5605656521031166,0.03650556431321185,0.0963199836304085
190,1.5,1.542699228049245,1.5914541521474284,0.0035759863369633355,-0.10293180447958483
191,1.5,1.4854960344236245,1.4601193898958174,-0.07031883997130045,-0.03373438188539979
192,1.5,1.57650264542297,1.5688361063123117,0.06480749543068635,0.06788314095666703
193,1.5,1.3909115176122953,1.2543403403561542,-0.33267065153837744,0.02561845140627028
194,1.5,1.4226654892677348,1.4649436601853862,0.07483095077696408,-0.02037324542310537
195,1.5,1.601765901624504,1.4492455587535644,-0.28271334108484836,0.09643317858033207
196,1.5,1.433311046865382,1.4276684338512202,-0.003668934384777542,0.008203414486929184
197,1.5,1.496039006870333,1.4259812849169498,-0.12187504348156095,0.058557836758543425
198,1.5,1.3848003025535165,1.365642887520265,0.029605989935541643,0.09723965120666432
199,1.5,1.4128838397422376,1.2844388995878637,-0.1433388013562128,0.12060222840052215
200,1.5,1.4975580730029152,1.4870419265609969,0.07385668375015428,0.06304444742039554
201,1.5,1.4993495635660683,1.453596641920985,-0.05769593031953013,0.06271092459121674
202,1.5,1.5634573876169027,1.7038748481735608,0.24350523675675873,-0.09032110321114128
203,1.5,1.5797105072227653,1.6714280610674956,-0.004345893638833753,-0.17753211145251485
204,1.5,1.5005346386020084,1.590994906034368,0.044309389178100525,-0.16361529303005704
205,1.5,1.5153903576268282,1.3924666912567973,-0.1741591969412117,0.05451544784030492
206,1.5,1.5566538062303958,1.5867298055933734,0.029555206480604015,-0.05534708697271462
207,1.5,1.483887780161399,1.467240556990987,0.030698049293625358,0.07308371943362346
208,1.5,1.5473527315998692,1.6974234767871372,0.21492168816551713,-0.17095672851728771
209,1.5,1.4594696368876103,1.4613548181636382,-0.01544037357924967,-0.02198394105136048
210,1.5,1.4533744037065683,1.2403722633715477,-0.24593773552049478,0.06611536803084771
211,1.5,1.4767327691160423,1.5026406251796243,0.12338071122723926,0.04452023804873739
212,1.5,1.369954200302483,1.401718166865023,-0.003202119277163927,-0.08346971635807376
213,1.5,1.4116938216156116,1.3722511879035615,-0.08616987601727458,-0.01120066385300944
214,1.5,1.4400315765624954,1.536333483109464,0.059911484304488616,-0.15230024933284703
215,1.5,1.459534105174892,1.3127975772677392,-0.09553515535223739,0.18791334799198275
216,1.5,1.3081584019629555,1.2057411462200314,-0.08390382044012146,0.0948107744354567
217,1.5,1.5116340042234444,1.4659575510224674,-0.054765569300669864,0.06104527052597819
218,1.5,1.5873477561170595,1.6423956380497213,0.07332623514856193,-0.045968730544347025
219,1.5,1.5839213412484774,1.619690958358187,0.14778157218220142,0.039881901325618536
220,1.5,1.3442385423217353,1.4518078036388946,0.2112098685009407,-0.03832750938261431
221,1.5,1.3643445137926373,1.493466588995778,0.18301849438543072,-0.11629842753081776
222,1.5,1.5143948220471342,1.4517927750307007,-0.016286655646277334,0.13193811130723443
223,1.5,1.467183434123279,1.4280991811798092,-0.053256765694672525,0.03910895733258138
224,1.5,1.6184301043142488,1.5927835638360994,-0.00264914502300366,0.059500983438372956
225,1.5,1.5175672854060311,1.4675396827136689,-0.02040348900368499,0.05986301489865375
226,1.5,1.5818554663138922,1.5072569041083557,-0.07618960456533033,0.0983515318712116
227,1.5,1.7207938337014315,1.9943201622931617,0.21919424865593834,-0.1385543777961551
228,1.5,1.5677309649251379,1.7546451715691693,0.14874499929008367,-0.21689646349002512
229,1.5,1.4051880791192515,0.9392641605615281,-0.46172938175597167,0.2796875981955944
230,1.5,1.5482492059563935,1.6505501151518436,0.11163123770812203,-0.10819005821231098
231,1.5,1.485732918816309,1.5922616615195102,0.1152212720154788,-0.06736866893345028
232,1.5,1.5441677758141776,1.5863279001021993,0.09234798190917315,-0.008639449170631197
233,1.5,1.6752091813661731,1.7315495626754722,0.04306350620499521,-0.07299154503328079
234,1.5,1.3955078218286645,1.2762713654531996,-0.14729845417648743,0.0638403770522471
235,1.5,1.5274068599829895,1.6703654509237078,0.2832554607474166,0.011905747286839512
236,1.5,1.3177709823903483,1.2343379672239743,-0.09452298461311721,0.10701431894225076
237,1.5,1.505895840441208,1.7446120581258626,0.15250801146959797,-0.3345125573742061
238,1.5,1.5930387840857425,1.6693954714175046,0.12947182445419667,-0.03477820738345949
239,1.5,1.504452858886345,1.5343751018708136,0.08345271835942336,0.04729295138273677
240,1.5,1.5160532294410647,1.4464838358469894,-0.07124858929748273,0.07299587399164942
241,1.5,1.5147103580431982,1.5347820166405963,0.14518786945603684,0.08791815653421031
242,1.5,1.4196231043315217,1.3350778044871068,-0.13637889375679974,0.04941885807486435
243,1.5,1.5776309922992995,1.5719361697347547,-0.08095956272885026,-0.08105373687238271
244,1.5,1.4616954858097995,1.271623097895467,-0.11475564642572704,0.2812671759354656
245,1.5,1.4750499474166667,1.52393494775429,0.013867338518172193,-0.106718939103575
246,1.5,1.4093989807001692,1.4903791984442005,0.1320738939559996,-0.054034672703132225
247,1.5,1.4197262620904447,1.4894482355422118,0.03637187810906663,-0.1650624779681502
248,1.5,1.5167708233435298,1.3049127694609088,-0.2500700891993356,0.18993974567696303
249,1.5,1.4882694237271312,1.4741312919105156,-0.09524428588986428,-0.07079589179851276
250,1.5,1.3797264179366888,1.3135054150648628,-0.13874954586244231,0.011714605022924873
251,1.5,1.5525111813494874,1.400339671993461,-0.14589480346766642,0.21378318293813714
252,1.5,1.534590580053858,1.6640929861040081,0.1620707866744829,-0.06756511451810732
253,1.5,1.5119890843873505,1.5583786711207535,0.051881212711044865,-0.041057748998805765
254,1.5,1.514218362109534,1.6499401016324702,0.09452175305047836,-0.20638928853642868
255,1.5,1.5741279776714057,1.6494135650365858,0.026365476106117298,-0.11346860182693974
256,1.5,1.5506062608436277,1.5401789952444045,-0.055532247034313274,-0.016877223933841057
257,1.5,1.44309210767792,1.5810837029959564,0.16019514727802192,-0.1908420745823356
258,1.5,1.553095296827177,1.484431860280681,-0.20997727562869725,-0.007858302099589265
259,1.5,1.3981820292869809,1.356128655732449,0.013103449099967301,0.16511923349347446
260,1.5,1.6597553404907988,1.5870164037218155,-0.07730943355306641,0.06542544781929494
261,1.5,1.6080766911736688,1.589681855889878,-0.054543703946475786,-0.07016446498950377
262,1.5,1.35735006329301,1.4958160586191243,0.20737477801677992,-0.16549858443001075
263,1.5,1.5139370133922176,1.2980104043128737,-0.24799320014796114,0.2747716869884763
264,1.5,1.3804296146851982,1.3784458883928514,0.0996314438900342,0.07027059155227157
265,1.5,1.6640628742907737,1.5477986685014182,-0.06353449879545714,0.2116111772067114
266,1.5,1.4920419786590546,1.6714605653130097,0.2121557500640397,-0.15626724998094632
267,1.5,1.5733711158196402,1.6382650910239727,0.0033496999745389056,-0.12586808559482732
268,1.5,1.6258616392217449,1.5555187558715942,-0.03251006577640142,0.15074551386563062
269,1.5,1.643855153472925,1.53505043078678,-0.09252678612961229,0.09389253741434522
270,1.5,1.6238579017317527,1.589464065428482,-0.19644932234878693,-0.10445769654755899
271,1.5,1.6165829802564622,1.7023064097179215,0.11111411326108202,-0.062246305596428075
272,1.5,1.561544098759389,1.8060414516421912,0.3135158980241109,-0.16193427977472374
273,1.5,1.5142130981474522,1.6414292218731101,0.205085105040967,-0.13627291611852976
274,1.5,1.552436347663519,1.5439218745304872,-0.014688341494591362,-0.01378437555603007
275,1.5,1.3587606620723018,1.2655383529003514,-0.016805730415532016,0.1823342214548948
276,1.5,1.4942648885562537,1.46333977447094,-0.07684931090140386,-0.03245372893294185
277,1.5,1.5149333122427484,1.482742916055124,-0.08712153033820091,-0.011592839693063683
278,1.5,1.420515007624024,1.268668694767047,-0.15762590858283249,0.1533177167786034
279,1.5,1.4714583074614254,1.4602807955763955,-0.021092374581446985,0.0029436987428248518
280,1.5,1.4907291501513003,1.2685796327135344,-0.23932485680411825,0.18606597178185313
281,1.5,1.7465864745892075,1.9145427096363636,0.1942310057952834,-0.13933677293931038
282,1.5,1.637758084453767,1.7697637248763258,0.1336396074551433,-0.13916031627675018
283,1.5,1.4559153446199646,1.5370687246136847,0.08633618547168044,-0.09902503127377627
284,1.5,1.3179334454299898,1.3233353695198424,0.049351927015983045,0.029560829289392965
285,1.5,1.375385545998184,1.4499601526721422,0.002639975191457068,-0.1307837726273482
286,1.5,1.5709936516982568,1.5993202459317708,0.0639706200143953,-0.01692696428922057
287,1.5,1.4870428042845578,1.4712533010586992,-0.0077213580645252985,0.02156974421951231
288,1.5,1.3739910791511039,1.3581432605287393,0.014547180580112173,0.030489639716543726
289,1.5,1.5730283836827064,1.6754206477061826,0.08244363027181309,-0.16568101080061237
290,1.5,1.4008721167300096,1.4630583282896277,0.06981620097260605,-0.10579367611312485
291,1.5,1.556313868890447,1.4722101279013788,0.05750474831562971,0.1906936794372569
292,1.5,1.5074577449018336,1.5358585817635968,0.09656999311095471,0.02897572837140682
293,1.5,1.3288243354112343,1.3596348495815784,0.08628380081713463,0.007249251889864583
294,1.5,1.595169631165458,1.8197100700510478,0.22019116276697093,-0.1897151892121114
295,1.5,1.4229222314931105,1.4167273056342018,-0.09001172122096311,-0.06592525247883518
296,1.5,1.601251400337213,1.5473808266388436,-0.023670921562912034,0.09825141680376814
297,1.5,1.4721299877525595,1.6026011772541386,0.17430502740030074,-0.03495072707515012
298,1.5,1.4000486508545023,1.2848679600023902,-0.12049936032582495,0.11533659110862658
299,1.5,1.3799823261484623,1.4898342853304847,0.1499755587174635,-0.08228022174602274
300,1.5,1.6165416175983491,1.6423126784369588,0.027018042541892634,-0.033135980170371004
301,1.5,1.5127055536212313,1.5428594330259304,0.020003385565345623,-0.05756615103825513
302,1.5,1.304082010573877,1.5963777974018134,0.3339709176315583,-0.260816262350003
303,1.5,1.5448543536848214,1.6087475700487255,0.030034580200479742,-0.1169264100902836
304,1.5,1.5068279388545083,1.5634038993932262,0.05361360993942674,-0.08334249232556257
305,1.5,1.524712903941728,1.513715272054806,-0.03531996958447011,-0.030384237680749715
306,1.5,1.4186344143912772,1.424597949022067,-0.01417919482141352,-0.04632649696184976
307,1.5,1.6111552401233986,1.6787175777760135,0.07747844556761467,-0.08272962131494521
308,1.5,1.5818650935487426,1.538511204243817,-0.0211667904929237,0.10196305914787795
309,1.5,1.3182071720177426,1.2989025523672242,-0.029751717891983026,0.007726546431564341
310,1.5,1.511661919177164,1.7153238700643558,0.18032422037909585,-0.3210461628941086
311,1.5,1.4630919912426055,1.4773949425206843,-0.020630563953226586,-0.03256464803342074
312,1.5,1.373698090194004,1.4723580875660647,0.1433866200944994,-0.03147731289243305
313,1.5,1.4854709036008358,1.5671403679656786,0.03196834599341755,-0.15312148344305432
314,1.5,1.5437963514356154,1.4534912875908814,-0.08904976152745533,0.08848948984855987
315,1.5,1.4777185986098538,1.4158275978369006,0.04347807304499107,0.18627113940115497
316,1.5,1.4798816579693035,1.4958752972954898,0.0707198767818803,0.03827357808898779
317,1.5,1.5307640231239314,1.538209029189496,0.08423506012998534,0.07773811679033316
318,1.5,1.3166779536293947,1.2394982225155868,-0.038380587831498066,0.15277549940977964
319,1.5,1.3096863290392782,1.1425080806870138,-0.08658210288558499,0.23004692746306932
320,1.5,1.4080912268758228,1.3716006917511083,-0.10443702917679532,-0.061485266611312483
321,1.5,1.3286174727708278,1.1682685765298004,-0.2116552842221148,0.1387703982885521
322,1.5,1.532702827781489,1.5151688894628024,-0.03788270669703615,0.002332659884348831
323,1.5,1.5979795755284874,1.8301678692125334,0.4064934523220707,-0.16653812631061182
324,1.5,1.3791971516028527,1.181277457331787,-0.09439690112677812,0.1908006606696564
325,1.5,1.3422692894529784,1.3825850660840695,0.029452218177562925,-0.07076897854573128
326,1.5,1.6690407947655923,1.5711302844669237,-0.08503847493588879,0.1276224352059242
327,1.5,1.6469156586242257,1.6087475594837204,-0.0783099228151074,0.0008084057968938962
328,1.5,1.6182197228717925,1.7863136316568597,0.1485191059332346,-0.2244885353319015
329,1.5,1.5010255110254558,1.696737106851358,0.18790186423299757,-0.33278913886889194
330,1.5,1.4618125734883927,1.3325112165719297,-0.1866116421866611,0.11726170208415876
331,1.5,1.4790736472971733,1.3570508940849395,-0.09585281500680702,0.21663600610741351
332,1.5,1.424668472288277,1.461149816192622,0.028788675041126928,-0.06503441097797191
333,1.5,1.5184059669661663,1.5509233234752298,-0.0036868491316835407,-0.10970171350369462
334,1.5,1.5129751920755095,1.5212300151764964,0.04201500020910376,0.014396131275006052
335,1.5,1.5473444725923866,1.6200676808620895,0.048665746137843885,-0.12344181144410227
336,1.5,1.5165871671051676,1.421106081151146,-0.07765438259217938,0.1089897475554507
337,1.5,1.6537733747034307,1.666420393423946,-0.037728890508623714,-0.05393434776968309
338,1.5,1.6329942216617337,1.5747430871651797,-0.13697327403595683,0.0015706449953172275
339,1.5,1.747215258532293,1.8392792297431502,0.08806192782770275,-0.10974877617965295
340,1.5,1.5275419009971205,1.6046612131666356,0.11806386419615582,-0.09882789499093403
341,1.5,1.5870926961551326,1.5488003595634496,0.03326218426688258,0.11754581223324057
342,1.5,1.4953672593454124,1.5078845815287116,0.011875878247380983,-0.005943660973012799
343,1.5,1.5285203754906949,1.389027185238994,-0.19774889390701716,0.16981287164236947
344,1.5,1.445804846816798,1.4941364027699018,0.1261890806590528,-0.010715002509352756
345,1.5,1.6374574742900898,1.437601291317245,-0.22214321530361744,0.19387365811794655
346,1.5,1.3818725931018723,1.2715172925560243,-0.07843949350210189,0.16432447725853747
347,1.5,1.6110308271146632,1.5843862366304307,-0.06494790895484354,-0.006299026403168706
348,1.5,1.5971596432498973,1.6720046382268066,0.15217073681370186,0.0024083515626350804
349,1.5,1.531354563776258,1.3965683723855178,-0.13345645440414858,0.11515927159213633
350,1.5,1.5451941844243997,1.3490107791048127,-0.20062261969043726,0.16605772795946216
351,1.5,1.697745041018698,1.7778497586869648,0.04730256912609923,-0.09756227661502426
352,1.5,1.530555561546358,1.513619523926919,-0.057154804132706793,0.0011338558689882872
353,1.5,1.5300928833817036,1.556550765043952,0.05451313444447846,0.006992436021739601
354,1.5,1.6668220449010738,1.69059322640212,0.0022143648019656553,-0.046243315292124554
355,1.5,1.5530097364304019,1.665409095608784,0.3284294047314288,-0.056898912840069524
356,1.5,1.4009859790575638,1.3736489667406546,-0.060155508477639154,0.002912027552058116
357,1.5,1.4880146230925695,1.444209756352188,-0.05391827808332729,0.027205170444654758
358,1.5,1.6252398254631253,1.5967828216777298,-0.02570925546927552,0.037073730312211395
359,1.5,1.7034011920088785,1.8414898497049978,0.19104698958249183,-0.1573874999827778
360,1.5,1.6296786609735434,1.5427456693471278,-0.18711392794556242,-0.004592629221771283
361,1.5,1.3847967770617127,1.3356444161831231,-0.05222074088299839,0.03722087339448965
362,1.5,1.4599933519797321,1.3728893656203578,-0.13227439699662996,0.06935874149560606
363,1.5,1.5736737395701275,1.542338067022249,-0.07911212878245677,0.017946268854623915
364,1.5,1.6876079911286614,1.6592387246706322,-0.029319517533396705,0.03753833698443876
365,1.5,1.5020742819889168,1.4075842186132492,-0.15754430599282607,-0.0008731813183006087
366,1.5,1.5037743755314148,1.5491649017557647,0.04382825850259543,-0.05840572088452398
367,1.5,1.614194891523345,1.3706024682986355,-0.16137986461203688,0.3603278099366536
368,1.5,1.3337898437287259,1.403532666713679,0.04262321502705713,-0.07230142817229046
369,1.5,1.608505730984992,1.6558202219473903,-0.010492271948638027,-0.12080149536097395
370,1.5,1.4924435274835424,1.5550674865728078,0.04907796144078048,-0.11655140274003817
371,1.5,1.5071353103291845,1.4748181866853014,-0.07209398051274776,0.01609771991369613
372,1.5,1.556818733338786,1.4725057257150567,-0.12645971751546228,-0.0022541980865850137
373,1.5,1.3485246277979877,1.2736928300542507,-0.08684948588321545,0.0645801098503862
374,1.5,1.4812619515741927,1.3978891233868596,-0.06614654852894675,0.11244364036013571
375,1.5,1.413728068601488,1.322629249254491,-0.12050355934222168,-0.0005248282360605649
376,1.5,1.4997144663406927,1.5961736194539482,-0.02067918444762414,-0.25939119012254275
377,1.5,1.5264686261616551,1.5542765966281855,0.06126490586615361,-0.021751147730419976
378,1.5,1.4597662378642091,1.5752882409468316,0.09134396530273092,-0.15498402532430383
379,1.5,1.6994016391750852,1.65524685762004,-0.024078667364578532,0.06881825025637833
380,1.5,1.495489157911528,1.4001442467582055,-0.09562297774736056,0.031637284606983666
381,1.5,1.4956769257157418,1.4973457969850534,-0.08145035400770326,-0.12623849798859021
382,1.5,1.5276284843054257,1.651321853421395,0.10239540223708335,-0.13080032899232408
383,1.5,1.4413443376360007,1.4934848478903562,0.06565303775546703,-0.04467593349174215
384,1.5,1.696102375660931,1.5470090935118745,-0.24528260008006306,0.039093536595710354
385,1.5,1.3660925102758146,1.281270873481157,-0.2188496061346991,-0.027725144209771013
386,1.5,1.6109989408298224,1.7712519186901674,0.16043269053739295,-0.21265807174847198
387,1.5,1.2643726515012854,1.2744760131893935,0.04062086547837872,0.035313760912278336
388,1.5,1.5268811660186743,1.5450270555379406,-0.05909750996478,-0.1312129291705273
389,1.5,1.4467975373168678,1.4159594697731774,0.017461962034552803,0.08116086566019631
390,1.5,1.542347335338141,1.526630689378001,-0.05908033774242444,-0.05489720459588998
391,1.5,1.5744301719895668,1.5742632032385766,-0.07669874071974624,-0.05584779766761705
392,1.5,1.5579700546837643,1.5875753099842724,-0.012968384486421685,-0.07522256810955208
393,1.5,1.5115661965250506,1.5099714609541344,0.004401488467134715,0.005561480983440228
394,1.5,1.5057929923313218,1.5982182314308062,0.009009883585165603,-0.19878800316143752
395,1.5,1.4843111435711158,1.3630294981007167,-0.1336944568347177,0.18062059947709874
396,1.5,1.3314207030501048,1.258042606944377,-0.15125531991981983,0.006154126346753497
397,1.5,1.2739697980457774,1.2696899603479395,0.03481507758642255,0.07380089374873966
398,1.5,1.2934972442068688,1.316265634760168,0.039398883027140896,0.0012044153871708652
399,1.5,1.5003846258253164,1.4571297372687237,0.031971685236025685,0.10945204695768795
400,1.5,1.5176539879271085,1.650930107158397,0.12004202274365246,-0.17562551424174477
401,1.5,1.3372216936867913,1.4503222794949375,0.16199882973057572,-0.1288789308450744
402,1.5,1.4371734670197025,1.3248472664665334,-0.03136231646600805,0.20660635248824522
403,1.5,1.5810552119890113,1.5570113788042623,0.08209570524107583,0.10087353232596596
404,1.5,1.6617443575667248,1.8312780671491315,0.20492621848849008,-0.11162989090758124
405,1.5,1.5115945571695177,1.447814203760806,-0.11460792898831446,0.05365560659857238
406,1.5,1.3769835029947795,1.4525132836233885,0.009657798968763426,-0.19720357540722466
407,1.5,1.605145760034212,1.5088451136848293,-0.16244031871846015,0.04396422022102442
408,1.5,1.27962119542901,1.106516070503996,-0.2973245737516135,0.013593867590837444
409,1.5,1.5236285834623118,1.637358294364443,0.1934604824342157,-0.12994159391490623
410,1.5,1.331561540477596,1.3768638638778015,0.09992019817861153,0.009254344310094306
411,1.5,1.5605417765196004,1.673168522271031,0.14165695712084628,-0.14708109629621324
412,1.5,1.5060037857090023,1.632766812332179,0.1958556221621751,-0.07975036340601693
413,1.5,1.5657966471104334,1.510433638787944,-0.04480707435681166,0.09599227460481818
414,1.5,1.4333114170230508,1.4501425166223096,-0.015448127501809794,-0.07521264359916549
415,1.5,1.4708477631580348,1.5820095862526182,0.0520903619291616,-0.2296055133802802
416,1.5,1.5191852150876999,1.5272870841873065,0.013523646591519091,-0.00822410073125912
417,1.5,1.5077817840967802,1.5291446027332884,-0.07264742280183129,-0.13324403949375108
418,1.5,1.4816767882268667,1.4529891991090826,0.014928969852665295,0.09002741442927864
419,1.5,1.497160597404529,1.607982466422221,0.15872762373410265,-0.05829071528898286
420,1.5,1.5007667905744062,1.4290624706822501,-0.08091531266252495,0.05932796054711087
421,1.5,1.5494720734030172,1.538872292029752,-0.01946001540243658,0.005959305277248195
422,1.5,1.7019643308598036,1.7257064477719857,-0.017480392358206087,-0.06302347154545404
423,1.5,1.5180505865398464,1.5965290512742756,0.0726824485764751,-0.10997690300563975
424,1.5,1.3459284792153834,1.3510796061197872,0.06821138127273298,0.04159802011501645
425,1.5,1.44255053711202,1.4684342248187927,0.12071133971470016,0.0444342363508605
426,1.5,1.4591416527147107,1.6107521800011932,0.17174020601131665,-0.24361203885077698
427,1.5,1.4644860563609043,1.4190336591425046,-0.03489188775539451,0.09441760344090845
428,1.5,1.3590564320175613,1.2901908044173962,0.08344703923967124,0.22268740046460045
429,1.5,1.5030533705425504,1.5196108849069825,0.012525342562608642,-0.025594495632099257
430,1.5,1.5594769217177067,1.5827931308018774,-0.015300926082549057,-0.06388858910713302
431,1.5,1.501509669256916,1.356685715787567,-0.1520607043341442,0.25073873499228716
432,1.5,1.3846524797202957,1.496084317742925,0.08277663357977197,-0.21705364483899814
433,1.5,1.4897282533247531,1.4747168017212011,0.0037186579609642563,0.02822815265647194
434,1.5,1.480885090540231,1.5165686508108531,0.03031021646150045,-0.08265860698123127
435,1.5,1.5502060729590483,1.5472016985442838,0.056961179445431886,0.08113381861517592
436,1.5,1.5021996237361024,1.5687770372119143,-0.049956981361222355,-0.18754172462329763
437,1.5,1.3731838397927576,1.2042399512908557,-0.18977637191499963,0.13892688915756835
438,1.5,1.5532893353756452,1.7419762807604264,0.2771494169793176,-0.23409588652213187
439,1.5,1.593710701861356,1.6580630560614433,0.1252418295169293,-0.010663235754865948
440,1.5,1.3934097064192112,1.2975105189260336,-0.15011442792285612,0.0350051545451302
441,1.5,1.6232291618576686,1.6038186005885726,0.006093581722093488,0.04102432002557943
442,1.5,1.3533609948026653,1.3286262977006946,-0.15131298714347147,-0.10481164765768725
443,1.5,1.4402145435411553,1.5667690444979316,0.2199348451210085,-0.03204952705103281
444,1.5,1.4886005491158238,1.5870979744320797,0.15991886217438997,-0.04009465700150727
445,1.5,1.481407387236344,1.513235414714452,0.024082935338893136,-0.016860724806049943
446,1.5,1.4855702290469779,1.510385078217347,0.0067774441529982465,-0.04940660581989487
447,1.5,1.4898205689466617,1.2542623779590227,-0.25108834897214694,0.29107381776848357
448,1.5,1.6083308710507318,1.4184700177713707,-0.21908018112097496,0.14628558775540731
449,1.5,1.515839877365226,1.3418160173581963,-0.14362848420373087,0.20021605340250404
450,1.5,1.2535623079630849,1.4497612368435333,0.11539518716950391,-0.19024494439350148
451,1.5,1.328511664928439,1.272271292623104,-0.06247261929161374,0.06763926006341459
452,1.5,1.3833128123141907,1.526301876454107,0.27322023328806033,-0.12353938287485255
453,1.5,1.4925886897915839,1.5115444974439791,0.12577622712626924,0.032212341976478265
454,1.5,1.3244676977159922,1.4191313122802924,0.17532355866611657,-0.05299610951023443
455,1.5,1.4246074537891507,1.3849791520039727,-0.07365308303074958,0.005279780817629809
456,1.5,1.3494749421333707,1.359412103457911,-0.013867858114563328,-0.02722062725401786
457,1.5,1.6349373448659945,1.7607686462636234,0.12696454404460025,-0.16023746179244897
458,1.5,1.389438029449867,1.3718290369362718,-0.04771170593080895,-0.02377174120200065
459,1.5,1.5054420488832876,1.4859808941700834,0.04426937134599294,0.09220829582990253
460,1.5,1.5401014018669856,1.4175963559286395,-0.06956771386942648,0.139485761418185
461,1.5,1.446102343147543,1.2625399770345282,-0.10998281421456521,0.2741075238673111
462,1.5,1.4869337770002038,1.4645867585170946,-0.0441357585029672,0.001144348939026707
463,1.5,1.6663837472555127,1.489062195020357,-0.2195398397943161,0.15389947605516263
464,1.5,1.4647505468318636,1.4484756718621266,-0.06315016203285508,-0.09605707312799439
465,1.5,1.5940685839536448,1.7257689851023477,0.1321806438458816,-0.1760147799783398
466,1.5,1.3196070485619715,1.2049605145134408,-0.09440691442821442,0.11126323598211252
467,1.5,1.489290592281147,1.4268859993313008,-0.14260627963035222,0.020575473509301778
468,1.5,1.415104049006947,1.4969063902904185,-0.024092967097344344,-0.1653801810830311
469,1.5,1.5001545340210463,1.3918438530103068,-0.13782544926093285,0.07664251103373898
470,1.5,1.4181233617994715,1.1209991856759287,-0.32104960660451776,0.24918302372335865
471,1.5,1.4901967072114086,1.5773230370869455,0.19177632450565063,-0.0036372466041700857
472,1.5,1.58029979611423,1.6183216781162115,0.018065212810826847,-0.05657498130170434
473,1.5,1.3837139553369913,1.5454784694616788,0.21248716512593685,-0.15988116679603967
474,1.5,1.4700977803951116,1.5108586659721457,0.1092682064457147,0.04103749779762289
475,1.5,1.5486578209317767,1.4102527530478728,-0.13575396664663303,0.19901676024733472
476,1.5,1.3295557408331253,1.4536165462868371,0.10268722748933291,-0.12535588133586084
477,1.5,1.3641523300627822,1.354183002769231,0.05824884309479138,0.08116478622736323
478,1.5,1.5008605908694448,1.5285237917526373,-0.011507519746918729,-0.07234961614448987
479,1.5,1.5630525191589981,1.4442926160676386,-0.12487486317743146,0.14177543838705936
480,1.5,1.4170649733670675,1.5388407640954416,0.07131250215435975,-0.1897896991058139
481,1.5,1.5474468150206364,1.5830665295130686,0.05979310144581883,-0.015505694264506542
482,1.5,1.6507362632206615,1.5154766066748206,-0.22610227003318772,0.04174435923463156
483,1.5,1.5099147697003088,1.4786165701118759,0.0541818257178413,0.09342988914242079
484,1.5,1.2505188189859568,1.2296911740690977,0.013451348067194523,0.06455127411508155
485,1.5,1.374322311393037,1.2153983220607694,-0.21376887176726544,0.1232038505316973
486,1.5,1.5527766070143108,1.6785512713608375,0.14237711487632254,-0.13241630516223002
487,1.5,1.57732584662074,1.6852223073906645,0.09306022796538618,-0.09727740231309123
488,1.5,1.3887157587199657,1.285322679653678,-0.029992834966340823,0.17616263348632766
489,1.5,1.6429366013232858,1.6678231889289408,0.07578326315460006,0.023236043385340133
490,1.5,1.4626362964565887,1.4755846367113201,0.04969635251607175,0.005232084836610529
491,1.5,1.5090361120723597,1.5633465770183532,0.0749965041349655,-0.043309950829475675
492,1.5,1.461467747740583,1.4395859705209433,-0.10365824168749269,-0.05734032969408176
493,1.5,1.4166024292838193,1.495501747712505,0.09170779976457584,-0.09275037715416368
494,1.5,1.4563528854116994,1.4087853792291594,-0.014750614619978763,0.0951530371259226
495,1.5,1.4668493292389853,1.3738720863501603,-0.1287087070583853,0.11420454756213938
496,1.5,1.5656930487425025,1.5772791531595245,0.11825304553032834,0.043969435881506536
497,1.5,1.5375157390123388,1.5719945239820805,0.0034074754937208247,-0.06846321165828217
498,1.5,1.4753119132318029,1.4490611171505536,-0.077793948961366,-0.010232511366349506
499,1.5,1.5087719395783896,1.5360098179601318,0.09259187076560474,0.03265229841546269
