file,level,method,metric,value_v1,value_v2,absolute_difference,reported_v1,reported_v2,changes_at_reported_precision
outputs/k1_null_summary.csv,truth_k=1,comparison=BIC-selected K=1 versus K=2 after renal adjustment,false_k2_rate,0.0,0.0,0.0,0.0,0.0,False
outputs/k1_null_summary.csv,truth_k=1,comparison=BIC-selected K=1 versus K=2 after renal adjustment,k2_convergence_rate,1.0,1.0,0.0,100.0,100.0,False
outputs/k1_null_summary.csv,truth_k=1,comparison=BIC-selected K=1 versus K=2 after renal adjustment,median_bic_k2_minus_k1,40.9295860144548,40.9295860144548,0.0,40.93,40.93,False
outputs/main_simulation_summary.csv,renal_effect_sd=0.0,method=Counterfactual scoring (kidney-aware),false_atrial_confounded_competing,0.1352189757261563,0.1352189757261563,0.0,13.5,13.5,False
outputs/main_simulation_summary.csv,renal_effect_sd=0.0,method=Counterfactual scoring (kidney-aware),true_mechanism_accuracy,0.8113879999999999,0.8113879999999999,0.0,81.1,81.1,False
outputs/main_simulation_summary.csv,renal_effect_sd=0.0,method=Posterior (same kidney-aware SCM),false_atrial_confounded_competing,0.1352189757261563,0.1352189757261563,0.0,13.5,13.5,False
outputs/main_simulation_summary.csv,renal_effect_sd=0.0,method=Posterior (same kidney-aware SCM),true_mechanism_accuracy,0.8113879999999999,0.8113879999999999,0.0,81.1,81.1,False
outputs/main_simulation_summary.csv,renal_effect_sd=0.0,method=Posterior matching (kidney-blind),false_atrial_confounded_competing,0.1725324662430359,0.1725324662430359,0.0,17.3,17.3,False
outputs/main_simulation_summary.csv,renal_effect_sd=0.0,method=Posterior matching (kidney-blind),true_mechanism_accuracy,0.810128,0.810128,0.0,81.0,81.0,False
outputs/main_simulation_summary.csv,renal_effect_sd=0.75,method=Counterfactual scoring (kidney-aware),false_atrial_confounded_competing,0.1363599431537618,0.1363599431537618,0.0,13.6,13.6,False
outputs/main_simulation_summary.csv,renal_effect_sd=0.75,method=Counterfactual scoring (kidney-aware),true_mechanism_accuracy,0.81144,0.81144,0.0,81.1,81.1,False
outputs/main_simulation_summary.csv,renal_effect_sd=0.75,method=Posterior (same kidney-aware SCM),false_atrial_confounded_competing,0.1363599431537618,0.1363599431537618,0.0,13.6,13.6,False
outputs/main_simulation_summary.csv,renal_effect_sd=0.75,method=Posterior (same kidney-aware SCM),true_mechanism_accuracy,0.81144,0.81144,0.0,81.1,81.1,False
outputs/main_simulation_summary.csv,renal_effect_sd=0.75,method=Posterior matching (kidney-blind),false_atrial_confounded_competing,0.3355016355310266,0.3355016355310266,0.0,33.6,33.6,False
outputs/main_simulation_summary.csv,renal_effect_sd=0.75,method=Posterior matching (kidney-blind),true_mechanism_accuracy,0.7949039999999999,0.7949039999999999,0.0,79.5,79.5,False
outputs/main_simulation_summary.csv,renal_effect_sd=1.5,method=Counterfactual scoring (kidney-aware),false_atrial_confounded_competing,0.1362414902856444,0.1362414902856444,0.0,13.6,13.6,False
outputs/main_simulation_summary.csv,renal_effect_sd=1.5,method=Counterfactual scoring (kidney-aware),true_mechanism_accuracy,0.812222,0.812222,0.0,81.2,81.2,False
outputs/main_simulation_summary.csv,renal_effect_sd=1.5,method=Posterior (same kidney-aware SCM),false_atrial_confounded_competing,0.1362414902856444,0.1362414902856444,0.0,13.6,13.6,False
outputs/main_simulation_summary.csv,renal_effect_sd=1.5,method=Posterior (same kidney-aware SCM),true_mechanism_accuracy,0.812222,0.812222,0.0,81.2,81.2,False
outputs/main_simulation_summary.csv,renal_effect_sd=1.5,method=Posterior matching (kidney-blind),false_atrial_confounded_competing,0.5322793751573867,0.5322793751573867,0.0,53.2,53.2,False
outputs/main_simulation_summary.csv,renal_effect_sd=1.5,method=Posterior matching (kidney-blind),true_mechanism_accuracy,0.767702,0.767702,0.0,76.8,76.8,False
outputs/main_simulation_summary.csv,renal_effect_sd=2.25,method=Counterfactual scoring (kidney-aware),false_atrial_confounded_competing,0.1339762034919729,0.1339762034919729,0.0,13.4,13.4,False
outputs/main_simulation_summary.csv,renal_effect_sd=2.25,method=Counterfactual scoring (kidney-aware),true_mechanism_accuracy,0.812198,0.812198,0.0,81.2,81.2,False
outputs/main_simulation_summary.csv,renal_effect_sd=2.25,method=Posterior (same kidney-aware SCM),false_atrial_confounded_competing,0.1339762034919729,0.1339762034919729,0.0,13.4,13.4,False
outputs/main_simulation_summary.csv,renal_effect_sd=2.25,method=Posterior (same kidney-aware SCM),true_mechanism_accuracy,0.812198,0.812198,0.0,81.2,81.2,False
outputs/main_simulation_summary.csv,renal_effect_sd=2.25,method=Posterior matching (kidney-blind),false_atrial_confounded_competing,0.7236165079245158,0.7236165079245158,0.0,72.4,72.4,False
outputs/main_simulation_summary.csv,renal_effect_sd=2.25,method=Posterior matching (kidney-blind),true_mechanism_accuracy,0.7361599999999999,0.7361599999999999,0.0,73.6,73.6,False
outputs/paired_method_differences.csv,renal_effect_sd=0.0,contrast=counterfactual_minus_kidney_blind,true_mechanism_accuracy,0.0012599999999999,0.0012599999999999,0.0,0.13,0.13,False
outputs/paired_method_differences.csv,renal_effect_sd=0.0,contrast=kidney_blind_minus_counterfactual,false_atrial_confounded_competing,0.0373134905168795,0.0373134905168795,0.0,3.73,3.73,False
outputs/paired_method_differences.csv,renal_effect_sd=0.75,contrast=counterfactual_minus_kidney_blind,true_mechanism_accuracy,0.0165359999999999,0.0165359999999999,0.0,1.65,1.65,False
outputs/paired_method_differences.csv,renal_effect_sd=0.75,contrast=kidney_blind_minus_counterfactual,false_atrial_confounded_competing,0.1991416923772648,0.1991416923772648,0.0,19.91,19.91,False
outputs/paired_method_differences.csv,renal_effect_sd=1.5,contrast=counterfactual_minus_kidney_blind,true_mechanism_accuracy,0.0445199999999999,0.0445199999999999,0.0,4.45,4.45,False
outputs/paired_method_differences.csv,renal_effect_sd=1.5,contrast=kidney_blind_minus_counterfactual,false_atrial_confounded_competing,0.3960378848717422,0.3960378848717422,0.0,39.6,39.6,False
outputs/paired_method_differences.csv,renal_effect_sd=2.25,contrast=counterfactual_minus_kidney_blind,true_mechanism_accuracy,0.076038,0.076038,0.0,7.6,7.6,False
outputs/paired_method_differences.csv,renal_effect_sd=2.25,contrast=kidney_blind_minus_counterfactual,false_atrial_confounded_competing,0.589640304432543,0.589640304432543,0.0,58.96,58.96,False
outputs_latent_endotyping/k1_null_summary.csv,overall,method=Associative latent class model,false_k2_rate,1.0,1.0,0.0,100.0,100.0,False
outputs_latent_endotyping/k1_null_summary.csv,overall,method=Associative latent class model,k2_convergence_rate,1.0,1.0,0.0,100.0,100.0,False
outputs_latent_endotyping/k1_null_summary.csv,overall,method=Associative latent class model,median_delta_bic_k2_minus_k1,-277.84380939947096,-277.8438093994705,4.547473508864641e-13,-277.84,-277.84,False
outputs_latent_endotyping/k1_null_summary.csv,overall,method=Biologically constrained latent SCM,false_k2_rate,0.0,0.0,0.0,0.0,0.0,False
outputs_latent_endotyping/k1_null_summary.csv,overall,method=Biologically constrained latent SCM,k2_convergence_rate,1.0,1.0,0.0,100.0,100.0,False
outputs_latent_endotyping/k1_null_summary.csv,overall,method=Biologically constrained latent SCM,median_delta_bic_k2_minus_k1,27.29245454183092,27.292454541830462,4.583000645652646e-13,27.29,27.29,False
outputs_latent_endotyping/k1_null_summary.csv,overall,method=Renal-adjusted associative latent class model,false_k2_rate,0.0,0.0,0.0,0.0,0.0,False
outputs_latent_endotyping/k1_null_summary.csv,overall,method=Renal-adjusted associative latent class model,k2_convergence_rate,1.0,1.0,0.0,100.0,100.0,False
outputs_latent_endotyping/k1_null_summary.csv,overall,method=Renal-adjusted associative latent class model,median_delta_bic_k2_minus_k1,27.674427892323365,27.67442789232382,4.547473508864641e-13,27.67,27.67,False
outputs_latent_endotyping/paired_contrasts.csv,renal_effect_sd=0.0,difference_definition=causal SCM minus comparator | comparator=Associative latent class model,accuracy,-0.0005499999999999,-0.0005499999999999,0.0,-0.05,-0.05,False
outputs_latent_endotyping/paired_contrasts.csv,renal_effect_sd=0.0,difference_definition=causal SCM minus comparator | comparator=Associative latent class model,adjusted_rand_index,-0.0014409911508346,-0.0014409911508346,0.0,-0.001,-0.001,False
outputs_latent_endotyping/paired_contrasts.csv,renal_effect_sd=0.0,difference_definition=causal SCM minus comparator | comparator=Associative latent class model,brier_score,0.0004547558545026,0.0004547558545026,0.0,0.0005,0.0005,False
outputs_latent_endotyping/paired_contrasts.csv,renal_effect_sd=0.0,difference_definition=causal SCM minus comparator | comparator=Associative latent class model,expected_calibration_error,0.0004990862095517,0.0004990862095517,0.0,0.0005,0.0005,False
outputs_latent_endotyping/paired_contrasts.csv,renal_effect_sd=0.0,difference_definition=causal SCM minus comparator | comparator=Associative latent class model,false_atrial_renal_competing,0.0003988035064427,0.0003988035064427,0.0,0.04,0.04,False
outputs_latent_endotyping/paired_contrasts.csv,renal_effect_sd=0.0,difference_definition=causal SCM minus comparator | comparator=Renal-adjusted associative latent class model,accuracy,0.0035699999999999,0.0035699999999999,0.0,0.36,0.36,False
outputs_latent_endotyping/paired_contrasts.csv,renal_effect_sd=0.0,difference_definition=causal SCM minus comparator | comparator=Renal-adjusted associative latent class model,adjusted_rand_index,0.0088525173685172,0.0088525173685172,0.0,0.009,0.009,False
outputs_latent_endotyping/paired_contrasts.csv,renal_effect_sd=0.0,difference_definition=causal SCM minus comparator | comparator=Renal-adjusted associative latent class model,brier_score,-0.0024315038366669,-0.0024315038366669,0.0,-0.0024,-0.0024,False
outputs_latent_endotyping/paired_contrasts.csv,renal_effect_sd=0.0,difference_definition=causal SCM minus comparator | comparator=Renal-adjusted associative latent class model,expected_calibration_error,-0.0015272557883135,-0.0015272557883135,0.0,-0.0015,-0.0015,False
outputs_latent_endotyping/paired_contrasts.csv,renal_effect_sd=0.0,difference_definition=causal SCM minus comparator | comparator=Renal-adjusted associative latent class model,false_atrial_renal_competing,-0.0093416090899721,-0.0093416090899721,0.0,-0.93,-0.93,False
outputs_latent_endotyping/paired_contrasts.csv,renal_effect_sd=0.5,difference_definition=causal SCM minus comparator | comparator=Associative latent class model,accuracy,0.0128479999999999,0.0128479999999999,0.0,1.28,1.28,False
outputs_latent_endotyping/paired_contrasts.csv,renal_effect_sd=0.5,difference_definition=causal SCM minus comparator | comparator=Associative latent class model,adjusted_rand_index,0.0319478023390445,0.0319478023390445,0.0,0.032,0.032,False
outputs_latent_endotyping/paired_contrasts.csv,renal_effect_sd=0.5,difference_definition=causal SCM minus comparator | comparator=Associative latent class model,brier_score,-0.008975485577004,-0.008975485577004,0.0,-0.009,-0.009,False
outputs_latent_endotyping/paired_contrasts.csv,renal_effect_sd=0.5,difference_definition=causal SCM minus comparator | comparator=Associative latent class model,expected_calibration_error,-0.0061022249721958,-0.0061022249721958,0.0,-0.0061,-0.0061,False
outputs_latent_endotyping/paired_contrasts.csv,renal_effect_sd=0.5,difference_definition=causal SCM minus comparator | comparator=Associative latent class model,false_atrial_renal_competing,-0.1596070730062397,-0.1596070730062397,0.0,-15.96,-15.96,False
outputs_latent_endotyping/paired_contrasts.csv,renal_effect_sd=0.5,difference_definition=causal SCM minus comparator | comparator=Renal-adjusted associative latent class model,accuracy,0.0028439999999999,0.0028439999999999,0.0,0.28,0.28,False
outputs_latent_endotyping/paired_contrasts.csv,renal_effect_sd=0.5,difference_definition=causal SCM minus comparator | comparator=Renal-adjusted associative latent class model,adjusted_rand_index,0.0071167496379662,0.0071167496379662,0.0,0.007,0.007,False
outputs_latent_endotyping/paired_contrasts.csv,renal_effect_sd=0.5,difference_definition=causal SCM minus comparator | comparator=Renal-adjusted associative latent class model,brier_score,-0.0019638775609445,-0.0019638775609445,0.0,-0.002,-0.002,False
outputs_latent_endotyping/paired_contrasts.csv,renal_effect_sd=0.5,difference_definition=causal SCM minus comparator | comparator=Renal-adjusted associative latent class model,expected_calibration_error,-0.0006717529063619,-0.0006717529063619,0.0,-0.0007,-0.0007,False
outputs_latent_endotyping/paired_contrasts.csv,renal_effect_sd=0.5,difference_definition=causal SCM minus comparator | comparator=Renal-adjusted associative latent class model,false_atrial_renal_competing,-0.0027683039312118,-0.0027683039312118,0.0,-0.28,-0.28,False
outputs_latent_endotyping/paired_contrasts.csv,renal_effect_sd=1.0,difference_definition=causal SCM minus comparator | comparator=Associative latent class model,accuracy,0.0866579999999999,0.0866579999999999,0.0,8.67,8.67,False
outputs_latent_endotyping/paired_contrasts.csv,renal_effect_sd=1.0,difference_definition=causal SCM minus comparator | comparator=Associative latent class model,adjusted_rand_index,0.1897782908472724,0.1897782908472724,0.0,0.19,0.19,False
outputs_latent_endotyping/paired_contrasts.csv,renal_effect_sd=1.0,difference_definition=causal SCM minus comparator | comparator=Associative latent class model,brier_score,-0.0634241892327812,-0.0634241892327811,9.71445146547012e-17,-0.0634,-0.0634,False
outputs_latent_endotyping/paired_contrasts.csv,renal_effect_sd=1.0,difference_definition=causal SCM minus comparator | comparator=Associative latent class model,expected_calibration_error,-0.0774672152748024,-0.0774672152748025,1.1102230246251565e-16,-0.0775,-0.0775,False
outputs_latent_endotyping/paired_contrasts.csv,renal_effect_sd=1.0,difference_definition=causal SCM minus comparator | comparator=Associative latent class model,false_atrial_renal_competing,-0.4550758144382542,-0.4550758144382542,0.0,-45.51,-45.51,False
outputs_latent_endotyping/paired_contrasts.csv,renal_effect_sd=1.0,difference_definition=causal SCM minus comparator | comparator=Renal-adjusted associative latent class model,accuracy,0.0037059999999999,0.0037059999999999,0.0,0.37,0.37,False
outputs_latent_endotyping/paired_contrasts.csv,renal_effect_sd=1.0,difference_definition=causal SCM minus comparator | comparator=Renal-adjusted associative latent class model,adjusted_rand_index,0.0093202785104712,0.0093202785104712,0.0,0.009,0.009,False
outputs_latent_endotyping/paired_contrasts.csv,renal_effect_sd=1.0,difference_definition=causal SCM minus comparator | comparator=Renal-adjusted associative latent class model,brier_score,-0.0023645174185897,-0.0023645174185897,0.0,-0.0024,-0.0024,False
outputs_latent_endotyping/paired_contrasts.csv,renal_effect_sd=1.0,difference_definition=causal SCM minus comparator | comparator=Renal-adjusted associative latent class model,expected_calibration_error,-0.000854526246111,-0.000854526246111,0.0,-0.0009,-0.0009,False
outputs_latent_endotyping/paired_contrasts.csv,renal_effect_sd=1.0,difference_definition=causal SCM minus comparator | comparator=Renal-adjusted associative latent class model,false_atrial_renal_competing,-0.0058835152163742,-0.0058835152163742,0.0,-0.59,-0.59,False
outputs_latent_endotyping/paired_contrasts.csv,renal_effect_sd=1.5,difference_definition=causal SCM minus comparator | comparator=Associative latent class model,accuracy,0.240828,0.240828,0.0,24.08,24.08,False
outputs_latent_endotyping/paired_contrasts.csv,renal_effect_sd=1.5,difference_definition=causal SCM minus comparator | comparator=Associative latent class model,adjusted_rand_index,0.3705512269752534,0.3705512269752534,0.0,0.371,0.371,False
outputs_latent_endotyping/paired_contrasts.csv,renal_effect_sd=1.5,difference_definition=causal SCM minus comparator | comparator=Associative latent class model,brier_score,-0.2213575837569467,-0.2213575837569467,0.0,-0.2214,-0.2214,False
outputs_latent_endotyping/paired_contrasts.csv,renal_effect_sd=1.5,difference_definition=causal SCM minus comparator | comparator=Associative latent class model,expected_calibration_error,-0.2980908561118203,-0.2980908561118203,0.0,-0.2981,-0.2981,False
outputs_latent_endotyping/paired_contrasts.csv,renal_effect_sd=1.5,difference_definition=causal SCM minus comparator | comparator=Associative latent class model,false_atrial_renal_competing,-0.5747903674948778,-0.5747903674948778,0.0,-57.48,-57.48,False
outputs_latent_endotyping/paired_contrasts.csv,renal_effect_sd=1.5,difference_definition=causal SCM minus comparator | comparator=Renal-adjusted associative latent class model,accuracy,0.0029639999999999,0.0029639999999999,0.0,0.3,0.3,False
outputs_latent_endotyping/paired_contrasts.csv,renal_effect_sd=1.5,difference_definition=causal SCM minus comparator | comparator=Renal-adjusted associative latent class model,adjusted_rand_index,0.0074238748201762,0.0074238748201762,0.0,0.007,0.007,False
outputs_latent_endotyping/paired_contrasts.csv,renal_effect_sd=1.5,difference_definition=causal SCM minus comparator | comparator=Renal-adjusted associative latent class model,brier_score,-0.0022281443125219,-0.0022281443125219,0.0,-0.0022,-0.0022,False
outputs_latent_endotyping/paired_contrasts.csv,renal_effect_sd=1.5,difference_definition=causal SCM minus comparator | comparator=Renal-adjusted associative latent class model,expected_calibration_error,-0.0017037600450003,-0.0017037600450003,0.0,-0.0017,-0.0017,False
outputs_latent_endotyping/paired_contrasts.csv,renal_effect_sd=1.5,difference_definition=causal SCM minus comparator | comparator=Renal-adjusted associative latent class model,false_atrial_renal_competing,-0.0123354061393027,-0.0123354061393027,0.0,-1.23,-1.23,False
outputs_latent_endotyping/recovery_summary.csv,renal_effect_sd=0.0,method=Associative latent class model,accuracy,0.820842,0.820842,0.0,82.1,82.1,False
outputs_latent_endotyping/recovery_summary.csv,renal_effect_sd=0.0,method=Associative latent class model,adjusted_rand_index,0.411929111997122,0.411929111997122,0.0,0.412,0.412,False
outputs_latent_endotyping/recovery_summary.csv,renal_effect_sd=0.0,method=Associative latent class model,brier_score,0.1259538382162189,0.1259538382162189,0.0,0.126,0.126,False
outputs_latent_endotyping/recovery_summary.csv,renal_effect_sd=0.0,method=Associative latent class model,expected_calibration_error,0.043188255194732,0.043188255194732,0.0,0.0432,0.0432,False
outputs_latent_endotyping/recovery_summary.csv,renal_effect_sd=0.0,method=Associative latent class model,false_atrial_renal_competing,0.1778614159385344,0.1778614159385344,0.0,17.8,17.8,False
outputs_latent_endotyping/recovery_summary.csv,renal_effect_sd=0.0,method=Associative latent class model,mean_posterior_entropy,0.3727987176566876,0.3727987176566877,1.1102230246251565e-16,,,False
outputs_latent_endotyping/recovery_summary.csv,renal_effect_sd=0.0,method=Associative latent class model,predicted_atrial_prevalence,0.498314,0.498314,0.0,49.8,49.8,False
outputs_latent_endotyping/recovery_summary.csv,renal_effect_sd=0.0,method=Biologically constrained latent SCM,accuracy,0.8202919999999999,0.8202919999999999,0.0,82.0,82.0,False
outputs_latent_endotyping/recovery_summary.csv,renal_effect_sd=0.0,method=Biologically constrained latent SCM,adjusted_rand_index,0.4104881208462873,0.4104881208462873,0.0,0.41,0.41,False
outputs_latent_endotyping/recovery_summary.csv,renal_effect_sd=0.0,method=Biologically constrained latent SCM,brier_score,0.1264085940707216,0.1264085940707216,0.0,0.1264,0.1264,False
outputs_latent_endotyping/recovery_summary.csv,renal_effect_sd=0.0,method=Biologically constrained latent SCM,expected_calibration_error,0.0436873414042838,0.0436873414042838,0.0,0.0437,0.0437,False
outputs_latent_endotyping/recovery_summary.csv,renal_effect_sd=0.0,method=Biologically constrained latent SCM,false_atrial_renal_competing,0.1782602194449772,0.1782602194449772,0.0,17.8,17.8,False
outputs_latent_endotyping/recovery_summary.csv,renal_effect_sd=0.0,method=Biologically constrained latent SCM,mean_posterior_entropy,0.3718908037351072,0.3718908037351072,0.0,,,False
outputs_latent_endotyping/recovery_summary.csv,renal_effect_sd=0.0,method=Biologically constrained latent SCM,predicted_atrial_prevalence,0.4978720000000001,0.4978720000000001,0.0,49.8,49.8,False
outputs_latent_endotyping/recovery_summary.csv,renal_effect_sd=0.0,method=Data-generating oracle (reference),accuracy,0.8274559999999999,0.8274559999999999,0.0,82.7,82.7,False
outputs_latent_endotyping/recovery_summary.csv,renal_effect_sd=0.0,method=Data-generating oracle (reference),adjusted_rand_index,0.4289345283251524,0.4289345283251524,0.0,0.429,0.429,False
outputs_latent_endotyping/recovery_summary.csv,renal_effect_sd=0.0,method=Data-generating oracle (reference),brier_score,0.1215184181076285,0.1215184181076285,0.0,0.1215,0.1215,False
outputs_latent_endotyping/recovery_summary.csv,renal_effect_sd=0.0,method=Data-generating oracle (reference),expected_calibration_error,0.0277912470889101,0.0277912470889101,0.0,0.0278,0.0278,False
outputs_latent_endotyping/recovery_summary.csv,renal_effect_sd=0.0,method=Data-generating oracle (reference),false_atrial_renal_competing,0.1736652550437696,0.1736652550437696,0.0,17.4,17.4,False
outputs_latent_endotyping/recovery_summary.csv,renal_effect_sd=0.0,method=Data-generating oracle (reference),mean_posterior_entropy,0.3818351453875611,0.3818351453875611,0.0,,,False
outputs_latent_endotyping/recovery_summary.csv,renal_effect_sd=0.0,method=Data-generating oracle (reference),predicted_atrial_prevalence,0.500036,0.500036,0.0,50.0,50.0,False
outputs_latent_endotyping/recovery_summary.csv,renal_effect_sd=0.0,method=Renal-adjusted associative latent class model,accuracy,0.816722,0.816722,0.0,81.7,81.7,False
outputs_latent_endotyping/recovery_summary.csv,renal_effect_sd=0.0,method=Renal-adjusted associative latent class model,adjusted_rand_index,0.4016356034777701,0.4016356034777701,0.0,0.402,0.402,False
outputs_latent_endotyping/recovery_summary.csv,renal_effect_sd=0.0,method=Renal-adjusted associative latent class model,brier_score,0.1288400979073886,0.1288400979073886,0.0,0.1288,0.1288,False
outputs_latent_endotyping/recovery_summary.csv,renal_effect_sd=0.0,method=Renal-adjusted associative latent class model,expected_calibration_error,0.0452145971925974,0.0452145971925974,0.0,0.0452,0.0452,False
outputs_latent_endotyping/recovery_summary.csv,renal_effect_sd=0.0,method=Renal-adjusted associative latent class model,false_atrial_renal_competing,0.1876018285349494,0.1876018285349494,0.0,18.8,18.8,False
outputs_latent_endotyping/recovery_summary.csv,renal_effect_sd=0.0,method=Renal-adjusted associative latent class model,mean_posterior_entropy,0.3687933718278059,0.3687933718278059,0.0,,,False
outputs_latent_endotyping/recovery_summary.csv,renal_effect_sd=0.0,method=Renal-adjusted associative latent class model,predicted_atrial_prevalence,0.498194,0.498194,0.0,49.8,49.8,False
outputs_latent_endotyping/recovery_summary.csv,renal_effect_sd=0.5,method=Associative latent class model,accuracy,0.806336,0.806336,0.0,80.6,80.6,False
outputs_latent_endotyping/recovery_summary.csv,renal_effect_sd=0.5,method=Associative latent class model,adjusted_rand_index,0.3757055604449814,0.3757055604449814,0.0,0.376,0.376,False
outputs_latent_endotyping/recovery_summary.csv,renal_effect_sd=0.5,method=Associative latent class model,brier_score,0.1360221696775422,0.1360221696775422,0.0,0.136,0.136,False
outputs_latent_endotyping/recovery_summary.csv,renal_effect_sd=0.5,method=Associative latent class model,expected_calibration_error,0.0521411410939477,0.0521411410939477,0.0,0.0521,0.0521,False
outputs_latent_endotyping/recovery_summary.csv,renal_effect_sd=0.5,method=Associative latent class model,false_atrial_renal_competing,0.3414250620404333,0.3414250620404333,0.0,34.1,34.1,False
outputs_latent_endotyping/recovery_summary.csv,renal_effect_sd=0.5,method=Associative latent class model,mean_posterior_entropy,0.3697908665354113,0.3697908665354114,5.551115123125783e-17,,,False
outputs_latent_endotyping/recovery_summary.csv,renal_effect_sd=0.5,method=Associative latent class model,predicted_atrial_prevalence,0.50255,0.50255,0.0,50.3,50.3,False
outputs_latent_endotyping/recovery_summary.csv,renal_effect_sd=0.5,method=Biologically constrained latent SCM,accuracy,0.819184,0.819184,0.0,81.9,81.9,False
outputs_latent_endotyping/recovery_summary.csv,renal_effect_sd=0.5,method=Biologically constrained latent SCM,adjusted_rand_index,0.4076533627840259,0.4076533627840259,0.0,0.408,0.408,False
outputs_latent_endotyping/recovery_summary.csv,renal_effect_sd=0.5,method=Biologically constrained latent SCM,brier_score,0.1270466841005382,0.1270466841005382,0.0,0.127,0.127,False
outputs_latent_endotyping/recovery_summary.csv,renal_effect_sd=0.5,method=Biologically constrained latent SCM,expected_calibration_error,0.0460389161217518,0.0460389161217518,0.0,0.046,0.046,False
outputs_latent_endotyping/recovery_summary.csv,renal_effect_sd=0.5,method=Biologically constrained latent SCM,false_atrial_renal_competing,0.1818179890341936,0.1818179890341936,0.0,18.2,18.2,False
outputs_latent_endotyping/recovery_summary.csv,renal_effect_sd=0.5,method=Biologically constrained latent SCM,mean_posterior_entropy,0.3728649290488394,0.3728649290488395,1.1102230246251565e-16,,,False
outputs_latent_endotyping/recovery_summary.csv,renal_effect_sd=0.5,method=Biologically constrained latent SCM,predicted_atrial_prevalence,0.499706,0.499706,0.0,50.0,50.0,False
outputs_latent_endotyping/recovery_summary.csv,renal_effect_sd=0.5,method=Data-generating oracle (reference),accuracy,0.8265459999999999,0.8265459999999999,0.0,82.7,82.7,False
outputs_latent_endotyping/recovery_summary.csv,renal_effect_sd=0.5,method=Data-generating oracle (reference),adjusted_rand_index,0.4265368797853229,0.4265368797853229,0.0,0.427,0.427,False
outputs_latent_endotyping/recovery_summary.csv,renal_effect_sd=0.5,method=Data-generating oracle (reference),brier_score,0.1219502028614101,0.1219502028614101,0.0,0.122,0.122,False
outputs_latent_endotyping/recovery_summary.csv,renal_effect_sd=0.5,method=Data-generating oracle (reference),expected_calibration_error,0.0275501200118443,0.0275501200118443,0.0,0.0276,0.0276,False
outputs_latent_endotyping/recovery_summary.csv,renal_effect_sd=0.5,method=Data-generating oracle (reference),false_atrial_renal_competing,0.1733261361369873,0.1733261361369873,0.0,17.3,17.3,False
outputs_latent_endotyping/recovery_summary.csv,renal_effect_sd=0.5,method=Data-generating oracle (reference),mean_posterior_entropy,0.38193789651607,0.38193789651607,0.0,,,False
outputs_latent_endotyping/recovery_summary.csv,renal_effect_sd=0.5,method=Data-generating oracle (reference),predicted_atrial_prevalence,0.499772,0.499772,0.0,50.0,50.0,False
outputs_latent_endotyping/recovery_summary.csv,renal_effect_sd=0.5,method=Renal-adjusted associative latent class model,accuracy,0.8163400000000001,0.8163400000000001,0.0,81.6,81.6,False
outputs_latent_endotyping/recovery_summary.csv,renal_effect_sd=0.5,method=Renal-adjusted associative latent class model,adjusted_rand_index,0.4005366131460596,0.4005366131460596,0.0,0.401,0.401,False
outputs_latent_endotyping/recovery_summary.csv,renal_effect_sd=0.5,method=Renal-adjusted associative latent class model,brier_score,0.1290105616614828,0.1290105616614828,0.0,0.129,0.129,False
outputs_latent_endotyping/recovery_summary.csv,renal_effect_sd=0.5,method=Renal-adjusted associative latent class model,expected_calibration_error,0.0467106690281138,0.0467106690281138,0.0,0.0467,0.0467,False
outputs_latent_endotyping/recovery_summary.csv,renal_effect_sd=0.5,method=Renal-adjusted associative latent class model,false_atrial_renal_competing,0.1845862929654054,0.1845862929654054,0.0,18.5,18.5,False
outputs_latent_endotyping/recovery_summary.csv,renal_effect_sd=0.5,method=Renal-adjusted associative latent class model,mean_posterior_entropy,0.3699875546766858,0.3699875546766858,0.0,,,False
outputs_latent_endotyping/recovery_summary.csv,renal_effect_sd=0.5,method=Renal-adjusted associative latent class model,predicted_atrial_prevalence,0.4997459999999999,0.4997459999999999,0.0,50.0,50.0,False
outputs_latent_endotyping/recovery_summary.csv,renal_effect_sd=1.0,method=Associative latent class model,accuracy,0.733876,0.733876,0.0,73.4,73.4,False
outputs_latent_endotyping/recovery_summary.csv,renal_effect_sd=1.0,method=Associative latent class model,adjusted_rand_index,0.2213014934933391,0.2213014934933391,0.0,0.221,0.221,False
outputs_latent_endotyping/recovery_summary.csv,renal_effect_sd=1.0,method=Associative latent class model,brier_score,0.1896966038724677,0.1896966038724677,0.0,0.1897,0.1897,False
outputs_latent_endotyping/recovery_summary.csv,renal_effect_sd=1.0,method=Associative latent class model,expected_calibration_error,0.122313410483607,0.122313410483607,0.0,0.1223,0.1223,False
outputs_latent_endotyping/recovery_summary.csv,renal_effect_sd=1.0,method=Associative latent class model,false_atrial_renal_competing,0.6377043637626444,0.6377043637626444,0.0,63.8,63.8,False
outputs_latent_endotyping/recovery_summary.csv,renal_effect_sd=1.0,method=Associative latent class model,mean_posterior_entropy,0.3411306534662945,0.3411306534662945,0.0,,,False
outputs_latent_endotyping/recovery_summary.csv,renal_effect_sd=1.0,method=Associative latent class model,predicted_atrial_prevalence,0.481844,0.481844,0.0,48.2,48.2,False
outputs_latent_endotyping/recovery_summary.csv,renal_effect_sd=1.0,method=Biologically constrained latent SCM,accuracy,0.8205339999999999,0.8205339999999999,0.0,82.1,82.1,False
outputs_latent_endotyping/recovery_summary.csv,renal_effect_sd=1.0,method=Biologically constrained latent SCM,adjusted_rand_index,0.4110797843406116,0.4110797843406116,0.0,0.411,0.411,False
outputs_latent_endotyping/recovery_summary.csv,renal_effect_sd=1.0,method=Biologically constrained latent SCM,brier_score,0.1262724146396865,0.1262724146396865,0.0,0.1263,0.1263,False
outputs_latent_endotyping/recovery_summary.csv,renal_effect_sd=1.0,method=Biologically constrained latent SCM,expected_calibration_error,0.0448461952088045,0.0448461952088045,0.0,0.0448,0.0448,False
outputs_latent_endotyping/recovery_summary.csv,renal_effect_sd=1.0,method=Biologically constrained latent SCM,false_atrial_renal_competing,0.1826285493243901,0.1826285493243901,0.0,18.3,18.3,False
outputs_latent_endotyping/recovery_summary.csv,renal_effect_sd=1.0,method=Biologically constrained latent SCM,mean_posterior_entropy,0.3727462107692141,0.3727462107692142,1.1102230246251565e-16,,,False
outputs_latent_endotyping/recovery_summary.csv,renal_effect_sd=1.0,method=Biologically constrained latent SCM,predicted_atrial_prevalence,0.5050500000000001,0.5050500000000001,0.0,50.5,50.5,False
outputs_latent_endotyping/recovery_summary.csv,renal_effect_sd=1.0,method=Data-generating oracle (reference),accuracy,0.828452,0.828452,0.0,82.8,82.8,False
outputs_latent_endotyping/recovery_summary.csv,renal_effect_sd=1.0,method=Data-generating oracle (reference),adjusted_rand_index,0.4314762718697286,0.4314762718697286,0.0,0.431,0.431,False
outputs_latent_endotyping/recovery_summary.csv,renal_effect_sd=1.0,method=Data-generating oracle (reference),brier_score,0.1212915890594548,0.1212915890594548,0.0,0.1213,0.1213,False
outputs_latent_endotyping/recovery_summary.csv,renal_effect_sd=1.0,method=Data-generating oracle (reference),expected_calibration_error,0.0277153894199444,0.0277153894199444,0.0,0.0277,0.0277,False
outputs_latent_endotyping/recovery_summary.csv,renal_effect_sd=1.0,method=Data-generating oracle (reference),false_atrial_renal_competing,0.170638531353482,0.170638531353482,0.0,17.1,17.1,False
outputs_latent_endotyping/recovery_summary.csv,renal_effect_sd=1.0,method=Data-generating oracle (reference),mean_posterior_entropy,0.3819802586095371,0.3819802586095371,0.0,,,False
outputs_latent_endotyping/recovery_summary.csv,renal_effect_sd=1.0,method=Data-generating oracle (reference),predicted_atrial_prevalence,0.500912,0.500912,0.0,50.1,50.1,False
outputs_latent_endotyping/recovery_summary.csv,renal_effect_sd=1.0,method=Renal-adjusted associative latent class model,accuracy,0.8168280000000001,0.8168280000000001,0.0,81.7,81.7,False
outputs_latent_endotyping/recovery_summary.csv,renal_effect_sd=1.0,method=Renal-adjusted associative latent class model,adjusted_rand_index,0.4017595058301403,0.4017595058301403,0.0,0.402,0.402,False
outputs_latent_endotyping/recovery_summary.csv,renal_effect_sd=1.0,method=Renal-adjusted associative latent class model,brier_score,0.1286369320582764,0.1286369320582764,0.0,0.1286,0.1286,False
outputs_latent_endotyping/recovery_summary.csv,renal_effect_sd=1.0,method=Renal-adjusted associative latent class model,expected_calibration_error,0.0457007214549156,0.0457007214549156,0.0,0.0457,0.0457,False
outputs_latent_endotyping/recovery_summary.csv,renal_effect_sd=1.0,method=Renal-adjusted associative latent class model,false_atrial_renal_competing,0.1885120645407644,0.1885120645407644,0.0,18.9,18.9,False
outputs_latent_endotyping/recovery_summary.csv,renal_effect_sd=1.0,method=Renal-adjusted associative latent class model,mean_posterior_entropy,0.3699043504169521,0.3699043504169521,0.0,,,False
outputs_latent_endotyping/recovery_summary.csv,renal_effect_sd=1.0,method=Renal-adjusted associative latent class model,predicted_atrial_prevalence,0.5044,0.5044,0.0,50.4,50.4,False
outputs_latent_endotyping/recovery_summary.csv,renal_effect_sd=1.5,method=Associative latent class model,accuracy,0.578534,0.578534,0.0,57.9,57.9,False
outputs_latent_endotyping/recovery_summary.csv,renal_effect_sd=1.5,method=Associative latent class model,adjusted_rand_index,0.0376718932647429,0.0376718932647429,0.0,0.038,0.038,False
outputs_latent_endotyping/recovery_summary.csv,renal_effect_sd=1.5,method=Associative latent class model,brier_score,0.3480598379781476,0.3480598379781476,0.0,0.3481,0.3481,False
outputs_latent_endotyping/recovery_summary.csv,renal_effect_sd=1.5,method=Associative latent class model,expected_calibration_error,0.3431089196908952,0.3431089196908951,1.1102230246251565e-16,0.3431,0.3431,False
outputs_latent_endotyping/recovery_summary.csv,renal_effect_sd=1.5,method=Associative latent class model,false_atrial_renal_competing,0.7599386675617749,0.7599386675617749,0.0,76.0,76.0,False
outputs_latent_endotyping/recovery_summary.csv,renal_effect_sd=1.5,method=Associative latent class model,mean_posterior_entropy,0.2177190067068921,0.2177190067068921,0.0,,,False
outputs_latent_endotyping/recovery_summary.csv,renal_effect_sd=1.5,method=Associative latent class model,predicted_atrial_prevalence,0.41247,0.41247,0.0,41.2,41.2,False
outputs_latent_endotyping/recovery_summary.csv,renal_effect_sd=1.5,method=Biologically constrained latent SCM,accuracy,0.8193619999999999,0.8193619999999999,0.0,81.9,81.9,False
outputs_latent_endotyping/recovery_summary.csv,renal_effect_sd=1.5,method=Biologically constrained latent SCM,adjusted_rand_index,0.4082231202399964,0.4082231202399964,0.0,0.408,0.408,False
outputs_latent_endotyping/recovery_summary.csv,renal_effect_sd=1.5,method=Biologically constrained latent SCM,brier_score,0.1267022542212008,0.1267022542212008,0.0,0.1267,0.1267,False
outputs_latent_endotyping/recovery_summary.csv,renal_effect_sd=1.5,method=Biologically constrained latent SCM,expected_calibration_error,0.0450180635790748,0.0450180635790748,0.0,0.045,0.045,False
outputs_latent_endotyping/recovery_summary.csv,renal_effect_sd=1.5,method=Biologically constrained latent SCM,false_atrial_renal_competing,0.1851483000668971,0.1851483000668971,0.0,18.5,18.5,False
outputs_latent_endotyping/recovery_summary.csv,renal_effect_sd=1.5,method=Biologically constrained latent SCM,mean_posterior_entropy,0.3733430816386956,0.3733430816386956,0.0,,,False
outputs_latent_endotyping/recovery_summary.csv,renal_effect_sd=1.5,method=Biologically constrained latent SCM,predicted_atrial_prevalence,0.500602,0.500602,0.0,50.1,50.1,False
outputs_latent_endotyping/recovery_summary.csv,renal_effect_sd=1.5,method=Data-generating oracle (reference),accuracy,0.8270299999999999,0.8270299999999999,0.0,82.7,82.7,False
outputs_latent_endotyping/recovery_summary.csv,renal_effect_sd=1.5,method=Data-generating oracle (reference),adjusted_rand_index,0.4278531789111459,0.4278531789111459,0.0,0.428,0.428,False
outputs_latent_endotyping/recovery_summary.csv,renal_effect_sd=1.5,method=Data-generating oracle (reference),brier_score,0.1215830082219218,0.1215830082219218,0.0,0.1216,0.1216,False
outputs_latent_endotyping/recovery_summary.csv,renal_effect_sd=1.5,method=Data-generating oracle (reference),expected_calibration_error,0.0279109901579867,0.0279109901579867,0.0,0.0279,0.0279,False
outputs_latent_endotyping/recovery_summary.csv,renal_effect_sd=1.5,method=Data-generating oracle (reference),false_atrial_renal_competing,0.1734752381819254,0.1734752381819254,0.0,17.3,17.3,False
outputs_latent_endotyping/recovery_summary.csv,renal_effect_sd=1.5,method=Data-generating oracle (reference),mean_posterior_entropy,0.3823708266848463,0.3823708266848463,0.0,,,False
outputs_latent_endotyping/recovery_summary.csv,renal_effect_sd=1.5,method=Data-generating oracle (reference),predicted_atrial_prevalence,0.50095,0.50095,0.0,50.1,50.1,False
outputs_latent_endotyping/recovery_summary.csv,renal_effect_sd=1.5,method=Renal-adjusted associative latent class model,accuracy,0.816398,0.816398,0.0,81.6,81.6,False
outputs_latent_endotyping/recovery_summary.csv,renal_effect_sd=1.5,method=Renal-adjusted associative latent class model,adjusted_rand_index,0.4007992454198201,0.4007992454198201,0.0,0.401,0.401,False
outputs_latent_endotyping/recovery_summary.csv,renal_effect_sd=1.5,method=Renal-adjusted associative latent class model,brier_score,0.1289303985337228,0.1289303985337228,0.0,0.1289,0.1289,False
outputs_latent_endotyping/recovery_summary.csv,renal_effect_sd=1.5,method=Renal-adjusted associative latent class model,expected_calibration_error,0.0467218236240751,0.0467218236240751,0.0,0.0467,0.0467,False
outputs_latent_endotyping/recovery_summary.csv,renal_effect_sd=1.5,method=Renal-adjusted associative latent class model,false_atrial_renal_competing,0.1974837062061998,0.1974837062061998,0.0,19.7,19.7,False
outputs_latent_endotyping/recovery_summary.csv,renal_effect_sd=1.5,method=Renal-adjusted associative latent class model,mean_posterior_entropy,0.3703883136715777,0.3703883136715777,0.0,,,False
outputs_latent_endotyping/recovery_summary.csv,renal_effect_sd=1.5,method=Renal-adjusted associative latent class model,predicted_atrial_prevalence,0.501306,0.501306,0.0,50.1,50.1,False
outputs_transportability/ablations/ablation_accuracy_changes.csv,shift=Assay only,method=Frozen causal latent SCM,accuracy,0.0,0.0,0.0,0.0,0.0,False
outputs_transportability/ablations/ablation_accuracy_changes.csv,shift=Assay only,method=Modular causal latent SCM,accuracy,0.0,0.0,0.0,0.0,0.0,False
outputs_transportability/ablations/ablation_accuracy_changes.csv,shift=Assay only,method=Pooled associative latent class model,accuracy,0.0,0.0,0.0,0.0,0.0,False
outputs_transportability/ablations/ablation_accuracy_changes.csv,shift=Assay only,method=Target oracle (reference),accuracy,0.0,0.0,0.0,0.0,0.0,False
outputs_transportability/ablations/ablation_accuracy_changes.csv,shift=Assay only,method=Target-calibrated associative latent model,accuracy,0.0,0.0,0.0,0.0,0.0,False
outputs_transportability/ablations/ablation_accuracy_changes.csv,shift=Combined strong,method=Frozen causal latent SCM,accuracy,-0.0541619999999999,-0.0541619999999999,0.0,-5.42,-5.42,False
outputs_transportability/ablations/ablation_accuracy_changes.csv,shift=Combined strong,method=Modular causal latent SCM,accuracy,-0.0391659999999999,-0.0391659999999999,0.0,-3.92,-3.92,False
outputs_transportability/ablations/ablation_accuracy_changes.csv,shift=Combined strong,method=Pooled associative latent class model,accuracy,-0.068602,-0.068602,0.0,-6.86,-6.86,False
outputs_transportability/ablations/ablation_accuracy_changes.csv,shift=Combined strong,method=Target oracle (reference),accuracy,-0.0382739999999999,-0.0382739999999999,0.0,-3.83,-3.83,False
outputs_transportability/ablations/ablation_accuracy_changes.csv,shift=Combined strong,method=Target-calibrated associative latent model,accuracy,-0.0408299999999999,-0.0408299999999999,0.0,-4.08,-4.08,False
outputs_transportability/ablations/ablation_accuracy_changes.csv,shift=Inflammation only,method=Frozen causal latent SCM,accuracy,0.0002599999999999,0.0002599999999999,0.0,0.03,0.03,False
outputs_transportability/ablations/ablation_accuracy_changes.csv,shift=Inflammation only,method=Modular causal latent SCM,accuracy,0.000124,0.000124,0.0,0.01,0.01,False
outputs_transportability/ablations/ablation_accuracy_changes.csv,shift=Inflammation only,method=Pooled associative latent class model,accuracy,-0.0034559999999999,-0.0034559999999999,0.0,-0.35,-0.35,False
outputs_transportability/ablations/ablation_accuracy_changes.csv,shift=Inflammation only,method=Target oracle (reference),accuracy,0.0002759999999999,0.0002759999999999,0.0,0.03,0.03,False
outputs_transportability/ablations/ablation_accuracy_changes.csv,shift=Inflammation only,method=Target-calibrated associative latent model,accuracy,-0.0006099999999999,-0.0006099999999999,0.0,-0.06,-0.06,False
outputs_transportability/ablations/ablation_accuracy_changes.csv,shift=Kidney only,method=Frozen causal latent SCM,accuracy,-0.0171499999999999,-0.0171499999999999,0.0,-1.71,-1.71,False
outputs_transportability/ablations/ablation_accuracy_changes.csv,shift=Kidney only,method=Modular causal latent SCM,accuracy,-0.0002959999999999,-0.0002959999999999,0.0,-0.03,-0.03,False
outputs_transportability/ablations/ablation_accuracy_changes.csv,shift=Kidney only,method=Pooled associative latent class model,accuracy,-0.03904,-0.03904,0.0,-3.9,-3.9,False
outputs_transportability/ablations/ablation_accuracy_changes.csv,shift=Kidney only,method=Target oracle (reference),accuracy,0.0005379999999999,0.0005379999999999,0.0,0.05,0.05,False
outputs_transportability/ablations/ablation_accuracy_changes.csv,shift=Kidney only,method=Target-calibrated associative latent model,accuracy,-0.001322,-0.001322,0.0,-0.13,-0.13,False
outputs_transportability/ablations/ablation_accuracy_changes.csv,shift=Missingness only,method=Frozen causal latent SCM,accuracy,-0.0431779999999999,-0.0431779999999999,0.0,-4.32,-4.32,False
outputs_transportability/ablations/ablation_accuracy_changes.csv,shift=Missingness only,method=Modular causal latent SCM,accuracy,-0.0434939999999999,-0.0434939999999999,0.0,-4.35,-4.35,False
outputs_transportability/ablations/ablation_accuracy_changes.csv,shift=Missingness only,method=Pooled associative latent class model,accuracy,-0.042596,-0.042596,0.0,-4.26,-4.26,False
outputs_transportability/ablations/ablation_accuracy_changes.csv,shift=Missingness only,method=Target oracle (reference),accuracy,-0.0436819999999999,-0.0436819999999999,0.0,-4.37,-4.37,False
outputs_transportability/ablations/ablation_accuracy_changes.csv,shift=Missingness only,method=Target-calibrated associative latent model,accuracy,-0.0433779999999999,-0.0433779999999999,0.0,-4.34,-4.34,False
outputs_transportability/ablations/ablation_summary.csv,shift=Assay only,method=Frozen causal latent SCM,accuracy,0.8159959999999999,0.8159959999999999,0.0,81.6,81.6,False
outputs_transportability/ablations/ablation_summary.csv,shift=Assay only,method=Frozen causal latent SCM,accuracy_any_missing,0.768895708842502,0.768895708842502,0.0,76.9,76.9,False
outputs_transportability/ablations/ablation_summary.csv,shift=Assay only,method=Frozen causal latent SCM,accuracy_complete_case,0.8246927818367631,0.8246927818367631,0.0,82.5,82.5,False
outputs_transportability/ablations/ablation_summary.csv,shift=Assay only,method=Frozen causal latent SCM,accuracy_electrical_missing,0.7706030060042789,0.7706030060042789,0.0,77.1,77.1,False
outputs_transportability/ablations/ablation_summary.csv,shift=Assay only,method=Frozen causal latent SCM,adjusted_rand_index,0.3994203463672278,0.3994203463672278,0.0,0.399,0.399,False
outputs_transportability/ablations/ablation_summary.csv,shift=Assay only,method=Frozen causal latent SCM,all_biomarkers_missing_rate,0.000204,0.000204,0.0,0.0,0.0,False
outputs_transportability/ablations/ablation_summary.csv,shift=Assay only,method=Frozen causal latent SCM,biomarker_missing_fraction,0.0548186666666666,0.0548186666666666,0.0,5.5,5.5,False
outputs_transportability/ablations/ablation_summary.csv,shift=Assay only,method=Frozen causal latent SCM,brier_score,0.1283120742405024,0.1283120742405024,0.0,0.1283,0.1283,False
outputs_transportability/ablations/ablation_summary.csv,shift=Assay only,method=Frozen causal latent SCM,expected_calibration_error,0.0352064212348848,0.0352064212348848,0.0,0.0352,0.0352,False
outputs_transportability/ablations/ablation_summary.csv,shift=Assay only,method=Frozen causal latent SCM,false_atrial_renal_competing,0.1839152014619294,0.1839152014619294,0.0,18.4,18.4,False
outputs_transportability/ablations/ablation_summary.csv,shift=Assay only,method=Frozen causal latent SCM,mean_posterior_entropy,0.3929665093495715,0.3929665093495715,0.0,,,False
outputs_transportability/ablations/ablation_summary.csv,shift=Assay only,method=Frozen causal latent SCM,predicted_atrial_prevalence,0.50257,0.50257,0.0,50.3,50.3,False
outputs_transportability/ablations/ablation_summary.csv,shift=Assay only,method=Modular causal latent SCM,accuracy,0.81521,0.81521,0.0,81.5,81.5,False
outputs_transportability/ablations/ablation_summary.csv,shift=Assay only,method=Modular causal latent SCM,accuracy_any_missing,0.7688832050204504,0.7688832050204504,0.0,76.9,76.9,False
outputs_transportability/ablations/ablation_summary.csv,shift=Assay only,method=Modular causal latent SCM,accuracy_complete_case,0.8237648565337954,0.8237648565337954,0.0,82.4,82.4,False
outputs_transportability/ablations/ablation_summary.csv,shift=Assay only,method=Modular causal latent SCM,accuracy_electrical_missing,0.7706590010118719,0.7706590010118719,0.0,77.1,77.1,False
outputs_transportability/ablations/ablation_summary.csv,shift=Assay only,method=Modular causal latent SCM,adjusted_rand_index,0.3974367559938487,0.3974367559938487,0.0,0.397,0.397,False
outputs_transportability/ablations/ablation_summary.csv,shift=Assay only,method=Modular causal latent SCM,all_biomarkers_missing_rate,0.000204,0.000204,0.0,0.0,0.0,False
outputs_transportability/ablations/ablation_summary.csv,shift=Assay only,method=Modular causal latent SCM,biomarker_missing_fraction,0.0548186666666666,0.0548186666666666,0.0,5.5,5.5,False
outputs_transportability/ablations/ablation_summary.csv,shift=Assay only,method=Modular causal latent SCM,brier_score,0.1289720834612178,0.1289720834612178,0.0,0.129,0.129,False
outputs_transportability/ablations/ablation_summary.csv,shift=Assay only,method=Modular causal latent SCM,expected_calibration_error,0.0366243378410231,0.0366243378410231,0.0,0.0366,0.0366,False
outputs_transportability/ablations/ablation_summary.csv,shift=Assay only,method=Modular causal latent SCM,false_atrial_renal_competing,0.1806898199965184,0.1806898199965184,0.0,18.1,18.1,False
outputs_transportability/ablations/ablation_summary.csv,shift=Assay only,method=Modular causal latent SCM,mean_posterior_entropy,0.3925283231075572,0.3925283231075572,0.0,,,False
outputs_transportability/ablations/ablation_summary.csv,shift=Assay only,method=Modular causal latent SCM,predicted_atrial_prevalence,0.50048,0.50048,0.0,50.0,50.0,False
outputs_transportability/ablations/ablation_summary.csv,shift=Assay only,method=Pooled associative latent class model,accuracy,0.802342,0.802342,0.0,80.2,80.2,False
outputs_transportability/ablations/ablation_summary.csv,shift=Assay only,method=Pooled associative latent class model,accuracy_any_missing,0.7576726085362097,0.7576726085362097,0.0,75.8,75.8,False
outputs_transportability/ablations/ablation_summary.csv,shift=Assay only,method=Pooled associative latent class model,accuracy_complete_case,0.8105934270281091,0.8105934270281091,0.0,81.1,81.1,False
outputs_transportability/ablations/ablation_summary.csv,shift=Assay only,method=Pooled associative latent class model,accuracy_electrical_missing,0.7546721632664328,0.7546721632664328,0.0,75.5,75.5,False
outputs_transportability/ablations/ablation_summary.csv,shift=Assay only,method=Pooled associative latent class model,adjusted_rand_index,0.3656984633452805,0.3656984633452805,0.0,0.366,0.366,False
outputs_transportability/ablations/ablation_summary.csv,shift=Assay only,method=Pooled associative latent class model,all_biomarkers_missing_rate,0.000204,0.000204,0.0,0.0,0.0,False
outputs_transportability/ablations/ablation_summary.csv,shift=Assay only,method=Pooled associative latent class model,biomarker_missing_fraction,0.0548186666666666,0.0548186666666666,0.0,5.5,5.5,False
outputs_transportability/ablations/ablation_summary.csv,shift=Assay only,method=Pooled associative latent class model,brier_score,0.1372560655414951,0.1372560655414951,0.0,0.1373,0.1373,False
outputs_transportability/ablations/ablation_summary.csv,shift=Assay only,method=Pooled associative latent class model,expected_calibration_error,0.0376676473419513,0.0376676473419513,0.0,0.0377,0.0377,False
outputs_transportability/ablations/ablation_summary.csv,shift=Assay only,method=Pooled associative latent class model,false_atrial_renal_competing,0.3094053599073783,0.3094053599073783,0.0,30.9,30.9,False
outputs_transportability/ablations/ablation_summary.csv,shift=Assay only,method=Pooled associative latent class model,mean_posterior_entropy,0.4177266396893023,0.4177266396893023,0.0,,,False
outputs_transportability/ablations/ablation_summary.csv,shift=Assay only,method=Pooled associative latent class model,predicted_atrial_prevalence,0.4985199999999999,0.4985199999999999,0.0,49.9,49.9,False
outputs_transportability/ablations/ablation_summary.csv,shift=Assay only,method=Target oracle (reference),accuracy,0.819,0.819,0.0,81.9,81.9,False
outputs_transportability/ablations/ablation_summary.csv,shift=Assay only,method=Target oracle (reference),accuracy_any_missing,0.7711981709868548,0.7711981709868548,0.0,77.1,77.1,False
outputs_transportability/ablations/ablation_summary.csv,shift=Assay only,method=Target oracle (reference),accuracy_complete_case,0.8278216238518348,0.8278216238518348,0.0,82.8,82.8,False
outputs_transportability/ablations/ablation_summary.csv,shift=Assay only,method=Target oracle (reference),accuracy_electrical_missing,0.7733566962328002,0.7733566962328002,0.0,77.3,77.3,False
outputs_transportability/ablations/ablation_summary.csv,shift=Assay only,method=Target oracle (reference),adjusted_rand_index,0.4069977263349374,0.4069977263349374,0.0,0.407,0.407,False
outputs_transportability/ablations/ablation_summary.csv,shift=Assay only,method=Target oracle (reference),all_biomarkers_missing_rate,0.000204,0.000204,0.0,0.0,0.0,False
outputs_transportability/ablations/ablation_summary.csv,shift=Assay only,method=Target oracle (reference),biomarker_missing_fraction,0.0548186666666666,0.0548186666666666,0.0,5.5,5.5,False
outputs_transportability/ablations/ablation_summary.csv,shift=Assay only,method=Target oracle (reference),brier_score,0.1265313012620999,0.1265313012620999,0.0,0.1265,0.1265,False
outputs_transportability/ablations/ablation_summary.csv,shift=Assay only,method=Target oracle (reference),expected_calibration_error,0.028127244536297,0.028127244536297,0.0,0.0281,0.0281,False
outputs_transportability/ablations/ablation_summary.csv,shift=Assay only,method=Target oracle (reference),false_atrial_renal_competing,0.1801818557156041,0.1801818557156041,0.0,18.0,18.0,False
outputs_transportability/ablations/ablation_summary.csv,shift=Assay only,method=Target oracle (reference),mean_posterior_entropy,0.3960448875604087,0.3960448875604087,0.0,,,False
outputs_transportability/ablations/ablation_summary.csv,shift=Assay only,method=Target oracle (reference),predicted_atrial_prevalence,0.5011619999999999,0.5011619999999999,0.0,50.1,50.1,False
outputs_transportability/ablations/ablation_summary.csv,shift=Assay only,method=Target-calibrated associative latent model,accuracy,0.81222,0.81222,0.0,81.2,81.2,False
outputs_transportability/ablations/ablation_summary.csv,shift=Assay only,method=Target-calibrated associative latent model,accuracy_any_missing,0.7670112004542136,0.7670112004542136,0.0,76.7,76.7,False
outputs_transportability/ablations/ablation_summary.csv,shift=Assay only,method=Target-calibrated associative latent model,accuracy_complete_case,0.8205669183182143,0.8205669183182143,0.0,82.1,82.1,False
outputs_transportability/ablations/ablation_summary.csv,shift=Assay only,method=Target-calibrated associative latent model,accuracy_electrical_missing,0.7690391482318303,0.7690391482318303,0.0,76.9,76.9,False
outputs_transportability/ablations/ablation_summary.csv,shift=Assay only,method=Target-calibrated associative latent model,adjusted_rand_index,0.3899938775887041,0.3899938775887041,0.0,0.39,0.39,False
outputs_transportability/ablations/ablation_summary.csv,shift=Assay only,method=Target-calibrated associative latent model,all_biomarkers_missing_rate,0.000204,0.000204,0.0,0.0,0.0,False
outputs_transportability/ablations/ablation_summary.csv,shift=Assay only,method=Target-calibrated associative latent model,biomarker_missing_fraction,0.0548186666666666,0.0548186666666666,0.0,5.5,5.5,False
outputs_transportability/ablations/ablation_summary.csv,shift=Assay only,method=Target-calibrated associative latent model,brier_score,0.130932355247705,0.130932355247705,0.0,0.1309,0.1309,False
outputs_transportability/ablations/ablation_summary.csv,shift=Assay only,method=Target-calibrated associative latent model,expected_calibration_error,0.0406287881057243,0.0406287881057243,0.0,0.0406,0.0406,False
outputs_transportability/ablations/ablation_summary.csv,shift=Assay only,method=Target-calibrated associative latent model,false_atrial_renal_competing,0.186484335696727,0.186484335696727,0.0,18.6,18.6,False
outputs_transportability/ablations/ablation_summary.csv,shift=Assay only,method=Target-calibrated associative latent model,mean_posterior_entropy,0.3909814622151348,0.3909814622151349,1.1102230246251565e-16,,,False
outputs_transportability/ablations/ablation_summary.csv,shift=Assay only,method=Target-calibrated associative latent model,predicted_atrial_prevalence,0.500474,0.500474,0.0,50.0,50.0,False
outputs_transportability/ablations/ablation_summary.csv,shift=Combined strong,method=Frozen causal latent SCM,accuracy,0.7618339999999999,0.7618339999999999,0.0,76.2,76.2,False
outputs_transportability/ablations/ablation_summary.csv,shift=Combined strong,method=Frozen causal latent SCM,accuracy_any_missing,0.7331905204903453,0.7331905204903453,0.0,73.3,73.3,False
outputs_transportability/ablations/ablation_summary.csv,shift=Combined strong,method=Frozen causal latent SCM,accuracy_complete_case,0.8060251384676224,0.8060251384676224,0.0,80.6,80.6,False
outputs_transportability/ablations/ablation_summary.csv,shift=Combined strong,method=Frozen causal latent SCM,accuracy_electrical_missing,0.7176229059071727,0.7176229059071727,0.0,71.8,71.8,False
outputs_transportability/ablations/ablation_summary.csv,shift=Combined strong,method=Frozen causal latent SCM,adjusted_rand_index,0.274410381962563,0.274410381962563,0.0,0.274,0.274,False
outputs_transportability/ablations/ablation_summary.csv,shift=Combined strong,method=Frozen causal latent SCM,all_biomarkers_missing_rate,0.018372,0.018372,0.0,1.8,1.8,False
outputs_transportability/ablations/ablation_summary.csv,shift=Combined strong,method=Frozen causal latent SCM,biomarker_missing_fraction,0.2667213333333333,0.2667213333333333,0.0,26.7,26.7,False
outputs_transportability/ablations/ablation_summary.csv,shift=Combined strong,method=Frozen causal latent SCM,brier_score,0.1603551464956557,0.1603551464956557,0.0,0.1604,0.1604,False
outputs_transportability/ablations/ablation_summary.csv,shift=Combined strong,method=Frozen causal latent SCM,expected_calibration_error,0.0662414904003576,0.0662414904003576,0.0,0.0662,0.0662,False
outputs_transportability/ablations/ablation_summary.csv,shift=Combined strong,method=Frozen causal latent SCM,false_atrial_renal_competing,0.3660462731272658,0.3660462731272658,0.0,36.6,36.6,False
outputs_transportability/ablations/ablation_summary.csv,shift=Combined strong,method=Frozen causal latent SCM,mean_posterior_entropy,0.4396651384470358,0.4396651384470359,1.1102230246251565e-16,,,False
outputs_transportability/ablations/ablation_summary.csv,shift=Combined strong,method=Frozen causal latent SCM,predicted_atrial_prevalence,0.574816,0.574816,0.0,57.5,57.5,False
outputs_transportability/ablations/ablation_summary.csv,shift=Combined strong,method=Modular causal latent SCM,accuracy,0.776044,0.776044,0.0,77.6,77.6,False
outputs_transportability/ablations/ablation_summary.csv,shift=Combined strong,method=Modular causal latent SCM,accuracy_any_missing,0.7456452673699306,0.7456452673699306,0.0,74.6,74.6,False
outputs_transportability/ablations/ablation_summary.csv,shift=Combined strong,method=Modular causal latent SCM,accuracy_complete_case,0.8229333182671548,0.8229333182671548,0.0,82.3,82.3,False
outputs_transportability/ablations/ablation_summary.csv,shift=Combined strong,method=Modular causal latent SCM,accuracy_electrical_missing,0.7351764837021751,0.7351764837021751,0.0,73.5,73.5,False
outputs_transportability/ablations/ablation_summary.csv,shift=Combined strong,method=Modular causal latent SCM,adjusted_rand_index,0.3048374801917559,0.3048374801917559,0.0,0.305,0.305,False
outputs_transportability/ablations/ablation_summary.csv,shift=Combined strong,method=Modular causal latent SCM,all_biomarkers_missing_rate,0.018372,0.018372,0.0,1.8,1.8,False
outputs_transportability/ablations/ablation_summary.csv,shift=Combined strong,method=Modular causal latent SCM,biomarker_missing_fraction,0.2667213333333333,0.2667213333333333,0.0,26.7,26.7,False
outputs_transportability/ablations/ablation_summary.csv,shift=Combined strong,method=Modular causal latent SCM,brier_score,0.151052991051981,0.151052991051981,0.0,0.1511,0.1511,False
outputs_transportability/ablations/ablation_summary.csv,shift=Combined strong,method=Modular causal latent SCM,expected_calibration_error,0.0416318862254229,0.0416318862254229,0.0,0.0416,0.0416,False
outputs_transportability/ablations/ablation_summary.csv,shift=Combined strong,method=Modular causal latent SCM,false_atrial_renal_competing,0.2252116179260898,0.2252116179260898,0.0,22.5,22.5,False
outputs_transportability/ablations/ablation_summary.csv,shift=Combined strong,method=Modular causal latent SCM,mean_posterior_entropy,0.4477607992486631,0.4477607992486631,0.0,,,False
outputs_transportability/ablations/ablation_summary.csv,shift=Combined strong,method=Modular causal latent SCM,predicted_atrial_prevalence,0.505626,0.505626,0.0,50.6,50.6,False
outputs_transportability/ablations/ablation_summary.csv,shift=Combined strong,method=Pooled associative latent class model,accuracy,0.7337400000000001,0.7337400000000001,0.0,73.4,73.4,False
outputs_transportability/ablations/ablation_summary.csv,shift=Combined strong,method=Pooled associative latent class model,accuracy_any_missing,0.7054842561485414,0.7054842561485414,0.0,70.5,70.5,False
outputs_transportability/ablations/ablation_summary.csv,shift=Combined strong,method=Pooled associative latent class model,accuracy_complete_case,0.7773333144773128,0.7773333144773128,0.0,77.7,77.7,False
outputs_transportability/ablations/ablation_summary.csv,shift=Combined strong,method=Pooled associative latent class model,accuracy_electrical_missing,0.6818980289337717,0.6818980289337717,0.0,68.2,68.2,False
outputs_transportability/ablations/ablation_summary.csv,shift=Combined strong,method=Pooled associative latent class model,adjusted_rand_index,0.2186659676774364,0.2186659676774364,0.0,0.219,0.219,False
outputs_transportability/ablations/ablation_summary.csv,shift=Combined strong,method=Pooled associative latent class model,all_biomarkers_missing_rate,0.018372,0.018372,0.0,1.8,1.8,False
outputs_transportability/ablations/ablation_summary.csv,shift=Combined strong,method=Pooled associative latent class model,biomarker_missing_fraction,0.2667213333333333,0.2667213333333333,0.0,26.7,26.7,False
outputs_transportability/ablations/ablation_summary.csv,shift=Combined strong,method=Pooled associative latent class model,brier_score,0.1771871091500131,0.1771871091500131,0.0,0.1772,0.1772,False
outputs_transportability/ablations/ablation_summary.csv,shift=Combined strong,method=Pooled associative latent class model,expected_calibration_error,0.071311092271392,0.071311092271392,0.0,0.0713,0.0713,False
outputs_transportability/ablations/ablation_summary.csv,shift=Combined strong,method=Pooled associative latent class model,false_atrial_renal_competing,0.4473063080834321,0.4473063080834321,0.0,44.7,44.7,False
outputs_transportability/ablations/ablation_summary.csv,shift=Combined strong,method=Pooled associative latent class model,mean_posterior_entropy,0.4507443069381789,0.4507443069381788,1.1102230246251565e-16,,,False
outputs_transportability/ablations/ablation_summary.csv,shift=Combined strong,method=Pooled associative latent class model,predicted_atrial_prevalence,0.5694940000000001,0.5694940000000001,0.0,56.9,56.9,False
outputs_transportability/ablations/ablation_summary.csv,shift=Combined strong,method=Target oracle (reference),accuracy,0.780726,0.780726,0.0,78.1,78.1,False
outputs_transportability/ablations/ablation_summary.csv,shift=Combined strong,method=Target oracle (reference),accuracy_any_missing,0.7500384161258057,0.7500384161258057,0.0,75.0,75.0,False
outputs_transportability/ablations/ablation_summary.csv,shift=Combined strong,method=Target oracle (reference),accuracy_complete_case,0.8280462513101158,0.8280462513101158,0.0,82.8,82.8,False
outputs_transportability/ablations/ablation_summary.csv,shift=Combined strong,method=Target oracle (reference),accuracy_electrical_missing,0.7396666582915528,0.7396666582915528,0.0,74.0,74.0,False
outputs_transportability/ablations/ablation_summary.csv,shift=Combined strong,method=Target oracle (reference),adjusted_rand_index,0.3151906037307782,0.3151906037307782,0.0,0.315,0.315,False
outputs_transportability/ablations/ablation_summary.csv,shift=Combined strong,method=Target oracle (reference),all_biomarkers_missing_rate,0.018372,0.018372,0.0,1.8,1.8,False
outputs_transportability/ablations/ablation_summary.csv,shift=Combined strong,method=Target oracle (reference),biomarker_missing_fraction,0.2667213333333333,0.2667213333333333,0.0,26.7,26.7,False
outputs_transportability/ablations/ablation_summary.csv,shift=Combined strong,method=Target oracle (reference),brier_score,0.1479870583170546,0.1479870583170546,0.0,0.148,0.148,False
outputs_transportability/ablations/ablation_summary.csv,shift=Combined strong,method=Target oracle (reference),expected_calibration_error,0.0294000939432229,0.0294000939432229,0.0,0.0294,0.0294,False
outputs_transportability/ablations/ablation_summary.csv,shift=Combined strong,method=Target oracle (reference),false_atrial_renal_competing,0.221518675605675,0.221518675605675,0.0,22.2,22.2,False
outputs_transportability/ablations/ablation_summary.csv,shift=Combined strong,method=Target oracle (reference),mean_posterior_entropy,0.4521448838775099,0.4521448838775099,0.0,,,False
outputs_transportability/ablations/ablation_summary.csv,shift=Combined strong,method=Target oracle (reference),predicted_atrial_prevalence,0.5100640000000001,0.5100640000000001,0.0,51.0,51.0,False
outputs_transportability/ablations/ablation_summary.csv,shift=Combined strong,method=Target-calibrated associative latent model,accuracy,0.7713900000000001,0.7713900000000001,0.0,77.1,77.1,False
outputs_transportability/ablations/ablation_summary.csv,shift=Combined strong,method=Target-calibrated associative latent model,accuracy_any_missing,0.7421916337288128,0.7421916337288128,0.0,74.2,74.2,False
outputs_transportability/ablations/ablation_summary.csv,shift=Combined strong,method=Target-calibrated associative latent model,accuracy_complete_case,0.8164431249148104,0.8164431249148104,0.0,81.6,81.6,False
outputs_transportability/ablations/ablation_summary.csv,shift=Combined strong,method=Target-calibrated associative latent model,accuracy_electrical_missing,0.7323512779481955,0.7323512779481955,0.0,73.2,73.2,False
outputs_transportability/ablations/ablation_summary.csv,shift=Combined strong,method=Target-calibrated associative latent model,adjusted_rand_index,0.294798273154327,0.294798273154327,0.0,0.295,0.295,False
outputs_transportability/ablations/ablation_summary.csv,shift=Combined strong,method=Target-calibrated associative latent model,all_biomarkers_missing_rate,0.018372,0.018372,0.0,1.8,1.8,False
outputs_transportability/ablations/ablation_summary.csv,shift=Combined strong,method=Target-calibrated associative latent model,biomarker_missing_fraction,0.2667213333333333,0.2667213333333333,0.0,26.7,26.7,False
outputs_transportability/ablations/ablation_summary.csv,shift=Combined strong,method=Target-calibrated associative latent model,brier_score,0.1541357109295727,0.1541357109295727,0.0,0.1541,0.1541,False
outputs_transportability/ablations/ablation_summary.csv,shift=Combined strong,method=Target-calibrated associative latent model,expected_calibration_error,0.0493538332533653,0.0493538332533653,0.0,0.0494,0.0494,False
outputs_transportability/ablations/ablation_summary.csv,shift=Combined strong,method=Target-calibrated associative latent model,false_atrial_renal_competing,0.2336809312482759,0.2336809312482759,0.0,23.4,23.4,False
outputs_transportability/ablations/ablation_summary.csv,shift=Combined strong,method=Target-calibrated associative latent model,mean_posterior_entropy,0.4449381431335347,0.4449381431335347,0.0,,,False
outputs_transportability/ablations/ablation_summary.csv,shift=Combined strong,method=Target-calibrated associative latent model,predicted_atrial_prevalence,0.5068919999999999,0.5068919999999999,0.0,50.7,50.7,False
outputs_transportability/ablations/ablation_summary.csv,shift=Inflammation only,method=Frozen causal latent SCM,accuracy,0.816256,0.816256,0.0,81.6,81.6,False
outputs_transportability/ablations/ablation_summary.csv,shift=Inflammation only,method=Frozen causal latent SCM,accuracy_any_missing,0.7689201036017148,0.7689201036017148,0.0,76.9,76.9,False
outputs_transportability/ablations/ablation_summary.csv,shift=Inflammation only,method=Frozen causal latent SCM,accuracy_complete_case,0.8245341860043256,0.8245341860043256,0.0,82.5,82.5,False
outputs_transportability/ablations/ablation_summary.csv,shift=Inflammation only,method=Frozen causal latent SCM,accuracy_electrical_missing,0.7711428710447069,0.7711428710447069,0.0,77.1,77.1,False
outputs_transportability/ablations/ablation_summary.csv,shift=Inflammation only,method=Frozen causal latent SCM,adjusted_rand_index,0.4000757861720431,0.4000757861720431,0.0,0.4,0.4,False
outputs_transportability/ablations/ablation_summary.csv,shift=Inflammation only,method=Frozen causal latent SCM,all_biomarkers_missing_rate,0.0001799999999999,0.0001799999999999,0.0,0.0,0.0,False
outputs_transportability/ablations/ablation_summary.csv,shift=Inflammation only,method=Frozen causal latent SCM,biomarker_missing_fraction,0.0522646666666666,0.0522646666666666,0.0,5.2,5.2,False
outputs_transportability/ablations/ablation_summary.csv,shift=Inflammation only,method=Frozen causal latent SCM,brier_score,0.1281659551451666,0.1281659551451666,0.0,0.1282,0.1282,False
outputs_transportability/ablations/ablation_summary.csv,shift=Inflammation only,method=Frozen causal latent SCM,expected_calibration_error,0.0352000360346687,0.0352000360346686,1.0408340855860843e-16,0.0352,0.0352,False
outputs_transportability/ablations/ablation_summary.csv,shift=Inflammation only,method=Frozen causal latent SCM,false_atrial_renal_competing,0.1834237456073995,0.1834237456073995,0.0,18.3,18.3,False
outputs_transportability/ablations/ablation_summary.csv,shift=Inflammation only,method=Frozen causal latent SCM,mean_posterior_entropy,0.3924321623818131,0.3924321623818131,0.0,,,False
outputs_transportability/ablations/ablation_summary.csv,shift=Inflammation only,method=Frozen causal latent SCM,predicted_atrial_prevalence,0.5023700000000001,0.5023700000000001,0.0,50.2,50.2,False
outputs_transportability/ablations/ablation_summary.csv,shift=Inflammation only,method=Modular causal latent SCM,accuracy,0.8153340000000001,0.8153340000000001,0.0,81.5,81.5,False
outputs_transportability/ablations/ablation_summary.csv,shift=Inflammation only,method=Modular causal latent SCM,accuracy_any_missing,0.7690404005294281,0.7690404005294281,0.0,76.9,76.9,False
outputs_transportability/ablations/ablation_summary.csv,shift=Inflammation only,method=Modular causal latent SCM,accuracy_complete_case,0.8234356375008028,0.8234356375008028,0.0,82.3,82.3,False
outputs_transportability/ablations/ablation_summary.csv,shift=Inflammation only,method=Modular causal latent SCM,accuracy_electrical_missing,0.7722916729120921,0.7722916729120921,0.0,77.2,77.2,False
outputs_transportability/ablations/ablation_summary.csv,shift=Inflammation only,method=Modular causal latent SCM,adjusted_rand_index,0.3977885952447542,0.3977885952447542,0.0,0.398,0.398,False
outputs_transportability/ablations/ablation_summary.csv,shift=Inflammation only,method=Modular causal latent SCM,all_biomarkers_missing_rate,0.0001799999999999,0.0001799999999999,0.0,0.0,0.0,False
outputs_transportability/ablations/ablation_summary.csv,shift=Inflammation only,method=Modular causal latent SCM,biomarker_missing_fraction,0.0522646666666666,0.0522646666666666,0.0,5.2,5.2,False
outputs_transportability/ablations/ablation_summary.csv,shift=Inflammation only,method=Modular causal latent SCM,brier_score,0.1289282020129059,0.1289282020129059,0.0,0.1289,0.1289,False
outputs_transportability/ablations/ablation_summary.csv,shift=Inflammation only,method=Modular causal latent SCM,expected_calibration_error,0.0375079123029214,0.0375079123029214,0.0,0.0375,0.0375,False
outputs_transportability/ablations/ablation_summary.csv,shift=Inflammation only,method=Modular causal latent SCM,false_atrial_renal_competing,0.1819034669428839,0.1819034669428839,0.0,18.2,18.2,False
outputs_transportability/ablations/ablation_summary.csv,shift=Inflammation only,method=Modular causal latent SCM,mean_posterior_entropy,0.3919015971199678,0.3919015971199678,0.0,,,False
outputs_transportability/ablations/ablation_summary.csv,shift=Inflammation only,method=Modular causal latent SCM,predicted_atrial_prevalence,0.5021720000000001,0.5021720000000001,0.0,50.2,50.2,False
outputs_transportability/ablations/ablation_summary.csv,shift=Inflammation only,method=Pooled associative latent class model,accuracy,0.7988860000000001,0.7988860000000001,0.0,79.9,79.9,False
outputs_transportability/ablations/ablation_summary.csv,shift=Inflammation only,method=Pooled associative latent class model,accuracy_any_missing,0.7533382406021678,0.7533382406021678,0.0,75.3,75.3,False
outputs_transportability/ablations/ablation_summary.csv,shift=Inflammation only,method=Pooled associative latent class model,accuracy_complete_case,0.8068487105285317,0.8068487105285317,0.0,80.7,80.7,False
outputs_transportability/ablations/ablation_summary.csv,shift=Inflammation only,method=Pooled associative latent class model,accuracy_electrical_missing,0.7476410890554475,0.7476410890554475,0.0,74.8,74.8,False
outputs_transportability/ablations/ablation_summary.csv,shift=Inflammation only,method=Pooled associative latent class model,adjusted_rand_index,0.3573998821558874,0.3573998821558874,0.0,0.357,0.357,False
outputs_transportability/ablations/ablation_summary.csv,shift=Inflammation only,method=Pooled associative latent class model,all_biomarkers_missing_rate,0.0001799999999999,0.0001799999999999,0.0,0.0,0.0,False
outputs_transportability/ablations/ablation_summary.csv,shift=Inflammation only,method=Pooled associative latent class model,biomarker_missing_fraction,0.0522646666666666,0.0522646666666666,0.0,5.2,5.2,False
outputs_transportability/ablations/ablation_summary.csv,shift=Inflammation only,method=Pooled associative latent class model,brier_score,0.1391333390300832,0.1391333390300832,0.0,0.1391,0.1391,False
outputs_transportability/ablations/ablation_summary.csv,shift=Inflammation only,method=Pooled associative latent class model,expected_calibration_error,0.0455850161756911,0.0455850161756911,0.0,0.0456,0.0456,False
outputs_transportability/ablations/ablation_summary.csv,shift=Inflammation only,method=Pooled associative latent class model,false_atrial_renal_competing,0.2685223213213463,0.2685223213213463,0.0,26.9,26.9,False
outputs_transportability/ablations/ablation_summary.csv,shift=Inflammation only,method=Pooled associative latent class model,mean_posterior_entropy,0.4158301243719444,0.4158301243719444,0.0,,,False
outputs_transportability/ablations/ablation_summary.csv,shift=Inflammation only,method=Pooled associative latent class model,predicted_atrial_prevalence,0.4656639999999999,0.4656639999999999,0.0,46.6,46.6,False
outputs_transportability/ablations/ablation_summary.csv,shift=Inflammation only,method=Target oracle (reference),accuracy,0.8192760000000001,0.8192760000000001,0.0,81.9,81.9,False
outputs_transportability/ablations/ablation_summary.csv,shift=Inflammation only,method=Target oracle (reference),accuracy_any_missing,0.7709837408837332,0.7709837408837332,0.0,77.1,77.1,False
outputs_transportability/ablations/ablation_summary.csv,shift=Inflammation only,method=Target oracle (reference),accuracy_complete_case,0.8277278853151278,0.8277278853151278,0.0,82.8,82.8,False
outputs_transportability/ablations/ablation_summary.csv,shift=Inflammation only,method=Target oracle (reference),accuracy_electrical_missing,0.774094433789533,0.774094433789533,0.0,77.4,77.4,False
outputs_transportability/ablations/ablation_summary.csv,shift=Inflammation only,method=Target oracle (reference),adjusted_rand_index,0.4077110053189556,0.4077110053189556,0.0,0.408,0.408,False
outputs_transportability/ablations/ablation_summary.csv,shift=Inflammation only,method=Target oracle (reference),all_biomarkers_missing_rate,0.0001799999999999,0.0001799999999999,0.0,0.0,0.0,False
outputs_transportability/ablations/ablation_summary.csv,shift=Inflammation only,method=Target oracle (reference),biomarker_missing_fraction,0.0522646666666666,0.0522646666666666,0.0,5.2,5.2,False
outputs_transportability/ablations/ablation_summary.csv,shift=Inflammation only,method=Target oracle (reference),brier_score,0.1263738560826497,0.1263738560826497,0.0,0.1264,0.1264,False
outputs_transportability/ablations/ablation_summary.csv,shift=Inflammation only,method=Target oracle (reference),expected_calibration_error,0.02804832415244,0.02804832415244,0.0,0.028,0.028,False
outputs_transportability/ablations/ablation_summary.csv,shift=Inflammation only,method=Target oracle (reference),false_atrial_renal_competing,0.1797289361228057,0.1797289361228057,0.0,18.0,18.0,False
outputs_transportability/ablations/ablation_summary.csv,shift=Inflammation only,method=Target oracle (reference),mean_posterior_entropy,0.3955314823950372,0.3955314823950372,0.0,,,False
outputs_transportability/ablations/ablation_summary.csv,shift=Inflammation only,method=Target oracle (reference),predicted_atrial_prevalence,0.5011059999999999,0.5011059999999999,0.0,50.1,50.1,False
outputs_transportability/ablations/ablation_summary.csv,shift=Inflammation only,method=Target-calibrated associative latent model,accuracy,0.81161,0.81161,0.0,81.2,81.2,False
outputs_transportability/ablations/ablation_summary.csv,shift=Inflammation only,method=Target-calibrated associative latent model,accuracy_any_missing,0.7661381477439131,0.7661381477439131,0.0,76.6,76.6,False
outputs_transportability/ablations/ablation_summary.csv,shift=Inflammation only,method=Target-calibrated associative latent model,accuracy_complete_case,0.8195619149129298,0.8195619149129298,0.0,82.0,82.0,False
outputs_transportability/ablations/ablation_summary.csv,shift=Inflammation only,method=Target-calibrated associative latent model,accuracy_electrical_missing,0.7709839447903517,0.7709839447903517,0.0,77.1,77.1,False
outputs_transportability/ablations/ablation_summary.csv,shift=Inflammation only,method=Target-calibrated associative latent model,adjusted_rand_index,0.3885499805203347,0.3885499805203347,0.0,0.389,0.389,False
outputs_transportability/ablations/ablation_summary.csv,shift=Inflammation only,method=Target-calibrated associative latent model,all_biomarkers_missing_rate,0.0001799999999999,0.0001799999999999,0.0,0.0,0.0,False
outputs_transportability/ablations/ablation_summary.csv,shift=Inflammation only,method=Target-calibrated associative latent model,biomarker_missing_fraction,0.0522646666666666,0.0522646666666666,0.0,5.2,5.2,False
outputs_transportability/ablations/ablation_summary.csv,shift=Inflammation only,method=Target-calibrated associative latent model,brier_score,0.1314331264958228,0.1314331264958228,0.0,0.1314,0.1314,False
outputs_transportability/ablations/ablation_summary.csv,shift=Inflammation only,method=Target-calibrated associative latent model,expected_calibration_error,0.0438371877471438,0.0438371877471438,0.0,0.0438,0.0438,False
outputs_transportability/ablations/ablation_summary.csv,shift=Inflammation only,method=Target-calibrated associative latent model,false_atrial_renal_competing,0.1890025710582353,0.1890025710582353,0.0,18.9,18.9,False
outputs_transportability/ablations/ablation_summary.csv,shift=Inflammation only,method=Target-calibrated associative latent model,mean_posterior_entropy,0.3899584415010924,0.3899584415010924,0.0,,,False
outputs_transportability/ablations/ablation_summary.csv,shift=Inflammation only,method=Target-calibrated associative latent model,predicted_atrial_prevalence,0.5031640000000001,0.5031640000000001,0.0,50.3,50.3,False
outputs_transportability/ablations/ablation_summary.csv,shift=Kidney only,method=Frozen causal latent SCM,accuracy,0.7988460000000001,0.7988460000000001,0.0,79.9,79.9,False
outputs_transportability/ablations/ablation_summary.csv,shift=Kidney only,method=Frozen causal latent SCM,accuracy_any_missing,0.7536645506155468,0.7536645506155468,0.0,75.4,75.4,False
outputs_transportability/ablations/ablation_summary.csv,shift=Kidney only,method=Frozen causal latent SCM,accuracy_complete_case,0.8066830346561937,0.8066830346561937,0.0,80.7,80.7,False
outputs_transportability/ablations/ablation_summary.csv,shift=Kidney only,method=Frozen causal latent SCM,accuracy_electrical_missing,0.7504779814391898,0.7504779814391898,0.0,75.0,75.0,False
outputs_transportability/ablations/ablation_summary.csv,shift=Kidney only,method=Frozen causal latent SCM,adjusted_rand_index,0.3574838838198571,0.3574838838198571,0.0,0.357,0.357,False
outputs_transportability/ablations/ablation_summary.csv,shift=Kidney only,method=Frozen causal latent SCM,all_biomarkers_missing_rate,0.000176,0.000176,0.0,0.0,0.0,False
outputs_transportability/ablations/ablation_summary.csv,shift=Kidney only,method=Frozen causal latent SCM,biomarker_missing_fraction,0.0518386666666666,0.0518386666666666,0.0,5.2,5.2,False
outputs_transportability/ablations/ablation_summary.csv,shift=Kidney only,method=Frozen causal latent SCM,brier_score,0.1402115895645733,0.1402115895645733,0.0,0.1402,0.1402,False
outputs_transportability/ablations/ablation_summary.csv,shift=Kidney only,method=Frozen causal latent SCM,expected_calibration_error,0.0731570332137551,0.0731570332137551,0.0,0.0732,0.0732,False
outputs_transportability/ablations/ablation_summary.csv,shift=Kidney only,method=Frozen causal latent SCM,false_atrial_renal_competing,0.345203086105235,0.345203086105235,0.0,34.5,34.5,False
outputs_transportability/ablations/ablation_summary.csv,shift=Kidney only,method=Frozen causal latent SCM,mean_posterior_entropy,0.3829763981315149,0.382976398131515,1.1102230246251565e-16,,,False
outputs_transportability/ablations/ablation_summary.csv,shift=Kidney only,method=Frozen causal latent SCM,predicted_atrial_prevalence,0.581288,0.581288,0.0,58.1,58.1,False
outputs_transportability/ablations/ablation_summary.csv,shift=Kidney only,method=Modular causal latent SCM,accuracy,0.814914,0.814914,0.0,81.5,81.5,False
outputs_transportability/ablations/ablation_summary.csv,shift=Kidney only,method=Modular causal latent SCM,accuracy_any_missing,0.7678098760772485,0.7678098760772485,0.0,76.8,76.8,False
outputs_transportability/ablations/ablation_summary.csv,shift=Kidney only,method=Modular causal latent SCM,accuracy_complete_case,0.8231041212913632,0.8231041212913632,0.0,82.3,82.3,False
outputs_transportability/ablations/ablation_summary.csv,shift=Kidney only,method=Modular causal latent SCM,accuracy_electrical_missing,0.7694153211458888,0.7694153211458888,0.0,76.9,76.9,False
outputs_transportability/ablations/ablation_summary.csv,shift=Kidney only,method=Modular causal latent SCM,adjusted_rand_index,0.3966902155417268,0.3966902155417268,0.0,0.397,0.397,False
outputs_transportability/ablations/ablation_summary.csv,shift=Kidney only,method=Modular causal latent SCM,all_biomarkers_missing_rate,0.000176,0.000176,0.0,0.0,0.0,False
outputs_transportability/ablations/ablation_summary.csv,shift=Kidney only,method=Modular causal latent SCM,biomarker_missing_fraction,0.0518386666666666,0.0518386666666666,0.0,5.2,5.2,False
outputs_transportability/ablations/ablation_summary.csv,shift=Kidney only,method=Modular causal latent SCM,brier_score,0.1290529729388461,0.1290529729388461,0.0,0.1291,0.1291,False
outputs_transportability/ablations/ablation_summary.csv,shift=Kidney only,method=Modular causal latent SCM,expected_calibration_error,0.0387773329661598,0.0387773329661598,0.0,0.0388,0.0388,False
outputs_transportability/ablations/ablation_summary.csv,shift=Kidney only,method=Modular causal latent SCM,false_atrial_renal_competing,0.1886802100822427,0.1886802100822427,0.0,18.9,18.9,False
outputs_transportability/ablations/ablation_summary.csv,shift=Kidney only,method=Modular causal latent SCM,mean_posterior_entropy,0.3911629741600914,0.3911629741600914,0.0,,,False
outputs_transportability/ablations/ablation_summary.csv,shift=Kidney only,method=Modular causal latent SCM,predicted_atrial_prevalence,0.503788,0.503788,0.0,50.4,50.4,False
outputs_transportability/ablations/ablation_summary.csv,shift=Kidney only,method=Pooled associative latent class model,accuracy,0.763302,0.763302,0.0,76.3,76.3,False
outputs_transportability/ablations/ablation_summary.csv,shift=Kidney only,method=Pooled associative latent class model,accuracy_any_missing,0.7236613424594459,0.7236613424594459,0.0,72.4,72.4,False
outputs_transportability/ablations/ablation_summary.csv,shift=Kidney only,method=Pooled associative latent class model,accuracy_complete_case,0.770186571125215,0.770186571125215,0.0,77.0,77.0,False
outputs_transportability/ablations/ablation_summary.csv,shift=Kidney only,method=Pooled associative latent class model,accuracy_electrical_missing,0.7056450867600864,0.7056450867600864,0.0,70.6,70.6,False
outputs_transportability/ablations/ablation_summary.csv,shift=Kidney only,method=Pooled associative latent class model,adjusted_rand_index,0.2777059718405102,0.2777059718405102,0.0,0.278,0.278,False
outputs_transportability/ablations/ablation_summary.csv,shift=Kidney only,method=Pooled associative latent class model,all_biomarkers_missing_rate,0.000176,0.000176,0.0,0.0,0.0,False
outputs_transportability/ablations/ablation_summary.csv,shift=Kidney only,method=Pooled associative latent class model,biomarker_missing_fraction,0.0518386666666666,0.0518386666666666,0.0,5.2,5.2,False
outputs_transportability/ablations/ablation_summary.csv,shift=Kidney only,method=Pooled associative latent class model,brier_score,0.1628386834144131,0.1628386834144131,0.0,0.1628,0.1628,False
outputs_transportability/ablations/ablation_summary.csv,shift=Kidney only,method=Pooled associative latent class model,expected_calibration_error,0.0981145452455976,0.0981145452455976,0.0,0.0981,0.0981,False
outputs_transportability/ablations/ablation_summary.csv,shift=Kidney only,method=Pooled associative latent class model,false_atrial_renal_competing,0.4837662179233397,0.4837662179233397,0.0,48.4,48.4,False
outputs_transportability/ablations/ablation_summary.csv,shift=Kidney only,method=Pooled associative latent class model,mean_posterior_entropy,0.3952172856622787,0.3952172856622787,0.0,,,False
outputs_transportability/ablations/ablation_summary.csv,shift=Kidney only,method=Pooled associative latent class model,predicted_atrial_prevalence,0.612632,0.612632,0.0,61.3,61.3,False
outputs_transportability/ablations/ablation_summary.csv,shift=Kidney only,method=Target oracle (reference),accuracy,0.819538,0.819538,0.0,82.0,82.0,False
outputs_transportability/ablations/ablation_summary.csv,shift=Kidney only,method=Target oracle (reference),accuracy_any_missing,0.7712777914921305,0.7712777914921305,0.0,77.1,77.1,False
outputs_transportability/ablations/ablation_summary.csv,shift=Kidney only,method=Target oracle (reference),accuracy_complete_case,0.8279198643566333,0.8279198643566333,0.0,82.8,82.8,False
outputs_transportability/ablations/ablation_summary.csv,shift=Kidney only,method=Target oracle (reference),accuracy_electrical_missing,0.7739478239466294,0.7739478239466294,0.0,77.4,77.4,False
outputs_transportability/ablations/ablation_summary.csv,shift=Kidney only,method=Target oracle (reference),adjusted_rand_index,0.4083655927044254,0.4083655927044254,0.0,0.408,0.408,False
outputs_transportability/ablations/ablation_summary.csv,shift=Kidney only,method=Target oracle (reference),all_biomarkers_missing_rate,0.000176,0.000176,0.0,0.0,0.0,False
outputs_transportability/ablations/ablation_summary.csv,shift=Kidney only,method=Target oracle (reference),biomarker_missing_fraction,0.0518386666666666,0.0518386666666666,0.0,5.2,5.2,False
outputs_transportability/ablations/ablation_summary.csv,shift=Kidney only,method=Target oracle (reference),brier_score,0.1261973258349446,0.1261973258349446,0.0,0.1262,0.1262,False
outputs_transportability/ablations/ablation_summary.csv,shift=Kidney only,method=Target oracle (reference),expected_calibration_error,0.0280707870015402,0.0280707870015402,0.0,0.0281,0.0281,False
outputs_transportability/ablations/ablation_summary.csv,shift=Kidney only,method=Target oracle (reference),false_atrial_renal_competing,0.1787354810320227,0.1787354810320227,0.0,17.9,17.9,False
outputs_transportability/ablations/ablation_summary.csv,shift=Kidney only,method=Target oracle (reference),mean_posterior_entropy,0.3948984665317475,0.3948984665317475,0.0,,,False
outputs_transportability/ablations/ablation_summary.csv,shift=Kidney only,method=Target oracle (reference),predicted_atrial_prevalence,0.50108,0.50108,0.0,50.1,50.1,False
outputs_transportability/ablations/ablation_summary.csv,shift=Kidney only,method=Target-calibrated associative latent model,accuracy,0.8108979999999999,0.8108979999999999,0.0,81.1,81.1,False
outputs_transportability/ablations/ablation_summary.csv,shift=Kidney only,method=Target-calibrated associative latent model,accuracy_any_missing,0.7648216304422638,0.7648216304422638,0.0,76.5,76.5,False
outputs_transportability/ablations/ablation_summary.csv,shift=Kidney only,method=Target-calibrated associative latent model,accuracy_complete_case,0.8189033236001804,0.8189033236001804,0.0,81.9,81.9,False
outputs_transportability/ablations/ablation_summary.csv,shift=Kidney only,method=Target-calibrated associative latent model,accuracy_electrical_missing,0.767773129072234,0.767773129072234,0.0,76.8,76.8,False
outputs_transportability/ablations/ablation_summary.csv,shift=Kidney only,method=Target-calibrated associative latent model,adjusted_rand_index,0.3868428562665097,0.3868428562665097,0.0,0.387,0.387,False
outputs_transportability/ablations/ablation_summary.csv,shift=Kidney only,method=Target-calibrated associative latent model,all_biomarkers_missing_rate,0.000176,0.000176,0.0,0.0,0.0,False
outputs_transportability/ablations/ablation_summary.csv,shift=Kidney only,method=Target-calibrated associative latent model,biomarker_missing_fraction,0.0518386666666666,0.0518386666666666,0.0,5.2,5.2,False
outputs_transportability/ablations/ablation_summary.csv,shift=Kidney only,method=Target-calibrated associative latent model,brier_score,0.1317673412850688,0.1317673412850688,0.0,0.1318,0.1318,False
outputs_transportability/ablations/ablation_summary.csv,shift=Kidney only,method=Target-calibrated associative latent model,expected_calibration_error,0.0457459629082563,0.0457459629082563,0.0,0.0457,0.0457,False
outputs_transportability/ablations/ablation_summary.csv,shift=Kidney only,method=Target-calibrated associative latent model,false_atrial_renal_competing,0.1943913746502824,0.1943913746502824,0.0,19.4,19.4,False
outputs_transportability/ablations/ablation_summary.csv,shift=Kidney only,method=Target-calibrated associative latent model,mean_posterior_entropy,0.3890697250733424,0.3890697250733424,0.0,,,False
outputs_transportability/ablations/ablation_summary.csv,shift=Kidney only,method=Target-calibrated associative latent model,predicted_atrial_prevalence,0.503988,0.503988,0.0,50.4,50.4,False
outputs_transportability/ablations/ablation_summary.csv,shift=Missingness only,method=Frozen causal latent SCM,accuracy,0.7728180000000001,0.7728180000000001,0.0,77.3,77.3,False
outputs_transportability/ablations/ablation_summary.csv,shift=Missingness only,method=Frozen causal latent SCM,accuracy_any_missing,0.7437615210330457,0.7437615210330457,0.0,74.4,74.4,False
outputs_transportability/ablations/ablation_summary.csv,shift=Missingness only,method=Frozen causal latent SCM,accuracy_complete_case,0.8248319977573026,0.8248319977573026,0.0,82.5,82.5,False
outputs_transportability/ablations/ablation_summary.csv,shift=Missingness only,method=Frozen causal latent SCM,accuracy_electrical_missing,0.730558688113115,0.730558688113115,0.0,73.1,73.1,False
outputs_transportability/ablations/ablation_summary.csv,shift=Missingness only,method=Frozen causal latent SCM,adjusted_rand_index,0.2977401149911137,0.2977401149911137,0.0,0.298,0.298,False
outputs_transportability/ablations/ablation_summary.csv,shift=Missingness only,method=Frozen causal latent SCM,all_biomarkers_missing_rate,0.02385,0.02385,0.0,2.4,2.4,False
outputs_transportability/ablations/ablation_summary.csv,shift=Missingness only,method=Frozen causal latent SCM,biomarker_missing_fraction,0.2891426666666666,0.2891426666666666,0.0,28.9,28.9,False
outputs_transportability/ablations/ablation_summary.csv,shift=Missingness only,method=Frozen causal latent SCM,brier_score,0.1522639294582189,0.1522639294582189,0.0,0.1523,0.1523,False
outputs_transportability/ablations/ablation_summary.csv,shift=Missingness only,method=Frozen causal latent SCM,expected_calibration_error,0.036795707998467,0.036795707998467,0.0,0.0368,0.0368,False
outputs_transportability/ablations/ablation_summary.csv,shift=Missingness only,method=Frozen causal latent SCM,false_atrial_renal_competing,0.2204570004301663,0.2204570004301663,0.0,22.0,22.0,False
outputs_transportability/ablations/ablation_summary.csv,shift=Missingness only,method=Frozen causal latent SCM,mean_posterior_entropy,0.4561017877115178,0.4561017877115179,5.551115123125783e-17,,,False
outputs_transportability/ablations/ablation_summary.csv,shift=Missingness only,method=Frozen causal latent SCM,predicted_atrial_prevalence,0.502764,0.502764,0.0,50.3,50.3,False
outputs_transportability/ablations/ablation_summary.csv,shift=Missingness only,method=Modular causal latent SCM,accuracy,0.771716,0.771716,0.0,77.2,77.2,False
outputs_transportability/ablations/ablation_summary.csv,shift=Missingness only,method=Modular causal latent SCM,accuracy_any_missing,0.7429291346555271,0.7429291346555271,0.0,74.3,74.3,False
outputs_transportability/ablations/ablation_summary.csv,shift=Missingness only,method=Modular causal latent SCM,accuracy_complete_case,0.823256627758859,0.823256627758859,0.0,82.3,82.3,False
outputs_transportability/ablations/ablation_summary.csv,shift=Missingness only,method=Modular causal latent SCM,accuracy_electrical_missing,0.7295448767743024,0.7295448767743024,0.0,73.0,73.0,False
outputs_transportability/ablations/ablation_summary.csv,shift=Missingness only,method=Modular causal latent SCM,adjusted_rand_index,0.295369713151245,0.295369713151245,0.0,0.295,0.295,False
outputs_transportability/ablations/ablation_summary.csv,shift=Missingness only,method=Modular causal latent SCM,all_biomarkers_missing_rate,0.02385,0.02385,0.0,2.4,2.4,False
outputs_transportability/ablations/ablation_summary.csv,shift=Missingness only,method=Modular causal latent SCM,biomarker_missing_fraction,0.2891426666666666,0.2891426666666666,0.0,28.9,28.9,False
outputs_transportability/ablations/ablation_summary.csv,shift=Missingness only,method=Modular causal latent SCM,brier_score,0.1530544775022166,0.1530544775022166,0.0,0.1531,0.1531,False
outputs_transportability/ablations/ablation_summary.csv,shift=Missingness only,method=Modular causal latent SCM,expected_calibration_error,0.0380596678829751,0.0380596678829751,0.0,0.0381,0.0381,False
outputs_transportability/ablations/ablation_summary.csv,shift=Missingness only,method=Modular causal latent SCM,false_atrial_renal_competing,0.2182518491112817,0.2182518491112817,0.0,21.8,21.8,False
outputs_transportability/ablations/ablation_summary.csv,shift=Missingness only,method=Modular causal latent SCM,mean_posterior_entropy,0.4554359750564679,0.4554359750564679,0.0,,,False
outputs_transportability/ablations/ablation_summary.csv,shift=Missingness only,method=Modular causal latent SCM,predicted_atrial_prevalence,0.50075,0.50075,0.0,50.1,50.1,False
outputs_transportability/ablations/ablation_summary.csv,shift=Missingness only,method=Pooled associative latent class model,accuracy,0.7597460000000001,0.7597460000000001,0.0,76.0,76.0,False
outputs_transportability/ablations/ablation_summary.csv,shift=Missingness only,method=Pooled associative latent class model,accuracy_any_missing,0.7316676892317471,0.7316676892317471,0.0,73.2,73.2,False
outputs_transportability/ablations/ablation_summary.csv,shift=Missingness only,method=Pooled associative latent class model,accuracy_complete_case,0.8099931092054711,0.8099931092054711,0.0,81.0,81.0,False
outputs_transportability/ablations/ablation_summary.csv,shift=Missingness only,method=Pooled associative latent class model,accuracy_electrical_missing,0.7133168598060847,0.7133168598060847,0.0,71.3,71.3,False
outputs_transportability/ablations/ablation_summary.csv,shift=Missingness only,method=Pooled associative latent class model,adjusted_rand_index,0.2699665559841875,0.2699665559841875,0.0,0.27,0.27,False
outputs_transportability/ablations/ablation_summary.csv,shift=Missingness only,method=Pooled associative latent class model,all_biomarkers_missing_rate,0.02385,0.02385,0.0,2.4,2.4,False
outputs_transportability/ablations/ablation_summary.csv,shift=Missingness only,method=Pooled associative latent class model,biomarker_missing_fraction,0.2891426666666666,0.2891426666666666,0.0,28.9,28.9,False
outputs_transportability/ablations/ablation_summary.csv,shift=Missingness only,method=Pooled associative latent class model,brier_score,0.1602367943866764,0.1602367943866764,0.0,0.1602,0.1602,False
outputs_transportability/ablations/ablation_summary.csv,shift=Missingness only,method=Pooled associative latent class model,expected_calibration_error,0.0394519790776107,0.0394519790776107,0.0,0.0395,0.0395,False
outputs_transportability/ablations/ablation_summary.csv,shift=Missingness only,method=Pooled associative latent class model,false_atrial_renal_competing,0.3364408591918333,0.3364408591918333,0.0,33.6,33.6,False
outputs_transportability/ablations/ablation_summary.csv,shift=Missingness only,method=Pooled associative latent class model,mean_posterior_entropy,0.4762819104755008,0.4762819104755008,0.0,,,False
outputs_transportability/ablations/ablation_summary.csv,shift=Missingness only,method=Pooled associative latent class model,predicted_atrial_prevalence,0.4994119999999999,0.4994119999999999,0.0,49.9,49.9,False
outputs_transportability/ablations/ablation_summary.csv,shift=Missingness only,method=Target oracle (reference),accuracy,0.775318,0.775318,0.0,77.5,77.5,False
outputs_transportability/ablations/ablation_summary.csv,shift=Missingness only,method=Target oracle (reference),accuracy_any_missing,0.7461084563891113,0.7461084563891113,0.0,74.6,74.6,False
outputs_transportability/ablations/ablation_summary.csv,shift=Missingness only,method=Target oracle (reference),accuracy_complete_case,0.8275858512566587,0.8275858512566587,0.0,82.8,82.8,False
outputs_transportability/ablations/ablation_summary.csv,shift=Missingness only,method=Target oracle (reference),accuracy_electrical_missing,0.732747654634463,0.732747654634463,0.0,73.3,73.3,False
outputs_transportability/ablations/ablation_summary.csv,shift=Missingness only,method=Target oracle (reference),adjusted_rand_index,0.3031890796175702,0.3031890796175702,0.0,0.303,0.303,False
outputs_transportability/ablations/ablation_summary.csv,shift=Missingness only,method=Target oracle (reference),all_biomarkers_missing_rate,0.02385,0.02385,0.0,2.4,2.4,False
outputs_transportability/ablations/ablation_summary.csv,shift=Missingness only,method=Target oracle (reference),biomarker_missing_fraction,0.2891426666666666,0.2891426666666666,0.0,28.9,28.9,False
outputs_transportability/ablations/ablation_summary.csv,shift=Missingness only,method=Target oracle (reference),brier_score,0.1507159225811701,0.1507159225811701,0.0,0.1507,0.1507,False
outputs_transportability/ablations/ablation_summary.csv,shift=Missingness only,method=Target oracle (reference),expected_calibration_error,0.0294373883087935,0.0294373883087935,0.0,0.0294,0.0294,False
outputs_transportability/ablations/ablation_summary.csv,shift=Missingness only,method=Target oracle (reference),false_atrial_renal_competing,0.2243923235734707,0.2243923235734707,0.0,22.4,22.4,False
outputs_transportability/ablations/ablation_summary.csv,shift=Missingness only,method=Target oracle (reference),mean_posterior_entropy,0.4591917896619436,0.4591917896619436,0.0,,,False
outputs_transportability/ablations/ablation_summary.csv,shift=Missingness only,method=Target oracle (reference),predicted_atrial_prevalence,0.5125919999999999,0.5125919999999999,0.0,51.3,51.3,False
outputs_transportability/ablations/ablation_summary.csv,shift=Missingness only,method=Target-calibrated associative latent model,accuracy,0.768842,0.768842,0.0,76.9,76.9,False
outputs_transportability/ablations/ablation_summary.csv,shift=Missingness only,method=Target-calibrated associative latent model,accuracy_any_missing,0.7407056991936367,0.7407056991936367,0.0,74.1,74.1,False
outputs_transportability/ablations/ablation_summary.csv,shift=Missingness only,method=Target-calibrated associative latent model,accuracy_complete_case,0.8192130516569043,0.8192130516569043,0.0,81.9,81.9,False
outputs_transportability/ablations/ablation_summary.csv,shift=Missingness only,method=Target-calibrated associative latent model,accuracy_electrical_missing,0.7270856777432563,0.7270856777432563,0.0,72.7,72.7,False
outputs_transportability/ablations/ablation_summary.csv,shift=Missingness only,method=Target-calibrated associative latent model,adjusted_rand_index,0.2892121336951133,0.2892121336951133,0.0,0.289,0.289,False
outputs_transportability/ablations/ablation_summary.csv,shift=Missingness only,method=Target-calibrated associative latent model,all_biomarkers_missing_rate,0.02385,0.02385,0.0,2.4,2.4,False
outputs_transportability/ablations/ablation_summary.csv,shift=Missingness only,method=Target-calibrated associative latent model,biomarker_missing_fraction,0.2891426666666666,0.2891426666666666,0.0,28.9,28.9,False
outputs_transportability/ablations/ablation_summary.csv,shift=Missingness only,method=Target-calibrated associative latent model,brier_score,0.1548432912556827,0.1548432912556827,0.0,0.1548,0.1548,False
outputs_transportability/ablations/ablation_summary.csv,shift=Missingness only,method=Target-calibrated associative latent model,expected_calibration_error,0.0413355015930764,0.0413355015930764,0.0,0.0413,0.0413,False
outputs_transportability/ablations/ablation_summary.csv,shift=Missingness only,method=Target-calibrated associative latent model,false_atrial_renal_competing,0.2233790628511741,0.2233790628511741,0.0,22.3,22.3,False
outputs_transportability/ablations/ablation_summary.csv,shift=Missingness only,method=Target-calibrated associative latent model,mean_posterior_entropy,0.4536461178790981,0.4536461178790981,0.0,,,False
outputs_transportability/ablations/ablation_summary.csv,shift=Missingness only,method=Target-calibrated associative latent model,predicted_atrial_prevalence,0.500324,0.500324,0.0,50.0,50.0,False
outputs_transportability/ablations/ablation_summary.csv,shift=No shift,method=Frozen causal latent SCM,accuracy,0.8159959999999999,0.8159959999999999,0.0,81.6,81.6,False
outputs_transportability/ablations/ablation_summary.csv,shift=No shift,method=Frozen causal latent SCM,accuracy_any_missing,0.768895708842502,0.768895708842502,0.0,76.9,76.9,False
outputs_transportability/ablations/ablation_summary.csv,shift=No shift,method=Frozen causal latent SCM,accuracy_complete_case,0.8246927818367631,0.8246927818367631,0.0,82.5,82.5,False
outputs_transportability/ablations/ablation_summary.csv,shift=No shift,method=Frozen causal latent SCM,accuracy_electrical_missing,0.7706030060042789,0.7706030060042789,0.0,77.1,77.1,False
outputs_transportability/ablations/ablation_summary.csv,shift=No shift,method=Frozen causal latent SCM,adjusted_rand_index,0.3994203463672278,0.3994203463672278,0.0,0.399,0.399,False
outputs_transportability/ablations/ablation_summary.csv,shift=No shift,method=Frozen causal latent SCM,all_biomarkers_missing_rate,0.000204,0.000204,0.0,0.0,0.0,False
outputs_transportability/ablations/ablation_summary.csv,shift=No shift,method=Frozen causal latent SCM,biomarker_missing_fraction,0.0548186666666666,0.0548186666666666,0.0,5.5,5.5,False
outputs_transportability/ablations/ablation_summary.csv,shift=No shift,method=Frozen causal latent SCM,brier_score,0.1283120742405024,0.1283120742405024,0.0,0.1283,0.1283,False
outputs_transportability/ablations/ablation_summary.csv,shift=No shift,method=Frozen causal latent SCM,expected_calibration_error,0.0352064212348848,0.0352064212348848,0.0,0.0352,0.0352,False
outputs_transportability/ablations/ablation_summary.csv,shift=No shift,method=Frozen causal latent SCM,false_atrial_renal_competing,0.1839152014619294,0.1839152014619294,0.0,18.4,18.4,False
outputs_transportability/ablations/ablation_summary.csv,shift=No shift,method=Frozen causal latent SCM,mean_posterior_entropy,0.3929665093495715,0.3929665093495715,0.0,,,False
outputs_transportability/ablations/ablation_summary.csv,shift=No shift,method=Frozen causal latent SCM,predicted_atrial_prevalence,0.50257,0.50257,0.0,50.3,50.3,False
outputs_transportability/ablations/ablation_summary.csv,shift=No shift,method=Modular causal latent SCM,accuracy,0.81521,0.81521,0.0,81.5,81.5,False
outputs_transportability/ablations/ablation_summary.csv,shift=No shift,method=Modular causal latent SCM,accuracy_any_missing,0.7688832050204504,0.7688832050204504,0.0,76.9,76.9,False
outputs_transportability/ablations/ablation_summary.csv,shift=No shift,method=Modular causal latent SCM,accuracy_complete_case,0.8237648565337954,0.8237648565337954,0.0,82.4,82.4,False
outputs_transportability/ablations/ablation_summary.csv,shift=No shift,method=Modular causal latent SCM,accuracy_electrical_missing,0.7706590010118719,0.7706590010118719,0.0,77.1,77.1,False
outputs_transportability/ablations/ablation_summary.csv,shift=No shift,method=Modular causal latent SCM,adjusted_rand_index,0.3974367559938487,0.3974367559938487,0.0,0.397,0.397,False
outputs_transportability/ablations/ablation_summary.csv,shift=No shift,method=Modular causal latent SCM,all_biomarkers_missing_rate,0.000204,0.000204,0.0,0.0,0.0,False
outputs_transportability/ablations/ablation_summary.csv,shift=No shift,method=Modular causal latent SCM,biomarker_missing_fraction,0.0548186666666666,0.0548186666666666,0.0,5.5,5.5,False
outputs_transportability/ablations/ablation_summary.csv,shift=No shift,method=Modular causal latent SCM,brier_score,0.1289720834612178,0.1289720834612178,0.0,0.129,0.129,False
outputs_transportability/ablations/ablation_summary.csv,shift=No shift,method=Modular causal latent SCM,expected_calibration_error,0.0366243378410231,0.0366243378410231,0.0,0.0366,0.0366,False
outputs_transportability/ablations/ablation_summary.csv,shift=No shift,method=Modular causal latent SCM,false_atrial_renal_competing,0.1806898199965184,0.1806898199965184,0.0,18.1,18.1,False
outputs_transportability/ablations/ablation_summary.csv,shift=No shift,method=Modular causal latent SCM,mean_posterior_entropy,0.3925283231075572,0.3925283231075572,0.0,,,False
outputs_transportability/ablations/ablation_summary.csv,shift=No shift,method=Modular causal latent SCM,predicted_atrial_prevalence,0.50048,0.50048,0.0,50.0,50.0,False
outputs_transportability/ablations/ablation_summary.csv,shift=No shift,method=Pooled associative latent class model,accuracy,0.802342,0.802342,0.0,80.2,80.2,False
outputs_transportability/ablations/ablation_summary.csv,shift=No shift,method=Pooled associative latent class model,accuracy_any_missing,0.7576726085362097,0.7576726085362097,0.0,75.8,75.8,False
outputs_transportability/ablations/ablation_summary.csv,shift=No shift,method=Pooled associative latent class model,accuracy_complete_case,0.8105934270281091,0.8105934270281091,0.0,81.1,81.1,False
outputs_transportability/ablations/ablation_summary.csv,shift=No shift,method=Pooled associative latent class model,accuracy_electrical_missing,0.7546721632664328,0.7546721632664328,0.0,75.5,75.5,False
outputs_transportability/ablations/ablation_summary.csv,shift=No shift,method=Pooled associative latent class model,adjusted_rand_index,0.3656984633452805,0.3656984633452805,0.0,0.366,0.366,False
outputs_transportability/ablations/ablation_summary.csv,shift=No shift,method=Pooled associative latent class model,all_biomarkers_missing_rate,0.000204,0.000204,0.0,0.0,0.0,False
outputs_transportability/ablations/ablation_summary.csv,shift=No shift,method=Pooled associative latent class model,biomarker_missing_fraction,0.0548186666666666,0.0548186666666666,0.0,5.5,5.5,False
outputs_transportability/ablations/ablation_summary.csv,shift=No shift,method=Pooled associative latent class model,brier_score,0.1372560655414951,0.1372560655414951,0.0,0.1373,0.1373,False
outputs_transportability/ablations/ablation_summary.csv,shift=No shift,method=Pooled associative latent class model,expected_calibration_error,0.0376676473419513,0.0376676473419513,0.0,0.0377,0.0377,False
outputs_transportability/ablations/ablation_summary.csv,shift=No shift,method=Pooled associative latent class model,false_atrial_renal_competing,0.3094053599073783,0.3094053599073783,0.0,30.9,30.9,False
outputs_transportability/ablations/ablation_summary.csv,shift=No shift,method=Pooled associative latent class model,mean_posterior_entropy,0.4177266396893023,0.4177266396893023,0.0,,,False
outputs_transportability/ablations/ablation_summary.csv,shift=No shift,method=Pooled associative latent class model,predicted_atrial_prevalence,0.4985199999999999,0.4985199999999999,0.0,49.9,49.9,False
outputs_transportability/ablations/ablation_summary.csv,shift=No shift,method=Target oracle (reference),accuracy,0.819,0.819,0.0,81.9,81.9,False
outputs_transportability/ablations/ablation_summary.csv,shift=No shift,method=Target oracle (reference),accuracy_any_missing,0.7711981709868548,0.7711981709868548,0.0,77.1,77.1,False
outputs_transportability/ablations/ablation_summary.csv,shift=No shift,method=Target oracle (reference),accuracy_complete_case,0.8278216238518348,0.8278216238518348,0.0,82.8,82.8,False
outputs_transportability/ablations/ablation_summary.csv,shift=No shift,method=Target oracle (reference),accuracy_electrical_missing,0.7733566962328002,0.7733566962328002,0.0,77.3,77.3,False
outputs_transportability/ablations/ablation_summary.csv,shift=No shift,method=Target oracle (reference),adjusted_rand_index,0.4069977263349374,0.4069977263349374,0.0,0.407,0.407,False
outputs_transportability/ablations/ablation_summary.csv,shift=No shift,method=Target oracle (reference),all_biomarkers_missing_rate,0.000204,0.000204,0.0,0.0,0.0,False
outputs_transportability/ablations/ablation_summary.csv,shift=No shift,method=Target oracle (reference),biomarker_missing_fraction,0.0548186666666666,0.0548186666666666,0.0,5.5,5.5,False
outputs_transportability/ablations/ablation_summary.csv,shift=No shift,method=Target oracle (reference),brier_score,0.1265313012620999,0.1265313012620999,0.0,0.1265,0.1265,False
outputs_transportability/ablations/ablation_summary.csv,shift=No shift,method=Target oracle (reference),expected_calibration_error,0.028127244536297,0.028127244536297,0.0,0.0281,0.0281,False
outputs_transportability/ablations/ablation_summary.csv,shift=No shift,method=Target oracle (reference),false_atrial_renal_competing,0.1801818557156041,0.1801818557156041,0.0,18.0,18.0,False
outputs_transportability/ablations/ablation_summary.csv,shift=No shift,method=Target oracle (reference),mean_posterior_entropy,0.3960448875604087,0.3960448875604087,0.0,,,False
outputs_transportability/ablations/ablation_summary.csv,shift=No shift,method=Target oracle (reference),predicted_atrial_prevalence,0.5011619999999999,0.5011619999999999,0.0,50.1,50.1,False
outputs_transportability/ablations/ablation_summary.csv,shift=No shift,method=Target-calibrated associative latent model,accuracy,0.81222,0.81222,0.0,81.2,81.2,False
outputs_transportability/ablations/ablation_summary.csv,shift=No shift,method=Target-calibrated associative latent model,accuracy_any_missing,0.7670112004542136,0.7670112004542136,0.0,76.7,76.7,False
outputs_transportability/ablations/ablation_summary.csv,shift=No shift,method=Target-calibrated associative latent model,accuracy_complete_case,0.8205669183182143,0.8205669183182143,0.0,82.1,82.1,False
outputs_transportability/ablations/ablation_summary.csv,shift=No shift,method=Target-calibrated associative latent model,accuracy_electrical_missing,0.7690391482318303,0.7690391482318303,0.0,76.9,76.9,False
outputs_transportability/ablations/ablation_summary.csv,shift=No shift,method=Target-calibrated associative latent model,adjusted_rand_index,0.3899938775887041,0.3899938775887041,0.0,0.39,0.39,False
outputs_transportability/ablations/ablation_summary.csv,shift=No shift,method=Target-calibrated associative latent model,all_biomarkers_missing_rate,0.000204,0.000204,0.0,0.0,0.0,False
outputs_transportability/ablations/ablation_summary.csv,shift=No shift,method=Target-calibrated associative latent model,biomarker_missing_fraction,0.0548186666666666,0.0548186666666666,0.0,5.5,5.5,False
outputs_transportability/ablations/ablation_summary.csv,shift=No shift,method=Target-calibrated associative latent model,brier_score,0.130932355247705,0.130932355247705,0.0,0.1309,0.1309,False
outputs_transportability/ablations/ablation_summary.csv,shift=No shift,method=Target-calibrated associative latent model,expected_calibration_error,0.0406287881057242,0.0406287881057243,1.0408340855860843e-16,0.0406,0.0406,False
outputs_transportability/ablations/ablation_summary.csv,shift=No shift,method=Target-calibrated associative latent model,false_atrial_renal_competing,0.186484335696727,0.186484335696727,0.0,18.6,18.6,False
outputs_transportability/ablations/ablation_summary.csv,shift=No shift,method=Target-calibrated associative latent model,mean_posterior_entropy,0.3909814622151349,0.3909814622151349,0.0,,,False
outputs_transportability/ablations/ablation_summary.csv,shift=No shift,method=Target-calibrated associative latent model,predicted_atrial_prevalence,0.500474,0.500474,0.0,50.0,50.0,False
outputs_transportability/ablations/paired_ablation_contrasts.csv,shift=Assay only,difference_definition=modular causal minus comparator | comparator=Frozen causal latent SCM,accuracy,-0.0007859999999999,-0.0007859999999999,0.0,-0.08,-0.08,False
outputs_transportability/ablations/paired_ablation_contrasts.csv,shift=Assay only,difference_definition=modular causal minus comparator | comparator=Frozen causal latent SCM,accuracy_any_missing,-1.2503822051506797e-05,-1.2503822051506797e-05,0.0,-0.0,-0.0,False
outputs_transportability/ablations/paired_ablation_contrasts.csv,shift=Assay only,difference_definition=modular causal minus comparator | comparator=Frozen causal latent SCM,adjusted_rand_index,-0.001983590373379,-0.001983590373379,0.0,-0.002,-0.002,False
outputs_transportability/ablations/paired_ablation_contrasts.csv,shift=Assay only,difference_definition=modular causal minus comparator | comparator=Frozen causal latent SCM,brier_score,0.0006600092207154,0.0006600092207154,0.0,0.0007,0.0007,False
outputs_transportability/ablations/paired_ablation_contrasts.csv,shift=Assay only,difference_definition=modular causal minus comparator | comparator=Frozen causal latent SCM,expected_calibration_error,0.0014179166061382,0.0014179166061382,0.0,0.0014,0.0014,False
outputs_transportability/ablations/paired_ablation_contrasts.csv,shift=Assay only,difference_definition=modular causal minus comparator | comparator=Frozen causal latent SCM,false_atrial_renal_competing,-0.0032253814654109,-0.0032253814654109,0.0,-0.32,-0.32,False
outputs_transportability/ablations/paired_ablation_contrasts.csv,shift=Assay only,difference_definition=modular causal minus comparator | comparator=Pooled associative latent class model,accuracy,0.0128679999999999,0.0128679999999999,0.0,1.29,1.29,False
outputs_transportability/ablations/paired_ablation_contrasts.csv,shift=Assay only,difference_definition=modular causal minus comparator | comparator=Pooled associative latent class model,accuracy_any_missing,0.0112105964842407,0.0112105964842407,0.0,1.12,1.12,False
outputs_transportability/ablations/paired_ablation_contrasts.csv,shift=Assay only,difference_definition=modular causal minus comparator | comparator=Pooled associative latent class model,adjusted_rand_index,0.0317382926485682,0.0317382926485682,0.0,0.032,0.032,False
outputs_transportability/ablations/paired_ablation_contrasts.csv,shift=Assay only,difference_definition=modular causal minus comparator | comparator=Pooled associative latent class model,brier_score,-0.0082839820802772,-0.0082839820802772,0.0,-0.0083,-0.0083,False
outputs_transportability/ablations/paired_ablation_contrasts.csv,shift=Assay only,difference_definition=modular causal minus comparator | comparator=Pooled associative latent class model,expected_calibration_error,-0.0010433095009282,-0.0010433095009282,0.0,-0.001,-0.001,False
outputs_transportability/ablations/paired_ablation_contrasts.csv,shift=Assay only,difference_definition=modular causal minus comparator | comparator=Pooled associative latent class model,false_atrial_renal_competing,-0.1287155399108598,-0.1287155399108598,0.0,-12.87,-12.87,False
outputs_transportability/ablations/paired_ablation_contrasts.csv,shift=Assay only,difference_definition=modular causal minus comparator | comparator=Target-calibrated associative latent model,accuracy,0.0029899999999999,0.0029899999999999,0.0,0.3,0.3,False
outputs_transportability/ablations/paired_ablation_contrasts.csv,shift=Assay only,difference_definition=modular causal minus comparator | comparator=Target-calibrated associative latent model,accuracy_any_missing,0.0018720045662369,0.0018720045662369,0.0,0.19,0.19,False
outputs_transportability/ablations/paired_ablation_contrasts.csv,shift=Assay only,difference_definition=modular causal minus comparator | comparator=Target-calibrated associative latent model,adjusted_rand_index,0.0074428784051446,0.0074428784051446,0.0,0.007,0.007,False
outputs_transportability/ablations/paired_ablation_contrasts.csv,shift=Assay only,difference_definition=modular causal minus comparator | comparator=Target-calibrated associative latent model,brier_score,-0.0019602717864872,-0.0019602717864872,0.0,-0.002,-0.002,False
outputs_transportability/ablations/paired_ablation_contrasts.csv,shift=Assay only,difference_definition=modular causal minus comparator | comparator=Target-calibrated associative latent model,expected_calibration_error,-0.0040044502647011,-0.0040044502647011,0.0,-0.004,-0.004,False
outputs_transportability/ablations/paired_ablation_contrasts.csv,shift=Assay only,difference_definition=modular causal minus comparator | comparator=Target-calibrated associative latent model,false_atrial_renal_competing,-0.0057945157002085,-0.0057945157002085,0.0,-0.58,-0.58,False
outputs_transportability/ablations/paired_ablation_contrasts.csv,shift=Combined strong,difference_definition=modular causal minus comparator | comparator=Frozen causal latent SCM,accuracy,0.01421,0.01421,0.0,1.42,1.42,False
outputs_transportability/ablations/paired_ablation_contrasts.csv,shift=Combined strong,difference_definition=modular causal minus comparator | comparator=Frozen causal latent SCM,accuracy_any_missing,0.0124547468795853,0.0124547468795853,0.0,1.25,1.25,False
outputs_transportability/ablations/paired_ablation_contrasts.csv,shift=Combined strong,difference_definition=modular causal minus comparator | comparator=Frozen causal latent SCM,adjusted_rand_index,0.0304270982291929,0.0304270982291929,0.0,0.03,0.03,False
outputs_transportability/ablations/paired_ablation_contrasts.csv,shift=Combined strong,difference_definition=modular causal minus comparator | comparator=Frozen causal latent SCM,brier_score,-0.0093021554436746,-0.0093021554436746,0.0,-0.0093,-0.0093,False
outputs_transportability/ablations/paired_ablation_contrasts.csv,shift=Combined strong,difference_definition=modular causal minus comparator | comparator=Frozen causal latent SCM,expected_calibration_error,-0.0246096041749347,-0.0246096041749347,0.0,-0.0246,-0.0246,False
outputs_transportability/ablations/paired_ablation_contrasts.csv,shift=Combined strong,difference_definition=modular causal minus comparator | comparator=Frozen causal latent SCM,false_atrial_renal_competing,-0.140834655201176,-0.140834655201176,0.0,-14.08,-14.08,False
outputs_transportability/ablations/paired_ablation_contrasts.csv,shift=Combined strong,difference_definition=modular causal minus comparator | comparator=Pooled associative latent class model,accuracy,0.042304,0.042304,0.0,4.23,4.23,False
outputs_transportability/ablations/paired_ablation_contrasts.csv,shift=Combined strong,difference_definition=modular causal minus comparator | comparator=Pooled associative latent class model,accuracy_any_missing,0.0401610112213893,0.0401610112213893,0.0,4.02,4.02,False
outputs_transportability/ablations/paired_ablation_contrasts.csv,shift=Combined strong,difference_definition=modular causal minus comparator | comparator=Pooled associative latent class model,adjusted_rand_index,0.0861715125143195,0.0861715125143195,0.0,0.086,0.086,False
outputs_transportability/ablations/paired_ablation_contrasts.csv,shift=Combined strong,difference_definition=modular causal minus comparator | comparator=Pooled associative latent class model,brier_score,-0.0261341180980321,-0.0261341180980321,0.0,-0.0261,-0.0261,False
outputs_transportability/ablations/paired_ablation_contrasts.csv,shift=Combined strong,difference_definition=modular causal minus comparator | comparator=Pooled associative latent class model,expected_calibration_error,-0.0296792060459691,-0.0296792060459691,0.0,-0.0297,-0.0297,False
outputs_transportability/ablations/paired_ablation_contrasts.csv,shift=Combined strong,difference_definition=modular causal minus comparator | comparator=Pooled associative latent class model,false_atrial_renal_competing,-0.2220946901573423,-0.2220946901573423,0.0,-22.21,-22.21,False
outputs_transportability/ablations/paired_ablation_contrasts.csv,shift=Combined strong,difference_definition=modular causal minus comparator | comparator=Target-calibrated associative latent model,accuracy,0.004654,0.004654,0.0,0.47,0.47,False
outputs_transportability/ablations/paired_ablation_contrasts.csv,shift=Combined strong,difference_definition=modular causal minus comparator | comparator=Target-calibrated associative latent model,accuracy_any_missing,0.0034536336411177,0.0034536336411177,0.0,0.35,0.35,False
outputs_transportability/ablations/paired_ablation_contrasts.csv,shift=Combined strong,difference_definition=modular causal minus comparator | comparator=Target-calibrated associative latent model,adjusted_rand_index,0.0100392070374289,0.0100392070374289,0.0,0.01,0.01,False
outputs_transportability/ablations/paired_ablation_contrasts.csv,shift=Combined strong,difference_definition=modular causal minus comparator | comparator=Target-calibrated associative latent model,brier_score,-0.0030827198775916,-0.0030827198775916,0.0,-0.0031,-0.0031,False
outputs_transportability/ablations/paired_ablation_contrasts.csv,shift=Combined strong,difference_definition=modular causal minus comparator | comparator=Target-calibrated associative latent model,expected_calibration_error,-0.0077219470279424,-0.0077219470279424,0.0,-0.0077,-0.0077,False
outputs_transportability/ablations/paired_ablation_contrasts.csv,shift=Combined strong,difference_definition=modular causal minus comparator | comparator=Target-calibrated associative latent model,false_atrial_renal_competing,-0.0084693133221861,-0.0084693133221861,0.0,-0.85,-0.85,False
outputs_transportability/ablations/paired_ablation_contrasts.csv,shift=Inflammation only,difference_definition=modular causal minus comparator | comparator=Frozen causal latent SCM,accuracy,-0.0009219999999999,-0.0009219999999999,0.0,-0.09,-0.09,False
outputs_transportability/ablations/paired_ablation_contrasts.csv,shift=Inflammation only,difference_definition=modular causal minus comparator | comparator=Frozen causal latent SCM,accuracy_any_missing,0.0001202969277133,0.0001202969277133,0.0,0.01,0.01,False
outputs_transportability/ablations/paired_ablation_contrasts.csv,shift=Inflammation only,difference_definition=modular causal minus comparator | comparator=Frozen causal latent SCM,adjusted_rand_index,-0.0022871909272889,-0.0022871909272889,0.0,-0.002,-0.002,False
outputs_transportability/ablations/paired_ablation_contrasts.csv,shift=Inflammation only,difference_definition=modular causal minus comparator | comparator=Frozen causal latent SCM,brier_score,0.0007622468677393,0.0007622468677393,0.0,0.0008,0.0008,False
outputs_transportability/ablations/paired_ablation_contrasts.csv,shift=Inflammation only,difference_definition=modular causal minus comparator | comparator=Frozen causal latent SCM,expected_calibration_error,0.0023078762682527,0.0023078762682527,0.0,0.0023,0.0023,False
outputs_transportability/ablations/paired_ablation_contrasts.csv,shift=Inflammation only,difference_definition=modular causal minus comparator | comparator=Frozen causal latent SCM,false_atrial_renal_competing,-0.0015202786645156,-0.0015202786645156,0.0,-0.15,-0.15,False
outputs_transportability/ablations/paired_ablation_contrasts.csv,shift=Inflammation only,difference_definition=modular causal minus comparator | comparator=Pooled associative latent class model,accuracy,0.0164479999999999,0.0164479999999999,0.0,1.64,1.64,False
outputs_transportability/ablations/paired_ablation_contrasts.csv,shift=Inflammation only,difference_definition=modular causal minus comparator | comparator=Pooled associative latent class model,accuracy_any_missing,0.0157021599272602,0.0157021599272602,0.0,1.57,1.57,False
outputs_transportability/ablations/paired_ablation_contrasts.csv,shift=Inflammation only,difference_definition=modular causal minus comparator | comparator=Pooled associative latent class model,adjusted_rand_index,0.0403887130888667,0.0403887130888667,0.0,0.04,0.04,False
outputs_transportability/ablations/paired_ablation_contrasts.csv,shift=Inflammation only,difference_definition=modular causal minus comparator | comparator=Pooled associative latent class model,brier_score,-0.0102051370171772,-0.0102051370171772,0.0,-0.0102,-0.0102,False
outputs_transportability/ablations/paired_ablation_contrasts.csv,shift=Inflammation only,difference_definition=modular causal minus comparator | comparator=Pooled associative latent class model,expected_calibration_error,-0.0080771038727696,-0.0080771038727696,0.0,-0.0081,-0.0081,False
outputs_transportability/ablations/paired_ablation_contrasts.csv,shift=Inflammation only,difference_definition=modular causal minus comparator | comparator=Pooled associative latent class model,false_atrial_renal_competing,-0.0866188543784623,-0.0866188543784623,0.0,-8.66,-8.66,False
outputs_transportability/ablations/paired_ablation_contrasts.csv,shift=Inflammation only,difference_definition=modular causal minus comparator | comparator=Target-calibrated associative latent model,accuracy,0.0037239999999999,0.0037239999999999,0.0,0.37,0.37,False
outputs_transportability/ablations/paired_ablation_contrasts.csv,shift=Inflammation only,difference_definition=modular causal minus comparator | comparator=Target-calibrated associative latent model,accuracy_any_missing,0.002902252785515,0.002902252785515,0.0,0.29,0.29,False
outputs_transportability/ablations/paired_ablation_contrasts.csv,shift=Inflammation only,difference_definition=modular causal minus comparator | comparator=Target-calibrated associative latent model,adjusted_rand_index,0.0092386147244195,0.0092386147244195,0.0,0.009,0.009,False
outputs_transportability/ablations/paired_ablation_contrasts.csv,shift=Inflammation only,difference_definition=modular causal minus comparator | comparator=Target-calibrated associative latent model,brier_score,-0.0025049244829169,-0.0025049244829169,0.0,-0.0025,-0.0025,False
outputs_transportability/ablations/paired_ablation_contrasts.csv,shift=Inflammation only,difference_definition=modular causal minus comparator | comparator=Target-calibrated associative latent model,expected_calibration_error,-0.0063292754442223,-0.0063292754442223,0.0,-0.0063,-0.0063,False
outputs_transportability/ablations/paired_ablation_contrasts.csv,shift=Inflammation only,difference_definition=modular causal minus comparator | comparator=Target-calibrated associative latent model,false_atrial_renal_competing,-0.0070991041153514,-0.0070991041153514,0.0,-0.71,-0.71,False
outputs_transportability/ablations/paired_ablation_contrasts.csv,shift=Kidney only,difference_definition=modular causal minus comparator | comparator=Frozen causal latent SCM,accuracy,0.0160679999999999,0.0160679999999999,0.0,1.61,1.61,False
outputs_transportability/ablations/paired_ablation_contrasts.csv,shift=Kidney only,difference_definition=modular causal minus comparator | comparator=Frozen causal latent SCM,accuracy_any_missing,0.0141453254617017,0.0141453254617017,0.0,1.41,1.41,False
outputs_transportability/ablations/paired_ablation_contrasts.csv,shift=Kidney only,difference_definition=modular causal minus comparator | comparator=Frozen causal latent SCM,adjusted_rand_index,0.0392063317218698,0.0392063317218698,0.0,0.039,0.039,False
outputs_transportability/ablations/paired_ablation_contrasts.csv,shift=Kidney only,difference_definition=modular causal minus comparator | comparator=Frozen causal latent SCM,brier_score,-0.0111586166257272,-0.0111586166257272,0.0,-0.0112,-0.0112,False
outputs_transportability/ablations/paired_ablation_contrasts.csv,shift=Kidney only,difference_definition=modular causal minus comparator | comparator=Frozen causal latent SCM,expected_calibration_error,-0.0343797002475952,-0.0343797002475952,0.0,-0.0344,-0.0344,False
outputs_transportability/ablations/paired_ablation_contrasts.csv,shift=Kidney only,difference_definition=modular causal minus comparator | comparator=Frozen causal latent SCM,false_atrial_renal_competing,-0.1565228760229922,-0.1565228760229922,0.0,-15.65,-15.65,False
outputs_transportability/ablations/paired_ablation_contrasts.csv,shift=Kidney only,difference_definition=modular causal minus comparator | comparator=Pooled associative latent class model,accuracy,0.0516119999999999,0.0516119999999999,0.0,5.16,5.16,False
outputs_transportability/ablations/paired_ablation_contrasts.csv,shift=Kidney only,difference_definition=modular causal minus comparator | comparator=Pooled associative latent class model,accuracy_any_missing,0.0441485336178027,0.0441485336178027,0.0,4.41,4.41,False
outputs_transportability/ablations/paired_ablation_contrasts.csv,shift=Kidney only,difference_definition=modular causal minus comparator | comparator=Pooled associative latent class model,adjusted_rand_index,0.1189842437012166,0.1189842437012166,0.0,0.119,0.119,False
outputs_transportability/ablations/paired_ablation_contrasts.csv,shift=Kidney only,difference_definition=modular causal minus comparator | comparator=Pooled associative latent class model,brier_score,-0.033785710475567,-0.033785710475567,0.0,-0.0338,-0.0338,False
outputs_transportability/ablations/paired_ablation_contrasts.csv,shift=Kidney only,difference_definition=modular causal minus comparator | comparator=Pooled associative latent class model,expected_calibration_error,-0.0593372122794378,-0.0593372122794378,0.0,-0.0593,-0.0593,False
outputs_transportability/ablations/paired_ablation_contrasts.csv,shift=Kidney only,difference_definition=modular causal minus comparator | comparator=Pooled associative latent class model,false_atrial_renal_competing,-0.2950860078410969,-0.2950860078410969,0.0,-29.51,-29.51,False
outputs_transportability/ablations/paired_ablation_contrasts.csv,shift=Kidney only,difference_definition=modular causal minus comparator | comparator=Target-calibrated associative latent model,accuracy,0.0040159999999999,0.0040159999999999,0.0,0.4,0.4,False
outputs_transportability/ablations/paired_ablation_contrasts.csv,shift=Kidney only,difference_definition=modular causal minus comparator | comparator=Target-calibrated associative latent model,accuracy_any_missing,0.0029882456349848,0.0029882456349848,0.0,0.3,0.3,False
outputs_transportability/ablations/paired_ablation_contrasts.csv,shift=Kidney only,difference_definition=modular causal minus comparator | comparator=Target-calibrated associative latent model,adjusted_rand_index,0.0098473592752171,0.0098473592752171,0.0,0.01,0.01,False
outputs_transportability/ablations/paired_ablation_contrasts.csv,shift=Kidney only,difference_definition=modular causal minus comparator | comparator=Target-calibrated associative latent model,brier_score,-0.0027143683462227,-0.0027143683462227,0.0,-0.0027,-0.0027,False
outputs_transportability/ablations/paired_ablation_contrasts.csv,shift=Kidney only,difference_definition=modular causal minus comparator | comparator=Target-calibrated associative latent model,expected_calibration_error,-0.0069686299420965,-0.0069686299420965,0.0,-0.007,-0.007,False
outputs_transportability/ablations/paired_ablation_contrasts.csv,shift=Kidney only,difference_definition=modular causal minus comparator | comparator=Target-calibrated associative latent model,false_atrial_renal_competing,-0.0057111645680397,-0.0057111645680397,0.0,-0.57,-0.57,False
outputs_transportability/ablations/paired_ablation_contrasts.csv,shift=Missingness only,difference_definition=modular causal minus comparator | comparator=Frozen causal latent SCM,accuracy,-0.001102,-0.001102,0.0,-0.11,-0.11,False
outputs_transportability/ablations/paired_ablation_contrasts.csv,shift=Missingness only,difference_definition=modular causal minus comparator | comparator=Frozen causal latent SCM,accuracy_any_missing,-0.0008323863775184,-0.0008323863775184,0.0,-0.08,-0.08,False
outputs_transportability/ablations/paired_ablation_contrasts.csv,shift=Missingness only,difference_definition=modular causal minus comparator | comparator=Frozen causal latent SCM,adjusted_rand_index,-0.0023704018398686,-0.0023704018398686,0.0,-0.002,-0.002,False
outputs_transportability/ablations/paired_ablation_contrasts.csv,shift=Missingness only,difference_definition=modular causal minus comparator | comparator=Frozen causal latent SCM,brier_score,0.0007905480439976,0.0007905480439976,0.0,0.0008,0.0008,False
outputs_transportability/ablations/paired_ablation_contrasts.csv,shift=Missingness only,difference_definition=modular causal minus comparator | comparator=Frozen causal latent SCM,expected_calibration_error,0.0012639598845081,0.0012639598845081,0.0,0.0013,0.0013,False
outputs_transportability/ablations/paired_ablation_contrasts.csv,shift=Missingness only,difference_definition=modular causal minus comparator | comparator=Frozen causal latent SCM,false_atrial_renal_competing,-0.0022051513188846,-0.0022051513188846,0.0,-0.22,-0.22,False
outputs_transportability/ablations/paired_ablation_contrasts.csv,shift=Missingness only,difference_definition=modular causal minus comparator | comparator=Pooled associative latent class model,accuracy,0.01197,0.01197,0.0,1.2,1.2,False
outputs_transportability/ablations/paired_ablation_contrasts.csv,shift=Missingness only,difference_definition=modular causal minus comparator | comparator=Pooled associative latent class model,accuracy_any_missing,0.0112614454237801,0.0112614454237801,0.0,1.13,1.13,False
outputs_transportability/ablations/paired_ablation_contrasts.csv,shift=Missingness only,difference_definition=modular causal minus comparator | comparator=Pooled associative latent class model,adjusted_rand_index,0.0254031571670575,0.0254031571670575,0.0,0.025,0.025,False
outputs_transportability/ablations/paired_ablation_contrasts.csv,shift=Missingness only,difference_definition=modular causal minus comparator | comparator=Pooled associative latent class model,brier_score,-0.0071823168844598,-0.0071823168844598,0.0,-0.0072,-0.0072,False
outputs_transportability/ablations/paired_ablation_contrasts.csv,shift=Missingness only,difference_definition=modular causal minus comparator | comparator=Pooled associative latent class model,expected_calibration_error,-0.0013923111946355,-0.0013923111946355,0.0,-0.0014,-0.0014,False
outputs_transportability/ablations/paired_ablation_contrasts.csv,shift=Missingness only,difference_definition=modular causal minus comparator | comparator=Pooled associative latent class model,false_atrial_renal_competing,-0.1181890100805516,-0.1181890100805516,0.0,-11.82,-11.82,False
outputs_transportability/ablations/paired_ablation_contrasts.csv,shift=Missingness only,difference_definition=modular causal minus comparator | comparator=Target-calibrated associative latent model,accuracy,0.002874,0.002874,0.0,0.29,0.29,False
outputs_transportability/ablations/paired_ablation_contrasts.csv,shift=Missingness only,difference_definition=modular causal minus comparator | comparator=Target-calibrated associative latent model,accuracy_any_missing,0.0022234354618904,0.0022234354618904,0.0,0.22,0.22,False
outputs_transportability/ablations/paired_ablation_contrasts.csv,shift=Missingness only,difference_definition=modular causal minus comparator | comparator=Target-calibrated associative latent model,adjusted_rand_index,0.0061575794561317,0.0061575794561317,0.0,0.006,0.006,False
outputs_transportability/ablations/paired_ablation_contrasts.csv,shift=Missingness only,difference_definition=modular causal minus comparator | comparator=Target-calibrated associative latent model,brier_score,-0.0017888137534661,-0.0017888137534661,0.0,-0.0018,-0.0018,False
outputs_transportability/ablations/paired_ablation_contrasts.csv,shift=Missingness only,difference_definition=modular causal minus comparator | comparator=Target-calibrated associative latent model,expected_calibration_error,-0.0032758337101013,-0.0032758337101013,0.0,-0.0033,-0.0033,False
outputs_transportability/ablations/paired_ablation_contrasts.csv,shift=Missingness only,difference_definition=modular causal minus comparator | comparator=Target-calibrated associative latent model,false_atrial_renal_competing,-0.0051272137398924,-0.0051272137398924,0.0,-0.51,-0.51,False
outputs_transportability/ablations/paired_ablation_contrasts.csv,shift=No shift,difference_definition=modular causal minus comparator | comparator=Frozen causal latent SCM,accuracy,-0.0007859999999999,-0.0007859999999999,0.0,-0.08,-0.08,False
outputs_transportability/ablations/paired_ablation_contrasts.csv,shift=No shift,difference_definition=modular causal minus comparator | comparator=Frozen causal latent SCM,accuracy_any_missing,-1.2503822051506797e-05,-1.2503822051506797e-05,0.0,-0.0,-0.0,False
outputs_transportability/ablations/paired_ablation_contrasts.csv,shift=No shift,difference_definition=modular causal minus comparator | comparator=Frozen causal latent SCM,adjusted_rand_index,-0.001983590373379,-0.001983590373379,0.0,-0.002,-0.002,False
outputs_transportability/ablations/paired_ablation_contrasts.csv,shift=No shift,difference_definition=modular causal minus comparator | comparator=Frozen causal latent SCM,brier_score,0.0006600092207154,0.0006600092207154,0.0,0.0007,0.0007,False
outputs_transportability/ablations/paired_ablation_contrasts.csv,shift=No shift,difference_definition=modular causal minus comparator | comparator=Frozen causal latent SCM,expected_calibration_error,0.0014179166061382,0.0014179166061382,0.0,0.0014,0.0014,False
outputs_transportability/ablations/paired_ablation_contrasts.csv,shift=No shift,difference_definition=modular causal minus comparator | comparator=Frozen causal latent SCM,false_atrial_renal_competing,-0.0032253814654109,-0.0032253814654109,0.0,-0.32,-0.32,False
outputs_transportability/ablations/paired_ablation_contrasts.csv,shift=No shift,difference_definition=modular causal minus comparator | comparator=Pooled associative latent class model,accuracy,0.0128679999999999,0.0128679999999999,0.0,1.29,1.29,False
outputs_transportability/ablations/paired_ablation_contrasts.csv,shift=No shift,difference_definition=modular causal minus comparator | comparator=Pooled associative latent class model,accuracy_any_missing,0.0112105964842407,0.0112105964842407,0.0,1.12,1.12,False
outputs_transportability/ablations/paired_ablation_contrasts.csv,shift=No shift,difference_definition=modular causal minus comparator | comparator=Pooled associative latent class model,adjusted_rand_index,0.0317382926485682,0.0317382926485682,0.0,0.032,0.032,False
outputs_transportability/ablations/paired_ablation_contrasts.csv,shift=No shift,difference_definition=modular causal minus comparator | comparator=Pooled associative latent class model,brier_score,-0.0082839820802772,-0.0082839820802772,0.0,-0.0083,-0.0083,False
outputs_transportability/ablations/paired_ablation_contrasts.csv,shift=No shift,difference_definition=modular causal minus comparator | comparator=Pooled associative latent class model,expected_calibration_error,-0.0010433095009282,-0.0010433095009282,0.0,-0.001,-0.001,False
outputs_transportability/ablations/paired_ablation_contrasts.csv,shift=No shift,difference_definition=modular causal minus comparator | comparator=Pooled associative latent class model,false_atrial_renal_competing,-0.1287155399108598,-0.1287155399108598,0.0,-12.87,-12.87,False
outputs_transportability/ablations/paired_ablation_contrasts.csv,shift=No shift,difference_definition=modular causal minus comparator | comparator=Target-calibrated associative latent model,accuracy,0.0029899999999999,0.0029899999999999,0.0,0.3,0.3,False
outputs_transportability/ablations/paired_ablation_contrasts.csv,shift=No shift,difference_definition=modular causal minus comparator | comparator=Target-calibrated associative latent model,accuracy_any_missing,0.0018720045662369,0.0018720045662369,0.0,0.19,0.19,False
outputs_transportability/ablations/paired_ablation_contrasts.csv,shift=No shift,difference_definition=modular causal minus comparator | comparator=Target-calibrated associative latent model,adjusted_rand_index,0.0074428784051446,0.0074428784051446,0.0,0.007,0.007,False
outputs_transportability/ablations/paired_ablation_contrasts.csv,shift=No shift,difference_definition=modular causal minus comparator | comparator=Target-calibrated associative latent model,brier_score,-0.0019602717864872,-0.0019602717864872,0.0,-0.002,-0.002,False
outputs_transportability/ablations/paired_ablation_contrasts.csv,shift=No shift,difference_definition=modular causal minus comparator | comparator=Target-calibrated associative latent model,expected_calibration_error,-0.0040044502647011,-0.0040044502647011,0.0,-0.004,-0.004,False
outputs_transportability/ablations/paired_ablation_contrasts.csv,shift=No shift,difference_definition=modular causal minus comparator | comparator=Target-calibrated associative latent model,false_atrial_renal_competing,-0.0057945157002085,-0.0057945157002085,0.0,-0.58,-0.58,False
outputs_transportability/exact_no_shift_control/paired_contrasts.csv,shift=Exact no shift,difference_definition=modular causal minus comparator | comparator=Frozen causal latent SCM,accuracy,-0.000752,-0.000752,0.0,-0.08,-0.08,False
outputs_transportability/exact_no_shift_control/paired_contrasts.csv,shift=Exact no shift,difference_definition=modular causal minus comparator | comparator=Frozen causal latent SCM,accuracy_any_missing,-0.0001058812957743,-0.0001058812957743,0.0,-0.01,-0.01,False
outputs_transportability/exact_no_shift_control/paired_contrasts.csv,shift=Exact no shift,difference_definition=modular causal minus comparator | comparator=Frozen causal latent SCM,adjusted_rand_index,-0.0019011967072644,-0.0019011967072644,0.0,-0.002,-0.002,False
outputs_transportability/exact_no_shift_control/paired_contrasts.csv,shift=Exact no shift,difference_definition=modular causal minus comparator | comparator=Frozen causal latent SCM,brier_score,0.0006491915365708,0.0006491915365708,0.0,0.0006,0.0006,False
outputs_transportability/exact_no_shift_control/paired_contrasts.csv,shift=Exact no shift,difference_definition=modular causal minus comparator | comparator=Frozen causal latent SCM,expected_calibration_error,0.0011372049581551,0.0011372049581551,0.0,0.0011,0.0011,False
outputs_transportability/exact_no_shift_control/paired_contrasts.csv,shift=Exact no shift,difference_definition=modular causal minus comparator | comparator=Frozen causal latent SCM,false_atrial_renal_competing,-0.002534351466959,-0.002534351466959,0.0,-0.25,-0.25,False
outputs_transportability/exact_no_shift_control/paired_contrasts.csv,shift=Exact no shift,difference_definition=modular causal minus comparator | comparator=Pooled associative latent class model,accuracy,0.0127359999999999,0.0127359999999999,0.0,1.27,1.27,False
outputs_transportability/exact_no_shift_control/paired_contrasts.csv,shift=Exact no shift,difference_definition=modular causal minus comparator | comparator=Pooled associative latent class model,accuracy_any_missing,0.0116963458204988,0.0116963458204988,0.0,1.17,1.17,False
outputs_transportability/exact_no_shift_control/paired_contrasts.csv,shift=Exact no shift,difference_definition=modular causal minus comparator | comparator=Pooled associative latent class model,adjusted_rand_index,0.031453898168971,0.031453898168971,0.0,0.031,0.031,False
outputs_transportability/exact_no_shift_control/paired_contrasts.csv,shift=Exact no shift,difference_definition=modular causal minus comparator | comparator=Pooled associative latent class model,brier_score,-0.0082084747639148,-0.0082084747639148,0.0,-0.0082,-0.0082,False
outputs_transportability/exact_no_shift_control/paired_contrasts.csv,shift=Exact no shift,difference_definition=modular causal minus comparator | comparator=Pooled associative latent class model,expected_calibration_error,-0.0010140171595674,-0.0010140171595674,0.0,-0.001,-0.001,False
outputs_transportability/exact_no_shift_control/paired_contrasts.csv,shift=Exact no shift,difference_definition=modular causal minus comparator | comparator=Pooled associative latent class model,false_atrial_renal_competing,-0.1296289154614358,-0.1296289154614358,0.0,-12.96,-12.96,False
outputs_transportability/exact_no_shift_control/paired_contrasts.csv,shift=Exact no shift,difference_definition=modular causal minus comparator | comparator=Target-calibrated associative latent model,accuracy,0.0028079999999999,0.0028079999999999,0.0,0.28,0.28,False
outputs_transportability/exact_no_shift_control/paired_contrasts.csv,shift=Exact no shift,difference_definition=modular causal minus comparator | comparator=Target-calibrated associative latent model,accuracy_any_missing,0.0016683185339552,0.0016683185339552,0.0,0.17,0.17,False
outputs_transportability/exact_no_shift_control/paired_contrasts.csv,shift=Exact no shift,difference_definition=modular causal minus comparator | comparator=Target-calibrated associative latent model,adjusted_rand_index,0.0069860534786686,0.0069860534786686,0.0,0.007,0.007,False
outputs_transportability/exact_no_shift_control/paired_contrasts.csv,shift=Exact no shift,difference_definition=modular causal minus comparator | comparator=Target-calibrated associative latent model,brier_score,-0.0019622083425068,-0.0019622083425068,0.0,-0.002,-0.002,False
outputs_transportability/exact_no_shift_control/paired_contrasts.csv,shift=Exact no shift,difference_definition=modular causal minus comparator | comparator=Target-calibrated associative latent model,expected_calibration_error,-0.0040793117558855,-0.0040793117558855,0.0,-0.0041,-0.0041,False
outputs_transportability/exact_no_shift_control/paired_contrasts.csv,shift=Exact no shift,difference_definition=modular causal minus comparator | comparator=Target-calibrated associative latent model,false_atrial_renal_competing,-0.0052256097866704,-0.0052256097866704,0.0,-0.52,-0.52,False
outputs_transportability/exact_no_shift_control/summary.csv,shift=Exact no shift,method=Frozen causal latent SCM,accuracy,0.81598,0.81598,0.0,81.6,81.6,False
outputs_transportability/exact_no_shift_control/summary.csv,shift=Exact no shift,method=Frozen causal latent SCM,accuracy_any_missing,0.7689910140992513,0.7689910140992513,0.0,76.9,76.9,False
outputs_transportability/exact_no_shift_control/summary.csv,shift=Exact no shift,method=Frozen causal latent SCM,accuracy_complete_case,0.8246600665012817,0.8246600665012817,0.0,82.5,82.5,False
outputs_transportability/exact_no_shift_control/summary.csv,shift=Exact no shift,method=Frozen causal latent SCM,accuracy_electrical_missing,0.770667646436234,0.770667646436234,0.0,77.1,77.1,False
outputs_transportability/exact_no_shift_control/summary.csv,shift=Exact no shift,method=Frozen causal latent SCM,adjusted_rand_index,0.3993922771070924,0.3993922771070924,0.0,0.399,0.399,False
outputs_transportability/exact_no_shift_control/summary.csv,shift=Exact no shift,method=Frozen causal latent SCM,all_biomarkers_missing_rate,0.000204,0.000204,0.0,0.0,0.0,False
outputs_transportability/exact_no_shift_control/summary.csv,shift=Exact no shift,method=Frozen causal latent SCM,biomarker_missing_fraction,0.0548186666666666,0.0548186666666666,0.0,5.5,5.5,False
outputs_transportability/exact_no_shift_control/summary.csv,shift=Exact no shift,method=Frozen causal latent SCM,brier_score,0.1283346287505485,0.1283346287505485,0.0,0.1283,0.1283,False
outputs_transportability/exact_no_shift_control/summary.csv,shift=Exact no shift,method=Frozen causal latent SCM,expected_calibration_error,0.0355064397724224,0.0355064397724224,0.0,0.0355,0.0355,False
outputs_transportability/exact_no_shift_control/summary.csv,shift=Exact no shift,method=Frozen causal latent SCM,false_atrial_renal_competing,0.1839500438705626,0.1839500438705626,0.0,18.4,18.4,False
outputs_transportability/exact_no_shift_control/summary.csv,shift=Exact no shift,method=Frozen causal latent SCM,mean_posterior_entropy,0.3929297298101467,0.3929297298101467,0.0,,,False
outputs_transportability/exact_no_shift_control/summary.csv,shift=Exact no shift,method=Frozen causal latent SCM,predicted_atrial_prevalence,0.502654,0.502654,0.0,50.3,50.3,False
outputs_transportability/exact_no_shift_control/summary.csv,shift=Exact no shift,method=Modular causal latent SCM,accuracy,0.8152280000000001,0.8152280000000001,0.0,81.5,81.5,False
outputs_transportability/exact_no_shift_control/summary.csv,shift=Exact no shift,method=Modular causal latent SCM,accuracy_any_missing,0.768885132803477,0.768885132803477,0.0,76.9,76.9,False
outputs_transportability/exact_no_shift_control/summary.csv,shift=Exact no shift,method=Modular causal latent SCM,accuracy_complete_case,0.8237838690003627,0.8237838690003627,0.0,82.4,82.4,False
outputs_transportability/exact_no_shift_control/summary.csv,shift=Exact no shift,method=Modular causal latent SCM,accuracy_electrical_missing,0.7703228428302996,0.7703228428302996,0.0,77.0,77.0,False
outputs_transportability/exact_no_shift_control/summary.csv,shift=Exact no shift,method=Modular causal latent SCM,adjusted_rand_index,0.397491080399828,0.397491080399828,0.0,0.397,0.397,False
outputs_transportability/exact_no_shift_control/summary.csv,shift=Exact no shift,method=Modular causal latent SCM,all_biomarkers_missing_rate,0.000204,0.000204,0.0,0.0,0.0,False
outputs_transportability/exact_no_shift_control/summary.csv,shift=Exact no shift,method=Modular causal latent SCM,biomarker_missing_fraction,0.0548186666666666,0.0548186666666666,0.0,5.5,5.5,False
outputs_transportability/exact_no_shift_control/summary.csv,shift=Exact no shift,method=Modular causal latent SCM,brier_score,0.1289838202871193,0.1289838202871193,0.0,0.129,0.129,False
outputs_transportability/exact_no_shift_control/summary.csv,shift=Exact no shift,method=Modular causal latent SCM,expected_calibration_error,0.0366436447305775,0.0366436447305775,0.0,0.0366,0.0366,False
outputs_transportability/exact_no_shift_control/summary.csv,shift=Exact no shift,method=Modular causal latent SCM,false_atrial_renal_competing,0.1814156924036036,0.1814156924036036,0.0,18.1,18.1,False
outputs_transportability/exact_no_shift_control/summary.csv,shift=Exact no shift,method=Modular causal latent SCM,mean_posterior_entropy,0.3924990972974636,0.3924990972974636,0.0,,,False
outputs_transportability/exact_no_shift_control/summary.csv,shift=Exact no shift,method=Modular causal latent SCM,predicted_atrial_prevalence,0.50085,0.50085,0.0,50.1,50.1,False
outputs_transportability/exact_no_shift_control/summary.csv,shift=Exact no shift,method=Pooled associative latent class model,accuracy,0.8024920000000001,0.8024920000000001,0.0,80.2,80.2,False
outputs_transportability/exact_no_shift_control/summary.csv,shift=Exact no shift,method=Pooled associative latent class model,accuracy_any_missing,0.7571887869829782,0.7571887869829782,0.0,75.7,75.7,False
outputs_transportability/exact_no_shift_control/summary.csv,shift=Exact no shift,method=Pooled associative latent class model,accuracy_complete_case,0.8108557824088536,0.8108557824088536,0.0,81.1,81.1,False
outputs_transportability/exact_no_shift_control/summary.csv,shift=Exact no shift,method=Pooled associative latent class model,accuracy_electrical_missing,0.7536173563751767,0.7536173563751767,0.0,75.4,75.4,False
outputs_transportability/exact_no_shift_control/summary.csv,shift=Exact no shift,method=Pooled associative latent class model,adjusted_rand_index,0.3660371822308568,0.3660371822308568,0.0,0.366,0.366,False
outputs_transportability/exact_no_shift_control/summary.csv,shift=Exact no shift,method=Pooled associative latent class model,all_biomarkers_missing_rate,0.000204,0.000204,0.0,0.0,0.0,False
outputs_transportability/exact_no_shift_control/summary.csv,shift=Exact no shift,method=Pooled associative latent class model,biomarker_missing_fraction,0.0548186666666666,0.0548186666666666,0.0,5.5,5.5,False
outputs_transportability/exact_no_shift_control/summary.csv,shift=Exact no shift,method=Pooled associative latent class model,brier_score,0.1371922950510341,0.1371922950510341,0.0,0.1372,0.1372,False
outputs_transportability/exact_no_shift_control/summary.csv,shift=Exact no shift,method=Pooled associative latent class model,expected_calibration_error,0.037657661890145,0.037657661890145,0.0,0.0377,0.0377,False
outputs_transportability/exact_no_shift_control/summary.csv,shift=Exact no shift,method=Pooled associative latent class model,false_atrial_renal_competing,0.3110446078650394,0.3110446078650394,0.0,31.1,31.1,False
outputs_transportability/exact_no_shift_control/summary.csv,shift=Exact no shift,method=Pooled associative latent class model,mean_posterior_entropy,0.4151920222289211,0.4151920222289211,0.0,,,False
outputs_transportability/exact_no_shift_control/summary.csv,shift=Exact no shift,method=Pooled associative latent class model,predicted_atrial_prevalence,0.498774,0.498774,0.0,49.9,49.9,False
outputs_transportability/exact_no_shift_control/summary.csv,shift=Exact no shift,method=Target oracle (reference),accuracy,0.819,0.819,0.0,81.9,81.9,False
outputs_transportability/exact_no_shift_control/summary.csv,shift=Exact no shift,method=Target oracle (reference),accuracy_any_missing,0.7711981709868548,0.7711981709868548,0.0,77.1,77.1,False
outputs_transportability/exact_no_shift_control/summary.csv,shift=Exact no shift,method=Target oracle (reference),accuracy_complete_case,0.8278216238518348,0.8278216238518348,0.0,82.8,82.8,False
outputs_transportability/exact_no_shift_control/summary.csv,shift=Exact no shift,method=Target oracle (reference),accuracy_electrical_missing,0.7733566962328002,0.7733566962328002,0.0,77.3,77.3,False
outputs_transportability/exact_no_shift_control/summary.csv,shift=Exact no shift,method=Target oracle (reference),adjusted_rand_index,0.4069977263349374,0.4069977263349374,0.0,0.407,0.407,False
outputs_transportability/exact_no_shift_control/summary.csv,shift=Exact no shift,method=Target oracle (reference),all_biomarkers_missing_rate,0.000204,0.000204,0.0,0.0,0.0,False
outputs_transportability/exact_no_shift_control/summary.csv,shift=Exact no shift,method=Target oracle (reference),biomarker_missing_fraction,0.0548186666666666,0.0548186666666666,0.0,5.5,5.5,False
outputs_transportability/exact_no_shift_control/summary.csv,shift=Exact no shift,method=Target oracle (reference),brier_score,0.1265313012620999,0.1265313012620999,0.0,0.1265,0.1265,False
outputs_transportability/exact_no_shift_control/summary.csv,shift=Exact no shift,method=Target oracle (reference),expected_calibration_error,0.028127244536297,0.028127244536297,0.0,0.0281,0.0281,False
outputs_transportability/exact_no_shift_control/summary.csv,shift=Exact no shift,method=Target oracle (reference),false_atrial_renal_competing,0.1801818557156041,0.1801818557156041,0.0,18.0,18.0,False
outputs_transportability/exact_no_shift_control/summary.csv,shift=Exact no shift,method=Target oracle (reference),mean_posterior_entropy,0.3960448875604087,0.3960448875604087,0.0,,,False
outputs_transportability/exact_no_shift_control/summary.csv,shift=Exact no shift,method=Target oracle (reference),predicted_atrial_prevalence,0.5011619999999999,0.5011619999999999,0.0,50.1,50.1,False
outputs_transportability/exact_no_shift_control/summary.csv,shift=Exact no shift,method=Target-calibrated associative latent model,accuracy,0.81242,0.81242,0.0,81.2,81.2,False
outputs_transportability/exact_no_shift_control/summary.csv,shift=Exact no shift,method=Target-calibrated associative latent model,accuracy_any_missing,0.7672168142695218,0.7672168142695218,0.0,76.7,76.7,False
outputs_transportability/exact_no_shift_control/summary.csv,shift=Exact no shift,method=Target-calibrated associative latent model,accuracy_complete_case,0.8207672724903319,0.8207672724903319,0.0,82.1,82.1,False
outputs_transportability/exact_no_shift_control/summary.csv,shift=Exact no shift,method=Target-calibrated associative latent model,accuracy_electrical_missing,0.768992727439266,0.768992727439266,0.0,76.9,76.9,False
outputs_transportability/exact_no_shift_control/summary.csv,shift=Exact no shift,method=Target-calibrated associative latent model,adjusted_rand_index,0.3905050269211593,0.3905050269211593,0.0,0.391,0.391,False
outputs_transportability/exact_no_shift_control/summary.csv,shift=Exact no shift,method=Target-calibrated associative latent model,all_biomarkers_missing_rate,0.000204,0.000204,0.0,0.0,0.0,False
outputs_transportability/exact_no_shift_control/summary.csv,shift=Exact no shift,method=Target-calibrated associative latent model,biomarker_missing_fraction,0.0548186666666666,0.0548186666666666,0.0,5.5,5.5,False
outputs_transportability/exact_no_shift_control/summary.csv,shift=Exact no shift,method=Target-calibrated associative latent model,brier_score,0.1309460286296262,0.1309460286296262,0.0,0.1309,0.1309,False
outputs_transportability/exact_no_shift_control/summary.csv,shift=Exact no shift,method=Target-calibrated associative latent model,expected_calibration_error,0.0407229564864631,0.0407229564864631,0.0,0.0407,0.0407,False
outputs_transportability/exact_no_shift_control/summary.csv,shift=Exact no shift,method=Target-calibrated associative latent model,false_atrial_renal_competing,0.1866413021902741,0.1866413021902741,0.0,18.7,18.7,False
outputs_transportability/exact_no_shift_control/summary.csv,shift=Exact no shift,method=Target-calibrated associative latent model,mean_posterior_entropy,0.3909476509834883,0.3909476509834883,0.0,,,False
outputs_transportability/exact_no_shift_control/summary.csv,shift=Exact no shift,method=Target-calibrated associative latent model,predicted_atrial_prevalence,0.50059,0.50059,0.0,50.1,50.1,False
outputs_transportability/paired_transport_contrasts.csv,shift=Mild shift,difference_definition=modular causal minus comparator | comparator=Frozen causal latent SCM,accuracy,0.0003939999999999,0.0003939999999999,0.0,0.04,0.04,False
outputs_transportability/paired_transport_contrasts.csv,shift=Mild shift,difference_definition=modular causal minus comparator | comparator=Frozen causal latent SCM,accuracy_any_missing,0.0009698662358589,0.0009698662358589,0.0,0.1,0.1,False
outputs_transportability/paired_transport_contrasts.csv,shift=Mild shift,difference_definition=modular causal minus comparator | comparator=Frozen causal latent SCM,adjusted_rand_index,0.0009921985282888,0.0009921985282888,0.0,0.001,0.001,False
outputs_transportability/paired_transport_contrasts.csv,shift=Mild shift,difference_definition=modular causal minus comparator | comparator=Frozen causal latent SCM,brier_score,-6.144080667184168e-05,-6.144080667184135e-05,3.2526065174565133e-19,-0.0001,-0.0001,False
outputs_transportability/paired_transport_contrasts.csv,shift=Mild shift,difference_definition=modular causal minus comparator | comparator=Frozen causal latent SCM,expected_calibration_error,-0.0003047680193424,-0.0003047680193424,0.0,-0.0003,-0.0003,False
outputs_transportability/paired_transport_contrasts.csv,shift=Mild shift,difference_definition=modular causal minus comparator | comparator=Frozen causal latent SCM,false_atrial_renal_competing,-0.0462231827549291,-0.0462231827549291,0.0,-4.62,-4.62,False
outputs_transportability/paired_transport_contrasts.csv,shift=Mild shift,difference_definition=modular causal minus comparator | comparator=Pooled associative latent class model,accuracy,0.0206639999999999,0.0206639999999999,0.0,2.07,2.07,False
outputs_transportability/paired_transport_contrasts.csv,shift=Mild shift,difference_definition=modular causal minus comparator | comparator=Pooled associative latent class model,accuracy_any_missing,0.0186847353455537,0.0186847353455537,0.0,1.87,1.87,False
outputs_transportability/paired_transport_contrasts.csv,shift=Mild shift,difference_definition=modular causal minus comparator | comparator=Pooled associative latent class model,adjusted_rand_index,0.0493353218135231,0.0493353218135231,0.0,0.049,0.049,False
outputs_transportability/paired_transport_contrasts.csv,shift=Mild shift,difference_definition=modular causal minus comparator | comparator=Pooled associative latent class model,brier_score,-0.0128588562274684,-0.0128588562274684,0.0,-0.0129,-0.0129,False
outputs_transportability/paired_transport_contrasts.csv,shift=Mild shift,difference_definition=modular causal minus comparator | comparator=Pooled associative latent class model,expected_calibration_error,-0.003322424096909,-0.003322424096909,0.0,-0.0033,-0.0033,False
outputs_transportability/paired_transport_contrasts.csv,shift=Mild shift,difference_definition=modular causal minus comparator | comparator=Pooled associative latent class model,false_atrial_renal_competing,-0.1649548008493863,-0.1649548008493863,0.0,-16.5,-16.5,False
outputs_transportability/paired_transport_contrasts.csv,shift=Mild shift,difference_definition=modular causal minus comparator | comparator=Target-calibrated associative latent model,accuracy,0.0032119999999999,0.0032119999999999,0.0,0.32,0.32,False
outputs_transportability/paired_transport_contrasts.csv,shift=Mild shift,difference_definition=modular causal minus comparator | comparator=Target-calibrated associative latent model,accuracy_any_missing,0.0018894512599467,0.0018894512599467,0.0,0.19,0.19,False
outputs_transportability/paired_transport_contrasts.csv,shift=Mild shift,difference_definition=modular causal minus comparator | comparator=Target-calibrated associative latent model,adjusted_rand_index,0.0078650868701511,0.0078650868701511,0.0,0.008,0.008,False
outputs_transportability/paired_transport_contrasts.csv,shift=Mild shift,difference_definition=modular causal minus comparator | comparator=Target-calibrated associative latent model,brier_score,-0.0021541418223409,-0.0021541418223409,0.0,-0.0022,-0.0022,False
outputs_transportability/paired_transport_contrasts.csv,shift=Mild shift,difference_definition=modular causal minus comparator | comparator=Target-calibrated associative latent model,expected_calibration_error,-0.0047046721055309,-0.0047046721055309,0.0,-0.0047,-0.0047,False
outputs_transportability/paired_transport_contrasts.csv,shift=Mild shift,difference_definition=modular causal minus comparator | comparator=Target-calibrated associative latent model,false_atrial_renal_competing,-0.0037883133286218,-0.0037883133286218,0.0,-0.38,-0.38,False
outputs_transportability/paired_transport_contrasts.csv,shift=Moderate shift,difference_definition=modular causal minus comparator | comparator=Frozen causal latent SCM,accuracy,0.00413,0.00413,0.0,0.41,0.41,False
outputs_transportability/paired_transport_contrasts.csv,shift=Moderate shift,difference_definition=modular causal minus comparator | comparator=Frozen causal latent SCM,accuracy_any_missing,0.0035884257311223,0.0035884257311223,0.0,0.36,0.36,False
outputs_transportability/paired_transport_contrasts.csv,shift=Moderate shift,difference_definition=modular causal minus comparator | comparator=Frozen causal latent SCM,adjusted_rand_index,0.009660734470234,0.009660734470234,0.0,0.01,0.01,False
outputs_transportability/paired_transport_contrasts.csv,shift=Moderate shift,difference_definition=modular causal minus comparator | comparator=Frozen causal latent SCM,brier_score,-0.0028056972435379,-0.0028056972435379,0.0,-0.0028,-0.0028,False
outputs_transportability/paired_transport_contrasts.csv,shift=Moderate shift,difference_definition=modular causal minus comparator | comparator=Frozen causal latent SCM,expected_calibration_error,-0.0070631060922138,-0.0070631060922138,0.0,-0.0071,-0.0071,False
outputs_transportability/paired_transport_contrasts.csv,shift=Moderate shift,difference_definition=modular causal minus comparator | comparator=Frozen causal latent SCM,false_atrial_renal_competing,-0.0935797697615329,-0.0935797697615329,0.0,-9.36,-9.36,False
outputs_transportability/paired_transport_contrasts.csv,shift=Moderate shift,difference_definition=modular causal minus comparator | comparator=Pooled associative latent class model,accuracy,0.029324,0.029324,0.0,2.93,2.93,False
outputs_transportability/paired_transport_contrasts.csv,shift=Moderate shift,difference_definition=modular causal minus comparator | comparator=Pooled associative latent class model,accuracy_any_missing,0.0272751189566554,0.0272751189566554,0.0,2.73,2.73,False
outputs_transportability/paired_transport_contrasts.csv,shift=Moderate shift,difference_definition=modular causal minus comparator | comparator=Pooled associative latent class model,adjusted_rand_index,0.0658914074019067,0.0658914074019067,0.0,0.066,0.066,False
outputs_transportability/paired_transport_contrasts.csv,shift=Moderate shift,difference_definition=modular causal minus comparator | comparator=Pooled associative latent class model,brier_score,-0.018351236908913,-0.018351236908913,0.0,-0.0184,-0.0184,False
outputs_transportability/paired_transport_contrasts.csv,shift=Moderate shift,difference_definition=modular causal minus comparator | comparator=Pooled associative latent class model,expected_calibration_error,-0.0123385464312259,-0.012338546431226,1.0061396160665481e-16,-0.0123,-0.0123,False
outputs_transportability/paired_transport_contrasts.csv,shift=Moderate shift,difference_definition=modular causal minus comparator | comparator=Pooled associative latent class model,false_atrial_renal_competing,-0.1972325396027216,-0.1972325396027216,0.0,-19.72,-19.72,False
outputs_transportability/paired_transport_contrasts.csv,shift=Moderate shift,difference_definition=modular causal minus comparator | comparator=Target-calibrated associative latent model,accuracy,0.004082,0.004082,0.0,0.41,0.41,False
outputs_transportability/paired_transport_contrasts.csv,shift=Moderate shift,difference_definition=modular causal minus comparator | comparator=Target-calibrated associative latent model,accuracy_any_missing,0.002902186655065,0.002902186655065,0.0,0.29,0.29,False
outputs_transportability/paired_transport_contrasts.csv,shift=Moderate shift,difference_definition=modular causal minus comparator | comparator=Target-calibrated associative latent model,adjusted_rand_index,0.0094557580863921,0.0094557580863921,0.0,0.009,0.009,False
outputs_transportability/paired_transport_contrasts.csv,shift=Moderate shift,difference_definition=modular causal minus comparator | comparator=Target-calibrated associative latent model,brier_score,-0.0027961742169979,-0.0027961742169979,0.0,-0.0028,-0.0028,False
outputs_transportability/paired_transport_contrasts.csv,shift=Moderate shift,difference_definition=modular causal minus comparator | comparator=Target-calibrated associative latent model,expected_calibration_error,-0.0074772846617354,-0.0074772846617354,0.0,-0.0075,-0.0075,False
outputs_transportability/paired_transport_contrasts.csv,shift=Moderate shift,difference_definition=modular causal minus comparator | comparator=Target-calibrated associative latent model,false_atrial_renal_competing,-0.0048554697558508,-0.0048554697558508,0.0,-0.49,-0.49,False
outputs_transportability/paired_transport_contrasts.csv,shift=No shift,difference_definition=modular causal minus comparator | comparator=Frozen causal latent SCM,accuracy,-0.0007859999999999,-0.0007859999999999,0.0,-0.08,-0.08,False
outputs_transportability/paired_transport_contrasts.csv,shift=No shift,difference_definition=modular causal minus comparator | comparator=Frozen causal latent SCM,accuracy_any_missing,-1.2503822051506797e-05,-1.2503822051506797e-05,0.0,-0.0,-0.0,False
outputs_transportability/paired_transport_contrasts.csv,shift=No shift,difference_definition=modular causal minus comparator | comparator=Frozen causal latent SCM,adjusted_rand_index,-0.001983590373379,-0.001983590373379,0.0,-0.002,-0.002,False
outputs_transportability/paired_transport_contrasts.csv,shift=No shift,difference_definition=modular causal minus comparator | comparator=Frozen causal latent SCM,brier_score,0.0006600092207154,0.0006600092207154,0.0,0.0007,0.0007,False
outputs_transportability/paired_transport_contrasts.csv,shift=No shift,difference_definition=modular causal minus comparator | comparator=Frozen causal latent SCM,expected_calibration_error,0.0014179166061382,0.0014179166061382,0.0,0.0014,0.0014,False
outputs_transportability/paired_transport_contrasts.csv,shift=No shift,difference_definition=modular causal minus comparator | comparator=Frozen causal latent SCM,false_atrial_renal_competing,-0.0032253814654109,-0.0032253814654109,0.0,-0.32,-0.32,False
outputs_transportability/paired_transport_contrasts.csv,shift=No shift,difference_definition=modular causal minus comparator | comparator=Pooled associative latent class model,accuracy,0.0128679999999999,0.0128679999999999,0.0,1.29,1.29,False
outputs_transportability/paired_transport_contrasts.csv,shift=No shift,difference_definition=modular causal minus comparator | comparator=Pooled associative latent class model,accuracy_any_missing,0.0112105964842407,0.0112105964842407,0.0,1.12,1.12,False
outputs_transportability/paired_transport_contrasts.csv,shift=No shift,difference_definition=modular causal minus comparator | comparator=Pooled associative latent class model,adjusted_rand_index,0.0317382926485682,0.0317382926485682,0.0,0.032,0.032,False
outputs_transportability/paired_transport_contrasts.csv,shift=No shift,difference_definition=modular causal minus comparator | comparator=Pooled associative latent class model,brier_score,-0.0082839820802772,-0.0082839820802772,0.0,-0.0083,-0.0083,False
outputs_transportability/paired_transport_contrasts.csv,shift=No shift,difference_definition=modular causal minus comparator | comparator=Pooled associative latent class model,expected_calibration_error,-0.0010433095009282,-0.0010433095009282,0.0,-0.001,-0.001,False
outputs_transportability/paired_transport_contrasts.csv,shift=No shift,difference_definition=modular causal minus comparator | comparator=Pooled associative latent class model,false_atrial_renal_competing,-0.1287155399108598,-0.1287155399108598,0.0,-12.87,-12.87,False
outputs_transportability/paired_transport_contrasts.csv,shift=No shift,difference_definition=modular causal minus comparator | comparator=Target-calibrated associative latent model,accuracy,0.0029899999999999,0.0029899999999999,0.0,0.3,0.3,False
outputs_transportability/paired_transport_contrasts.csv,shift=No shift,difference_definition=modular causal minus comparator | comparator=Target-calibrated associative latent model,accuracy_any_missing,0.0018720045662369,0.0018720045662369,0.0,0.19,0.19,False
outputs_transportability/paired_transport_contrasts.csv,shift=No shift,difference_definition=modular causal minus comparator | comparator=Target-calibrated associative latent model,adjusted_rand_index,0.0074428784051446,0.0074428784051446,0.0,0.007,0.007,False
outputs_transportability/paired_transport_contrasts.csv,shift=No shift,difference_definition=modular causal minus comparator | comparator=Target-calibrated associative latent model,brier_score,-0.0019602717864872,-0.0019602717864872,0.0,-0.002,-0.002,False
outputs_transportability/paired_transport_contrasts.csv,shift=No shift,difference_definition=modular causal minus comparator | comparator=Target-calibrated associative latent model,expected_calibration_error,-0.0040044502647011,-0.0040044502647011,0.0,-0.004,-0.004,False
outputs_transportability/paired_transport_contrasts.csv,shift=No shift,difference_definition=modular causal minus comparator | comparator=Target-calibrated associative latent model,false_atrial_renal_competing,-0.0057945157002085,-0.0057945157002085,0.0,-0.58,-0.58,False
outputs_transportability/paired_transport_contrasts.csv,shift=Strong shift,difference_definition=modular causal minus comparator | comparator=Frozen causal latent SCM,accuracy,0.01421,0.01421,0.0,1.42,1.42,False
outputs_transportability/paired_transport_contrasts.csv,shift=Strong shift,difference_definition=modular causal minus comparator | comparator=Frozen causal latent SCM,accuracy_any_missing,0.0124547468795853,0.0124547468795853,0.0,1.25,1.25,False
outputs_transportability/paired_transport_contrasts.csv,shift=Strong shift,difference_definition=modular causal minus comparator | comparator=Frozen causal latent SCM,adjusted_rand_index,0.0304270982291929,0.0304270982291929,0.0,0.03,0.03,False
outputs_transportability/paired_transport_contrasts.csv,shift=Strong shift,difference_definition=modular causal minus comparator | comparator=Frozen causal latent SCM,brier_score,-0.0093021554436746,-0.0093021554436746,0.0,-0.0093,-0.0093,False
outputs_transportability/paired_transport_contrasts.csv,shift=Strong shift,difference_definition=modular causal minus comparator | comparator=Frozen causal latent SCM,expected_calibration_error,-0.0246096041749347,-0.0246096041749347,0.0,-0.0246,-0.0246,False
outputs_transportability/paired_transport_contrasts.csv,shift=Strong shift,difference_definition=modular causal minus comparator | comparator=Frozen causal latent SCM,false_atrial_renal_competing,-0.140834655201176,-0.140834655201176,0.0,-14.08,-14.08,False
outputs_transportability/paired_transport_contrasts.csv,shift=Strong shift,difference_definition=modular causal minus comparator | comparator=Pooled associative latent class model,accuracy,0.042304,0.042304,0.0,4.23,4.23,False
outputs_transportability/paired_transport_contrasts.csv,shift=Strong shift,difference_definition=modular causal minus comparator | comparator=Pooled associative latent class model,accuracy_any_missing,0.0401610112213893,0.0401610112213893,0.0,4.02,4.02,False
outputs_transportability/paired_transport_contrasts.csv,shift=Strong shift,difference_definition=modular causal minus comparator | comparator=Pooled associative latent class model,adjusted_rand_index,0.0861715125143195,0.0861715125143195,0.0,0.086,0.086,False
outputs_transportability/paired_transport_contrasts.csv,shift=Strong shift,difference_definition=modular causal minus comparator | comparator=Pooled associative latent class model,brier_score,-0.0261341180980321,-0.0261341180980321,0.0,-0.0261,-0.0261,False
outputs_transportability/paired_transport_contrasts.csv,shift=Strong shift,difference_definition=modular causal minus comparator | comparator=Pooled associative latent class model,expected_calibration_error,-0.0296792060459691,-0.0296792060459691,0.0,-0.0297,-0.0297,False
outputs_transportability/paired_transport_contrasts.csv,shift=Strong shift,difference_definition=modular causal minus comparator | comparator=Pooled associative latent class model,false_atrial_renal_competing,-0.2220946901573423,-0.2220946901573423,0.0,-22.21,-22.21,False
outputs_transportability/paired_transport_contrasts.csv,shift=Strong shift,difference_definition=modular causal minus comparator | comparator=Target-calibrated associative latent model,accuracy,0.004654,0.004654,0.0,0.47,0.47,False
outputs_transportability/paired_transport_contrasts.csv,shift=Strong shift,difference_definition=modular causal minus comparator | comparator=Target-calibrated associative latent model,accuracy_any_missing,0.0034536336411177,0.0034536336411177,0.0,0.35,0.35,False
outputs_transportability/paired_transport_contrasts.csv,shift=Strong shift,difference_definition=modular causal minus comparator | comparator=Target-calibrated associative latent model,adjusted_rand_index,0.0100392070374289,0.0100392070374289,0.0,0.01,0.01,False
outputs_transportability/paired_transport_contrasts.csv,shift=Strong shift,difference_definition=modular causal minus comparator | comparator=Target-calibrated associative latent model,brier_score,-0.0030827198775916,-0.0030827198775916,0.0,-0.0031,-0.0031,False
outputs_transportability/paired_transport_contrasts.csv,shift=Strong shift,difference_definition=modular causal minus comparator | comparator=Target-calibrated associative latent model,expected_calibration_error,-0.0077219470279424,-0.0077219470279424,0.0,-0.0077,-0.0077,False
outputs_transportability/paired_transport_contrasts.csv,shift=Strong shift,difference_definition=modular causal minus comparator | comparator=Target-calibrated associative latent model,false_atrial_renal_competing,-0.0084693133221861,-0.0084693133221861,0.0,-0.85,-0.85,False
outputs_transportability/transport_degradation.csv,overall,method=Frozen causal latent SCM,accuracy,-0.0541619999999999,-0.0541619999999999,0.0,-5.42,-5.42,False
outputs_transportability/transport_degradation.csv,overall,method=Modular causal latent SCM,accuracy,-0.0391659999999999,-0.0391659999999999,0.0,-3.92,-3.92,False
outputs_transportability/transport_degradation.csv,overall,method=Pooled associative latent class model,accuracy,-0.068602,-0.068602,0.0,-6.86,-6.86,False
outputs_transportability/transport_degradation.csv,overall,method=Target oracle (reference),accuracy,-0.0382739999999999,-0.0382739999999999,0.0,-3.83,-3.83,False
outputs_transportability/transport_degradation.csv,overall,method=Target-calibrated associative latent model,accuracy,-0.0408299999999999,-0.0408299999999999,0.0,-4.08,-4.08,False
outputs_transportability/transport_summary.csv,shift=Mild shift,method=Frozen causal latent SCM,accuracy,0.8086279999999999,0.8086279999999999,0.0,80.9,80.9,False
outputs_transportability/transport_summary.csv,shift=Mild shift,method=Frozen causal latent SCM,accuracy_any_missing,0.7659739250113343,0.7659739250113343,0.0,76.6,76.6,False
outputs_transportability/transport_summary.csv,shift=Mild shift,method=Frozen causal latent SCM,accuracy_complete_case,0.8235415541255107,0.8235415541255107,0.0,82.4,82.4,False
outputs_transportability/transport_summary.csv,shift=Mild shift,method=Frozen causal latent SCM,accuracy_electrical_missing,0.7670533480064583,0.7670533480064583,0.0,76.7,76.7,False
outputs_transportability/transport_summary.csv,shift=Mild shift,method=Frozen causal latent SCM,adjusted_rand_index,0.3810237864779741,0.3810237864779741,0.0,0.381,0.381,False
outputs_transportability/transport_summary.csv,shift=Mild shift,method=Frozen causal latent SCM,all_biomarkers_missing_rate,0.000924,0.000924,0.0,0.1,0.1,False
outputs_transportability/transport_summary.csv,shift=Mild shift,method=Frozen causal latent SCM,biomarker_missing_fraction,0.0949606666666666,0.0949606666666666,0.0,9.5,9.5,False
outputs_transportability/transport_summary.csv,shift=Mild shift,method=Frozen causal latent SCM,brier_score,0.1327653943190734,0.1327653943190734,0.0,0.1328,0.1328,False
outputs_transportability/transport_summary.csv,shift=Mild shift,method=Frozen causal latent SCM,expected_calibration_error,0.0378735125410254,0.0378735125410253,1.0408340855860843e-16,0.0379,0.0379,False
outputs_transportability/transport_summary.csv,shift=Mild shift,method=Frozen causal latent SCM,false_atrial_renal_competing,0.2344225311725725,0.2344225311725725,0.0,23.4,23.4,False
outputs_transportability/transport_summary.csv,shift=Mild shift,method=Frozen causal latent SCM,mean_posterior_entropy,0.4022815946106297,0.4022815946106297,0.0,,,False
outputs_transportability/transport_summary.csv,shift=Mild shift,method=Frozen causal latent SCM,predicted_atrial_prevalence,0.518826,0.518826,0.0,51.9,51.9,False
outputs_transportability/transport_summary.csv,shift=Mild shift,method=Modular causal latent SCM,accuracy,0.8090219999999999,0.8090219999999999,0.0,80.9,80.9,False
outputs_transportability/transport_summary.csv,shift=Mild shift,method=Modular causal latent SCM,accuracy_any_missing,0.7669437912471933,0.7669437912471933,0.0,76.7,76.7,False
outputs_transportability/transport_summary.csv,shift=Mild shift,method=Modular causal latent SCM,accuracy_complete_case,0.8237328744387672,0.8237328744387672,0.0,82.4,82.4,False
outputs_transportability/transport_summary.csv,shift=Mild shift,method=Modular causal latent SCM,accuracy_electrical_missing,0.7691268495987322,0.7691268495987322,0.0,76.9,76.9,False
outputs_transportability/transport_summary.csv,shift=Mild shift,method=Modular causal latent SCM,adjusted_rand_index,0.3820159850062629,0.3820159850062629,0.0,0.382,0.382,False
outputs_transportability/transport_summary.csv,shift=Mild shift,method=Modular causal latent SCM,all_biomarkers_missing_rate,0.000924,0.000924,0.0,0.1,0.1,False
outputs_transportability/transport_summary.csv,shift=Mild shift,method=Modular causal latent SCM,biomarker_missing_fraction,0.0949606666666666,0.0949606666666666,0.0,9.5,9.5,False
outputs_transportability/transport_summary.csv,shift=Mild shift,method=Modular causal latent SCM,brier_score,0.1327039535124015,0.1327039535124015,0.0,0.1327,0.1327,False
outputs_transportability/transport_summary.csv,shift=Mild shift,method=Modular causal latent SCM,expected_calibration_error,0.037568744521683,0.037568744521683,0.0,0.0376,0.0376,False
outputs_transportability/transport_summary.csv,shift=Mild shift,method=Modular causal latent SCM,false_atrial_renal_competing,0.1881993484176434,0.1881993484176434,0.0,18.8,18.8,False
outputs_transportability/transport_summary.csv,shift=Mild shift,method=Modular causal latent SCM,mean_posterior_entropy,0.4023829900516824,0.4023829900516824,0.0,,,False
outputs_transportability/transport_summary.csv,shift=Mild shift,method=Modular causal latent SCM,predicted_atrial_prevalence,0.50046,0.50046,0.0,50.0,50.0,False
outputs_transportability/transport_summary.csv,shift=Mild shift,method=Pooled associative latent class model,accuracy,0.7883579999999999,0.7883579999999999,0.0,78.8,78.8,False
outputs_transportability/transport_summary.csv,shift=Mild shift,method=Pooled associative latent class model,accuracy_any_missing,0.7482590559016397,0.7482590559016397,0.0,74.8,74.8,False
outputs_transportability/transport_summary.csv,shift=Mild shift,method=Pooled associative latent class model,accuracy_complete_case,0.8023865286794251,0.8023865286794251,0.0,80.2,80.2,False
outputs_transportability/transport_summary.csv,shift=Mild shift,method=Pooled associative latent class model,accuracy_electrical_missing,0.7419526038268632,0.7419526038268632,0.0,74.2,74.2,False
outputs_transportability/transport_summary.csv,shift=Mild shift,method=Pooled associative latent class model,adjusted_rand_index,0.3326806631927397,0.3326806631927397,0.0,0.333,0.333,False
outputs_transportability/transport_summary.csv,shift=Mild shift,method=Pooled associative latent class model,all_biomarkers_missing_rate,0.000924,0.000924,0.0,0.1,0.1,False
outputs_transportability/transport_summary.csv,shift=Mild shift,method=Pooled associative latent class model,biomarker_missing_fraction,0.0949606666666666,0.0949606666666666,0.0,9.5,9.5,False
outputs_transportability/transport_summary.csv,shift=Mild shift,method=Pooled associative latent class model,brier_score,0.14556280973987,0.14556280973987,0.0,0.1456,0.1456,False
outputs_transportability/transport_summary.csv,shift=Mild shift,method=Pooled associative latent class model,expected_calibration_error,0.040891168618592,0.040891168618592,0.0,0.0409,0.0409,False
outputs_transportability/transport_summary.csv,shift=Mild shift,method=Pooled associative latent class model,false_atrial_renal_competing,0.3531541492670298,0.3531541492670298,0.0,35.3,35.3,False
outputs_transportability/transport_summary.csv,shift=Mild shift,method=Pooled associative latent class model,mean_posterior_entropy,0.4232081202612018,0.4232081202612018,0.0,,,False
outputs_transportability/transport_summary.csv,shift=Mild shift,method=Pooled associative latent class model,predicted_atrial_prevalence,0.5177759999999999,0.5177759999999999,0.0,51.8,51.8,False
outputs_transportability/transport_summary.csv,shift=Mild shift,method=Target oracle (reference),accuracy,0.813058,0.813058,0.0,81.3,81.3,False
outputs_transportability/transport_summary.csv,shift=Mild shift,method=Target oracle (reference),accuracy_any_missing,0.7705754150287938,0.7705754150287938,0.0,77.1,77.1,False
outputs_transportability/transport_summary.csv,shift=Mild shift,method=Target oracle (reference),accuracy_complete_case,0.8279204025616567,0.8279204025616567,0.0,82.8,82.8,False
outputs_transportability/transport_summary.csv,shift=Mild shift,method=Target oracle (reference),accuracy_electrical_missing,0.7736296066481932,0.7736296066481932,0.0,77.4,77.4,False
outputs_transportability/transport_summary.csv,shift=Mild shift,method=Target oracle (reference),adjusted_rand_index,0.3919931542573878,0.3919931542573878,0.0,0.392,0.392,False
outputs_transportability/transport_summary.csv,shift=Mild shift,method=Target oracle (reference),all_biomarkers_missing_rate,0.000924,0.000924,0.0,0.1,0.1,False
outputs_transportability/transport_summary.csv,shift=Mild shift,method=Target oracle (reference),biomarker_missing_fraction,0.0949606666666666,0.0949606666666666,0.0,9.5,9.5,False
outputs_transportability/transport_summary.csv,shift=Mild shift,method=Target oracle (reference),brier_score,0.1302005039850632,0.1302005039850632,0.0,0.1302,0.1302,False
outputs_transportability/transport_summary.csv,shift=Mild shift,method=Target oracle (reference),expected_calibration_error,0.0285752214735515,0.0285752214735515,0.0,0.0286,0.0286,False
outputs_transportability/transport_summary.csv,shift=Mild shift,method=Target oracle (reference),false_atrial_renal_competing,0.186018224086656,0.186018224086656,0.0,18.6,18.6,False
outputs_transportability/transport_summary.csv,shift=Mild shift,method=Target oracle (reference),mean_posterior_entropy,0.406012764984722,0.406012764984722,0.0,,,False
outputs_transportability/transport_summary.csv,shift=Mild shift,method=Target oracle (reference),predicted_atrial_prevalence,0.501188,0.501188,0.0,50.1,50.1,False
outputs_transportability/transport_summary.csv,shift=Mild shift,method=Target-calibrated associative latent model,accuracy,0.8058099999999999,0.8058099999999999,0.0,80.6,80.6,False
outputs_transportability/transport_summary.csv,shift=Mild shift,method=Target-calibrated associative latent model,accuracy_any_missing,0.7650543399872465,0.7650543399872465,0.0,76.5,76.5,False
outputs_transportability/transport_summary.csv,shift=Mild shift,method=Target-calibrated associative latent model,accuracy_complete_case,0.8200601846622948,0.8200601846622948,0.0,82.0,82.0,False
outputs_transportability/transport_summary.csv,shift=Mild shift,method=Target-calibrated associative latent model,accuracy_electrical_missing,0.7672805560667191,0.7672805560667191,0.0,76.7,76.7,False
outputs_transportability/transport_summary.csv,shift=Mild shift,method=Target-calibrated associative latent model,adjusted_rand_index,0.3741508981361118,0.3741508981361118,0.0,0.374,0.374,False
outputs_transportability/transport_summary.csv,shift=Mild shift,method=Target-calibrated associative latent model,all_biomarkers_missing_rate,0.000924,0.000924,0.0,0.1,0.1,False
outputs_transportability/transport_summary.csv,shift=Mild shift,method=Target-calibrated associative latent model,biomarker_missing_fraction,0.0949606666666666,0.0949606666666666,0.0,9.5,9.5,False
outputs_transportability/transport_summary.csv,shift=Mild shift,method=Target-calibrated associative latent model,brier_score,0.1348580953347424,0.1348580953347424,0.0,0.1349,0.1349,False
outputs_transportability/transport_summary.csv,shift=Mild shift,method=Target-calibrated associative latent model,expected_calibration_error,0.0422734166272139,0.0422734166272139,0.0,0.0423,0.0423,False
outputs_transportability/transport_summary.csv,shift=Mild shift,method=Target-calibrated associative latent model,false_atrial_renal_competing,0.1919876617462653,0.1919876617462653,0.0,19.2,19.2,False
outputs_transportability/transport_summary.csv,shift=Mild shift,method=Target-calibrated associative latent model,mean_posterior_entropy,0.4006569556333431,0.4006569556333431,0.0,,,False
outputs_transportability/transport_summary.csv,shift=Mild shift,method=Target-calibrated associative latent model,predicted_atrial_prevalence,0.49912,0.49912,0.0,49.9,49.9,False
outputs_transportability/transport_summary.csv,shift=Moderate shift,method=Frozen causal latent SCM,accuracy,0.7917840000000002,0.7917840000000002,0.0,79.2,79.2,False
outputs_transportability/transport_summary.csv,shift=Moderate shift,method=Frozen causal latent SCM,accuracy_any_missing,0.7547543982688025,0.7547543982688025,0.0,75.5,75.5,False
outputs_transportability/transport_summary.csv,shift=Moderate shift,method=Frozen causal latent SCM,accuracy_complete_case,0.8185178000624842,0.8185178000624842,0.0,81.9,81.9,False
outputs_transportability/transport_summary.csv,shift=Moderate shift,method=Frozen causal latent SCM,accuracy_electrical_missing,0.7485945536671971,0.7485945536671971,0.0,74.9,74.9,False
outputs_transportability/transport_summary.csv,shift=Moderate shift,method=Frozen causal latent SCM,adjusted_rand_index,0.3406680479036937,0.3406680479036937,0.0,0.341,0.341,False
outputs_transportability/transport_summary.csv,shift=Moderate shift,method=Frozen causal latent SCM,all_biomarkers_missing_rate,0.004546,0.004546,0.0,0.5,0.5,False
outputs_transportability/transport_summary.csv,shift=Moderate shift,method=Frozen causal latent SCM,biomarker_missing_fraction,0.1655313333333333,0.1655313333333333,0.0,16.6,16.6,False
outputs_transportability/transport_summary.csv,shift=Moderate shift,method=Frozen causal latent SCM,brier_score,0.1430001250864181,0.1430001250864181,0.0,0.143,0.143,False
outputs_transportability/transport_summary.csv,shift=Moderate shift,method=Frozen causal latent SCM,expected_calibration_error,0.0465648595193306,0.0465648595193306,0.0,0.0466,0.0466,False
outputs_transportability/transport_summary.csv,shift=Moderate shift,method=Frozen causal latent SCM,false_atrial_renal_competing,0.2928310778053377,0.2928310778053377,0.0,29.3,29.3,False
outputs_transportability/transport_summary.csv,shift=Moderate shift,method=Frozen causal latent SCM,mean_posterior_entropy,0.418572528503871,0.418572528503871,0.0,,,False
outputs_transportability/transport_summary.csv,shift=Moderate shift,method=Frozen causal latent SCM,predicted_atrial_prevalence,0.5423579999999999,0.5423579999999999,0.0,54.2,54.2,False
outputs_transportability/transport_summary.csv,shift=Moderate shift,method=Modular causal latent SCM,accuracy,0.795914,0.795914,0.0,79.6,79.6,False
outputs_transportability/transport_summary.csv,shift=Moderate shift,method=Modular causal latent SCM,accuracy_any_missing,0.7583428239999249,0.7583428239999249,0.0,75.8,75.8,False
outputs_transportability/transport_summary.csv,shift=Moderate shift,method=Modular causal latent SCM,accuracy_complete_case,0.823054320569859,0.823054320569859,0.0,82.3,82.3,False
outputs_transportability/transport_summary.csv,shift=Moderate shift,method=Modular causal latent SCM,accuracy_electrical_missing,0.7538741281912398,0.7538741281912398,0.0,75.4,75.4,False
outputs_transportability/transport_summary.csv,shift=Moderate shift,method=Modular causal latent SCM,adjusted_rand_index,0.3503287823739276,0.3503287823739276,0.0,0.35,0.35,False
outputs_transportability/transport_summary.csv,shift=Moderate shift,method=Modular causal latent SCM,all_biomarkers_missing_rate,0.004546,0.004546,0.0,0.5,0.5,False
outputs_transportability/transport_summary.csv,shift=Moderate shift,method=Modular causal latent SCM,biomarker_missing_fraction,0.1655313333333333,0.1655313333333333,0.0,16.6,16.6,False
outputs_transportability/transport_summary.csv,shift=Moderate shift,method=Modular causal latent SCM,brier_score,0.1401944278428801,0.1401944278428801,0.0,0.1402,0.1402,False
outputs_transportability/transport_summary.csv,shift=Moderate shift,method=Modular causal latent SCM,expected_calibration_error,0.0395017534271168,0.0395017534271167,1.0408340855860843e-16,0.0395,0.0395,False
outputs_transportability/transport_summary.csv,shift=Moderate shift,method=Modular causal latent SCM,false_atrial_renal_competing,0.1992513080438047,0.1992513080438047,0.0,19.9,19.9,False
outputs_transportability/transport_summary.csv,shift=Moderate shift,method=Modular causal latent SCM,mean_posterior_entropy,0.4207992656950726,0.4207992656950726,0.0,,,False
outputs_transportability/transport_summary.csv,shift=Moderate shift,method=Modular causal latent SCM,predicted_atrial_prevalence,0.499836,0.499836,0.0,50.0,50.0,False
outputs_transportability/transport_summary.csv,shift=Moderate shift,method=Pooled associative latent class model,accuracy,0.76659,0.76659,0.0,76.7,76.7,False
outputs_transportability/transport_summary.csv,shift=Moderate shift,method=Pooled associative latent class model,accuracy_any_missing,0.7310677050432693,0.7310677050432693,0.0,73.1,73.1,False
outputs_transportability/transport_summary.csv,shift=Moderate shift,method=Pooled associative latent class model,accuracy_complete_case,0.7922665314168205,0.7922665314168205,0.0,79.2,79.2,False
outputs_transportability/transport_summary.csv,shift=Moderate shift,method=Pooled associative latent class model,accuracy_electrical_missing,0.7165975392640512,0.7165975392640512,0.0,71.7,71.7,False
outputs_transportability/transport_summary.csv,shift=Moderate shift,method=Pooled associative latent class model,adjusted_rand_index,0.284437374972021,0.284437374972021,0.0,0.284,0.284,False
outputs_transportability/transport_summary.csv,shift=Moderate shift,method=Pooled associative latent class model,all_biomarkers_missing_rate,0.004546,0.004546,0.0,0.5,0.5,False
outputs_transportability/transport_summary.csv,shift=Moderate shift,method=Pooled associative latent class model,biomarker_missing_fraction,0.1655313333333333,0.1655313333333333,0.0,16.6,16.6,False
outputs_transportability/transport_summary.csv,shift=Moderate shift,method=Pooled associative latent class model,brier_score,0.1585456647517932,0.1585456647517932,0.0,0.1585,0.1585,False
outputs_transportability/transport_summary.csv,shift=Moderate shift,method=Pooled associative latent class model,expected_calibration_error,0.0518402998583428,0.0518402998583428,0.0,0.0518,0.0518,False
outputs_transportability/transport_summary.csv,shift=Moderate shift,method=Pooled associative latent class model,false_atrial_renal_competing,0.3964838476465263,0.3964838476465263,0.0,39.6,39.6,False
outputs_transportability/transport_summary.csv,shift=Moderate shift,method=Pooled associative latent class model,mean_posterior_entropy,0.4349854758812683,0.4349854758812683,0.0,,,False
outputs_transportability/transport_summary.csv,shift=Moderate shift,method=Pooled associative latent class model,predicted_atrial_prevalence,0.5415880000000001,0.5415880000000001,0.0,54.2,54.2,False
outputs_transportability/transport_summary.csv,shift=Moderate shift,method=Target oracle (reference),accuracy,0.8007860000000001,0.8007860000000001,0.0,80.1,80.1,False
outputs_transportability/transport_summary.csv,shift=Moderate shift,method=Target oracle (reference),accuracy_any_missing,0.7631607052758311,0.7631607052758311,0.0,76.3,76.3,False
outputs_transportability/transport_summary.csv,shift=Moderate shift,method=Target oracle (reference),accuracy_complete_case,0.8279362140865596,0.8279362140865596,0.0,82.8,82.8,False
outputs_transportability/transport_summary.csv,shift=Moderate shift,method=Target oracle (reference),accuracy_electrical_missing,0.759708873482376,0.759708873482376,0.0,76.0,76.0,False
outputs_transportability/transport_summary.csv,shift=Moderate shift,method=Target oracle (reference),adjusted_rand_index,0.361872795508682,0.361872795508682,0.0,0.362,0.362,False
outputs_transportability/transport_summary.csv,shift=Moderate shift,method=Target oracle (reference),all_biomarkers_missing_rate,0.004546,0.004546,0.0,0.5,0.5,False
outputs_transportability/transport_summary.csv,shift=Moderate shift,method=Target oracle (reference),biomarker_missing_fraction,0.1655313333333333,0.1655313333333333,0.0,16.6,16.6,False
outputs_transportability/transport_summary.csv,shift=Moderate shift,method=Target oracle (reference),brier_score,0.1374237506591897,0.1374237506591897,0.0,0.1374,0.1374,False
outputs_transportability/transport_summary.csv,shift=Moderate shift,method=Target oracle (reference),expected_calibration_error,0.0288359812287214,0.0288359812287214,0.0,0.0288,0.0288,False
outputs_transportability/transport_summary.csv,shift=Moderate shift,method=Target oracle (reference),false_atrial_renal_competing,0.1977294014263118,0.1977294014263118,0.0,19.8,19.8,False
outputs_transportability/transport_summary.csv,shift=Moderate shift,method=Target oracle (reference),mean_posterior_entropy,0.4247167121451354,0.4247167121451354,0.0,,,False
outputs_transportability/transport_summary.csv,shift=Moderate shift,method=Target oracle (reference),predicted_atrial_prevalence,0.503164,0.503164,0.0,50.3,50.3,False
outputs_transportability/transport_summary.csv,shift=Moderate shift,method=Target-calibrated associative latent model,accuracy,0.7918319999999999,0.7918319999999999,0.0,79.2,79.2,False
outputs_transportability/transport_summary.csv,shift=Moderate shift,method=Target-calibrated associative latent model,accuracy_any_missing,0.7554406373448599,0.7554406373448599,0.0,75.5,75.5,False
outputs_transportability/transport_summary.csv,shift=Moderate shift,method=Target-calibrated associative latent model,accuracy_complete_case,0.8181064032470726,0.8181064032470726,0.0,81.8,81.8,False
outputs_transportability/transport_summary.csv,shift=Moderate shift,method=Target-calibrated associative latent model,accuracy_electrical_missing,0.751706784970785,0.751706784970785,0.0,75.2,75.2,False
outputs_transportability/transport_summary.csv,shift=Moderate shift,method=Target-calibrated associative latent model,adjusted_rand_index,0.3408730242875356,0.3408730242875356,0.0,0.341,0.341,False
outputs_transportability/transport_summary.csv,shift=Moderate shift,method=Target-calibrated associative latent model,all_biomarkers_missing_rate,0.004546,0.004546,0.0,0.5,0.5,False
outputs_transportability/transport_summary.csv,shift=Moderate shift,method=Target-calibrated associative latent model,biomarker_missing_fraction,0.1655313333333333,0.1655313333333333,0.0,16.6,16.6,False
outputs_transportability/transport_summary.csv,shift=Moderate shift,method=Target-calibrated associative latent model,brier_score,0.1429906020598781,0.1429906020598781,0.0,0.143,0.143,False
outputs_transportability/transport_summary.csv,shift=Moderate shift,method=Target-calibrated associative latent model,expected_calibration_error,0.0469790380888522,0.0469790380888522,0.0,0.047,0.047,False
outputs_transportability/transport_summary.csv,shift=Moderate shift,method=Target-calibrated associative latent model,false_atrial_renal_competing,0.2041067777996555,0.2041067777996555,0.0,20.4,20.4,False
outputs_transportability/transport_summary.csv,shift=Moderate shift,method=Target-calibrated associative latent model,mean_posterior_entropy,0.4184336884320561,0.4184336884320561,0.0,,,False
outputs_transportability/transport_summary.csv,shift=Moderate shift,method=Target-calibrated associative latent model,predicted_atrial_prevalence,0.49875,0.49875,0.0,49.9,49.9,False
outputs_transportability/transport_summary.csv,shift=No shift,method=Frozen causal latent SCM,accuracy,0.8159959999999999,0.8159959999999999,0.0,81.6,81.6,False
outputs_transportability/transport_summary.csv,shift=No shift,method=Frozen causal latent SCM,accuracy_any_missing,0.768895708842502,0.768895708842502,0.0,76.9,76.9,False
outputs_transportability/transport_summary.csv,shift=No shift,method=Frozen causal latent SCM,accuracy_complete_case,0.8246927818367631,0.8246927818367631,0.0,82.5,82.5,False
outputs_transportability/transport_summary.csv,shift=No shift,method=Frozen causal latent SCM,accuracy_electrical_missing,0.7706030060042789,0.7706030060042789,0.0,77.1,77.1,False
outputs_transportability/transport_summary.csv,shift=No shift,method=Frozen causal latent SCM,adjusted_rand_index,0.3994203463672278,0.3994203463672278,0.0,0.399,0.399,False
outputs_transportability/transport_summary.csv,shift=No shift,method=Frozen causal latent SCM,all_biomarkers_missing_rate,0.000204,0.000204,0.0,0.0,0.0,False
outputs_transportability/transport_summary.csv,shift=No shift,method=Frozen causal latent SCM,biomarker_missing_fraction,0.0548186666666666,0.0548186666666666,0.0,5.5,5.5,False
outputs_transportability/transport_summary.csv,shift=No shift,method=Frozen causal latent SCM,brier_score,0.1283120742405024,0.1283120742405024,0.0,0.1283,0.1283,False
outputs_transportability/transport_summary.csv,shift=No shift,method=Frozen causal latent SCM,expected_calibration_error,0.0352064212348848,0.0352064212348848,0.0,0.0352,0.0352,False
outputs_transportability/transport_summary.csv,shift=No shift,method=Frozen causal latent SCM,false_atrial_renal_competing,0.1839152014619294,0.1839152014619294,0.0,18.4,18.4,False
outputs_transportability/transport_summary.csv,shift=No shift,method=Frozen causal latent SCM,mean_posterior_entropy,0.3929665093495715,0.3929665093495715,0.0,,,False
outputs_transportability/transport_summary.csv,shift=No shift,method=Frozen causal latent SCM,predicted_atrial_prevalence,0.50257,0.50257,0.0,50.3,50.3,False
outputs_transportability/transport_summary.csv,shift=No shift,method=Modular causal latent SCM,accuracy,0.81521,0.81521,0.0,81.5,81.5,False
outputs_transportability/transport_summary.csv,shift=No shift,method=Modular causal latent SCM,accuracy_any_missing,0.7688832050204504,0.7688832050204504,0.0,76.9,76.9,False
outputs_transportability/transport_summary.csv,shift=No shift,method=Modular causal latent SCM,accuracy_complete_case,0.8237648565337954,0.8237648565337954,0.0,82.4,82.4,False
outputs_transportability/transport_summary.csv,shift=No shift,method=Modular causal latent SCM,accuracy_electrical_missing,0.7706590010118719,0.7706590010118719,0.0,77.1,77.1,False
outputs_transportability/transport_summary.csv,shift=No shift,method=Modular causal latent SCM,adjusted_rand_index,0.3974367559938487,0.3974367559938487,0.0,0.397,0.397,False
outputs_transportability/transport_summary.csv,shift=No shift,method=Modular causal latent SCM,all_biomarkers_missing_rate,0.000204,0.000204,0.0,0.0,0.0,False
outputs_transportability/transport_summary.csv,shift=No shift,method=Modular causal latent SCM,biomarker_missing_fraction,0.0548186666666666,0.0548186666666666,0.0,5.5,5.5,False
outputs_transportability/transport_summary.csv,shift=No shift,method=Modular causal latent SCM,brier_score,0.1289720834612178,0.1289720834612178,0.0,0.129,0.129,False
outputs_transportability/transport_summary.csv,shift=No shift,method=Modular causal latent SCM,expected_calibration_error,0.0366243378410231,0.0366243378410231,0.0,0.0366,0.0366,False
outputs_transportability/transport_summary.csv,shift=No shift,method=Modular causal latent SCM,false_atrial_renal_competing,0.1806898199965184,0.1806898199965184,0.0,18.1,18.1,False
outputs_transportability/transport_summary.csv,shift=No shift,method=Modular causal latent SCM,mean_posterior_entropy,0.3925283231075572,0.3925283231075572,0.0,,,False
outputs_transportability/transport_summary.csv,shift=No shift,method=Modular causal latent SCM,predicted_atrial_prevalence,0.50048,0.50048,0.0,50.0,50.0,False
outputs_transportability/transport_summary.csv,shift=No shift,method=Pooled associative latent class model,accuracy,0.802342,0.802342,0.0,80.2,80.2,False
outputs_transportability/transport_summary.csv,shift=No shift,method=Pooled associative latent class model,accuracy_any_missing,0.7576726085362097,0.7576726085362097,0.0,75.8,75.8,False
outputs_transportability/transport_summary.csv,shift=No shift,method=Pooled associative latent class model,accuracy_complete_case,0.8105934270281091,0.8105934270281091,0.0,81.1,81.1,False
outputs_transportability/transport_summary.csv,shift=No shift,method=Pooled associative latent class model,accuracy_electrical_missing,0.7546721632664328,0.7546721632664328,0.0,75.5,75.5,False
outputs_transportability/transport_summary.csv,shift=No shift,method=Pooled associative latent class model,adjusted_rand_index,0.3656984633452805,0.3656984633452805,0.0,0.366,0.366,False
outputs_transportability/transport_summary.csv,shift=No shift,method=Pooled associative latent class model,all_biomarkers_missing_rate,0.000204,0.000204,0.0,0.0,0.0,False
outputs_transportability/transport_summary.csv,shift=No shift,method=Pooled associative latent class model,biomarker_missing_fraction,0.0548186666666666,0.0548186666666666,0.0,5.5,5.5,False
outputs_transportability/transport_summary.csv,shift=No shift,method=Pooled associative latent class model,brier_score,0.1372560655414951,0.1372560655414951,0.0,0.1373,0.1373,False
outputs_transportability/transport_summary.csv,shift=No shift,method=Pooled associative latent class model,expected_calibration_error,0.0376676473419513,0.0376676473419513,0.0,0.0377,0.0377,False
outputs_transportability/transport_summary.csv,shift=No shift,method=Pooled associative latent class model,false_atrial_renal_competing,0.3094053599073783,0.3094053599073783,0.0,30.9,30.9,False
outputs_transportability/transport_summary.csv,shift=No shift,method=Pooled associative latent class model,mean_posterior_entropy,0.4177266396893023,0.4177266396893023,0.0,,,False
outputs_transportability/transport_summary.csv,shift=No shift,method=Pooled associative latent class model,predicted_atrial_prevalence,0.4985199999999999,0.4985199999999999,0.0,49.9,49.9,False
outputs_transportability/transport_summary.csv,shift=No shift,method=Target oracle (reference),accuracy,0.819,0.819,0.0,81.9,81.9,False
outputs_transportability/transport_summary.csv,shift=No shift,method=Target oracle (reference),accuracy_any_missing,0.7711981709868548,0.7711981709868548,0.0,77.1,77.1,False
outputs_transportability/transport_summary.csv,shift=No shift,method=Target oracle (reference),accuracy_complete_case,0.8278216238518348,0.8278216238518348,0.0,82.8,82.8,False
outputs_transportability/transport_summary.csv,shift=No shift,method=Target oracle (reference),accuracy_electrical_missing,0.7733566962328002,0.7733566962328002,0.0,77.3,77.3,False
outputs_transportability/transport_summary.csv,shift=No shift,method=Target oracle (reference),adjusted_rand_index,0.4069977263349374,0.4069977263349374,0.0,0.407,0.407,False
outputs_transportability/transport_summary.csv,shift=No shift,method=Target oracle (reference),all_biomarkers_missing_rate,0.000204,0.000204,0.0,0.0,0.0,False
outputs_transportability/transport_summary.csv,shift=No shift,method=Target oracle (reference),biomarker_missing_fraction,0.0548186666666666,0.0548186666666666,0.0,5.5,5.5,False
outputs_transportability/transport_summary.csv,shift=No shift,method=Target oracle (reference),brier_score,0.1265313012620999,0.1265313012620999,0.0,0.1265,0.1265,False
outputs_transportability/transport_summary.csv,shift=No shift,method=Target oracle (reference),expected_calibration_error,0.028127244536297,0.028127244536297,0.0,0.0281,0.0281,False
outputs_transportability/transport_summary.csv,shift=No shift,method=Target oracle (reference),false_atrial_renal_competing,0.1801818557156041,0.1801818557156041,0.0,18.0,18.0,False
outputs_transportability/transport_summary.csv,shift=No shift,method=Target oracle (reference),mean_posterior_entropy,0.3960448875604087,0.3960448875604087,0.0,,,False
outputs_transportability/transport_summary.csv,shift=No shift,method=Target oracle (reference),predicted_atrial_prevalence,0.5011619999999999,0.5011619999999999,0.0,50.1,50.1,False
outputs_transportability/transport_summary.csv,shift=No shift,method=Target-calibrated associative latent model,accuracy,0.81222,0.81222,0.0,81.2,81.2,False
outputs_transportability/transport_summary.csv,shift=No shift,method=Target-calibrated associative latent model,accuracy_any_missing,0.7670112004542136,0.7670112004542136,0.0,76.7,76.7,False
outputs_transportability/transport_summary.csv,shift=No shift,method=Target-calibrated associative latent model,accuracy_complete_case,0.8205669183182143,0.8205669183182143,0.0,82.1,82.1,False
outputs_transportability/transport_summary.csv,shift=No shift,method=Target-calibrated associative latent model,accuracy_electrical_missing,0.7690391482318303,0.7690391482318303,0.0,76.9,76.9,False
outputs_transportability/transport_summary.csv,shift=No shift,method=Target-calibrated associative latent model,adjusted_rand_index,0.3899938775887041,0.3899938775887041,0.0,0.39,0.39,False
outputs_transportability/transport_summary.csv,shift=No shift,method=Target-calibrated associative latent model,all_biomarkers_missing_rate,0.000204,0.000204,0.0,0.0,0.0,False
outputs_transportability/transport_summary.csv,shift=No shift,method=Target-calibrated associative latent model,biomarker_missing_fraction,0.0548186666666666,0.0548186666666666,0.0,5.5,5.5,False
outputs_transportability/transport_summary.csv,shift=No shift,method=Target-calibrated associative latent model,brier_score,0.130932355247705,0.130932355247705,0.0,0.1309,0.1309,False
outputs_transportability/transport_summary.csv,shift=No shift,method=Target-calibrated associative latent model,expected_calibration_error,0.0406287881057242,0.0406287881057243,1.0408340855860843e-16,0.0406,0.0406,False
outputs_transportability/transport_summary.csv,shift=No shift,method=Target-calibrated associative latent model,false_atrial_renal_competing,0.186484335696727,0.186484335696727,0.0,18.6,18.6,False
outputs_transportability/transport_summary.csv,shift=No shift,method=Target-calibrated associative latent model,mean_posterior_entropy,0.3909814622151349,0.3909814622151349,0.0,,,False
outputs_transportability/transport_summary.csv,shift=No shift,method=Target-calibrated associative latent model,predicted_atrial_prevalence,0.500474,0.500474,0.0,50.0,50.0,False
outputs_transportability/transport_summary.csv,shift=Strong shift,method=Frozen causal latent SCM,accuracy,0.7618339999999999,0.7618339999999999,0.0,76.2,76.2,False
outputs_transportability/transport_summary.csv,shift=Strong shift,method=Frozen causal latent SCM,accuracy_any_missing,0.7331905204903453,0.7331905204903453,0.0,73.3,73.3,False
outputs_transportability/transport_summary.csv,shift=Strong shift,method=Frozen causal latent SCM,accuracy_complete_case,0.8060251384676224,0.8060251384676224,0.0,80.6,80.6,False
outputs_transportability/transport_summary.csv,shift=Strong shift,method=Frozen causal latent SCM,accuracy_electrical_missing,0.7176229059071727,0.7176229059071727,0.0,71.8,71.8,False
outputs_transportability/transport_summary.csv,shift=Strong shift,method=Frozen causal latent SCM,adjusted_rand_index,0.274410381962563,0.274410381962563,0.0,0.274,0.274,False
outputs_transportability/transport_summary.csv,shift=Strong shift,method=Frozen causal latent SCM,all_biomarkers_missing_rate,0.018372,0.018372,0.0,1.8,1.8,False
outputs_transportability/transport_summary.csv,shift=Strong shift,method=Frozen causal latent SCM,biomarker_missing_fraction,0.2667213333333333,0.2667213333333333,0.0,26.7,26.7,False
outputs_transportability/transport_summary.csv,shift=Strong shift,method=Frozen causal latent SCM,brier_score,0.1603551464956557,0.1603551464956557,0.0,0.1604,0.1604,False
outputs_transportability/transport_summary.csv,shift=Strong shift,method=Frozen causal latent SCM,expected_calibration_error,0.0662414904003576,0.0662414904003576,0.0,0.0662,0.0662,False
outputs_transportability/transport_summary.csv,shift=Strong shift,method=Frozen causal latent SCM,false_atrial_renal_competing,0.3660462731272658,0.3660462731272658,0.0,36.6,36.6,False
outputs_transportability/transport_summary.csv,shift=Strong shift,method=Frozen causal latent SCM,mean_posterior_entropy,0.4396651384470358,0.4396651384470359,1.1102230246251565e-16,,,False
outputs_transportability/transport_summary.csv,shift=Strong shift,method=Frozen causal latent SCM,predicted_atrial_prevalence,0.574816,0.574816,0.0,57.5,57.5,False
outputs_transportability/transport_summary.csv,shift=Strong shift,method=Modular causal latent SCM,accuracy,0.776044,0.776044,0.0,77.6,77.6,False
outputs_transportability/transport_summary.csv,shift=Strong shift,method=Modular causal latent SCM,accuracy_any_missing,0.7456452673699306,0.7456452673699306,0.0,74.6,74.6,False
outputs_transportability/transport_summary.csv,shift=Strong shift,method=Modular causal latent SCM,accuracy_complete_case,0.8229333182671548,0.8229333182671548,0.0,82.3,82.3,False
outputs_transportability/transport_summary.csv,shift=Strong shift,method=Modular causal latent SCM,accuracy_electrical_missing,0.7351764837021751,0.7351764837021751,0.0,73.5,73.5,False
outputs_transportability/transport_summary.csv,shift=Strong shift,method=Modular causal latent SCM,adjusted_rand_index,0.3048374801917559,0.3048374801917559,0.0,0.305,0.305,False
outputs_transportability/transport_summary.csv,shift=Strong shift,method=Modular causal latent SCM,all_biomarkers_missing_rate,0.018372,0.018372,0.0,1.8,1.8,False
outputs_transportability/transport_summary.csv,shift=Strong shift,method=Modular causal latent SCM,biomarker_missing_fraction,0.2667213333333333,0.2667213333333333,0.0,26.7,26.7,False
outputs_transportability/transport_summary.csv,shift=Strong shift,method=Modular causal latent SCM,brier_score,0.151052991051981,0.151052991051981,0.0,0.1511,0.1511,False
outputs_transportability/transport_summary.csv,shift=Strong shift,method=Modular causal latent SCM,expected_calibration_error,0.0416318862254229,0.0416318862254229,0.0,0.0416,0.0416,False
outputs_transportability/transport_summary.csv,shift=Strong shift,method=Modular causal latent SCM,false_atrial_renal_competing,0.2252116179260898,0.2252116179260898,0.0,22.5,22.5,False
outputs_transportability/transport_summary.csv,shift=Strong shift,method=Modular causal latent SCM,mean_posterior_entropy,0.4477607992486631,0.4477607992486631,0.0,,,False
outputs_transportability/transport_summary.csv,shift=Strong shift,method=Modular causal latent SCM,predicted_atrial_prevalence,0.505626,0.505626,0.0,50.6,50.6,False
outputs_transportability/transport_summary.csv,shift=Strong shift,method=Pooled associative latent class model,accuracy,0.7337400000000001,0.7337400000000001,0.0,73.4,73.4,False
outputs_transportability/transport_summary.csv,shift=Strong shift,method=Pooled associative latent class model,accuracy_any_missing,0.7054842561485414,0.7054842561485414,0.0,70.5,70.5,False
outputs_transportability/transport_summary.csv,shift=Strong shift,method=Pooled associative latent class model,accuracy_complete_case,0.7773333144773128,0.7773333144773128,0.0,77.7,77.7,False
outputs_transportability/transport_summary.csv,shift=Strong shift,method=Pooled associative latent class model,accuracy_electrical_missing,0.6818980289337717,0.6818980289337717,0.0,68.2,68.2,False
outputs_transportability/transport_summary.csv,shift=Strong shift,method=Pooled associative latent class model,adjusted_rand_index,0.2186659676774364,0.2186659676774364,0.0,0.219,0.219,False
outputs_transportability/transport_summary.csv,shift=Strong shift,method=Pooled associative latent class model,all_biomarkers_missing_rate,0.018372,0.018372,0.0,1.8,1.8,False
outputs_transportability/transport_summary.csv,shift=Strong shift,method=Pooled associative latent class model,biomarker_missing_fraction,0.2667213333333333,0.2667213333333333,0.0,26.7,26.7,False
outputs_transportability/transport_summary.csv,shift=Strong shift,method=Pooled associative latent class model,brier_score,0.1771871091500131,0.1771871091500131,0.0,0.1772,0.1772,False
outputs_transportability/transport_summary.csv,shift=Strong shift,method=Pooled associative latent class model,expected_calibration_error,0.071311092271392,0.071311092271392,0.0,0.0713,0.0713,False
outputs_transportability/transport_summary.csv,shift=Strong shift,method=Pooled associative latent class model,false_atrial_renal_competing,0.4473063080834321,0.4473063080834321,0.0,44.7,44.7,False
outputs_transportability/transport_summary.csv,shift=Strong shift,method=Pooled associative latent class model,mean_posterior_entropy,0.4507443069381789,0.4507443069381788,1.1102230246251565e-16,,,False
outputs_transportability/transport_summary.csv,shift=Strong shift,method=Pooled associative latent class model,predicted_atrial_prevalence,0.5694940000000001,0.5694940000000001,0.0,56.9,56.9,False
outputs_transportability/transport_summary.csv,shift=Strong shift,method=Target oracle (reference),accuracy,0.780726,0.780726,0.0,78.1,78.1,False
outputs_transportability/transport_summary.csv,shift=Strong shift,method=Target oracle (reference),accuracy_any_missing,0.7500384161258057,0.7500384161258057,0.0,75.0,75.0,False
outputs_transportability/transport_summary.csv,shift=Strong shift,method=Target oracle (reference),accuracy_complete_case,0.8280462513101158,0.8280462513101158,0.0,82.8,82.8,False
outputs_transportability/transport_summary.csv,shift=Strong shift,method=Target oracle (reference),accuracy_electrical_missing,0.7396666582915528,0.7396666582915528,0.0,74.0,74.0,False
outputs_transportability/transport_summary.csv,shift=Strong shift,method=Target oracle (reference),adjusted_rand_index,0.3151906037307782,0.3151906037307782,0.0,0.315,0.315,False
outputs_transportability/transport_summary.csv,shift=Strong shift,method=Target oracle (reference),all_biomarkers_missing_rate,0.018372,0.018372,0.0,1.8,1.8,False
outputs_transportability/transport_summary.csv,shift=Strong shift,method=Target oracle (reference),biomarker_missing_fraction,0.2667213333333333,0.2667213333333333,0.0,26.7,26.7,False
outputs_transportability/transport_summary.csv,shift=Strong shift,method=Target oracle (reference),brier_score,0.1479870583170546,0.1479870583170546,0.0,0.148,0.148,False
outputs_transportability/transport_summary.csv,shift=Strong shift,method=Target oracle (reference),expected_calibration_error,0.0294000939432229,0.0294000939432229,0.0,0.0294,0.0294,False
outputs_transportability/transport_summary.csv,shift=Strong shift,method=Target oracle (reference),false_atrial_renal_competing,0.221518675605675,0.221518675605675,0.0,22.2,22.2,False
outputs_transportability/transport_summary.csv,shift=Strong shift,method=Target oracle (reference),mean_posterior_entropy,0.4521448838775099,0.4521448838775099,0.0,,,False
outputs_transportability/transport_summary.csv,shift=Strong shift,method=Target oracle (reference),predicted_atrial_prevalence,0.5100640000000001,0.5100640000000001,0.0,51.0,51.0,False
outputs_transportability/transport_summary.csv,shift=Strong shift,method=Target-calibrated associative latent model,accuracy,0.7713900000000001,0.7713900000000001,0.0,77.1,77.1,False
outputs_transportability/transport_summary.csv,shift=Strong shift,method=Target-calibrated associative latent model,accuracy_any_missing,0.7421916337288128,0.7421916337288128,0.0,74.2,74.2,False
outputs_transportability/transport_summary.csv,shift=Strong shift,method=Target-calibrated associative latent model,accuracy_complete_case,0.8164431249148104,0.8164431249148104,0.0,81.6,81.6,False
outputs_transportability/transport_summary.csv,shift=Strong shift,method=Target-calibrated associative latent model,accuracy_electrical_missing,0.7323512779481955,0.7323512779481955,0.0,73.2,73.2,False
outputs_transportability/transport_summary.csv,shift=Strong shift,method=Target-calibrated associative latent model,adjusted_rand_index,0.294798273154327,0.294798273154327,0.0,0.295,0.295,False
outputs_transportability/transport_summary.csv,shift=Strong shift,method=Target-calibrated associative latent model,all_biomarkers_missing_rate,0.018372,0.018372,0.0,1.8,1.8,False
outputs_transportability/transport_summary.csv,shift=Strong shift,method=Target-calibrated associative latent model,biomarker_missing_fraction,0.2667213333333333,0.2667213333333333,0.0,26.7,26.7,False
outputs_transportability/transport_summary.csv,shift=Strong shift,method=Target-calibrated associative latent model,brier_score,0.1541357109295727,0.1541357109295727,0.0,0.1541,0.1541,False
outputs_transportability/transport_summary.csv,shift=Strong shift,method=Target-calibrated associative latent model,expected_calibration_error,0.0493538332533653,0.0493538332533653,0.0,0.0494,0.0494,False
outputs_transportability/transport_summary.csv,shift=Strong shift,method=Target-calibrated associative latent model,false_atrial_renal_competing,0.2336809312482759,0.2336809312482759,0.0,23.4,23.4,False
outputs_transportability/transport_summary.csv,shift=Strong shift,method=Target-calibrated associative latent model,mean_posterior_entropy,0.4449381431335347,0.4449381431335347,0.0,,,False
outputs_transportability/transport_summary.csv,shift=Strong shift,method=Target-calibrated associative latent model,predicted_atrial_prevalence,0.5068919999999999,0.5068919999999999,0.0,50.7,50.7,False
