repeat,shift_index,shift,method,accuracy,adjusted_rand_index,false_atrial_renal_competing,brier_score,expected_calibration_error,mean_posterior_entropy,predicted_atrial_prevalence,renal_competing_subgroup_size,accuracy_complete_case,accuracy_any_missing,accuracy_electrical_missing,biomarker_missing_fraction,all_biomarkers_missing_rate
0,0,Exact no shift,Pooled associative latent class model,0.792,0.34039195891748825,0.35714285714285715,0.14274116430306516,0.021911598316509198,0.42518930265922494,0.537,126,0.8016726403823178,0.7423312883435583,0.8679245283018868,0.057666666666666665,0.0
0,0,Exact no shift,Target-calibrated associative latent model,0.804,0.36900909207333504,0.1746031746031746,0.14549201558905547,0.05937995370345348,0.4040327047432694,0.581,126,0.8040621266427718,0.803680981595092,0.8867924528301887,0.057666666666666665,0.0
0,0,Exact no shift,Frozen causal latent SCM,0.809,0.3812976651450502,0.19047619047619047,0.1386532481360131,0.030581680456142533,0.40859129765805663,0.548,126,0.8160095579450418,0.7730061349693251,0.8679245283018868,0.057666666666666665,0.0
0,0,Exact no shift,Modular causal latent SCM,0.807,0.37635387297212675,0.23809523809523808,0.140965815222344,0.0420174329076615,0.40623876548684884,0.572,126,0.8112305854241338,0.7852760736196319,0.8679245283018868,0.057666666666666665,0.0
0,0,Exact no shift,Target oracle (reference),0.793,0.342739473710695,0.1349206349206349,0.13937777090686415,0.0341469655949963,0.4132949468191822,0.492,126,0.8040621266427718,0.7361963190184049,0.8113207547169812,0.057666666666666665,0.0
1,0,Exact no shift,Pooled associative latent class model,0.798,0.35457029636022974,0.3288590604026846,0.13760005658118618,0.02900761809486861,0.4222567080910132,0.512,149,0.8058823529411765,0.7533333333333333,0.7380952380952381,0.051333333333333335,0.0
1,0,Exact no shift,Target-calibrated associative latent model,0.804,0.36903438347512363,0.31543624161073824,0.12823729553629576,0.036852924274443664,0.3965953906541688,0.528,149,0.8094117647058824,0.7733333333333333,0.7857142857142857,0.051333333333333335,0.0
1,0,Exact no shift,Frozen causal latent SCM,0.819,0.4064499722803661,0.18120805369127516,0.12440900572413882,0.020298231647440605,0.3985830452842149,0.493,149,0.8235294117647058,0.7933333333333333,0.8095238095238095,0.051333333333333335,0.0
1,0,Exact no shift,Modular causal latent SCM,0.814,0.393777325844694,0.2214765100671141,0.1251016481775142,0.028365723191007525,0.3983673855869848,0.508,149,0.8188235294117647,0.7866666666666666,0.7857142857142857,0.051333333333333335,0.0
1,0,Exact no shift,Target oracle (reference),0.824,0.4193227787207837,0.18791946308724833,0.12494344915551271,0.029508743418016188,0.39713057013993786,0.496,149,0.8305882352941176,0.7866666666666666,0.7857142857142857,0.051333333333333335,0.0
2,0,Exact no shift,Pooled associative latent class model,0.832,0.44033087371093044,0.3014705882352941,0.12306305548118077,0.04136818587612105,0.4045899824249968,0.527,136,0.8343057176196033,0.8181818181818182,0.8571428571428571,0.052,0.001
2,0,Exact no shift,Target-calibrated associative latent model,0.831,0.43768436289010365,0.125,0.1220806938146086,0.04234717069934437,0.380891057228707,0.504,136,0.8331388564760793,0.8181818181818182,0.8095238095238095,0.052,0.001
2,0,Exact no shift,Frozen causal latent SCM,0.833,0.4429972965146861,0.13970588235294118,0.12040280356490417,0.03532297717191442,0.37655918006104094,0.52,136,0.8343057176196033,0.8251748251748252,0.8333333333333334,0.052,0.001
2,0,Exact no shift,Modular causal latent SCM,0.834,0.44566651822366293,0.13970588235294118,0.12031380937182183,0.026950236809668314,0.3751632130595874,0.523,136,0.8354725787631272,0.8251748251748252,0.8333333333333334,0.052,0.001
2,0,Exact no shift,Target oracle (reference),0.833,0.44299416391635804,0.14705882352941177,0.11709523012767725,0.02883403742501679,0.3876255791133351,0.526,136,0.838973162193699,0.7972027972027972,0.7619047619047619,0.052,0.001
3,0,Exact no shift,Pooled associative latent class model,0.783,0.3196844813219066,0.24822695035460993,0.1442634942299108,0.05456055140801617,0.4010892463277033,0.44,141,0.792814371257485,0.7333333333333333,0.7142857142857143,0.058666666666666666,0.001
3,0,Exact no shift,Target-calibrated associative latent model,0.791,0.33807946825711815,0.09219858156028368,0.14141647049222175,0.07518710855570206,0.37921512984242634,0.416,141,0.8047904191616766,0.7212121212121212,0.7346938775510204,0.058666666666666666,0.001
3,0,Exact no shift,Frozen causal latent SCM,0.789,0.33343582136685707,0.09219858156028368,0.1411453705322536,0.07420631738670729,0.3823596906960574,0.414,141,0.8047904191616766,0.7090909090909091,0.6938775510204082,0.058666666666666666,0.001
3,0,Exact no shift,Modular causal latent SCM,0.792,0.34041780077165945,0.05673758865248227,0.14371982930644053,0.0831367654253927,0.3806623408374277,0.407,141,0.807185628742515,0.7151515151515152,0.7346938775510204,0.058666666666666666,0.001
3,0,Exact no shift,Target oracle (reference),0.802,0.3641819268407571,0.14184397163120568,0.13366573007997073,0.03180618488747511,0.4065846080427636,0.469,141,0.8167664670658683,0.7272727272727273,0.7551020408163265,0.058666666666666666,0.001
4,0,Exact no shift,Pooled associative latent class model,0.768,0.2865964204136306,0.18055555555555555,0.15257256937385966,0.09870555612482064,0.4295816035598419,0.392,144,0.7670126874279123,0.7744360902255639,0.7560975609756098,0.04666666666666667,0.0
4,0,Exact no shift,Target-calibrated associative latent model,0.805,0.3714785626371949,0.0625,0.14150562176286374,0.08561965796634007,0.41404176435948964,0.417,144,0.8108419838523645,0.7669172932330827,0.7560975609756098,0.04666666666666667,0.0
4,0,Exact no shift,Frozen causal latent SCM,0.808,0.37884099318079967,0.06944444444444445,0.14031429968633286,0.07957534222526054,0.4149801358056694,0.422,144,0.8131487889273357,0.7744360902255639,0.7804878048780488,0.04666666666666667,0.0
4,0,Exact no shift,Modular causal latent SCM,0.801,0.3617748753037188,0.0625,0.1429559514818373,0.09110444485547041,0.4131940734062214,0.407,144,0.8073817762399077,0.7593984962406015,0.7317073170731707,0.04666666666666667,0.0
4,0,Exact no shift,Target oracle (reference),0.814,0.3937777839590514,0.14583333333333334,0.13231548442448668,0.0367338111970999,0.4026138161343017,0.484,144,0.817762399077278,0.7894736842105263,0.7804878048780488,0.04666666666666667,0.0
5,0,Exact no shift,Pooled associative latent class model,0.791,0.3380617930421545,0.32653061224489793,0.14478808921475894,0.02443157311836409,0.43140205459638253,0.49,147,0.8016726403823178,0.7361963190184049,0.76,0.057666666666666665,0.001
5,0,Exact no shift,Target-calibrated associative latent model,0.805,0.3714712160295683,0.12244897959183673,0.1383732992031355,0.0318998358780803,0.40636089833135164,0.49,147,0.8112305854241338,0.7730061349693251,0.82,0.057666666666666665,0.001
5,0,Exact no shift,Frozen causal latent SCM,0.815,0.3962959462596,0.2108843537414966,0.13453054022255662,0.025222447947675607,0.40735013920880486,0.506,147,0.8231780167264038,0.7730061349693251,0.86,0.057666666666666665,0.001
5,0,Exact no shift,Modular causal latent SCM,0.809,0.3813049465766018,0.16326530612244897,0.13558225525255607,0.027619468687084335,0.40650669965677044,0.494,147,0.8183990442054958,0.7607361963190185,0.84,0.057666666666666665,0.001
5,0,Exact no shift,Target oracle (reference),0.808,0.37883441576881866,0.2108843537414966,0.13486378635812418,0.0218657550322287,0.40139563194229705,0.501,147,0.8172043010752689,0.7607361963190185,0.88,0.057666666666666665,0.001
6,0,Exact no shift,Pooled associative latent class model,0.798,0.3545707129942949,0.3706293706293706,0.1432166498875805,0.031282493038759615,0.441214652081243,0.518,143,0.7990487514863258,0.7924528301886793,0.828125,0.055,0.0
6,0,Exact no shift,Target-calibrated associative latent model,0.796,0.34981345319126894,0.11888111888111888,0.14117922863436205,0.04894115012546638,0.40234299826377595,0.492,143,0.7931034482758621,0.8113207547169812,0.765625,0.055,0.0
6,0,Exact no shift,Frozen causal latent SCM,0.819,0.4064504062019078,0.1888111888111888,0.1353305125177345,0.03340066751816985,0.4111424464439142,0.515,143,0.816884661117717,0.8301886792452831,0.796875,0.055,0.0
6,0,Exact no shift,Modular causal latent SCM,0.817,0.40135821243291614,0.1958041958041958,0.1359517039317751,0.026713009213298385,0.4095443651464483,0.527,143,0.8180737217598097,0.8113207547169812,0.765625,0.055,0.0
6,0,Exact no shift,Target oracle (reference),0.825,0.421921630598519,0.18181818181818182,0.13480783294536167,0.04167900106389498,0.40087043829312174,0.509,143,0.8228299643281808,0.8364779874213837,0.8125,0.055,0.0
7,0,Exact no shift,Pooled associative latent class model,0.81,0.3837920503471571,0.3624161073825503,0.13524820447535785,0.05027566086196639,0.41589774318271283,0.563,149,0.8161328588374852,0.7770700636942676,0.7592592592592593,0.057,0.0
7,0,Exact no shift,Target-calibrated associative latent model,0.814,0.39378384600754746,0.18120805369127516,0.13094556571586277,0.035967081521424575,0.38716179121358707,0.555,149,0.8268090154211151,0.7452229299363057,0.7037037037037037,0.057,0.0
7,0,Exact no shift,Frozen causal latent SCM,0.823,0.4167383418574633,0.2214765100671141,0.12806759021212416,0.03682407689623582,0.38889747556011156,0.554,149,0.8351126927639383,0.7579617834394905,0.7037037037037037,0.057,0.0
7,0,Exact no shift,Modular causal latent SCM,0.819,0.4064571176312734,0.2348993288590604,0.1288736876525261,0.03959465604434623,0.3885021926290475,0.558,149,0.8315539739027283,0.7515923566878981,0.6851851851851852,0.057,0.0
7,0,Exact no shift,Target oracle (reference),0.81,0.38378333699627826,0.18791946308724833,0.12621763349471696,0.034108538414067927,0.395117969573891,0.507,149,0.8196915776986952,0.7579617834394905,0.7407407407407407,0.057,0.0
8,0,Exact no shift,Pooled associative latent class model,0.824,0.41932317175634987,0.2857142857142857,0.1251678716395874,0.028618915273126065,0.3973131750733586,0.493,133,0.8331318016928658,0.7803468208092486,0.7818181818181819,0.060333333333333336,0.0
8,0,Exact no shift,Target-calibrated associative latent model,0.805,0.37147147636869887,0.15037593984962405,0.1326752744908232,0.02500200960905547,0.38961061460045754,0.516,133,0.81136638452237,0.7745664739884393,0.7636363636363637,0.060333333333333336,0.0
8,0,Exact no shift,Frozen causal latent SCM,0.811,0.38627009971502485,0.20300751879699247,0.12385811220344695,0.03057053255308678,0.39157654668398134,0.506,133,0.8174123337363967,0.7803468208092486,0.8,0.060333333333333336,0.0
8,0,Exact no shift,Modular causal latent SCM,0.816,0.3988226471683735,0.14285714285714285,0.1261484720789032,0.021116611178499924,0.3926800330255066,0.505,133,0.8234582829504232,0.7803468208092486,0.8,0.060333333333333336,0.0
8,0,Exact no shift,Target oracle (reference),0.809,0.38130515586647273,0.19548872180451127,0.12452719109611486,0.031127748700968516,0.38449375001418296,0.508,133,0.814993954050786,0.7803468208092486,0.8,0.060333333333333336,0.0
9,0,Exact no shift,Pooled associative latent class model,0.808,0.37881581317331037,0.2994350282485876,0.13579991319462703,0.03449308742913681,0.44009022751512283,0.453,177,0.8096357226792009,0.7986577181208053,0.7254901960784313,0.051333333333333335,0.0
9,0,Exact no shift,Target-calibrated associative latent model,0.82,0.4089722859711093,0.1638418079096045,0.1264791969810668,0.03148350064423826,0.41867162816667575,0.435,177,0.8202115158636898,0.8187919463087249,0.7843137254901961,0.051333333333333335,0.0
9,0,Exact no shift,Frozen causal latent SCM,0.819,0.4064313929918575,0.2033898305084746,0.1250578572656185,0.038925143868752336,0.42196739548661016,0.452,177,0.8190364277320799,0.8187919463087249,0.7843137254901961,0.051333333333333335,0.0
9,0,Exact no shift,Modular causal latent SCM,0.821,0.4115469322089773,0.1751412429378531,0.1251953523202497,0.036866455434318615,0.42095776966342785,0.442,177,0.8213866039952996,0.8187919463087249,0.7843137254901961,0.051333333333333335,0.0
9,0,Exact no shift,Target oracle (reference),0.827,0.42713732268049026,0.21468926553672316,0.1251144875661614,0.030465234395066196,0.409909275910647,0.47,177,0.8307873090481787,0.8053691275167785,0.7647058823529411,0.051333333333333335,0.0
10,0,Exact no shift,Pooled associative latent class model,0.79,0.33573619339839683,0.34523809523809523,0.1407025422714987,0.038075372950995445,0.4068729346437582,0.521,168,0.7956730769230769,0.7619047619047619,0.7924528301886793,0.059333333333333335,0.0
10,0,Exact no shift,Target-calibrated associative latent model,0.819,0.40644999226360895,0.17261904761904762,0.12628198725741202,0.022669464049079508,0.38249467915588276,0.506,168,0.8245192307692307,0.7916666666666666,0.8301886792452831,0.059333333333333335,0.0
10,0,Exact no shift,Frozen causal latent SCM,0.823,0.4167326191184389,0.19047619047619047,0.12686409746915428,0.03296636195792494,0.382992089795976,0.514,168,0.828125,0.7976190476190477,0.8301886792452831,0.059333333333333335,0.0
10,0,Exact no shift,Modular causal latent SCM,0.82,0.4090084781830879,0.17261904761904762,0.12653854176260637,0.024040812525878842,0.38308315398759324,0.501,168,0.8257211538461539,0.7916666666666666,0.8301886792452831,0.059333333333333335,0.0
10,0,Exact no shift,Target oracle (reference),0.823,0.41673221515614683,0.16071428571428573,0.1251222978467428,0.02662517417683274,0.40281235455625725,0.498,168,0.828125,0.7976190476190477,0.8113207547169812,0.059333333333333335,0.0
11,0,Exact no shift,Pooled associative latent class model,0.786,0.32651206290539836,0.3422818791946309,0.13743377459837022,0.03752676250850598,0.4177109462891886,0.455,149,0.7983682983682984,0.7112676056338029,0.6666666666666666,0.050333333333333334,0.0
11,0,Exact no shift,Target-calibrated associative latent model,0.816,0.3988259260345024,0.1342281879194631,0.12774934752118713,0.06018986459130228,0.40402821199800143,0.435,149,0.8263403263403264,0.7535211267605634,0.7017543859649122,0.050333333333333334,0.0
11,0,Exact no shift,Frozen causal latent SCM,0.827,0.4271438171244131,0.16778523489932887,0.12294975373307175,0.027047463967932454,0.4064387615716802,0.466,149,0.8391608391608392,0.7535211267605634,0.7192982456140351,0.050333333333333334,0.0
11,0,Exact no shift,Modular causal latent SCM,0.828,0.4297664877560905,0.174496644295302,0.12383928591483122,0.03507385122706969,0.40613363698270305,0.465,149,0.8414918414918415,0.7464788732394366,0.7017543859649122,0.050333333333333334,0.0
11,0,Exact no shift,Target oracle (reference),0.828,0.4297662034031962,0.18120805369127516,0.12228506895603042,0.029044627859702757,0.4007457938332092,0.471,149,0.8403263403263403,0.7535211267605634,0.7192982456140351,0.050333333333333334,0.0
12,0,Exact no shift,Pooled associative latent class model,0.817,0.40135699889172705,0.32061068702290074,0.1279375757614302,0.025829938627019672,0.41983452501664476,0.501,131,0.8280701754385965,0.7517241379310344,0.72,0.052333333333333336,0.001
12,0,Exact no shift,Target-calibrated associative latent model,0.833,0.442999051238715,0.20610687022900764,0.12056430783169234,0.028115274545778633,0.41266416740834566,0.517,131,0.8444444444444444,0.7655172413793103,0.72,0.052333333333333336,0.001
12,0,Exact no shift,Frozen causal latent SCM,0.832,0.4403364359316764,0.20610687022900764,0.11853404430293267,0.027793342512665027,0.4116143529962478,0.518,131,0.847953216374269,0.7379310344827587,0.66,0.052333333333333336,0.001
12,0,Exact no shift,Modular causal latent SCM,0.832,0.4403362636586334,0.19083969465648856,0.11871487978503915,0.026904287984619444,0.4113680582780212,0.514,131,0.8467836257309942,0.7448275862068966,0.68,0.052333333333333336,0.001
12,0,Exact no shift,Target oracle (reference),0.832,0.4403360860019467,0.1984732824427481,0.11771491183768158,0.030324052680089517,0.40046427169794946,0.508,131,0.839766081871345,0.7862068965517242,0.76,0.052333333333333336,0.001
13,0,Exact no shift,Pooled associative latent class model,0.801,0.3617658634423503,0.2913907284768212,0.13453843904838517,0.03580393400355705,0.3872191383369482,0.518,151,0.8085612366230678,0.7610062893081762,0.7,0.05733333333333333,0.001
13,0,Exact no shift,Target-calibrated associative latent model,0.823,0.41673399449363574,0.18543046357615894,0.12451838639439267,0.03988876637648008,0.35910126250246366,0.536,151,0.8299643281807372,0.7861635220125787,0.72,0.05733333333333333,0.001
13,0,Exact no shift,Frozen causal latent SCM,0.819,0.40645054128840563,0.15894039735099338,0.12365940743637702,0.038479110551688206,0.36035972981367687,0.518,151,0.8252080856123662,0.7861635220125787,0.76,0.05733333333333333,0.001
13,0,Exact no shift,Modular causal latent SCM,0.821,0.41157586033955607,0.18543046357615894,0.12424239950256975,0.03650587844090893,0.3608254451055656,0.522,151,0.8275862068965517,0.7861635220125787,0.74,0.05733333333333333,0.001
13,0,Exact no shift,Target oracle (reference),0.824,0.4193230819388469,0.1456953642384106,0.12195878942664522,0.02831546578098578,0.39300097587278127,0.507,151,0.83115338882283,0.7861635220125787,0.7,0.05733333333333333,0.001
14,0,Exact no shift,Pooled associative latent class model,0.797,0.35219249540014735,0.23376623376623376,0.14165985407049653,0.032820342917098226,0.4268464868975051,0.448,154,0.8092345078979344,0.7401129943502824,0.7241379310344828,0.062,0.001
14,0,Exact no shift,Target-calibrated associative latent model,0.805,0.37147987369140095,0.07792207792207792,0.13925991950061298,0.05311077315692221,0.3922780207644632,0.428,154,0.8201701093560145,0.7344632768361582,0.6724137931034483,0.062,0.001
14,0,Exact no shift,Frozen causal latent SCM,0.821,0.41157533643248495,0.14285714285714285,0.131517108125232,0.039172695359244836,0.4014260572622605,0.49,154,0.8335358444714459,0.7627118644067796,0.7413793103448276,0.062,0.001
14,0,Exact no shift,Modular causal latent SCM,0.816,0.3988244109367856,0.12337662337662338,0.13350412449798407,0.04254378111389484,0.3986749405331319,0.465,154,0.8262454434993924,0.768361581920904,0.7586206896551724,0.062,0.001
14,0,Exact no shift,Target oracle (reference),0.821,0.41157533643248495,0.14285714285714285,0.13121183070096584,0.032772330163940225,0.3986159430504073,0.49,154,0.8359659781287971,0.751412429378531,0.7241379310344828,0.062,0.001
15,0,Exact no shift,Pooled associative latent class model,0.805,0.37147192183469036,0.34591194968553457,0.1360187377012108,0.032863312046909725,0.40788060948392285,0.504,159,0.8105882352941176,0.7733333333333333,0.7916666666666666,0.052333333333333336,0.0
15,0,Exact no shift,Target-calibrated associative latent model,0.816,0.3988173019808987,0.09433962264150944,0.1319693366910447,0.03764031559556252,0.3840520463823479,0.443,159,0.8258823529411765,0.76,0.8125,0.052333333333333336,0.0
15,0,Exact no shift,Frozen causal latent SCM,0.818,0.40389955126152427,0.16981132075471697,0.12706135126116513,0.025689572325658837,0.3879483508508337,0.479,159,0.8247058823529412,0.78,0.8125,0.052333333333333336,0.0
15,0,Exact no shift,Modular causal latent SCM,0.819,0.4064485493177642,0.11949685534591195,0.12806767061111587,0.025927428664676434,0.3867074117752412,0.464,159,0.8258823529411765,0.78,0.8125,0.052333333333333336,0.0
15,0,Exact no shift,Target oracle (reference),0.818,0.40389921540008566,0.1761006289308176,0.12639196322312313,0.020748142318976894,0.3853199902623015,0.475,159,0.8258823529411765,0.7733333333333333,0.8125,0.052333333333333336,0.0
16,0,Exact no shift,Pooled associative latent class model,0.826,0.424528272701041,0.18110236220472442,0.13117414626228358,0.043326146113467495,0.41087406180279273,0.469,127,0.8287752675386445,0.8113207547169812,0.7704918032786885,0.058333333333333334,0.0
16,0,Exact no shift,Target-calibrated associative latent model,0.826,0.42452851449580303,0.18110236220472442,0.1280583246961438,0.03303109215702736,0.3763827987446955,0.517,127,0.8323424494649228,0.7924528301886793,0.7213114754098361,0.058333333333333334,0.0
16,0,Exact no shift,Frozen causal latent SCM,0.834,0.4456696311976254,0.09448818897637795,0.12729974814160658,0.03494020826450522,0.3776835895430755,0.481,127,0.8418549346016647,0.7924528301886793,0.7377049180327869,0.058333333333333334,0.0
16,0,Exact no shift,Modular causal latent SCM,0.836,0.45103506283749595,0.10236220472440945,0.12666404774244844,0.03477086447645653,0.37785523135725335,0.487,127,0.8442330558858502,0.7924528301886793,0.7377049180327869,0.058333333333333334,0.0
16,0,Exact no shift,Target oracle (reference),0.837,0.45372974817372164,0.10236220472440945,0.12654393365537547,0.036535032613277674,0.3857637964733188,0.486,127,0.8430439952437574,0.8050314465408805,0.7704918032786885,0.058333333333333334,0.0
17,0,Exact no shift,Pooled associative latent class model,0.813,0.39126727716312876,0.34782608695652173,0.12815095259288733,0.01754291677729483,0.3859235421167308,0.516,161,0.82063305978898,0.7687074829931972,0.6511627906976745,0.050666666666666665,0.0
17,0,Exact no shift,Target-calibrated associative latent model,0.83,0.43503832760571887,0.22981366459627328,0.12181326928160734,0.05215430406018842,0.39018500760726194,0.549,161,0.835873388042204,0.7959183673469388,0.7674418604651163,0.050666666666666665,0.0
17,0,Exact no shift,Frozen causal latent SCM,0.841,0.4645883709906536,0.16149068322981366,0.11595911075042273,0.029554587053588172,0.3900184328453435,0.49,161,0.8464243845252052,0.8095238095238095,0.7441860465116279,0.050666666666666665,0.0
17,0,Exact no shift,Modular causal latent SCM,0.841,0.46458824913573277,0.16149068322981366,0.11601382791189763,0.030166611827080286,0.390614316493245,0.496,161,0.8464243845252052,0.8095238095238095,0.7441860465116279,0.050666666666666665,0.0
17,0,Exact no shift,Target oracle (reference),0.841,0.46458869593683805,0.13664596273291926,0.11569955109300548,0.02362168254404971,0.3890111750219365,0.482,161,0.8452520515826495,0.8163265306122449,0.7674418604651163,0.050666666666666665,0.0
18,0,Exact no shift,Pooled associative latent class model,0.807,0.37637541489745185,0.3525641025641026,0.1330620477827619,0.044558363123069024,0.41948908780107946,0.542,156,0.8104651162790698,0.7857142857142857,0.8717948717948718,0.04933333333333333,0.0
18,0,Exact no shift,Target-calibrated associative latent model,0.825,0.4219225292015435,0.17307692307692307,0.12214287631974376,0.03242139518849995,0.40336052269828254,0.524,156,0.8348837209302326,0.7642857142857142,0.717948717948718,0.04933333333333333,0.0
18,0,Exact no shift,Frozen causal latent SCM,0.82,0.4090165790371555,0.23717948717948717,0.125803016828388,0.057605254537237666,0.40444651724630615,0.565,156,0.827906976744186,0.7714285714285715,0.7692307692307693,0.04933333333333333,0.0
18,0,Exact no shift,Modular causal latent SCM,0.818,0.4039017727693673,0.17307692307692307,0.12302044450409486,0.039846539572123106,0.40490650062698363,0.535,156,0.827906976744186,0.7571428571428571,0.717948717948718,0.04933333333333333,0.0
18,0,Exact no shift,Target oracle (reference),0.824,0.4193236807216758,0.14102564102564102,0.11855108846274476,0.02135447087101363,0.3930611112551391,0.479,156,0.8325581395348837,0.7714285714285715,0.7692307692307693,0.04933333333333333,0.0
19,0,Exact no shift,Pooled associative latent class model,0.805,0.371471146500967,0.30952380952380953,0.1413497606985872,0.03324776746187377,0.4057345548234528,0.511,168,0.816350710900474,0.7435897435897436,0.8103448275862069,0.055,0.0
19,0,Exact no shift,Target-calibrated associative latent model,0.806,0.373923072069106,0.08333333333333333,0.1373452741928206,0.05859344204752307,0.37757897772925,0.452,168,0.816350710900474,0.75,0.7413793103448276,0.055,0.0
19,0,Exact no shift,Frozen causal latent SCM,0.817,0.4013567791093747,0.19642857142857142,0.13019539729828275,0.03655337626022112,0.3836993158489018,0.503,168,0.8293838862559242,0.75,0.7931034482758621,0.055,0.0
19,0,Exact no shift,Modular causal latent SCM,0.816,0.39882256741302724,0.15476190476190477,0.13059558664113594,0.034720351053586875,0.38293227752958586,0.488,168,0.8281990521327014,0.75,0.7931034482758621,0.055,0.0
19,0,Exact no shift,Target oracle (reference),0.821,0.4115752713402491,0.17857142857142858,0.12950445892078485,0.030611881919034974,0.39472586608781757,0.489,168,0.8341232227488151,0.75,0.8103448275862069,0.055,0.0
20,0,Exact no shift,Pooled associative latent class model,0.799,0.3569609006519435,0.3680555555555556,0.13789374597135554,0.028110286484725425,0.4038811313237655,0.515,144,0.8085365853658537,0.7555555555555555,0.7090909090909091,0.063,0.0
20,0,Exact no shift,Target-calibrated associative latent model,0.817,0.401356816117279,0.20833333333333334,0.12687208299378114,0.03243551324944164,0.3762350679670951,0.503,144,0.8268292682926829,0.7722222222222223,0.7454545454545455,0.063,0.0
20,0,Exact no shift,Frozen causal latent SCM,0.815,0.39629578671721843,0.2152777777777778,0.1263754263926405,0.024926823847542932,0.3781122686589947,0.505,144,0.8268292682926829,0.7611111111111111,0.7090909090909091,0.063,0.0
20,0,Exact no shift,Modular causal latent SCM,0.817,0.40135690594972495,0.2222222222222222,0.12677647946837853,0.021870902176323155,0.37813625369634846,0.507,144,0.8292682926829268,0.7611111111111111,0.7090909090909091,0.063,0.0
20,0,Exact no shift,Target oracle (reference),0.816,0.3988222680146418,0.20833333333333334,0.12640564473178054,0.019924120373539838,0.3955289967234356,0.498,144,0.8268292682926829,0.7666666666666667,0.7272727272727273,0.063,0.0
21,0,Exact no shift,Pooled associative latent class model,0.804,0.36903444012275544,0.3803680981595092,0.1329650850497122,0.03546229103601541,0.42954813406629,0.53,163,0.8115429917550059,0.7615894039735099,0.6585365853658537,0.051666666666666666,0.0
21,0,Exact no shift,Target-calibrated associative latent model,0.824,0.4193260128070397,0.2822085889570552,0.12451653210229292,0.04793033077502942,0.3986825527073611,0.54,163,0.8327444051825678,0.7748344370860927,0.7073170731707317,0.051666666666666666,0.0
21,0,Exact no shift,Frozen causal latent SCM,0.831,0.437682405143674,0.2085889570552147,0.12002494251904104,0.040422081115513146,0.40085854537578325,0.525,163,0.8409893992932862,0.7748344370860927,0.7073170731707317,0.051666666666666666,0.0
21,0,Exact no shift,Modular causal latent SCM,0.829,0.4323975472882709,0.22699386503067484,0.12057438852218731,0.04107423547997152,0.40061908925167233,0.529,163,0.8386336866902238,0.7748344370860927,0.7073170731707317,0.051666666666666666,0.0
21,0,Exact no shift,Target oracle (reference),0.825,0.4219215232775502,0.17177914110429449,0.11836402866787965,0.027002869490576946,0.3849726080762127,0.493,163,0.8292108362779741,0.8013245033112583,0.7560975609756098,0.051666666666666666,0.0
22,0,Exact no shift,Pooled associative latent class model,0.817,0.40136181663391024,0.23015873015873015,0.1311033964545377,0.042284474506220145,0.4156563928034129,0.454,126,0.8290398126463701,0.7465753424657534,0.7105263157894737,0.053,0.001
22,0,Exact no shift,Target-calibrated associative latent model,0.809,0.3813174911415147,0.06349206349206349,0.13507727440536976,0.057124286323558766,0.38649622972462294,0.428,126,0.819672131147541,0.7465753424657534,0.7368421052631579,0.053,0.001
22,0,Exact no shift,Frozen causal latent SCM,0.817,0.4013592070331868,0.14285714285714285,0.12885584008423964,0.041190425623832114,0.3973714615125658,0.468,126,0.8255269320843092,0.7671232876712328,0.7105263157894737,0.053,0.001
22,0,Exact no shift,Modular causal latent SCM,0.822,0.4141543013147711,0.1111111111111111,0.12961033449493906,0.04235572634217538,0.3945685703171856,0.455,126,0.8302107728337237,0.773972602739726,0.7631578947368421,0.053,0.001
22,0,Exact no shift,Target oracle (reference),0.824,0.41932274612838394,0.15873015873015872,0.12716955910087446,0.027049791182405997,0.4032453580897053,0.499,126,0.832552693208431,0.773972602739726,0.7631578947368421,0.053,0.001
23,0,Exact no shift,Pooled associative latent class model,0.807,0.37637259882762664,0.3357142857142857,0.1328712896327383,0.04144737968326673,0.41191829801805185,0.534,140,0.8233173076923077,0.7261904761904762,0.7692307692307693,0.059666666666666666,0.001
23,0,Exact no shift,Target-calibrated associative latent model,0.811,0.38627052756902175,0.2785714285714286,0.12878374694487182,0.051609751316166096,0.39103065686452226,0.536,140,0.828125,0.7261904761904762,0.8,0.059666666666666666,0.001
23,0,Exact no shift,Frozen causal latent SCM,0.806,0.37391806622014323,0.18571428571428572,0.1261197296703186,0.050327552280772236,0.39320743581404066,0.529,140,0.828125,0.6964285714285714,0.7538461538461538,0.059666666666666666,0.001
23,0,Exact no shift,Modular causal latent SCM,0.811,0.38627056397456383,0.22142857142857142,0.12627350175919425,0.04405643696478781,0.3928862956259753,0.538,140,0.8305288461538461,0.7142857142857143,0.7846153846153846,0.059666666666666666,0.001
23,0,Exact no shift,Target oracle (reference),0.814,0.39377772310848896,0.15714285714285714,0.12468319603565244,0.026076931019560146,0.4086038841759571,0.495,140,0.8353365384615384,0.7083333333333334,0.7538461538461538,0.059666666666666666,0.001
24,0,Exact no shift,Pooled associative latent class model,0.812,0.3887652388080825,0.2887323943661972,0.1366626423363105,0.03496838438600082,0.41794759135696424,0.525,142,0.808235294117647,0.8333333333333334,0.875,0.05333333333333334,0.0
24,0,Exact no shift,Target-calibrated associative latent model,0.821,0.4115755098607717,0.20422535211267606,0.1294647748055591,0.028768004389881162,0.40051228617286494,0.514,142,0.8188235294117647,0.8333333333333334,0.8958333333333334,0.05333333333333334,0.0
24,0,Exact no shift,Frozen causal latent SCM,0.825,0.42192256034120224,0.20422535211267606,0.12739993972159924,0.030098636193153616,0.40199786205012566,0.528,142,0.8235294117647058,0.8333333333333334,0.8958333333333334,0.05333333333333334,0.0
24,0,Exact no shift,Modular causal latent SCM,0.827,0.42714332085481665,0.19718309859154928,0.12849714903187975,0.029119708442169212,0.4020071749341698,0.52,142,0.8258823529411765,0.8333333333333334,0.8958333333333334,0.05333333333333334,0.0
24,0,Exact no shift,Target oracle (reference),0.832,0.44033614072560173,0.1619718309859155,0.12382759431305754,0.026176111144078966,0.384786845095694,0.491,142,0.8282352941176471,0.8533333333333334,0.8958333333333334,0.05333333333333334,0.0
25,0,Exact no shift,Pooled associative latent class model,0.803,0.36660582922859214,0.2645161290322581,0.1422678716769647,0.039387960708774844,0.4368009409158533,0.461,155,0.8081048867699643,0.7763975155279503,0.71875,0.057666666666666665,0.002
25,0,Exact no shift,Target-calibrated associative latent model,0.818,0.40390392802402947,0.08387096774193549,0.1337752924806258,0.036564626957691256,0.4125249249502407,0.456,155,0.8212157330154947,0.8012422360248447,0.75,0.057666666666666665,0.002
25,0,Exact no shift,Frozen causal latent SCM,0.824,0.41932367242697804,0.12903225806451613,0.1316094929915132,0.03254622215550051,0.41591782185416026,0.48,155,0.8283671036948749,0.8012422360248447,0.75,0.057666666666666665,0.002
25,0,Exact no shift,Modular causal latent SCM,0.822,0.41415295376005923,0.1032258064516129,0.1323352901895347,0.037187856131618305,0.4142387740130497,0.462,155,0.8247914183551848,0.8074534161490683,0.75,0.057666666666666665,0.002
25,0,Exact no shift,Target oracle (reference),0.824,0.41932274148296594,0.17419354838709677,0.13169657624281011,0.021341838620621084,0.4028186801799285,0.5,155,0.8295589988081049,0.7950310559006211,0.734375,0.057666666666666665,0.002
26,0,Exact no shift,Pooled associative latent class model,0.801,0.36177083080877004,0.33766233766233766,0.13533525611851316,0.029183243537817496,0.42258459684361493,0.548,154,0.8067520372526193,0.7659574468085106,0.7142857142857143,0.051,0.0
26,0,Exact no shift,Target-calibrated associative latent model,0.815,0.3963006487924631,0.2597402597402597,0.12795929146803758,0.041899652003048335,0.40006978773742025,0.546,154,0.8183934807916181,0.7943262411347518,0.7551020408163265,0.051,0.0
26,0,Exact no shift,Frozen causal latent SCM,0.813,0.391267281379117,0.17532467532467533,0.12693723977026355,0.02827223124663563,0.4004390858425419,0.516,154,0.8149010477299186,0.8014184397163121,0.7755102040816326,0.051,0.0
26,0,Exact no shift,Modular causal latent SCM,0.814,0.39378112955490935,0.24675324675324675,0.12812171990058407,0.03927928169638296,0.39870331141436804,0.541,154,0.8160651920838184,0.8014184397163121,0.7551020408163265,0.051,0.0
26,0,Exact no shift,Target oracle (reference),0.822,0.4141499668015804,0.14285714285714285,0.12458692920342565,0.01783995480451008,0.3962701892207757,0.513,154,0.8242142025611175,0.8085106382978723,0.7959183673469388,0.051,0.0
27,0,Exact no shift,Pooled associative latent class model,0.827,0.4271429007387323,0.2413793103448276,0.12721331756688553,0.029672763137290538,0.4206287025692162,0.512,145,0.8321342925659473,0.8012048192771084,0.8604651162790697,0.056666666666666664,0.0
27,0,Exact no shift,Target-calibrated associative latent model,0.829,0.4323984492601388,0.1724137931034483,0.12116831027119335,0.03310839227365596,0.4034015760493213,0.534,145,0.8333333333333334,0.8072289156626506,0.8604651162790697,0.056666666666666664,0.0
27,0,Exact no shift,Frozen causal latent SCM,0.831,0.43768371543002305,0.1724137931034483,0.1208287462197437,0.034492768616170164,0.40320560022325946,0.534,145,0.8333333333333334,0.8192771084337349,0.8837209302325582,0.056666666666666664,0.0
27,0,Exact no shift,Modular causal latent SCM,0.831,0.4376826379492904,0.16551724137931034,0.12046040012822298,0.02992027677531561,0.40294425904277403,0.526,145,0.8333333333333334,0.8192771084337349,0.8837209302325582,0.056666666666666664,0.0
27,0,Exact no shift,Target oracle (reference),0.838,0.45643194420205474,0.15172413793103448,0.11922722739150385,0.029856540151065786,0.4036663543395429,0.505,145,0.8405275779376499,0.8253012048192772,0.8837209302325582,0.056666666666666664,0.0
28,0,Exact no shift,Pooled associative latent class model,0.802,0.36418017565426886,0.3333333333333333,0.1383596369267471,0.01663241197326135,0.4174710252766064,0.518,150,0.8125,0.743421052631579,0.8235294117647058,0.055,0.001
28,0,Exact no shift,Target-calibrated associative latent model,0.807,0.376372384429994,0.14,0.13030715950834032,0.018870514946565674,0.3872001988215102,0.507,150,0.8125,0.7763157894736842,0.8431372549019608,0.055,0.001
28,0,Exact no shift,Frozen causal latent SCM,0.811,0.3862702750521917,0.20666666666666667,0.1266744554018164,0.0351167392869109,0.3935928955712425,0.513,150,0.8207547169811321,0.756578947368421,0.8431372549019608,0.055,0.001
28,0,Exact no shift,Modular causal latent SCM,0.814,0.3937777914232307,0.13333333333333333,0.12635106463634485,0.03042342973127574,0.393195267597358,0.496,150,0.8254716981132075,0.75,0.8235294117647058,0.055,0.001
28,0,Exact no shift,Target oracle (reference),0.811,0.3862702589943813,0.21333333333333335,0.12643480449200387,0.0231196035962328,0.3849174212342404,0.521,150,0.8183962264150944,0.7697368421052632,0.8235294117647058,0.055,0.001
29,0,Exact no shift,Pooled associative latent class model,0.818,0.4038977258943873,0.32608695652173914,0.1281651296423243,0.023378212598393813,0.4035643924085022,0.528,138,0.8151658767772512,0.8333333333333334,0.8723404255319149,0.05566666666666667,0.001
29,0,Exact no shift,Target-calibrated associative latent model,0.823,0.41673372462571706,0.14492753623188406,0.12672949909864387,0.03200960757275792,0.3934185985508913,0.501,138,0.8234597156398105,0.8205128205128205,0.8297872340425532,0.05566666666666667,0.001
29,0,Exact no shift,Frozen causal latent SCM,0.835,0.4483446749245459,0.2028985507246377,0.1219698820385664,0.029779356138551552,0.39505934221190797,0.535,138,0.8388625592417062,0.8141025641025641,0.8297872340425532,0.05566666666666667,0.001
29,0,Exact no shift,Modular causal latent SCM,0.831,0.43767984210552896,0.18840579710144928,0.12201935204344991,0.03263600824598763,0.39481026462461294,0.527,138,0.8329383886255924,0.8205128205128205,0.8297872340425532,0.05566666666666667,0.001
29,0,Exact no shift,Target oracle (reference),0.829,0.4323967103955865,0.2028985507246377,0.11992370536791805,0.02420424575739753,0.39801972411008646,0.513,138,0.8341232227488151,0.8012820512820513,0.8297872340425532,0.05566666666666667,0.001
30,0,Exact no shift,Pooled associative latent class model,0.819,0.4064501262083962,0.34459459459459457,0.13441215591706634,0.05532306260247175,0.4213647023665871,0.577,148,0.8329355608591885,0.7469135802469136,0.7966101694915254,0.057,0.0
30,0,Exact no shift,Target-calibrated associative latent model,0.821,0.4115753356400579,0.17567567567567569,0.12706910891581139,0.05263761236297681,0.39750147376859385,0.567,148,0.8233890214797136,0.808641975308642,0.8983050847457628,0.057,0.0
30,0,Exact no shift,Frozen causal latent SCM,0.816,0.3988226149867324,0.17567567567567569,0.1255575654444185,0.05129330191618047,0.39942754589064033,0.562,148,0.8221957040572793,0.7839506172839507,0.8813559322033898,0.057,0.0
30,0,Exact no shift,Modular causal latent SCM,0.814,0.39377759618822994,0.16891891891891891,0.12552353094783084,0.04938524131362047,0.3996580051240958,0.558,148,0.8186157517899761,0.7901234567901234,0.8983050847457628,0.057,0.0
30,0,Exact no shift,Target oracle (reference),0.833,0.4429990119115861,0.12837837837837837,0.12173691790298884,0.02589034263274989,0.4027700815301586,0.503,148,0.8412887828162291,0.7901234567901234,0.847457627118644,0.057,0.0
31,0,Exact no shift,Pooled associative latent class model,0.78,0.31291514352684513,0.2913907284768212,0.14611432518513243,0.04443936455242341,0.432838655818361,0.46,151,0.7830750893921334,0.7639751552795031,0.8163265306122449,0.05533333333333333,0.0
31,0,Exact no shift,Target-calibrated associative latent model,0.81,0.38378341924079307,0.152317880794702,0.1306473256192816,0.02924357418432987,0.4166763690780155,0.502,151,0.8188319427890346,0.7639751552795031,0.7755102040816326,0.05533333333333333,0.0
31,0,Exact no shift,Frozen causal latent SCM,0.807,0.3763726588157459,0.16556291390728478,0.13088414166694376,0.02878305719219339,0.417670267992175,0.479,151,0.8140643623361145,0.7701863354037267,0.7755102040816326,0.05533333333333333,0.0
31,0,Exact no shift,Modular causal latent SCM,0.813,0.3912670784260611,0.152317880794702,0.129921236930769,0.018771021937627107,0.41852021677249773,0.489,151,0.8212157330154947,0.7701863354037267,0.7755102040816326,0.05533333333333333,0.0
31,0,Exact no shift,Target oracle (reference),0.81,0.3837835615015237,0.17880794701986755,0.1307443472696469,0.019887127037041732,0.40398975894485656,0.49,151,0.8200238379022646,0.7577639751552795,0.7755102040816326,0.05533333333333333,0.0
32,0,Exact no shift,Pooled associative latent class model,0.806,0.3739175475384494,0.3724137931034483,0.13637549273203312,0.026122674864298815,0.4127415899902302,0.51,145,0.806146572104019,0.8051948051948052,0.8085106382978723,0.05433333333333333,0.0
32,0,Exact no shift,Target-calibrated associative latent model,0.812,0.3887645092367377,0.1724137931034483,0.12757100203347504,0.023421064525483235,0.38791347177325297,0.488,145,0.8096926713947991,0.8246753246753247,0.851063829787234,0.05433333333333333,0.0
32,0,Exact no shift,Frozen causal latent SCM,0.816,0.3988222300790023,0.19310344827586207,0.12719269227853283,0.019318429165025866,0.3889143493310081,0.5,145,0.8156028368794326,0.8181818181818182,0.851063829787234,0.05433333333333333,0.0
32,0,Exact no shift,Modular causal latent SCM,0.814,0.39377855720040084,0.15862068965517243,0.12891449770805302,0.029552979913846464,0.3876266102265784,0.476,145,0.8108747044917257,0.8311688311688312,0.851063829787234,0.05433333333333333,0.0
32,0,Exact no shift,Target oracle (reference),0.815,0.3962961034403157,0.2,0.1272246201941671,0.026813885393177375,0.3925613042370014,0.487,145,0.8132387706855791,0.8246753246753247,0.851063829787234,0.05433333333333333,0.0
33,0,Exact no shift,Pooled associative latent class model,0.815,0.39629641017476236,0.3312883435582822,0.12842002108806144,0.030764313656419674,0.42192841154565836,0.488,163,0.8217703349282297,0.7804878048780488,0.8620689655172413,0.057,0.0
33,0,Exact no shift,Target-calibrated associative latent model,0.788,0.33109797593606655,0.4662576687116564,0.14264807975369745,0.09588030042676109,0.38599091930823887,0.589,163,0.7918660287081339,0.7682926829268293,0.8620689655172413,0.057,0.0
33,0,Exact no shift,Frozen causal latent SCM,0.824,0.4193234070244538,0.20245398773006135,0.1211612263361161,0.03681455496447994,0.39709824239589947,0.513,163,0.8349282296650717,0.7682926829268293,0.8275862068965517,0.057,0.0
33,0,Exact no shift,Modular causal latent SCM,0.809,0.38130304383753005,0.34355828220858897,0.12820748944540947,0.06271699373939782,0.3935557207043028,0.548,163,0.8157894736842105,0.774390243902439,0.8448275862068966,0.057,0.0
33,0,Exact no shift,Target oracle (reference),0.834,0.44566974957312916,0.17177914110429449,0.11900253025312843,0.029773031715275962,0.39030167165156837,0.487,163,0.8444976076555024,0.7804878048780488,0.8103448275862069,0.057,0.0
34,0,Exact no shift,Pooled associative latent class model,0.837,0.4537247574257906,0.3046875,0.12461400569849974,0.0307058124118244,0.41539978158852964,0.542,128,0.844626168224299,0.7916666666666666,0.851063829787234,0.050333333333333334,0.0
34,0,Exact no shift,Target-calibrated associative latent model,0.837,0.45371536431929543,0.2265625,0.12331352683462925,0.042996191359486784,0.3926038463883974,0.568,128,0.8492990654205608,0.7638888888888888,0.723404255319149,0.050333333333333334,0.0
34,0,Exact no shift,Frozen causal latent SCM,0.834,0.44566250105985733,0.203125,0.12143289115518706,0.04338374007583854,0.39577314552656184,0.549,128,0.8481308411214953,0.75,0.723404255319149,0.050333333333333334,0.0
34,0,Exact no shift,Modular causal latent SCM,0.832,0.4403277259160098,0.1953125,0.12298477507585749,0.041795607495959584,0.39567501789195153,0.553,128,0.8457943925233645,0.75,0.723404255319149,0.050333333333333334,0.0
34,0,Exact no shift,Target oracle (reference),0.831,0.43767948423898223,0.1640625,0.12104712540535341,0.023910413820967025,0.39768061775884134,0.53,128,0.844626168224299,0.75,0.723404255319149,0.050333333333333334,0.0
35,0,Exact no shift,Pooled associative latent class model,0.802,0.3641802473654914,0.2905405405405405,0.13243305552493753,0.03894773545562062,0.41322332213609614,0.483,148,0.8028673835125448,0.7975460122699386,0.7735849056603774,0.05566666666666667,0.0
35,0,Exact no shift,Target-calibrated associative latent model,0.813,0.391270978192776,0.12837837837837837,0.12945662708758107,0.057750632435976786,0.3883961219019986,0.45,148,0.8172043010752689,0.7914110429447853,0.7924528301886793,0.05566666666666667,0.0
35,0,Exact no shift,Frozen causal latent SCM,0.816,0.3988227821018417,0.20270270270270271,0.12380305591210644,0.02787888075212688,0.3906852498591819,0.485,148,0.8172043010752689,0.8098159509202454,0.8113207547169812,0.05566666666666667,0.0
35,0,Exact no shift,Modular causal latent SCM,0.815,0.39629682952898804,0.20270270270270271,0.12500380179014367,0.036034488539305694,0.38995173590492244,0.476,148,0.8160095579450418,0.8098159509202454,0.8113207547169812,0.05566666666666667,0.0
35,0,Exact no shift,Target oracle (reference),0.825,0.421921630598519,0.20945945945945946,0.12219724873745441,0.030289455645258725,0.3946172072365441,0.508,148,0.8279569892473119,0.8098159509202454,0.8301886792452831,0.05566666666666667,0.0
36,0,Exact no shift,Pooled associative latent class model,0.809,0.38130516511093204,0.26627218934911245,0.13413440979169303,0.04451697164622661,0.4066159191779525,0.482,169,0.8147713950762017,0.7755102040816326,0.8235294117647058,0.050333333333333334,0.0
36,0,Exact no shift,Target-calibrated associative latent model,0.825,0.42192134485403454,0.11834319526627218,0.12244402537970393,0.056732474609763474,0.3870116529695457,0.476,169,0.8288393903868698,0.8027210884353742,0.8823529411764706,0.050333333333333334,0.0
36,0,Exact no shift,Frozen causal latent SCM,0.818,0.4039003105990339,0.20710059171597633,0.12109242137875287,0.031050236898200953,0.3910794929227353,0.505,169,0.8264947245017585,0.7687074829931972,0.8823529411764706,0.050333333333333334,0.0
36,0,Exact no shift,Modular causal latent SCM,0.822,0.4141505107325182,0.17751479289940827,0.12135902910768506,0.04263841256687242,0.38948566191509487,0.493,169,0.8311840562719812,0.7687074829931972,0.8823529411764706,0.050333333333333334,0.0
36,0,Exact no shift,Target oracle (reference),0.826,0.4245280368845251,0.23076923076923078,0.11806389431768917,0.026867319698236566,0.3795319461148126,0.523,169,0.8335287221570926,0.782312925170068,0.8627450980392157,0.050333333333333334,0.0
37,0,Exact no shift,Pooled associative latent class model,0.804,0.3690335223792899,0.35119047619047616,0.13153882560593724,0.0394609201194277,0.40994143182602627,0.511,168,0.8080194410692588,0.7853107344632768,0.8387096774193549,0.06233333333333333,0.0
37,0,Exact no shift,Target-calibrated associative latent model,0.806,0.3739168677554799,0.26785714285714285,0.12550868820970834,0.056101551866012664,0.378735187612866,0.523,168,0.8092345078979344,0.7909604519774012,0.8709677419354839,0.06233333333333333,0.0
37,0,Exact no shift,Frozen causal latent SCM,0.818,0.4039007635859041,0.20833333333333334,0.12118035639737108,0.038500945526698686,0.3818815992889811,0.497,168,0.8250303766707169,0.7853107344632768,0.8387096774193549,0.06233333333333333,0.0
37,0,Exact no shift,Modular causal latent SCM,0.817,0.4013582571185944,0.22023809523809523,0.12170124204354493,0.0380941247523096,0.38175785202494494,0.5,168,0.8226002430133658,0.7909604519774012,0.8548387096774194,0.06233333333333333,0.0
37,0,Exact no shift,Target oracle (reference),0.824,0.41932234932190726,0.17857142857142858,0.11716760166265036,0.039081624916231475,0.400325809607952,0.477,168,0.8335358444714459,0.7796610169491526,0.8387096774193549,0.06233333333333333,0.0
38,0,Exact no shift,Pooled associative latent class model,0.807,0.3763734329014015,0.35403726708074534,0.13605061433784732,0.0331347036741425,0.42043995409622814,0.526,161,0.8116959064327486,0.7793103448275862,0.7346938775510204,0.051333333333333335,0.0
38,0,Exact no shift,Target-calibrated associative latent model,0.826,0.4245307683586323,0.2360248447204969,0.12553029085693465,0.04180516532319096,0.3908814206292382,0.535,161,0.8315789473684211,0.7931034482758621,0.7551020408163265,0.051333333333333335,0.0
38,0,Exact no shift,Frozen causal latent SCM,0.826,0.4245281402895375,0.19254658385093168,0.1225287779843482,0.027180851463260637,0.39167880895126733,0.509,161,0.8315789473684211,0.7931034482758621,0.7142857142857143,0.051333333333333335,0.0
38,0,Exact no shift,Modular causal latent SCM,0.832,0.4403369596679935,0.20496894409937888,0.1234111996246875,0.03932999681443057,0.3909602825803149,0.523,161,0.8374269005847953,0.8,0.7551020408163265,0.051333333333333335,0.0
38,0,Exact no shift,Target oracle (reference),0.834,0.44566917177221826,0.18633540372670807,0.1197866454891235,0.03253503520954537,0.3863478849988654,0.505,161,0.8385964912280702,0.8068965517241379,0.7551020408163265,0.051333333333333335,0.0
39,0,Exact no shift,Pooled associative latent class model,0.809,0.3813052767982616,0.25,0.13643678393033276,0.03544989341888215,0.43006398483962244,0.516,136,0.8216783216783217,0.7323943661971831,0.7058823529411765,0.05,0.0
39,0,Exact no shift,Target-calibrated associative latent model,0.809,0.38130328129867225,0.10294117647058823,0.13206867895632382,0.049816612033566174,0.4051058961342035,0.474,136,0.824009324009324,0.7183098591549296,0.6862745098039216,0.05,0.0
39,0,Exact no shift,Frozen causal latent SCM,0.814,0.39377856453821464,0.11764705882352941,0.12979022489526068,0.039989459206970696,0.4076798235481817,0.491,136,0.8286713286713286,0.7253521126760564,0.7058823529411765,0.05,0.0
39,0,Exact no shift,Modular causal latent SCM,0.809,0.3813037564187896,0.10294117647058823,0.13106972008015252,0.05240922624076161,0.40708305767728825,0.476,136,0.8228438228438228,0.7253521126760564,0.6862745098039216,0.05,0.0
39,0,Exact no shift,Target oracle (reference),0.819,0.4064489645141695,0.14705882352941177,0.12519330093006764,0.031723491007216664,0.38557975149625134,0.524,136,0.8321678321678322,0.7394366197183099,0.7450980392156863,0.05,0.0
40,0,Exact no shift,Pooled associative latent class model,0.798,0.3545655971244973,0.35555555555555557,0.13655051117479758,0.027874348084902998,0.3915395992291693,0.548,135,0.8032596041909197,0.7659574468085106,0.7567567567567568,0.05,0.0
40,0,Exact no shift,Target-calibrated associative latent model,0.804,0.3690336153322326,0.15555555555555556,0.13445043837469967,0.04856070544289876,0.3722884096835382,0.502,135,0.8055878928987195,0.7943262411347518,0.8108108108108109,0.05,0.0
40,0,Exact no shift,Frozen causal latent SCM,0.812,0.38876327427958923,0.17777777777777778,0.1323616200420542,0.04839426498651007,0.3754171120170962,0.53,135,0.8160651920838184,0.7872340425531915,0.7837837837837838,0.05,0.0
40,0,Exact no shift,Modular causal latent SCM,0.812,0.38876327427958923,0.17777777777777778,0.13243344366362553,0.047027892239036584,0.3753402912696663,0.53,135,0.8160651920838184,0.7872340425531915,0.7837837837837838,0.05,0.0
40,0,Exact no shift,Target oracle (reference),0.808,0.3788335904517952,0.17037037037037037,0.13216685866669126,0.03950230763785127,0.40054463031201065,0.528,135,0.8137369033760187,0.7730496453900709,0.7567567567567568,0.05,0.0
41,0,Exact no shift,Pooled associative latent class model,0.788,0.3311046359661426,0.2389937106918239,0.14037422538459035,0.03041067766518834,0.4381234719393071,0.442,159,0.7930204572803851,0.7633136094674556,0.7846153846153846,0.059333333333333335,0.0
41,0,Exact no shift,Target-calibrated associative latent model,0.793,0.3427377476672848,0.13836477987421383,0.13517332835541007,0.038048106494854565,0.41820879541433653,0.461,159,0.7966305655836342,0.7751479289940828,0.8153846153846154,0.059333333333333335,0.0
41,0,Exact no shift,Frozen causal latent SCM,0.8,0.35935877108953557,0.16352201257861634,0.1337840038852046,0.026536724840566676,0.42110235625667153,0.468,159,0.8050541516245487,0.7751479289940828,0.8153846153846154,0.059333333333333335,0.0
41,0,Exact no shift,Modular causal latent SCM,0.798,0.35457039139224744,0.1761006289308176,0.13397994861098084,0.02986852093307215,0.4219452572415139,0.478,159,0.802647412755716,0.7751479289940828,0.8153846153846154,0.059333333333333335,0.0
41,0,Exact no shift,Target oracle (reference),0.803,0.3666025191922348,0.16981132075471697,0.13320668413180578,0.02156342641631548,0.40868130032186917,0.481,159,0.8074608904933814,0.7810650887573964,0.8,0.059333333333333335,0.0
42,0,Exact no shift,Pooled associative latent class model,0.788,0.33110918214107204,0.2463768115942029,0.1512193194564977,0.044073996277916305,0.4176087367999501,0.468,138,0.7987951807228916,0.7352941176470589,0.7457627118644068,0.06066666666666667,0.0
42,0,Exact no shift,Target-calibrated associative latent model,0.804,0.3690336248005034,0.1956521739130435,0.14209454321491352,0.03285254243870952,0.4018499226916818,0.478,138,0.810843373493976,0.7705882352941177,0.7796610169491526,0.06066666666666667,0.0
42,0,Exact no shift,Frozen causal latent SCM,0.804,0.3690336248005034,0.18840579710144928,0.14218109790957645,0.028675841939288845,0.4027632517992313,0.478,138,0.8120481927710843,0.7647058823529411,0.7796610169491526,0.06066666666666667,0.0
42,0,Exact no shift,Modular causal latent SCM,0.802,0.36417991005247674,0.21014492753623187,0.14203568654400875,0.028618120359820507,0.4026696732360112,0.488,138,0.810843373493976,0.7588235294117647,0.7627118644067796,0.06066666666666667,0.0
42,0,Exact no shift,Target oracle (reference),0.8,0.35935974451343566,0.1956521739130435,0.1365902881846285,0.019318227077048254,0.40736849565230876,0.48,138,0.8060240963855422,0.7705882352941177,0.7796610169491526,0.06066666666666667,0.0
43,0,Exact no shift,Pooled associative latent class model,0.799,0.35695710357342914,0.2679738562091503,0.13803016887133368,0.022139255685356535,0.41541457541130894,0.457,153,0.806831566548881,0.7549668874172185,0.7555555555555555,0.053,0.0
43,0,Exact no shift,Target-calibrated associative latent model,0.804,0.36903301883060013,0.22875816993464052,0.13192755443271767,0.04039352878117762,0.39117960608459307,0.484,153,0.8091872791519434,0.7748344370860927,0.8222222222222222,0.053,0.0
43,0,Exact no shift,Frozen causal latent SCM,0.808,0.3788309059230895,0.1503267973856209,0.1297632965178121,0.03577530303005167,0.39111488386339577,0.456,153,0.8103651354534747,0.7947019867549668,0.8444444444444444,0.053,0.0
43,0,Exact no shift,Modular causal latent SCM,0.807,0.3763704094933294,0.1895424836601307,0.1302417934270477,0.03817062676385358,0.39180501558721825,0.467,153,0.8091872791519434,0.7947019867549668,0.8444444444444444,0.053,0.0
43,0,Exact no shift,Target oracle (reference),0.815,0.3962965884545796,0.16993464052287582,0.12885154515201128,0.02618805167475575,0.3875849111869082,0.489,153,0.8186101295641932,0.7947019867549668,0.8222222222222222,0.053,0.0
44,0,Exact no shift,Pooled associative latent class model,0.818,0.403906106256062,0.2345679012345679,0.12757356626576705,0.04532015674368904,0.40471640432254286,0.441,162,0.816350710900474,0.8269230769230769,0.8727272727272727,0.055,0.0
44,0,Exact no shift,Target-calibrated associative latent model,0.825,0.42193722274407547,0.09876543209876543,0.1195159642434085,0.06827248380109462,0.38684260589708847,0.408,162,0.8222748815165877,0.8397435897435898,0.9090909090909091,0.055,0.0
44,0,Exact no shift,Frozen causal latent SCM,0.843,0.4700735353582952,0.1111111111111111,0.11501445279706334,0.048377080291832984,0.3896914965361442,0.432,162,0.8388625592417062,0.8653846153846154,0.9272727272727272,0.055,0.0
44,0,Exact no shift,Modular causal latent SCM,0.828,0.4297805227202302,0.09876543209876543,0.11915216642347952,0.06556079656271192,0.38571019292051595,0.409,162,0.8258293838862559,0.8397435897435898,0.8909090909090909,0.055,0.0
44,0,Exact no shift,Target oracle (reference),0.847,0.48111801000086396,0.1419753086419753,0.11212084142365535,0.029417716029655268,0.39461709136258016,0.472,162,0.8436018957345972,0.8653846153846154,0.9090909090909091,0.055,0.0
45,0,Exact no shift,Pooled associative latent class model,0.805,0.371470874069621,0.3037037037037037,0.14009762111758006,0.026868905247397462,0.4034440971525195,0.498,135,0.8183990442054958,0.7361963190184049,0.75,0.055,0.0
45,0,Exact no shift,Target-calibrated associative latent model,0.8,0.3593598321333557,0.1925925925925926,0.1352694683595435,0.03515461521053431,0.38228631423711557,0.479,135,0.8160095579450418,0.7177914110429447,0.6875,0.055,0.0
45,0,Exact no shift,Frozen causal latent SCM,0.801,0.3617653070967529,0.22962962962962963,0.13456202227415906,0.03524866728219901,0.3815767016186375,0.508,135,0.8172043010752689,0.7177914110429447,0.6666666666666666,0.055,0.0
45,0,Exact no shift,Modular causal latent SCM,0.794,0.34508851974977955,0.2,0.13557175967464855,0.03615865691105082,0.38228462604777974,0.495,135,0.8100358422939068,0.7116564417177914,0.625,0.055,0.0
45,0,Exact no shift,Target oracle (reference),0.809,0.38130548219968563,0.23703703703703705,0.13235558388521768,0.025389334009117484,0.39397873843392395,0.518,135,0.8255675029868578,0.7239263803680982,0.6458333333333334,0.055,0.0
46,0,Exact no shift,Pooled associative latent class model,0.789,0.33341649928038336,0.2907801418439716,0.14781018364240692,0.03407588557575434,0.4000414187665398,0.468,141,0.7897793263646922,0.7841726618705036,0.8,0.050333333333333334,0.0
46,0,Exact no shift,Target-calibrated associative latent model,0.793,0.3427319150225643,0.09929078014184398,0.14431308853481442,0.05372896767927254,0.37263737934125546,0.422,141,0.7990708478513356,0.7553956834532374,0.8,0.050333333333333334,0.0
46,0,Exact no shift,Frozen causal latent SCM,0.802,0.3641802718298707,0.2198581560283688,0.14005368173888258,0.032180523537744775,0.37811814547737294,0.487,141,0.8048780487804879,0.7841726618705036,0.8,0.050333333333333334,0.0
46,0,Exact no shift,Modular causal latent SCM,0.807,0.3763720105835176,0.19858156028368795,0.13987181311048058,0.03423382099018531,0.3778351854170728,0.476,141,0.8118466898954704,0.7769784172661871,0.7777777777777778,0.050333333333333334,0.0
46,0,Exact no shift,Target oracle (reference),0.809,0.3813055761518465,0.2198581560283688,0.13789506979124444,0.03141247962230318,0.3957085047492253,0.502,141,0.8118466898954704,0.7913669064748201,0.8222222222222222,0.050333333333333334,0.0
47,0,Exact no shift,Pooled associative latent class model,0.814,0.39377772214630935,0.3413173652694611,0.13605746885732564,0.03711014416167153,0.4320399744809788,0.512,167,0.8150765606595995,0.8079470198675497,0.8837209302325582,0.05333333333333334,0.0
47,0,Exact no shift,Target-calibrated associative latent model,0.816,0.3988229446098474,0.19760479041916168,0.13163698845348903,0.03379613124945503,0.4090299370724806,0.522,167,0.817432273262662,0.8079470198675497,0.8604651162790697,0.05333333333333334,0.0
47,0,Exact no shift,Frozen causal latent SCM,0.828,0.42976588128434057,0.20958083832335328,0.1280815228316809,0.03786935149654191,0.4108688157800309,0.522,167,0.8292108362779741,0.8211920529801324,0.8837209302325582,0.05333333333333334,0.0
47,0,Exact no shift,Modular causal latent SCM,0.827,0.4271430791669137,0.17964071856287425,0.12773120842815852,0.03482386766238573,0.4111242496455843,0.511,167,0.8292108362779741,0.8145695364238411,0.8604651162790697,0.05333333333333334,0.0
47,0,Exact no shift,Target oracle (reference),0.829,0.43239627797094654,0.18562874251497005,0.12595011338482695,0.02298333084691162,0.4016595438163471,0.497,167,0.8315665488810365,0.8145695364238411,0.8837209302325582,0.05333333333333334,0.0
48,0,Exact no shift,Pooled associative latent class model,0.812,0.3887678660383631,0.25196850393700787,0.1266379888399616,0.03155338814225411,0.40557360822050414,0.461,127,0.8132387706855791,0.8051948051948052,0.7777777777777778,0.055,0.0
48,0,Exact no shift,Target-calibrated associative latent model,0.834,0.4456728362765272,0.07874015748031496,0.1215275378567201,0.030512749113307622,0.3742906006048983,0.459,127,0.8404255319148937,0.7987012987012987,0.7592592592592593,0.055,0.0
48,0,Exact no shift,Frozen causal latent SCM,0.831,0.4376862923880277,0.08661417322834646,0.1216599151470423,0.035566619469415535,0.3759993069545339,0.452,127,0.8392434988179669,0.7857142857142857,0.7592592592592593,0.055,0.0
48,0,Exact no shift,Modular causal latent SCM,0.829,0.4324024371207733,0.07086614173228346,0.12253439313918368,0.03968357843259525,0.37546758564564736,0.446,127,0.8356973995271868,0.7922077922077922,0.7592592592592593,0.055,0.0
48,0,Exact no shift,Target oracle (reference),0.842,0.4673234062542607,0.09448818897637795,0.11996781277707609,0.03350844008580587,0.3976167483545289,0.483,127,0.851063829787234,0.7922077922077922,0.7777777777777778,0.055,0.0
49,0,Exact no shift,Pooled associative latent class model,0.793,0.34274725957073865,0.36428571428571427,0.147796454210226,0.049543703766810644,0.41628437942865704,0.562,140,0.7990373044524669,0.7633136094674556,0.8771929824561403,0.06,0.001
49,0,Exact no shift,Target-calibrated associative latent model,0.793,0.34275183996007674,0.2714285714285714,0.1415538989525905,0.06126372554507725,0.3979640589879395,0.576,140,0.8050541516245487,0.7337278106508875,0.8421052631578947,0.06,0.001
49,0,Exact no shift,Frozen causal latent SCM,0.8,0.3593662897510016,0.24285714285714285,0.1385009469399502,0.04922690972556192,0.40165370405951656,0.557,140,0.8110709987966306,0.7455621301775148,0.8596491228070176,0.06,0.001
49,0,Exact no shift,Modular causal latent SCM,0.798,0.35457922903028155,0.2642857142857143,0.1394413810321584,0.04864994910546767,0.40074282423600077,0.563,140,0.8086642599277978,0.7455621301775148,0.8596491228070176,0.06,0.001
49,0,Exact no shift,Target oracle (reference),0.809,0.38130603285892484,0.19285714285714287,0.1336403149523238,0.019048416394064793,0.39677601614358504,0.524,140,0.8146811070998796,0.7810650887573964,0.8596491228070176,0.06,0.001
50,0,Exact no shift,Pooled associative latent class model,0.813,0.3912689053500225,0.22580645161290322,0.13206989457274426,0.057343434004389404,0.4341327301741983,0.463,155,0.8288075560802833,0.7254901960784313,0.723404255319149,0.05433333333333333,0.0
50,0,Exact no shift,Target-calibrated associative latent model,0.823,0.4167343022886328,0.0967741935483871,0.12506095869679462,0.050986221238509224,0.40255668990372395,0.463,155,0.8382526564344747,0.738562091503268,0.7659574468085106,0.05433333333333333,0.0
50,0,Exact no shift,Frozen causal latent SCM,0.832,0.4403364359316764,0.13548387096774195,0.12177208595958999,0.035300234877722936,0.403164543619185,0.482,155,0.846517119244392,0.7516339869281046,0.723404255319149,0.05433333333333333,0.0
50,0,Exact no shift,Modular causal latent SCM,0.83,0.43503535295470225,0.1032258064516129,0.12370784638180359,0.04580419772083637,0.4025173000946489,0.478,155,0.8429752066115702,0.7581699346405228,0.7659574468085106,0.05433333333333333,0.0
50,0,Exact no shift,Target oracle (reference),0.838,0.45643212655326226,0.14193548387096774,0.11999785526711261,0.028806500071134476,0.3951169176449332,0.504,155,0.8536009445100354,0.7516339869281046,0.723404255319149,0.05433333333333333,0.0
51,0,Exact no shift,Pooled associative latent class model,0.806,0.3739185928204519,0.27692307692307694,0.13897732254414763,0.028598091108441383,0.4320395690227116,0.497,130,0.8133174791914387,0.7672955974842768,0.7777777777777778,0.05466666666666667,0.0
51,0,Exact no shift,Target-calibrated associative latent model,0.812,0.388764833115242,0.18461538461538463,0.12894334003128607,0.02119649727214943,0.3979281684146167,0.515,130,0.8156956004756243,0.7924528301886793,0.8444444444444444,0.05466666666666667,0.0
51,0,Exact no shift,Frozen causal latent SCM,0.81,0.38378367628810284,0.16153846153846155,0.1302158438932647,0.018879265471793416,0.39994402522443767,0.517,130,0.8145065398335315,0.7861635220125787,0.8444444444444444,0.05466666666666667,0.0
51,0,Exact no shift,Modular causal latent SCM,0.813,0.3912654974253205,0.19230769230769232,0.12960763362008307,0.018624806675854845,0.3991217165077849,0.53,130,0.8192627824019025,0.779874213836478,0.8444444444444444,0.05466666666666667,0.0
51,0,Exact no shift,Target oracle (reference),0.813,0.39126637962474653,0.16153846153846155,0.13008492358576573,0.018949022648361458,0.3950826733550658,0.524,130,0.8156956004756243,0.7987421383647799,0.8444444444444444,0.05466666666666667,0.0
52,0,Exact no shift,Pooled associative latent class model,0.808,0.3788357426947404,0.2804878048780488,0.13505619374092845,0.0409627406973858,0.4145342971344735,0.494,164,0.8113207547169812,0.7894736842105263,0.7631578947368421,0.052333333333333336,0.0
52,0,Exact no shift,Target-calibrated associative latent model,0.816,0.3987975709003258,0.3231707317073171,0.13172598690198226,0.03433148100189298,0.393885003227119,0.58,164,0.8136792452830188,0.8289473684210527,0.868421052631579,0.052333333333333336,0.0
52,0,Exact no shift,Frozen causal latent SCM,0.832,0.44033337785405313,0.18292682926829268,0.12276881460518899,0.028480518333616762,0.39978843609301606,0.532,164,0.8349056603773585,0.8157894736842105,0.8421052631578947,0.052333333333333336,0.0
52,0,Exact no shift,Modular causal latent SCM,0.835,0.44834355970107487,0.1951219512195122,0.12405593353872797,0.02915371848902259,0.3998092333187487,0.539,164,0.8372641509433962,0.8223684210526315,0.8421052631578947,0.052333333333333336,0.0
52,0,Exact no shift,Target oracle (reference),0.831,0.43767554075314624,0.18292682926829268,0.12205815137268602,0.026000108280581163,0.39596483599901444,0.543,164,0.8360849056603774,0.8026315789473685,0.7894736842105263,0.052333333333333336,0.0
53,0,Exact no shift,Pooled associative latent class model,0.808,0.37883441576881866,0.30128205128205127,0.13533390173266166,0.034050394120470756,0.42523287264860266,0.491,156,0.8188405797101449,0.7558139534883721,0.7222222222222222,0.061,0.001
53,0,Exact no shift,Target-calibrated associative latent model,0.816,0.39882798493596855,0.17307692307692307,0.13161967861274623,0.045962770817393916,0.3972910870382724,0.451,156,0.8260869565217391,0.7674418604651163,0.7592592592592593,0.061,0.001
53,0,Exact no shift,Frozen causal latent SCM,0.818,0.4038995929288059,0.16666666666666666,0.12728077392765613,0.030179390758006866,0.40106502172339165,0.489,156,0.8297101449275363,0.7616279069767442,0.7777777777777778,0.061,0.001
53,0,Exact no shift,Modular causal latent SCM,0.817,0.4013583753974064,0.14743589743589744,0.12754922196313973,0.02835794949498984,0.4004673385612645,0.474,156,0.8260869565217391,0.7732558139534884,0.7962962962962963,0.061,0.001
53,0,Exact no shift,Target oracle (reference),0.815,0.39629593480011605,0.1794871794871795,0.12638029371876214,0.024189825885857292,0.4001306290461543,0.51,156,0.8309178743961353,0.7383720930232558,0.7407407407407407,0.061,0.001
54,0,Exact no shift,Pooled associative latent class model,0.819,0.40645347408523413,0.38620689655172413,0.13549682715500655,0.04195847161983143,0.40427017070652554,0.539,145,0.8174224343675418,0.8271604938271605,0.86,0.058,0.001
54,0,Exact no shift,Target-calibrated associative latent model,0.837,0.45372955238358975,0.12413793103448276,0.124575664284401,0.03706655655071557,0.38696489283840635,0.487,145,0.8365155131264916,0.8395061728395061,0.88,0.058,0.001
54,0,Exact no shift,Frozen causal latent SCM,0.837,0.45373055077517344,0.20689655172413793,0.1227962221452302,0.030028281698178578,0.38680578726073583,0.525,145,0.837708830548926,0.8333333333333334,0.9,0.058,0.001
54,0,Exact no shift,Modular causal latent SCM,0.836,0.45103504823658375,0.18620689655172415,0.12295443226253903,0.03472017238310411,0.38751717795673757,0.516,145,0.8365155131264916,0.8333333333333334,0.9,0.058,0.001
54,0,Exact no shift,Target oracle (reference),0.839,0.4591432276858004,0.2206896551724138,0.12041423966162401,0.031133129611834745,0.39506264392445806,0.517,145,0.8460620525059666,0.8024691358024691,0.8,0.058,0.001
55,0,Exact no shift,Pooled associative latent class model,0.817,0.4013571854282731,0.2708333333333333,0.13020346673072092,0.026084762311308296,0.42240267209221094,0.512,144,0.8253223915592028,0.7687074829931972,0.7708333333333334,0.05333333333333334,0.0
55,0,Exact no shift,Target-calibrated associative latent model,0.82,0.4090091867466532,0.16666666666666666,0.13012647809476213,0.03345788229626956,0.38806014697133456,0.519,144,0.8288393903868698,0.7687074829931972,0.8333333333333334,0.05333333333333334,0.0
55,0,Exact no shift,Frozen causal latent SCM,0.826,0.424528177710186,0.1111111111111111,0.1284105039641546,0.020389443457819734,0.39072986729060266,0.495,144,0.8370457209847597,0.7619047619047619,0.8125,0.05333333333333334,0.0
55,0,Exact no shift,Modular causal latent SCM,0.823,0.4167323376540306,0.125,0.12806680144211832,0.012615344997103704,0.3910442075771086,0.5,144,0.8335287221570926,0.7619047619047619,0.8125,0.05333333333333334,0.0
55,0,Exact no shift,Target oracle (reference),0.821,0.41157527903811436,0.125,0.12809144101063166,0.022691863577764006,0.39353974555345705,0.508,144,0.8335287221570926,0.7482993197278912,0.8125,0.05333333333333334,0.0
56,0,Exact no shift,Pooled associative latent class model,0.801,0.3617656970667547,0.3181818181818182,0.13945581589891964,0.040505455525994466,0.4028648236657365,0.537,154,0.8167053364269141,0.7028985507246377,0.75,0.049,0.0
56,0,Exact no shift,Target-calibrated associative latent model,0.812,0.388764665634497,0.2597402597402597,0.1343169299090368,0.043424905404259424,0.3766762199175246,0.544,154,0.820185614849188,0.7608695652173914,0.7708333333333334,0.049,0.0
56,0,Exact no shift,Frozen causal latent SCM,0.812,0.38876465505119256,0.22727272727272727,0.1318408947133558,0.03742385205794111,0.3796779791497153,0.546,154,0.8236658932714617,0.7391304347826086,0.75,0.049,0.0
56,0,Exact no shift,Modular causal latent SCM,0.811,0.38627017587158435,0.22727272727272727,0.13178518245876633,0.03218739078819649,0.38002681431549695,0.543,154,0.8236658932714617,0.7318840579710145,0.75,0.049,0.0
56,0,Exact no shift,Target oracle (reference),0.809,0.38130526299109124,0.21428571428571427,0.13180436905410248,0.03429814935479635,0.38067407741888704,0.531,154,0.8190255220417634,0.7463768115942029,0.7708333333333334,0.049,0.0
57,0,Exact no shift,Pooled associative latent class model,0.82,0.4090134524180421,0.21428571428571427,0.13030410487334781,0.07068606565291535,0.42763287200760114,0.445,140,0.8238153098420413,0.8022598870056498,0.8387096774193549,0.06133333333333333,0.0
57,0,Exact no shift,Target-calibrated associative latent model,0.834,0.44566963212187877,0.15714285714285714,0.11796828802600337,0.03065098875429216,0.38889726130710484,0.485,140,0.8371810449574727,0.8192090395480226,0.8548387096774194,0.06133333333333333,0.0
57,0,Exact no shift,Frozen causal latent SCM,0.824,0.41932768918342916,0.11428571428571428,0.1217808851715725,0.06610452448558328,0.3892598559222937,0.445,140,0.8213851761846902,0.8361581920903954,0.8709677419354839,0.06133333333333333,0.0
57,0,Exact no shift,Modular causal latent SCM,0.828,0.4297674946175697,0.16428571428571428,0.11913639083620126,0.04964409844340813,0.38971275392489135,0.463,140,0.827460510328068,0.8305084745762712,0.8870967741935484,0.06133333333333333,0.0
57,0,Exact no shift,Target oracle (reference),0.845,0.47557522035433725,0.14285714285714285,0.11388349685727446,0.03738633759174547,0.3890907823943487,0.5,140,0.8456865127582017,0.8418079096045198,0.8870967741935484,0.06133333333333333,0.0
58,0,Exact no shift,Pooled associative latent class model,0.809,0.38130784321518535,0.3404255319148936,0.136833269490592,0.03435194148776843,0.43521584018774606,0.542,141,0.8100961538461539,0.8035714285714286,0.8333333333333334,0.058666666666666666,0.0
58,0,Exact no shift,Target-calibrated associative latent model,0.806,0.37392156667427795,0.2553191489361702,0.13369971657359903,0.03128095207967941,0.4092905686963793,0.549,141,0.8076923076923077,0.7976190476190477,0.8333333333333334,0.058666666666666666,0.0
58,0,Exact no shift,Frozen causal latent SCM,0.812,0.38876936038163035,0.18439716312056736,0.13065594445230874,0.04359905920685299,0.4064581077729339,0.555,141,0.8173076923076923,0.7857142857142857,0.8125,0.058666666666666666,0.0
58,0,Exact no shift,Modular causal latent SCM,0.815,0.396302174889319,0.20567375886524822,0.13096442990097987,0.04611555961401415,0.40682047137130667,0.562,141,0.8197115384615384,0.7916666666666666,0.8125,0.058666666666666666,0.0
58,0,Exact no shift,Target oracle (reference),0.824,0.41932294415904103,0.1347517730496454,0.1278620532301802,0.03191663207287018,0.40393687069766715,0.497,141,0.8257211538461539,0.8154761904761905,0.8125,0.058666666666666666,0.0
59,0,Exact no shift,Pooled associative latent class model,0.808,0.3788352682704532,0.3464052287581699,0.13157783586876365,0.0330394776900918,0.43547866615753444,0.492,153,0.8191616766467066,0.7515151515151515,0.7115384615384616,0.05733333333333333,0.0
59,0,Exact no shift,Target-calibrated associative latent model,0.814,0.3937690309160354,0.058823529411764705,0.13040797044772728,0.032918961933428914,0.39947877780324775,0.436,153,0.8263473053892215,0.7515151515151515,0.7115384615384616,0.05733333333333333,0.0
59,0,Exact no shift,Frozen causal latent SCM,0.815,0.39629686022947297,0.2222222222222222,0.12566549637530472,0.030758178815987424,0.40701546824745016,0.499,153,0.8263473053892215,0.7575757575757576,0.6923076923076923,0.05733333333333333,0.0
59,0,Exact no shift,Modular causal latent SCM,0.815,0.39629267486898284,0.09803921568627451,0.1259427292733248,0.020866322779367386,0.40381530898157736,0.457,153,0.8275449101796407,0.7515151515151515,0.7115384615384616,0.05733333333333333,0.0
59,0,Exact no shift,Target oracle (reference),0.81,0.3837830301573593,0.20915032679738563,0.12392781321900116,0.02665042238355638,0.3977509753368509,0.476,153,0.822754491017964,0.7454545454545455,0.6923076923076923,0.05733333333333333,0.0
60,0,Exact no shift,Pooled associative latent class model,0.812,0.388766630595015,0.33540372670807456,0.13074594614332863,0.03248551236345815,0.40713735935679635,0.498,161,0.8251173708920188,0.7364864864864865,0.7959183673469388,0.052,0.0
60,0,Exact no shift,Target-calibrated associative latent model,0.815,0.3962900110791093,0.2422360248447205,0.1273889298561897,0.05716393346222104,0.3717321125277012,0.533,161,0.8333333333333334,0.7094594594594594,0.7959183673469388,0.052,0.0
60,0,Exact no shift,Frozen causal latent SCM,0.824,0.41932509587183897,0.16770186335403728,0.12339566150008957,0.039878954668328484,0.3743188301624539,0.502,161,0.8380281690140845,0.7432432432432432,0.8163265306122449,0.052,0.0
60,0,Exact no shift,Modular causal latent SCM,0.819,0.4064510470343506,0.20496894409937888,0.12421515775598856,0.04132043985255855,0.37393868644122613,0.513,161,0.8333333333333334,0.7364864864864865,0.8163265306122449,0.052,0.0
60,0,Exact no shift,Target oracle (reference),0.826,0.4245268575499436,0.14285714285714285,0.11991426120806892,0.024947108005380386,0.3860623100032507,0.478,161,0.8415492957746479,0.7364864864864865,0.7755102040816326,0.052,0.0
61,0,Exact no shift,Pooled associative latent class model,0.803,0.3666023862473956,0.3231707317073171,0.1334610760533621,0.025410896643122113,0.42400274902254437,0.493,164,0.816374269005848,0.7241379310344828,0.6888888888888889,0.051333333333333335,0.0
61,0,Exact no shift,Target-calibrated associative latent model,0.819,0.4064503203311689,0.21951219512195122,0.12268075406389943,0.02186238368726538,0.39433885736900354,0.489,164,0.8280701754385965,0.7655172413793103,0.7777777777777778,0.051333333333333335,0.0
61,0,Exact no shift,Frozen causal latent SCM,0.829,0.43239637228179745,0.17073170731707318,0.1212717508310814,0.025150254153831323,0.39468286209374626,0.485,164,0.8374269005847953,0.7793103448275862,0.7777777777777778,0.051333333333333335,0.0
61,0,Exact no shift,Modular causal latent SCM,0.825,0.4219220309665483,0.17682926829268292,0.12132479264294949,0.021900800944701884,0.3947586032996895,0.481,164,0.8339181286549707,0.7724137931034483,0.8,0.051333333333333335,0.0
61,0,Exact no shift,Target oracle (reference),0.823,0.41673277138963544,0.18902439024390244,0.12123831405662813,0.026430289074111064,0.3930806031267618,0.483,164,0.8315789473684211,0.7724137931034483,0.7777777777777778,0.051333333333333335,0.0
62,0,Exact no shift,Pooled associative latent class model,0.822,0.41414905969362087,0.32167832167832167,0.1295021848260218,0.031580951603106366,0.4081463330500455,0.532,143,0.8364269141531323,0.7318840579710145,0.6875,0.050333333333333334,0.002
62,0,Exact no shift,Target-calibrated associative latent model,0.835,0.44834809496460093,0.13986013986013987,0.12133504425428676,0.03369436321433838,0.3853843759707384,0.479,143,0.8561484918793504,0.7028985507246377,0.7083333333333334,0.050333333333333334,0.002
62,0,Exact no shift,Frozen causal latent SCM,0.833,0.4429992682343535,0.16083916083916083,0.12031762740614778,0.022452738641419733,0.3854701920543193,0.507,143,0.8503480278422274,0.7246376811594203,0.7291666666666666,0.050333333333333334,0.002
62,0,Exact no shift,Modular causal latent SCM,0.833,0.44299933252932505,0.16083916083916083,0.1202663551432014,0.018325781076112088,0.3858790523885929,0.501,143,0.851508120649652,0.717391304347826,0.7083333333333334,0.050333333333333334,0.002
62,0,Exact no shift,Target oracle (reference),0.837,0.4537295839118008,0.16083916083916083,0.11994986946765894,0.027226486197389297,0.38981851689898217,0.519,143,0.851508120649652,0.7463768115942029,0.7708333333333334,0.050333333333333334,0.002
63,0,Exact no shift,Pooled associative latent class model,0.797,0.3521937535107413,0.21052631578947367,0.14229282254797,0.0455186802672013,0.45767103110396967,0.446,152,0.8038740920096852,0.764367816091954,0.7627118644067796,0.06166666666666667,0.0
63,0,Exact no shift,Target-calibrated associative latent model,0.801,0.3617850033012616,0.05921052631578947,0.1444463012998771,0.0877306984285342,0.4071623289849565,0.402,152,0.8075060532687651,0.7701149425287356,0.7288135593220338,0.06166666666666667,0.0
63,0,Exact no shift,Frozen causal latent SCM,0.82,0.4090131054181286,0.125,0.13306802347294291,0.04964531661113679,0.41615340408527035,0.451,152,0.8244552058111381,0.7988505747126436,0.7796610169491526,0.06166666666666667,0.0
63,0,Exact no shift,Modular causal latent SCM,0.807,0.3763847311898812,0.08552631578947369,0.13774973966731563,0.06442659659594009,0.4125277952896095,0.42,152,0.8135593220338984,0.7758620689655172,0.7288135593220338,0.06166666666666667,0.0
63,0,Exact no shift,Target oracle (reference),0.817,0.40135750011005666,0.15789473684210525,0.13060910616857746,0.012104296579069905,0.40693673592880575,0.482,152,0.8232445520581114,0.7873563218390804,0.7796610169491526,0.06166666666666667,0.0
64,0,Exact no shift,Pooled associative latent class model,0.806,0.3739189148688661,0.2483221476510067,0.1349315463870981,0.03507886157760852,0.41932887071428554,0.472,149,0.8171021377672208,0.7468354430379747,0.7592592592592593,0.05566666666666667,0.001
64,0,Exact no shift,Target-calibrated associative latent model,0.8,0.35936193834222263,0.053691275167785234,0.13322921283916364,0.05188209421432946,0.3770085976753576,0.46,149,0.8111638954869359,0.740506329113924,0.7407407407407407,0.05566666666666667,0.001
64,0,Exact no shift,Frozen causal latent SCM,0.806,0.3739175183898678,0.12751677852348994,0.12559051262359683,0.034057309800604035,0.3817106581343543,0.506,149,0.8171021377672208,0.7468354430379747,0.7592592592592593,0.05566666666666667,0.001
64,0,Exact no shift,Modular causal latent SCM,0.806,0.3739175706645949,0.09395973154362416,0.12700223568329105,0.03687570056006237,0.38088202257434656,0.492,149,0.8194774346793349,0.7341772151898734,0.7407407407407407,0.05566666666666667,0.001
64,0,Exact no shift,Target oracle (reference),0.809,0.38130515586647273,0.1610738255033557,0.12482774505479427,0.02362316769177822,0.3943450522414786,0.513,149,0.8230403800475059,0.7341772151898734,0.7407407407407407,0.05566666666666667,0.001
65,0,Exact no shift,Pooled associative latent class model,0.813,0.391268439836785,0.22560975609756098,0.1343030868570396,0.040662697683019514,0.41557516462672356,0.472,164,0.8086124401913876,0.8353658536585366,0.8269230769230769,0.057666666666666665,0.0
65,0,Exact no shift,Target-calibrated associative latent model,0.818,0.40390371658470386,0.09146341463414634,0.12791798988864442,0.04692479643850724,0.3820404575631939,0.455,164,0.8289473684210527,0.7621951219512195,0.7884615384615384,0.057666666666666665,0.0
65,0,Exact no shift,Frozen causal latent SCM,0.815,0.3962979818209636,0.10975609756097561,0.12709336606429913,0.03702805982526374,0.380848057351756,0.468,164,0.8241626794258373,0.7682926829268293,0.7884615384615384,0.057666666666666665,0.0
65,0,Exact no shift,Modular causal latent SCM,0.818,0.40390117070009873,0.10975609756097561,0.12678887363896763,0.0360329887056257,0.38140845804744283,0.471,164,0.8265550239234449,0.774390243902439,0.7884615384615384,0.057666666666666665,0.0
65,0,Exact no shift,Target oracle (reference),0.822,0.4141498775363984,0.13414634146341464,0.12464371727344466,0.035887028828919344,0.3919564958473401,0.489,164,0.8289473684210527,0.7865853658536586,0.7884615384615384,0.057666666666666665,0.0
66,0,Exact no shift,Pooled associative latent class model,0.788,0.33110657010552264,0.34782608695652173,0.1409532939871378,0.0315044175315894,0.39499961168897973,0.506,161,0.7976331360946746,0.7354838709677419,0.7457627118644068,0.055,0.0
66,0,Exact no shift,Target-calibrated associative latent model,0.791,0.33807068134416096,0.07453416149068323,0.14454802963111124,0.05239000890478735,0.36418865238161735,0.439,161,0.7964497041420119,0.7612903225806451,0.7627118644067796,0.055,0.0
66,0,Exact no shift,Frozen causal latent SCM,0.821,0.4115756616670406,0.19875776397515527,0.12944981620629403,0.029153802203514368,0.3704578199071413,0.517,161,0.8307692307692308,0.7677419354838709,0.7796610169491526,0.055,0.0
66,0,Exact no shift,Modular causal latent SCM,0.808,0.37883433615009554,0.17391304347826086,0.13318993301373128,0.026765779221802212,0.37009927866843256,0.494,161,0.8153846153846154,0.7677419354838709,0.7796610169491526,0.055,0.0
66,0,Exact no shift,Target oracle (reference),0.821,0.41157552038872575,0.19254658385093168,0.12795998205693376,0.032677873276568306,0.3892655530603119,0.485,161,0.8307692307692308,0.7677419354838709,0.7966101694915254,0.055,0.0
67,0,Exact no shift,Pooled associative latent class model,0.792,0.3403987634926889,0.3582089552238806,0.14316546940636132,0.023527191937722937,0.4387424836946008,0.536,134,0.7938751472320377,0.7814569536423841,0.6428571428571429,0.05333333333333334,0.0
67,0,Exact no shift,Target-calibrated associative latent model,0.804,0.3690359554431304,0.2537313432835821,0.13570406773397675,0.03627329384679196,0.4123603876130791,0.54,134,0.8032979976442874,0.8079470198675497,0.7142857142857143,0.05333333333333334,0.0
67,0,Exact no shift,Frozen causal latent SCM,0.812,0.3887650793238236,0.17164179104477612,0.13471260752946812,0.04406369833777403,0.41232025456596,0.52,134,0.8091872791519434,0.8278145695364238,0.7142857142857143,0.05333333333333334,0.0
67,0,Exact no shift,Modular causal latent SCM,0.807,0.37637317471309517,0.1791044776119403,0.13488351660161357,0.04592628295951754,0.4122039449484919,0.525,134,0.8056537102473498,0.8145695364238411,0.7142857142857143,0.05333333333333334,0.0
67,0,Exact no shift,Target oracle (reference),0.808,0.37883499253838915,0.1791044776119403,0.13486402155367025,0.03299360550944681,0.40547740125767984,0.518,134,0.8056537102473498,0.8211920529801324,0.7142857142857143,0.05333333333333334,0.0
68,0,Exact no shift,Pooled associative latent class model,0.797,0.35218883881323576,0.34355828220858897,0.141748575631118,0.02357462296897441,0.40690838014090547,0.529,163,0.8029953917050692,0.7575757575757576,0.8431372549019608,0.04566666666666667,0.0
68,0,Exact no shift,Target-calibrated associative latent model,0.821,0.41157544657983564,0.1901840490797546,0.13193934753037487,0.03611810556730529,0.3796310468323392,0.511,163,0.8317972350230415,0.75,0.8431372549019608,0.04566666666666667,0.0
68,0,Exact no shift,Frozen causal latent SCM,0.815,0.396296065461436,0.1656441717791411,0.13200296979781848,0.029238543764878434,0.38028999417780424,0.495,163,0.826036866359447,0.7424242424242424,0.8431372549019608,0.04566666666666667,0.0
68,0,Exact no shift,Modular causal latent SCM,0.819,0.4064502477064288,0.1901840490797546,0.13228899721916212,0.03191215823232777,0.380659799055184,0.507,163,0.8294930875576036,0.75,0.8235294117647058,0.04566666666666667,0.0
68,0,Exact no shift,Target oracle (reference),0.812,0.3887645092367377,0.18404907975460122,0.1313366294239163,0.022711090647793298,0.3910655730685231,0.502,163,0.8248847926267281,0.7272727272727273,0.8431372549019608,0.04566666666666667,0.0
69,0,Exact no shift,Pooled associative latent class model,0.81,0.3837851026552285,0.3684210526315789,0.13724456582133918,0.028651788551135465,0.43528182124153286,0.528,152,0.8162291169451074,0.7777777777777778,0.75,0.058666666666666666,0.002
69,0,Exact no shift,Target-calibrated associative latent model,0.815,0.39629697137836534,0.17105263157894737,0.13057245973429696,0.03376595659775014,0.3984555561942195,0.523,152,0.8186157517899761,0.7962962962962963,0.75,0.058666666666666666,0.002
69,0,Exact no shift,Frozen causal latent SCM,0.824,0.41932575773073344,0.21710526315789475,0.12913069865652813,0.03661990841117017,0.4003291004952124,0.536,152,0.8245823389021479,0.8209876543209876,0.7916666666666666,0.058666666666666666,0.002
69,0,Exact no shift,Modular causal latent SCM,0.825,0.4219235692643284,0.18421052631578946,0.1290345277996057,0.03576657788672679,0.40046952478362086,0.531,152,0.8257756563245824,0.8209876543209876,0.7916666666666666,0.058666666666666666,0.002
69,0,Exact no shift,Target oracle (reference),0.82,0.40900842630848216,0.17105263157894737,0.12791846281236194,0.01724404826630625,0.39395177587602387,0.502,152,0.8186157517899761,0.8271604938271605,0.7916666666666666,0.058666666666666666,0.002
70,0,Exact no shift,Pooled associative latent class model,0.811,0.3862690674080445,0.25,0.1354880524558669,0.02501315106806254,0.40400341739411205,0.524,144,0.8203033838973163,0.7552447552447552,0.7678571428571429,0.05,0.0
70,0,Exact no shift,Target-calibrated associative latent model,0.813,0.3912680504446621,0.11805555555555555,0.12796310880135994,0.042952438628402284,0.37286938287247773,0.494,144,0.8249708284714119,0.7412587412587412,0.7321428571428571,0.05,0.0
70,0,Exact no shift,Frozen causal latent SCM,0.818,0.4039005055554928,0.16666666666666666,0.12658019887392008,0.035279566700268876,0.3765516099117609,0.509,144,0.8273045507584598,0.7622377622377622,0.7678571428571429,0.05,0.0
70,0,Exact no shift,Modular causal latent SCM,0.816,0.39882369386497474,0.1527777777777778,0.126896772822611,0.04279535775367795,0.37604344817708635,0.503,144,0.8261376896149358,0.7552447552447552,0.7678571428571429,0.05,0.0
70,0,Exact no shift,Target oracle (reference),0.819,0.406443120803507,0.20833333333333334,0.12586082004408064,0.024479790517119286,0.39868026212364965,0.548,144,0.8308051341890315,0.7482517482517482,0.7321428571428571,0.05,0.0
71,0,Exact no shift,Pooled associative latent class model,0.819,0.40645119806902275,0.22580645161290322,0.1298309613978992,0.029623878441923983,0.38928101187741687,0.476,155,0.8331360946745562,0.7419354838709677,0.6666666666666666,0.054,0.0
71,0,Exact no shift,Target-calibrated associative latent model,0.832,0.44033737211716784,0.10967741935483871,0.12388137861863581,0.03448407093594193,0.3742565794980834,0.473,155,0.8402366863905325,0.7870967741935484,0.7407407407407407,0.054,0.0
71,0,Exact no shift,Frozen causal latent SCM,0.839,0.4591429216325848,0.12258064516129032,0.1223672924824051,0.02859961339007585,0.37616793402535137,0.488,155,0.842603550295858,0.8193548387096774,0.7777777777777778,0.054,0.0
71,0,Exact no shift,Modular causal latent SCM,0.833,0.4429993218134975,0.13548387096774195,0.12324901078147826,0.026800627524105412,0.3755555018905684,0.48,155,0.8390532544378698,0.8,0.7592592592592593,0.054,0.0
71,0,Exact no shift,Target oracle (reference),0.839,0.4591429216325848,0.11612903225806452,0.12247533267876075,0.03272005578373954,0.39283706286172076,0.488,155,0.842603550295858,0.8193548387096774,0.7777777777777778,0.054,0.0
72,0,Exact no shift,Pooled associative latent class model,0.813,0.3912672804422308,0.2916666666666667,0.13107102219671868,0.02440379968760951,0.4105099122711225,0.516,168,0.828505214368482,0.7153284671532847,0.7358490566037735,0.04766666666666667,0.0
72,0,Exact no shift,Target-calibrated associative latent model,0.829,0.43239591728898136,0.14285714285714285,0.11928416442548573,0.026283806995365235,0.374991109601371,0.504,168,0.8458864426419467,0.7226277372262774,0.7169811320754716,0.04766666666666667,0.0
72,0,Exact no shift,Frozen causal latent SCM,0.832,0.4403362858657113,0.16666666666666666,0.11927762004839619,0.023931897079623073,0.3766160650202792,0.515,168,0.8482039397450754,0.7299270072992701,0.7169811320754716,0.04766666666666667,0.0
72,0,Exact no shift,Modular causal latent SCM,0.832,0.4403362858657113,0.16666666666666666,0.11925857990115522,0.02378096032266701,0.3766002222713358,0.515,168,0.8482039397450754,0.7299270072992701,0.7169811320754716,0.04766666666666667,0.0
72,0,Exact no shift,Target oracle (reference),0.825,0.4219218093184272,0.13690476190476192,0.11979794567288769,0.025290167462202136,0.3874353460424271,0.486,168,0.8447276940903824,0.7007299270072993,0.7169811320754716,0.04766666666666667,0.0
73,0,Exact no shift,Pooled associative latent class model,0.805,0.371472865001644,0.23870967741935484,0.14363618642715545,0.03244195087846455,0.4277489538235742,0.471,155,0.8106508875739645,0.7741935483870968,0.75,0.054,0.001
73,0,Exact no shift,Target-calibrated associative latent model,0.811,0.38627319661512965,0.24516129032258063,0.1340306381001426,0.03185864415565947,0.40738315295604,0.539,155,0.8201183431952662,0.7612903225806451,0.7115384615384616,0.054,0.001
73,0,Exact no shift,Frozen causal latent SCM,0.812,0.3887657416018752,0.10967741935483871,0.13288536751385965,0.032379341592724806,0.410745402341853,0.474,155,0.8236686390532545,0.7483870967741936,0.6923076923076923,0.054,0.001
73,0,Exact no shift,Modular causal latent SCM,0.811,0.38626971538977345,0.1870967741935484,0.13206650571878623,0.020400545927891464,0.4119705287330967,0.497,155,0.8224852071005917,0.7483870967741936,0.6923076923076923,0.054,0.001
73,0,Exact no shift,Target oracle (reference),0.805,0.371470884347772,0.13548387096774195,0.1319820308002483,0.026959952324619584,0.4033147003201236,0.499,155,0.8189349112426035,0.7290322580645161,0.6346153846153846,0.054,0.001
74,0,Exact no shift,Pooled associative latent class model,0.81,0.3837802837976126,0.2631578947368421,0.1340874885351529,0.06551490602018849,0.40357832315681885,0.458,133,0.8175438596491228,0.7655172413793103,0.8108108108108109,0.04933333333333333,0.0
74,0,Exact no shift,Target-calibrated associative latent model,0.843,0.4700656863488639,0.12781954887218044,0.12110805437879739,0.055395953974032984,0.3773012080950521,0.479,133,0.8491228070175438,0.8068965517241379,0.8378378378378378,0.04933333333333333,0.0
74,0,Exact no shift,Frozen causal latent SCM,0.839,0.4591423822580385,0.12781954887218044,0.12122110389782045,0.05605772641247041,0.37705144576271354,0.475,133,0.8456140350877193,0.8,0.8378378378378378,0.04933333333333333,0.0
74,0,Exact no shift,Modular causal latent SCM,0.84,0.4618597501628137,0.07518796992481203,0.12234352663735029,0.061985569385563294,0.3764757067940725,0.464,133,0.8467836257309942,0.8,0.8378378378378378,0.04933333333333333,0.0
74,0,Exact no shift,Target oracle (reference),0.843,0.47006640204575445,0.16541353383458646,0.11674580729014947,0.030626860779133055,0.38771134735041685,0.509,133,0.8502923976608188,0.8,0.8648648648648649,0.04933333333333333,0.0
75,0,Exact no shift,Pooled associative latent class model,0.805,0.37147116729908936,0.26436781609195403,0.13541257699187356,0.03333100745269249,0.4224711650339502,0.489,174,0.7997557997557998,0.8287292817679558,0.8153846153846154,0.06266666666666666,0.0
75,0,Exact no shift,Target-calibrated associative latent model,0.819,0.40645231864644765,0.09195402298850575,0.12596551868478323,0.028886458403378248,0.39082301561414,0.467,174,0.8168498168498168,0.8287292817679558,0.8307692307692308,0.06266666666666666,0.0
75,0,Exact no shift,Frozen causal latent SCM,0.824,0.4193228135753769,0.1206896551724138,0.12124674076831495,0.022081657487654057,0.3922803588495696,0.496,174,0.8253968253968254,0.8176795580110497,0.8153846153846154,0.06266666666666666,0.0
75,0,Exact no shift,Modular causal latent SCM,0.823,0.4167329756146968,0.09770114942528736,0.12325312756571552,0.02752751728611522,0.3913562557533328,0.481,174,0.8192918192918193,0.8397790055248618,0.8307692307692308,0.06266666666666666,0.0
75,0,Exact no shift,Target oracle (reference),0.827,0.4271426252163067,0.13218390804597702,0.12169840615758316,0.02693533671986373,0.400591405098344,0.503,174,0.8266178266178266,0.8287292817679558,0.8461538461538461,0.06266666666666666,0.0
76,0,Exact no shift,Pooled associative latent class model,0.786,0.32651090893492024,0.3108108108108108,0.1446021937809876,0.02767821071605949,0.41929896054631605,0.52,148,0.8040141676505312,0.6862745098039216,0.6829268292682927,0.053,0.0
76,0,Exact no shift,Target-calibrated associative latent model,0.799,0.3569603903444202,0.20270270270270271,0.1396418596339818,0.025409045056864612,0.4008229229646877,0.505,148,0.8181818181818182,0.6928104575163399,0.7073170731707317,0.053,0.0
76,0,Exact no shift,Frozen causal latent SCM,0.793,0.34273840434966335,0.17567567567567569,0.13921239499662286,0.03677404842645846,0.40216879462022986,0.511,148,0.8122786304604487,0.6862745098039216,0.6829268292682927,0.053,0.0
76,0,Exact no shift,Modular causal latent SCM,0.793,0.34273840434966335,0.17567567567567569,0.13911518095852388,0.03618197775075282,0.40221120160615115,0.511,148,0.8122786304604487,0.6862745098039216,0.6829268292682927,0.053,0.0
76,0,Exact no shift,Target oracle (reference),0.791,0.33806199679689747,0.17567567567567569,0.13912105164578525,0.031815303135600846,0.40519629252356487,0.515,148,0.8122786304604487,0.673202614379085,0.6829268292682927,0.053,0.0
77,0,Exact no shift,Pooled associative latent class model,0.803,0.36660290291630165,0.31756756756756754,0.136228529300657,0.03449158892518051,0.3974900591398098,0.477,148,0.8116959064327486,0.7517241379310344,0.6756756756756757,0.05,0.0
77,0,Exact no shift,Target-calibrated associative latent model,0.813,0.3912687476025976,0.14189189189189189,0.1301207079775351,0.04459643819822308,0.3810579042853038,0.459,148,0.8210526315789474,0.7655172413793103,0.6756756756756757,0.05,0.0
77,0,Exact no shift,Frozen causal latent SCM,0.817,0.401358080679228,0.16216216216216217,0.12833772406058694,0.03629246205236824,0.3806079067439283,0.469,148,0.8245614035087719,0.7724137931034483,0.6756756756756757,0.05,0.0
77,0,Exact no shift,Modular causal latent SCM,0.813,0.3912682758822677,0.16216216216216217,0.12957753482498385,0.043945914999441865,0.3799706332364918,0.465,148,0.8198830409356725,0.7724137931034483,0.6756756756756757,0.05,0.0
77,0,Exact no shift,Target oracle (reference),0.818,0.40389979252073804,0.18243243243243243,0.1258747803075446,0.01668819855047803,0.3913500601144666,0.488,148,0.8257309941520468,0.7724137931034483,0.6756756756756757,0.05,0.0
78,0,Exact no shift,Pooled associative latent class model,0.806,0.37391918828605347,0.23225806451612904,0.13567844982955338,0.02475003211924611,0.42793869547579017,0.462,155,0.8247298919567827,0.7125748502994012,0.6875,0.059,0.001
78,0,Exact no shift,Target-calibrated associative latent model,0.812,0.388764770997153,0.14838709677419354,0.13083719951506903,0.03661973283642379,0.3938839369202606,0.484,155,0.8271308523409364,0.7365269461077845,0.6875,0.059,0.001
78,0,Exact no shift,Frozen causal latent SCM,0.814,0.3937787111486693,0.13548387096774195,0.12912873324824567,0.023296814497608488,0.3951183861377057,0.466,155,0.8331332533013205,0.718562874251497,0.625,0.059,0.001
78,0,Exact no shift,Modular causal latent SCM,0.808,0.37883484116847244,0.17419354838709677,0.1298641063708464,0.03307411918296371,0.39433860345875255,0.484,155,0.8259303721488596,0.718562874251497,0.6666666666666666,0.059,0.001
78,0,Exact no shift,Target oracle (reference),0.81,0.3837836267043366,0.1870967741935484,0.12774156938349523,0.03353875448438192,0.3923050300605779,0.51,155,0.8259303721488596,0.7305389221556886,0.6875,0.059,0.001
79,0,Exact no shift,Pooled associative latent class model,0.823,0.41673705425097374,0.1875,0.1267255642857074,0.03620246009629296,0.3987583086778981,0.452,128,0.8309692671394799,0.7792207792207793,0.7142857142857143,0.05433333333333333,0.0
79,0,Exact no shift,Target-calibrated associative latent model,0.82,0.40901402089670524,0.0546875,0.12684673159667859,0.046781218886011326,0.37428255399656735,0.449,128,0.8250591016548463,0.7922077922077922,0.7551020408163265,0.05433333333333333,0.0
79,0,Exact no shift,Frozen causal latent SCM,0.833,0.4429986976158307,0.140625,0.12031706883506439,0.03368047378571434,0.37749876195219023,0.49,128,0.8380614657210402,0.8051948051948052,0.7551020408163265,0.05433333333333333,0.0
79,0,Exact no shift,Modular causal latent SCM,0.826,0.4245300044518999,0.109375,0.12165808314123276,0.04311831256231424,0.37696897842599786,0.469,128,0.8321513002364066,0.7922077922077922,0.7346938775510204,0.05433333333333333,0.0
79,0,Exact no shift,Target oracle (reference),0.831,0.4376816938520858,0.140625,0.12117734612427455,0.03357586647057311,0.4002928069882434,0.484,128,0.8380614657210402,0.7922077922077922,0.7142857142857143,0.05433333333333333,0.0
80,0,Exact no shift,Pooled associative latent class model,0.8,0.3593586237137867,0.29605263157894735,0.13740455650582659,0.02884962011028107,0.3975580084585057,0.475,152,0.8147713950762017,0.7142857142857143,0.7441860465116279,0.051,0.0
80,0,Exact no shift,Target-calibrated associative latent model,0.803,0.3666017763576611,0.23026315789473684,0.13380027798756172,0.02798363450163256,0.37645151028778195,0.474,152,0.8194607268464243,0.7074829931972789,0.6744186046511628,0.051,0.0
80,0,Exact no shift,Frozen causal latent SCM,0.8,0.3593577134726595,0.17763157894736842,0.13354659915306138,0.0327003598364128,0.37653309288585934,0.467,152,0.8182883939038686,0.6938775510204082,0.6511627906976745,0.051,0.0
80,0,Exact no shift,Modular causal latent SCM,0.806,0.373917383035623,0.18421052631578946,0.13295905547774198,0.029142839480312308,0.377237937462644,0.477,152,0.8218053927315357,0.7142857142857143,0.6976744186046512,0.051,0.0
80,0,Exact no shift,Target oracle (reference),0.808,0.3788347606535886,0.18421052631578946,0.13286754062524514,0.029682923726201675,0.3937306523097471,0.483,152,0.8241500586166471,0.7142857142857143,0.7209302325581395,0.051,0.0
81,0,Exact no shift,Pooled associative latent class model,0.81,0.38378424959796786,0.36220472440944884,0.13634476607211393,0.023300500930116343,0.4195213336072177,0.523,127,0.823943661971831,0.7297297297297297,0.6875,0.053,0.0
81,0,Exact no shift,Target-calibrated associative latent model,0.798,0.3545707646803083,0.07874015748031496,0.14076572546337876,0.0465961459164606,0.39419251993278825,0.481,127,0.8086854460093896,0.7364864864864865,0.7083333333333334,0.053,0.0
81,0,Exact no shift,Frozen causal latent SCM,0.815,0.39630031023948936,0.23622047244094488,0.12997705491906622,0.039621329675728706,0.3998322487790921,0.552,127,0.8262910798122066,0.75,0.7708333333333334,0.053,0.0
81,0,Exact no shift,Modular causal latent SCM,0.817,0.4013580483166437,0.16535433070866143,0.13042067221538772,0.030006259991606103,0.4008234306388429,0.526,127,0.8286384976525821,0.75,0.7291666666666666,0.053,0.0
81,0,Exact no shift,Target oracle (reference),0.821,0.41157569355276197,0.1889763779527559,0.128803939310725,0.029368821783102073,0.40347315734024686,0.518,127,0.8321596244131455,0.7567567567567568,0.75,0.053,0.0
82,0,Exact no shift,Pooled associative latent class model,0.811,0.3862707100296194,0.3732394366197183,0.1318489593304988,0.02731787769964652,0.4206790180339212,0.521,142,0.8244552058111381,0.7471264367816092,0.6842105263157895,0.063,0.0
82,0,Exact no shift,Target-calibrated associative latent model,0.783,0.31969261954973627,0.5,0.14329619821665887,0.07476872104581309,0.38171726207546214,0.583,142,0.7893462469733656,0.7528735632183908,0.7192982456140351,0.063,0.0
82,0,Exact no shift,Frozen causal latent SCM,0.817,0.4013573012121665,0.2323943661971831,0.12108062513519634,0.03274426373779083,0.40193446620007844,0.515,142,0.8292978208232445,0.7586206896551724,0.6842105263157895,0.063,0.0
82,0,Exact no shift,Modular causal latent SCM,0.816,0.3988235580548508,0.2746478873239437,0.12270139681040315,0.03212448302693066,0.40010944298339984,0.524,142,0.8280871670702179,0.7586206896551724,0.6842105263157895,0.063,0.0
82,0,Exact no shift,Target oracle (reference),0.83,0.43503471711501,0.176056338028169,0.12040730755504546,0.027307604600369493,0.4087727114801586,0.49,142,0.8426150121065376,0.7701149425287356,0.7543859649122807,0.063,0.0
83,0,Exact no shift,Pooled associative latent class model,0.801,0.3617653375478281,0.32167832167832167,0.13975281686248492,0.02802768095462282,0.4074807161546523,0.495,143,0.8130177514792899,0.7354838709677419,0.6888888888888889,0.055,0.0
83,0,Exact no shift,Target-calibrated associative latent model,0.813,0.39126712023463595,0.16783216783216784,0.13382873633157322,0.027009432915050025,0.3901946333937976,0.513,143,0.8272189349112427,0.7354838709677419,0.6444444444444445,0.055,0.0
83,0,Exact no shift,Frozen causal latent SCM,0.808,0.37883437917109664,0.1958041958041958,0.13292465542475881,0.022843218629941545,0.390871806529565,0.498,143,0.8248520710059172,0.7161290322580646,0.6,0.055,0.0
83,0,Exact no shift,Modular causal latent SCM,0.813,0.391266858843116,0.20279720279720279,0.13245168898701673,0.019887457380582514,0.39114752390377,0.505,143,0.829585798816568,0.7225806451612903,0.6222222222222222,0.055,0.0
83,0,Exact no shift,Target oracle (reference),0.814,0.3937775861582325,0.18181818181818182,0.13017179702629209,0.01841710326475746,0.39197400197141097,0.512,143,0.8272189349112427,0.7419354838709677,0.6444444444444445,0.055,0.0
84,0,Exact no shift,Pooled associative latent class model,0.814,0.39377742321932224,0.3401360544217687,0.1314203384422977,0.03219768716383597,0.4177630711648802,0.521,147,0.8240190249702735,0.7610062893081762,0.7719298245614035,0.057,0.001
84,0,Exact no shift,Target-calibrated associative latent model,0.841,0.46458710320233926,0.17687074829931973,0.1186177504265806,0.029324903558014467,0.3849473871334527,0.534,147,0.8513674197384067,0.7861635220125787,0.7368421052631579,0.057,0.001
84,0,Exact no shift,Frozen causal latent SCM,0.835,0.44834704088571364,0.20408163265306123,0.11889452316651361,0.028358089233176474,0.386499069331533,0.532,147,0.8466111771700356,0.7735849056603774,0.7543859649122807,0.057,0.001
84,0,Exact no shift,Modular causal latent SCM,0.839,0.4591418612651157,0.19047619047619047,0.11877290707075602,0.031196627371809837,0.3862747428686668,0.532,147,0.8513674197384067,0.7735849056603774,0.7543859649122807,0.057,0.001
84,0,Exact no shift,Target oracle (reference),0.833,0.4429992548395659,0.1836734693877551,0.11892415957964804,0.01764442013052801,0.3847093810846269,0.51,147,0.8430439952437574,0.779874213836478,0.7543859649122807,0.057,0.001
85,0,Exact no shift,Pooled associative latent class model,0.823,0.4167332910411452,0.20437956204379562,0.1278319068655446,0.033247040212508835,0.4166618078878706,0.477,137,0.840047393364929,0.7307692307692307,0.7551020408163265,0.05333333333333334,0.0
85,0,Exact no shift,Target-calibrated associative latent model,0.806,0.3739256377307712,0.11678832116788321,0.13377769779264137,0.060297327253485834,0.39248144636898963,0.438,137,0.8199052132701422,0.7307692307692307,0.7346938775510204,0.05333333333333334,0.0
85,0,Exact no shift,Frozen causal latent SCM,0.819,0.4064506764890317,0.13138686131386862,0.12203639249559171,0.025929772066817194,0.40588999061115405,0.481,137,0.840047393364929,0.7051282051282052,0.6938775510204082,0.05333333333333334,0.0
85,0,Exact no shift,Modular causal latent SCM,0.822,0.41415197117532704,0.12408759124087591,0.12256238233555665,0.037976723207072266,0.402598202377563,0.466,137,0.840047393364929,0.7243589743589743,0.7142857142857143,0.05333333333333334,0.0
85,0,Exact no shift,Target oracle (reference),0.82,0.40900851021742884,0.15328467153284672,0.12101201303443082,0.028727323284707108,0.39775873222874975,0.498,137,0.8412322274881516,0.7051282051282052,0.6938775510204082,0.05333333333333334,0.0
86,0,Exact no shift,Pooled associative latent class model,0.804,0.36903297006283947,0.3194444444444444,0.13453739405229376,0.02438544143454096,0.40076096931234784,0.499,144,0.8004750593824228,0.8227848101265823,0.8524590163934426,0.05633333333333333,0.0
86,0,Exact no shift,Target-calibrated associative latent model,0.822,0.41415009168262273,0.18055555555555555,0.12564497064622157,0.01847409656416468,0.37563937545175363,0.499,144,0.8135391923990499,0.8670886075949367,0.8852459016393442,0.05633333333333333,0.0
86,0,Exact no shift,Frozen causal latent SCM,0.829,0.4323964496305037,0.1875,0.12368982291439741,0.04405176722960673,0.3763764135685508,0.522,144,0.8230403800475059,0.8607594936708861,0.8688524590163934,0.05633333333333333,0.0
86,0,Exact no shift,Modular causal latent SCM,0.823,0.41673270795266415,0.18055555555555555,0.12344490786013784,0.026425114719606166,0.37655945132324,0.512,144,0.815914489311164,0.8607594936708861,0.8688524590163934,0.05633333333333333,0.0
86,0,Exact no shift,Target oracle (reference),0.826,0.4245284729419558,0.1597222222222222,0.12266372804439696,0.02165071843022049,0.3927558780653913,0.497,144,0.8194774346793349,0.8607594936708861,0.8852459016393442,0.05633333333333333,0.0
87,0,Exact no shift,Pooled associative latent class model,0.807,0.3763794994252441,0.2013888888888889,0.13203336389195025,0.05078220230143867,0.4284142902723875,0.424,144,0.8128654970760234,0.7724137931034483,0.7777777777777778,0.050666666666666665,0.0
87,0,Exact no shift,Target-calibrated associative latent model,0.815,0.39630047887724446,0.09722222222222222,0.12567082986985764,0.04846280297630342,0.40651311912696925,0.44,144,0.8210526315789474,0.7793103448275862,0.8,0.050666666666666665,0.0
87,0,Exact no shift,Frozen causal latent SCM,0.832,0.4403383908195196,0.1111111111111111,0.11989425701308133,0.03715277081122363,0.41202180948906925,0.455,144,0.8374269005847953,0.8,0.8444444444444444,0.050666666666666665,0.0
87,0,Exact no shift,Modular causal latent SCM,0.823,0.4167367737259299,0.09722222222222222,0.12356468778896348,0.048965477860515555,0.408948161188729,0.44,144,0.8292397660818713,0.7862068965517242,0.8444444444444444,0.050666666666666665,0.0
87,0,Exact no shift,Target oracle (reference),0.834,0.4456694392372415,0.13194444444444445,0.11790283657360358,0.019819300343340455,0.400048239201904,0.493,144,0.8421052631578947,0.7862068965517242,0.8,0.050666666666666665,0.0
88,0,Exact no shift,Pooled associative latent class model,0.8,0.35935927616601804,0.21428571428571427,0.13647325051905612,0.05106730743135812,0.4308894363627587,0.46,126,0.8042203985932005,0.7755102040816326,0.8723404255319149,0.05,0.0
88,0,Exact no shift,Target-calibrated associative latent model,0.804,0.3690329307026686,0.12698412698412698,0.13158250338867797,0.05840585809000263,0.39960481305137957,0.456,126,0.8065650644783119,0.7891156462585034,0.9148936170212766,0.05,0.0
88,0,Exact no shift,Frozen causal latent SCM,0.811,0.38627026371726675,0.15079365079365079,0.1280351894159521,0.03820713988390278,0.40000998436001883,0.481,126,0.8147713950762017,0.7891156462585034,0.8936170212765957,0.05,0.0
88,0,Exact no shift,Modular causal latent SCM,0.813,0.39126727201025424,0.16666666666666666,0.1273520270720476,0.03451922222921672,0.39975677454126335,0.487,126,0.8159437280187574,0.7959183673469388,0.9148936170212766,0.05,0.0
88,0,Exact no shift,Target oracle (reference),0.813,0.39126727482091306,0.18253968253968253,0.12659035292176912,0.017152297517201154,0.39494311664369497,0.511,126,0.8159437280187574,0.7959183673469388,0.9148936170212766,0.05,0.0
89,0,Exact no shift,Pooled associative latent class model,0.825,0.4219222569518133,0.2907801418439716,0.12285762035646068,0.0320261884827375,0.42991040555663196,0.52,141,0.8454987834549879,0.7303370786516854,0.6935483870967742,0.06333333333333334,0.001
89,0,Exact no shift,Target-calibrated associative latent model,0.835,0.448348361136925,0.10638297872340426,0.11924030016749981,0.03572309409257639,0.410150785103983,0.484,141,0.8540145985401459,0.7471910112359551,0.7258064516129032,0.06333333333333334,0.001
89,0,Exact no shift,Frozen causal latent SCM,0.839,0.45914265414789507,0.14893617021276595,0.11604960180152506,0.030592834097954495,0.40759043306624654,0.504,141,0.8613138686131386,0.7359550561797753,0.7096774193548387,0.06333333333333334,0.001
89,0,Exact no shift,Modular causal latent SCM,0.829,0.43239672535572016,0.10638297872340426,0.11806162685718408,0.027860164828015493,0.407500742175795,0.48,141,0.8491484184914841,0.7359550561797753,0.7258064516129032,0.06333333333333334,0.001
89,0,Exact no shift,Target oracle (reference),0.841,0.4645880714176647,0.14893617021276595,0.11585228563521195,0.032986311822346785,0.40147510501696454,0.5,141,0.8625304136253041,0.7415730337078652,0.7258064516129032,0.06333333333333334,0.001
90,0,Exact no shift,Pooled associative latent class model,0.795,0.3474475473153347,0.32653061224489793,0.14017449966164566,0.034898000791994725,0.4071915327238536,0.511,147,0.806378132118451,0.7131147540983607,0.6818181818181818,0.041,0.0
90,0,Exact no shift,Target-calibrated associative latent model,0.803,0.3666020683250012,0.07482993197278912,0.13726033903079762,0.029283127569545535,0.38833370013580965,0.469,147,0.8132118451025057,0.7295081967213115,0.7727272727272727,0.041,0.0
90,0,Exact no shift,Frozen causal latent SCM,0.802,0.3641803657424892,0.14965986394557823,0.13266490758251928,0.03714443869535755,0.39499364601003006,0.502,147,0.816628701594533,0.6967213114754098,0.7272727272727273,0.041,0.0
90,0,Exact no shift,Modular causal latent SCM,0.803,0.3666025191922348,0.08843537414965986,0.13370558771465732,0.022616619323915815,0.3930603492044373,0.481,147,0.8177676537585421,0.6967213114754098,0.7272727272727273,0.041,0.0
90,0,Exact no shift,Target oracle (reference),0.805,0.3714715974894005,0.12244897959183673,0.1312013874803365,0.02358834889650738,0.39105021650062977,0.491,147,0.8189066059225513,0.7049180327868853,0.7272727272727273,0.041,0.0
91,0,Exact no shift,Pooled associative latent class model,0.812,0.38876477922860897,0.33112582781456956,0.12752781700802618,0.02259343473272703,0.41927167235493806,0.516,151,0.8252427184466019,0.75,0.6730769230769231,0.06333333333333334,0.0
91,0,Exact no shift,Target-calibrated associative latent model,0.83,0.4350364833328434,0.2185430463576159,0.1211043428076332,0.030722344603905008,0.3904066451665398,0.53,151,0.8495145631067961,0.7386363636363636,0.7115384615384616,0.06333333333333334,0.0
91,0,Exact no shift,Frozen causal latent SCM,0.828,0.4297655273782835,0.1986754966887417,0.11980253076143847,0.02435944451411888,0.39122921795557025,0.512,151,0.8483009708737864,0.7329545454545454,0.7115384615384616,0.06333333333333334,0.0
91,0,Exact no shift,Modular causal latent SCM,0.827,0.42714323125508435,0.2052980132450331,0.11987966816112965,0.022992232082384524,0.39110747245224636,0.517,151,0.8483009708737864,0.7272727272727273,0.6923076923076923,0.06333333333333334,0.0
91,0,Exact no shift,Target oracle (reference),0.833,0.4429984695824115,0.18543046357615894,0.11624521077853353,0.030803823146924123,0.39734776306503294,0.503,151,0.8616504854368932,0.6988636363636364,0.6538461538461539,0.06333333333333334,0.0
92,0,Exact no shift,Pooled associative latent class model,0.819,0.40645005221332936,0.2671232876712329,0.12689340305588667,0.024613999097974792,0.4210267252878394,0.492,146,0.8333333333333334,0.7323943661971831,0.6938775510204082,0.049666666666666665,0.0
92,0,Exact no shift,Target-calibrated associative latent model,0.82,0.40900849523775074,0.18493150684931506,0.1272940941941307,0.02786944662930487,0.38441499567223536,0.497,146,0.8321678321678322,0.7464788732394366,0.7142857142857143,0.049666666666666665,0.0
92,0,Exact no shift,Frozen causal latent SCM,0.826,0.42453055247215266,0.11643835616438356,0.12325030347110442,0.032293400967933296,0.3913060806719038,0.465,146,0.8333333333333334,0.7816901408450704,0.7755102040816326,0.049666666666666665,0.0
92,0,Exact no shift,Modular causal latent SCM,0.824,0.4193241088059562,0.1506849315068493,0.12244593834702634,0.028878075789672837,0.3914944595730651,0.475,146,0.8321678321678322,0.7746478873239436,0.7551020408163265,0.049666666666666665,0.0
92,0,Exact no shift,Target oracle (reference),0.822,0.4141503847245707,0.1780821917808219,0.1211968260774893,0.025814807333976245,0.39576259359988114,0.519,146,0.8356643356643356,0.7394366197183099,0.6938775510204082,0.049666666666666665,0.0
93,0,Exact no shift,Pooled associative latent class model,0.815,0.39629630796869586,0.2318840579710145,0.1319632116345798,0.022139490950113357,0.42076704475538856,0.493,138,0.8234610917537747,0.762589928057554,0.7755102040816326,0.049666666666666665,0.001
93,0,Exact no shift,Target-calibrated associative latent model,0.827,0.42714315421912974,0.15942028985507245,0.125933272173802,0.03308198988142957,0.3856469226560888,0.507,138,0.8362369337979094,0.7697841726618705,0.7346938775510204,0.049666666666666665,0.001
93,0,Exact no shift,Frozen causal latent SCM,0.831,0.4376816860630272,0.15942028985507245,0.12622643540058714,0.03516297128289653,0.385192659473879,0.513,138,0.8397212543554007,0.7769784172661871,0.7551020408163265,0.049666666666666665,0.001
93,0,Exact no shift,Modular causal latent SCM,0.831,0.43768167957214493,0.17391304347826086,0.12600490935593406,0.040700105499430046,0.38456492887751925,0.517,138,0.8408826945412311,0.7697841726618705,0.7346938775510204,0.049666666666666665,0.001
93,0,Exact no shift,Target oracle (reference),0.827,0.4271431568641414,0.15217391304347827,0.12516217267923085,0.028767688067136477,0.3932396166210936,0.499,138,0.8362369337979094,0.7697841726618705,0.7551020408163265,0.049666666666666665,0.001
94,0,Exact no shift,Pooled associative latent class model,0.796,0.34981438457979197,0.3221476510067114,0.13940171739882526,0.04096824876628224,0.39743794280042566,0.522,149,0.800711743772242,0.7707006369426752,0.7954545454545454,0.05633333333333333,0.001
94,0,Exact no shift,Target-calibrated associative latent model,0.816,0.39882248452527336,0.11409395973154363,0.13326872673767828,0.027892467868032077,0.3812149453175265,0.49,149,0.8196915776986952,0.7961783439490446,0.8181818181818182,0.05633333333333333,0.001
94,0,Exact no shift,Frozen causal latent SCM,0.812,0.38876510872184994,0.2080536912751678,0.13306763331887952,0.02876996200203966,0.3825387761150699,0.52,149,0.8185053380782918,0.7770700636942676,0.8181818181818182,0.05633333333333333,0.001
94,0,Exact no shift,Modular causal latent SCM,0.815,0.39629575048045124,0.12080536912751678,0.1333012041655618,0.028313052339882405,0.3826905537966965,0.497,149,0.8196915776986952,0.7898089171974523,0.8181818181818182,0.05633333333333333,0.001
94,0,Exact no shift,Target oracle (reference),0.815,0.39629578671721843,0.18120805369127516,0.13185587948540956,0.027967175193011864,0.38694655546397816,0.505,149,0.8185053380782918,0.7961783439490446,0.7954545454545454,0.05633333333333333,0.001
95,0,Exact no shift,Pooled associative latent class model,0.809,0.38130577183252246,0.3288590604026846,0.13684214935604208,0.02818049458741302,0.43323398679410297,0.522,149,0.8222778473091364,0.7562189054726368,0.7647058823529411,0.071,0.0
95,0,Exact no shift,Target-calibrated associative latent model,0.824,0.4193236807216758,0.19463087248322147,0.12691014577507256,0.030951113020385945,0.40950651642139824,0.521,149,0.8335419274092616,0.7860696517412935,0.7794117647058824,0.071,0.0
95,0,Exact no shift,Frozen causal latent SCM,0.826,0.42452941679589146,0.2348993288590604,0.12619759684878235,0.03257469756972747,0.4121907706894776,0.527,149,0.83729662077597,0.7810945273631841,0.7794117647058824,0.071,0.0
95,0,Exact no shift,Modular causal latent SCM,0.826,0.42452941679589146,0.2348993288590604,0.1261991969122958,0.033779259606907766,0.4122307425737791,0.527,149,0.83729662077597,0.7810945273631841,0.7794117647058824,0.071,0.0
95,0,Exact no shift,Target oracle (reference),0.831,0.4376816925539093,0.2080536912751678,0.12529063514553357,0.028550044991503903,0.39758856316398256,0.516,149,0.8435544430538173,0.7810945273631841,0.7647058823529411,0.071,0.0
96,0,Exact no shift,Pooled associative latent class model,0.793,0.3427399198141621,0.36363636363636365,0.14369890148709732,0.03534749855628815,0.4017449418197847,0.473,154,0.8026796589524969,0.7486033519553073,0.7384615384615385,0.06233333333333333,0.0
96,0,Exact no shift,Target-calibrated associative latent model,0.817,0.4013579839369726,0.14935064935064934,0.13080253853131832,0.04517986824347623,0.3903984014293569,0.477,154,0.8258221680876979,0.776536312849162,0.8153846153846154,0.06233333333333333,0.0
96,0,Exact no shift,Frozen causal latent SCM,0.813,0.3912688909454726,0.16233766233766234,0.1310538526862163,0.0367510034333199,0.38994576421829935,0.469,154,0.8258221680876979,0.7541899441340782,0.7538461538461538,0.06233333333333333,0.0
96,0,Exact no shift,Modular causal latent SCM,0.814,0.3937812209609275,0.12337662337662338,0.13236833760041422,0.04194489022848639,0.3904474444698592,0.458,154,0.8246041412911084,0.7653631284916201,0.7846153846153846,0.06233333333333333,0.0
96,0,Exact no shift,Target oracle (reference),0.818,0.4038993766124766,0.21428571428571427,0.12969024940510657,0.034231561695828305,0.4006334692523875,0.504,154,0.830694275274056,0.7597765363128491,0.7692307692307693,0.06233333333333333,0.0
97,0,Exact no shift,Pooled associative latent class model,0.796,0.3498136238397083,0.3561643835616438,0.1406662663837768,0.027272200619066517,0.42163530261261795,0.487,146,0.7929411764705883,0.8133333333333334,0.813953488372093,0.052,0.0
97,0,Exact no shift,Target-calibrated associative latent model,0.797,0.3521965865161308,0.07534246575342465,0.1446773623388152,0.06070320808406514,0.3781352013957165,0.438,146,0.7917647058823529,0.8266666666666667,0.813953488372093,0.052,0.0
97,0,Exact no shift,Frozen causal latent SCM,0.802,0.36417999440369936,0.1917808219178082,0.1357722199776851,0.025410671582550715,0.38573905398539216,0.487,146,0.7964705882352942,0.8333333333333334,0.813953488372093,0.052,0.0
97,0,Exact no shift,Modular causal latent SCM,0.798,0.35457652837942044,0.10273972602739725,0.1393777800554764,0.05021095375268854,0.38373536011077897,0.447,146,0.7941176470588235,0.82,0.7906976744186046,0.052,0.0
97,0,Exact no shift,Target oracle (reference),0.813,0.3912672804422308,0.1780821917808219,0.13312404922471963,0.035133625946078446,0.40051064206498327,0.484,146,0.808235294117647,0.84,0.813953488372093,0.052,0.0
98,0,Exact no shift,Pooled associative latent class model,0.79,0.3357572539204976,0.2077922077922078,0.14871655715883672,0.07084657181146571,0.4151766725582446,0.408,154,0.802570093457944,0.7152777777777778,0.7368421052631579,0.050666666666666665,0.0
98,0,Exact no shift,Target-calibrated associative latent model,0.805,0.37147323392425535,0.21428571428571427,0.13531460754211563,0.03196788462744311,0.4083853781089557,0.469,154,0.8130841121495327,0.7569444444444444,0.8245614035087719,0.050666666666666665,0.0
98,0,Exact no shift,Frozen causal latent SCM,0.8,0.3593672271333092,0.12337662337662338,0.13486889678470856,0.047987744056830636,0.4042078112339958,0.442,154,0.8084112149532711,0.75,0.8070175438596491,0.050666666666666665,0.0
98,0,Exact no shift,Modular causal latent SCM,0.801,0.36177069676902424,0.17532467532467533,0.13532723258207607,0.04134005078375558,0.40680571385635017,0.453,154,0.8084112149532711,0.7569444444444444,0.8245614035087719,0.050666666666666665,0.0
98,0,Exact no shift,Target oracle (reference),0.808,0.37883540808826555,0.14285714285714285,0.12968263567170168,0.026763684276236117,0.40268516383881936,0.478,154,0.8142523364485982,0.7708333333333334,0.8245614035087719,0.050666666666666665,0.0
99,0,Exact no shift,Pooled associative latent class model,0.808,0.37883392174402153,0.19696969696969696,0.13302403857953665,0.060465375645860076,0.39933603706958826,0.449,132,0.8157276995305164,0.7635135135135135,0.7777777777777778,0.053,0.0
99,0,Exact no shift,Target-calibrated associative latent model,0.82,0.40900887044008544,0.13636363636363635,0.12388714164211366,0.04262187368119492,0.3806126802343717,0.475,132,0.8274647887323944,0.777027027027027,0.8253968253968254,0.053,0.0
99,0,Exact no shift,Frozen causal latent SCM,0.815,0.39629552098082477,0.06060606060606061,0.12612416572664056,0.06017920104690838,0.3792511537607361,0.452,132,0.8262910798122066,0.75,0.8095238095238095,0.053,0.0
99,0,Exact no shift,Modular causal latent SCM,0.823,0.4167324956855757,0.09848484848484848,0.12356245511829099,0.04754124381724335,0.3814800220939134,0.47,132,0.8333333333333334,0.7635135135135135,0.8253968253968254,0.053,0.0
99,0,Exact no shift,Target oracle (reference),0.837,0.45372980965368587,0.11363636363636363,0.11940223158825276,0.031371001772942775,0.39937561686195067,0.504,132,0.8415492957746479,0.8108108108108109,0.8412698412698413,0.053,0.0
100,0,Exact no shift,Pooled associative latent class model,0.785,0.3242248352001995,0.37735849056603776,0.14422262915761827,0.03178291455816354,0.4324850741449018,0.522,159,0.7938751472320377,0.7350993377483444,0.7017543859649122,0.05266666666666667,0.0
100,0,Exact no shift,Target-calibrated associative latent model,0.808,0.3788378852331977,0.1320754716981132,0.13658285637213685,0.038064919556909785,0.40631378092913906,0.461,159,0.8197879858657244,0.7417218543046358,0.7192982456140351,0.05266666666666667,0.0
100,0,Exact no shift,Frozen causal latent SCM,0.811,0.3862696869343363,0.1949685534591195,0.13270200621077158,0.020424169108278083,0.4091667214876496,0.502,159,0.8221436984687868,0.7483443708609272,0.7192982456140351,0.05266666666666667,0.0
100,0,Exact no shift,Modular causal latent SCM,0.812,0.38876423339440436,0.20125786163522014,0.13293177005741688,0.02349829863496744,0.4090744096224778,0.505,159,0.8221436984687868,0.7549668874172185,0.7192982456140351,0.05266666666666667,0.0
100,0,Exact no shift,Target oracle (reference),0.81,0.38378338141325863,0.18867924528301888,0.13290308385584632,0.02916959851503012,0.4017879204694824,0.491,159,0.8221436984687868,0.7417218543046358,0.7192982456140351,0.05266666666666667,0.0
101,0,Exact no shift,Pooled associative latent class model,0.799,0.3569613166911505,0.3815789473684211,0.1335689780572476,0.0272703736592844,0.43056862828385395,0.526,152,0.8072855464159812,0.7516778523489933,0.7454545454545455,0.051333333333333335,0.0
101,0,Exact no shift,Target-calibrated associative latent model,0.817,0.40135777248593396,0.11842105263157894,0.12554827451002998,0.03692790851837955,0.4086112396062709,0.472,152,0.8237367802585194,0.7785234899328859,0.8363636363636363,0.051333333333333335,0.0
101,0,Exact no shift,Frozen causal latent SCM,0.817,0.4013571754469008,0.17105263157894737,0.1235222539009822,0.0248709639066135,0.40867727149363897,0.496,152,0.827262044653349,0.7583892617449665,0.8,0.051333333333333335,0.0
101,0,Exact no shift,Modular causal latent SCM,0.817,0.40135741488457277,0.15789473684210525,0.12476698441078066,0.032559476977480475,0.40906309279197123,0.482,152,0.8260869565217391,0.7651006711409396,0.8,0.051333333333333335,0.0
101,0,Exact no shift,Target oracle (reference),0.819,0.4064502700876399,0.18421052631578946,0.12276254766880632,0.023375518516121994,0.39146336036227025,0.504,152,0.8296122209165687,0.7583892617449665,0.8181818181818182,0.051333333333333335,0.0
102,0,Exact no shift,Pooled associative latent class model,0.809,0.381305117301601,0.31210191082802546,0.13142626867070425,0.022893380049908728,0.39651447175017396,0.504,157,0.8206060606060606,0.7542857142857143,0.7413793103448276,0.062,0.0
102,0,Exact no shift,Target-calibrated associative latent model,0.83,0.4350348523533413,0.1337579617834395,0.12258853511521363,0.021865536032130033,0.3795161005886322,0.501,157,0.8387878787878787,0.7885714285714286,0.8103448275862069,0.062,0.0
102,0,Exact no shift,Frozen causal latent SCM,0.833,0.442998864461593,0.17197452229299362,0.1224068229206433,0.029254368338537336,0.3816859861896948,0.508,157,0.8412121212121212,0.7942857142857143,0.8103448275862069,0.062,0.0
102,0,Exact no shift,Modular causal latent SCM,0.83,0.43503485822263455,0.1337579617834395,0.1227407396669241,0.01643768572075649,0.38043486948897215,0.497,157,0.8363636363636363,0.8,0.8103448275862069,0.062,0.0
102,0,Exact no shift,Target oracle (reference),0.836,0.4510348917453842,0.15286624203821655,0.1205070698739899,0.03479700398694724,0.39182129855709624,0.493,157,0.8436363636363636,0.8,0.8103448275862069,0.062,0.0
103,0,Exact no shift,Pooled associative latent class model,0.797,0.35214229909440675,0.33783783783783783,0.14091897024815667,0.01776177608324192,0.41827566155087753,0.451,148,0.800711743772242,0.7770700636942676,0.7758620689655172,0.057,0.001
103,0,Exact no shift,Target-calibrated associative latent model,0.812,0.3886344291459503,0.12837837837837837,0.13517107264913486,0.03853274360077778,0.3876041966565886,0.418,148,0.8161328588374852,0.7898089171974523,0.7758620689655172,0.057,0.001
103,0,Exact no shift,Frozen causal latent SCM,0.819,0.4063777518930259,0.18243243243243243,0.13222578136063004,0.030511438048573803,0.39132158722637767,0.437,148,0.8208778173190985,0.8089171974522293,0.7931034482758621,0.057,0.001
103,0,Exact no shift,Modular causal latent SCM,0.822,0.4140709267571907,0.14189189189189189,0.13241782931473625,0.033788948798406125,0.3908185725458129,0.434,148,0.8256227758007118,0.802547770700637,0.7758620689655172,0.057,0.001
103,0,Exact no shift,Target oracle (reference),0.817,0.4013352974753723,0.20270270270270271,0.1318464219586559,0.028382343818100966,0.39767958409428994,0.463,148,0.8196915776986952,0.802547770700637,0.7758620689655172,0.057,0.001
104,0,Exact no shift,Pooled associative latent class model,0.802,0.3641800311002968,0.2945205479452055,0.13990981757200222,0.0227544634296913,0.42664754586328385,0.517,146,0.807556080283353,0.7712418300653595,0.7627118644067796,0.05266666666666667,0.0
104,0,Exact no shift,Target-calibrated associative latent model,0.802,0.3641687161153924,0.2534246575342466,0.13661787400121395,0.03165172823773353,0.39369724111371157,0.557,146,0.7992916174734357,0.8169934640522876,0.864406779661017,0.05266666666666667,0.0
104,0,Exact no shift,Frozen causal latent SCM,0.809,0.3813040927121369,0.17123287671232876,0.13359907445916455,0.04138634122587802,0.3988794155290515,0.524,146,0.8099173553719008,0.803921568627451,0.7966101694915254,0.05266666666666667,0.0
104,0,Exact no shift,Modular causal latent SCM,0.808,0.3788346891910101,0.15753424657534246,0.13378122135774645,0.037491241337324836,0.3988489911280216,0.517,146,0.8087367178276269,0.803921568627451,0.7966101694915254,0.05266666666666667,0.0
104,0,Exact no shift,Target oracle (reference),0.818,0.40389778188752773,0.1643835616438356,0.13375915396775856,0.04443559177018541,0.3954525238990719,0.529,146,0.8181818181818182,0.8169934640522876,0.8135593220338984,0.05266666666666667,0.0
105,0,Exact no shift,Pooled associative latent class model,0.801,0.36175168179086514,0.42028985507246375,0.13336745924641638,0.033269867113894694,0.414810231564274,0.559,138,0.8084606345475911,0.7583892617449665,0.7916666666666666,0.05433333333333333,0.0
105,0,Exact no shift,Target-calibrated associative latent model,0.828,0.42976169208793896,0.18840579710144928,0.12243898024456504,0.023611595208165945,0.3887530913076231,0.536,138,0.8390129259694477,0.7651006711409396,0.8125,0.05433333333333333,0.0
105,0,Exact no shift,Frozen causal latent SCM,0.827,0.4271339449118999,0.2463768115942029,0.12320583018346801,0.025570327708140227,0.38986818792368977,0.551,138,0.8390129259694477,0.7583892617449665,0.8125,0.05433333333333333,0.0
105,0,Exact no shift,Modular causal latent SCM,0.824,0.4193100375226806,0.2536231884057971,0.12424640930940196,0.03017312818060869,0.38862124643887547,0.56,138,0.836662749706228,0.7516778523489933,0.8125,0.05433333333333333,0.0
105,0,Exact no shift,Target oracle (reference),0.829,0.43239314396459577,0.21014492753623187,0.12234586818957338,0.022988789627394663,0.3972656949942202,0.533,138,0.8401880141010576,0.7651006711409396,0.7916666666666666,0.05433333333333333,0.0
106,0,Exact no shift,Pooled associative latent class model,0.801,0.3617706359906782,0.3879781420765027,0.1425349287664869,0.058934921319544836,0.41775249680678633,0.553,183,0.8091954022988506,0.7461538461538462,0.75,0.04466666666666667,0.0
106,0,Exact no shift,Target-calibrated associative latent model,0.823,0.41673231356590124,0.1912568306010929,0.12672470677581454,0.02323674212908545,0.39421926189714324,0.503,183,0.8298850574712644,0.7769230769230769,0.8,0.04466666666666667,0.0
106,0,Exact no shift,Frozen causal latent SCM,0.827,0.42714396138738786,0.22404371584699453,0.12992439232295117,0.04995116167841088,0.39444814822181845,0.527,183,0.8333333333333334,0.7846153846153846,0.8,0.04466666666666667,0.0
106,0,Exact no shift,Modular causal latent SCM,0.831,0.43768200195245016,0.20765027322404372,0.12887297501335532,0.04859524734094849,0.3949905963543404,0.521,183,0.8379310344827586,0.7846153846153846,0.8,0.04466666666666667,0.0
106,0,Exact no shift,Target oracle (reference),0.823,0.4167325083654995,0.20218579234972678,0.12611860319579207,0.028318560173072126,0.3958426720929814,0.489,183,0.8264367816091954,0.8,0.8,0.04466666666666667,0.0
107,0,Exact no shift,Pooled associative latent class model,0.814,0.3937785562673808,0.32098765432098764,0.1327693408270696,0.04308613400346821,0.4303103822197526,0.51,162,0.8178571428571428,0.79375,0.7045454545454546,0.056,0.0
107,0,Exact no shift,Target-calibrated associative latent model,0.814,0.39377556685640275,0.2777777777777778,0.128202677561385,0.050156445545161306,0.4060387178814104,0.526,162,0.8178571428571428,0.79375,0.7272727272727273,0.056,0.0
107,0,Exact no shift,Frozen causal latent SCM,0.815,0.39629754187234917,0.2222222222222222,0.12346695189376308,0.03803413706981457,0.4076919806225978,0.497,162,0.819047619047619,0.79375,0.7045454545454546,0.056,0.0
107,0,Exact no shift,Modular causal latent SCM,0.816,0.3988240889197086,0.2222222222222222,0.12352582356199224,0.038672871312901674,0.40774113878256035,0.498,162,0.819047619047619,0.8,0.7272727272727273,0.056,0.0
107,0,Exact no shift,Target oracle (reference),0.819,0.40645159377340917,0.20987654320987653,0.12189856632196325,0.03566721315556849,0.38873892352998063,0.495,162,0.825,0.7875,0.6818181818181818,0.056,0.0
108,0,Exact no shift,Pooled associative latent class model,0.781,0.315170135639654,0.4594594594594595,0.15042981853267906,0.06788383867363584,0.4296102481693018,0.575,148,0.7906698564593302,0.7317073170731707,0.6808510638297872,0.057666666666666665,0.0
108,0,Exact no shift,Target-calibrated associative latent model,0.805,0.37147356874745,0.18243243243243243,0.13306667113262552,0.04626567916000886,0.41819984613433,0.537,148,0.8169856459330144,0.7439024390243902,0.6595744680851063,0.057666666666666665,0.0
108,0,Exact no shift,Frozen causal latent SCM,0.803,0.3666031295679615,0.24324324324324326,0.13168718994619796,0.037962661281150875,0.41916226487039443,0.523,148,0.8157894736842105,0.7378048780487805,0.6808510638297872,0.057666666666666665,0.0
108,0,Exact no shift,Modular causal latent SCM,0.806,0.3739210655836941,0.22972972972972974,0.1324375435407698,0.0538549070266577,0.42004287999198436,0.544,148,0.8169856459330144,0.75,0.6595744680851063,0.057666666666666665,0.0
108,0,Exact no shift,Target oracle (reference),0.816,0.39882340723817117,0.19594594594594594,0.12791362086129388,0.02758365293496335,0.40437521662808285,0.476,148,0.8301435406698564,0.7439024390243902,0.723404255319149,0.057666666666666665,0.0
109,0,Exact no shift,Pooled associative latent class model,0.771,0.2930591894944153,0.4485294117647059,0.15225464637533245,0.0583586038486443,0.3883094261995194,0.545,136,0.7759433962264151,0.743421052631579,0.72,0.05333333333333334,0.001
109,0,Exact no shift,Target-calibrated associative latent model,0.779,0.310679031223037,0.2867647058823529,0.14806938391563101,0.07444851147644359,0.3770423405009999,0.563,136,0.7830188679245284,0.756578947368421,0.72,0.05333333333333334,0.001
109,0,Exact no shift,Frozen causal latent SCM,0.782,0.31741516962718747,0.2867647058823529,0.1453477210669392,0.06057339201110774,0.37850685805047224,0.542,136,0.7830188679245284,0.7763157894736842,0.76,0.05333333333333334,0.001
109,0,Exact no shift,Modular causal latent SCM,0.785,0.324225509294126,0.25735294117647056,0.14495309358847344,0.06018235901035822,0.3790377886986104,0.537,136,0.7877358490566038,0.7697368421052632,0.76,0.05333333333333334,0.001
109,0,Exact no shift,Target oracle (reference),0.799,0.3569614844015201,0.19117647058823528,0.13866805481918026,0.028735581895016963,0.3891403131592649,0.473,136,0.7983490566037735,0.8026315789473685,0.78,0.05333333333333334,0.001
110,0,Exact no shift,Pooled associative latent class model,0.801,0.36177492249328347,0.25384615384615383,0.14076094414024956,0.06442647206936572,0.3970518500399731,0.438,130,0.8102625298329356,0.7530864197530864,0.7222222222222222,0.057,0.0
110,0,Exact no shift,Target-calibrated associative latent model,0.797,0.3522057883783871,0.13076923076923078,0.13772816137494237,0.08020590497231263,0.37498255980468925,0.416,130,0.8042959427207638,0.7592592592592593,0.7407407407407407,0.057,0.0
110,0,Exact no shift,Frozen causal latent SCM,0.81,0.38379007866190096,0.15384615384615385,0.13074694198183684,0.056858979288456894,0.3779202045829352,0.447,130,0.8162291169451074,0.7777777777777778,0.7407407407407407,0.057,0.0
110,0,Exact no shift,Modular causal latent SCM,0.806,0.3739272127031423,0.13076923076923078,0.13233257609850915,0.06402667552067699,0.3777796835859968,0.437,130,0.8114558472553699,0.7777777777777778,0.7407407407407407,0.057,0.0
110,0,Exact no shift,Target oracle (reference),0.823,0.4167321599479235,0.2,0.12690926830131088,0.01793213234506474,0.3888464827982392,0.502,130,0.8281622911694511,0.7962962962962963,0.7592592592592593,0.057,0.0
111,0,Exact no shift,Pooled associative latent class model,0.81,0.3837836267043366,0.3263888888888889,0.12530980876459585,0.022840122954873487,0.40689684712289276,0.488,144,0.8214716525934861,0.7543859649122807,0.6666666666666666,0.06,0.0
111,0,Exact no shift,Target-calibrated associative latent model,0.83,0.4350360866141071,0.1597222222222222,0.11438594299259702,0.03143201394961231,0.3894090905962399,0.468,144,0.8383594692400482,0.7894736842105263,0.7575757575757576,0.06,0.0
111,0,Exact no shift,Frozen causal latent SCM,0.835,0.44834849560267054,0.1527777777777778,0.11284675770859201,0.033393160057471435,0.39159519980573343,0.481,144,0.8443908323281062,0.7894736842105263,0.7575757575757576,0.06,0.0
111,0,Exact no shift,Modular causal latent SCM,0.835,0.44834871847392754,0.14583333333333334,0.11343013213912277,0.03537382722434913,0.3915658146425135,0.477,144,0.8443908323281062,0.7894736842105263,0.7575757575757576,0.06,0.0
111,0,Exact no shift,Target oracle (reference),0.842,0.4673230030769527,0.16666666666666666,0.11195705395595162,0.03904026746735894,0.3969907666558015,0.5,144,0.850422195416164,0.8011695906432749,0.7727272727272727,0.06,0.0
112,0,Exact no shift,Pooled associative latent class model,0.805,0.37147514813915894,0.35064935064935066,0.1355711328870827,0.03844723179400507,0.4019588406023097,0.542,154,0.8216019417475728,0.7272727272727273,0.8113207547169812,0.06233333333333333,0.0
112,0,Exact no shift,Target-calibrated associative latent model,0.806,0.3739226567189289,0.3051948051948052,0.13064665789574498,0.036438260294744666,0.3864035282140126,0.547,154,0.8203883495145631,0.7386363636363636,0.8301886792452831,0.06233333333333333,0.0
112,0,Exact no shift,Frozen causal latent SCM,0.812,0.3887685410101802,0.21428571428571427,0.12710789014378346,0.03370697902395218,0.38769772479326364,0.543,154,0.8276699029126213,0.7386363636363636,0.8113207547169812,0.06233333333333333,0.0
112,0,Exact no shift,Modular causal latent SCM,0.808,0.3788443747300473,0.2922077922077922,0.13058533023937766,0.05759131641346901,0.38494762343414435,0.565,154,0.8252427184466019,0.7272727272727273,0.8113207547169812,0.06233333333333333,0.0
112,0,Exact no shift,Target oracle (reference),0.811,0.3862742682257303,0.21428571428571427,0.12683822002014702,0.028998207466340582,0.40492108182075925,0.544,154,0.8276699029126213,0.7329545454545454,0.8113207547169812,0.06233333333333333,0.0
113,0,Exact no shift,Pooled associative latent class model,0.817,0.4013561658293807,0.3904109589041096,0.12887626995025958,0.030773197921290723,0.40568209100889385,0.521,146,0.822429906542056,0.7847222222222222,0.8292682926829268,0.05,0.0
113,0,Exact no shift,Target-calibrated associative latent model,0.837,0.4537311471810362,0.1095890410958904,0.11815324306520666,0.03502013775737676,0.37946024283756913,0.501,146,0.8399532710280374,0.8194444444444444,0.8780487804878049,0.05,0.0
113,0,Exact no shift,Frozen causal latent SCM,0.825,0.42191836168402463,0.2534246575342466,0.1187950998429927,0.03646759834008577,0.3773234540134286,0.529,146,0.8282710280373832,0.8055555555555556,0.8780487804878049,0.05,0.0
113,0,Exact no shift,Modular causal latent SCM,0.831,0.4376805624530128,0.19863013698630136,0.11805108311086916,0.039788507548038386,0.3778043919670358,0.521,146,0.8329439252336449,0.8194444444444444,0.8780487804878049,0.05,0.0
113,0,Exact no shift,Target oracle (reference),0.831,0.4376759682949401,0.23972602739726026,0.11723221881384178,0.03822142319060344,0.38201131021899826,0.535,146,0.8341121495327103,0.8125,0.8780487804878049,0.05,0.0
114,0,Exact no shift,Pooled associative latent class model,0.8,0.3593638739111971,0.38095238095238093,0.13274087116962663,0.03996288072307364,0.39653024700620154,0.548,147,0.8073286052009456,0.7597402597402597,0.9111111111111111,0.053,0.0
114,0,Exact no shift,Target-calibrated associative latent model,0.826,0.42453258383758063,0.2108843537414966,0.12233602080678281,0.03889728214732447,0.37578066100913965,0.548,147,0.83451536643026,0.7792207792207793,0.8444444444444444,0.053,0.0
114,0,Exact no shift,Frozen causal latent SCM,0.827,0.4271466316903803,0.22448979591836735,0.12183987753034048,0.03162590688069367,0.37589666807677097,0.545,147,0.8321513002364066,0.7987012987012987,0.9111111111111111,0.053,0.0
114,0,Exact no shift,Modular causal latent SCM,0.83,0.4350379696282949,0.17687074829931973,0.12247033902929692,0.032127943578271055,0.37543249548148105,0.542,147,0.8392434988179669,0.7792207792207793,0.8666666666666667,0.053,0.0
114,0,Exact no shift,Target oracle (reference),0.837,0.4537300876970888,0.19047619047619047,0.12076109861146946,0.025225731869526855,0.3850973976381534,0.521,147,0.8439716312056738,0.7987012987012987,0.8666666666666667,0.053,0.0
115,0,Exact no shift,Pooled associative latent class model,0.798,0.3545703377504848,0.3087248322147651,0.13614350411026432,0.036594562021140156,0.41486450766562694,0.52,149,0.7937273823884198,0.8187134502923976,0.8305084745762712,0.06,0.0
115,0,Exact no shift,Target-calibrated associative latent model,0.825,0.42192165640003093,0.16778523489932887,0.12672731049223496,0.020174061314738492,0.391036931375223,0.521,149,0.8226779252110977,0.8362573099415205,0.8983050847457628,0.06,0.0
115,0,Exact no shift,Frozen causal latent SCM,0.824,0.419323219988561,0.1610738255033557,0.1261695973300029,0.024700008979748164,0.3915577792835828,0.518,149,0.8214716525934861,0.8362573099415205,0.8983050847457628,0.06,0.0
115,0,Exact no shift,Modular causal latent SCM,0.822,0.41414923439235596,0.1610738255033557,0.12667956097908417,0.021713839391466823,0.3915573423472506,0.53,149,0.8178528347406514,0.8421052631578947,0.8983050847457628,0.06,0.0
115,0,Exact no shift,Target oracle (reference),0.827,0.42714299022835905,0.18120805369127516,0.1254663758027786,0.019516056343638687,0.3987475197222201,0.519,149,0.8262967430639324,0.8304093567251462,0.8813559322033898,0.06,0.0
116,0,Exact no shift,Pooled associative latent class model,0.802,0.36417541876351794,0.19594594594594594,0.14084361833756082,0.06856038664899956,0.41307836142240545,0.442,148,0.8177458033573142,0.7228915662650602,0.7142857142857143,0.05733333333333333,0.0
116,0,Exact no shift,Target-calibrated associative latent model,0.814,0.3937780489373046,0.18243243243243243,0.1321112541808918,0.03908927791168465,0.3824360868497455,0.492,148,0.8285371702637889,0.7409638554216867,0.7346938775510204,0.05733333333333333,0.0
116,0,Exact no shift,Frozen causal latent SCM,0.81,0.38378377489249643,0.13513513513513514,0.12883348707577877,0.03967660063121486,0.3807480723791155,0.484,148,0.8225419664268585,0.7469879518072289,0.7959183673469388,0.05733333333333333,0.0
116,0,Exact no shift,Modular causal latent SCM,0.813,0.39126721017575217,0.13513513513513514,0.12941768837358472,0.04193413873818013,0.3809542016613317,0.483,148,0.8261390887290168,0.7469879518072289,0.7959183673469388,0.05733333333333333,0.0
116,0,Exact no shift,Target oracle (reference),0.823,0.4167317354501983,0.18243243243243243,0.12588669384050577,0.020201869621819676,0.38734211673027596,0.531,148,0.8369304556354916,0.7530120481927711,0.8163265306122449,0.05733333333333333,0.0
117,0,Exact no shift,Pooled associative latent class model,0.808,0.37882333691860554,0.35,0.13409029830327202,0.05145630992050563,0.41599875875599335,0.572,160,0.8109048723897911,0.7898550724637681,0.8958333333333334,0.048,0.0
117,0,Exact no shift,Target-calibrated associative latent model,0.811,0.386252608000816,0.2375,0.1300864509116139,0.05366008020098967,0.37694550218994505,0.589,160,0.8120649651972158,0.8043478260869565,0.9166666666666666,0.048,0.0
117,0,Exact no shift,Frozen causal latent SCM,0.813,0.39125285474532895,0.24375,0.1284198917780474,0.0531279089643593,0.3799543754929115,0.581,160,0.8155452436194895,0.7971014492753623,0.8958333333333334,0.048,0.0
117,0,Exact no shift,Modular causal latent SCM,0.812,0.38874758017599753,0.26875,0.1293062277133155,0.05573939967484455,0.37969307029521143,0.588,160,0.814385150812065,0.7971014492753623,0.8958333333333334,0.048,0.0
117,0,Exact no shift,Target oracle (reference),0.84,0.4618618497489127,0.14375,0.12123461361232649,0.027520160481462403,0.402022266047308,0.516,160,0.8480278422273781,0.7898550724637681,0.875,0.048,0.0
118,0,Exact no shift,Pooled associative latent class model,0.821,0.41157534922452266,0.32432432432432434,0.12646869954682746,0.03162805936264466,0.41078441079211925,0.511,148,0.827460510328068,0.7909604519774012,0.765625,0.062,0.0
118,0,Exact no shift,Target-calibrated associative latent model,0.825,0.4219215340652556,0.1891891891891892,0.1209295401691466,0.030144979542751544,0.3912690463406733,0.505,148,0.8262454434993924,0.8192090395480226,0.8125,0.062,0.0
118,0,Exact no shift,Frozen causal latent SCM,0.826,0.42452810638399013,0.18243243243243243,0.12077019516845866,0.030092512799855264,0.39313087474186664,0.502,148,0.8262454434993924,0.8248587570621468,0.828125,0.062,0.0
118,0,Exact no shift,Modular causal latent SCM,0.825,0.42192198915035783,0.24324324324324326,0.12137075809129878,0.035223572618717704,0.391218001994254,0.517,148,0.8262454434993924,0.8192090395480226,0.8125,0.062,0.0
118,0,Exact no shift,Target oracle (reference),0.826,0.4245282711233959,0.17567567567567569,0.1200388020816416,0.030735292970945086,0.39012043701953075,0.49,148,0.8262454434993924,0.8248587570621468,0.828125,0.062,0.0
119,0,Exact no shift,Pooled associative latent class model,0.795,0.3474533703156513,0.3443708609271523,0.13766063327632913,0.041279252900963945,0.41860858819098307,0.56,151,0.8056872037914692,0.7371794871794872,0.7142857142857143,0.05433333333333333,0.0
119,0,Exact no shift,Target-calibrated associative latent model,0.804,0.3690381599380419,0.13245033112582782,0.134513867135516,0.04389213358152438,0.3935455510634455,0.557,151,0.816350710900474,0.7371794871794872,0.7755102040816326,0.05433333333333333,0.0
119,0,Exact no shift,Frozen causal latent SCM,0.801,0.36177115058030873,0.2185430463576159,0.13139924928995383,0.04149148943383734,0.3950640885914623,0.558,151,0.8104265402843602,0.75,0.7755102040816326,0.05433333333333333,0.0
119,0,Exact no shift,Modular causal latent SCM,0.807,0.3763765187870052,0.16556291390728478,0.13146002575544724,0.03547361103801567,0.394810336606139,0.552,151,0.816350710900474,0.7564102564102564,0.7755102040816326,0.05433333333333333,0.0
119,0,Exact no shift,Target oracle (reference),0.813,0.39126751466370885,0.17880794701986755,0.12831226102392115,0.03390841881668906,0.3981070588306409,0.52,151,0.8210900473933649,0.7692307692307693,0.7551020408163265,0.05433333333333333,0.0
120,0,Exact no shift,Pooled associative latent class model,0.814,0.3937824404341145,0.2733333333333333,0.13662132239012426,0.039350555220931366,0.4414082169672529,0.437,150,0.8285371702637889,0.7409638554216867,0.7192982456140351,0.058,0.0
120,0,Exact no shift,Target-calibrated associative latent model,0.813,0.39126824168602864,0.2,0.1280399218720804,0.02534992714969788,0.4165553270257466,0.468,150,0.8237410071942446,0.7590361445783133,0.7368421052631579,0.058,0.0
120,0,Exact no shift,Frozen causal latent SCM,0.814,0.39377824793325467,0.22,0.12673266551059092,0.03115966316876522,0.41670311823846873,0.475,150,0.8261390887290168,0.7530120481927711,0.7017543859649122,0.058,0.0
120,0,Exact no shift,Modular causal latent SCM,0.818,0.4039006284926766,0.22,0.12750360071907996,0.027857847764173008,0.41648896837768073,0.471,150,0.829736211031175,0.7590361445783133,0.7368421052631579,0.058,0.0
120,0,Exact no shift,Target oracle (reference),0.807,0.376372380110846,0.22,0.1267640516435128,0.03240402833181502,0.3980351949575631,0.484,150,0.8177458033573142,0.7530120481927711,0.7192982456140351,0.058,0.0
121,0,Exact no shift,Pooled associative latent class model,0.8,0.35935948235194476,0.33548387096774196,0.136503870708919,0.03033331128470864,0.43988769262937805,0.485,155,0.8018867924528302,0.7894736842105263,0.7,0.05366666666666667,0.001
121,0,Exact no shift,Target-calibrated associative latent model,0.8,0.3593467695884976,0.16774193548387098,0.13324531377766619,0.034957833721105704,0.4217592385332444,0.447,155,0.7959905660377359,0.8223684210526315,0.775,0.05366666666666667,0.001
121,0,Exact no shift,Frozen causal latent SCM,0.818,0.40390067352375925,0.23225806451612904,0.12962523142582394,0.03357211719723272,0.4256028027873113,0.491,155,0.8231132075471698,0.7894736842105263,0.725,0.05366666666666667,0.001
121,0,Exact no shift,Modular causal latent SCM,0.816,0.39882319677128647,0.22580645161290322,0.1298243126391644,0.03461015051980654,0.42586354593131337,0.487,155,0.8207547169811321,0.7894736842105263,0.725,0.05366666666666667,0.001
121,0,Exact no shift,Target oracle (reference),0.814,0.39377893696847854,0.25806451612903225,0.13000356607737784,0.044343945642298654,0.40682476471733603,0.501,155,0.8183962264150944,0.7894736842105263,0.775,0.05366666666666667,0.001
122,0,Exact no shift,Pooled associative latent class model,0.81,0.38378358900525733,0.34615384615384615,0.1297409528108609,0.022826131672788505,0.4315595038564463,0.508,156,0.8256658595641646,0.735632183908046,0.75,0.059333333333333335,0.0
122,0,Exact no shift,Target-calibrated associative latent model,0.822,0.4141505742718361,0.26282051282051283,0.12241756434438932,0.02661233197879724,0.39220928231393015,0.526,156,0.8353510895883777,0.7586206896551724,0.8088235294117647,0.059333333333333335,0.0
122,0,Exact no shift,Frozen causal latent SCM,0.83,0.4350348295735988,0.16025641025641027,0.12045202383048474,0.027933991001453735,0.39241801964853207,0.506,156,0.8450363196125908,0.7586206896551724,0.7941176470588235,0.059333333333333335,0.0
122,0,Exact no shift,Modular causal latent SCM,0.824,0.419323645020029,0.23717948717948717,0.12131939685218882,0.020768778793116338,0.39178607612792105,0.524,156,0.837772397094431,0.7586206896551724,0.8088235294117647,0.059333333333333335,0.0
122,0,Exact no shift,Target oracle (reference),0.834,0.4456694341627314,0.16666666666666666,0.11896602183814363,0.029166777554506678,0.3966370587156772,0.5,156,0.847457627118644,0.7701149425287356,0.7941176470588235,0.059333333333333335,0.0
123,0,Exact no shift,Pooled associative latent class model,0.773,0.2973546252769551,0.4420289855072464,0.1536458627235989,0.04294184145185749,0.39635215226976617,0.566,138,0.7811408614668219,0.723404255319149,0.6382978723404256,0.050333333333333334,0.001
123,0,Exact no shift,Target-calibrated associative latent model,0.777,0.3061814206583954,0.427536231884058,0.15105836404366935,0.052771250117482724,0.37733004484188737,0.556,138,0.7857974388824214,0.723404255319149,0.6382978723404256,0.050333333333333334,0.001
123,0,Exact no shift,Frozen causal latent SCM,0.788,0.33109567146582153,0.2608695652173913,0.14579492625787593,0.056176620369431864,0.38698279850312645,0.533,138,0.8032596041909197,0.6950354609929078,0.5957446808510638,0.050333333333333334,0.001
123,0,Exact no shift,Modular causal latent SCM,0.789,0.33340320953155533,0.2898550724637681,0.14651850159814864,0.04474916269204272,0.38364285760949607,0.536,138,0.8032596041909197,0.7021276595744681,0.6170212765957447,0.050333333333333334,0.001
123,0,Exact no shift,Target oracle (reference),0.792,0.3403990979392133,0.2391304347826087,0.14407650401743757,0.03206582826809371,0.4046786230531459,0.507,138,0.8067520372526193,0.7021276595744681,0.6170212765957447,0.050333333333333334,0.001
124,0,Exact no shift,Pooled associative latent class model,0.801,0.3617665696679292,0.33774834437086093,0.1363643231150053,0.04027688371905893,0.3759422940860314,0.524,151,0.8118932038834952,0.75,0.7307692307692307,0.06433333333333334,0.0
124,0,Exact no shift,Target-calibrated associative latent model,0.814,0.39377725076542286,0.1390728476821192,0.12940065855540964,0.0402556939878237,0.3538584030722749,0.505,151,0.8240291262135923,0.7670454545454546,0.75,0.06433333333333334,0.0
124,0,Exact no shift,Frozen causal latent SCM,0.821,0.4115763167386822,0.17880794701986755,0.1273432303976017,0.030097675839383,0.3531690215163168,0.524,151,0.8300970873786407,0.7784090909090909,0.7692307692307693,0.06433333333333334,0.0
124,0,Exact no shift,Modular causal latent SCM,0.819,0.40645098708483113,0.16556291390728478,0.12757032737357618,0.031294579029021365,0.3542928007714338,0.522,151,0.8276699029126213,0.7784090909090909,0.75,0.06433333333333334,0.0
124,0,Exact no shift,Target oracle (reference),0.819,0.40645046421031844,0.18543046357615894,0.12608610827892788,0.03282872450358305,0.38094941762386136,0.516,151,0.8288834951456311,0.7727272727272727,0.7692307692307693,0.06433333333333334,0.0
125,0,Exact no shift,Pooled associative latent class model,0.815,0.39629658810615015,0.2916666666666667,0.1330958065781594,0.0288626385020197,0.39572051347201925,0.48,144,0.8131609870740305,0.825503355704698,0.8809523809523809,0.05266666666666667,0.0
125,0,Exact no shift,Target-calibrated associative latent model,0.835,0.4483483590143397,0.1388888888888889,0.12329279855690348,0.02242014575095548,0.3791526936619662,0.484,144,0.8296122209165687,0.8657718120805369,0.9761904761904762,0.05266666666666667,0.0
125,0,Exact no shift,Frozen causal latent SCM,0.837,0.45373014164525316,0.1388888888888889,0.12345229865167229,0.033852580637803324,0.37876342881175207,0.478,144,0.8331374853113983,0.8590604026845637,0.9523809523809523,0.05266666666666667,0.0
125,0,Exact no shift,Modular causal latent SCM,0.836,0.45103569841207347,0.13194444444444445,0.12360505602676508,0.032540754629575015,0.378768251918396,0.475,144,0.8319623971797885,0.8590604026845637,0.9523809523809523,0.05266666666666667,0.0
125,0,Exact no shift,Target oracle (reference),0.834,0.44566926775251947,0.16666666666666666,0.12245279966544825,0.021977373223799307,0.39024123186890153,0.505,144,0.8307873090481787,0.8523489932885906,0.9761904761904762,0.05266666666666667,0.0
126,0,Exact no shift,Pooled associative latent class model,0.795,0.34740257856604023,0.16981132075471697,0.13983738447799496,0.044793109137846406,0.40639916682984506,0.409,159,0.8045977011494253,0.7307692307692307,0.6956521739130435,0.044,0.001
126,0,Exact no shift,Target-calibrated associative latent model,0.802,0.36417840565103354,0.24528301886792453,0.1354084856778088,0.02064369047452474,0.3930951422199038,0.476,159,0.8114942528735632,0.7384615384615385,0.7608695652173914,0.044,0.001
126,0,Exact no shift,Frozen causal latent SCM,0.807,0.37631923998428507,0.0880503144654088,0.13401181936970258,0.05653557060775308,0.3866221362385206,0.399,159,0.8172413793103448,0.7384615384615385,0.717391304347826,0.044,0.001
126,0,Exact no shift,Modular causal latent SCM,0.807,0.3763294923407844,0.11320754716981132,0.13201977583200591,0.041162382853621206,0.38987239380943445,0.409,159,0.8172413793103448,0.7384615384615385,0.7391304347826086,0.044,0.001
126,0,Exact no shift,Target oracle (reference),0.82,0.4090029678552433,0.11949685534591195,0.12834783890915236,0.025122162794154725,0.4005995525949919,0.462,159,0.828735632183908,0.7615384615384615,0.782608695652174,0.044,0.001
127,0,Exact no shift,Pooled associative latent class model,0.807,0.37638012460702064,0.2318840579710145,0.13982179451799276,0.04976456260579722,0.37858298081434955,0.442,138,0.8096357226792009,0.7919463087248322,0.8571428571428571,0.05366666666666667,0.0
127,0,Exact no shift,Target-calibrated associative latent model,0.815,0.3962981616097059,0.14492753623188406,0.13082546134867826,0.03709779994146141,0.36252293340861036,0.468,138,0.8225616921269095,0.7718120805369127,0.8392857142857143,0.05366666666666667,0.0
127,0,Exact no shift,Frozen causal latent SCM,0.822,0.4141502413594697,0.15942028985507245,0.1282639357234504,0.03590222119607241,0.3674994272625947,0.483,138,0.8296122209165687,0.7785234899328859,0.8571428571428571,0.05366666666666667,0.0
127,0,Exact no shift,Modular causal latent SCM,0.822,0.4141505968416747,0.15942028985507245,0.12854532558368156,0.02959342236268559,0.3670279291297553,0.479,138,0.8307873090481787,0.7718120805369127,0.8392857142857143,0.05366666666666667,0.0
127,0,Exact no shift,Target oracle (reference),0.822,0.41415009168262273,0.15942028985507245,0.1278118217906634,0.02321931217635939,0.38242980417389116,0.485,138,0.8307873090481787,0.7718120805369127,0.8392857142857143,0.05366666666666667,0.0
128,0,Exact no shift,Pooled associative latent class model,0.784,0.3219261668754623,0.2748091603053435,0.14724033755605315,0.07510283455351968,0.40913981889540185,0.447,131,0.7988235294117647,0.7,0.6521739130434783,0.052333333333333336,0.0
128,0,Exact no shift,Target-calibrated associative latent model,0.803,0.3665928555045914,0.19083969465648856,0.1347536754105647,0.0715887486109245,0.3941410113613756,0.46,131,0.8164705882352942,0.7266666666666667,0.717391304347826,0.052333333333333336,0.0
128,0,Exact no shift,Frozen causal latent SCM,0.8,0.35933909420958665,0.15267175572519084,0.13573446645409196,0.08037794520933483,0.3930256626057437,0.445,131,0.8141176470588235,0.72,0.717391304347826,0.052333333333333336,0.0
128,0,Exact no shift,Modular causal latent SCM,0.799,0.3569346163486559,0.1450381679389313,0.13798299789514412,0.08804029051211833,0.3926175987767,0.438,131,0.8141176470588235,0.7133333333333334,0.717391304347826,0.052333333333333336,0.0
128,0,Exact no shift,Target oracle (reference),0.816,0.3988243646741398,0.183206106870229,0.12639575617724783,0.03181145503715567,0.40089004046512755,0.495,131,0.8341176470588235,0.7133333333333334,0.6956521739130435,0.052333333333333336,0.0
129,0,Exact no shift,Pooled associative latent class model,0.817,0.401364552972214,0.21621621621621623,0.13027876471528502,0.04985218380478911,0.40036618454696143,0.443,148,0.8248259860788864,0.7681159420289855,0.7560975609756098,0.048666666666666664,0.0
129,0,Exact no shift,Target-calibrated associative latent model,0.829,0.4324093156118947,0.06756756756756757,0.12820269234647658,0.07050395470731542,0.3817436518613163,0.423,148,0.8294663573085846,0.8260869565217391,0.8780487804878049,0.048666666666666664,0.0
129,0,Exact no shift,Frozen causal latent SCM,0.826,0.42453241725547175,0.1554054054054054,0.12132737534789735,0.04624436866105585,0.3862010766100581,0.456,148,0.8259860788863109,0.8260869565217391,0.8536585365853658,0.048666666666666664,0.0
129,0,Exact no shift,Modular causal latent SCM,0.831,0.43768568211019526,0.13513513513513514,0.12166651453977564,0.04234263682362481,0.38613196722909854,0.455,148,0.8317865429234339,0.8260869565217391,0.8536585365853658,0.048666666666666664,0.0
129,0,Exact no shift,Target oracle (reference),0.836,0.4510348018075693,0.18243243243243243,0.11846768805528884,0.025388942582211076,0.38319517662277586,0.488,148,0.8422273781902552,0.7971014492753623,0.8292682926829268,0.048666666666666664,0.0
130,0,Exact no shift,Pooled associative latent class model,0.823,0.41673385624947745,0.21951219512195122,0.13285700984023344,0.03201665729954003,0.4008039741280527,0.472,164,0.8352668213457076,0.7463768115942029,0.8048780487804879,0.048666666666666664,0.0
130,0,Exact no shift,Target-calibrated associative latent model,0.834,0.4456708514226905,0.1524390243902439,0.12131371381179809,0.03758216598907012,0.37781454737249465,0.471,164,0.8433874709976799,0.7753623188405797,0.8292682926829268,0.048666666666666664,0.0
130,0,Exact no shift,Frozen causal latent SCM,0.833,0.44300139799738764,0.12804878048780488,0.12159765419564948,0.039221108213948364,0.3776748625111212,0.462,164,0.8445475638051044,0.7608695652173914,0.8048780487804879,0.048666666666666664,0.0
130,0,Exact no shift,Modular causal latent SCM,0.834,0.44567478656393755,0.0975609756097561,0.12393626410055474,0.04817381361215787,0.3761765239663545,0.447,164,0.8445475638051044,0.7681159420289855,0.8292682926829268,0.048666666666666664,0.0
130,0,Exact no shift,Target oracle (reference),0.838,0.4564319598881849,0.1524390243902439,0.11918213213739544,0.021561272278917718,0.38712136687935866,0.497,164,0.845707656612529,0.7898550724637681,0.8536585365853658,0.048666666666666664,0.0
131,0,Exact no shift,Pooled associative latent class model,0.812,0.38876463062139666,0.32298136645962733,0.13789281200538192,0.021816106890188758,0.40851060141106793,0.487,161,0.8173190984578885,0.7834394904458599,0.7962962962962963,0.05566666666666667,0.0
131,0,Exact no shift,Target-calibrated associative latent model,0.822,0.4141497676079425,0.2360248447204969,0.13103857347155456,0.03512471977942663,0.3826614333238331,0.497,161,0.8279952550415184,0.7898089171974523,0.7777777777777778,0.05566666666666667,0.0
131,0,Exact no shift,Frozen causal latent SCM,0.811,0.38627065937674215,0.19254658385093168,0.12904985286564155,0.03346138153773775,0.3837621158349389,0.478,161,0.8185053380782918,0.7707006369426752,0.7777777777777778,0.05566666666666667,0.0
131,0,Exact no shift,Modular causal latent SCM,0.814,0.39377773671506844,0.20496894409937888,0.12916690173233789,0.035111793642370166,0.38394150339101724,0.485,161,0.8208778173190985,0.7770700636942676,0.7777777777777778,0.05566666666666667,0.0
131,0,Exact no shift,Target oracle (reference),0.816,0.3988226908868238,0.20496894409937888,0.12883230835956436,0.028111640918958795,0.3973149291302965,0.487,161,0.8232502965599051,0.7770700636942676,0.7777777777777778,0.05566666666666667,0.0
132,0,Exact no shift,Pooled associative latent class model,0.804,0.3690154160622617,0.40131578947368424,0.13806119543901924,0.02655631975131633,0.42567181339113247,0.55,152,0.8161592505854801,0.7328767123287672,0.7547169811320755,0.051333333333333335,0.0
132,0,Exact no shift,Target-calibrated associative latent model,0.807,0.37636482726918147,0.26973684210526316,0.13159694509345463,0.025772564296940213,0.4032864450182442,0.535,152,0.8173302107728337,0.7465753424657534,0.7358490566037735,0.051333333333333335,0.0
132,0,Exact no shift,Frozen causal latent SCM,0.811,0.3862666223509623,0.2565789473684211,0.13137490232772445,0.03423611578890861,0.4054991679886605,0.527,152,0.8220140515222483,0.7465753424657534,0.7169811320754716,0.051333333333333335,0.0
132,0,Exact no shift,Modular causal latent SCM,0.814,0.3937760175091959,0.23026315789473684,0.1314190441211671,0.02340449929787665,0.406424751992529,0.522,152,0.8243559718969555,0.7534246575342466,0.7358490566037735,0.051333333333333335,0.0
132,0,Exact no shift,Target oracle (reference),0.81,0.3837797005219947,0.2565789473684211,0.1287030778165179,0.02615863296452598,0.39904946915922085,0.528,152,0.8208430913348946,0.7465753424657534,0.7169811320754716,0.051333333333333335,0.0
133,0,Exact no shift,Pooled associative latent class model,0.824,0.41932877300693067,0.32894736842105265,0.126622509693262,0.04710316406325941,0.3959237048052241,0.551,152,0.8290094339622641,0.7960526315789473,0.8,0.05333333333333334,0.0
133,0,Exact no shift,Target-calibrated associative latent model,0.835,0.4483481149169212,0.19736842105263158,0.11512006132529196,0.019933863830335467,0.37033937490614505,0.512,152,0.8384433962264151,0.8157894736842105,0.8363636363636363,0.05333333333333334,0.0
133,0,Exact no shift,Frozen causal latent SCM,0.838,0.4564334718177378,0.20394736842105263,0.11475681016368713,0.026635234375725167,0.3708175558999266,0.527,152,0.8455188679245284,0.7960526315789473,0.7818181818181819,0.05333333333333334,0.0
133,0,Exact no shift,Modular causal latent SCM,0.838,0.4564326732924291,0.19736842105263158,0.1153453202428745,0.03363702491311895,0.3703272656883709,0.519,152,0.8408018867924528,0.8223684210526315,0.8545454545454545,0.05333333333333334,0.0
133,0,Exact no shift,Target oracle (reference),0.839,0.45914261200654594,0.17763157894736842,0.11287788748302885,0.024757584784460163,0.38564297895917304,0.498,152,0.8443396226415094,0.8092105263157895,0.8727272727272727,0.05333333333333334,0.0
134,0,Exact no shift,Pooled associative latent class model,0.8,0.3593600573506417,0.29878048780487804,0.1384769215743944,0.025848634047857297,0.4252605874844364,0.467,164,0.8108747044917257,0.7402597402597403,0.7037037037037037,0.05366666666666667,0.0
134,0,Exact no shift,Target-calibrated associative latent model,0.81,0.38378387260773006,0.23780487804878048,0.1331150477690934,0.03085328176444162,0.4049052906750976,0.519,164,0.8286052009456265,0.7077922077922078,0.6851851851851852,0.05366666666666667,0.0
134,0,Exact no shift,Frozen causal latent SCM,0.809,0.381305117301601,0.21951219512195122,0.13019207958352524,0.021859349383520327,0.40623130789718653,0.496,164,0.8274231678486997,0.7077922077922078,0.6851851851851852,0.05366666666666667,0.0
134,0,Exact no shift,Modular causal latent SCM,0.809,0.3813051076603823,0.23170731707317074,0.1311256431225316,0.027191054259833404,0.4056044297286644,0.502,164,0.8274231678486997,0.7077922077922078,0.6851851851851852,0.05366666666666667,0.0
134,0,Exact no shift,Target oracle (reference),0.812,0.3887645861715102,0.22560975609756098,0.12994329680928116,0.02136147086321231,0.39566980450348777,0.495,164,0.8297872340425532,0.7142857142857143,0.6851851851851852,0.05366666666666667,0.0
135,0,Exact no shift,Pooled associative latent class model,0.792,0.3403971672981731,0.33121019108280253,0.138413491890222,0.04513918809388328,0.41982070765847507,0.54,157,0.8020954598370198,0.7304964539007093,0.8043478260869565,0.050333333333333334,0.001
135,0,Exact no shift,Target-calibrated associative latent model,0.811,0.38627020172938864,0.12101910828025478,0.12993000114053627,0.029483539051000016,0.4026407714092754,0.489,157,0.8230500582072177,0.7375886524822695,0.782608695652174,0.050333333333333334,0.001
135,0,Exact no shift,Frozen causal latent SCM,0.814,0.39377800135319874,0.17834394904458598,0.12967485943728818,0.033724914468332215,0.40523017918528487,0.526,157,0.8277066356228172,0.7304964539007093,0.782608695652174,0.050333333333333334,0.001
135,0,Exact no shift,Modular causal latent SCM,0.813,0.3912671782044991,0.14012738853503184,0.129439055502065,0.025802584327712083,0.4045475894906433,0.509,157,0.8265424912689173,0.7304964539007093,0.7608695652173914,0.050333333333333334,0.001
135,0,Exact no shift,Target oracle (reference),0.818,0.4039000206584056,0.16560509554140126,0.12839224529700335,0.03273964448938082,0.40213215493612064,0.522,157,0.8288707799767171,0.75177304964539,0.8043478260869565,0.050333333333333334,0.001
136,0,Exact no shift,Pooled associative latent class model,0.775,0.3018053585332652,0.2832369942196532,0.14620731116179697,0.03689851883195607,0.418936643830413,0.461,173,0.7869822485207101,0.7096774193548387,0.6530612244897959,0.056,0.0
136,0,Exact no shift,Target-calibrated associative latent model,0.793,0.3427385253594758,0.18497109826589594,0.1421397003804969,0.034444664784319866,0.3953398845826305,0.487,173,0.8035502958579882,0.7354838709677419,0.7142857142857143,0.056,0.0
136,0,Exact no shift,Frozen causal latent SCM,0.8,0.3593651366218775,0.11560693641618497,0.13858719878869397,0.0465896455595231,0.3949265709844471,0.45,173,0.8094674556213017,0.7483870967741936,0.7142857142857143,0.056,0.0
136,0,Exact no shift,Modular causal latent SCM,0.799,0.3569634738266315,0.15028901734104047,0.13875729002508333,0.036765128222554525,0.3963367638792748,0.465,173,0.808284023668639,0.7483870967741936,0.7142857142857143,0.056,0.0
136,0,Exact no shift,Target oracle (reference),0.807,0.37637174999450196,0.15606936416184972,0.13604439286843661,0.029410624984656453,0.4002351726222515,0.501,173,0.8177514792899409,0.7483870967741936,0.7346938775510204,0.056,0.0
137,0,Exact no shift,Pooled associative latent class model,0.797,0.35218891259344787,0.3090909090909091,0.13404952683361848,0.04263317004798585,0.4032489598673556,0.5,165,0.8066429418742586,0.7452229299363057,0.7045454545454546,0.056,0.0
137,0,Exact no shift,Target-calibrated associative latent model,0.806,0.3739124318304716,0.10303030303030303,0.1339456219824489,0.07262216942231016,0.3665205028924503,0.453,165,0.8102016607354685,0.7834394904458599,0.75,0.056,0.0
137,0,Exact no shift,Frozen causal latent SCM,0.811,0.386270067127096,0.1696969696969697,0.12684759491056935,0.05002197364913589,0.368646222709104,0.482,165,0.8208778173190985,0.7579617834394905,0.7272727272727273,0.056,0.0
137,0,Exact no shift,Modular causal latent SCM,0.814,0.3937761752200209,0.12121212121212122,0.12916952157804115,0.05814219267430044,0.3681265963802643,0.471,165,0.8244365361803084,0.7579617834394905,0.7272727272727273,0.056,0.0
137,0,Exact no shift,Target oracle (reference),0.814,0.3937782360372367,0.19393939393939394,0.12322008149893643,0.04114554113263795,0.3871269453260977,0.509,165,0.8256227758007118,0.7515923566878981,0.7045454545454546,0.056,0.0
138,0,Exact no shift,Pooled associative latent class model,0.811,0.38626971538977345,0.31097560975609756,0.13411612156687575,0.01711983966570529,0.41745011090508083,0.496,164,0.8209302325581396,0.75,0.7142857142857143,0.04766666666666667,0.0
138,0,Exact no shift,Target-calibrated associative latent model,0.827,0.42714302362164863,0.1402439024390244,0.12003015817843062,0.026358993294236077,0.38969322295118286,0.486,164,0.836046511627907,0.7714285714285715,0.7857142857142857,0.04766666666666667,0.0
138,0,Exact no shift,Frozen causal latent SCM,0.832,0.4403365763610457,0.14634146341463414,0.11983254047844841,0.02520840752990833,0.3915155499365191,0.481,164,0.8406976744186047,0.7785714285714286,0.7857142857142857,0.04766666666666667,0.0
138,0,Exact no shift,Modular causal latent SCM,0.829,0.4323971113341738,0.14634146341463414,0.1207359141333786,0.02015739267942092,0.3913523370848382,0.476,164,0.8383720930232558,0.7714285714285715,0.7857142857142857,0.04766666666666667,0.0
138,0,Exact no shift,Target oracle (reference),0.834,0.445669153500409,0.17682926829268292,0.11657649235706395,0.02168976207263421,0.39931095774754044,0.503,164,0.8406976744186047,0.7928571428571428,0.8333333333333334,0.04766666666666667,0.0
139,0,Exact no shift,Pooled associative latent class model,0.815,0.3962961703388812,0.3419354838709677,0.12613216950199943,0.0265306079179192,0.40484383681888336,0.497,155,0.8288707799767171,0.7304964539007093,0.75,0.050666666666666665,0.0
139,0,Exact no shift,Target-calibrated associative latent model,0.822,0.41415083485333803,0.13548387096774195,0.11979612009160232,0.032405775761774364,0.3866279922370627,0.46,155,0.8346915017462165,0.7446808510638298,0.7307692307692307,0.050666666666666665,0.0
139,0,Exact no shift,Frozen causal latent SCM,0.824,0.419323591770107,0.15483870967741936,0.12123001157670325,0.01799646318308751,0.3904189672314391,0.472,155,0.8358556461001164,0.75177304964539,0.7307692307692307,0.050666666666666665,0.0
139,0,Exact no shift,Modular causal latent SCM,0.827,0.42714349575605837,0.14838709677419354,0.12084279944540698,0.02441075737838712,0.38979201675289327,0.469,155,0.8381839348079162,0.7588652482269503,0.75,0.050666666666666665,0.0
139,0,Exact no shift,Target oracle (reference),0.828,0.42976597606877726,0.14193548387096774,0.1206094979726546,0.03705446589836199,0.388361559268782,0.474,155,0.840512223515716,0.75177304964539,0.7307692307692307,0.050666666666666665,0.0
140,0,Exact no shift,Pooled associative latent class model,0.81,0.38378324283739584,0.273972602739726,0.13771897446861797,0.03174598556718426,0.4238649896901437,0.504,146,0.8133174791914387,0.7924528301886793,0.8235294117647058,0.05633333333333333,0.0
140,0,Exact no shift,Target-calibrated associative latent model,0.805,0.37148210788799524,0.3356164383561644,0.13662046803652697,0.05155231866392827,0.3896074520768258,0.569,146,0.8061831153388823,0.7987421383647799,0.7843137254901961,0.05633333333333333,0.0
140,0,Exact no shift,Frozen causal latent SCM,0.799,0.3569612287328617,0.1917808219178082,0.1327639765735811,0.024571212812292662,0.3937574482185639,0.519,146,0.7990487514863258,0.7987421383647799,0.7647058823529411,0.05633333333333333,0.0
140,0,Exact no shift,Modular causal latent SCM,0.808,0.37883607921288875,0.2191780821917808,0.13213785226236535,0.03241510465601631,0.3933009021689297,0.528,146,0.8085612366230678,0.8050314465408805,0.7843137254901961,0.05633333333333333,0.0
140,0,Exact no shift,Target oracle (reference),0.801,0.36176522703987996,0.18493150684931506,0.13263324596200976,0.037091030864255775,0.39368695277044197,0.505,146,0.8014268727705113,0.7987421383647799,0.7647058823529411,0.05633333333333333,0.0
141,0,Exact no shift,Pooled associative latent class model,0.806,0.37391837994812516,0.2925170068027211,0.1346332238196827,0.030171556863345335,0.42468862691444526,0.521,147,0.8069129916567342,0.8012422360248447,0.84,0.058,0.0
141,0,Exact no shift,Target-calibrated associative latent model,0.818,0.4038995106645893,0.14285714285714285,0.1284631361905828,0.018931539969801413,0.3961502998662064,0.509,147,0.8200238379022646,0.8074534161490683,0.8,0.058,0.0
141,0,Exact no shift,Frozen causal latent SCM,0.824,0.41932520567595005,0.17687074829931973,0.12840115625218745,0.047097318623499175,0.3986628852746515,0.533,147,0.8271752085816448,0.8074534161490683,0.82,0.058,0.0
141,0,Exact no shift,Modular causal latent SCM,0.817,0.4013585924913069,0.14965986394557823,0.12977094441330297,0.0406923630874707,0.39778867901542686,0.528,147,0.8200238379022646,0.8012422360248447,0.82,0.058,0.0
141,0,Exact no shift,Target oracle (reference),0.82,0.4090085500400608,0.1360544217687075,0.12684853162991566,0.023779604513242427,0.3986044584200954,0.507,147,0.8247914183551848,0.7950310559006211,0.8,0.058,0.0
142,0,Exact no shift,Pooled associative latent class model,0.801,0.3617653835927952,0.33116883116883117,0.14168898710186892,0.0197300020912556,0.4383869296700103,0.51,154,0.8081048867699643,0.7639751552795031,0.6909090909090909,0.05733333333333333,0.0
142,0,Exact no shift,Target-calibrated associative latent model,0.802,0.364180888331607,0.2012987012987013,0.13795417415447084,0.02894780173210848,0.40988662535217824,0.523,154,0.8057210965435042,0.782608695652174,0.6909090909090909,0.05733333333333333,0.0
142,0,Exact no shift,Frozen causal latent SCM,0.804,0.369034239539515,0.23376623376623376,0.13510166851648653,0.025310213880941814,0.4126066069593196,0.527,154,0.8116805721096544,0.7639751552795031,0.6727272727272727,0.05733333333333333,0.0
142,0,Exact no shift,Modular causal latent SCM,0.801,0.36177051995925824,0.2532467532467532,0.1396237592768203,0.04429168246561272,0.4084463989398881,0.546,154,0.8045292014302742,0.782608695652174,0.6909090909090909,0.05733333333333333,0.0
142,0,Exact no shift,Target oracle (reference),0.812,0.38876427431656946,0.19480519480519481,0.1341335277118856,0.025417841687262004,0.40219717715130376,0.493,154,0.8176400476758046,0.782608695652174,0.7272727272727273,0.05733333333333333,0.0
143,0,Exact no shift,Pooled associative latent class model,0.809,0.3813049905374054,0.31097560975609756,0.13252231475308773,0.020853032120930478,0.3903996073992292,0.498,164,0.8104265402843602,0.8012820512820513,0.7708333333333334,0.056,0.001
143,0,Exact no shift,Target-calibrated associative latent model,0.821,0.41157534922452266,0.2073170731707317,0.12648177790982557,0.03071882546568611,0.37391794807212714,0.508,164,0.8246445497630331,0.8012820512820513,0.7916666666666666,0.056,0.001
143,0,Exact no shift,Frozen causal latent SCM,0.826,0.42452843212618163,0.15853658536585366,0.12293161873521527,0.02745027180405722,0.3709997266127002,0.487,164,0.8281990521327014,0.8141025641025641,0.8125,0.056,0.001
143,0,Exact no shift,Modular causal latent SCM,0.828,0.4297656136333262,0.16463414634146342,0.12331664975200864,0.014269326775743838,0.37081643825326077,0.489,164,0.8317535545023697,0.8076923076923077,0.8125,0.056,0.001
143,0,Exact no shift,Target oracle (reference),0.823,0.4167328219970678,0.16463414634146342,0.12279129484420238,0.013874263860209466,0.389657455963884,0.482,164,0.8258293838862559,0.8076923076923077,0.7916666666666666,0.056,0.001
144,0,Exact no shift,Pooled associative latent class model,0.786,0.32647893711648146,0.3684210526315789,0.149075955008811,0.039601459620645194,0.44293262210087947,0.557,133,0.7954271961492179,0.7396449704142012,0.6551724137931034,0.061,0.001
144,0,Exact no shift,Target-calibrated associative latent model,0.779,0.3105738704515863,0.3533834586466165,0.1483252970128085,0.05518720964898683,0.40171010761697645,0.598,133,0.7918170878459687,0.7159763313609467,0.6724137931034483,0.061,0.001
144,0,Exact no shift,Frozen causal latent SCM,0.792,0.34036778372101556,0.23308270676691728,0.1429957331944964,0.028997470755885792,0.41009660298249584,0.555,133,0.8050541516245487,0.727810650887574,0.6896551724137931,0.061,0.001
144,0,Exact no shift,Modular causal latent SCM,0.79,0.3356996934198657,0.24060150375939848,0.14327338990688696,0.03133602667241069,0.4093200797343435,0.561,133,0.802647412755716,0.727810650887574,0.6896551724137931,0.061,0.001
144,0,Exact no shift,Target oracle (reference),0.801,0.36176251344381255,0.19548872180451127,0.14159204640193293,0.03501729161065133,0.39638776884369425,0.524,133,0.8134777376654633,0.7396449704142012,0.7068965517241379,0.061,0.001
145,0,Exact no shift,Pooled associative latent class model,0.796,0.3498136971087468,0.4172661870503597,0.13597682735898747,0.03558872962370544,0.4224757562845989,0.546,139,0.8072855464159812,0.7315436241610739,0.7592592592592593,0.051666666666666666,0.0
145,0,Exact no shift,Target-calibrated associative latent model,0.799,0.3569605903850659,0.3237410071942446,0.12884434415584417,0.04535483854639936,0.3963452566316853,0.579,139,0.8119858989424207,0.7248322147651006,0.7777777777777778,0.051666666666666666,0.0
145,0,Exact no shift,Frozen causal latent SCM,0.808,0.3788344480046862,0.302158273381295,0.1279289830709558,0.05084374327471634,0.3965134703301412,0.582,139,0.81786133960047,0.7516778523489933,0.8148148148148148,0.051666666666666666,0.0
145,0,Exact no shift,Modular causal latent SCM,0.802,0.3641797842238561,0.3381294964028777,0.12814855202318667,0.04463789712331252,0.3965849266933083,0.582,139,0.8143360752056404,0.7315436241610739,0.7777777777777778,0.051666666666666666,0.0
145,0,Exact no shift,Target oracle (reference),0.819,0.406450461926523,0.2014388489208633,0.12322571455722672,0.027487015155374175,0.39783338760197184,0.507,139,0.827262044653349,0.7718120805369127,0.7962962962962963,0.051666666666666666,0.0
146,0,Exact no shift,Pooled associative latent class model,0.782,0.31741351180425853,0.30935251798561153,0.15151461000618618,0.039020757642499466,0.430736464220131,0.487,139,0.7873831775700935,0.75,0.7560975609756098,0.04933333333333333,0.0
146,0,Exact no shift,Target-calibrated associative latent model,0.783,0.3196750291740017,0.20863309352517986,0.14541337018652267,0.028213691870831913,0.41151774917693035,0.472,139,0.7838785046728972,0.7777777777777778,0.7804878048780488,0.04933333333333333,0.0
146,0,Exact no shift,Frozen causal latent SCM,0.799,0.3569612058463832,0.2446043165467626,0.14099164058221153,0.03325736709755877,0.4151602577397729,0.506,139,0.8060747663551402,0.7569444444444444,0.7804878048780488,0.04933333333333333,0.0
146,0,Exact no shift,Modular causal latent SCM,0.797,0.3521883611108813,0.2158273381294964,0.14143258357765728,0.02529710683080399,0.41493263027379457,0.49,139,0.8014018691588785,0.7708333333333334,0.7804878048780488,0.04933333333333333,0.0
146,0,Exact no shift,Target oracle (reference),0.806,0.37391818642770247,0.2302158273381295,0.138058838093138,0.019582977140758788,0.41024587089755965,0.497,139,0.8130841121495327,0.7638888888888888,0.8048780487804879,0.04933333333333333,0.0
147,0,Exact no shift,Pooled associative latent class model,0.806,0.3739157352924933,0.41830065359477125,0.13383435835998136,0.03083498610436678,0.434545636444976,0.547,153,0.815914489311164,0.7531645569620253,0.8048780487804879,0.05466666666666667,0.0
147,0,Exact no shift,Target-calibrated associative latent model,0.835,0.4483474589305711,0.2222222222222222,0.12044316019866044,0.026944520678660037,0.4058774210983397,0.534,153,0.8444180522565321,0.7848101265822784,0.9024390243902439,0.05466666666666667,0.0
147,0,Exact no shift,Frozen causal latent SCM,0.833,0.44299381886009986,0.3006535947712418,0.12174685486197734,0.04006187254190626,0.40089071464227144,0.574,153,0.8408551068883611,0.7911392405063291,0.8780487804878049,0.05466666666666667,0.0
147,0,Exact no shift,Modular causal latent SCM,0.832,0.44033378767952425,0.2549019607843137,0.12159855424399234,0.02814456538983478,0.4026580076921215,0.553,153,0.8396674584323041,0.7911392405063291,0.9024390243902439,0.05466666666666667,0.0
147,0,Exact no shift,Target oracle (reference),0.833,0.4429985767409964,0.24836601307189543,0.11966525457420832,0.023082371644454612,0.4012918788257961,0.526,153,0.8420427553444181,0.7848101265822784,0.9024390243902439,0.05466666666666667,0.0
148,0,Exact no shift,Pooled associative latent class model,0.806,0.37391738950974285,0.3493150684931507,0.13476981778198027,0.03199862866059783,0.39402267105674854,0.502,146,0.8152941176470588,0.7533333333333333,0.7547169811320755,0.055,0.001
148,0,Exact no shift,Target-calibrated associative latent model,0.816,0.3988227114449024,0.19863013698630136,0.12769083912001153,0.03397829973083442,0.380162176321177,0.514,146,0.8305882352941176,0.7333333333333333,0.7358490566037735,0.055,0.001
148,0,Exact no shift,Frozen causal latent SCM,0.81,0.3837854201319341,0.21232876712328766,0.12722548081097926,0.035052733180555955,0.37851340018136737,0.532,146,0.8223529411764706,0.74,0.7358490566037735,0.055,0.001
148,0,Exact no shift,Modular causal latent SCM,0.809,0.38130800318654556,0.22602739726027396,0.12844539315299489,0.04006520098047743,0.37775101678983164,0.539,146,0.8235294117647058,0.7266666666666667,0.6981132075471698,0.055,0.001
148,0,Exact no shift,Target oracle (reference),0.816,0.3988227114449024,0.21232876712328766,0.12590516046601113,0.03310864204995811,0.3918903469989866,0.514,146,0.8282352941176471,0.7466666666666667,0.7358490566037735,0.055,0.001
149,0,Exact no shift,Pooled associative latent class model,0.795,0.3474371554928937,0.2484472049689441,0.14038495514711385,0.032454997702617894,0.4146090152320452,0.461,161,0.802158273381295,0.7590361445783133,0.7301587301587301,0.059,0.0
149,0,Exact no shift,Target-calibrated associative latent model,0.818,0.4038993525295356,0.14285714285714285,0.1347617129908548,0.04035591428779122,0.39577727802661505,0.482,161,0.8201438848920863,0.8072289156626506,0.8095238095238095,0.059,0.0
149,0,Exact no shift,Frozen causal latent SCM,0.812,0.388758894151381,0.13664596273291926,0.1337481378062428,0.03748797003735953,0.3943113358198998,0.468,161,0.8129496402877698,0.8072289156626506,0.8095238095238095,0.059,0.0
149,0,Exact no shift,Modular causal latent SCM,0.817,0.4013520756899631,0.12422360248447205,0.13416427292268038,0.04101228910000081,0.39430984289351567,0.469,161,0.8189448441247003,0.8072289156626506,0.8095238095238095,0.059,0.0
149,0,Exact no shift,Target oracle (reference),0.81,0.383777865330531,0.13664596273291926,0.13315265491320713,0.0336038353072799,0.4008322650559646,0.468,161,0.8117505995203836,0.8012048192771084,0.7936507936507936,0.059,0.0
150,0,Exact no shift,Pooled associative latent class model,0.8,0.35935964323336467,0.3055555555555556,0.14354822523449196,0.031886948643404044,0.4325854242934751,0.501,144,0.8029782359679267,0.7795275590551181,0.725,0.04533333333333334,0.0
150,0,Exact no shift,Target-calibrated associative latent model,0.805,0.3714695856705086,0.3125,0.1350695260739811,0.026853648148697194,0.4012446625202393,0.544,144,0.8052691867124857,0.8031496062992126,0.775,0.04533333333333334,0.0
150,0,Exact no shift,Frozen causal latent SCM,0.818,0.4039000367423339,0.14583333333333334,0.1310409583091527,0.018646986462262104,0.4016645014370502,0.511,144,0.8190148911798396,0.8110236220472441,0.8,0.04533333333333334,0.0
150,0,Exact no shift,Modular causal latent SCM,0.82,0.40900838745226464,0.19444444444444445,0.13188939022978044,0.01995719594123223,0.4017936924436559,0.529,144,0.8201603665521191,0.8188976377952756,0.8,0.04533333333333334,0.0
150,0,Exact no shift,Target oracle (reference),0.822,0.414149650766647,0.1527777777777778,0.12913899127285317,0.023836754981646044,0.39348098341218385,0.527,144,0.827033218785796,0.7874015748031497,0.775,0.04533333333333334,0.0
151,0,Exact no shift,Pooled associative latent class model,0.824,0.41932372339607654,0.27631578947368424,0.1276133026849347,0.02340890735065096,0.4012153009766984,0.505,152,0.8230403800475059,0.8291139240506329,0.8032786885245902,0.05466666666666667,0.0
151,0,Exact no shift,Target-calibrated associative latent model,0.825,0.42192150770766546,0.1513157894736842,0.1234253419502218,0.020788625955506363,0.38656690730597065,0.522,152,0.8254156769596199,0.8227848101265823,0.8524590163934426,0.05466666666666667,0.0
151,0,Exact no shift,Frozen causal latent SCM,0.828,0.4297661865818999,0.14473684210526316,0.12191813465116672,0.025301028642861677,0.3846758938642356,0.497,152,0.8266033254156769,0.8354430379746836,0.8524590163934426,0.05466666666666667,0.0
151,0,Exact no shift,Modular causal latent SCM,0.823,0.4167329220523869,0.1513157894736842,0.12262129181099035,0.022832730952403835,0.38532870500529803,0.512,152,0.8218527315914489,0.8291139240506329,0.8524590163934426,0.05466666666666667,0.0
151,0,Exact no shift,Target oracle (reference),0.822,0.41414980750679214,0.17763157894736842,0.12019243610343279,0.02850244780050155,0.3956064957685277,0.521,152,0.8218527315914489,0.8227848101265823,0.8524590163934426,0.05466666666666667,0.0
152,0,Exact no shift,Pooled associative latent class model,0.786,0.32651518467939894,0.4740740740740741,0.14894921074074302,0.05798299585647745,0.4253232093210519,0.556,135,0.8119858989424207,0.6375838926174496,0.5581395348837209,0.053,0.0
152,0,Exact no shift,Target-calibrated associative latent model,0.795,0.3474508229148786,0.25925925925925924,0.14221245863671111,0.05348888083210921,0.41136482747000147,0.549,135,0.8061104582843713,0.7315436241610739,0.6976744186046512,0.053,0.0
152,0,Exact no shift,Frozen causal latent SCM,0.797,0.3521909533823499,0.28888888888888886,0.14180411530628415,0.05199902081887843,0.4075891792367109,0.545,135,0.8108108108108109,0.7181208053691275,0.6976744186046512,0.053,0.0
152,0,Exact no shift,Modular causal latent SCM,0.795,0.34744920344811203,0.24444444444444444,0.14124487684799775,0.04962594237369665,0.4093031967474019,0.537,135,0.8096357226792009,0.7114093959731543,0.6744186046511628,0.053,0.0
152,0,Exact no shift,Target oracle (reference),0.792,0.3403960061861682,0.22962962962962963,0.138323043198465,0.03705631126290596,0.40522796717953163,0.498,135,0.8108108108108109,0.6845637583892618,0.6511627906976745,0.053,0.0
153,0,Exact no shift,Pooled associative latent class model,0.802,0.3641797512274735,0.35294117647058826,0.13255037914767237,0.03594514809474105,0.41281913037495455,0.491,153,0.8100820633059789,0.7551020408163265,0.7631578947368421,0.052,0.0
153,0,Exact no shift,Target-calibrated associative latent model,0.826,0.42452834244955084,0.2222222222222222,0.12004235048893779,0.02604672832803619,0.38712042044303296,0.487,153,0.8347010550996483,0.7755102040816326,0.8157894736842105,0.052,0.0
153,0,Exact no shift,Frozen causal latent SCM,0.835,0.44835245758998993,0.1568627450980392,0.11955879700162614,0.03916510385837075,0.3861706595986165,0.454,153,0.8440797186400938,0.782312925170068,0.8157894736842105,0.052,0.0
153,0,Exact no shift,Modular causal latent SCM,0.831,0.4376843619164806,0.1830065359477124,0.1194119701304798,0.03162736457405999,0.3866986109623631,0.462,153,0.839390386869871,0.782312925170068,0.8157894736842105,0.052,0.0
153,0,Exact no shift,Target oracle (reference),0.83,0.43503452758559413,0.20915032679738563,0.11942197471149787,0.02716630741831334,0.3963705528918384,0.505,153,0.839390386869871,0.7755102040816326,0.8421052631578947,0.052,0.0
154,0,Exact no shift,Pooled associative latent class model,0.831,0.43768182817725104,0.31543624161073824,0.1311822169966243,0.04882561668574774,0.4078092951756156,0.53,149,0.8309859154929577,0.831081081081081,0.8979591836734694,0.052333333333333336,0.0
154,0,Exact no shift,Target-calibrated associative latent model,0.831,0.43768182817725104,0.10067114093959731,0.12774980151025705,0.03794996899936146,0.38691525253326176,0.47,149,0.8333333333333334,0.8175675675675675,0.8367346938775511,0.052333333333333336,0.0
154,0,Exact no shift,Frozen causal latent SCM,0.833,0.44299900033847905,0.2080536912751678,0.1229021027768992,0.039571723490923916,0.38722600813012314,0.516,149,0.8345070422535211,0.8243243243243243,0.8163265306122449,0.052333333333333336,0.0
154,0,Exact no shift,Modular causal latent SCM,0.832,0.44033628227668875,0.19463087248322147,0.12288610955455188,0.031257777726687634,0.3870285217460273,0.503,149,0.8333333333333334,0.8243243243243243,0.8367346938775511,0.052333333333333336,0.0
154,0,Exact no shift,Target oracle (reference),0.833,0.44299896551199636,0.18791946308724833,0.12399802807489112,0.0335527857039803,0.3996380557554565,0.49,149,0.8380281690140845,0.8040540540540541,0.8367346938775511,0.052333333333333336,0.0
155,0,Exact no shift,Pooled associative latent class model,0.814,0.39377758175553,0.2624113475177305,0.1267046581175445,0.036760322623706064,0.39938038782028035,0.513,141,0.8157894736842105,0.8048780487804879,0.8367346938775511,0.058,0.0
155,0,Exact no shift,Target-calibrated associative latent model,0.816,0.39882666021803836,0.2127659574468085,0.1220579135208059,0.038448367778544615,0.38089980356287695,0.543,141,0.8253588516746412,0.7682926829268293,0.7755102040816326,0.058,0.0
155,0,Exact no shift,Frozen causal latent SCM,0.819,0.40645171572759814,0.14893617021276595,0.12174874668129676,0.03552460729463081,0.3799286145049926,0.528,141,0.8241626794258373,0.7926829268292683,0.7551020408163265,0.058,0.0
155,0,Exact no shift,Modular causal latent SCM,0.815,0.39629686022947297,0.15602836879432624,0.12162768152470621,0.03175918206822358,0.379912112367683,0.522,141,0.8169856459330144,0.8048780487804879,0.7755102040816326,0.058,0.0
155,0,Exact no shift,Target oracle (reference),0.819,0.40645019928992554,0.1276595744680851,0.12116423044215145,0.03501886041529277,0.3962352027729566,0.512,141,0.8253588516746412,0.7865853658536586,0.7755102040816326,0.058,0.0
156,0,Exact no shift,Pooled associative latent class model,0.832,0.44034086998796756,0.2119205298013245,0.12481466644711207,0.0488609518419923,0.402891250516599,0.452,151,0.8343337334933973,0.8203592814371258,0.7692307692307693,0.058666666666666666,0.0
156,0,Exact no shift,Target-calibrated associative latent model,0.821,0.41159098215055895,0.06622516556291391,0.12791784693076333,0.07545389663385801,0.37245065885674206,0.417,151,0.8247298919567827,0.8023952095808383,0.7948717948717948,0.058666666666666666,0.0
156,0,Exact no shift,Frozen causal latent SCM,0.835,0.448354385711094,0.10596026490066225,0.11973606630270028,0.04459498598595762,0.3770629631219051,0.445,151,0.8379351740696278,0.8203592814371258,0.8205128205128205,0.058666666666666666,0.0
156,0,Exact no shift,Modular causal latent SCM,0.829,0.43240529454351617,0.09933774834437085,0.1208526336610168,0.05230758917203104,0.37654076283001675,0.435,151,0.8319327731092437,0.8143712574850299,0.8205128205128205,0.058666666666666666,0.0
156,0,Exact no shift,Target oracle (reference),0.841,0.4645891777244532,0.11920529801324503,0.117162114462469,0.034339684175051725,0.39355833509388655,0.477,151,0.843937575030012,0.8263473053892215,0.7948717948717948,0.058666666666666666,0.0
157,0,Exact no shift,Pooled associative latent class model,0.777,0.3062286549193012,0.26277372262773724,0.1545336335864893,0.061524451185666205,0.42472873326033517,0.449,137,0.7873357228195937,0.7239263803680982,0.74,0.059333333333333335,0.0
157,0,Exact no shift,Target-calibrated associative latent model,0.781,0.3151589403835394,0.24817518248175183,0.14339794825222663,0.03613864534564049,0.4084457962960364,0.487,137,0.7909199522102748,0.7300613496932515,0.74,0.059333333333333335,0.0
157,0,Exact no shift,Frozen causal latent SCM,0.778,0.30844904283516816,0.18248175182481752,0.147174926848533,0.04550573706083488,0.40818399694787627,0.456,137,0.7909199522102748,0.7116564417177914,0.74,0.059333333333333335,0.0
157,0,Exact no shift,Modular causal latent SCM,0.783,0.3196759735018761,0.25547445255474455,0.14475795866288235,0.045799138048000246,0.40772081923326114,0.481,137,0.7921146953405018,0.7361963190184049,0.76,0.059333333333333335,0.0
157,0,Exact no shift,Target oracle (reference),0.785,0.3242236245579332,0.24087591240875914,0.14365192021038264,0.03510058515983225,0.4021641378314374,0.505,137,0.7992831541218638,0.7116564417177914,0.72,0.059333333333333335,0.0
158,0,Exact no shift,Pooled associative latent class model,0.794,0.34509163811062404,0.3684210526315789,0.14025687867702769,0.030478564579984536,0.4390102129857842,0.535,152,0.8037825059101655,0.7402597402597403,0.7021276595744681,0.05533333333333333,0.0
158,0,Exact no shift,Target-calibrated associative latent model,0.807,0.3763784815676033,0.375,0.1365438034162086,0.03866829503138248,0.40664338522661014,0.552,152,0.8132387706855791,0.7727272727272727,0.7446808510638298,0.05533333333333333,0.0
158,0,Exact no shift,Frozen causal latent SCM,0.818,0.40390159180467494,0.23026315789473684,0.12832568009750783,0.03288447566015037,0.4118901139063708,0.531,152,0.8250591016548463,0.7792207792207793,0.7659574468085106,0.05533333333333333,0.0
158,0,Exact no shift,Modular causal latent SCM,0.813,0.3912701687317943,0.27631578947368424,0.1291397238572156,0.03605665747611971,0.41118492906186543,0.538,152,0.817966903073286,0.7857142857142857,0.7659574468085106,0.05533333333333333,0.0
158,0,Exact no shift,Target oracle (reference),0.815,0.39629573236206606,0.18421052631578946,0.12635092360274566,0.0334868101319402,0.39469501881359054,0.504,152,0.8226950354609929,0.7727272727272727,0.8085106382978723,0.05533333333333333,0.0
159,0,Exact no shift,Pooled associative latent class model,0.811,0.38626910601778136,0.3741496598639456,0.12546517687064696,0.02948118472557664,0.39155137008250873,0.543,147,0.8264462809917356,0.7254901960784313,0.6511627906976745,0.05333333333333334,0.0
159,0,Exact no shift,Target-calibrated associative latent model,0.833,0.44299860845992967,0.21768707482993196,0.11426310265235665,0.022250920445998044,0.36789971574595814,0.529,147,0.8417945690672963,0.7843137254901961,0.6976744186046512,0.05333333333333334,0.0
159,0,Exact no shift,Frozen causal latent SCM,0.839,0.4591432259169081,0.1292517006802721,0.11275441918594624,0.013849901046999574,0.3678441140995269,0.511,147,0.8500590318772137,0.7777777777777778,0.6976744186046512,0.05333333333333334,0.0
159,0,Exact no shift,Modular causal latent SCM,0.84,0.4618619295356221,0.11564625850340136,0.1127805735595561,0.011819886361910528,0.3673356676757249,0.512,147,0.8524203069657615,0.7712418300653595,0.6976744186046512,0.05333333333333334,0.0
159,0,Exact no shift,Target oracle (reference),0.846,0.4783424945867305,0.10884353741496598,0.11103224896929856,0.03376008196596567,0.39121570177803505,0.502,147,0.8559622195985832,0.7908496732026143,0.7209302325581395,0.05333333333333334,0.0
160,0,Exact no shift,Pooled associative latent class model,0.796,0.3498139386389887,0.31333333333333335,0.1393921699857533,0.04232015682168268,0.43537794402600116,0.473,150,0.8011976047904191,0.7696969696969697,0.7450980392156863,0.057666666666666665,0.0
160,0,Exact no shift,Target-calibrated associative latent model,0.812,0.38876472336249696,0.2,0.1334728816532167,0.03130777450944422,0.4152419908157468,0.509,150,0.8131736526946107,0.806060606060606,0.7450980392156863,0.057666666666666665,0.0
160,0,Exact no shift,Frozen causal latent SCM,0.807,0.37637240986497555,0.21333333333333335,0.13378326519393344,0.04037198845370897,0.4143992776414583,0.52,150,0.8083832335329342,0.8,0.7450980392156863,0.057666666666666665,0.0
160,0,Exact no shift,Modular causal latent SCM,0.811,0.3862702087743608,0.18666666666666668,0.13329605769515138,0.02296074305064075,0.4151083824159198,0.5,150,0.8131736526946107,0.8,0.7450980392156863,0.057666666666666665,0.0
160,0,Exact no shift,Target oracle (reference),0.813,0.3912672306701434,0.19333333333333333,0.13213559400452699,0.026356511070954967,0.40911841839785157,0.49,150,0.8155688622754491,0.8,0.7450980392156863,0.057666666666666665,0.0
161,0,Exact no shift,Pooled associative latent class model,0.801,0.3617517079455265,0.45517241379310347,0.1420565679327679,0.04781646624393069,0.4336170473637352,0.597,145,0.8137019230769231,0.7380952380952381,0.7321428571428571,0.059333333333333335,0.0
161,0,Exact no shift,Target-calibrated associative latent model,0.829,0.4323916585208553,0.18620689655172415,0.1291450892496381,0.03858353094355458,0.40756666919928713,0.561,145,0.8413461538461539,0.7678571428571429,0.7678571428571429,0.059333333333333335,0.0
161,0,Exact no shift,Frozen causal latent SCM,0.825,0.4219122253491252,0.2689655172413793,0.1314180840214568,0.04595499485771011,0.405621922106853,0.585,145,0.8377403846153846,0.7619047619047619,0.7857142857142857,0.059333333333333335,0.0
161,0,Exact no shift,Modular causal latent SCM,0.83,0.4350287173264209,0.2206896551724138,0.12992174406027343,0.03698286507652543,0.4077280378862257,0.57,145,0.8413461538461539,0.7738095238095238,0.7857142857142857,0.059333333333333335,0.0
161,0,Exact no shift,Target oracle (reference),0.834,0.44566974165476936,0.18620689655172415,0.12606353223862624,0.04031694804836957,0.41077493059167697,0.514,145,0.8461538461538461,0.7738095238095238,0.7857142857142857,0.059333333333333335,0.0
162,0,Exact no shift,Pooled associative latent class model,0.793,0.3427403313971809,0.410958904109589,0.13939188778473346,0.038937417118951975,0.409410076290754,0.546,146,0.7953216374269005,0.7793103448275862,0.7560975609756098,0.050333333333333334,0.0
162,0,Exact no shift,Target-calibrated associative latent model,0.809,0.38130526191984526,0.15753424657534246,0.12825834559337637,0.024834096679532156,0.3856387064913242,0.486,146,0.8187134502923976,0.7517241379310344,0.7804878048780488,0.050333333333333334,0.0
162,0,Exact no shift,Frozen causal latent SCM,0.815,0.3962961034403157,0.1917808219178082,0.12699981385910397,0.026179052273215934,0.38797074191147046,0.502,146,0.8210526315789474,0.7793103448275862,0.7804878048780488,0.050333333333333334,0.0
162,0,Exact no shift,Modular causal latent SCM,0.81,0.38378360373516546,0.19863013698630136,0.12850570510268045,0.02863408068990857,0.38751234949716684,0.495,146,0.8152046783625732,0.7793103448275862,0.7804878048780488,0.050333333333333334,0.0
162,0,Exact no shift,Target oracle (reference),0.815,0.39629610030444506,0.19863013698630136,0.12633258315027415,0.037627857239675364,0.39652056397972235,0.5,146,0.8233918128654971,0.7655172413793103,0.7804878048780488,0.050333333333333334,0.0
163,0,Exact no shift,Pooled associative latent class model,0.813,0.39126688132841697,0.3184713375796178,0.1312605313131612,0.02799019788958103,0.4264115245307868,0.491,157,0.8272506082725061,0.7471910112359551,0.7735849056603774,0.06233333333333333,0.001
163,0,Exact no shift,Target-calibrated associative latent model,0.815,0.39629790656052805,0.24203821656050956,0.12319471974615717,0.036435618476226214,0.4081181020820546,0.531,157,0.8272506082725061,0.7584269662921348,0.7358490566037735,0.06233333333333333,0.001
163,0,Exact no shift,Frozen causal latent SCM,0.818,0.4039004231864045,0.22929936305732485,0.12297646023897661,0.031385637050142905,0.40990729571153783,0.522,157,0.8309002433090025,0.7584269662921348,0.7358490566037735,0.06233333333333333,0.001
163,0,Exact no shift,Modular causal latent SCM,0.816,0.3988237835857873,0.2229299363057325,0.12292475824656414,0.03191631814427814,0.41007012360841394,0.526,157,0.8284671532846716,0.7584269662921348,0.7358490566037735,0.06233333333333333,0.001
163,0,Exact no shift,Target oracle (reference),0.825,0.4219215554182384,0.20382165605095542,0.1216209017437863,0.025951053370072905,0.3994660442614047,0.509,157,0.8369829683698297,0.7696629213483146,0.7547169811320755,0.06233333333333333,0.001
164,0,Exact no shift,Pooled associative latent class model,0.793,0.3427411158691938,0.3,0.14282529055326904,0.04106329039181499,0.4375719509616318,0.466,150,0.7990543735224587,0.7597402597402597,0.7,0.05466666666666667,0.0
164,0,Exact no shift,Target-calibrated associative latent model,0.803,0.3666034268956993,0.17333333333333334,0.13431230362536584,0.024239214277393468,0.41292573622923046,0.476,150,0.8120567375886525,0.7532467532467533,0.74,0.05466666666666667,0.0
164,0,Exact no shift,Frozen causal latent SCM,0.799,0.35696082234298715,0.16,0.13407627184466347,0.025002407700377288,0.41275384240825336,0.486,150,0.8085106382978723,0.7467532467532467,0.7,0.05466666666666667,0.0
164,0,Exact no shift,Modular causal latent SCM,0.798,0.3545712894248074,0.16,0.13382885633463934,0.030638680390539876,0.4133922687289836,0.477,150,0.8073286052009456,0.7467532467532467,0.7,0.05466666666666667,0.0
164,0,Exact no shift,Target oracle (reference),0.8,0.3593587839383066,0.17333333333333334,0.13304531807986122,0.02915955801521417,0.3985638526358311,0.495,150,0.8120567375886525,0.7337662337662337,0.72,0.05466666666666667,0.0
165,0,Exact no shift,Pooled associative latent class model,0.807,0.3763722811303546,0.3216374269005848,0.13472687159699415,0.01567675435783986,0.41169369888617335,0.478,171,0.8144208037825059,0.7662337662337663,0.7551020408163265,0.05533333333333333,0.0
165,0,Exact no shift,Target-calibrated associative latent model,0.801,0.3617658399901499,0.2222222222222222,0.13238863918330163,0.04350989098902919,0.37080723963878026,0.508,171,0.8156028368794326,0.7207792207792207,0.6938775510204082,0.05533333333333333,0.0
165,0,Exact no shift,Frozen causal latent SCM,0.819,0.40645047049075594,0.19883040935672514,0.12344978244699502,0.03242374586345909,0.3796081056259703,0.486,171,0.83451536643026,0.7337662337662337,0.7346938775510204,0.05533333333333333,0.0
165,0,Exact no shift,Modular causal latent SCM,0.82,0.40900893843124536,0.15789473684210525,0.12366408349648668,0.028823207761372146,0.3776279573559311,0.479,171,0.83451536643026,0.7402597402597403,0.7346938775510204,0.05533333333333333,0.0
165,0,Exact no shift,Target oracle (reference),0.821,0.41157552038872575,0.1871345029239766,0.12326167499741802,0.028473959229008236,0.38926256720824226,0.48,171,0.8368794326241135,0.7337662337662337,0.7346938775510204,0.05533333333333333,0.0
166,0,Exact no shift,Pooled associative latent class model,0.797,0.352188721496017,0.291970802919708,0.14253082553381405,0.026216710692648495,0.41579026511195993,0.452,137,0.8044758539458187,0.7549668874172185,0.7857142857142857,0.05266666666666667,0.0
166,0,Exact no shift,Target-calibrated associative latent model,0.797,0.3521882074018253,0.3357664233576642,0.14163003986901504,0.04892284463856864,0.39630207577652593,0.518,137,0.7950530035335689,0.8079470198675497,0.8095238095238095,0.05266666666666667,0.0
166,0,Exact no shift,Frozen causal latent SCM,0.8,0.35935981512496606,0.18248175182481752,0.13569962719734088,0.03155828691175364,0.4035032036048026,0.455,137,0.7985865724381626,0.8079470198675497,0.8095238095238095,0.05266666666666667,0.0
166,0,Exact no shift,Modular causal latent SCM,0.806,0.37391798792862185,0.24087591240875914,0.1345413993002569,0.024810876222529952,0.4033636429093221,0.477,137,0.806831566548881,0.8013245033112583,0.8095238095238095,0.05266666666666667,0.0
166,0,Exact no shift,Target oracle (reference),0.799,0.3569609058065608,0.22627737226277372,0.13537595859619034,0.0339781618307774,0.40921586427330037,0.494,137,0.8021201413427562,0.7814569536423841,0.7619047619047619,0.05266666666666667,0.0
167,0,Exact no shift,Pooled associative latent class model,0.803,0.36660242658172026,0.2857142857142857,0.133461754538822,0.025526261710230865,0.4171212608655644,0.487,140,0.8104886769964244,0.7639751552795031,0.7,0.056,0.0
167,0,Exact no shift,Target-calibrated associative latent model,0.799,0.35696201771743974,0.38571428571428573,0.1306977195137614,0.0475331045411214,0.3822242385483592,0.527,140,0.8092967818831943,0.7453416149068323,0.7,0.056,0.0
167,0,Exact no shift,Frozen causal latent SCM,0.818,0.4038996831155145,0.19285714285714287,0.12366371814000815,0.03389832428520987,0.3892896642831416,0.488,140,0.8283671036948749,0.7639751552795031,0.72,0.056,0.0
167,0,Exact no shift,Modular causal latent SCM,0.808,0.37883515450411837,0.34285714285714286,0.1284597100308076,0.03562501734624617,0.38597418870018396,0.52,140,0.8176400476758046,0.7577639751552795,0.7,0.056,0.0
167,0,Exact no shift,Target oracle (reference),0.816,0.398823305460001,0.19285714285714287,0.12351209522558947,0.026378489630254427,0.39453317291516704,0.478,140,0.8283671036948749,0.7515527950310559,0.68,0.056,0.0
168,0,Exact no shift,Pooled associative latent class model,0.811,0.38627337313123633,0.36024844720496896,0.1344327998223619,0.035101847010597986,0.40698739764728803,0.546,161,0.8181818181818182,0.7676056338028169,0.7317073170731707,0.051333333333333335,0.0
168,0,Exact no shift,Target-calibrated associative latent model,0.823,0.416732742214615,0.14906832298136646,0.12333012365255519,0.02710207016402206,0.3905324182709745,0.484,161,0.8333333333333334,0.7605633802816901,0.6829268292682927,0.051333333333333335,0.0
168,0,Exact no shift,Frozen causal latent SCM,0.829,0.4323960180790529,0.19875776397515527,0.12144124692732734,0.029782997914530884,0.3918623870722751,0.502,161,0.8333333333333334,0.8028169014084507,0.7560975609756098,0.051333333333333335,0.0
168,0,Exact no shift,Modular causal latent SCM,0.828,0.4297655046603373,0.18633540372670807,0.12274542461254964,0.025753653585672668,0.391666031070247,0.509,161,0.8333333333333334,0.795774647887324,0.7560975609756098,0.051333333333333335,0.0
168,0,Exact no shift,Target oracle (reference),0.839,0.459143064011192,0.17391304347826086,0.1170355743115538,0.03310877821003819,0.3796277369723591,0.486,161,0.8508158508158508,0.7676056338028169,0.7073170731707317,0.051333333333333335,0.0
169,0,Exact no shift,Pooled associative latent class model,0.788,0.3311111660116359,0.29605263157894735,0.14521061481262962,0.04118539970659115,0.39754995382229097,0.458,152,0.7924757281553398,0.7670454545454546,0.7058823529411765,0.06133333333333333,0.001
169,0,Exact no shift,Target-calibrated associative latent model,0.791,0.3380682993360859,0.08552631578947369,0.1422113977282953,0.06306058821438046,0.372605681702233,0.449,152,0.8058252427184466,0.7215909090909091,0.6666666666666666,0.06133333333333333,0.001
169,0,Exact no shift,Frozen causal latent SCM,0.799,0.35696192745008154,0.17105263157894737,0.1364539408297613,0.03463131443033153,0.378014297849436,0.475,152,0.8094660194174758,0.75,0.6862745098039216,0.06133333333333333,0.001
169,0,Exact no shift,Modular causal latent SCM,0.796,0.3498186764876976,0.125,0.1391190545040421,0.047087725057151864,0.375197985067585,0.454,152,0.8070388349514563,0.7443181818181818,0.6862745098039216,0.06133333333333333,0.001
169,0,Exact no shift,Target oracle (reference),0.806,0.37391729058116235,0.17763157894736842,0.13375985494419534,0.020136908297545754,0.3970160209255088,0.5,152,0.8131067961165048,0.7727272727272727,0.7058823529411765,0.06133333333333333,0.001
170,0,Exact no shift,Pooled associative latent class model,0.773,0.2974468595949483,0.43790849673202614,0.15591316439307504,0.08808083051644998,0.4306385506135971,0.611,153,0.7745664739884393,0.762962962962963,0.75,0.04666666666666667,0.0
170,0,Exact no shift,Target-calibrated associative latent model,0.788,0.3311241853152126,0.30718954248366015,0.1430904780408725,0.062218166174709835,0.411217452918637,0.582,153,0.7953757225433526,0.7407407407407407,0.7291666666666666,0.04666666666666667,0.0
170,0,Exact no shift,Frozen causal latent SCM,0.792,0.34040849268447976,0.2549019607843137,0.14166669514155064,0.05622346005252503,0.41126649990451797,0.57,153,0.7976878612716763,0.7555555555555555,0.7291666666666666,0.04666666666666667,0.0
170,0,Exact no shift,Modular causal latent SCM,0.79,0.33574866148409294,0.2679738562091503,0.14208251779291042,0.058177419063770615,0.41121659068229144,0.572,153,0.7953757225433526,0.7555555555555555,0.7291666666666666,0.04666666666666667,0.0
170,0,Exact no shift,Target oracle (reference),0.798,0.35456994437728623,0.1568627450980392,0.13487155491968145,0.02554216416395794,0.4043966682391479,0.498,153,0.8034682080924855,0.762962962962963,0.7291666666666666,0.04666666666666667,0.0
171,0,Exact no shift,Pooled associative latent class model,0.788,0.33110882263029556,0.3076923076923077,0.14287866423662945,0.036432588828184995,0.3962500063396659,0.469,143,0.8054567022538552,0.6942675159235668,0.6851851851851852,0.054,0.0
171,0,Exact no shift,Target-calibrated associative latent model,0.788,0.33111380266463797,0.16083916083916083,0.14320282964058265,0.055850043547787415,0.3705255392302861,0.445,143,0.8042704626334519,0.7006369426751592,0.6851851851851852,0.054,0.0
171,0,Exact no shift,Frozen causal latent SCM,0.798,0.3545728405576043,0.14685314685314685,0.13901865217975518,0.04586019573785485,0.37465215411811414,0.465,143,0.8173190984578885,0.6942675159235668,0.6851851851851852,0.054,0.0
171,0,Exact no shift,Modular causal latent SCM,0.795,0.34744897747536596,0.17482517482517482,0.13918658020208388,0.04654559101399298,0.3741345600340706,0.47,143,0.8125741399762753,0.7006369426751592,0.6851851851851852,0.054,0.0
171,0,Exact no shift,Target oracle (reference),0.804,0.3690326483835821,0.1888111888111888,0.13479356923236566,0.026482187093875717,0.39277277789510134,0.509,143,0.8256227758007118,0.6878980891719745,0.7037037037037037,0.054,0.0
172,0,Exact no shift,Pooled associative latent class model,0.814,0.39377825303571323,0.31788079470198677,0.13341833983338178,0.03892228311202717,0.38403198947215267,0.524,151,0.8175438596491228,0.7931034482758621,0.7435897435897436,0.050333333333333334,0.001
172,0,Exact no shift,Target-calibrated associative latent model,0.826,0.4245291180684485,0.18543046357615894,0.12624987691729705,0.0506221564904103,0.36881475478845027,0.526,151,0.8280701754385965,0.8137931034482758,0.7948717948717948,0.050333333333333334,0.001
172,0,Exact no shift,Frozen causal latent SCM,0.82,0.4090102966309763,0.2119205298013245,0.12593030936167676,0.046388744564333395,0.3683759854156055,0.534,151,0.8222222222222222,0.8068965517241379,0.7948717948717948,0.050333333333333334,0.001
172,0,Exact no shift,Modular causal latent SCM,0.817,0.4013580469346116,0.2052980132450331,0.12589834711349063,0.04514516447826303,0.368583979424576,0.527,151,0.8187134502923976,0.8068965517241379,0.7948717948717948,0.050333333333333334,0.001
172,0,Exact no shift,Target oracle (reference),0.821,0.41157533643248495,0.18543046357615894,0.12632401894562276,0.034120031161259584,0.39448800374487486,0.509,151,0.8257309941520468,0.7931034482758621,0.7692307692307693,0.050333333333333334,0.001
173,0,Exact no shift,Pooled associative latent class model,0.814,0.39377744763343714,0.28888888888888886,0.13135700717152196,0.03936803415384217,0.4327318376267984,0.491,135,0.819557625145518,0.7801418439716312,0.7346938775510204,0.04833333333333333,0.0
173,0,Exact no shift,Target-calibrated associative latent model,0.818,0.40390011311947904,0.15555555555555556,0.12462580448528195,0.03399005886616639,0.4041544424858831,0.481,135,0.8230500582072177,0.7872340425531915,0.7551020408163265,0.04833333333333333,0.0
173,0,Exact no shift,Frozen causal latent SCM,0.82,0.4090092204011064,0.15555555555555556,0.1243306677704884,0.03999306315425834,0.4046144811838558,0.481,135,0.8230500582072177,0.8014184397163121,0.7551020408163265,0.04833333333333333,0.0
173,0,Exact no shift,Modular causal latent SCM,0.822,0.41415010295347227,0.14814814814814814,0.12450600461017536,0.03312910944868479,0.4046091507424516,0.485,135,0.8265424912689173,0.7943262411347518,0.7346938775510204,0.04833333333333333,0.0
173,0,Exact no shift,Target oracle (reference),0.831,0.4376814098758539,0.18518518518518517,0.12153271111133344,0.030798341274239374,0.3858361143038084,0.51,135,0.8370197904540163,0.7943262411347518,0.7346938775510204,0.04833333333333333,0.0
174,0,Exact no shift,Pooled associative latent class model,0.805,0.3714580805340726,0.18055555555555555,0.1376592415032398,0.04794248710630649,0.4468247487888271,0.423,144,0.8276269185360094,0.6797385620915033,0.7115384615384616,0.05333333333333334,0.0
174,0,Exact no shift,Target-calibrated associative latent model,0.822,0.4141475259469626,0.1597222222222222,0.1278645810204458,0.02847011397633149,0.42583552738027014,0.462,144,0.8429752066115702,0.7058823529411765,0.75,0.05333333333333334,0.0
174,0,Exact no shift,Frozen causal latent SCM,0.814,0.3937731064482828,0.1388888888888889,0.1288602587392457,0.029031481256596606,0.4235895125097284,0.452,144,0.8358913813459268,0.6928104575163399,0.75,0.05333333333333334,0.0
174,0,Exact no shift,Modular causal latent SCM,0.82,0.4090035681899795,0.14583333333333334,0.12988411053597404,0.02865597187293333,0.42280812904975434,0.448,144,0.8417945690672963,0.6993464052287581,0.75,0.05333333333333334,0.0
174,0,Exact no shift,Target oracle (reference),0.816,0.3988229446098474,0.16666666666666666,0.12783403280771585,0.021707685387809397,0.4024509102599661,0.486,144,0.8347107438016529,0.7124183006535948,0.7692307692307693,0.05333333333333334,0.0
175,0,Exact no shift,Pooled associative latent class model,0.796,0.3498140723660477,0.29333333333333333,0.14003984134123126,0.030479235099172993,0.41311162777470123,0.488,150,0.8065268065268065,0.7323943661971831,0.6170212765957447,0.04933333333333333,0.0
175,0,Exact no shift,Target-calibrated associative latent model,0.811,0.3862700147030292,0.19333333333333333,0.13016092890170758,0.02509923143268123,0.38586225519163336,0.481,150,0.8228438228438228,0.7394366197183099,0.6808510638297872,0.04933333333333333,0.0
175,0,Exact no shift,Frozen causal latent SCM,0.812,0.3887642281909389,0.16,0.12940183820609283,0.02384064219336982,0.38710455218392925,0.478,150,0.8251748251748252,0.7323943661971831,0.6595744680851063,0.04933333333333333,0.0
175,0,Exact no shift,Modular causal latent SCM,0.815,0.39629680587451394,0.20666666666666667,0.13061815330394452,0.0335410207725177,0.38609163093312804,0.495,150,0.8251748251748252,0.7535211267605634,0.6808510638297872,0.04933333333333333,0.0
175,0,Exact no shift,Target oracle (reference),0.816,0.3988230618861949,0.16666666666666666,0.12796969539916322,0.032411315500782654,0.3971122683111742,0.488,150,0.8251748251748252,0.7605633802816901,0.6595744680851063,0.04933333333333333,0.0
176,0,Exact no shift,Pooled associative latent class model,0.794,0.34508902372930167,0.37662337662337664,0.1422473193460291,0.03216492565015606,0.40417520741865975,0.501,154,0.8035714285714286,0.74375,0.6727272727272727,0.056666666666666664,0.0
176,0,Exact no shift,Target-calibrated associative latent model,0.813,0.39126726873115214,0.24675324675324675,0.13487553226659718,0.04164817389809001,0.38352410998323316,0.516,154,0.8202380952380952,0.775,0.7090909090909091,0.056666666666666664,0.0
176,0,Exact no shift,Frozen causal latent SCM,0.806,0.37391785744270944,0.22727272727272727,0.13369505207884122,0.025851755537473577,0.3857706291614751,0.503,154,0.8154761904761905,0.75625,0.6909090909090909,0.056666666666666664,0.0
176,0,Exact no shift,Modular causal latent SCM,0.805,0.37147143368422075,0.2532467532467532,0.13472430853428866,0.03150408152132736,0.38448268254022466,0.51,154,0.8154761904761905,0.75,0.6727272727272727,0.056666666666666664,0.0
176,0,Exact no shift,Target oracle (reference),0.804,0.36903300040992226,0.2532467532467532,0.13377984720387667,0.02830142245050246,0.399354985777239,0.511,154,0.8142857142857143,0.75,0.6909090909090909,0.056666666666666664,0.0
177,0,Exact no shift,Pooled associative latent class model,0.813,0.3912668549394178,0.31543624161073824,0.1313897114746185,0.03721283034615842,0.39248554403268143,0.5,149,0.8211678832116789,0.7752808988764045,0.8035714285714286,0.06166666666666667,0.0
177,0,Exact no shift,Target-calibrated associative latent model,0.839,0.45914644028719137,0.040268456375838924,0.12713250039312216,0.0548205489034851,0.3641905089060023,0.45,149,0.8454987834549879,0.8089887640449438,0.8392857142857143,0.06166666666666667,0.0
177,0,Exact no shift,Frozen causal latent SCM,0.84,0.46186161545296406,0.19463087248322147,0.11965798915571178,0.03126948621741151,0.36313463754328196,0.509,149,0.8479318734793188,0.8033707865168539,0.8392857142857143,0.06166666666666667,0.0
177,0,Exact no shift,Modular causal latent SCM,0.841,0.4645885972925023,0.12080536912751678,0.12017401581303326,0.026968858823590652,0.3648534024702407,0.484,149,0.8479318734793188,0.8089887640449438,0.8571428571428571,0.06166666666666667,0.0
177,0,Exact no shift,Target oracle (reference),0.839,0.45914280023785436,0.18791946308724833,0.11962578087355026,0.03157255773730405,0.3888185677604921,0.504,149,0.8467153284671532,0.8033707865168539,0.8392857142857143,0.06166666666666667,0.0
178,0,Exact no shift,Pooled associative latent class model,0.808,0.3788348488166384,0.33962264150943394,0.13263721946203288,0.025449846326073222,0.417272414192155,0.496,159,0.8175438596491228,0.7517241379310344,0.7450980392156863,0.051,0.0
178,0,Exact no shift,Target-calibrated associative latent model,0.829,0.4323963977613737,0.1509433962264151,0.12303351699367619,0.01927652356082861,0.4029589227494406,0.485,159,0.8374269005847953,0.7793103448275862,0.803921568627451,0.051,0.0
178,0,Exact no shift,Frozen causal latent SCM,0.818,0.4038999029962725,0.20754716981132076,0.12287603619657463,0.03718183218804087,0.4027223566422459,0.486,159,0.8292397660818713,0.7517241379310344,0.7843137254901961,0.051,0.0
178,0,Exact no shift,Modular causal latent SCM,0.821,0.4115755851412951,0.18867924528301888,0.12327440597141572,0.028977574473798364,0.4032215571381837,0.491,159,0.8315789473684211,0.7586206896551724,0.7843137254901961,0.051,0.0
178,0,Exact no shift,Target oracle (reference),0.82,0.40900899570639515,0.18238993710691823,0.12406257246864279,0.027936759822079972,0.39640424083692266,0.478,159,0.8315789473684211,0.7517241379310344,0.7843137254901961,0.051,0.0
179,0,Exact no shift,Pooled associative latent class model,0.819,0.40645073769470025,0.3358208955223881,0.13608848819422803,0.03775924777168232,0.441192334704906,0.511,134,0.8210900473933649,0.8076923076923077,0.7755102040816326,0.05533333333333333,0.0
179,0,Exact no shift,Target-calibrated associative latent model,0.8,0.359350115892352,0.2537313432835821,0.1353086161793857,0.03953025166143134,0.41939904928710403,0.564,134,0.8056872037914692,0.7692307692307693,0.7346938775510204,0.05533333333333333,0.0
179,0,Exact no shift,Frozen causal latent SCM,0.819,0.40644961543651764,0.20149253731343283,0.12925026170543316,0.037689476090802906,0.4233564052738402,0.525,134,0.8246445497630331,0.7884615384615384,0.7755102040816326,0.05533333333333333,0.0
179,0,Exact no shift,Modular causal latent SCM,0.818,0.4038984463214556,0.19402985074626866,0.13031367019822496,0.038807888678564134,0.42337706383411194,0.53,134,0.8246445497630331,0.782051282051282,0.7551020408163265,0.05533333333333333,0.0
179,0,Exact no shift,Target oracle (reference),0.826,0.42452893008007564,0.1865671641791045,0.12857578682763057,0.038458048018469755,0.4128921996563763,0.508,134,0.830568720379147,0.8012820512820513,0.7755102040816326,0.05533333333333333,0.0
180,0,Exact no shift,Pooled associative latent class model,0.8,0.3593595419224493,0.302158273381295,0.1384739519908117,0.035024604851084926,0.4071611523826614,0.531,139,0.8030480656506448,0.782312925170068,0.723404255319149,0.050666666666666665,0.0
180,0,Exact no shift,Target-calibrated associative latent model,0.807,0.3763723588750341,0.2589928057553957,0.13349677957510597,0.03395225894528689,0.37432884403441813,0.514,139,0.8100820633059789,0.7891156462585034,0.723404255319149,0.050666666666666665,0.0
180,0,Exact no shift,Frozen causal latent SCM,0.817,0.4013574355767083,0.17985611510791366,0.13121185581949754,0.026846457269696263,0.3760635977082004,0.524,139,0.8194607268464243,0.8027210884353742,0.7446808510638298,0.050666666666666665,0.0
180,0,Exact no shift,Modular causal latent SCM,0.81,0.38378383095699836,0.2302158273381295,0.13174937652183719,0.024849461162605543,0.37553735930804,0.521,139,0.8124267291910903,0.7959183673469388,0.7446808510638298,0.050666666666666665,0.0
180,0,Exact no shift,Target oracle (reference),0.815,0.3962962600015186,0.16546762589928057,0.12986090908922746,0.021425107172319775,0.3929305655953643,0.51,139,0.8194607268464243,0.7891156462585034,0.723404255319149,0.050666666666666665,0.0
181,0,Exact no shift,Pooled associative latent class model,0.801,0.36174549854775095,0.2682926829268293,0.14303777212910418,0.04203854758266493,0.4059827011088155,0.447,164,0.8086124401913876,0.7621951219512195,0.7647058823529411,0.057666666666666665,0.001
181,0,Exact no shift,Target-calibrated associative latent model,0.818,0.4038495524143417,0.07317073170731707,0.1322030498601098,0.04492147058542048,0.3835683410530498,0.416,164,0.8289473684210527,0.7621951219512195,0.803921568627451,0.057666666666666665,0.001
181,0,Exact no shift,Frozen causal latent SCM,0.815,0.39626651714184596,0.13414634146341464,0.12990945446822286,0.03356445184152691,0.3883699018992407,0.435,164,0.8241626794258373,0.7682926829268293,0.8235294117647058,0.057666666666666665,0.001
181,0,Exact no shift,Modular causal latent SCM,0.815,0.3962514129308377,0.0975609756097561,0.13058808359848087,0.04286066708744898,0.386144248998893,0.421,164,0.8253588516746412,0.7621951219512195,0.803921568627451,0.057666666666666665,0.001
181,0,Exact no shift,Target oracle (reference),0.819,0.406446097561252,0.15853658536585366,0.12878732228481937,0.027666843034362263,0.3993079712131114,0.471,164,0.8301435406698564,0.7621951219512195,0.803921568627451,0.057666666666666665,0.001
182,0,Exact no shift,Pooled associative latent class model,0.806,0.3739189996944662,0.3611111111111111,0.13857187430420403,0.028540671738164995,0.4124378216393771,0.527,144,0.8177570093457944,0.7361111111111112,0.7719298245614035,0.051333333333333335,0.0
182,0,Exact no shift,Target-calibrated associative latent model,0.826,0.424528476632351,0.1736111111111111,0.1266594720171268,0.042888796293929554,0.40281891972083894,0.515,144,0.8422897196261683,0.7291666666666666,0.7719298245614035,0.051333333333333335,0.0
182,0,Exact no shift,Frozen causal latent SCM,0.828,0.42976599408769006,0.18055555555555555,0.12654240941373618,0.041753181216114814,0.4035399349082619,0.519,144,0.844626168224299,0.7291666666666666,0.7719298245614035,0.051333333333333335,0.0
182,0,Exact no shift,Modular causal latent SCM,0.825,0.4219218093184272,0.16666666666666666,0.12680894401131063,0.0358765594971958,0.403076792936479,0.514,144,0.8411214953271028,0.7291666666666666,0.7719298245614035,0.051333333333333335,0.0
182,0,Exact no shift,Target oracle (reference),0.825,0.42192140060907807,0.1736111111111111,0.12640504847839287,0.03913634296231245,0.3983784542203235,0.5,144,0.8411214953271028,0.7291666666666666,0.7543859649122807,0.051333333333333335,0.0
183,0,Exact no shift,Pooled associative latent class model,0.807,0.3763718099827845,0.31690140845070425,0.13479072257362287,0.02458780741683148,0.40560363781464137,0.5,142,0.8138728323699422,0.762962962962963,0.8125,0.04933333333333333,0.0
183,0,Exact no shift,Target-calibrated associative latent model,0.817,0.40136221603590594,0.2676056338028169,0.1320534422737012,0.051552414832323847,0.38265160265306564,0.55,142,0.8219653179190751,0.7851851851851852,0.8125,0.04933333333333333,0.0
183,0,Exact no shift,Frozen causal latent SCM,0.815,0.396296065461436,0.13380281690140844,0.12599248580536895,0.029650795759470154,0.38957428318876663,0.488,142,0.8254335260115607,0.7481481481481481,0.7291666666666666,0.04933333333333333,0.0
183,0,Exact no shift,Modular causal latent SCM,0.817,0.40135806133077945,0.2323943661971831,0.12712920400603192,0.02941655937813083,0.38767636364080005,0.524,142,0.8242774566473988,0.7703703703703704,0.7916666666666666,0.04933333333333333,0.0
183,0,Exact no shift,Target oracle (reference),0.817,0.40135682613705315,0.15492957746478872,0.12545226103763166,0.022046967772844074,0.39173053896753995,0.498,142,0.8242774566473988,0.7703703703703704,0.75,0.04933333333333333,0.0
184,0,Exact no shift,Pooled associative latent class model,0.791,0.3380625093668681,0.25,0.14004199571646508,0.04952291179046399,0.39930988035894205,0.456,140,0.7935560859188544,0.7777777777777778,0.7962962962962963,0.056666666666666664,0.0
184,0,Exact no shift,Target-calibrated associative latent model,0.817,0.40135737511267194,0.22142857142857142,0.13479286362115975,0.040510531141382394,0.365896501482206,0.518,140,0.8198090692124105,0.8024691358024691,0.8518518518518519,0.056666666666666664,0.0
184,0,Exact no shift,Frozen causal latent SCM,0.819,0.40645041476614235,0.15,0.13643600251516733,0.054997327503544746,0.36478353658402146,0.49,140,0.8245823389021479,0.7901234567901234,0.7777777777777778,0.056666666666666664,0.0
184,0,Exact no shift,Modular causal latent SCM,0.817,0.4013572973731787,0.17142857142857143,0.13532246839359205,0.04087018774033582,0.36527160103412903,0.5,140,0.8221957040572793,0.7901234567901234,0.7962962962962963,0.056666666666666664,0.0
184,0,Exact no shift,Target oracle (reference),0.819,0.4064504518778227,0.17142857142857143,0.13357870927821466,0.03678090283238423,0.3938205258688755,0.516,140,0.8233890214797136,0.7962962962962963,0.7962962962962963,0.056666666666666664,0.0
185,0,Exact no shift,Pooled associative latent class model,0.808,0.37883500727703506,0.27044025157232704,0.1325942238769271,0.03149637338961496,0.39709462488795705,0.496,159,0.8222222222222222,0.7241379310344828,0.7959183673469388,0.051666666666666666,0.001
185,0,Exact no shift,Target-calibrated associative latent model,0.809,0.3813054528396295,0.12578616352201258,0.12854257968058241,0.028328329121787506,0.38596403798457984,0.493,159,0.8269005847953217,0.7034482758620689,0.7755102040816326,0.051666666666666666,0.001
185,0,Exact no shift,Frozen causal latent SCM,0.822,0.41415014597993655,0.16981132075471697,0.1234284963525009,0.03246321415638436,0.38537839917608735,0.484,159,0.8421052631578947,0.7034482758620689,0.7959183673469388,0.051666666666666666,0.001
185,0,Exact no shift,Modular causal latent SCM,0.814,0.39377785401347715,0.1320754716981132,0.12576289236356003,0.023248948502030714,0.38622674062621754,0.488,159,0.8339181286549707,0.696551724137931,0.7755102040816326,0.051666666666666666,0.001
185,0,Exact no shift,Target oracle (reference),0.828,0.42976580229728595,0.1509433962264151,0.12234795469527163,0.028291765715684515,0.3867657460744024,0.486,159,0.8444444444444444,0.7310344827586207,0.8163265306122449,0.051666666666666666,0.001
186,0,Exact no shift,Pooled associative latent class model,0.811,0.3862723181655702,0.373134328358209,0.13428362159276394,0.03735733868276536,0.40548882430755356,0.537,134,0.818075117370892,0.7702702702702703,0.8292682926829268,0.051666666666666666,0.0
186,0,Exact no shift,Target-calibrated associative latent model,0.825,0.4219267054446797,0.2537313432835821,0.12946307831129725,0.05178255244801854,0.3835283004203176,0.555,134,0.8321596244131455,0.7837837837837838,0.8536585365853658,0.051666666666666666,0.0
186,0,Exact no shift,Frozen causal latent SCM,0.82,0.40901333369113524,0.27611940298507465,0.1285481796014336,0.047901627655038935,0.3835071107535082,0.552,134,0.8251173708920188,0.7905405405405406,0.8536585365853658,0.051666666666666666,0.0
186,0,Exact no shift,Modular causal latent SCM,0.826,0.42453057746517264,0.20149253731343283,0.12834495371778598,0.04299853384056452,0.3851622999876036,0.538,134,0.8321596244131455,0.7905405405405406,0.8536585365853658,0.051666666666666666,0.0
186,0,Exact no shift,Target oracle (reference),0.822,0.4141498881028276,0.21641791044776118,0.12467507831182731,0.031751942753648316,0.3875414991146156,0.51,134,0.8251173708920188,0.8040540540540541,0.8292682926829268,0.051666666666666666,0.0
187,0,Exact no shift,Pooled associative latent class model,0.796,0.3498153144646239,0.3877551020408163,0.13923115676868053,0.029305785713562432,0.3972660990332597,0.532,147,0.7990430622009569,0.7804878048780488,0.7391304347826086,0.058333333333333334,0.0
187,0,Exact no shift,Target-calibrated associative latent model,0.81,0.38378358900525733,0.14965986394557823,0.12958216042244083,0.03397827719013223,0.38411330323977394,0.512,147,0.8157894736842105,0.7804878048780488,0.8260869565217391,0.058333333333333334,0.0
187,0,Exact no shift,Frozen causal latent SCM,0.807,0.37637393260074603,0.19727891156462585,0.12887509475632558,0.03124177159720245,0.3833321860638058,0.533,147,0.8110047846889952,0.7865853658536586,0.8478260869565217,0.058333333333333334,0.0
187,0,Exact no shift,Modular causal latent SCM,0.806,0.3739185265437806,0.19727891156462585,0.12933693936391846,0.03186953194974375,0.3826838934688046,0.524,147,0.8110047846889952,0.7804878048780488,0.8260869565217391,0.058333333333333334,0.0
187,0,Exact no shift,Target oracle (reference),0.81,0.38378358900525733,0.17687074829931973,0.12812435393805618,0.03317049622297721,0.40552007462305745,0.488,147,0.8157894736842105,0.7804878048780488,0.782608695652174,0.058333333333333334,0.0
188,0,Exact no shift,Pooled associative latent class model,0.788,0.33110771411217343,0.3137254901960784,0.13992764959472187,0.029702149969184712,0.4270883553833947,0.512,153,0.7954271961492179,0.7514792899408284,0.7755102040816326,0.059333333333333335,0.0
188,0,Exact no shift,Target-calibrated associative latent model,0.807,0.376373659055946,0.1111111111111111,0.1324747094225769,0.04404979193151092,0.3987824301695785,0.497,153,0.8219013237063778,0.7337278106508875,0.6938775510204082,0.059333333333333335,0.0
188,0,Exact no shift,Frozen causal latent SCM,0.814,0.3937750063385621,0.1830065359477124,0.12886366425522447,0.03896722611523974,0.3976444284466777,0.528,153,0.8315282791817088,0.727810650887574,0.673469387755102,0.059333333333333335,0.0
188,0,Exact no shift,Modular causal latent SCM,0.815,0.39629572260601204,0.1503267973856209,0.12906671287734672,0.0411074361549705,0.39817350492408393,0.519,153,0.8327316486161251,0.727810650887574,0.673469387755102,0.059333333333333335,0.0
188,0,Exact no shift,Target oracle (reference),0.815,0.396293241770609,0.16993464052287582,0.1286511446615717,0.039459858239390994,0.40099093488064474,0.529,153,0.8327316486161251,0.727810650887574,0.673469387755102,0.059333333333333335,0.0
189,0,Exact no shift,Pooled associative latent class model,0.786,0.3265113341795751,0.3695652173913043,0.1450605730052012,0.01845937976743341,0.4392379119557055,0.476,138,0.8009367681498829,0.6986301369863014,0.6842105263157895,0.050333333333333334,0.0
189,0,Exact no shift,Target-calibrated associative latent model,0.802,0.3641803566906718,0.2463768115942029,0.13642196185042202,0.02190607660456125,0.4118924746611741,0.482,138,0.8079625292740047,0.7671232876712328,0.7894736842105263,0.050333333333333334,0.0
189,0,Exact no shift,Frozen causal latent SCM,0.807,0.3763719769901025,0.2536231884057971,0.13527021898290476,0.022191918999827007,0.41114834031469466,0.491,138,0.8149882903981265,0.7602739726027398,0.7894736842105263,0.050333333333333334,0.0
189,0,Exact no shift,Modular causal latent SCM,0.809,0.3813064170779618,0.18115942028985507,0.1362138307003961,0.03255806476873041,0.41092654955122204,0.473,138,0.8138173302107728,0.7808219178082192,0.7894736842105263,0.050333333333333334,0.0
189,0,Exact no shift,Target oracle (reference),0.804,0.36903404140413676,0.2246376811594203,0.13491046802235496,0.026932139852865106,0.3999616675806158,0.474,138,0.8126463700234192,0.7534246575342466,0.7631578947368421,0.050333333333333334,0.0
190,0,Exact no shift,Pooled associative latent class model,0.795,0.34743630617981797,0.44370860927152317,0.13852179483366062,0.07990476095345235,0.39290855832728183,0.621,151,0.7939110070257611,0.8013698630136986,0.7959183673469388,0.051666666666666666,0.0
190,0,Exact no shift,Target-calibrated associative latent model,0.827,0.4271369184260241,0.32450331125827814,0.12592291017195564,0.06694383752144342,0.3718435080896048,0.597,151,0.8278688524590164,0.821917808219178,0.7959183673469388,0.051666666666666666,0.0
190,0,Exact no shift,Frozen causal latent SCM,0.839,0.4591402486120627,0.18543046357615894,0.1197166264446921,0.04364388746693415,0.37439220630980796,0.569,151,0.84192037470726,0.821917808219178,0.7959183673469388,0.051666666666666666,0.0
190,0,Exact no shift,Modular causal latent SCM,0.827,0.4271386311032477,0.2781456953642384,0.12292990535619526,0.05301031944187425,0.3735961914100451,0.583,151,0.8290398126463701,0.815068493150685,0.7959183673469388,0.051666666666666666,0.0
190,0,Exact no shift,Target oracle (reference),0.838,0.4564322222037201,0.17218543046357615,0.1166479302481816,0.02554034095434637,0.39130023166656597,0.524,151,0.8395784543325527,0.8287671232876712,0.7959183673469388,0.051666666666666666,0.0
191,0,Exact no shift,Pooled associative latent class model,0.767,0.2844643357400428,0.1342281879194631,0.16150521418442954,0.09718681112196527,0.4029003784461988,0.393,149,0.7713950762016413,0.7414965986394558,0.8125,0.051,0.0
191,0,Exact no shift,Target-calibrated associative latent model,0.755,0.25940147643982503,0.04697986577181208,0.16863711668098863,0.13142482562014765,0.37385627540019073,0.361,149,0.7596717467760844,0.7278911564625851,0.8125,0.051,0.0
191,0,Exact no shift,Frozen causal latent SCM,0.77,0.2909141204187169,0.08053691275167785,0.15352182800112738,0.0986247685406991,0.3836425689554028,0.394,149,0.7702227432590856,0.7687074829931972,0.8541666666666666,0.051,0.0
191,0,Exact no shift,Modular causal latent SCM,0.767,0.28447114621627306,0.06040268456375839,0.16260669598145916,0.11655594956530652,0.37757989134481895,0.379,149,0.7690504103165299,0.7551020408163265,0.8333333333333334,0.051,0.0
191,0,Exact no shift,Target oracle (reference),0.803,0.36660213229944505,0.1610738255033557,0.13886640324975968,0.03219211768497717,0.40283124918372554,0.501,149,0.8065650644783119,0.782312925170068,0.875,0.051,0.0
192,0,Exact no shift,Pooled associative latent class model,0.777,0.30622235309163487,0.3878787878787879,0.15383638917097633,0.046468746579418935,0.40831524728284946,0.481,165,0.7867298578199052,0.7243589743589743,0.6041666666666666,0.05466666666666667,0.0
192,0,Exact no shift,Target-calibrated associative latent model,0.786,0.3265109980782684,0.24242424242424243,0.14808733866255971,0.043456138100236893,0.3856963385896631,0.474,165,0.7914691943127962,0.7564102564102564,0.6041666666666666,0.05466666666666667,0.0
192,0,Exact no shift,Frozen causal latent SCM,0.788,0.33110682747518905,0.2787878787878788,0.14429036376075297,0.03401823659230921,0.3927072875486123,0.502,165,0.7950236966824644,0.75,0.6041666666666666,0.05466666666666667,0.0
192,0,Exact no shift,Modular causal latent SCM,0.787,0.3288046576638683,0.26666666666666666,0.14433850613728377,0.03559167054649543,0.3912677392851425,0.489,165,0.7938388625592417,0.75,0.6041666666666666,0.05466666666666667,0.0
192,0,Exact no shift,Target oracle (reference),0.802,0.3641800181035857,0.23636363636363636,0.1425101288933626,0.029996506933463327,0.4061024879579289,0.49,165,0.8116113744075829,0.75,0.6041666666666666,0.05466666666666667,0.0
193,0,Exact no shift,Pooled associative latent class model,0.769,0.2887072257252826,0.43529411764705883,0.1497491786419619,0.08049961298376994,0.425964671125134,0.554,170,0.7925211097708083,0.6549707602339181,0.6545454545454545,0.059666666666666666,0.001
193,0,Exact no shift,Target-calibrated associative latent model,0.792,0.34036339883157524,0.22941176470588234,0.13580109057131953,0.09197879576662932,0.4027854142850304,0.563,170,0.8118214716525934,0.695906432748538,0.7454545454545455,0.059666666666666666,0.001
193,0,Exact no shift,Frozen causal latent SCM,0.797,0.3521630396343839,0.2529411764705882,0.13468989520131375,0.08668718582941173,0.405090233146273,0.556,170,0.8154402895054282,0.7076023391812866,0.7636363636363637,0.059666666666666666,0.001
193,0,Exact no shift,Modular causal latent SCM,0.797,0.3521630396343839,0.2647058823529412,0.13501826484338955,0.08299701392399716,0.40526640549029297,0.556,170,0.8178528347406514,0.695906432748538,0.7454545454545455,0.059666666666666666,0.001
193,0,Exact no shift,Target oracle (reference),0.816,0.39882347781784216,0.18235294117647058,0.12571284846041195,0.03938263512648919,0.4027687258527386,0.487,170,0.8335343787696019,0.7309941520467836,0.8,0.059666666666666666,0.001
194,0,Exact no shift,Pooled associative latent class model,0.789,0.3333975155459496,0.24277456647398843,0.1383107285564565,0.057589439384221404,0.4124913348732024,0.4,173,0.7915151515151515,0.7771428571428571,0.7692307692307693,0.063,0.001
194,0,Exact no shift,Target-calibrated associative latent model,0.816,0.39880666868986125,0.14450867052023122,0.12841757661945827,0.061821936100638526,0.3852093796864394,0.405,173,0.816969696969697,0.8114285714285714,0.8307692307692308,0.063,0.001
194,0,Exact no shift,Frozen causal latent SCM,0.817,0.4013416178068587,0.1329479768786127,0.1267258417767686,0.05730651931791615,0.38532397418392583,0.406,173,0.816969696969697,0.8171428571428572,0.8461538461538461,0.063,0.001
194,0,Exact no shift,Modular causal latent SCM,0.819,0.4064327290950572,0.11560693641618497,0.1280018556290624,0.06616388618737133,0.3841963002488353,0.4,173,0.8193939393939393,0.8171428571428572,0.8461538461538461,0.063,0.001
194,0,Exact no shift,Target oracle (reference),0.833,0.4429985998872454,0.1907514450867052,0.12174894148832933,0.03164490796566404,0.3926320237492827,0.478,173,0.84,0.8,0.8,0.063,0.001
195,0,Exact no shift,Pooled associative latent class model,0.813,0.3912667270932729,0.3181818181818182,0.1319811158179715,0.030731448965414535,0.4394375927731769,0.495,154,0.8146811070998796,0.8047337278106509,0.7636363636363637,0.059666666666666666,0.0
195,0,Exact no shift,Target-calibrated associative latent model,0.822,0.41414957251864415,0.2012987012987013,0.12357199354251795,0.026213708481097022,0.41517040598179306,0.5,154,0.8194945848375451,0.834319526627219,0.8181818181818182,0.059666666666666666,0.0
195,0,Exact no shift,Frozen causal latent SCM,0.825,0.42192140895009095,0.16233766233766234,0.12288102074251003,0.03331676705882502,0.41544998863940896,0.505,154,0.8243080625752106,0.8284023668639053,0.8181818181818182,0.059666666666666666,0.0
195,0,Exact no shift,Modular causal latent SCM,0.826,0.42452810638399013,0.2012987012987013,0.12354391053763968,0.035306249530227075,0.41584375969450116,0.508,154,0.8243080625752106,0.834319526627219,0.8181818181818182,0.059666666666666666,0.0
195,0,Exact no shift,Target oracle (reference),0.83,0.4350359842279757,0.11688311688311688,0.1227172036322942,0.026477901593806117,0.40564593552527445,0.474,154,0.8315282791817088,0.8224852071005917,0.8181818181818182,0.059666666666666666,0.0
196,0,Exact no shift,Pooled associative latent class model,0.829,0.4323983095966437,0.21052631578947367,0.12417694744072913,0.03609148092070856,0.37838939959522233,0.464,133,0.8331415420023015,0.8015267175572519,0.7352941176470589,0.04466666666666667,0.0
196,0,Exact no shift,Target-calibrated associative latent model,0.839,0.45914449212864167,0.09022556390977443,0.11704744697752138,0.032106616277333994,0.3686436774762595,0.468,133,0.8423475258918297,0.816793893129771,0.7941176470588235,0.04466666666666667,0.0
196,0,Exact no shift,Frozen causal latent SCM,0.836,0.4510355285877043,0.14285714285714285,0.11621408592822803,0.02243267789848147,0.3693538760122749,0.477,133,0.8388952819332566,0.816793893129771,0.7941176470588235,0.04466666666666667,0.0
196,0,Exact no shift,Modular causal latent SCM,0.832,0.44033640667218427,0.18045112781954886,0.11606224197405599,0.0263240656479911,0.36938695026039897,0.483,133,0.8342922899884925,0.816793893129771,0.7941176470588235,0.04466666666666667,0.0
196,0,Exact no shift,Target oracle (reference),0.832,0.4403360315474578,0.16541353383458646,0.11635915961769802,0.030380972882508434,0.38355066013391503,0.491,133,0.8377445339470656,0.7938931297709924,0.7647058823529411,0.04466666666666667,0.0
197,0,Exact no shift,Pooled associative latent class model,0.815,0.39629917379045254,0.3150684931506849,0.13096310817193182,0.04963339132050665,0.43326579645672075,0.538,146,0.8186101295641932,0.7947019867549668,0.7843137254901961,0.053,0.001
197,0,Exact no shift,Target-calibrated associative latent model,0.83,0.43503452758559413,0.1506849315068493,0.1223626206363356,0.025942730832932314,0.4073005102148229,0.495,146,0.8327444051825678,0.8145695364238411,0.803921568627451,0.053,0.001
197,0,Exact no shift,Frozen causal latent SCM,0.828,0.4297662005508895,0.17123287671232876,0.12146329535687396,0.031362074963881825,0.407508603892446,0.521,146,0.8303886925795053,0.8145695364238411,0.803921568627451,0.053,0.001
197,0,Exact no shift,Modular causal latent SCM,0.831,0.4376811564065408,0.136986301369863,0.1207567107147082,0.026259516923338253,0.4073606261564759,0.504,146,0.8327444051825678,0.8211920529801324,0.803921568627451,0.053,0.001
197,0,Exact no shift,Target oracle (reference),0.825,0.4219215757702985,0.15753424657534246,0.12032792304616959,0.03294036791828314,0.38463779232656486,0.51,146,0.8292108362779741,0.8013245033112583,0.803921568627451,0.053,0.001
198,0,Exact no shift,Pooled associative latent class model,0.801,0.3617668897711671,0.3945578231292517,0.1404146689181185,0.03736098814599386,0.4399431132669042,0.509,147,0.8134592680047226,0.7320261437908496,0.7169811320754716,0.05366666666666667,0.0
198,0,Exact no shift,Target-calibrated associative latent model,0.812,0.3887654399394179,0.25170068027210885,0.13073997540175888,0.04479755071373985,0.4141008203972634,0.512,147,0.8323494687131051,0.6993464052287581,0.6415094339622641,0.05366666666666667,0.0
198,0,Exact no shift,Frozen causal latent SCM,0.82,0.4090075678890274,0.25170068027210885,0.13158520217324474,0.047198841827731944,0.41357842354892765,0.522,147,0.8394332939787486,0.7124183006535948,0.6415094339622641,0.05366666666666667,0.0
198,0,Exact no shift,Modular causal latent SCM,0.82,0.4090070012929218,0.2585034013605442,0.1329010708179318,0.05343085001556953,0.41325156139654334,0.524,147,0.8406139315230224,0.7058823529411765,0.6415094339622641,0.05366666666666667,0.0
198,0,Exact no shift,Target oracle (reference),0.819,0.406451941099112,0.23129251700680273,0.12814347257095085,0.022894312389625648,0.3921763970228492,0.497,147,0.833530106257379,0.738562091503268,0.6981132075471698,0.05366666666666667,0.0
199,0,Exact no shift,Pooled associative latent class model,0.806,0.373917373640621,0.3150684931506849,0.1392870463087465,0.03432473832779185,0.412377017980333,0.497,146,0.8158205430932703,0.7516339869281046,0.7115384615384616,0.05433333333333333,0.0
199,0,Exact no shift,Target-calibrated associative latent model,0.801,0.3617657795792381,0.1780821917808219,0.1369565228253839,0.030068262280417733,0.3835294927266424,0.516,146,0.8099173553719008,0.7516339869281046,0.7884615384615384,0.05433333333333333,0.0
199,0,Exact no shift,Frozen causal latent SCM,0.805,0.37147148507488065,0.21232876712328766,0.13386700640034008,0.03464200443565372,0.3888009996172396,0.516,146,0.8134592680047226,0.7581699346405228,0.7692307692307693,0.05433333333333333,0.0
199,0,Exact no shift,Modular causal latent SCM,0.802,0.36418181088018636,0.2328767123287671,0.13740388088499536,0.04408894902287879,0.3831767193079904,0.531,146,0.8087367178276269,0.7647058823529411,0.7884615384615384,0.05433333333333333,0.0
199,0,Exact no shift,Target oracle (reference),0.801,0.3617672622217878,0.2191780821917808,0.1339859561358371,0.032020050616805816,0.3979397395927926,0.53,146,0.8099173553719008,0.7516339869281046,0.7692307692307693,0.05433333333333333,0.0
200,0,Exact no shift,Pooled associative latent class model,0.792,0.3403962272419054,0.2857142857142857,0.13469515053088912,0.038950350078751195,0.43776761347266424,0.446,154,0.8007159904534606,0.7469135802469136,0.7291666666666666,0.05633333333333333,0.0
200,0,Exact no shift,Target-calibrated associative latent model,0.813,0.3912670640214248,0.12987012987012986,0.12498636817518799,0.04256017768120365,0.40708070985550493,0.439,154,0.8257756563245824,0.7469135802469136,0.7291666666666666,0.05633333333333333,0.0
200,0,Exact no shift,Frozen causal latent SCM,0.815,0.3962961221393954,0.12337662337662338,0.12483180864486822,0.042986084675602214,0.4051721682940131,0.443,154,0.8305489260143198,0.7345679012345679,0.7291666666666666,0.05633333333333333,0.0
200,0,Exact no shift,Modular causal latent SCM,0.818,0.4038998479496445,0.19480519480519481,0.12479126024920671,0.02851494129606301,0.4069257648545584,0.466,154,0.8317422434367542,0.7469135802469136,0.7291666666666666,0.05633333333333333,0.0
200,0,Exact no shift,Target oracle (reference),0.821,0.4115755851412951,0.16233766233766234,0.12293455624151482,0.021341745617043714,0.40436243656964316,0.491,154,0.834128878281623,0.7530864197530864,0.7291666666666666,0.05633333333333333,0.0
201,0,Exact no shift,Pooled associative latent class model,0.812,0.3887647586401693,0.41044776119402987,0.13373576352782018,0.037158690664486106,0.38269022950176307,0.515,134,0.817966903073286,0.7792207792207793,0.7735849056603774,0.055,0.0
201,0,Exact no shift,Target-calibrated associative latent model,0.821,0.41157593263896053,0.26865671641791045,0.13185657070172782,0.04706905688037455,0.3644565362102256,0.542,134,0.8274231678486997,0.7857142857142857,0.7547169811320755,0.055,0.0
201,0,Exact no shift,Frozen causal latent SCM,0.827,0.4271431087028836,0.22388059701492538,0.12403390055694061,0.02620403541532283,0.36828681160000826,0.51,134,0.83451536643026,0.7857142857142857,0.7358490566037735,0.055,0.0
201,0,Exact no shift,Modular causal latent SCM,0.824,0.419323488798508,0.2835820895522388,0.12659023350256973,0.035753076763287144,0.36693112115349813,0.531,134,0.8286052009456265,0.7987012987012987,0.7547169811320755,0.055,0.0
201,0,Exact no shift,Target oracle (reference),0.828,0.4297657746792377,0.2537313432835821,0.12456248283010235,0.025831687510060927,0.39514343576034544,0.517,134,0.8333333333333334,0.7987012987012987,0.7358490566037735,0.055,0.0
202,0,Exact no shift,Pooled associative latent class model,0.803,0.3666035759250301,0.2916666666666667,0.13180851513590705,0.041148821509525015,0.42178416977443,0.455,144,0.8133022170361727,0.7412587412587412,0.6744186046511628,0.051666666666666666,0.001
202,0,Exact no shift,Target-calibrated associative latent model,0.813,0.3912681099367841,0.16666666666666666,0.12631435036218283,0.027207093123693564,0.3882642246462209,0.457,144,0.8249708284714119,0.7412587412587412,0.7441860465116279,0.051666666666666666,0.001
202,0,Exact no shift,Frozen causal latent SCM,0.818,0.40390023534007263,0.1875,0.12480857433947082,0.031003972674579886,0.38962657962785396,0.47,144,0.8319719953325554,0.7342657342657343,0.7441860465116279,0.051666666666666666,0.001
202,0,Exact no shift,Modular causal latent SCM,0.814,0.39377848629086903,0.16666666666666666,0.1268299140512524,0.028086389335084665,0.38857644755685444,0.46,144,0.8273045507584598,0.7342657342657343,0.7441860465116279,0.051666666666666666,0.001
202,0,Exact no shift,Target oracle (reference),0.818,0.4038997729485976,0.19444444444444445,0.12459116183742636,0.024992174761773105,0.3979360738417188,0.498,144,0.8273045507584598,0.7622377622377622,0.7674418604651163,0.051666666666666666,0.001
203,0,Exact no shift,Pooled associative latent class model,0.787,0.3287998824890227,0.32098765432098764,0.14483285236745183,0.031225982684592767,0.43692131425813385,0.532,162,0.8021712907117008,0.7134502923976608,0.6274509803921569,0.059666666666666666,0.0
203,0,Exact no shift,Target-calibrated associative latent model,0.796,0.34980499805403414,0.043209876543209874,0.14068305679362728,0.06236571029687113,0.3986297665593559,0.459,162,0.8118214716525934,0.7192982456140351,0.6862745098039216,0.059666666666666666,0.0
203,0,Exact no shift,Frozen causal latent SCM,0.802,0.3641784993807194,0.21604938271604937,0.1321829964182454,0.02415448215194676,0.41091767162215126,0.523,162,0.8202653799758746,0.7134502923976608,0.6274509803921569,0.059666666666666666,0.0
203,0,Exact no shift,Modular causal latent SCM,0.809,0.381306559791169,0.1111111111111111,0.13258550931551188,0.030568812311394154,0.40914026237414725,0.494,162,0.8287092882991556,0.7134502923976608,0.6862745098039216,0.059666666666666666,0.0
203,0,Exact no shift,Target oracle (reference),0.801,0.36176725338120663,0.17901234567901234,0.13265918271249216,0.035772995316569654,0.40764239250603773,0.498,162,0.8202653799758746,0.7076023391812866,0.6274509803921569,0.059666666666666666,0.0
204,0,Exact no shift,Pooled associative latent class model,0.81,0.383783384653643,0.31724137931034485,0.13441140735233215,0.02193448151986144,0.4126022822376825,0.507,145,0.8156028368794326,0.7792207792207793,0.7954545454545454,0.053,0.0
204,0,Exact no shift,Target-calibrated associative latent model,0.821,0.4115753745821887,0.1793103448275862,0.1312367043917248,0.034826869989200954,0.3882093724744877,0.512,145,0.8286052009456265,0.7792207792207793,0.8636363636363636,0.053,0.0
204,0,Exact no shift,Frozen causal latent SCM,0.811,0.38626997361388943,0.16551724137931034,0.13109519792705734,0.03082875644305076,0.38637825337533627,0.51,145,0.8167848699763594,0.7792207792207793,0.8636363636363636,0.053,0.0
204,0,Exact no shift,Modular causal latent SCM,0.813,0.39126705933699013,0.1793103448275862,0.13095014010188116,0.03203816832041131,0.3867401269718554,0.512,145,0.8156028368794326,0.7987012987012987,0.8863636363636364,0.053,0.0
204,0,Exact no shift,Target oracle (reference),0.819,0.40645004113690575,0.1310344827586207,0.13013004730038297,0.030313992054594934,0.39387105046650217,0.494,145,0.8262411347517731,0.7792207792207793,0.8636363636363636,0.053,0.0
205,0,Exact no shift,Pooled associative latent class model,0.811,0.38626984704041295,0.2662337662337662,0.1318479130759951,0.015476881303605146,0.4110817336721599,0.493,154,0.8204518430439952,0.7610062893081762,0.7777777777777778,0.057666666666666665,0.0
205,0,Exact no shift,Target-calibrated associative latent model,0.822,0.41415062048224044,0.12337662337662338,0.12578117480124562,0.02975639944570785,0.36981418326355425,0.522,154,0.8370986920332937,0.7421383647798742,0.7592592592592593,0.057666666666666665,0.0
205,0,Exact no shift,Frozen causal latent SCM,0.815,0.3962963770739378,0.14285714285714285,0.12580511011320558,0.032003557376885476,0.3755205166298585,0.517,154,0.83115338882283,0.7295597484276729,0.7407407407407407,0.057666666666666665,0.0
205,0,Exact no shift,Modular causal latent SCM,0.813,0.39126766616587216,0.18181818181818182,0.12496525506207076,0.029489332411690498,0.37569274164062655,0.521,154,0.8287752675386445,0.7295597484276729,0.7592592592592593,0.057666666666666665,0.0
205,0,Exact no shift,Target oracle (reference),0.815,0.3962957805616141,0.14285714285714285,0.12519830646050126,0.023839951066834807,0.40786475174563985,0.499,154,0.83115338882283,0.7295597484276729,0.7407407407407407,0.057666666666666665,0.0
206,0,Exact no shift,Pooled associative latent class model,0.828,0.42976649014215235,0.33766233766233766,0.13038997925984075,0.04057679515433912,0.413307958382289,0.526,154,0.8368544600938967,0.777027027027027,0.6923076923076923,0.051,0.0
206,0,Exact no shift,Target-calibrated associative latent model,0.828,0.4297655107032197,0.18831168831168832,0.12825393279886715,0.04106171982176403,0.38791899610398584,0.49,154,0.8345070422535211,0.7905405405405406,0.7115384615384616,0.051,0.0
206,0,Exact no shift,Frozen causal latent SCM,0.826,0.424529643948109,0.24025974025974026,0.12639874997495398,0.0349830351287447,0.3895937440396743,0.53,154,0.8309859154929577,0.7972972972972973,0.6923076923076923,0.051,0.0
206,0,Exact no shift,Modular causal latent SCM,0.825,0.4219221132643522,0.21428571428571427,0.1259314301161104,0.023604836923484696,0.3901458895789941,0.519,154,0.8309859154929577,0.7905405405405406,0.6923076923076923,0.051,0.0
206,0,Exact no shift,Target oracle (reference),0.832,0.440335979192539,0.19480519480519481,0.12652584679409004,0.047009280836126974,0.3902039659072525,0.494,154,0.8380281690140845,0.7972972972972973,0.7115384615384616,0.051,0.0
207,0,Exact no shift,Pooled associative latent class model,0.806,0.3739204563605301,0.294478527607362,0.13693313900018442,0.0330897934323266,0.4245140323163076,0.456,163,0.8113207547169812,0.7763157894736842,0.8222222222222222,0.054,0.0
207,0,Exact no shift,Target-calibrated associative latent model,0.82,0.40900976793919186,0.15337423312883436,0.12797587570346736,0.03436580409408456,0.4051174205949402,0.472,163,0.8242924528301887,0.7960526315789473,0.8,0.054,0.0
207,0,Exact no shift,Frozen causal latent SCM,0.825,0.421923477513859,0.13496932515337423,0.12552898831365397,0.04850822935170967,0.40623002437620936,0.463,163,0.8313679245283019,0.7894736842105263,0.8222222222222222,0.054,0.0
207,0,Exact no shift,Modular causal latent SCM,0.822,0.41414984865482324,0.2331288343558282,0.1264077027739345,0.045274793211857595,0.40729542392441204,0.494,163,0.8242924528301887,0.8092105263157895,0.8444444444444444,0.054,0.0
207,0,Exact no shift,Target oracle (reference),0.823,0.4167330006378676,0.17177914110429449,0.12513880330634933,0.04056782729808291,0.39976773990599473,0.479,163,0.8278301886792453,0.7960526315789473,0.8444444444444444,0.054,0.0
208,0,Exact no shift,Pooled associative latent class model,0.822,0.41414953400044413,0.24375,0.11937517950882014,0.03028190451791907,0.3906217217856421,0.471,160,0.8187066974595842,0.8432835820895522,0.8421052631578947,0.04666666666666667,0.0
208,0,Exact no shift,Target-calibrated associative latent model,0.821,0.4115754980875754,0.125,0.11985752416904455,0.034338929523639976,0.36733993575424406,0.482,160,0.8221709006928406,0.8134328358208955,0.7894736842105263,0.04666666666666667,0.0
208,0,Exact no shift,Frozen causal latent SCM,0.834,0.4456690866696567,0.10625,0.11430237059372565,0.027949774782940667,0.37028207403270047,0.471,160,0.8348729792147807,0.8283582089552238,0.8421052631578947,0.04666666666666667,0.0
208,0,Exact no shift,Modular causal latent SCM,0.828,0.429765385228819,0.1125,0.11591482454338575,0.03426849112335693,0.36974755816741706,0.475,160,0.8302540415704388,0.8134328358208955,0.7894736842105263,0.04666666666666667,0.0
208,0,Exact no shift,Target oracle (reference),0.839,0.45914299877023657,0.11875,0.11397751464499212,0.034325099087845756,0.38851356830930844,0.48,160,0.8406466512702079,0.8283582089552238,0.8421052631578947,0.04666666666666667,0.0
209,0,Exact no shift,Pooled associative latent class model,0.791,0.33806391017516085,0.30405405405405406,0.1443889024809995,0.029421098362366924,0.43375005431578995,0.46,148,0.7876960193003619,0.8070175438596491,0.75,0.06066666666666667,0.0
209,0,Exact no shift,Target-calibrated associative latent model,0.801,0.36176987607619887,0.33783783783783783,0.14271325576873786,0.06997096635190397,0.40983877620822134,0.558,148,0.7973462002412546,0.8187134502923976,0.7115384615384616,0.06066666666666667,0.0
209,0,Exact no shift,Frozen causal latent SCM,0.803,0.3666036165029143,0.24324324324324326,0.1370976731413558,0.047774859531774974,0.4150012401137044,0.532,148,0.7985524728588661,0.8245614035087719,0.7115384615384616,0.06066666666666667,0.0
209,0,Exact no shift,Modular causal latent SCM,0.802,0.3641825142268804,0.30405405405405406,0.14001099307583031,0.06152721571030589,0.413620174081403,0.545,148,0.7985524728588661,0.8187134502923976,0.7115384615384616,0.06066666666666667,0.0
209,0,Exact no shift,Target oracle (reference),0.803,0.3666036165029143,0.17567567567567569,0.1317358768781366,0.025989961569368673,0.40396273812884315,0.468,148,0.8033775633293124,0.8011695906432749,0.6923076923076923,0.06066666666666667,0.0
210,0,Exact no shift,Pooled associative latent class model,0.79,0.3357358059266923,0.3841059602649007,0.14846149827291447,0.03772180683155089,0.4241573620523219,0.517,151,0.7992916174734357,0.738562091503268,0.6862745098039216,0.05366666666666667,0.0
210,0,Exact no shift,Target-calibrated associative latent model,0.808,0.37883441576881866,0.2052980132450331,0.1378179748776232,0.042451547851887636,0.39121821522981093,0.499,151,0.8217237308146399,0.7320261437908496,0.6862745098039216,0.05366666666666667,0.0
210,0,Exact no shift,Frozen causal latent SCM,0.811,0.3862699144203298,0.2052980132450331,0.13692950556247935,0.0304996576048867,0.39191034736997415,0.506,151,0.8264462809917356,0.7254901960784313,0.6666666666666666,0.05366666666666667,0.0
210,0,Exact no shift,Modular causal latent SCM,0.815,0.39629589391762926,0.17880794701986755,0.13633704718439663,0.03642277951531409,0.3911929040353089,0.502,151,0.8299881936245572,0.7320261437908496,0.6862745098039216,0.05366666666666667,0.0
210,0,Exact no shift,Target oracle (reference),0.812,0.38876443189037263,0.1986754966887417,0.13561889279356495,0.030683644570394675,0.40161277684433616,0.507,151,0.8264462809917356,0.7320261437908496,0.6862745098039216,0.05366666666666667,0.0
211,0,Exact no shift,Pooled associative latent class model,0.809,0.3812913996859798,0.37857142857142856,0.1270565114803302,0.04136058629541222,0.417397204200244,0.579,140,0.8146399055489965,0.7777777777777778,0.7727272727272727,0.05433333333333333,0.0
211,0,Exact no shift,Target-calibrated associative latent model,0.839,0.4591417005031663,0.1,0.12002667046495262,0.03316536432309713,0.3878920998780609,0.531,140,0.8441558441558441,0.8104575163398693,0.7954545454545454,0.05433333333333333,0.0
211,0,Exact no shift,Frozen causal latent SCM,0.841,0.464583448543342,0.17142857142857143,0.11810308714231414,0.031172689750482263,0.3903877799558995,0.553,140,0.846517119244392,0.8104575163398693,0.8181818181818182,0.05433333333333333,0.0
211,0,Exact no shift,Modular causal latent SCM,0.839,0.45913877867710395,0.15714285714285714,0.11822966543928426,0.028114617151815305,0.3903666489527567,0.549,140,0.8453364817001181,0.803921568627451,0.8181818181818182,0.05433333333333333,0.0
211,0,Exact no shift,Target oracle (reference),0.837,0.4537302236184175,0.15,0.11529434968590041,0.025194834723612555,0.3876970164203085,0.503,140,0.8406139315230224,0.8169934640522876,0.7954545454545454,0.05433333333333333,0.0
212,0,Exact no shift,Pooled associative latent class model,0.782,0.3174135094405149,0.3419354838709677,0.1479228354140283,0.033168475879348076,0.39916510127645577,0.517,155,0.7939759036144578,0.7235294117647059,0.8387096774193549,0.06066666666666667,0.0
212,0,Exact no shift,Target-calibrated associative latent model,0.805,0.37147094093805577,0.18064516129032257,0.13298631272220587,0.02680076332962398,0.36987539939436637,0.504,155,0.8168674698795181,0.7470588235294118,0.8870967741935484,0.06066666666666667,0.0
212,0,Exact no shift,Frozen causal latent SCM,0.806,0.373917626582885,0.2064516129032258,0.13402917541287518,0.025273046981026084,0.37157796595907805,0.511,155,0.8192771084337349,0.7411764705882353,0.8709677419354839,0.06066666666666667,0.0
212,0,Exact no shift,Modular causal latent SCM,0.805,0.37147091373118984,0.18064516129032257,0.13430014161337261,0.02934686664247944,0.3715843249299015,0.498,155,0.8168674698795181,0.7470588235294118,0.8709677419354839,0.06066666666666667,0.0
212,0,Exact no shift,Target oracle (reference),0.803,0.36660206795943295,0.1870967741935484,0.13174025011251642,0.02288051052765592,0.39474984373855393,0.504,155,0.8144578313253013,0.7470588235294118,0.8709677419354839,0.06066666666666667,0.0
213,0,Exact no shift,Pooled associative latent class model,0.788,0.33111262290506555,0.4319526627218935,0.14295660796513818,0.05759748645801789,0.4053228511535118,0.553,169,0.8090803259604191,0.6595744680851063,0.5609756097560976,0.051,0.0
213,0,Exact no shift,Target-calibrated associative latent model,0.804,0.3690366420386679,0.3254437869822485,0.13471476943121116,0.05071069025248642,0.386816473734854,0.545,169,0.8242142025611175,0.6808510638297872,0.5853658536585366,0.051,0.0
213,0,Exact no shift,Frozen causal latent SCM,0.812,0.3887651409714815,0.2485207100591716,0.13182411355607007,0.035498889341998976,0.3895815173809292,0.521,169,0.8335273573923166,0.6808510638297872,0.6097560975609756,0.051,0.0
213,0,Exact no shift,Modular causal latent SCM,0.808,0.3788357936325695,0.25443786982248523,0.13228437062488854,0.037591633001176676,0.390061527322006,0.527,169,0.8288707799767171,0.6808510638297872,0.6097560975609756,0.051,0.0
213,0,Exact no shift,Target oracle (reference),0.806,0.3739186744843728,0.22485207100591717,0.12952143401051255,0.036084286836431424,0.39024096385559376,0.475,169,0.830034924330617,0.6595744680851063,0.5609756097560976,0.051,0.0
214,0,Exact no shift,Pooled associative latent class model,0.782,0.31741286571370597,0.3246753246753247,0.1452380667452781,0.030912946830343402,0.4490326750618796,0.507,154,0.7933884297520661,0.7189542483660131,0.6851851851851852,0.05533333333333333,0.0
214,0,Exact no shift,Target-calibrated associative latent model,0.799,0.35697083348739617,0.2727272727272727,0.1402312453870938,0.05405580395855477,0.42575059378676255,0.564,154,0.8099173553719008,0.738562091503268,0.6851851851851852,0.05533333333333333,0.0
214,0,Exact no shift,Frozen causal latent SCM,0.8,0.35936645613401946,0.2597402597402597,0.1388204412270186,0.042915824159514025,0.4290827233114915,0.555,154,0.8110979929161747,0.738562091503268,0.7037037037037037,0.05533333333333333,0.0
214,0,Exact no shift,Modular causal latent SCM,0.803,0.3666082916983783,0.23376623376623376,0.13846320190859165,0.03836495157273336,0.4293990134686736,0.55,154,0.8146399055489965,0.738562091503268,0.7037037037037037,0.05533333333333333,0.0
214,0,Exact no shift,Target oracle (reference),0.803,0.3666024660630482,0.21428571428571427,0.13663019141983632,0.02535535019541934,0.403594054708882,0.514,154,0.8110979929161747,0.7581699346405228,0.7407407407407407,0.05533333333333333,0.0
215,0,Exact no shift,Pooled associative latent class model,0.816,0.3988244030721364,0.2645161290322581,0.1291850920406516,0.030999024272159677,0.4190174975570259,0.539,155,0.8161592505854801,0.815068493150685,0.8478260869565217,0.051666666666666666,0.0
215,0,Exact no shift,Target-calibrated associative latent model,0.834,0.445669393380019,0.06451612903225806,0.12258214001140429,0.030246331304025334,0.395747488090869,0.503,155,0.8313817330210773,0.8493150684931506,0.8695652173913043,0.051666666666666666,0.0
215,0,Exact no shift,Frozen causal latent SCM,0.84,0.4618623949604981,0.10967741935483871,0.11886547985493223,0.0262579735562658,0.39905548862936147,0.527,155,0.8384074941451991,0.8493150684931506,0.8913043478260869,0.051666666666666666,0.0
215,0,Exact no shift,Modular causal latent SCM,0.839,0.4591432259169081,0.0967741935483871,0.11981004991270998,0.028462554176217562,0.3980362128307704,0.518,155,0.8384074941451991,0.8424657534246576,0.8695652173913043,0.051666666666666666,0.0
215,0,Exact no shift,Target oracle (reference),0.838,0.4564332317166082,0.12258064516129032,0.11909063649602575,0.022586242568493165,0.3976375526445879,0.531,155,0.832552693208431,0.8698630136986302,0.9130434782608695,0.051666666666666666,0.0
216,0,Exact no shift,Pooled associative latent class model,0.813,0.3912671293302449,0.2671232876712329,0.13006579415176753,0.03323534474996144,0.4190715493512289,0.521,146,0.8215130023640662,0.7662337662337663,0.7213114754098361,0.056,0.0
216,0,Exact no shift,Target-calibrated associative latent model,0.82,0.4090091814881446,0.1232876712328767,0.12487611161457741,0.046954883323899604,0.3972873758009631,0.498,146,0.8250591016548463,0.7922077922077922,0.7704918032786885,0.056,0.0
216,0,Exact no shift,Frozen causal latent SCM,0.813,0.39126728532184674,0.1917808219178082,0.12331233298216383,0.0374492073956925,0.39845075827243065,0.515,146,0.817966903073286,0.7857142857142857,0.7704918032786885,0.056,0.0
216,0,Exact no shift,Modular causal latent SCM,0.813,0.3912674470908309,0.1643835616438356,0.12409640930790541,0.0406594911340149,0.3981818985431801,0.501,146,0.8167848699763594,0.7922077922077922,0.7704918032786885,0.056,0.0
216,0,Exact no shift,Target oracle (reference),0.816,0.39882277004457495,0.18493150684931506,0.12267739052037399,0.028421018739078614,0.39527327770832954,0.518,146,0.8215130023640662,0.7857142857142857,0.7704918032786885,0.056,0.0
217,0,Exact no shift,Pooled associative latent class model,0.798,0.3545230498134667,0.35374149659863946,0.1439541549870445,0.024131012126117568,0.42354913917515896,0.564,147,0.8,0.7875,0.8,0.05566666666666667,0.0
217,0,Exact no shift,Target-calibrated associative latent model,0.787,0.3286553341519886,0.40816326530612246,0.1456240346676587,0.060986692323643316,0.38797467047428713,0.609,147,0.7928571428571428,0.75625,0.7666666666666667,0.05566666666666667,0.0
217,0,Exact no shift,Frozen causal latent SCM,0.8,0.359315281979451,0.23129251700680273,0.13762930959293285,0.0231032062202267,0.39691421158255896,0.562,147,0.8047619047619048,0.775,0.7833333333333333,0.05566666666666667,0.0
217,0,Exact no shift,Modular causal latent SCM,0.794,0.34500375469911637,0.30612244897959184,0.14071553705842452,0.038184976103349026,0.39349301513718354,0.584,147,0.8011904761904762,0.75625,0.7666666666666667,0.05566666666666667,0.0
217,0,Exact no shift,Target oracle (reference),0.801,0.36175854528986673,0.19727891156462585,0.13752499290498332,0.023859864664451006,0.40103780070931727,0.529,147,0.8047619047619048,0.78125,0.8166666666666667,0.05566666666666667,0.0
218,0,Exact no shift,Pooled associative latent class model,0.816,0.39882379399490336,0.32061068702290074,0.13502258746441612,0.04459878528365713,0.4212237141344574,0.546,131,0.8250591016548463,0.7662337662337663,0.7714285714285715,0.054,0.0
218,0,Exact no shift,Target-calibrated associative latent model,0.825,0.42192248193598375,0.2366412213740458,0.12878916616689437,0.02695215431933247,0.3959157554594205,0.537,131,0.8309692671394799,0.7922077922077922,0.8571428571428571,0.054,0.0
218,0,Exact no shift,Frozen causal latent SCM,0.822,0.41415083485333803,0.1984732824427481,0.12910503463203904,0.023753835928974492,0.39781548621145474,0.54,131,0.8297872340425532,0.7792207792207793,0.8571428571428571,0.054,0.0
218,0,Exact no shift,Modular causal latent SCM,0.825,0.42192248193598375,0.20610687022900764,0.12879077518742432,0.0227123529721754,0.39717758234041883,0.537,131,0.8321513002364066,0.7857142857142857,0.8857142857142857,0.054,0.0
218,0,Exact no shift,Target oracle (reference),0.819,0.4064504376041,0.17557251908396945,0.12868243785641253,0.02849245383126183,0.39241938055538367,0.515,131,0.8262411347517731,0.7792207792207793,0.8285714285714286,0.054,0.0
219,0,Exact no shift,Pooled associative latent class model,0.802,0.36418603359746227,0.2248062015503876,0.1353759712806322,0.043038405860439916,0.42647572533792505,0.448,129,0.8082663605051664,0.7596899224806202,0.8048780487804879,0.04533333333333334,0.001
219,0,Exact no shift,Target-calibrated associative latent model,0.806,0.37392523182895043,0.13178294573643412,0.1333438037143451,0.04824438847610681,0.39658096731613734,0.442,129,0.8105625717566016,0.7751937984496124,0.7804878048780488,0.04533333333333334,0.001
219,0,Exact no shift,Frozen causal latent SCM,0.811,0.38627220198334344,0.16279069767441862,0.12838422258035054,0.032132878107358605,0.40011729937478946,0.467,129,0.8185993111366245,0.7596899224806202,0.7560975609756098,0.04533333333333334,0.001
219,0,Exact no shift,Modular causal latent SCM,0.805,0.3714770149026124,0.12403100775193798,0.1311923693956633,0.0387212814759107,0.3988559758662924,0.449,129,0.8117106773823192,0.7596899224806202,0.7560975609756098,0.04533333333333334,0.001
219,0,Exact no shift,Target oracle (reference),0.817,0.40135690594972495,0.1937984496124031,0.12796090819424932,0.014072583532527381,0.39224306942076376,0.493,129,0.8208955223880597,0.7906976744186046,0.8292682926829268,0.04533333333333334,0.001
220,0,Exact no shift,Pooled associative latent class model,0.792,0.34039685084797044,0.3393939393939394,0.1460154071901639,0.032883770000894756,0.4038384793748567,0.521,165,0.797423887587822,0.7602739726027398,0.7333333333333333,0.051333333333333335,0.001
220,0,Exact no shift,Target-calibrated associative latent model,0.81,0.3837926193737449,0.19393939393939394,0.14194320732106727,0.06048420938712347,0.3691527324892172,0.565,165,0.8185011709601874,0.7602739726027398,0.6888888888888889,0.051333333333333335,0.001
220,0,Exact no shift,Frozen causal latent SCM,0.805,0.37147529400627405,0.21818181818181817,0.14005114581756772,0.05114252200987184,0.37146958929624624,0.544,165,0.810304449648712,0.773972602739726,0.7333333333333333,0.051333333333333335,0.001
220,0,Exact no shift,Modular causal latent SCM,0.806,0.37392114968602763,0.18787878787878787,0.13965089272357784,0.04702293774187484,0.37151132100256007,0.541,165,0.8126463700234192,0.7671232876712328,0.6888888888888889,0.051333333333333335,0.001
220,0,Exact no shift,Target oracle (reference),0.808,0.3788343306828429,0.16363636363636364,0.13498845459596748,0.02794035433878067,0.3998675283796642,0.495,165,0.8149882903981265,0.7671232876712328,0.7111111111111111,0.051333333333333335,0.001
221,0,Exact no shift,Pooled associative latent class model,0.803,0.3665790586211401,0.24161073825503357,0.13538002912650893,0.05005300424299639,0.4244051417027281,0.447,149,0.7997601918465228,0.8192771084337349,0.8333333333333334,0.05633333333333333,0.0
221,0,Exact no shift,Target-calibrated associative latent model,0.832,0.44033511696348837,0.18120805369127516,0.1265768434582171,0.03502104295700658,0.39680055063019676,0.48,149,0.829736211031175,0.8433734939759037,0.8666666666666667,0.05633333333333333,0.0
221,0,Exact no shift,Frozen causal latent SCM,0.826,0.42452657257588305,0.18120805369127516,0.12707443293344342,0.02561470046781538,0.3984879147987811,0.478,149,0.8237410071942446,0.8373493975903614,0.85,0.05633333333333333,0.0
221,0,Exact no shift,Modular causal latent SCM,0.831,0.4376801216478834,0.15436241610738255,0.12765967247432938,0.02586277002082816,0.3978999827393139,0.479,149,0.8285371702637889,0.8433734939759037,0.85,0.05633333333333333,0.0
221,0,Exact no shift,Target oracle (reference),0.83,0.43503679114272287,0.18791946308724833,0.12674890014618734,0.03967507783991366,0.38881168196003374,0.494,149,0.829736211031175,0.8313253012048193,0.85,0.05633333333333333,0.0
222,0,Exact no shift,Pooled associative latent class model,0.795,0.3474481304527968,0.3776223776223776,0.1376682150916717,0.033082486039891605,0.4228336022102735,0.504,143,0.7981330221703618,0.7762237762237763,0.8113207547169812,0.051666666666666666,0.0
222,0,Exact no shift,Target-calibrated associative latent model,0.808,0.3788199003855606,0.35664335664335667,0.13443390912274847,0.03580661012754988,0.39979324084090867,0.575,143,0.809801633605601,0.7972027972027972,0.8490566037735849,0.051666666666666666,0.0
222,0,Exact no shift,Frozen causal latent SCM,0.806,0.3739165765098063,0.24475524475524477,0.13131602617396945,0.02390081196856435,0.4029709746057449,0.527,143,0.809801633605601,0.7832167832167832,0.8301886792452831,0.051666666666666666,0.0
222,0,Exact no shift,Modular causal latent SCM,0.808,0.3788283026645422,0.3146853146853147,0.13229751514542815,0.02884674699010969,0.39949365918487867,0.551,143,0.8109684947491248,0.7902097902097902,0.8490566037735849,0.051666666666666666,0.0
222,0,Exact no shift,Target oracle (reference),0.802,0.3641796369786191,0.21678321678321677,0.12892662454306056,0.03628791630176623,0.40518222360849904,0.521,143,0.8028004667444574,0.7972027972027972,0.8490566037735849,0.051666666666666666,0.0
223,0,Exact no shift,Pooled associative latent class model,0.802,0.3641863247487348,0.2361111111111111,0.13764242762789256,0.05467139181047049,0.3851075455915263,0.443,144,0.806831566548881,0.7748344370860927,0.8611111111111112,0.05266666666666667,0.0
223,0,Exact no shift,Target-calibrated associative latent model,0.817,0.4013625002697581,0.125,0.12708569193337624,0.05408549452037743,0.3683308591801773,0.446,144,0.8244994110718492,0.7748344370860927,0.7777777777777778,0.05266666666666667,0.0
223,0,Exact no shift,Frozen causal latent SCM,0.82,0.4090134862994011,0.125,0.12599735153922276,0.05238826355546551,0.3705470171187178,0.449,144,0.8268551236749117,0.7814569536423841,0.8055555555555556,0.05266666666666667,0.0
223,0,Exact no shift,Modular causal latent SCM,0.823,0.4167359016279501,0.13194444444444445,0.12536112196968538,0.04192484221857886,0.37177877260001396,0.456,144,0.8315665488810365,0.7748344370860927,0.7777777777777778,0.05266666666666667,0.0
223,0,Exact no shift,Target oracle (reference),0.822,0.4141503597033081,0.14583333333333334,0.12178924089258948,0.030989874673485913,0.39972594959686747,0.481,144,0.8315665488810365,0.7682119205298014,0.7777777777777778,0.05266666666666667,0.0
224,0,Exact no shift,Pooled associative latent class model,0.789,0.33341770922788305,0.34782608695652173,0.14208419613071913,0.025293019561878138,0.4385122421907597,0.519,138,0.7967097532314924,0.7449664429530202,0.7551020408163265,0.051666666666666666,0.0
224,0,Exact no shift,Target-calibrated associative latent model,0.798,0.35457442443256976,0.2536231884057971,0.13460484397190928,0.030594132384720068,0.4111949972720903,0.542,138,0.8014101057579318,0.7785234899328859,0.7551020408163265,0.051666666666666666,0.0
224,0,Exact no shift,Frozen causal latent SCM,0.8,0.35936318462747935,0.2463768115942029,0.13392718340266616,0.031642034762604326,0.41211625025616927,0.542,138,0.8049353701527615,0.7718120805369127,0.7551020408163265,0.051666666666666666,0.0
224,0,Exact no shift,Modular causal latent SCM,0.798,0.35457287678413973,0.2463768115942029,0.1339246124568342,0.028700685697466356,0.4126387403861481,0.534,138,0.8025851938895417,0.7718120805369127,0.7551020408163265,0.051666666666666666,0.0
224,0,Exact no shift,Target oracle (reference),0.802,0.3641801952257768,0.2246376811594203,0.1324125634542163,0.017329485232382088,0.399448514888188,0.516,138,0.8096357226792009,0.7583892617449665,0.7346938775510204,0.051666666666666666,0.0
225,0,Exact no shift,Pooled associative latent class model,0.791,0.3380621869254289,0.3333333333333333,0.14548234374258606,0.03382584893253607,0.4611362640366036,0.519,171,0.7963855421686747,0.7647058823529411,0.84,0.059333333333333335,0.0
225,0,Exact no shift,Target-calibrated associative latent model,0.807,0.3763729987082117,0.2631578947368421,0.13851735846198066,0.04250786808958416,0.43436730327309603,0.529,171,0.8120481927710843,0.7823529411764706,0.8,0.059333333333333335,0.0
225,0,Exact no shift,Frozen causal latent SCM,0.806,0.3739176689506942,0.21052631578947367,0.1361029219521094,0.04062791641700304,0.43570568219426614,0.504,171,0.8120481927710843,0.7764705882352941,0.78,0.059333333333333335,0.0
225,0,Exact no shift,Modular causal latent SCM,0.812,0.38876465465921833,0.17543859649122806,0.135498391281664,0.03889406104039745,0.4348333004137087,0.488,171,0.8192771084337349,0.7764705882352941,0.8,0.059333333333333335,0.0
225,0,Exact no shift,Target oracle (reference),0.804,0.3690331938725066,0.18128654970760233,0.13467979102785882,0.03512550931574906,0.3978851495041608,0.48,171,0.8156626506024096,0.7470588235294118,0.76,0.059333333333333335,0.0
226,0,Exact no shift,Pooled associative latent class model,0.806,0.3739202162181159,0.3087248322147651,0.1360347957165363,0.031900013799786256,0.40841642657146654,0.455,149,0.8023809523809524,0.825,0.8363636363636363,0.057,0.0
226,0,Exact no shift,Target-calibrated associative latent model,0.818,0.40389986907952324,0.21476510067114093,0.1313768065243492,0.028357275419752418,0.3954732065158394,0.515,149,0.8238095238095238,0.7875,0.7818181818181819,0.057,0.0
226,0,Exact no shift,Frozen causal latent SCM,0.816,0.3988234183701564,0.1610738255033557,0.12785120941781405,0.02091305514919954,0.3943951281333086,0.473,149,0.8166666666666667,0.8125,0.8,0.057,0.0
226,0,Exact no shift,Modular causal latent SCM,0.816,0.39882287131210703,0.1610738255033557,0.1288721951221086,0.01616170931954998,0.3941261577001078,0.483,149,0.8154761904761905,0.81875,0.8181818181818182,0.057,0.0
226,0,Exact no shift,Target oracle (reference),0.819,0.4064511059561522,0.1610738255033557,0.12767652988102277,0.01951618753547145,0.3981922380982073,0.472,149,0.8202380952380952,0.8125,0.8,0.057,0.0
227,0,Exact no shift,Pooled associative latent class model,0.809,0.38122685927444877,0.36486486486486486,0.13914568101092586,0.030133136349093995,0.4104557536296515,0.576,148,0.815035799522673,0.7777777777777778,0.7592592592592593,0.05733333333333333,0.0
227,0,Exact no shift,Target-calibrated associative latent model,0.808,0.3786296854993861,0.3783783783783784,0.13689888685959392,0.06767718721162692,0.38113059237138497,0.621,148,0.8126491646778043,0.7839506172839507,0.7777777777777778,0.05733333333333333,0.0
227,0,Exact no shift,Frozen causal latent SCM,0.821,0.4114439255032346,0.25,0.13011592327463786,0.04922233882676513,0.38671665898807883,0.6,148,0.8293556085918854,0.7777777777777778,0.7777777777777778,0.05733333333333333,0.0
227,0,Exact no shift,Modular causal latent SCM,0.816,0.3986562919872653,0.32432432432432434,0.1343992226014994,0.060121511741665336,0.38478441125951957,0.611,148,0.8233890214797136,0.7777777777777778,0.7777777777777778,0.05733333333333333,0.0
227,0,Exact no shift,Target oracle (reference),0.813,0.39125818958185477,0.1891891891891892,0.12727381736020624,0.02693456502433943,0.38722061084157966,0.53,148,0.8245823389021479,0.7530864197530864,0.7037037037037037,0.05733333333333333,0.0
228,0,Exact no shift,Pooled associative latent class model,0.804,0.3690328683393965,0.2773722627737226,0.12999361585468608,0.023460323418774978,0.42010405145097685,0.487,137,0.8037602820211516,0.8053691275167785,0.8,0.05266666666666667,0.0
228,0,Exact no shift,Target-calibrated associative latent model,0.803,0.3666021004950089,0.17518248175182483,0.13258209237759197,0.033550722319357414,0.3995264568625508,0.502,137,0.8061104582843713,0.785234899328859,0.8,0.05266666666666667,0.0
228,0,Exact no shift,Frozen causal latent SCM,0.804,0.3690332587241731,0.1386861313868613,0.12970212877304726,0.02834291686366121,0.40092125894979974,0.481,137,0.8072855464159812,0.785234899328859,0.8,0.05266666666666667,0.0
228,0,Exact no shift,Modular causal latent SCM,0.803,0.3666026148491193,0.1386861313868613,0.13054939034493468,0.03299599941607957,0.4010402504657918,0.484,137,0.8049353701527615,0.7919463087248322,0.8,0.05266666666666667,0.0
228,0,Exact no shift,Target oracle (reference),0.811,0.38627006063312425,0.145985401459854,0.12874929732550242,0.013837082748164333,0.40004704110839173,0.488,137,0.8119858989424207,0.8053691275167785,0.8444444444444444,0.05266666666666667,0.0
229,0,Exact no shift,Pooled associative latent class model,0.797,0.35218797376392064,0.2236842105263158,0.14036573747784212,0.029265138059944216,0.43223929991170135,0.477,152,0.7997658079625293,0.7808219178082192,0.8695652173913043,0.052333333333333336,0.0
229,0,Exact no shift,Target-calibrated associative latent model,0.796,0.3498119208849785,0.07236842105263158,0.1369669255234391,0.06383594497493948,0.3920425470604207,0.448,152,0.8009367681498829,0.7671232876712328,0.8695652173913043,0.052333333333333336,0.0
229,0,Exact no shift,Frozen causal latent SCM,0.808,0.37883472429491255,0.14473684210526316,0.13276034519104535,0.040210232989557816,0.3965011211133691,0.48,152,0.8149882903981265,0.7671232876712328,0.8913043478260869,0.052333333333333336,0.0
229,0,Exact no shift,Modular causal latent SCM,0.799,0.3569590087368594,0.09210526315789473,0.1372045872746861,0.06639003870339295,0.3937183350992571,0.447,152,0.8032786885245902,0.773972602739726,0.8695652173913043,0.052333333333333336,0.0
229,0,Exact no shift,Target oracle (reference),0.812,0.38876491994727425,0.14473684210526316,0.1285746461401688,0.026127857808515287,0.3927076367484375,0.494,152,0.8185011709601874,0.773972602739726,0.8913043478260869,0.052333333333333336,0.0
230,0,Exact no shift,Pooled associative latent class model,0.811,0.3862707100296194,0.3028169014084507,0.13388402309217876,0.03196290669480775,0.41072792925870244,0.496,142,0.8163972286374134,0.7761194029850746,0.7555555555555555,0.04666666666666667,0.0
230,0,Exact no shift,Target-calibrated associative latent model,0.816,0.39882151395616505,0.23943661971830985,0.12542580169771642,0.02228274672670288,0.3959930707369125,0.531,142,0.8221709006928406,0.7761194029850746,0.7333333333333333,0.04666666666666667,0.0
230,0,Exact no shift,Frozen causal latent SCM,0.823,0.4167329220523869,0.1619718309859155,0.12568577273343842,0.019879601683750706,0.39769529392404274,0.512,142,0.8279445727482679,0.7910447761194029,0.7333333333333333,0.04666666666666667,0.0
230,0,Exact no shift,Modular causal latent SCM,0.817,0.4013561658293807,0.23943661971830985,0.1255806643710499,0.02116975602405002,0.39511660505734814,0.53,142,0.8233256351039261,0.7761194029850746,0.7333333333333333,0.04666666666666667,0.0
230,0,Exact no shift,Target oracle (reference),0.822,0.4141499510223835,0.18309859154929578,0.12570709222065846,0.01734908544292313,0.39654206692353644,0.519,142,0.8267898383371824,0.7910447761194029,0.7333333333333333,0.04666666666666667,0.0
231,0,Exact no shift,Pooled associative latent class model,0.806,0.373918148817677,0.3783783783783784,0.13456095504046084,0.02155726195377543,0.4047477421092622,0.526,148,0.8011428571428572,0.84,0.7878787878787878,0.044333333333333336,0.001
231,0,Exact no shift,Target-calibrated associative latent model,0.808,0.3788351843797355,0.12837837837837837,0.13081955125574948,0.03604482254965536,0.37784242805251445,0.47,148,0.8034285714285714,0.84,0.7575757575757576,0.044333333333333336,0.001
231,0,Exact no shift,Frozen causal latent SCM,0.807,0.3763722379388576,0.20270270270270271,0.1275779639685012,0.02095112049833328,0.3803554021016241,0.499,148,0.8045714285714286,0.824,0.7575757575757576,0.044333333333333336,0.001
231,0,Exact no shift,Modular causal latent SCM,0.811,0.38627020172938864,0.16891891891891891,0.1279933718436444,0.025608210061381646,0.3797650257647265,0.489,148,0.8091428571428572,0.824,0.7272727272727273,0.044333333333333336,0.001
231,0,Exact no shift,Target oracle (reference),0.813,0.3912671486925701,0.20270270270270271,0.1268421277798194,0.01878673245912179,0.3994408465211978,0.505,148,0.808,0.848,0.7878787878787878,0.044333333333333336,0.001
232,0,Exact no shift,Pooled associative latent class model,0.794,0.3450934085704011,0.296551724137931,0.1408652171720021,0.053951281424311326,0.39898767619640535,0.427,145,0.7978723404255319,0.7727272727272727,0.7045454545454546,0.05366666666666667,0.0
232,0,Exact no shift,Target-calibrated associative latent model,0.811,0.3862765265537103,0.1793103448275862,0.13274723246999207,0.05779622338342498,0.3823707432550128,0.41,145,0.8156028368794326,0.7857142857142857,0.7045454545454546,0.05366666666666667,0.0
232,0,Exact no shift,Frozen causal latent SCM,0.803,0.3666142411494579,0.11724137931034483,0.13493768721586202,0.07483391361285635,0.38034562097380037,0.38,145,0.8085106382978723,0.7727272727272727,0.7272727272727273,0.05366666666666667,0.0
232,0,Exact no shift,Modular causal latent SCM,0.805,0.3714818746426762,0.11724137931034483,0.13355124533840462,0.07044337597809773,0.381074450644535,0.386,145,0.8120567375886525,0.7662337662337663,0.7045454545454546,0.05366666666666667,0.0
232,0,Exact no shift,Target oracle (reference),0.834,0.44567047518186936,0.1724137931034483,0.12488191709407534,0.02871885099019086,0.4057930689402714,0.463,145,0.8463356973995272,0.7662337662337663,0.6818181818181818,0.05366666666666667,0.0
233,0,Exact no shift,Pooled associative latent class model,0.794,0.3450903647835331,0.2986111111111111,0.1418368671273901,0.03912603510867122,0.38900945478811333,0.45,144,0.8071005917159764,0.7225806451612903,0.6808510638297872,0.05366666666666667,0.0
233,0,Exact no shift,Target-calibrated associative latent model,0.807,0.3763733306818932,0.18055555555555555,0.13384135546154943,0.03156984059679021,0.3640925012873865,0.455,144,0.821301775147929,0.7290322580645161,0.7021276595744681,0.05366666666666667,0.0
233,0,Exact no shift,Frozen causal latent SCM,0.805,0.371472437312057,0.18055555555555555,0.13317912454949346,0.031998870277472606,0.3648419794913644,0.455,144,0.8189349112426035,0.7290322580645161,0.7021276595744681,0.05366666666666667,0.0
233,0,Exact no shift,Modular causal latent SCM,0.806,0.37391936293567374,0.1527777777777778,0.13436328211434667,0.035367615311763,0.363620495608582,0.446,144,0.8201183431952662,0.7290322580645161,0.6808510638297872,0.05366666666666667,0.0
233,0,Exact no shift,Target oracle (reference),0.813,0.39126722458038166,0.2013888888888889,0.1297494111485519,0.02394956938735811,0.39429685705721584,0.487,144,0.8224852071005917,0.7612903225806451,0.723404255319149,0.05366666666666667,0.0
234,0,Exact no shift,Pooled associative latent class model,0.812,0.3887536237854446,0.36645962732919257,0.12780641253731642,0.03172449009793196,0.4089917899710218,0.543,161,0.8265550239234449,0.7378048780487805,0.6909090909090909,0.058333333333333334,0.001
234,0,Exact no shift,Target-calibrated associative latent model,0.836,0.45103479099109073,0.16149068322981366,0.1177290496631757,0.019680839170860602,0.3831192376726052,0.517,161,0.84688995215311,0.7804878048780488,0.8,0.058333333333333334,0.001
234,0,Exact no shift,Frozen causal latent SCM,0.836,0.45103058589212336,0.17391304347826086,0.11784828633111116,0.02330374806106983,0.3828241325915671,0.531,161,0.8480861244019139,0.774390243902439,0.7818181818181819,0.058333333333333334,0.001
234,0,Exact no shift,Modular causal latent SCM,0.836,0.45102978491358725,0.17391304347826086,0.11792356873382169,0.0247200940341068,0.3828581831594153,0.533,161,0.8480861244019139,0.774390243902439,0.7818181818181819,0.058333333333333334,0.001
234,0,Exact no shift,Target oracle (reference),0.831,0.4376826431419786,0.16149068322981366,0.11809701971211903,0.036461158450410175,0.39194298340699024,0.51,161,0.8409090909090909,0.7804878048780488,0.7818181818181819,0.058333333333333334,0.001
235,0,Exact no shift,Pooled associative latent class model,0.795,0.3474489684364529,0.32941176470588235,0.14048932996226726,0.03672889587849128,0.41081147536103924,0.502,170,0.7980652962515115,0.7803468208092486,0.7457627118644068,0.06133333333333333,0.0
235,0,Exact no shift,Target-calibrated associative latent model,0.818,0.40389778188752773,0.21764705882352942,0.12904361634194367,0.052380698836507734,0.38328403522915366,0.525,170,0.8246674727932285,0.7861271676300579,0.7457627118644068,0.06133333333333333,0.0
235,0,Exact no shift,Frozen causal latent SCM,0.819,0.4064518339134919,0.18235294117647058,0.12635553576646136,0.03236177027013883,0.3838276390119512,0.498,170,0.8270858524788391,0.7803468208092486,0.7288135593220338,0.06133333333333333,0.0
235,0,Exact no shift,Modular causal latent SCM,0.823,0.4167337606455244,0.17647058823529413,0.1259875314943574,0.04229507949869467,0.3817166031647548,0.508,170,0.8331318016928658,0.7745664739884393,0.7288135593220338,0.06133333333333333,0.0
235,0,Exact no shift,Target oracle (reference),0.822,0.414146203439056,0.1411764705882353,0.12438742943465238,0.013627073247643291,0.3948784973333924,0.469,170,0.8319226118500604,0.7745664739884393,0.711864406779661,0.06133333333333333,0.0
236,0,Exact no shift,Pooled associative latent class model,0.813,0.3912671834744861,0.3546099290780142,0.1301300848899349,0.029917219994764904,0.4108194221924388,0.513,141,0.8380614657210402,0.6753246753246753,0.6862745098039216,0.05366666666666667,0.0
236,0,Exact no shift,Target-calibrated associative latent model,0.821,0.4115757665691642,0.1347517730496454,0.122189947646205,0.03242264561176432,0.3847749718880773,0.479,141,0.8404255319148937,0.7142857142857143,0.7058823529411765,0.05366666666666667,0.0
236,0,Exact no shift,Frozen causal latent SCM,0.835,0.4483481899149917,0.1702127659574468,0.12037811557563696,0.03072719880793845,0.38985070702450514,0.509,141,0.8557919621749409,0.7207792207792207,0.7254901960784313,0.05366666666666667,0.0
236,0,Exact no shift,Modular causal latent SCM,0.826,0.4245284248653279,0.14184397163120568,0.12080838152932617,0.03381540083869977,0.38989516043150996,0.488,141,0.8475177304964538,0.7077922077922078,0.7058823529411765,0.05366666666666667,0.0
236,0,Exact no shift,Target oracle (reference),0.828,0.42976591112388884,0.19858156028368795,0.1196832413805374,0.014401883511550077,0.3896067104414948,0.52,141,0.8451536643026005,0.7337662337662337,0.7450980392156863,0.05366666666666667,0.0
237,0,Exact no shift,Pooled associative latent class model,0.81,0.38378424959796786,0.27564102564102566,0.13642630847888518,0.04012845865447437,0.3996326958795645,0.477,156,0.8198830409356725,0.7517241379310344,0.75,0.052,0.0
237,0,Exact no shift,Target-calibrated associative latent model,0.815,0.39629965597366124,0.3782051282051282,0.13113035242674329,0.03763039728180012,0.37021147000207616,0.548,156,0.8187134502923976,0.7931034482758621,0.8409090909090909,0.052,0.0
237,0,Exact no shift,Frozen causal latent SCM,0.832,0.44033599515473376,0.15384615384615385,0.12349814562939339,0.030789919236198976,0.3723058803672037,0.495,156,0.8350877192982457,0.8137931034482758,0.8409090909090909,0.052,0.0
237,0,Exact no shift,Modular causal latent SCM,0.823,0.4167331025259129,0.2692307692307692,0.12560606323837997,0.024116665612214296,0.372058435001283,0.522,156,0.8269005847953217,0.8,0.8409090909090909,0.052,0.0
237,0,Exact no shift,Target oracle (reference),0.832,0.44033599515473376,0.17307692307692307,0.12332483329691155,0.01955939404846425,0.39009161326803066,0.505,156,0.8339181286549707,0.8206896551724138,0.8409090909090909,0.052,0.0
238,0,Exact no shift,Pooled associative latent class model,0.814,0.3937732380064464,0.23809523809523808,0.12825040066096566,0.03074577268573601,0.4042292334550662,0.442,168,0.8150765606595995,0.8079470198675497,0.7837837837837838,0.052,0.0
238,0,Exact no shift,Target-calibrated associative latent model,0.834,0.44566487861933707,0.08928571428571429,0.11914450049013893,0.028741641279903554,0.3840073516898317,0.438,168,0.8374558303886925,0.8145695364238411,0.8378378378378378,0.052,0.0
238,0,Exact no shift,Frozen causal latent SCM,0.835,0.4483423639192433,0.1130952380952381,0.11936278542396583,0.04143581710233429,0.3829733630924784,0.431,168,0.8374558303886925,0.8211920529801324,0.8648648648648649,0.052,0.0
238,0,Exact no shift,Modular causal latent SCM,0.834,0.4456634708826295,0.10119047619047619,0.11897347398837875,0.03880553990818344,0.3832382574209779,0.43,168,0.8374558303886925,0.8145695364238411,0.8378378378378378,0.052,0.0
238,0,Exact no shift,Target oracle (reference),0.842,0.46732290572197965,0.16666666666666666,0.11475213770224639,0.025568726050153378,0.3904549220731876,0.476,168,0.8515901060070671,0.7880794701986755,0.8108108108108109,0.052,0.0
239,0,Exact no shift,Pooled associative latent class model,0.832,0.44033599515473376,0.29411764705882354,0.12439191559734059,0.03634561974977055,0.41284400102147084,0.535,153,0.8388235294117647,0.7933333333333333,0.8367346938775511,0.051666666666666666,0.0
239,0,Exact no shift,Target-calibrated associative latent model,0.827,0.42714265960151987,0.2875816993464052,0.12206719647209209,0.038378252867145676,0.3890146703304296,0.54,153,0.831764705882353,0.8,0.8367346938775511,0.051666666666666666,0.0
239,0,Exact no shift,Frozen causal latent SCM,0.833,0.4429990637762454,0.1830065359477124,0.11896461308925606,0.023421114629060255,0.3938599515365687,0.508,153,0.8388235294117647,0.8,0.8367346938775511,0.051666666666666666,0.0
239,0,Exact no shift,Modular causal latent SCM,0.832,0.4403363814772556,0.1895424836601307,0.1190617107508043,0.021800532808943084,0.3940499181981349,0.511,153,0.8376470588235294,0.8,0.8367346938775511,0.051666666666666666,0.0
239,0,Exact no shift,Target oracle (reference),0.826,0.42452860948654686,0.16339869281045752,0.11976443883753063,0.022990750175025984,0.39465422579915505,0.495,153,0.831764705882353,0.7933333333333333,0.8163265306122449,0.051666666666666666,0.0
240,0,Exact no shift,Pooled associative latent class model,0.794,0.3450902206775579,0.4125,0.14187180333685284,0.033033472812409315,0.3977406690160069,0.527,160,0.8032979976442874,0.7417218543046358,0.72,0.05333333333333334,0.0
240,0,Exact no shift,Target-calibrated associative latent model,0.799,0.3569711066323245,0.40625,0.1405322099378748,0.05310760170503753,0.36449847483785736,0.568,160,0.8080094228504122,0.7483443708609272,0.76,0.05333333333333334,0.0
240,0,Exact no shift,Frozen causal latent SCM,0.807,0.3763747253994075,0.2875,0.13318813773155286,0.03257581502450882,0.3713589683015389,0.536,160,0.8162544169611308,0.7549668874172185,0.76,0.05333333333333334,0.0
240,0,Exact no shift,Modular causal latent SCM,0.806,0.37392192657010287,0.31875,0.13542437126555523,0.03350948941206715,0.3693757336179812,0.545,160,0.8162544169611308,0.7483443708609272,0.76,0.05333333333333334,0.0
240,0,Exact no shift,Target oracle (reference),0.807,0.37637181898102595,0.2375,0.13026234657525043,0.02357435200507728,0.3911242125666731,0.498,160,0.817432273262662,0.7483443708609272,0.72,0.05333333333333334,0.0
241,0,Exact no shift,Pooled associative latent class model,0.817,0.40135684594626087,0.3194444444444444,0.13443199640236925,0.04225294379498576,0.38696051623525557,0.499,144,0.8193624557260921,0.803921568627451,0.8666666666666667,0.05266666666666667,0.0
241,0,Exact no shift,Target-calibrated associative latent model,0.788,0.33112681033825303,0.3472222222222222,0.13995009845788323,0.08382656006897138,0.36716908469271325,0.594,144,0.7933884297520661,0.7581699346405228,0.7666666666666667,0.05266666666666667,0.0
241,0,Exact no shift,Frozen causal latent SCM,0.808,0.3788370639884529,0.20833333333333334,0.12759393955104603,0.039775462638939,0.37339478317648767,0.536,144,0.8134592680047226,0.7777777777777778,0.8333333333333334,0.05266666666666667,0.0
241,0,Exact no shift,Modular causal latent SCM,0.803,0.36660816350825864,0.22916666666666666,0.13011884730474002,0.05327153506190061,0.3725354572265559,0.553,144,0.807556080283353,0.7777777777777778,0.8333333333333334,0.05266666666666667,0.0
241,0,Exact no shift,Target oracle (reference),0.811,0.38626984704041295,0.18055555555555555,0.12586182695585435,0.03206727555817355,0.391057944711418,0.507,144,0.8158205430932703,0.7843137254901961,0.8666666666666667,0.05266666666666667,0.0
242,0,Exact no shift,Pooled associative latent class model,0.797,0.35218845146684635,0.35064935064935066,0.13638621143422097,0.02913795234739016,0.393325709065629,0.52,154,0.8087885985748219,0.7341772151898734,0.6078431372549019,0.056,0.001
242,0,Exact no shift,Target-calibrated associative latent model,0.828,0.42976686425994937,0.24025974025974026,0.1287258288127518,0.044495850766830436,0.3740949221379051,0.531,154,0.833729216152019,0.7974683544303798,0.7647058823529411,0.056,0.001
242,0,Exact no shift,Frozen causal latent SCM,0.83,0.43503560905639616,0.18831168831168832,0.12689139692433385,0.03734400006199091,0.37677094918833803,0.525,154,0.836104513064133,0.7974683544303798,0.7647058823529411,0.056,0.001
242,0,Exact no shift,Modular causal latent SCM,0.826,0.4245298366873769,0.22727272727272727,0.12763146949701373,0.036042933681465536,0.37628651016192655,0.533,154,0.831353919239905,0.7974683544303798,0.7647058823529411,0.056,0.001
242,0,Exact no shift,Target oracle (reference),0.824,0.41932294415904103,0.16883116883116883,0.1260822610930124,0.032575112409293824,0.3991341031269093,0.497,154,0.832541567695962,0.7784810126582279,0.7058823529411765,0.056,0.001
243,0,Exact no shift,Pooled associative latent class model,0.801,0.361768542261678,0.39285714285714285,0.14094762108309059,0.04252497653793476,0.40988853890702037,0.54,140,0.8081534772182254,0.7650602409638554,0.8490566037735849,0.06066666666666667,0.0
243,0,Exact no shift,Target-calibrated associative latent model,0.811,0.38627091500248234,0.17142857142857143,0.13205294104514226,0.03402686875996831,0.38723567604362147,0.524,140,0.8201438848920863,0.7650602409638554,0.8301886792452831,0.06066666666666667,0.0
243,0,Exact no shift,Frozen causal latent SCM,0.812,0.38876668518687046,0.2357142857142857,0.13161133145236148,0.03920220958442575,0.38626830871584067,0.535,140,0.8201438848920863,0.7710843373493976,0.8490566037735849,0.06066666666666667,0.0
243,0,Exact no shift,Modular causal latent SCM,0.81,0.3837847349425823,0.2,0.13175429099248678,0.02933633389873073,0.38662802801514495,0.527,140,0.8189448441247003,0.7650602409638554,0.8490566037735849,0.06066666666666667,0.0
243,0,Exact no shift,Target oracle (reference),0.814,0.39377968244964456,0.24285714285714285,0.13025589691134182,0.02963891673909708,0.39614807871027113,0.535,140,0.8213429256594724,0.7771084337349398,0.8490566037735849,0.06066666666666667,0.0
244,0,Exact no shift,Pooled associative latent class model,0.802,0.3641813910732093,0.32,0.1390408436355113,0.04597206957015259,0.3818313613116669,0.529,150,0.814385150812065,0.7246376811594203,0.6585365853658537,0.049,0.0
244,0,Exact no shift,Target-calibrated associative latent model,0.827,0.42714268902732405,0.17333333333333334,0.12372196575422287,0.03305293193149075,0.3656142697168112,0.502,150,0.834106728538283,0.782608695652174,0.6341463414634146,0.049,0.0
244,0,Exact no shift,Frozen causal latent SCM,0.826,0.42452821513082956,0.17333333333333334,0.12329821309073129,0.042421203929051965,0.36604162894476117,0.509,150,0.8317865429234339,0.7898550724637681,0.6585365853658537,0.049,0.0
244,0,Exact no shift,Modular causal latent SCM,0.823,0.41673238313720123,0.18,0.12334349978178563,0.04243174032373406,0.36567952949759996,0.508,150,0.8294663573085846,0.782608695652174,0.6585365853658537,0.049,0.0
244,0,Exact no shift,Target oracle (reference),0.832,0.44033640667218427,0.12,0.11963214489867866,0.018924610833300857,0.3857295644377555,0.483,150,0.8375870069605569,0.7971014492753623,0.6829268292682927,0.049,0.0
245,0,Exact no shift,Pooled associative latent class model,0.791,0.33805766490159783,0.40939597315436244,0.13938972606080877,0.05801334102245817,0.41799390786126056,0.539,149,0.8052256532066508,0.7151898734177216,0.7083333333333334,0.057,0.0
245,0,Exact no shift,Target-calibrated associative latent model,0.805,0.3714722894283012,0.2080536912751678,0.12902344095165058,0.03674937214251513,0.3932337966444521,0.501,149,0.8206650831353919,0.7215189873417721,0.75,0.057,0.0
245,0,Exact no shift,Frozen causal latent SCM,0.799,0.3569610449811972,0.2348993288590604,0.12957105951107867,0.043891750681142955,0.39212857363087117,0.515,149,0.815914489311164,0.7088607594936709,0.75,0.057,0.0
245,0,Exact no shift,Modular causal latent SCM,0.799,0.3569610449811972,0.2348993288590604,0.12948819439879733,0.04279663614061301,0.39222223497675335,0.515,149,0.815914489311164,0.7088607594936709,0.75,0.057,0.0
245,0,Exact no shift,Target oracle (reference),0.808,0.3788354386808725,0.2348993288590604,0.12722538620284046,0.03235894002145734,0.3954752706412645,0.508,149,0.8242280285035629,0.7215189873417721,0.75,0.057,0.0
246,0,Exact no shift,Pooled associative latent class model,0.799,0.35696575094534416,0.423841059602649,0.13792729150557137,0.04307711397409092,0.443477710303447,0.546,151,0.8192627824019025,0.6918238993710691,0.7090909090909091,0.05633333333333333,0.0
246,0,Exact no shift,Target-calibrated associative latent model,0.816,0.39882798493596855,0.2980132450331126,0.12853746407172945,0.04273329019319937,0.4129416874896639,0.549,151,0.8335315101070154,0.7232704402515723,0.8181818181818182,0.05633333333333333,0.0
246,0,Exact no shift,Frozen causal latent SCM,0.819,0.4064519905810968,0.23178807947019867,0.124738928445052,0.029674396759554737,0.41669045364430785,0.53,151,0.8347205707491082,0.7358490566037735,0.8181818181818182,0.05633333333333333,0.0
246,0,Exact no shift,Modular causal latent SCM,0.818,0.40390016403756496,0.2052980132450331,0.12403321857987851,0.028104758111737238,0.41754716173201567,0.519,151,0.8335315101070154,0.7358490566037735,0.8181818181818182,0.05633333333333333,0.0
246,0,Exact no shift,Target oracle (reference),0.828,0.4297652171616007,0.17880794701986755,0.1225471637156924,0.03244578659143287,0.3913239570267494,0.503,151,0.8442330558858502,0.7421383647798742,0.8181818181818182,0.05633333333333333,0.0
247,0,Exact no shift,Pooled associative latent class model,0.809,0.38130363838275344,0.3237410071942446,0.1319195021264321,0.020366983874753337,0.4186133235844886,0.542,139,0.8212616822429907,0.7361111111111112,0.75,0.048666666666666664,0.0
247,0,Exact no shift,Target-calibrated associative latent model,0.818,0.40389886562365745,0.12949640287769784,0.12885820687053523,0.03050626444275887,0.38529515092165445,0.535,139,0.8352803738317757,0.7152777777777778,0.75,0.048666666666666664,0.0
247,0,Exact no shift,Frozen causal latent SCM,0.818,0.40389855162728794,0.17266187050359713,0.12497242125466676,0.026286653958344026,0.3871684840664371,0.539,139,0.8341121495327103,0.7222222222222222,0.75,0.048666666666666664,0.0
247,0,Exact no shift,Modular causal latent SCM,0.817,0.4013549603802217,0.20863309352517986,0.12518839871230195,0.030268012592989967,0.3865029949640154,0.55,139,0.8329439252336449,0.7222222222222222,0.75,0.048666666666666664,0.0
247,0,Exact no shift,Target oracle (reference),0.816,0.3988230806515628,0.14388489208633093,0.1254804179398318,0.03539667730440685,0.3914804521733614,0.503,139,0.8294392523364486,0.7361111111111112,0.7727272727272727,0.048666666666666664,0.0
248,0,Exact no shift,Pooled associative latent class model,0.823,0.41673261103919856,0.31756756756756754,0.12476932098344273,0.03622111543182773,0.3992871132673873,0.514,148,0.8262910798122066,0.8040540540540541,0.7209302325581395,0.053,0.0
248,0,Exact no shift,Target-calibrated associative latent model,0.841,0.46459105858314015,0.21621621621621623,0.11772324158610585,0.03267082207949071,0.3722957225879962,0.538,148,0.8450704225352113,0.8175675675675675,0.7441860465116279,0.053,0.0
248,0,Exact no shift,Frozen causal latent SCM,0.85,0.4894900398084445,0.20270270270270271,0.11616307397358801,0.034977377404102596,0.37170340616288583,0.523,148,0.8556338028169014,0.8175675675675675,0.7441860465116279,0.053,0.0
248,0,Exact no shift,Modular causal latent SCM,0.849,0.48669083745375974,0.17567567567567569,0.11578904423985308,0.029846953765074145,0.37347794251310407,0.518,148,0.8544600938967136,0.8175675675675675,0.7441860465116279,0.053,0.0
248,0,Exact no shift,Target oracle (reference),0.846,0.4783421790834707,0.20270270270270271,0.11586896508938375,0.028804162235113086,0.39047568926657256,0.513,148,0.8509389671361502,0.8175675675675675,0.7441860465116279,0.053,0.0
249,0,Exact no shift,Pooled associative latent class model,0.809,0.3813092154668211,0.19852941176470587,0.13825515311723632,0.06544863513064021,0.4264726348843274,0.437,136,0.8171160609613131,0.7619047619047619,0.7435897435897436,0.051666666666666666,0.0
249,0,Exact no shift,Target-calibrated associative latent model,0.808,0.3788381219753863,0.13970588235294118,0.13909483726167887,0.06860579740975056,0.39926321098452633,0.442,136,0.813599062133646,0.7755102040816326,0.7435897435897436,0.051666666666666666,0.0
249,0,Exact no shift,Frozen causal latent SCM,0.805,0.3714721027294947,0.16176470588235295,0.13266029320629166,0.045170352086427265,0.4023282773312579,0.471,136,0.8124267291910903,0.7619047619047619,0.7435897435897436,0.051666666666666666,0.0
249,0,Exact no shift,Modular causal latent SCM,0.81,0.38378554935126136,0.125,0.13458402077614992,0.05290796735613335,0.40247554019554305,0.456,136,0.8171160609613131,0.7687074829931972,0.7435897435897436,0.051666666666666666,0.0
249,0,Exact no shift,Target oracle (reference),0.811,0.386270010570501,0.17647058823529413,0.13072104769955992,0.024906016815322538,0.39787720439410384,0.499,136,0.8171160609613131,0.7755102040816326,0.7692307692307693,0.051666666666666666,0.0
250,0,Exact no shift,Pooled associative latent class model,0.811,0.38627310156795325,0.24691358024691357,0.1378534916467234,0.031185074928868697,0.4169218161648919,0.462,162,0.8151658767772512,0.7884615384615384,0.7704918032786885,0.055,0.0
250,0,Exact no shift,Target-calibrated associative latent model,0.804,0.3690392715112632,0.12345679012345678,0.13343725549293994,0.04129913958364691,0.38645858273744477,0.447,162,0.8116113744075829,0.7628205128205128,0.7704918032786885,0.055,0.0
250,0,Exact no shift,Frozen causal latent SCM,0.809,0.38130892444857273,0.1728395061728395,0.1295138389441434,0.03895405331388516,0.38990381555140735,0.458,162,0.8127962085308057,0.7884615384615384,0.7704918032786885,0.055,0.0
250,0,Exact no shift,Modular causal latent SCM,0.805,0.3714769354600927,0.14814814814814814,0.13139348370491288,0.03391508172834682,0.38861739207616086,0.45,162,0.8092417061611374,0.782051282051282,0.7704918032786885,0.055,0.0
250,0,Exact no shift,Target oracle (reference),0.817,0.4013573712352952,0.17901234567901234,0.1286416453788933,0.019974853585115047,0.4028278021724857,0.484,162,0.8234597156398105,0.782051282051282,0.7868852459016393,0.055,0.0
251,0,Exact no shift,Pooled associative latent class model,0.817,0.40135722830977993,0.24822695035460993,0.12711642083921806,0.036596042043640364,0.43456391602646965,0.499,141,0.8235967926689576,0.7716535433070866,0.7647058823529411,0.046,0.001
251,0,Exact no shift,Target-calibrated associative latent model,0.822,0.41415068066846356,0.2765957446808511,0.12357845568623313,0.023405219853368783,0.3969700053368226,0.536,141,0.8350515463917526,0.7322834645669292,0.7647058823529411,0.046,0.001
251,0,Exact no shift,Frozen causal latent SCM,0.816,0.39882276765432534,0.1702127659574468,0.1233278149884126,0.04110296334880947,0.4021070505406824,0.512,141,0.827033218785796,0.7401574803149606,0.7647058823529411,0.046,0.001
251,0,Exact no shift,Modular causal latent SCM,0.826,0.4245285653955674,0.2127659574468085,0.12205654695758267,0.028826665760105927,0.4012710138181772,0.518,141,0.8373424971363116,0.7480314960629921,0.7647058823529411,0.046,0.001
251,0,Exact no shift,Target oracle (reference),0.821,0.4115758766408847,0.20567375886524822,0.12214786873964094,0.02476959371276494,0.38856733469029364,0.529,141,0.8339060710194731,0.7322834645669292,0.7647058823529411,0.046,0.001
252,0,Exact no shift,Pooled associative latent class model,0.812,0.38876493894820885,0.3448275862068966,0.13762335443458273,0.03890812461702913,0.4577951118647619,0.469,145,0.8194607268464243,0.7687074829931972,0.7291666666666666,0.051333333333333335,0.0
252,0,Exact no shift,Target-calibrated associative latent model,0.814,0.39377775809683496,0.1724137931034483,0.1268978144475755,0.030242337676856745,0.4207506791840841,0.487,145,0.8171160609613131,0.7959183673469388,0.7291666666666666,0.051333333333333335,0.0
252,0,Exact no shift,Frozen causal latent SCM,0.817,0.4013573213668516,0.2206896551724138,0.12702715823741845,0.04046515106252009,0.42115605974215914,0.51,145,0.8218053927315357,0.7891156462585034,0.75,0.051333333333333335,0.0
252,0,Exact no shift,Modular causal latent SCM,0.815,0.3962962600015186,0.2413793103448276,0.12738822152924645,0.03820670612232462,0.42067490903142585,0.51,145,0.82063305978898,0.782312925170068,0.75,0.051333333333333335,0.0
252,0,Exact no shift,Target oracle (reference),0.816,0.3988227686084976,0.21379310344827587,0.12521610094729937,0.029358123335403902,0.4063868754420647,0.495,145,0.8194607268464243,0.7959183673469388,0.75,0.051333333333333335,0.0
253,0,Exact no shift,Pooled associative latent class model,0.793,0.3427385287735451,0.3312883435582822,0.1438188156040152,0.04654158376340472,0.39066555569901057,0.487,163,0.7952662721893491,0.7806451612903226,0.8431372549019608,0.05433333333333333,0.0
253,0,Exact no shift,Target-calibrated associative latent model,0.807,0.37637195671407514,0.1901840490797546,0.12738704627380976,0.03084361514945815,0.3719728478857271,0.491,163,0.8153846153846154,0.7612903225806451,0.8235294117647058,0.05433333333333333,0.0
253,0,Exact no shift,Frozen causal latent SCM,0.801,0.36176519941288693,0.22085889570552147,0.12771087509401738,0.03419920566233792,0.3721854262248499,0.495,163,0.8059171597633136,0.7741935483870968,0.8431372549019608,0.05433333333333333,0.0
253,0,Exact no shift,Modular causal latent SCM,0.803,0.3666021004950089,0.22699386503067484,0.1283232995378962,0.03568951017069875,0.3717843579659842,0.493,163,0.8094674556213017,0.7677419354838709,0.8235294117647058,0.05433333333333333,0.0
253,0,Exact no shift,Target oracle (reference),0.811,0.38626995802835223,0.22699386503067484,0.126563790546754,0.03412804675743833,0.3943266372992552,0.511,163,0.8189349112426035,0.7677419354838709,0.803921568627451,0.05433333333333333,0.0
254,0,Exact no shift,Pooled associative latent class model,0.809,0.3813053261945987,0.27741935483870966,0.13267147124688938,0.023390629011261935,0.4205708321334522,0.486,155,0.8153098420413123,0.7796610169491526,0.7586206896551724,0.06266666666666666,0.0
254,0,Exact no shift,Target-calibrated associative latent model,0.81,0.38378309989485127,0.13548387096774195,0.12966032822338655,0.038304882670240716,0.3935122886692704,0.455,155,0.8165249088699879,0.7796610169491526,0.7758620689655172,0.06266666666666666,0.0
254,0,Exact no shift,Frozen causal latent SCM,0.809,0.3813053261945987,0.17419354838709677,0.1261271568409398,0.03945140111937859,0.4036372578956628,0.486,155,0.8177399756986634,0.768361581920904,0.7931034482758621,0.06266666666666666,0.0
254,0,Exact no shift,Modular causal latent SCM,0.811,0.386270180476399,0.14838709677419354,0.1265590762823655,0.030455696051523765,0.40222814785205324,0.478,155,0.8213851761846902,0.7627118644067796,0.7758620689655172,0.06266666666666666,0.0
254,0,Exact no shift,Target oracle (reference),0.817,0.40135741350253773,0.17419354838709677,0.12402562903552838,0.032319796780986114,0.39566624836573877,0.49,155,0.8262454434993924,0.7740112994350282,0.7931034482758621,0.06266666666666666,0.0
255,0,Exact no shift,Pooled associative latent class model,0.809,0.38130317619684584,0.2484472049689441,0.12951037179443883,0.0211551454802355,0.42313454770013764,0.459,161,0.8204518430439952,0.7484276729559748,0.7321428571428571,0.056,0.0
255,0,Exact no shift,Target-calibrated associative latent model,0.815,0.39629575187417315,0.2608695652173913,0.12447537839794029,0.04519140126262643,0.3901642626167037,0.525,161,0.8240190249702735,0.7672955974842768,0.75,0.056,0.0
255,0,Exact no shift,Frozen causal latent SCM,0.824,0.419323219988561,0.13043478260869565,0.11967990315121094,0.03203575525425156,0.3906867045812003,0.482,161,0.8323424494649228,0.779874213836478,0.7678571428571429,0.056,0.0
255,0,Exact no shift,Modular causal latent SCM,0.824,0.41932365008435674,0.17391304347826086,0.12101625868743657,0.026626285569664416,0.39056556968193057,0.496,161,0.8323424494649228,0.779874213836478,0.7678571428571429,0.056,0.0
255,0,Exact no shift,Target oracle (reference),0.825,0.4219217676134181,0.12422360248447205,0.119886111353351,0.026164531156546305,0.39739468740222406,0.481,161,0.8335315101070154,0.779874213836478,0.75,0.056,0.0
256,0,Exact no shift,Pooled associative latent class model,0.792,0.3403961879036392,0.33548387096774196,0.1433728567885205,0.035128982646297505,0.40095459603279243,0.508,155,0.8093525179856115,0.7048192771084337,0.7,0.058666666666666666,0.002
256,0,Exact no shift,Target-calibrated associative latent model,0.806,0.3739179243016903,0.15483870967741936,0.13570932088687102,0.03428970279811455,0.37432637731010354,0.484,155,0.8261390887290168,0.7048192771084337,0.68,0.058666666666666666,0.002
256,0,Exact no shift,Frozen causal latent SCM,0.808,0.3788345878228678,0.1870967741935484,0.135226873056793,0.037895535385693874,0.37499277009835136,0.496,155,0.8309352517985612,0.6927710843373494,0.66,0.058666666666666666,0.002
256,0,Exact no shift,Modular causal latent SCM,0.805,0.37147121405455324,0.2,0.13529458243650008,0.0398227911988851,0.3750969024605388,0.497,155,0.8285371702637889,0.6867469879518072,0.64,0.058666666666666666,0.002
256,0,Exact no shift,Target oracle (reference),0.814,0.39377752434545016,0.17419354838709677,0.1341619769295858,0.04227979104377113,0.3826756628495806,0.502,155,0.8345323741007195,0.7108433734939759,0.66,0.058666666666666666,0.002
257,0,Exact no shift,Pooled associative latent class model,0.802,0.364180640477258,0.348993288590604,0.13618687483356723,0.02048442622276722,0.43370027834269487,0.526,149,0.8100961538461539,0.7619047619047619,0.7931034482758621,0.059666666666666666,0.0
257,0,Exact no shift,Target-calibrated associative latent model,0.812,0.3887649205744325,0.1476510067114094,0.1304902235745298,0.01875794876718058,0.413381295087605,0.52,149,0.8233173076923077,0.7559523809523809,0.8103448275862069,0.059666666666666666,0.0
257,0,Exact no shift,Frozen causal latent SCM,0.818,0.4039002301412307,0.20134228187919462,0.1273632100595868,0.02154897558519526,0.41199086871187374,0.524,149,0.8293269230769231,0.7619047619047619,0.8103448275862069,0.059666666666666666,0.0
257,0,Exact no shift,Modular causal latent SCM,0.817,0.40135733192406703,0.174496644295302,0.12769788192219328,0.021629222331255027,0.41188645340294067,0.515,149,0.8293269230769231,0.7559523809523809,0.7931034482758621,0.059666666666666666,0.0
257,0,Exact no shift,Target oracle (reference),0.819,0.40645019928992554,0.19463087248322147,0.12709319108312148,0.03220286545100235,0.3929148346171322,0.499,149,0.8305288461538461,0.7619047619047619,0.8103448275862069,0.059666666666666666,0.0
258,0,Exact no shift,Pooled associative latent class model,0.799,0.35696248414649634,0.2706766917293233,0.14286158011195665,0.044392641290219664,0.38976401100145375,0.5,133,0.8087885985748219,0.7468354430379747,0.7068965517241379,0.05433333333333333,0.0
258,0,Exact no shift,Target-calibrated associative latent model,0.793,0.34273780461071884,0.14285714285714285,0.14519668571212627,0.054233520083182975,0.37234672959497755,0.48,133,0.8064133016627079,0.7215189873417721,0.6551724137931034,0.05433333333333333,0.0
258,0,Exact no shift,Frozen causal latent SCM,0.807,0.37637384957752507,0.15789473684210525,0.14074556411450778,0.041798172379185455,0.37217248041682105,0.5,133,0.8182897862232779,0.7468354430379747,0.6896551724137931,0.05433333333333333,0.0
258,0,Exact no shift,Modular causal latent SCM,0.802,0.3641813910732093,0.15037593984962405,0.1418068171805246,0.04654933237684769,0.3721235115742101,0.493,133,0.8147268408551069,0.7341772151898734,0.6551724137931034,0.05433333333333333,0.0
258,0,Exact no shift,Target oracle (reference),0.81,0.38378355607783454,0.17293233082706766,0.13319491372461564,0.02263103514099715,0.39084016655351767,0.517,133,0.8206650831353919,0.7531645569620253,0.7068965517241379,0.05433333333333333,0.0
259,0,Exact no shift,Pooled associative latent class model,0.81,0.38375918727883646,0.4225352112676056,0.1373892602957933,0.04403360948295878,0.4294749938387924,0.583,142,0.810304449648712,0.8082191780821918,0.8181818181818182,0.050666666666666665,0.0
259,0,Exact no shift,Target-calibrated associative latent model,0.814,0.3937570792802005,0.29577464788732394,0.1312597170109509,0.03521706729360137,0.4150421645700863,0.577,142,0.8173302107728337,0.7945205479452054,0.75,0.050666666666666665,0.0
259,0,Exact no shift,Frozen causal latent SCM,0.82,0.40900065567394117,0.22535211267605634,0.12784905779301559,0.02005634130568888,0.41794048322310595,0.551,142,0.8231850117096019,0.8013698630136986,0.7727272727272727,0.050666666666666665,0.0
259,0,Exact no shift,Modular causal latent SCM,0.82,0.40899298077258195,0.2605633802816901,0.12928397755335203,0.03223613184880631,0.41634489692738386,0.569,142,0.8243559718969555,0.7945205479452054,0.75,0.050666666666666665,0.0
259,0,Exact no shift,Target oracle (reference),0.817,0.40135359272700927,0.21830985915492956,0.12685053609552682,0.018708395428777818,0.39901847403113344,0.536,142,0.819672131147541,0.8013698630136986,0.7954545454545454,0.050666666666666665,0.0
260,0,Exact no shift,Pooled associative latent class model,0.836,0.4510362885720617,0.28776978417266186,0.12283696686066509,0.04211579776392418,0.4011829879910925,0.529,139,0.8547418967587035,0.7425149700598802,0.6964285714285714,0.059,0.0
260,0,Exact no shift,Target-calibrated associative latent model,0.825,0.4219269473295167,0.28776978417266186,0.13064444735304698,0.057044085827366614,0.37320793174907363,0.55,139,0.8355342136854742,0.7724550898203593,0.75,0.059,0.0
260,0,Exact no shift,Frozen causal latent SCM,0.855,0.5036034003020432,0.17266187050359713,0.11584037386326086,0.037841834561420505,0.3798133064262171,0.512,139,0.865546218487395,0.8023952095808383,0.7678571428571429,0.059,0.0
260,0,Exact no shift,Modular causal latent SCM,0.847,0.4811175862445804,0.19424460431654678,0.11773045253563212,0.03557255829854084,0.3795557002980414,0.522,139,0.858343337334934,0.7904191616766467,0.75,0.059,0.0
260,0,Exact no shift,Target oracle (reference),0.844,0.47281758064949675,0.17985611510791366,0.11699893837463694,0.0272908795253536,0.3867182998399112,0.525,139,0.858343337334934,0.7724550898203593,0.75,0.059,0.0
261,0,Exact no shift,Pooled associative latent class model,0.795,0.3474492968082879,0.3194444444444444,0.14187511307571754,0.02890631587333432,0.4049162347869318,0.464,144,0.8060394889663183,0.7266187050359713,0.7111111111111111,0.048666666666666664,0.001
261,0,Exact no shift,Target-calibrated associative latent model,0.803,0.36660371808976655,0.10416666666666667,0.13465049067949414,0.034747332350260396,0.3941005730756951,0.47,144,0.8118466898954704,0.7482014388489209,0.7555555555555555,0.048666666666666664,0.001
261,0,Exact no shift,Frozen causal latent SCM,0.814,0.39377744763343714,0.16666666666666666,0.12947806924299518,0.019745860642027577,0.39749354570759526,0.493,144,0.8257839721254355,0.7410071942446043,0.7333333333333333,0.048666666666666664,0.001
261,0,Exact no shift,Modular causal latent SCM,0.807,0.37637309216957665,0.13194444444444445,0.13172440255550652,0.024351689318080478,0.3968711736736476,0.474,144,0.8164924506387921,0.7482014388489209,0.7555555555555555,0.048666666666666664,0.001
261,0,Exact no shift,Target oracle (reference),0.81,0.38378364854727587,0.19444444444444445,0.13016293092365505,0.028161554484943934,0.40871321609123396,0.513,144,0.8153310104529616,0.7769784172661871,0.8,0.048666666666666664,0.001
262,0,Exact no shift,Pooled associative latent class model,0.814,0.39377752434545016,0.2635135135135135,0.1313889514824961,0.027719188641099575,0.38468899603141316,0.512,148,0.8242280285035629,0.759493670886076,0.782608695652174,0.05533333333333333,0.0
262,0,Exact no shift,Target-calibrated associative latent model,0.82,0.4090088831457925,0.22297297297297297,0.12579893070003567,0.02219039731862629,0.3765873514879704,0.514,148,0.828978622327791,0.7721518987341772,0.8260869565217391,0.05533333333333333,0.0
262,0,Exact no shift,Frozen causal latent SCM,0.817,0.4013567694734984,0.19594594594594594,0.12605726359701358,0.019303668519514126,0.37700687623054485,0.499,148,0.8266033254156769,0.7658227848101266,0.8260869565217391,0.05533333333333333,0.0
262,0,Exact no shift,Modular causal latent SCM,0.819,0.40644988629531165,0.19594594594594594,0.12585174440678942,0.020201885673087058,0.3768089611755405,0.497,148,0.828978622327791,0.7658227848101266,0.8260869565217391,0.05533333333333333,0.0
262,0,Exact no shift,Target oracle (reference),0.831,0.4376821052655234,0.17567567567567569,0.12307791986847762,0.03355839045643708,0.3883304382203134,0.521,148,0.8420427553444181,0.7721518987341772,0.8043478260869565,0.05533333333333333,0.0
263,0,Exact no shift,Pooled associative latent class model,0.818,0.40389092753794514,0.2878787878787879,0.1331110522600683,0.03901423523103231,0.4440414337793344,0.537,132,0.8347205707491082,0.7295597484276729,0.6666666666666666,0.055,0.0
263,0,Exact no shift,Target-calibrated associative latent model,0.821,0.41155776666635047,0.24242424242424243,0.1228672507143498,0.028917741465811244,0.418541165026423,0.55,132,0.8370986920332937,0.7358490566037735,0.7058823529411765,0.055,0.0
263,0,Exact no shift,Frozen causal latent SCM,0.835,0.44833948848157096,0.13636363636363635,0.12181300808608031,0.03706545976843119,0.41904903689888795,0.538,132,0.8525564803804994,0.7421383647798742,0.7058823529411765,0.055,0.0
263,0,Exact no shift,Modular causal latent SCM,0.826,0.42452482075604314,0.1590909090909091,0.12276233499070012,0.028066670263027855,0.4199689226252731,0.527,132,0.8442330558858502,0.7295597484276729,0.6666666666666666,0.055,0.0
263,0,Exact no shift,Target oracle (reference),0.828,0.4297628894423808,0.1590909090909091,0.11939690706741575,0.032988797201224815,0.39405914405115167,0.525,132,0.8489892984542212,0.7169811320754716,0.6470588235294118,0.055,0.0
264,0,Exact no shift,Pooled associative latent class model,0.815,0.3962967288716384,0.26277372262773724,0.13221917239818975,0.027678157622218962,0.4141540444237784,0.479,137,0.8233128834355828,0.7783783783783784,0.7903225806451613,0.066,0.001
264,0,Exact no shift,Target-calibrated associative latent model,0.8,0.35937736965445255,0.10218978102189781,0.14094150786464835,0.07794891956968175,0.38336845119645013,0.412,137,0.8147239263803681,0.7351351351351352,0.7903225806451613,0.066,0.001
264,0,Exact no shift,Frozen causal latent SCM,0.815,0.39629790656052805,0.1678832116788321,0.12919585868874292,0.03232768562149888,0.3925003575079025,0.469,137,0.8257668711656442,0.7675675675675676,0.8225806451612904,0.066,0.001
264,0,Exact no shift,Modular causal latent SCM,0.811,0.3862761620722463,0.15328467153284672,0.13070198733158,0.04623926643940555,0.39092871275812735,0.447,137,0.8233128834355828,0.7567567567567568,0.7903225806451613,0.066,0.001
264,0,Exact no shift,Target oracle (reference),0.806,0.37391756560575073,0.20437956204379562,0.127299083748557,0.03169739666729258,0.394360216411617,0.51,137,0.8159509202453987,0.7621621621621621,0.7903225806451613,0.066,0.001
265,0,Exact no shift,Pooled associative latent class model,0.81,0.3837846173408309,0.3192771084337349,0.137132262522991,0.02717051655542154,0.4278987057395349,0.505,166,0.8245614035087719,0.7241379310344828,0.75,0.051333333333333335,0.0
265,0,Exact no shift,Target-calibrated associative latent model,0.808,0.37883492819622505,0.28313253012048195,0.13078585851846708,0.04315160179818594,0.41670055637827147,0.515,166,0.8245614035087719,0.7103448275862069,0.7291666666666666,0.051333333333333335,0.0
265,0,Exact no shift,Frozen causal latent SCM,0.819,0.40645128546203385,0.19879518072289157,0.12805121859317906,0.024895972076584744,0.4191844948561409,0.496,166,0.8339181286549707,0.7310344827586207,0.75,0.051333333333333335,0.0
265,0,Exact no shift,Modular causal latent SCM,0.817,0.4013580267799753,0.24096385542168675,0.1295098120041808,0.031384158882528296,0.4181327636960315,0.508,166,0.8327485380116959,0.7241379310344828,0.75,0.051333333333333335,0.0
265,0,Exact no shift,Target oracle (reference),0.817,0.40135819953395624,0.19879518072289157,0.1277643694570764,0.0208343405915082,0.39413647242721517,0.496,166,0.8315789473684211,0.7310344827586207,0.75,0.051333333333333335,0.0
266,0,Exact no shift,Pooled associative latent class model,0.799,0.3569610862181149,0.2847222222222222,0.13822716939510543,0.03679093232476469,0.41047159469118116,0.487,144,0.810843373493976,0.7411764705882353,0.7777777777777778,0.058333333333333334,0.0
266,0,Exact no shift,Target-calibrated associative latent model,0.812,0.3887649205744325,0.2222222222222222,0.13304565681816746,0.03799390426516384,0.40273833259320135,0.512,144,0.8253012048192772,0.7470588235294118,0.7592592592592593,0.058333333333333334,0.0
266,0,Exact no shift,Frozen causal latent SCM,0.812,0.3887649852501203,0.1597222222222222,0.13084153595073164,0.02398278283433492,0.4026339413411647,0.49,144,0.8265060240963855,0.7411764705882353,0.7592592592592593,0.058333333333333334,0.0
266,0,Exact no shift,Modular causal latent SCM,0.809,0.38130459262842387,0.14583333333333334,0.13126962418725543,0.02719278720389758,0.4013962674832302,0.473,144,0.8216867469879519,0.7470588235294118,0.7592592592592593,0.058333333333333334,0.0
266,0,Exact no shift,Target oracle (reference),0.821,0.41157589396104544,0.16666666666666666,0.1293772407344267,0.034910548198146554,0.40357990687008394,0.495,144,0.8361445783132531,0.7470588235294118,0.7592592592592593,0.058333333333333334,0.0
267,0,Exact no shift,Pooled associative latent class model,0.812,0.3887644601125378,0.32867132867132864,0.13001755216357688,0.025171659185811254,0.40517379627356825,0.497,143,0.8180722891566266,0.7823529411764706,0.8846153846153846,0.058,0.0
267,0,Exact no shift,Target-calibrated associative latent model,0.83,0.43503483757141714,0.13286713286713286,0.11809628684037983,0.013319699972801188,0.3798958029635526,0.509,143,0.8373493975903614,0.7941176470588235,0.8076923076923077,0.058,0.0
267,0,Exact no shift,Frozen causal latent SCM,0.832,0.4403366592673682,0.18181818181818182,0.11808790291518659,0.015524366893795459,0.3799044802541956,0.523,143,0.8385542168674699,0.8,0.8461538461538461,0.058,0.0
267,0,Exact no shift,Modular causal latent SCM,0.832,0.4403364648143184,0.16083916083916083,0.11790090985320338,0.018302394043153168,0.3796762249007909,0.519,143,0.8397590361445784,0.7941176470588235,0.8269230769230769,0.058,0.0
267,0,Exact no shift,Target oracle (reference),0.829,0.4323977980061625,0.1958041958041958,0.1186443151934678,0.026861707709674536,0.3954398973305287,0.538,143,0.8361445783132531,0.7941176470588235,0.8461538461538461,0.058,0.0
268,0,Exact no shift,Pooled associative latent class model,0.785,0.3242307350690361,0.22580645161290322,0.15080526493611443,0.045869779252425615,0.42059665835765964,0.441,155,0.7978468899521531,0.7195121951219512,0.75,0.057666666666666665,0.0
268,0,Exact no shift,Target-calibrated associative latent model,0.79,0.33573574762059605,0.2,0.14006049689772784,0.03852965275783211,0.4083060769300775,0.484,155,0.80622009569378,0.7073170731707317,0.7321428571428571,0.057666666666666665,0.0
268,0,Exact no shift,Frozen causal latent SCM,0.791,0.33806457084523267,0.14838709677419354,0.1407983358587355,0.03622572872163863,0.40887446689208023,0.461,155,0.8050239234449761,0.7195121951219512,0.75,0.057666666666666665,0.0
268,0,Exact no shift,Modular causal latent SCM,0.787,0.32880704445105136,0.13548387096774195,0.1411047119952868,0.035900956621097234,0.40879784809393854,0.463,155,0.8002392344497608,0.7195121951219512,0.7321428571428571,0.057666666666666665,0.0
268,0,Exact no shift,Target oracle (reference),0.803,0.3666026762644797,0.17419354838709677,0.13883389206173455,0.03326265039691702,0.39998995309821006,0.483,155,0.8145933014354066,0.7439024390243902,0.7678571428571429,0.057666666666666665,0.0
269,0,Exact no shift,Pooled associative latent class model,0.801,0.3617663766890288,0.2937062937062937,0.13399573171423948,0.035084335530836716,0.4059241460078689,0.477,143,0.8115246098439376,0.7485029940119761,0.7222222222222222,0.059,0.001
269,0,Exact no shift,Target-calibrated associative latent model,0.803,0.3666036435142156,0.27972027972027974,0.13401687006380303,0.03551173205779858,0.38597993095243305,0.527,143,0.8163265306122449,0.7365269461077845,0.7777777777777778,0.059,0.001
269,0,Exact no shift,Frozen causal latent SCM,0.807,0.3763719423168951,0.20279720279720279,0.13213738583377885,0.03451789352053718,0.38767032802640644,0.507,143,0.8187274909963985,0.7485029940119761,0.7962962962962963,0.059,0.001
269,0,Exact no shift,Modular causal latent SCM,0.808,0.37883515450411837,0.24475524475524477,0.13297165822554347,0.03670336161483455,0.38728531309865344,0.52,143,0.8199279711884754,0.7485029940119761,0.7962962962962963,0.059,0.001
269,0,Exact no shift,Target oracle (reference),0.813,0.3912667472363638,0.1958041958041958,0.129898495409417,0.02468380259895747,0.3881573656436921,0.499,143,0.8259303721488596,0.7485029940119761,0.7962962962962963,0.059,0.001
270,0,Exact no shift,Pooled associative latent class model,0.806,0.37391781710247673,0.29927007299270075,0.13559462223197943,0.040675791915420485,0.388869153812647,0.492,137,0.8175355450236966,0.7435897435897436,0.7608695652173914,0.05533333333333333,0.0
270,0,Exact no shift,Target-calibrated associative latent model,0.818,0.40389993808849245,0.22627737226277372,0.1292980109363791,0.02563605927879126,0.3721105067550671,0.482,137,0.8317535545023697,0.7435897435897436,0.7391304347826086,0.05533333333333333,0.0
270,0,Exact no shift,Frozen causal latent SCM,0.815,0.3962963166794415,0.19708029197080293,0.12710638571775865,0.02844695334074126,0.3749888079986372,0.483,137,0.8270142180094787,0.75,0.7608695652173914,0.05533333333333333,0.0
270,0,Exact no shift,Modular causal latent SCM,0.818,0.4038998039123349,0.21897810218978103,0.1275800621343817,0.030469612276860614,0.3744024702280894,0.492,137,0.830568720379147,0.75,0.7608695652173914,0.05533333333333333,0.0
270,0,Exact no shift,Target oracle (reference),0.821,0.4115757666068988,0.17518248175182483,0.1261569206190167,0.02892931722561121,0.3850578849129768,0.475,137,0.8341232227488151,0.75,0.7391304347826086,0.05533333333333333,0.0
271,0,Exact no shift,Pooled associative latent class model,0.782,0.31741415710567494,0.2709677419354839,0.14932632574090032,0.05012064387336798,0.42885616209316024,0.467,155,0.7737397420867527,0.8299319727891157,0.926829268292683,0.051,0.0
271,0,Exact no shift,Target-calibrated associative latent model,0.803,0.3666059798815203,0.09032258064516129,0.14458896393604465,0.07454780674383503,0.40946371902150985,0.434,155,0.798358733880422,0.8299319727891157,0.8780487804878049,0.051,0.0
271,0,Exact no shift,Frozen causal latent SCM,0.808,0.3788365699180756,0.11612903225806452,0.13981263844899416,0.05502451687220918,0.4125940309965365,0.451,155,0.8030480656506448,0.8367346938775511,0.9024390243902439,0.051,0.0
271,0,Exact no shift,Modular causal latent SCM,0.806,0.3739209415530363,0.09032258064516129,0.14367244626662587,0.07207495235412102,0.41008486333560357,0.437,155,0.8018757327080891,0.8299319727891157,0.8780487804878049,0.051,0.0
271,0,Exact no shift,Target oracle (reference),0.814,0.39377771401151834,0.2,0.13496341881237908,0.023722003814493766,0.4051552618252638,0.513,155,0.8124267291910903,0.8231292517006803,0.9024390243902439,0.051,0.0
272,0,Exact no shift,Pooled associative latent class model,0.798,0.3545705860919037,0.30344827586206896,0.1451893358088547,0.024045229850746197,0.4307941603435253,0.484,145,0.8096926713947991,0.7337662337662337,0.72,0.056,0.0
272,0,Exact no shift,Target-calibrated associative latent model,0.794,0.34509553050775754,0.15862068965517243,0.1404580248963269,0.039753428120221264,0.41541597864695073,0.448,145,0.8037825059101655,0.7402597402597403,0.72,0.056,0.0
272,0,Exact no shift,Frozen causal latent SCM,0.793,0.34273924189176086,0.1724137931034483,0.13850396695287825,0.02233554577724142,0.418346650996873,0.479,145,0.8026004728132388,0.7402597402597403,0.7,0.056,0.0
272,0,Exact no shift,Modular causal latent SCM,0.79,0.33573891460123173,0.14482758620689656,0.14011407042353716,0.03456838904430441,0.41705947017633427,0.462,145,0.8002364066193853,0.7337662337662337,0.7,0.056,0.0
272,0,Exact no shift,Target oracle (reference),0.801,0.36176512881056055,0.19310344827586207,0.13529849014169862,0.025322195713394738,0.4049401161798152,0.499,145,0.8108747044917257,0.7467532467532467,0.72,0.056,0.0
273,0,Exact no shift,Pooled associative latent class model,0.82,0.4090145554930423,0.34615384615384615,0.12653543148874008,0.046313992753064276,0.4312909851655604,0.551,156,0.8223529411764706,0.8066666666666666,0.8235294117647058,0.052333333333333336,0.0
273,0,Exact no shift,Target-calibrated associative latent model,0.835,0.4483480180207991,0.07692307692307693,0.11589037309002842,0.022482092737590727,0.39623166759256995,0.49,156,0.84,0.8066666666666666,0.8235294117647058,0.052333333333333336,0.0
273,0,Exact no shift,Frozen causal latent SCM,0.84,0.4618626674494062,0.14102564102564102,0.11512395151912526,0.03891735255799766,0.39685729260119146,0.525,156,0.8447058823529412,0.8133333333333334,0.8431372549019608,0.052333333333333336,0.0
273,0,Exact no shift,Modular causal latent SCM,0.838,0.456432378184656,0.12179487179487179,0.11478051408970973,0.0364992301682163,0.3971398814317295,0.515,156,0.8423529411764706,0.8133333333333334,0.8431372549019608,0.052333333333333336,0.0
273,0,Exact no shift,Target oracle (reference),0.844,0.4728164611552814,0.12179487179487179,0.11337971805239724,0.029511353445496356,0.38366095437723163,0.509,156,0.8505882352941176,0.8066666666666666,0.8235294117647058,0.052333333333333336,0.0
274,0,Exact no shift,Pooled associative latent class model,0.818,0.4038998479496445,0.2692307692307692,0.13118759272420946,0.022429729863189293,0.3868680721145114,0.466,156,0.8282950423216445,0.7687861271676301,0.7291666666666666,0.06133333333333333,0.0
274,0,Exact no shift,Target-calibrated associative latent model,0.815,0.3962961351474501,0.10897435897435898,0.13000559651209476,0.028310496026364127,0.3776522579263733,0.445,156,0.8270858524788391,0.7572254335260116,0.7291666666666666,0.06133333333333333,0.0
274,0,Exact no shift,Frozen causal latent SCM,0.818,0.40389987547295975,0.1858974358974359,0.12511016885247525,0.027845048008743295,0.38166398227455695,0.474,156,0.8307134220072552,0.7572254335260116,0.7291666666666666,0.06133333333333333,0.0
274,0,Exact no shift,Modular causal latent SCM,0.82,0.40900897865176117,0.1858974358974359,0.12515246484452494,0.024252723695530436,0.38132343649872935,0.472,156,0.8331318016928658,0.7572254335260116,0.7083333333333334,0.06133333333333333,0.0
274,0,Exact no shift,Target oracle (reference),0.815,0.3962963010000992,0.1987179487179487,0.12588190100256397,0.030023147468331072,0.4004707688476854,0.487,156,0.8270858524788391,0.7572254335260116,0.7291666666666666,0.06133333333333333,0.0
275,0,Exact no shift,Pooled associative latent class model,0.801,0.3617658399901499,0.273972602739726,0.13956827308569453,0.03220725131442107,0.4140402928814115,0.492,146,0.8046683046683046,0.7849462365591398,0.7777777777777778,0.06466666666666666,0.0
275,0,Exact no shift,Target-calibrated associative latent model,0.809,0.38130537725731006,0.2054794520547945,0.12711986418617618,0.03135092104600961,0.39157675922659346,0.508,146,0.8144963144963145,0.7849462365591398,0.7777777777777778,0.06466666666666666,0.0
275,0,Exact no shift,Frozen causal latent SCM,0.816,0.3988226818655568,0.22602739726027396,0.12758214826306416,0.0198851572524402,0.39350253667558116,0.525,146,0.8255528255528255,0.7741935483870968,0.7777777777777778,0.06466666666666666,0.0
275,0,Exact no shift,Modular causal latent SCM,0.818,0.40389958719477664,0.2465753424657534,0.12851037597789133,0.02499598901925021,0.3923986621602303,0.533,146,0.8267813267813268,0.7795698924731183,0.7777777777777778,0.06466666666666666,0.0
275,0,Exact no shift,Target oracle (reference),0.812,0.388764749859949,0.21232876712328766,0.1269891905975615,0.029216052213851477,0.40434876591353863,0.517,146,0.8194103194103194,0.7795698924731183,0.7777777777777778,0.06466666666666666,0.0
276,0,Exact no shift,Pooled associative latent class model,0.795,0.3474469437136089,0.38848920863309355,0.14197483798165794,0.014154364079774944,0.41988113700348856,0.505,139,0.8051044083526682,0.7318840579710145,0.6730769230769231,0.049,0.0
276,0,Exact no shift,Target-calibrated associative latent model,0.8,0.3593647530764997,0.33093525179856115,0.13616045251456318,0.039720218817716806,0.39477575594498515,0.552,139,0.8097447795823666,0.7391304347826086,0.6923076923076923,0.049,0.0
276,0,Exact no shift,Frozen causal latent SCM,0.805,0.3714735739469407,0.2589928057553957,0.13429480849923692,0.0329145664697982,0.39808480615029135,0.535,139,0.8155452436194895,0.7391304347826086,0.7115384615384616,0.049,0.0
276,0,Exact no shift,Modular causal latent SCM,0.801,0.3617713691363789,0.33093525179856115,0.13579976353814385,0.03368515579499598,0.39615879497155754,0.553,139,0.8120649651972158,0.7318840579710145,0.6923076923076923,0.049,0.0
276,0,Exact no shift,Target oracle (reference),0.809,0.3813050314828414,0.2446043165467626,0.1340754832779566,0.02026423515716646,0.402317112129145,0.511,139,0.8190255220417634,0.7463768115942029,0.6923076923076923,0.049,0.0
277,0,Exact no shift,Pooled associative latent class model,0.806,0.3739140361988693,0.38461538461538464,0.1331545713136299,0.049611592794590445,0.420972849273039,0.574,156,0.8097502972651606,0.7861635220125787,0.7727272727272727,0.05633333333333333,0.0
277,0,Exact no shift,Target-calibrated associative latent model,0.829,0.4323964132311152,0.09615384615384616,0.11936520345108201,0.024382450671115236,0.4063502223829918,0.515,156,0.8347205707491082,0.7987421383647799,0.7727272727272727,0.05633333333333333,0.0
277,0,Exact no shift,Frozen causal latent SCM,0.832,0.44033573477972876,0.14743589743589744,0.11932573678778383,0.037181852566715294,0.4070430729268841,0.534,156,0.8347205707491082,0.8176100628930818,0.7954545454545454,0.05633333333333333,0.0
277,0,Exact no shift,Modular causal latent SCM,0.835,0.4483481657528797,0.10256410256410256,0.11922739534998851,0.025806606999959954,0.405860999560977,0.523,156,0.8394768133174791,0.8113207547169812,0.7954545454545454,0.05633333333333333,0.0
277,0,Exact no shift,Target oracle (reference),0.832,0.4403364598345527,0.11538461538461539,0.11872457672067457,0.02972300843684842,0.40264249623570514,0.508,156,0.8406658739595719,0.7861635220125787,0.7272727272727273,0.05633333333333333,0.0
278,0,Exact no shift,Pooled associative latent class model,0.81,0.3837890750322728,0.38650306748466257,0.13429103096810258,0.04354802508201096,0.4271667203689051,0.549,163,0.8202653799758746,0.7602339181286549,0.796875,0.059,0.0
278,0,Exact no shift,Target-calibrated associative latent model,0.83,0.43503465388420687,0.19631901840490798,0.12426866475198492,0.027818203391413273,0.4113243931382825,0.509,163,0.8492159227985525,0.7368421052631579,0.734375,0.059,0.0
278,0,Exact no shift,Frozen causal latent SCM,0.826,0.42452939000370876,0.22699386503067484,0.12462160700522043,0.035156764560764754,0.41068285315021974,0.525,163,0.8443908323281062,0.7368421052631579,0.71875,0.059,0.0
278,0,Exact no shift,Modular causal latent SCM,0.828,0.429766400870514,0.22699386503067484,0.12433313797193749,0.028400297695379176,0.41170419245948836,0.523,163,0.8468033775633294,0.7368421052631579,0.71875,0.059,0.0
278,0,Exact no shift,Target oracle (reference),0.821,0.41157574939993435,0.22699386503067484,0.1240862265664473,0.03170826133373172,0.39653080067084373,0.518,163,0.8395657418576599,0.7309941520467836,0.71875,0.059,0.0
279,0,Exact no shift,Pooled associative latent class model,0.802,0.36418244398402183,0.2679738562091503,0.13423887720861116,0.03286798507770776,0.4380389289243526,0.462,153,0.8199513381995134,0.7191011235955056,0.7857142857142857,0.06266666666666666,0.0
279,0,Exact no shift,Target-calibrated associative latent model,0.811,0.38627420682901414,0.12418300653594772,0.12762141057110274,0.03737527080511028,0.4097139996203408,0.451,153,0.829683698296837,0.7247191011235955,0.75,0.06266666666666666,0.0
279,0,Exact no shift,Frozen causal latent SCM,0.814,0.3937808255968997,0.11764705882352941,0.12646262437804276,0.029902096548306323,0.411450000669776,0.456,153,0.8321167883211679,0.7303370786516854,0.7678571428571429,0.06266666666666666,0.0
279,0,Exact no shift,Modular causal latent SCM,0.81,0.3837886826069829,0.10457516339869281,0.12833174935094122,0.041645930485630756,0.4099048709618042,0.446,153,0.829683698296837,0.7191011235955056,0.7321428571428571,0.06266666666666666,0.0
279,0,Exact no shift,Target oracle (reference),0.809,0.38130515586647273,0.17647058823529413,0.1250759288111968,0.0331892839302468,0.39715560735817246,0.487,153,0.8260340632603407,0.7303370786516854,0.75,0.06266666666666666,0.0
280,0,Exact no shift,Pooled associative latent class model,0.837,0.45372516992683926,0.26490066225165565,0.1225545605473888,0.041853875394763235,0.4340951763605231,0.535,151,0.8501783590963139,0.7672955974842768,0.7659574468085106,0.05633333333333333,0.0
280,0,Exact no shift,Target-calibrated associative latent model,0.831,0.43766936220399727,0.17218543046357615,0.11234557159873594,0.04154262611565919,0.41107199292769736,0.553,151,0.8501783590963139,0.7295597484276729,0.7446808510638298,0.05633333333333333,0.0
280,0,Exact no shift,Frozen causal latent SCM,0.831,0.43767036357286565,0.19205298013245034,0.11237030366076095,0.03993902104994644,0.41244522890224095,0.551,151,0.8489892984542212,0.7358490566037735,0.7659574468085106,0.05633333333333333,0.0
280,0,Exact no shift,Modular causal latent SCM,0.833,0.4429921751219502,0.17880794701986755,0.1127302336828841,0.040497144862013786,0.413024288714992,0.541,151,0.8513674197384067,0.7358490566037735,0.7659574468085106,0.05633333333333333,0.0
280,0,Exact no shift,Target oracle (reference),0.837,0.45372954733907567,0.1456953642384106,0.10953204455660506,0.03080426504211671,0.39172384708579694,0.517,151,0.8561236623067776,0.7358490566037735,0.7872340425531915,0.05633333333333333,0.0
281,0,Exact no shift,Pooled associative latent class model,0.804,0.36903244126445267,0.36551724137931035,0.14026062559322416,0.03403820012173102,0.4125599430062072,0.5,145,0.8208778173190985,0.7133757961783439,0.7446808510638298,0.05366666666666667,0.0
281,0,Exact no shift,Target-calibrated associative latent model,0.803,0.3666022010262618,0.2896551724137931,0.13291985309849616,0.025416032800076368,0.3974492638908034,0.509,145,0.8196915776986952,0.7133757961783439,0.7659574468085106,0.05366666666666667,0.0
281,0,Exact no shift,Frozen causal latent SCM,0.807,0.3763718459757485,0.21379310344827587,0.13064410039768745,0.021495311483605964,0.40075458664898245,0.495,145,0.8268090154211151,0.7006369426751592,0.7446808510638298,0.05366666666666667,0.0
281,0,Exact no shift,Modular causal latent SCM,0.809,0.3813047273676278,0.2206896551724138,0.1304103131093462,0.02506187694761311,0.4004446735802876,0.501,145,0.8291814946619217,0.7006369426751592,0.7446808510638298,0.05366666666666667,0.0
281,0,Exact no shift,Target oracle (reference),0.816,0.3988224033338048,0.23448275862068965,0.1290804735225745,0.03823712549193829,0.39583603824463276,0.508,145,0.8327402135231317,0.7261146496815286,0.7872340425531915,0.05366666666666667,0.0
282,0,Exact no shift,Pooled associative latent class model,0.791,0.3380637796455477,0.3383458646616541,0.14635780039964044,0.031294932280741414,0.4202612294439559,0.53,133,0.8038507821901324,0.727810650887574,0.74,0.059333333333333335,0.0
282,0,Exact no shift,Target-calibrated associative latent model,0.794,0.34509094791598277,0.24060150375939848,0.14192742625521346,0.04207647490117253,0.3889411403441127,0.531,133,0.8038507821901324,0.7455621301775148,0.76,0.059333333333333335,0.0
282,0,Exact no shift,Frozen causal latent SCM,0.789,0.3334182848971757,0.24060150375939848,0.1418531291421732,0.040392283829217536,0.3914119294832209,0.524,133,0.7978339350180506,0.7455621301775148,0.74,0.059333333333333335,0.0
282,0,Exact no shift,Modular causal latent SCM,0.792,0.34039605672317746,0.18045112781954886,0.14274786865921954,0.039549323242821774,0.3922935869052344,0.511,133,0.8002406738868832,0.7514792899408284,0.76,0.059333333333333335,0.0
282,0,Exact no shift,Target oracle (reference),0.793,0.34273935270123174,0.24060150375939848,0.1403171546097651,0.030157514404983387,0.4028057665224252,0.522,133,0.8038507821901324,0.7396449704142012,0.72,0.059333333333333335,0.0
283,0,Exact no shift,Pooled associative latent class model,0.802,0.3641804619180336,0.32727272727272727,0.13875334497994626,0.028154030495408055,0.4028248720300737,0.499,165,0.8142523364485982,0.7291666666666666,0.6964285714285714,0.051666666666666666,0.001
283,0,Exact no shift,Target-calibrated associative latent model,0.8,0.35935840285031695,0.2909090909090909,0.13690842490519833,0.0477003477111249,0.36996864734960305,0.533,165,0.8095794392523364,0.7430555555555556,0.7321428571428571,0.051666666666666666,0.001
283,0,Exact no shift,Frozen causal latent SCM,0.807,0.37637220590516,0.2,0.13326227143045494,0.03592923104716037,0.36776957305495617,0.52,165,0.8177570093457944,0.7430555555555556,0.75,0.051666666666666666,0.001
283,0,Exact no shift,Modular causal latent SCM,0.804,0.36903298924219613,0.23030303030303031,0.13318015509375364,0.03892429386497074,0.3683591993098972,0.517,165,0.8130841121495327,0.75,0.75,0.051666666666666666,0.001
283,0,Exact no shift,Target oracle (reference),0.812,0.3887650269071356,0.17575757575757575,0.12997183700810203,0.024110764921037427,0.39035867054698326,0.497,165,0.8259345794392523,0.7291666666666666,0.7321428571428571,0.051666666666666666,0.001
284,0,Exact no shift,Pooled associative latent class model,0.823,0.416733343219447,0.2348993288590604,0.1229290670353274,0.026887292500022246,0.41696692984626954,0.477,149,0.8426698450536353,0.7204968944099379,0.75,0.057666666666666665,0.0
284,0,Exact no shift,Target-calibrated associative latent model,0.823,0.4167329756146968,0.087248322147651,0.122400613510761,0.02481480677213035,0.39918753492625514,0.481,149,0.8414779499404053,0.7267080745341615,0.734375,0.057666666666666665,0.0
284,0,Exact no shift,Frozen causal latent SCM,0.826,0.42452854148181296,0.11409395973154363,0.11766051733203715,0.03934183250284837,0.39930174893714876,0.484,149,0.8450536352800954,0.7267080745341615,0.71875,0.057666666666666665,0.0
284,0,Exact no shift,Modular causal latent SCM,0.826,0.42452806652766817,0.12751677852348994,0.12037819140140261,0.01655711324582384,0.3990048952262108,0.494,149,0.8450536352800954,0.7267080745341615,0.734375,0.057666666666666665,0.0
284,0,Exact no shift,Target oracle (reference),0.823,0.4167322929189316,0.1476510067114094,0.11735778892173766,0.03835542708060857,0.39647935179282856,0.507,149,0.8426698450536353,0.7204968944099379,0.6875,0.057666666666666665,0.0
285,0,Exact no shift,Pooled associative latent class model,0.807,0.3763690417514757,0.2624113475177305,0.13694959359578654,0.05075323851672373,0.416160038178481,0.462,141,0.8076463560334528,0.803680981595092,0.803921568627451,0.057,0.0
285,0,Exact no shift,Target-calibrated associative latent model,0.828,0.42976582953136666,0.18439716312056736,0.12317589900737694,0.014561926804709422,0.3911423664845074,0.515,141,0.8279569892473119,0.8282208588957055,0.8235294117647058,0.057,0.0
285,0,Exact no shift,Frozen causal latent SCM,0.828,0.4297654826463257,0.18439716312056736,0.12245286877545916,0.017634273561832694,0.39323957235182694,0.519,141,0.8279569892473119,0.8282208588957055,0.8431372549019608,0.057,0.0
285,0,Exact no shift,Modular causal latent SCM,0.829,0.4323950406431661,0.20567375886524822,0.12310406414256769,0.017636794729755365,0.3929050990825504,0.528,141,0.8291517323775388,0.8282208588957055,0.8431372549019608,0.057,0.0
285,0,Exact no shift,Target oracle (reference),0.83,0.43503523972643104,0.1773049645390071,0.12180618718963108,0.015667735721378168,0.39525461342028484,0.513,141,0.8303464755077659,0.8282208588957055,0.8235294117647058,0.057,0.0
286,0,Exact no shift,Pooled associative latent class model,0.796,0.34981615831967283,0.28846153846153844,0.13790997339947564,0.0326966138670762,0.41483951156132337,0.463,156,0.8106508875739645,0.7161290322580646,0.6444444444444445,0.05533333333333333,0.0
286,0,Exact no shift,Target-calibrated associative latent model,0.795,0.34745722537920176,0.10897435897435898,0.13701195440316633,0.05704149512988213,0.3917683874177494,0.43,156,0.8130177514792899,0.6967741935483871,0.6222222222222222,0.05533333333333333,0.0
286,0,Exact no shift,Frozen causal latent SCM,0.81,0.3837843377993909,0.1794871794871795,0.12992326581231023,0.029621514217902965,0.3922330256419466,0.477,156,0.8284023668639053,0.7096774193548387,0.6666666666666666,0.05533333333333333,0.0
286,0,Exact no shift,Modular causal latent SCM,0.805,0.37147563160837854,0.12179487179487179,0.13326309123451172,0.04519141460715111,0.39212622448183737,0.452,156,0.8224852071005917,0.7096774193548387,0.6444444444444445,0.05533333333333333,0.0
286,0,Exact no shift,Target oracle (reference),0.818,0.40389951379919264,0.20512820512820512,0.12724323655832978,0.0195215386786506,0.3994932430123634,0.507,156,0.8366863905325443,0.7161290322580646,0.6666666666666666,0.05533333333333333,0.0
287,0,Exact no shift,Pooled associative latent class model,0.79,0.3357358059266923,0.2847682119205298,0.14486498493313443,0.0320163608671002,0.40255607288086537,0.491,151,0.7978468899521531,0.75,0.7321428571428571,0.058,0.0
287,0,Exact no shift,Target-calibrated associative latent model,0.801,0.3617657059073789,0.152317880794702,0.14039542916771808,0.044365891339654975,0.3730550185921479,0.48,151,0.8110047846889952,0.75,0.7321428571428571,0.058,0.0
287,0,Exact no shift,Frozen causal latent SCM,0.801,0.3617658511637115,0.16556291390728478,0.13596669081967708,0.031520428257233904,0.3765940541701433,0.494,151,0.8110047846889952,0.75,0.75,0.058,0.0
287,0,Exact no shift,Modular causal latent SCM,0.802,0.36418023146364387,0.15894039735099338,0.13686028419836951,0.030403397001175024,0.37624102696666795,0.489,151,0.8110047846889952,0.7560975609756098,0.7321428571428571,0.058,0.0
287,0,Exact no shift,Target oracle (reference),0.812,0.3887648293522914,0.19205298013245034,0.1335741975593325,0.033920456215459645,0.38938483506475813,0.509,151,0.8229665071770335,0.7560975609756098,0.7678571428571429,0.058,0.0
288,0,Exact no shift,Pooled associative latent class model,0.804,0.36903315416843036,0.26582278481012656,0.1352945342956786,0.023408850685342843,0.4316916630509838,0.473,158,0.8145933014354066,0.75,0.8979591836734694,0.058666666666666666,0.0
288,0,Exact no shift,Target-calibrated associative latent model,0.814,0.3937778941625865,0.20253164556962025,0.12803449260828473,0.040671102615956994,0.4048602686913362,0.527,158,0.8301435406698564,0.7317073170731707,0.8163265306122449,0.058666666666666666,0.0
288,0,Exact no shift,Frozen causal latent SCM,0.808,0.3788347748345666,0.17721518987341772,0.12580455203603721,0.03271220002967191,0.4055606161746513,0.497,158,0.8217703349282297,0.7378048780487805,0.7959183673469388,0.058666666666666666,0.0
288,0,Exact no shift,Modular causal latent SCM,0.805,0.37147140950037794,0.17721518987341772,0.12595364342708457,0.03250268106316362,0.40527042823480075,0.498,158,0.819377990430622,0.7317073170731707,0.7755102040816326,0.058666666666666666,0.0
288,0,Exact no shift,Target oracle (reference),0.807,0.37637231088449347,0.17721518987341772,0.12549315696888638,0.030892845134339722,0.3943290640032294,0.498,158,0.8205741626794258,0.7378048780487805,0.7959183673469388,0.058666666666666666,0.0
289,0,Exact no shift,Pooled associative latent class model,0.784,0.32194872354556686,0.39520958083832336,0.14792566599396373,0.03022908652225538,0.455394197908813,0.538,167,0.7898550724637681,0.7558139534883721,0.723404255319149,0.060333333333333336,0.0
289,0,Exact no shift,Target-calibrated associative latent model,0.801,0.3617673226324189,0.1377245508982036,0.13427539430017532,0.04215607327156536,0.43058988326808173,0.469,167,0.8091787439613527,0.7616279069767442,0.7659574468085106,0.060333333333333336,0.0
289,0,Exact no shift,Frozen causal latent SCM,0.802,0.3641797133585903,0.2155688622754491,0.1356684721221484,0.02087832245411718,0.4336050001359587,0.494,167,0.8067632850241546,0.7790697674418605,0.8085106382978723,0.060333333333333336,0.0
289,0,Exact no shift,Modular causal latent SCM,0.802,0.36418069062917147,0.17365269461077845,0.13441173909295998,0.033388719531587285,0.4328677712760302,0.478,167,0.8067632850241546,0.7790697674418605,0.8085106382978723,0.060333333333333336,0.0
289,0,Exact no shift,Target oracle (reference),0.802,0.36417985296885724,0.2215568862275449,0.13390609771488657,0.020525691273574724,0.4071152503482434,0.51,167,0.8091787439613527,0.7674418604651163,0.7446808510638298,0.060333333333333336,0.0
290,0,Exact no shift,Pooled associative latent class model,0.802,0.3641768191228267,0.25517241379310346,0.14010352888313815,0.0596040779265248,0.4241125318762266,0.468,145,0.8077830188679245,0.7697368421052632,0.8444444444444444,0.05333333333333334,0.0
290,0,Exact no shift,Target-calibrated associative latent model,0.82,0.40900943685258623,0.18620689655172415,0.1267787958269577,0.02676372722251471,0.40342883291041826,0.512,145,0.8219339622641509,0.8092105263157895,0.8444444444444444,0.05333333333333334,0.0
290,0,Exact no shift,Frozen causal latent SCM,0.816,0.3988232580406146,0.15862068965517243,0.12870305873325555,0.03932693160463736,0.4036874579974268,0.488,145,0.8160377358490566,0.8157894736842105,0.8444444444444444,0.05333333333333334,0.0
290,0,Exact no shift,Modular causal latent SCM,0.818,0.4039008525490041,0.1793103448275862,0.12824344312315683,0.034890906639762215,0.40377029434179645,0.496,145,0.8195754716981132,0.8092105263157895,0.8444444444444444,0.05333333333333334,0.0
290,0,Exact no shift,Target oracle (reference),0.819,0.40644931945563045,0.18620689655172415,0.12560534531653833,0.027377772087135602,0.4031323169038832,0.523,145,0.8254716981132075,0.7828947368421053,0.8222222222222222,0.05333333333333334,0.0
291,0,Exact no shift,Pooled associative latent class model,0.784,0.3219489831331537,0.2986111111111111,0.14053944652508887,0.03763829672813511,0.4396477670076315,0.462,144,0.7910271546635183,0.7450980392156863,0.6739130434782609,0.05566666666666667,0.0
291,0,Exact no shift,Target-calibrated associative latent model,0.798,0.3545718635571422,0.2222222222222222,0.13401948190572568,0.04043772425896491,0.41326663051391516,0.472,144,0.8099173553719008,0.7320261437908496,0.6739130434782609,0.05566666666666667,0.0
291,0,Exact no shift,Frozen causal latent SCM,0.799,0.35696186559486487,0.18055555555555555,0.13087023475164516,0.03465441045801522,0.4147035075390096,0.475,144,0.8099173553719008,0.738562091503268,0.6739130434782609,0.05566666666666667,0.0
291,0,Exact no shift,Modular causal latent SCM,0.802,0.364180051375165,0.22916666666666666,0.13225880137503368,0.029253391549802988,0.4138959777485403,0.486,144,0.8134592680047226,0.738562091503268,0.6739130434782609,0.05566666666666667,0.0
291,0,Exact no shift,Target oracle (reference),0.813,0.39126721017575217,0.2152777777777778,0.12964423664450786,0.014430769156343299,0.4023775469399858,0.515,144,0.820543093270366,0.7712418300653595,0.717391304347826,0.05566666666666667,0.0
292,0,Exact no shift,Pooled associative latent class model,0.798,0.3545699496235071,0.35,0.13445317977324595,0.026661020990340317,0.43113116141944646,0.499,140,0.7962962962962963,0.8052631578947368,0.7735849056603774,0.06633333333333333,0.0
292,0,Exact no shift,Target-calibrated associative latent model,0.808,0.37883423723164594,0.2642857142857143,0.12672383227259154,0.03760039797805308,0.4060254696052153,0.501,140,0.8049382716049382,0.8210526315789474,0.7924528301886793,0.06633333333333333,0.0
292,0,Exact no shift,Frozen causal latent SCM,0.814,0.3937782251519912,0.15714285714285714,0.125805626594595,0.031601900820879374,0.40779840658284366,0.479,140,0.8123456790123457,0.8210526315789474,0.7924528301886793,0.06633333333333333,0.0
292,0,Exact no shift,Modular causal latent SCM,0.815,0.39629631029156137,0.20714285714285716,0.1261030044802415,0.030851776327180714,0.4075422116698546,0.484,140,0.8135802469135802,0.8210526315789474,0.7924528301886793,0.06633333333333333,0.0
292,0,Exact no shift,Target oracle (reference),0.817,0.401356816117279,0.17142857142857143,0.12519498177258992,0.02942510289483742,0.40965369247996836,0.496,140,0.817283950617284,0.8157894736842105,0.7735849056603774,0.06633333333333333,0.0
293,0,Exact no shift,Pooled associative latent class model,0.814,0.3937786637979223,0.296551724137931,0.1276177866506958,0.04017454455965159,0.422636301182503,0.474,145,0.8213429256594724,0.7771084337349398,0.7142857142857143,0.059666666666666666,0.001
293,0,Exact no shift,Target-calibrated associative latent model,0.824,0.4193246182630374,0.1724137931034483,0.12238981901032277,0.029366260603055493,0.396210711176754,0.47,145,0.8333333333333334,0.7771084337349398,0.7321428571428571,0.059666666666666666,0.001
293,0,Exact no shift,Frozen causal latent SCM,0.832,0.44033586398476515,0.20689655172413793,0.11865067310821828,0.01966827595366323,0.3994885292642621,0.502,145,0.8465227817745803,0.7590361445783133,0.7142857142857143,0.059666666666666666,0.001
293,0,Exact no shift,Modular causal latent SCM,0.833,0.44299936399813616,0.16551724137931034,0.1190480915885664,0.028277938455342676,0.39888935887442906,0.479,145,0.8477218225419664,0.7590361445783133,0.7321428571428571,0.059666666666666666,0.001
293,0,Exact no shift,Target oracle (reference),0.829,0.43239676834335017,0.18620689655172415,0.11866768910346495,0.026516991281228863,0.4021456681391569,0.479,145,0.8441247002398081,0.7530120481927711,0.7321428571428571,0.059666666666666666,0.001
294,0,Exact no shift,Pooled associative latent class model,0.811,0.3862721665619241,0.2706766917293233,0.13514275984093502,0.033187872135548704,0.41354222351189884,0.468,133,0.8255528255528255,0.7473118279569892,0.7735849056603774,0.064,0.0
294,0,Exact no shift,Target-calibrated associative latent model,0.823,0.4167322996516392,0.24060150375939848,0.13049988166078114,0.02663232616622079,0.39438515940705604,0.508,133,0.8402948402948403,0.7473118279569892,0.7924528301886793,0.064,0.0
294,0,Exact no shift,Frozen causal latent SCM,0.82,0.40900945962048707,0.15789473684210525,0.13124938137967046,0.032531550886997454,0.3932606740722657,0.479,133,0.8366093366093366,0.7473118279569892,0.7924528301886793,0.064,0.0
294,0,Exact no shift,Modular causal latent SCM,0.823,0.4167326069995783,0.17293233082706766,0.12989568852335118,0.023234607485299544,0.39419868700391236,0.486,133,0.8415233415233415,0.7419354838709677,0.7735849056603774,0.064,0.0
294,0,Exact no shift,Target oracle (reference),0.821,0.4115750728937439,0.16541353383458646,0.1307786323281561,0.02348645571697442,0.3949684124631126,0.494,133,0.8378378378378378,0.7473118279569892,0.7924528301886793,0.064,0.0
295,0,Exact no shift,Pooled associative latent class model,0.821,0.41157565430879667,0.25735294117647056,0.1264339648770393,0.0220851508286313,0.4051607592380997,0.483,136,0.8198830409356725,0.8275862068965517,0.8235294117647058,0.050333333333333334,0.0
295,0,Exact no shift,Target-calibrated associative latent model,0.824,0.4193234707475206,0.22794117647058823,0.12262579226773118,0.033199022206569215,0.3791443543881799,0.518,136,0.8222222222222222,0.8344827586206897,0.8235294117647058,0.050333333333333334,0.0
295,0,Exact no shift,Frozen causal latent SCM,0.824,0.4193228332369404,0.16176470588235295,0.1233917946912263,0.02348053159509901,0.37794903821500975,0.502,136,0.8233918128654971,0.8275862068965517,0.7941176470588235,0.050333333333333334,0.0
295,0,Exact no shift,Modular causal latent SCM,0.826,0.42452810601495017,0.21323529411764705,0.12247057381032517,0.027952029728648485,0.3792472719169241,0.506,136,0.8233918128654971,0.8413793103448276,0.8529411764705882,0.050333333333333334,0.0
295,0,Exact no shift,Target oracle (reference),0.823,0.41673225046546586,0.17647058823529413,0.12232969329147392,0.014158299433058321,0.38478875232977405,0.497,136,0.8222222222222222,0.8275862068965517,0.8235294117647058,0.050333333333333334,0.0
296,0,Exact no shift,Pooled associative latent class model,0.807,0.3763713060808523,0.31868131868131866,0.13964101473409493,0.04687369932897156,0.41869592427464525,0.531,182,0.8102016607354685,0.7898089171974523,0.8333333333333334,0.056,0.001
296,0,Exact no shift,Target-calibrated associative latent model,0.818,0.4038979646607624,0.2692307692307692,0.12786123604980318,0.04769789204563537,0.3931037305839703,0.54,182,0.8208778173190985,0.802547770700637,0.8333333333333334,0.056,0.001
296,0,Exact no shift,Frozen causal latent SCM,0.829,0.4323958845294705,0.19230769230769232,0.12494331597892065,0.033392086806857235,0.3971457744231058,0.525,182,0.8351126927639383,0.7961783439490446,0.8333333333333334,0.056,0.001
296,0,Exact no shift,Modular causal latent SCM,0.827,0.42714288001945505,0.17582417582417584,0.12436457838418176,0.035999037804205665,0.39673772500634696,0.521,182,0.8327402135231317,0.7961783439490446,0.8333333333333334,0.056,0.001
296,0,Exact no shift,Target oracle (reference),0.829,0.4323965724784055,0.18681318681318682,0.12441894519399818,0.03476152304143717,0.4015702382752104,0.511,182,0.833926453143535,0.802547770700637,0.8333333333333334,0.056,0.001
297,0,Exact no shift,Pooled associative latent class model,0.804,0.3690337132013641,0.3401360544217687,0.13581847165606412,0.030874015366745847,0.4532220104433217,0.523,147,0.8125,0.756578947368421,0.7777777777777778,0.053,0.0
297,0,Exact no shift,Target-calibrated associative latent model,0.81,0.3837854765913028,0.09523809523809523,0.13780076361890958,0.04887471243217539,0.42786044861653405,0.469,147,0.8148584905660378,0.7828947368421053,0.7962962962962963,0.053,0.0
297,0,Exact no shift,Frozen causal latent SCM,0.822,0.4141496046312288,0.17006802721088435,0.1298440713762669,0.036452341497772524,0.430301002974891,0.503,147,0.8278301886792453,0.7894736842105263,0.7777777777777778,0.053,0.0
297,0,Exact no shift,Modular causal latent SCM,0.817,0.40135711218034914,0.14285714285714285,0.13234097242691067,0.04153474701703852,0.429846041699813,0.488,147,0.8242924528301887,0.7763157894736842,0.7592592592592593,0.053,0.0
297,0,Exact no shift,Target oracle (reference),0.821,0.41157501629174986,0.17006802721088435,0.1297503316548176,0.022777447620325166,0.39612188930098113,0.502,147,0.8278301886792453,0.7828947368421053,0.7777777777777778,0.053,0.0
298,0,Exact no shift,Pooled associative latent class model,0.806,0.3739173683107639,0.2962962962962963,0.13090151970041305,0.036895620809280834,0.4038527116528656,0.496,135,0.8161849710982659,0.7407407407407407,0.7352941176470589,0.04666666666666667,0.0
298,0,Exact no shift,Target-calibrated associative latent model,0.812,0.38876598925022393,0.11851851851851852,0.12544215574796216,0.019360363746460715,0.38324457918301896,0.472,135,0.8219653179190751,0.7481481481481481,0.7058823529411765,0.04666666666666667,0.0
298,0,Exact no shift,Frozen causal latent SCM,0.819,0.406450394782928,0.1259259259259259,0.12318694577243612,0.020229193841618514,0.3857034104316066,0.485,135,0.8323699421965318,0.7333333333333333,0.7058823529411765,0.04666666666666667,0.0
298,0,Exact no shift,Modular causal latent SCM,0.815,0.39629573236206606,0.1925925925925926,0.12245689636353187,0.02522156072598265,0.38505076921255166,0.499,135,0.8312138728323699,0.7111111111111111,0.6764705882352942,0.04666666666666667,0.0
298,0,Exact no shift,Target oracle (reference),0.823,0.4167331506646356,0.1259259259259259,0.12302123538977781,0.021508889831108113,0.3919085595791787,0.479,135,0.8369942196531792,0.7333333333333333,0.6764705882352942,0.04666666666666667,0.0
299,0,Exact no shift,Pooled associative latent class model,0.781,0.315161425234208,0.2913907284768212,0.14642787800913504,0.03977305455166529,0.43006405595437225,0.467,151,0.7921146953405018,0.7239263803680982,0.6730769230769231,0.058666666666666666,0.0
299,0,Exact no shift,Target-calibrated associative latent model,0.789,0.33342530146803684,0.16556291390728478,0.14142460052462646,0.048478211666509424,0.41211047387150956,0.443,151,0.8040621266427718,0.7116564417177914,0.6346153846153846,0.058666666666666666,0.0
299,0,Exact no shift,Frozen causal latent SCM,0.792,0.3404044970564552,0.1390728476821192,0.14151076793399023,0.05476499827369286,0.411604571659259,0.442,151,0.8076463560334528,0.7116564417177914,0.6538461538461539,0.058666666666666666,0.0
299,0,Exact no shift,Modular causal latent SCM,0.786,0.3265214165445311,0.1456953642384106,0.14288352472869806,0.058877099330783896,0.41078554976123455,0.434,151,0.8052568697729988,0.6871165644171779,0.6153846153846154,0.058666666666666666,0.0
299,0,Exact no shift,Target oracle (reference),0.809,0.3813064740918365,0.17880794701986755,0.13817053752305794,0.03324538552945899,0.40129398048272297,0.473,151,0.8195937873357229,0.754601226993865,0.7115384615384616,0.058666666666666666,0.0
300,0,Exact no shift,Pooled associative latent class model,0.819,0.4064503203311689,0.23846153846153847,0.13215044985199614,0.029703564622761566,0.430708328320266,0.512,130,0.8197879858657244,0.8145695364238411,0.8409090909090909,0.053,0.0
300,0,Exact no shift,Target-calibrated associative latent model,0.828,0.42976550041843486,0.06153846153846154,0.12391805265338734,0.019352868349607533,0.39428243635137694,0.495,130,0.8362779740871613,0.7814569536423841,0.8409090909090909,0.053,0.0
300,0,Exact no shift,Frozen causal latent SCM,0.831,0.4376814095513095,0.11538461538461539,0.1219879980282438,0.019089229505628334,0.39776371202223115,0.504,130,0.833922261484099,0.8145695364238411,0.8636363636363636,0.053,0.0
300,0,Exact no shift,Modular causal latent SCM,0.831,0.4376814653729458,0.09230769230769231,0.12295412002034174,0.0280512104609418,0.39766096294430286,0.492,130,0.8362779740871613,0.8013245033112583,0.8409090909090909,0.053,0.0
300,0,Exact no shift,Target oracle (reference),0.831,0.43768161888238843,0.13076923076923078,0.12162439868846595,0.021440697542574494,0.3948737431590301,0.514,130,0.8351001177856302,0.8079470198675497,0.8636363636363636,0.053,0.0
301,0,Exact no shift,Pooled associative latent class model,0.803,0.36660209233065116,0.30718954248366015,0.13636186643008347,0.030490918734465265,0.42226738108792333,0.5,153,0.8174418604651162,0.7142857142857143,0.6888888888888889,0.049666666666666665,0.001
301,0,Exact no shift,Target-calibrated associative latent model,0.811,0.3862697837536552,0.21568627450980393,0.13096453529991842,0.038793500230041765,0.3800390735172125,0.498,153,0.8220930232558139,0.7428571428571429,0.6888888888888889,0.049666666666666665,0.001
301,0,Exact no shift,Frozen causal latent SCM,0.816,0.39882354929383795,0.13725490196078433,0.1303341069368258,0.04250491200908408,0.3829783463649725,0.475,153,0.8244186046511628,0.7642857142857142,0.7333333333333333,0.049666666666666665,0.001
301,0,Exact no shift,Modular causal latent SCM,0.809,0.3813048786515933,0.21568627450980393,0.13081929990567617,0.04494290318910909,0.38233620017586956,0.494,153,0.8186046511627907,0.75,0.7111111111111111,0.049666666666666665,0.001
301,0,Exact no shift,Target oracle (reference),0.818,0.40389951379919264,0.16339869281045752,0.1283647539220315,0.04281414058144115,0.3954393810445967,0.493,153,0.8267441860465117,0.7642857142857142,0.7555555555555555,0.049666666666666665,0.001
302,0,Exact no shift,Pooled associative latent class model,0.783,0.31967718286597,0.2751677852348993,0.14328668253194077,0.03553940898162459,0.43207158721066735,0.447,149,0.8038507821901324,0.6804733727810651,0.696969696969697,0.06,0.0
302,0,Exact no shift,Target-calibrated associative latent model,0.784,0.3219458015409287,0.2348993288590604,0.14322036348142775,0.027318551195946995,0.4083247293756013,0.498,149,0.8014440433212996,0.6982248520710059,0.7575757575757576,0.06,0.0
302,0,Exact no shift,Frozen causal latent SCM,0.803,0.36660347941544696,0.14093959731543623,0.13489234217270235,0.031554732341260584,0.4091827359836742,0.457,149,0.8206979542719615,0.7159763313609467,0.7878787878787878,0.06,0.0
302,0,Exact no shift,Modular causal latent SCM,0.797,0.35218865872464056,0.1610738255033557,0.13596650618869144,0.018884153437015286,0.40988511385860316,0.467,149,0.8146811070998796,0.7100591715976331,0.7575757575757576,0.06,0.0
302,0,Exact no shift,Target oracle (reference),0.803,0.36660275559263583,0.1610738255033557,0.13464499400452296,0.031085265986452656,0.4045006465603279,0.477,149,0.8182912154031288,0.727810650887574,0.7878787878787878,0.06,0.0
303,0,Exact no shift,Pooled associative latent class model,0.821,0.4115783812613785,0.27631578947368424,0.13012131325634763,0.04036168199444013,0.41640139861014097,0.539,152,0.8284023668639053,0.7806451612903226,0.7755102040816326,0.054,0.0
303,0,Exact no shift,Target-calibrated associative latent model,0.842,0.4673232154131493,0.11842105263157894,0.11679949696449969,0.0353600925657153,0.3979291917180156,0.514,152,0.8461538461538461,0.8193548387096774,0.7755102040816326,0.054,0.0
303,0,Exact no shift,Frozen causal latent SCM,0.836,0.45103570641219276,0.19078947368421054,0.11646484858045389,0.03427421030086585,0.39759000409894973,0.524,152,0.8390532544378698,0.8193548387096774,0.7755102040816326,0.054,0.0
303,0,Exact no shift,Modular causal latent SCM,0.838,0.45643273831125836,0.16447368421052633,0.11604720877658466,0.03195688841114705,0.3981655945156523,0.52,152,0.8402366863905325,0.8258064516129032,0.7959183673469388,0.054,0.0
303,0,Exact no shift,Target oracle (reference),0.845,0.4755757939544241,0.17763157894736842,0.11483633343977624,0.04088696858189406,0.39171587122348944,0.519,152,0.8520710059171598,0.8064516129032258,0.7959183673469388,0.054,0.0
304,0,Exact no shift,Pooled associative latent class model,0.801,0.36176513900185386,0.294478527607362,0.14229879512419275,0.035700138763707354,0.3866657419155998,0.501,163,0.8153310104529616,0.7122302158273381,0.7692307692307693,0.05,0.001
304,0,Exact no shift,Target-calibrated associative latent model,0.812,0.38876440316843736,0.1901840490797546,0.13452334884684086,0.041650000008047,0.36448523530415017,0.51,163,0.8246225319396051,0.7338129496402878,0.7948717948717948,0.05,0.001
304,0,Exact no shift,Frozen causal latent SCM,0.81,0.3837837983654944,0.2147239263803681,0.13476228241693042,0.036579123402099456,0.36478707091352,0.516,163,0.8234610917537747,0.7266187050359713,0.7948717948717948,0.05,0.001
304,0,Exact no shift,Modular causal latent SCM,0.815,0.39629623677285863,0.1901840490797546,0.1347246222709996,0.04536586548196273,0.3646356111156487,0.515,163,0.8281068524970964,0.7338129496402878,0.7948717948717948,0.05,0.001
304,0,Exact no shift,Target oracle (reference),0.804,0.36903250050205494,0.17791411042944785,0.13409297782662688,0.031022337379820915,0.3903041058151854,0.494,163,0.818815331010453,0.7122302158273381,0.7692307692307693,0.05,0.001
305,0,Exact no shift,Pooled associative latent class model,0.797,0.35220013417695034,0.41134751773049644,0.13760157042103732,0.07442098638501711,0.3776193835864846,0.575,141,0.7964912280701755,0.8,0.8076923076923077,0.052,0.001
305,0,Exact no shift,Target-calibrated associative latent model,0.803,0.36661494337836736,0.3333333333333333,0.1342565373127302,0.0752293827376792,0.35397834164319386,0.577,141,0.8035087719298246,0.8,0.7884615384615384,0.052,0.001
305,0,Exact no shift,Frozen causal latent SCM,0.809,0.3813121635237724,0.24822695035460993,0.13188842235940496,0.060476547468159204,0.3562227808262949,0.559,141,0.8116959064327486,0.7931034482758621,0.7884615384615384,0.052,0.001
305,0,Exact no shift,Modular causal latent SCM,0.806,0.37392617901267705,0.2624113475177305,0.13230478485701302,0.0629492975303,0.35591917917865273,0.564,141,0.8070175438596491,0.8,0.7884615384615384,0.052,0.001
305,0,Exact no shift,Target oracle (reference),0.815,0.39629587998041654,0.19148936170212766,0.12660649432161042,0.0319752072304739,0.3799873419230272,0.493,141,0.8210526315789474,0.7793103448275862,0.7692307692307693,0.052,0.001
306,0,Exact no shift,Pooled associative latent class model,0.776,0.3040161822920979,0.2692307692307692,0.14880717266962817,0.07842617274624201,0.3926445080990496,0.423,156,0.7788347205707491,0.7610062893081762,0.8135593220338984,0.056,0.0
306,0,Exact no shift,Target-calibrated associative latent model,0.798,0.35457520374847473,0.19230769230769232,0.13809841332990766,0.06585613330485023,0.38826758326165484,0.439,156,0.8049940546967895,0.7610062893081762,0.8305084745762712,0.056,0.0
306,0,Exact no shift,Frozen causal latent SCM,0.807,0.37637801366870455,0.1282051282051282,0.13636148540427956,0.07155916283001491,0.38914677077230514,0.432,156,0.8156956004756243,0.7610062893081762,0.8305084745762712,0.056,0.0
306,0,Exact no shift,Modular causal latent SCM,0.804,0.3690396606742588,0.12179487179487179,0.1371401825038396,0.07584072356599031,0.38865519808578985,0.427,156,0.812128418549346,0.7610062893081762,0.8305084745762712,0.056,0.0
306,0,Exact no shift,Target oracle (reference),0.813,0.3912671338194938,0.21794871794871795,0.1293098178212246,0.019751775018627484,0.3940065610303874,0.512,156,0.8145065398335315,0.8050314465408805,0.847457627118644,0.056,0.0
307,0,Exact no shift,Pooled associative latent class model,0.818,0.4038998451973128,0.23121387283236994,0.1322862739525036,0.032775723051962614,0.4038635312566173,0.486,173,0.8141486810551559,0.8373493975903614,0.8301886792452831,0.05633333333333333,0.0
307,0,Exact no shift,Target-calibrated associative latent model,0.827,0.42714292410302174,0.1907514450867052,0.12559795915157357,0.02912332299038111,0.3791212633474139,0.495,173,0.8261390887290168,0.8313253012048193,0.8301886792452831,0.05633333333333333,0.0
307,0,Exact no shift,Frozen causal latent SCM,0.831,0.43768148960559067,0.12716763005780346,0.12266376391878417,0.034572834941878704,0.3797728160927811,0.493,173,0.8309352517985612,0.8313253012048193,0.8113207547169812,0.05633333333333333,0.0
307,0,Exact no shift,Modular causal latent SCM,0.827,0.4271429786196899,0.18497109826589594,0.12366547970368635,0.032323089700345926,0.38016334063790963,0.509,173,0.8285371702637889,0.8192771084337349,0.7924528301886793,0.05633333333333333,0.0
307,0,Exact no shift,Target oracle (reference),0.828,0.4297658374757824,0.13872832369942195,0.12109565999327723,0.02820528732569271,0.3951736250417844,0.518,173,0.8285371702637889,0.8253012048192772,0.8301886792452831,0.05633333333333333,0.0
308,0,Exact no shift,Pooled associative latent class model,0.79,0.3357355278464569,0.41496598639455784,0.14165487325562431,0.023735250101175245,0.41625726767258064,0.513,147,0.8123515439429929,0.6708860759493671,0.75,0.055,0.0
308,0,Exact no shift,Target-calibrated associative latent model,0.796,0.3498192173814027,0.1292517006802721,0.14007910301751433,0.04471891289562767,0.40073310234995474,0.451,147,0.8182897862232779,0.6772151898734177,0.7833333333333333,0.055,0.0
308,0,Exact no shift,Frozen causal latent SCM,0.797,0.35218837340760256,0.2108843537414966,0.13564419074964013,0.02981089217332089,0.4021470576255534,0.482,147,0.8194774346793349,0.6772151898734177,0.7666666666666667,0.055,0.0
308,0,Exact no shift,Modular causal latent SCM,0.792,0.34040138892103977,0.1564625850340136,0.13881013718476032,0.04103363497817558,0.40078377033814455,0.453,147,0.8171021377672208,0.6582278481012658,0.75,0.055,0.0
308,0,Exact no shift,Target oracle (reference),0.806,0.3739185928204519,0.19047619047619047,0.13431523857840472,0.02812317000068708,0.4037656780138335,0.477,147,0.831353919239905,0.6708860759493671,0.7666666666666667,0.055,0.0
309,0,Exact no shift,Pooled associative latent class model,0.789,0.3334178422128358,0.2689655172413793,0.14229369679320963,0.051475344003767465,0.4032139916684537,0.488,145,0.8033175355450237,0.7115384615384616,0.7659574468085106,0.056,0.0
309,0,Exact no shift,Target-calibrated associative latent model,0.787,0.328791286486545,0.04827586206896552,0.14411431979406306,0.08113103191081798,0.37748079451366096,0.44,145,0.8045023696682464,0.6923076923076923,0.723404255319149,0.056,0.0
309,0,Exact no shift,Frozen causal latent SCM,0.805,0.37147228011754735,0.15862068965517243,0.13371022103250027,0.03890211801059781,0.3811529572260981,0.494,145,0.8199052132701422,0.7243589743589743,0.7446808510638298,0.056,0.0
309,0,Exact no shift,Modular causal latent SCM,0.807,0.37637077518329276,0.0896551724137931,0.137536612648647,0.0610441327239768,0.3803334468095152,0.474,145,0.8222748815165877,0.7243589743589743,0.723404255319149,0.056,0.0
309,0,Exact no shift,Target oracle (reference),0.82,0.4090073070938812,0.1724137931034483,0.1298128598331582,0.023176857224976633,0.38498524490483577,0.527,145,0.8317535545023697,0.7564102564102564,0.7872340425531915,0.056,0.0
310,0,Exact no shift,Pooled associative latent class model,0.809,0.38132033465838416,0.42168674698795183,0.13682645387259318,0.09866526396085139,0.3828111563913411,0.596,166,0.8164705882352942,0.7666666666666667,0.7627118644067796,0.054,0.0
310,0,Exact no shift,Target-calibrated associative latent model,0.812,0.38877867395320126,0.3674698795180723,0.13530477446499645,0.10398651510380288,0.36037776875212124,0.593,166,0.8188235294117647,0.7733333333333333,0.7457627118644068,0.054,0.0
310,0,Exact no shift,Frozen causal latent SCM,0.819,0.40645933707984433,0.28313253012048195,0.12445406806217164,0.07412333264919013,0.36532058478469387,0.576,166,0.8270588235294117,0.7733333333333333,0.7457627118644068,0.054,0.0
310,0,Exact no shift,Modular causal latent SCM,0.813,0.3912784922660446,0.3373493975903614,0.12797454623348944,0.08773434105655076,0.3627566667306069,0.584,166,0.8211764705882353,0.7666666666666667,0.7288135593220338,0.054,0.0
310,0,Exact no shift,Target oracle (reference),0.841,0.46458843481939954,0.20481927710843373,0.1155567439432193,0.026567266596225155,0.38246138964434195,0.512,166,0.8458823529411764,0.8133333333333334,0.7966101694915254,0.054,0.0
311,0,Exact no shift,Pooled associative latent class model,0.798,0.35457257877652953,0.389937106918239,0.13784570164111057,0.03570503827763224,0.4301315384476741,0.562,159,0.7983490566037735,0.7960526315789473,0.8596491228070176,0.05366666666666667,0.0
311,0,Exact no shift,Target-calibrated associative latent model,0.826,0.4245293684979983,0.20125786163522014,0.12394287019103703,0.0322025532804743,0.41028614640283034,0.544,159,0.8301886792452831,0.8026315789473685,0.8771929824561403,0.05366666666666667,0.0
311,0,Exact no shift,Frozen causal latent SCM,0.822,0.41415075573216253,0.2138364779874214,0.12423481934037076,0.02579501566857464,0.4117596719152944,0.538,159,0.8266509433962265,0.7960526315789473,0.8596491228070176,0.05366666666666667,0.0
311,0,Exact no shift,Modular causal latent SCM,0.828,0.42976651317999,0.1949685534591195,0.12390756994805235,0.030211150537420885,0.411137908353396,0.542,159,0.8325471698113207,0.8026315789473685,0.8771929824561403,0.05366666666666667,0.0
311,0,Exact no shift,Target oracle (reference),0.83,0.43503498318963996,0.15723270440251572,0.12068743446821811,0.02171147074932577,0.3943479019645844,0.512,159,0.8337264150943396,0.8092105263157895,0.8421052631578947,0.05366666666666667,0.0
312,0,Exact no shift,Pooled associative latent class model,0.805,0.3714714284846947,0.35036496350364965,0.14027144345132833,0.053115683169192324,0.42490304956654074,0.531,137,0.8101415094339622,0.7763157894736842,0.75,0.05366666666666667,0.001
312,0,Exact no shift,Target-calibrated associative latent model,0.812,0.3887646853899978,0.291970802919708,0.13629846468526524,0.05458149225535448,0.40937416475992006,0.54,137,0.8136792452830188,0.8026315789473685,0.7833333333333333,0.05366666666666667,0.001
312,0,Exact no shift,Frozen causal latent SCM,0.819,0.40645044822374976,0.1897810218978102,0.1342407658413981,0.03939793154223639,0.41189001762754335,0.517,137,0.8219339622641509,0.8026315789473685,0.8,0.05366666666666667,0.001
312,0,Exact no shift,Modular causal latent SCM,0.812,0.38876472654728694,0.21897810218978103,0.13615927024081492,0.05278552382354064,0.4108385567194587,0.53,137,0.8136792452830188,0.8026315789473685,0.8,0.05366666666666667,0.001
312,0,Exact no shift,Target oracle (reference),0.821,0.41157556476461404,0.1386861313868613,0.13210207060719603,0.02233927032130818,0.39943496794227884,0.479,137,0.8278301886792453,0.7828947368421053,0.7833333333333333,0.05366666666666667,0.001
313,0,Exact no shift,Pooled associative latent class model,0.815,0.3962959135458694,0.3287671232876712,0.12603334568779412,0.03090039676320104,0.43891899882431873,0.491,146,0.8251497005988024,0.7636363636363637,0.8,0.05733333333333333,0.0
313,0,Exact no shift,Target-calibrated associative latent model,0.822,0.4141527743298287,0.2465753424657534,0.12203863184315214,0.04456881636104037,0.42202774599023846,0.538,146,0.8287425149700599,0.7878787878787878,0.7714285714285715,0.05733333333333333,0.0
313,0,Exact no shift,Frozen causal latent SCM,0.83,0.43503451364600626,0.19863013698630136,0.11917762714841063,0.029563711482627077,0.42369999605707914,0.498,146,0.837125748502994,0.793939393939394,0.7714285714285715,0.05733333333333333,0.0
313,0,Exact no shift,Modular causal latent SCM,0.834,0.4456692246413716,0.17123287671232876,0.11960698299161854,0.038678057564426195,0.423232324430545,0.494,146,0.8419161676646707,0.793939393939394,0.7714285714285715,0.05733333333333333,0.0
313,0,Exact no shift,Target oracle (reference),0.832,0.4403359458145906,0.18493150684931506,0.11739535024488021,0.021815145259779997,0.4023732737577855,0.492,146,0.837125748502994,0.806060606060606,0.7714285714285715,0.05733333333333333,0.0
314,0,Exact no shift,Pooled associative latent class model,0.8,0.3593603607589944,0.3782051282051282,0.1369749729492952,0.017105338365938305,0.431357573838172,0.53,156,0.8102625298329356,0.7469135802469136,0.8214285714285714,0.05733333333333333,0.0
314,0,Exact no shift,Target-calibrated associative latent model,0.822,0.4141501586032857,0.1282051282051282,0.12780133173458552,0.020398237080640546,0.400956108688943,0.516,156,0.8329355608591885,0.7654320987654321,0.875,0.05733333333333333,0.0
314,0,Exact no shift,Frozen causal latent SCM,0.826,0.4245291180684485,0.22435897435897437,0.12488592734126806,0.025028334298339793,0.40302357966966523,0.526,156,0.8400954653937948,0.7530864197530864,0.8392857142857143,0.05733333333333333,0.0
314,0,Exact no shift,Modular causal latent SCM,0.83,0.43503561381159783,0.1794871794871795,0.12469469475874138,0.0278528234555019,0.40366024707920983,0.526,156,0.8400954653937948,0.7777777777777778,0.875,0.05733333333333333,0.0
314,0,Exact no shift,Target oracle (reference),0.828,0.4297662128103229,0.23076923076923078,0.12505559667443597,0.02538036201328431,0.39797434723821756,0.524,156,0.8436754176610979,0.7469135802469136,0.8392857142857143,0.05733333333333333,0.0
315,0,Exact no shift,Pooled associative latent class model,0.801,0.3617658511637115,0.2578616352201258,0.1440996195129146,0.04724575029718845,0.41373736342060197,0.483,159,0.8087367178276269,0.7581699346405228,0.8297872340425532,0.05533333333333333,0.0
315,0,Exact no shift,Target-calibrated associative latent model,0.804,0.36903270831912893,0.18867924528301888,0.13836400638056356,0.03214746726343728,0.3943867294272538,0.51,159,0.8110979929161747,0.7647058823529411,0.7872340425531915,0.05533333333333333,0.0
315,0,Exact no shift,Frozen causal latent SCM,0.804,0.3690333577466029,0.15723270440251572,0.13711519073862827,0.027544526969199314,0.3956241116925604,0.48,159,0.8110979929161747,0.7647058823529411,0.7872340425531915,0.05533333333333333,0.0
315,0,Exact no shift,Modular causal latent SCM,0.798,0.3545710887343505,0.15723270440251572,0.13715240631380032,0.02459719632456101,0.3953974688427466,0.478,159,0.8040141676505312,0.7647058823529411,0.7872340425531915,0.05533333333333333,0.0
315,0,Exact no shift,Target oracle (reference),0.806,0.3739193141140886,0.1509433962264151,0.1357286521102041,0.024786124195451835,0.4026385124815572,0.47,159,0.8122786304604487,0.7712418300653595,0.8085106382978723,0.05533333333333333,0.0
316,0,Exact no shift,Pooled associative latent class model,0.812,0.38876417174656325,0.3684210526315789,0.13291402577933778,0.03466420380180576,0.4484373185624319,0.498,133,0.8177399756986634,0.7853107344632768,0.7384615384615385,0.06166666666666667,0.0
316,0,Exact no shift,Target-calibrated associative latent model,0.822,0.41414957251864415,0.15037593984962405,0.1260064180117289,0.02101957365339116,0.42455719907248646,0.5,133,0.8250303766707169,0.807909604519774,0.8,0.06166666666666667,0.0
316,0,Exact no shift,Frozen causal latent SCM,0.829,0.4323960180790529,0.19548872180451127,0.12385550351855543,0.035257996498642113,0.42531319150378627,0.509,133,0.8347509113001215,0.8022598870056498,0.8,0.06166666666666667,0.0
316,0,Exact no shift,Modular causal latent SCM,0.827,0.4271430866611153,0.19548872180451127,0.1240875866767429,0.04031408352728201,0.42535292368223787,0.515,133,0.8311057108140948,0.807909604519774,0.8,0.06166666666666667,0.0
316,0,Exact no shift,Target oracle (reference),0.825,0.42192153662316517,0.20300751879699247,0.12261171122202372,0.023489973062131443,0.4007791554876794,0.491,133,0.8311057108140948,0.7966101694915254,0.7846153846153846,0.06166666666666667,0.0
317,0,Exact no shift,Pooled associative latent class model,0.808,0.37883421739417594,0.3161290322580645,0.13484005332402774,0.022289003800027483,0.4324496190240328,0.501,155,0.8125727590221188,0.7801418439716312,0.8181818181818182,0.051333333333333335,0.0
317,0,Exact no shift,Target-calibrated associative latent model,0.82,0.40900842156159994,0.17419354838709677,0.1286948743892459,0.02489511237170787,0.41474724279341124,0.501,155,0.8265424912689173,0.7801418439716312,0.8181818181818182,0.051333333333333335,0.0
317,0,Exact no shift,Frozen causal latent SCM,0.817,0.40135699889172705,0.1870967741935484,0.12831014254684284,0.02732464090716224,0.41578514264479816,0.49,155,0.8242142025611175,0.7730496453900709,0.8181818181818182,0.051333333333333335,0.0
317,0,Exact no shift,Modular causal latent SCM,0.811,0.38627084356898284,0.17419354838709677,0.12879921425293916,0.029808417539681817,0.41573509234893286,0.478,155,0.8183934807916181,0.7659574468085106,0.7954545454545454,0.051333333333333335,0.0
317,0,Exact no shift,Target oracle (reference),0.822,0.41414984845758324,0.1935483870967742,0.12761985956356087,0.024876575825833882,0.4024136681678641,0.511,155,0.830034924330617,0.7730496453900709,0.8181818181818182,0.051333333333333335,0.0
318,0,Exact no shift,Pooled associative latent class model,0.777,0.3062142292175197,0.22727272727272727,0.14863695106007022,0.09212459521230859,0.42121977860683213,0.418,154,0.7847953216374269,0.7310344827586207,0.6956521739130435,0.050333333333333334,0.001
318,0,Exact no shift,Target-calibrated associative latent model,0.794,0.3450863491011131,0.13636363636363635,0.13707043154104487,0.07149600035625765,0.4005235306535764,0.449,154,0.8011695906432749,0.7517241379310344,0.7608695652173914,0.050333333333333334,0.001
318,0,Exact no shift,Frozen causal latent SCM,0.805,0.37147013597658524,0.14935064935064934,0.13418465836437082,0.0645926050540385,0.4018645910507571,0.462,154,0.8105263157894737,0.7724137931034483,0.782608695652174,0.050333333333333334,0.001
318,0,Exact no shift,Modular causal latent SCM,0.804,0.36903083337809384,0.12337662337662338,0.1355157762926807,0.07302772422886027,0.4007842023051211,0.453,154,0.808187134502924,0.7793103448275862,0.8043478260869565,0.050333333333333334,0.001
318,0,Exact no shift,Target oracle (reference),0.823,0.41673192935248726,0.2012987012987013,0.12862396900163378,0.02481667810265774,0.39765842148104275,0.532,154,0.8327485380116959,0.7655172413793103,0.782608695652174,0.050333333333333334,0.001
319,0,Exact no shift,Pooled associative latent class model,0.788,0.33111733496962575,0.45454545454545453,0.14592686418245443,0.05845483239847558,0.4134068798775854,0.567,165,0.7958937198067633,0.75,0.8363636363636363,0.059666666666666666,0.0
319,0,Exact no shift,Target-calibrated associative latent model,0.8,0.3593697837762281,0.2909090909090909,0.13830047129744594,0.06480352442126466,0.3831899426110874,0.569,165,0.8128019323671497,0.7383720930232558,0.8181818181818182,0.059666666666666666,0.0
319,0,Exact no shift,Frozen causal latent SCM,0.799,0.35697174681484123,0.30303030303030304,0.13868001342085137,0.06756538663016243,0.3822970640805504,0.57,165,0.8115942028985508,0.7383720930232558,0.8181818181818182,0.059666666666666666,0.0
319,0,Exact no shift,Modular causal latent SCM,0.792,0.3404138102474467,0.37575757575757573,0.14018491949947443,0.07562994080411752,0.38109955807308715,0.587,165,0.8055555555555556,0.7267441860465116,0.8181818181818182,0.059666666666666666,0.0
319,0,Exact no shift,Target oracle (reference),0.808,0.37883438445909434,0.2,0.1333060957335762,0.031973466803861796,0.39242056187089325,0.493,165,0.8103864734299517,0.7965116279069767,0.8363636363636363,0.059666666666666666,0.0
320,0,Exact no shift,Pooled associative latent class model,0.813,0.3912672607676184,0.2987012987012987,0.13086778631411952,0.03513779272197894,0.4009923933696724,0.519,154,0.8261376896149358,0.7342657342657343,0.7441860465116279,0.050666666666666665,0.0
320,0,Exact no shift,Target-calibrated associative latent model,0.819,0.4064503687476524,0.18181818181818182,0.1259374628559695,0.03188291428342625,0.38355670509974166,0.541,154,0.8296382730455076,0.7552447552447552,0.7674418604651163,0.050666666666666665,0.0
320,0,Exact no shift,Frozen causal latent SCM,0.828,0.4297657529303657,0.17532467532467533,0.12213364950842293,0.020401592392543286,0.3840806866035806,0.522,154,0.8378063010501751,0.7692307692307693,0.7674418604651163,0.050666666666666665,0.0
320,0,Exact no shift,Modular causal latent SCM,0.824,0.41932326489729466,0.19480519480519481,0.12354273217605688,0.021952202748111403,0.38355883766489685,0.536,154,0.8331388564760793,0.7692307692307693,0.7674418604651163,0.050666666666666665,0.0
320,0,Exact no shift,Target oracle (reference),0.824,0.41932333639377173,0.16233766233766234,0.12150603416912178,0.023292783938303564,0.3856720434830812,0.496,154,0.8343057176196033,0.7622377622377622,0.7674418604651163,0.050666666666666665,0.0
321,0,Exact no shift,Pooled associative latent class model,0.796,0.3498146085141648,0.36153846153846153,0.14299385754221852,0.03487242963942641,0.4324910651889706,0.529,130,0.8051948051948052,0.7450980392156863,0.82,0.05566666666666667,0.001
321,0,Exact no shift,Target-calibrated associative latent model,0.796,0.3498135112624082,0.13076923076923078,0.13822458348165775,0.03604273526108222,0.40328551697416415,0.495,130,0.8110979929161747,0.7124183006535948,0.74,0.05566666666666667,0.001
321,0,Exact no shift,Frozen causal latent SCM,0.796,0.34981358656411765,0.16153846153846155,0.13773757431112238,0.03561364675287865,0.4022041729254854,0.509,130,0.8087367178276269,0.7254901960784313,0.74,0.05566666666666667,0.001
321,0,Exact no shift,Modular causal latent SCM,0.797,0.35218838915239037,0.2,0.1379111894258362,0.0319497212720977,0.40140148268152026,0.52,130,0.8110979929161747,0.7189542483660131,0.74,0.05566666666666667,0.001
321,0,Exact no shift,Target oracle (reference),0.8,0.35935902945141557,0.14615384615384616,0.13853973486338192,0.044649861046665136,0.40780653413596935,0.501,130,0.8122786304604487,0.7320261437908496,0.76,0.05566666666666667,0.001
322,0,Exact no shift,Pooled associative latent class model,0.831,0.43767814490388274,0.24489795918367346,0.12517912639026363,0.03297066634107933,0.4134962013132955,0.452,147,0.8422330097087378,0.7784090909090909,0.7,0.06133333333333333,0.0
322,0,Exact no shift,Target-calibrated associative latent model,0.836,0.45103037022803755,0.14285714285714285,0.11781832077011882,0.02611611128647862,0.3826416835694914,0.445,147,0.845873786407767,0.7897727272727273,0.76,0.06133333333333333,0.0
322,0,Exact no shift,Frozen causal latent SCM,0.839,0.45913974135013474,0.14965986394557823,0.11739574789950151,0.028672662782129037,0.38520421388850173,0.452,147,0.8495145631067961,0.7897727272727273,0.76,0.06133333333333333,0.0
322,0,Exact no shift,Modular causal latent SCM,0.837,0.4537209878204696,0.08163265306122448,0.11978369266013662,0.04163522142792647,0.384438847541556,0.426,147,0.8434466019417476,0.8068181818181818,0.78,0.06133333333333333,0.0
322,0,Exact no shift,Target oracle (reference),0.833,0.4429978903538267,0.16326530612244897,0.11664865969731779,0.0262919848379468,0.3926901837728146,0.47,147,0.8446601941747572,0.7784090909090909,0.78,0.06133333333333333,0.0
323,0,Exact no shift,Pooled associative latent class model,0.81,0.38378151708008407,0.2753623188405797,0.128163759245287,0.02781571082434583,0.39796264267202214,0.527,138,0.8195937873357229,0.7607361963190185,0.7142857142857143,0.057,0.0
323,0,Exact no shift,Target-calibrated associative latent model,0.832,0.4403262318997949,0.2391304347826087,0.12163162151671342,0.02125823299689697,0.3716274291147349,0.551,138,0.8375149342891278,0.803680981595092,0.7142857142857143,0.057,0.0
323,0,Exact no shift,Frozen causal latent SCM,0.838,0.4564257577308686,0.15942028985507245,0.11783245138972291,0.01984563541696099,0.3748502597471006,0.543,138,0.8470728793309439,0.7914110429447853,0.7321428571428571,0.057,0.0
323,0,Exact no shift,Modular causal latent SCM,0.831,0.4376692189655486,0.2463768115942029,0.1195236933154676,0.02536356053736834,0.37257071364172994,0.556,138,0.8387096774193549,0.7914110429447853,0.7142857142857143,0.057,0.0
323,0,Exact no shift,Target oracle (reference),0.838,0.45642836251195745,0.13768115942028986,0.11776946177360866,0.020351495755109195,0.39014939068088567,0.535,138,0.8458781362007168,0.7975460122699386,0.75,0.057,0.0
324,0,Exact no shift,Pooled associative latent class model,0.804,0.3690332587241731,0.3986013986013986,0.13264235353770526,0.021876471741129944,0.39928755461940335,0.519,143,0.8116113744075829,0.7628205128205128,0.782608695652174,0.056,0.0
324,0,Exact no shift,Target-calibrated associative latent model,0.808,0.3788373789450866,0.3006993006993007,0.12589690979829865,0.04616885804380357,0.3748902363620193,0.539,143,0.8104265402843602,0.7948717948717948,0.8043478260869565,0.056,0.0
324,0,Exact no shift,Frozen causal latent SCM,0.816,0.3988237507681551,0.27972027972027974,0.124060686481643,0.03684122924600072,0.3794655445414227,0.527,143,0.8199052132701422,0.7948717948717948,0.8043478260869565,0.056,0.0
324,0,Exact no shift,Modular causal latent SCM,0.816,0.3988231928389459,0.27972027972027974,0.12364173533172462,0.03368694076171617,0.3801635127754794,0.521,143,0.8210900473933649,0.7884615384615384,0.782608695652174,0.056,0.0
324,0,Exact no shift,Target oracle (reference),0.826,0.42452811128299606,0.21678321678321677,0.12251451060768524,0.023747757247522865,0.38908880530019824,0.505,143,0.830568720379147,0.8012820512820513,0.8043478260869565,0.056,0.0
325,0,Exact no shift,Pooled associative latent class model,0.796,0.34973584239784705,0.1557377049180328,0.14954337129989576,0.12205478009609604,0.41850320280920505,0.411,122,0.8049645390070922,0.7467532467532467,0.6595744680851063,0.05433333333333333,0.0
325,0,Exact no shift,Target-calibrated associative latent model,0.809,0.3812854404961503,0.1721311475409836,0.13221609479683188,0.0819872468090697,0.39524502595737626,0.452,122,0.8167848699763594,0.7662337662337663,0.7446808510638298,0.05433333333333333,0.0
325,0,Exact no shift,Frozen causal latent SCM,0.809,0.3812773936281677,0.11475409836065574,0.13583693486535997,0.09701713799120898,0.39678568868605335,0.444,122,0.8144208037825059,0.7792207792207793,0.7659574468085106,0.05433333333333333,0.0
325,0,Exact no shift,Modular causal latent SCM,0.81,0.38376306416514205,0.13934426229508196,0.13317787743769527,0.08801519138945839,0.39724356308074915,0.451,122,0.8156028368794326,0.7792207792207793,0.7659574468085106,0.05433333333333333,0.0
325,0,Exact no shift,Target oracle (reference),0.82,0.4090113092436484,0.16393442622950818,0.12299499935633595,0.0320168922693854,0.3957873174433776,0.501,122,0.8262411347517731,0.7857142857142857,0.7872340425531915,0.05433333333333333,0.0
326,0,Exact no shift,Pooled associative latent class model,0.814,0.3937820886607029,0.45,0.1313344053921791,0.05891862585274461,0.381900598964383,0.592,160,0.8138173302107728,0.815068493150685,0.8333333333333334,0.053,0.001
326,0,Exact no shift,Target-calibrated associative latent model,0.83,0.4350378884735189,0.2875,0.1236968833987968,0.046139693374691135,0.36568057196938303,0.578,160,0.832552693208431,0.815068493150685,0.7962962962962963,0.053,0.001
326,0,Exact no shift,Frozen causal latent SCM,0.831,0.43768429830643324,0.2875,0.12043029393493601,0.042969507123290236,0.36655738375543423,0.575,160,0.832552693208431,0.821917808219178,0.8148148148148148,0.053,0.001
326,0,Exact no shift,Modular causal latent SCM,0.83,0.43503744828091245,0.26875,0.12123423140153318,0.039100136633796745,0.3674096251600367,0.572,160,0.832552693208431,0.815068493150685,0.7962962962962963,0.053,0.001
326,0,Exact no shift,Target oracle (reference),0.831,0.43768254577906013,0.25625,0.11905301959210943,0.028128474933804437,0.3852526120697549,0.545,160,0.8337236533957846,0.815068493150685,0.7962962962962963,0.053,0.001
327,0,Exact no shift,Pooled associative latent class model,0.817,0.40136068886936205,0.31690140845070425,0.1286352331055201,0.03037886164212205,0.4311901259399491,0.548,142,0.8205741626794258,0.7987804878048781,0.8035714285714286,0.059,0.0
327,0,Exact no shift,Target-calibrated associative latent model,0.818,0.4038995106645893,0.07746478873239436,0.12766702021869425,0.028566678030404073,0.41774089687078514,0.497,142,0.8265550239234449,0.774390243902439,0.8214285714285714,0.059,0.0
327,0,Exact no shift,Frozen causal latent SCM,0.828,0.42977039918859894,0.176056338028169,0.12310693941821327,0.035647880041216974,0.4185585626569166,0.557,142,0.8349282296650717,0.7926829268292683,0.8214285714285714,0.059,0.0
327,0,Exact no shift,Modular causal latent SCM,0.834,0.4456726118987489,0.15492957746478872,0.1228557676595173,0.03506887621502415,0.4189620157914501,0.547,142,0.8409090909090909,0.7987804878048781,0.8214285714285714,0.059,0.0
327,0,Exact no shift,Target oracle (reference),0.83,0.4350352049454794,0.15492957746478872,0.11949756260775209,0.0217201781116879,0.39624436460058277,0.519,142,0.8373205741626795,0.7926829268292683,0.8214285714285714,0.059,0.0
328,0,Exact no shift,Pooled associative latent class model,0.802,0.36418014730616066,0.34868421052631576,0.13025275383958357,0.024448086079382036,0.41025126655629734,0.485,152,0.8128797083839611,0.751412429378531,0.7121212121212122,0.06266666666666666,0.0
328,0,Exact no shift,Target-calibrated associative latent model,0.814,0.3937785187424784,0.17763157894736842,0.12490681535381194,0.02252914061673264,0.37709505039530244,0.471,152,0.8213851761846902,0.7796610169491526,0.7727272727272727,0.06266666666666666,0.0
328,0,Exact no shift,Frozen causal latent SCM,0.817,0.4013580184877817,0.17105263157894737,0.12513954408493372,0.01357706844797928,0.38062302544236243,0.472,152,0.8286755771567437,0.7627118644067796,0.7121212121212122,0.06266666666666666,0.0
328,0,Exact no shift,Modular causal latent SCM,0.816,0.3988244030721364,0.14473684210526316,0.12516487650430566,0.021390675735990895,0.37982363681553927,0.461,152,0.8238153098420413,0.7796610169491526,0.7575757575757576,0.06266666666666666,0.0
328,0,Exact no shift,Target oracle (reference),0.812,0.3887646623713116,0.19078947368421054,0.12404072956865653,0.03293059880106146,0.39556121433347,0.487,152,0.8238153098420413,0.7570621468926554,0.7121212121212122,0.06266666666666666,0.0
329,0,Exact no shift,Pooled associative latent class model,0.81,0.38378400606588353,0.281767955801105,0.13355872014987516,0.027991663196123798,0.41102415591129404,0.52,181,0.8212157330154947,0.7515527950310559,0.7441860465116279,0.056666666666666664,0.0
329,0,Exact no shift,Target-calibrated associative latent model,0.814,0.3937776232458959,0.19889502762430938,0.12659533564693232,0.028981383963983465,0.3883394918242451,0.512,181,0.8235995232419547,0.7639751552795031,0.7441860465116279,0.056666666666666664,0.0
329,0,Exact no shift,Frozen causal latent SCM,0.818,0.4039000059793116,0.17679558011049723,0.12354224345370378,0.02694332314414922,0.38612445198758244,0.518,181,0.8247914183551848,0.782608695652174,0.7441860465116279,0.056666666666666664,0.0
329,0,Exact no shift,Modular causal latent SCM,0.818,0.4039000059793116,0.17679558011049723,0.12366496007692795,0.028126943652631603,0.38614629189834887,0.518,181,0.8247914183551848,0.782608695652174,0.7441860465116279,0.056666666666666664,0.0
329,0,Exact no shift,Target oracle (reference),0.823,0.4167323834738365,0.143646408839779,0.12259239711424832,0.019407411236687714,0.3969940277220051,0.499,181,0.8271752085816448,0.8012422360248447,0.7441860465116279,0.056666666666666664,0.0
330,0,Exact no shift,Pooled associative latent class model,0.789,0.33341691477954305,0.33783783783783783,0.142662378260019,0.03556941248347598,0.3981047420405904,0.496,148,0.794841735052755,0.7551020408163265,0.8717948717948718,0.052333333333333336,0.0
330,0,Exact no shift,Target-calibrated associative latent model,0.817,0.4013568750842209,0.16216216216216217,0.13308979728443246,0.034987528366078616,0.37374145497044703,0.5,148,0.82063305978898,0.7959183673469388,0.8461538461538461,0.052333333333333336,0.0
330,0,Exact no shift,Frozen causal latent SCM,0.81,0.38378344819678456,0.20270270270270271,0.1320826763595375,0.03086994478335083,0.3728235599311999,0.509,148,0.8159437280187574,0.7755102040816326,0.8461538461538461,0.052333333333333336,0.0
330,0,Exact no shift,Modular causal latent SCM,0.808,0.3788350570199596,0.24324324324324326,0.13222013045765052,0.029466582259554952,0.37247750590745127,0.519,148,0.8124267291910903,0.782312925170068,0.8461538461538461,0.052333333333333336,0.0
330,0,Exact no shift,Target oracle (reference),0.816,0.39882234044509884,0.17567567567567569,0.13130136658223113,0.026193376500632158,0.3884953528292331,0.499,148,0.8182883939038686,0.8027210884353742,0.8461538461538461,0.052333333333333336,0.0
331,0,Exact no shift,Pooled associative latent class model,0.767,0.2844404878652109,0.378698224852071,0.1519443140309797,0.04352832494386922,0.44091247035198283,0.517,169,0.7663107947805456,0.7707006369426752,0.8333333333333334,0.055,0.0
331,0,Exact no shift,Target-calibrated associative latent model,0.792,0.340396403121967,0.24260355029585798,0.1396149168442785,0.03213774301964951,0.41498873519944596,0.516,169,0.7959667852906287,0.7707006369426752,0.8333333333333334,0.055,0.0
331,0,Exact no shift,Frozen causal latent SCM,0.795,0.34744722454924304,0.20118343195266272,0.13862159587037626,0.03299124011547345,0.4143887824801518,0.507,169,0.7995255041518387,0.7707006369426752,0.8333333333333334,0.055,0.0
331,0,Exact no shift,Modular causal latent SCM,0.793,0.3427384874253701,0.23668639053254437,0.1397825259773568,0.031261484951912374,0.41474786652366513,0.505,169,0.7959667852906287,0.7770700636942676,0.8541666666666666,0.055,0.0
331,0,Exact no shift,Target oracle (reference),0.798,0.35457040604439405,0.1952662721893491,0.139169336065308,0.028076454332558426,0.40177068536410215,0.49,169,0.800711743772242,0.7834394904458599,0.8541666666666666,0.055,0.0
332,0,Exact no shift,Pooled associative latent class model,0.799,0.35696094704349635,0.3492063492063492,0.14239571859904732,0.02492494397885041,0.43258617009911676,0.515,126,0.8062283737024222,0.7518796992481203,0.7083333333333334,0.048,0.0
332,0,Exact no shift,Target-calibrated associative latent model,0.804,0.3690365694189321,0.3492063492063492,0.14115853236287057,0.05315621844968181,0.39048155129824547,0.582,126,0.8096885813148789,0.7669172932330827,0.7291666666666666,0.048,0.0
332,0,Exact no shift,Frozen causal latent SCM,0.801,0.36176755101396985,0.2619047619047619,0.13878837048430745,0.03638320026768332,0.39609353524727625,0.559,126,0.8062283737024222,0.7669172932330827,0.7291666666666666,0.048,0.0
332,0,Exact no shift,Modular causal latent SCM,0.801,0.3617696197013468,0.35714285714285715,0.1402602008384946,0.04648864045113049,0.3913887298603528,0.585,126,0.8085351787773933,0.7518796992481203,0.7083333333333334,0.048,0.0
332,0,Exact no shift,Target oracle (reference),0.806,0.3739184089862156,0.25396825396825395,0.13645883304316056,0.028222153761854673,0.40277052779050304,0.534,126,0.8154555940023068,0.7443609022556391,0.6875,0.048,0.0
333,0,Exact no shift,Pooled associative latent class model,0.801,0.3617664794610516,0.23880597014925373,0.14111861721698607,0.039350147229059294,0.4277889440422504,0.475,134,0.808634772462077,0.7552447552447552,0.6666666666666666,0.049,0.0
333,0,Exact no shift,Target-calibrated associative latent model,0.807,0.37637213247959383,0.13432835820895522,0.13123350223682978,0.03331619328353223,0.4073405236586478,0.489,134,0.8121353558926487,0.7762237762237763,0.75,0.049,0.0
333,0,Exact no shift,Frozen causal latent SCM,0.804,0.3690334733081367,0.11194029850746269,0.1317599772564709,0.028422312097925406,0.40852203502052914,0.478,134,0.808634772462077,0.7762237762237763,0.75,0.049,0.0
333,0,Exact no shift,Modular causal latent SCM,0.808,0.3788344384444663,0.1417910447761194,0.13130075437150132,0.0199174519602644,0.4085291939798346,0.494,134,0.8133022170361727,0.7762237762237763,0.75,0.049,0.0
333,0,Exact no shift,Target oracle (reference),0.814,0.3937775861582325,0.17164179104477612,0.12948155578452153,0.015384615013476995,0.4018103156174642,0.512,134,0.8191365227537923,0.7832167832167832,0.7708333333333334,0.049,0.0
334,0,Exact no shift,Pooled associative latent class model,0.794,0.34508863210578145,0.2805755395683453,0.14381618959598302,0.042844151540687284,0.4201822160131878,0.496,139,0.8110328638497653,0.6959459459459459,0.8333333333333334,0.051666666666666666,0.0
334,0,Exact no shift,Target-calibrated associative latent model,0.783,0.3196785787337915,0.1223021582733813,0.14852676279576216,0.056385307305247476,0.39761942118706667,0.459,139,0.8004694835680751,0.6824324324324325,0.7619047619047619,0.051666666666666666,0.0
334,0,Exact no shift,Frozen causal latent SCM,0.803,0.3666029633567602,0.2014388489208633,0.1365585540091354,0.031110596692537698,0.3984815817117941,0.521,139,0.818075117370892,0.7162162162162162,0.7619047619047619,0.051666666666666666,0.0
334,0,Exact no shift,Modular causal latent SCM,0.799,0.3569604988389602,0.1510791366906475,0.13874832671101456,0.03812156448633176,0.3991371534915573,0.503,139,0.8133802816901409,0.7162162162162162,0.7619047619047619,0.051666666666666666,0.0
334,0,Exact no shift,Target oracle (reference),0.811,0.3862706198226248,0.18705035971223022,0.13438000884330212,0.023786345486600313,0.41378271727826543,0.521,139,0.8227699530516432,0.7432432432432432,0.7619047619047619,0.051666666666666666,0.0
335,0,Exact no shift,Pooled associative latent class model,0.825,0.4219224098698919,0.2702702702702703,0.12744760769817604,0.03699756658206218,0.41310914704056007,0.505,185,0.8295589988081049,0.8012422360248447,0.7547169811320755,0.057666666666666665,0.0
335,0,Exact no shift,Target-calibrated associative latent model,0.832,0.44033682763711324,0.1945945945945946,0.11721186343311357,0.03016813849170632,0.3890729915027262,0.504,185,0.834326579261025,0.8198757763975155,0.8113207547169812,0.057666666666666665,0.0
335,0,Exact no shift,Frozen causal latent SCM,0.831,0.4376821056982482,0.1945945945945946,0.11738381107483387,0.031356985219667,0.38915080514539113,0.507,185,0.833134684147795,0.8198757763975155,0.8113207547169812,0.057666666666666665,0.0
335,0,Exact no shift,Modular causal latent SCM,0.825,0.42192168120062,0.23243243243243245,0.11935050478553332,0.05072164030115254,0.3880698350960147,0.519,185,0.8259833134684148,0.8198757763975155,0.7924528301886793,0.057666666666666665,0.0
335,0,Exact no shift,Target oracle (reference),0.836,0.45103547575519487,0.1783783783783784,0.11644231032096297,0.02649447261929046,0.3893389777321776,0.494,185,0.8390941597139452,0.8198757763975155,0.8113207547169812,0.057666666666666665,0.0
336,0,Exact no shift,Pooled associative latent class model,0.787,0.3288059597846673,0.3333333333333333,0.13868117017822845,0.028394154878350206,0.4122062702450519,0.472,153,0.8011834319526627,0.7096774193548387,0.6938775510204082,0.053,0.0
336,0,Exact no shift,Target-calibrated associative latent model,0.814,0.39377996375401364,0.1895424836601307,0.12874830112519356,0.02744653610494863,0.3949777924174026,0.463,153,0.8307692307692308,0.7225806451612903,0.673469387755102,0.053,0.0
336,0,Exact no shift,Frozen causal latent SCM,0.815,0.3962973351380903,0.19607843137254902,0.12800331304372933,0.019450880260973163,0.3983193235904811,0.472,153,0.8319526627218935,0.7225806451612903,0.673469387755102,0.053,0.0
336,0,Exact no shift,Modular causal latent SCM,0.813,0.3912687855463064,0.1895424836601307,0.12794378852047983,0.026967663523436804,0.39769326652816495,0.468,153,0.829585798816568,0.7225806451612903,0.673469387755102,0.053,0.0
336,0,Exact no shift,Target oracle (reference),0.815,0.39629630796869586,0.19607843137254902,0.125878115903607,0.018016406381698512,0.41009875027727527,0.484,153,0.8284023668639053,0.7419354838709677,0.673469387755102,0.053,0.0
337,0,Exact no shift,Pooled associative latent class model,0.807,0.37637284977784874,0.3693181818181818,0.13957904785843028,0.03343648973321371,0.4198511224514328,0.5,176,0.816301703163017,0.7640449438202247,0.7924528301886793,0.06233333333333333,0.0
337,0,Exact no shift,Target-calibrated associative latent model,0.82,0.40900850410617506,0.13636363636363635,0.1280791116962752,0.01888885887449898,0.40038481960743744,0.477,176,0.8309002433090025,0.7696629213483146,0.7547169811320755,0.06233333333333333,0.0
337,0,Exact no shift,Frozen causal latent SCM,0.822,0.41415058249015047,0.19318181818181818,0.1284480692954937,0.03233568334056508,0.40241418523735234,0.503,176,0.8309002433090025,0.7808988764044944,0.7924528301886793,0.06233333333333333,0.0
337,0,Exact no shift,Modular causal latent SCM,0.821,0.4115757665691642,0.16477272727272727,0.12759621684664502,0.026073615196916165,0.4020048065719499,0.488,176,0.8321167883211679,0.7696629213483146,0.7547169811320755,0.06233333333333333,0.0
337,0,Exact no shift,Target oracle (reference),0.825,0.42192150770766546,0.18181818181818182,0.1255762107267936,0.03461562920141457,0.39877377951632226,0.478,176,0.8321167883211679,0.7921348314606742,0.8301886792452831,0.06233333333333333,0.0
338,0,Exact no shift,Pooled associative latent class model,0.79,0.3357413283461956,0.41916167664670656,0.14658397909829987,0.057470107920626845,0.39496878921874995,0.552,167,0.7976878612716763,0.7407407407407407,0.7575757575757576,0.047,0.0
338,0,Exact no shift,Target-calibrated associative latent model,0.82,0.409008575100934,0.11976047904191617,0.1293732347862415,0.032260482178168924,0.3751501381814115,0.506,167,0.8254335260115607,0.7851851851851852,0.8181818181818182,0.047,0.0
338,0,Exact no shift,Frozen causal latent SCM,0.808,0.3788373793932177,0.25149700598802394,0.13382737776189726,0.050639310459630646,0.37562085547244706,0.538,167,0.815028901734104,0.762962962962963,0.8181818181818182,0.047,0.0
338,0,Exact no shift,Modular causal latent SCM,0.819,0.40644994339030416,0.1317365269461078,0.12907301269643187,0.032440961922916546,0.37483452690539054,0.499,167,0.8242774566473988,0.7851851851851852,0.8181818181818182,0.047,0.0
338,0,Exact no shift,Target oracle (reference),0.824,0.4193229527702808,0.20359281437125748,0.12620127841384446,0.024329400978557344,0.3935418907723703,0.508,167,0.8312138728323699,0.7777777777777778,0.8484848484848485,0.047,0.0
339,0,Exact no shift,Pooled associative latent class model,0.799,0.3569579101764672,0.4253731343283582,0.13418190515840364,0.04928282540430865,0.4019946503265057,0.554,134,0.8136792452830188,0.7171052631578947,0.6415094339622641,0.05333333333333334,0.0
339,0,Exact no shift,Target-calibrated associative latent model,0.826,0.42452824280881724,0.17164179104477612,0.12424371469302624,0.04016025198546527,0.3750337740428126,0.523,134,0.8419811320754716,0.7368421052631579,0.7169811320754716,0.05333333333333334,0.0
339,0,Exact no shift,Frozen causal latent SCM,0.82,0.40900561093916843,0.26865671641791045,0.12347997747451149,0.04202720936907181,0.3762936752782716,0.559,134,0.8360849056603774,0.7302631578947368,0.7169811320754716,0.05333333333333334,0.0
339,0,Exact no shift,Modular causal latent SCM,0.815,0.3962926972849043,0.291044776119403,0.1239435194824073,0.045916215758895214,0.37632574833384713,0.56,134,0.8301886792452831,0.7302631578947368,0.7169811320754716,0.05333333333333334,0.0
339,0,Exact no shift,Target oracle (reference),0.823,0.41673278878243475,0.1865671641791045,0.12059630508392051,0.031140475284962697,0.3908910396769251,0.514,134,0.8325471698113207,0.7697368421052632,0.7547169811320755,0.05333333333333334,0.0
340,0,Exact no shift,Pooled associative latent class model,0.809,0.38128838683546146,0.392,0.13447352665504175,0.024527137878128318,0.42008157112917593,0.556,125,0.8179640718562874,0.7636363636363637,0.7931034482758621,0.058,0.0
340,0,Exact no shift,Target-calibrated associative latent model,0.819,0.4064316099662905,0.264,0.12844665621395093,0.028452445615856217,0.3920639773198639,0.56,125,0.829940119760479,0.7636363636363637,0.7931034482758621,0.058,0.0
340,0,Exact no shift,Frozen causal latent SCM,0.818,0.4038712122617154,0.264,0.1276028210643503,0.03213274464092764,0.3916346096356159,0.573,125,0.8263473053892215,0.7757575757575758,0.7931034482758621,0.058,0.0
340,0,Exact no shift,Modular causal latent SCM,0.82,0.40897890960235456,0.256,0.12770779432125862,0.0358937968037011,0.3913202344703991,0.575,125,0.829940119760479,0.7696969696969697,0.7931034482758621,0.058,0.0
340,0,Exact no shift,Target oracle (reference),0.823,0.4167277257508775,0.224,0.12632888876107048,0.022985200738218078,0.39189072969334937,0.534,125,0.8359281437125748,0.7575757575757576,0.7931034482758621,0.058,0.0
341,0,Exact no shift,Pooled associative latent class model,0.807,0.3763727098056382,0.25170068027210885,0.12943531810490658,0.04322754085970929,0.40537676365807185,0.495,147,0.8227699530516432,0.7162162162162162,0.7,0.05333333333333334,0.001
341,0,Exact no shift,Target-calibrated associative latent model,0.815,0.39629575187417315,0.10204081632653061,0.12883776264100477,0.0519601750975022,0.3829527660519792,0.475,147,0.8251173708920188,0.7567567567567568,0.72,0.05333333333333334,0.001
341,0,Exact no shift,Frozen causal latent SCM,0.827,0.42714347514703294,0.1564625850340136,0.12321049248675656,0.03686678275782378,0.38312298536258077,0.497,147,0.8368544600938967,0.7702702702702703,0.76,0.05333333333333334,0.001
341,0,Exact no shift,Modular causal latent SCM,0.819,0.40645048613475426,0.12244897959183673,0.1278251614675939,0.04745917773808957,0.3835270769923195,0.485,147,0.82981220657277,0.7567567567567568,0.74,0.05333333333333334,0.001
341,0,Exact no shift,Target oracle (reference),0.828,0.4297655600701819,0.20408163265306123,0.12165870398759784,0.024619584920209898,0.3871332184043623,0.52,147,0.8438967136150235,0.7364864864864865,0.72,0.05333333333333334,0.001
342,0,Exact no shift,Pooled associative latent class model,0.807,0.3763765637775301,0.23134328358208955,0.12898303465879155,0.03856102059991823,0.4196176731492021,0.453,134,0.8191244239631337,0.7272727272727273,0.6944444444444444,0.04666666666666667,0.0
342,0,Exact no shift,Target-calibrated associative latent model,0.811,0.38628568091409443,0.05970149253731343,0.12993300087662488,0.06885449805497493,0.39068139521726425,0.413,134,0.8271889400921659,0.7045454545454546,0.6666666666666666,0.04666666666666667,0.0
342,0,Exact no shift,Frozen causal latent SCM,0.816,0.398831844297323,0.09701492537313433,0.12616966749188763,0.053736927684199555,0.3934286281572776,0.432,134,0.8341013824884793,0.696969696969697,0.6944444444444444,0.04666666666666667,0.0
342,0,Exact no shift,Modular causal latent SCM,0.817,0.4013690209900884,0.08208955223880597,0.1275029416143967,0.06236251805005448,0.3910671082550865,0.423,134,0.8329493087557603,0.7121212121212122,0.6944444444444444,0.04666666666666667,0.0
342,0,Exact no shift,Target oracle (reference),0.821,0.41157541205266435,0.14925373134328357,0.12143200841600402,0.028896129536609846,0.39895314842587176,0.487,134,0.836405529953917,0.7196969696969697,0.75,0.04666666666666667,0.0
343,0,Exact no shift,Pooled associative latent class model,0.783,0.3196758529142539,0.3380281690140845,0.14614237901632465,0.022402507838792413,0.4460548015035107,0.53,142,0.7957244655581948,0.7151898734177216,0.7346938775510204,0.05533333333333333,0.0
343,0,Exact no shift,Target-calibrated associative latent model,0.792,0.34039634325803886,0.11971830985915492,0.13723820796483743,0.05004350559755374,0.4102050522793819,0.493,142,0.7980997624703088,0.759493670886076,0.7551020408163265,0.05533333333333333,0.0
343,0,Exact no shift,Frozen causal latent SCM,0.793,0.34273894263434945,0.22535211267605634,0.1356580636767053,0.028652133166829703,0.4110721903231208,0.532,142,0.8016627078384798,0.7468354430379747,0.7142857142857143,0.05533333333333333,0.0
343,0,Exact no shift,Modular causal latent SCM,0.794,0.34508906782747295,0.1619718309859155,0.13578956877994688,0.029211791792861857,0.41161073905221157,0.513,142,0.8028503562945368,0.7468354430379747,0.7142857142857143,0.05533333333333333,0.0
343,0,Exact no shift,Target oracle (reference),0.793,0.34273918288327876,0.2323943661971831,0.135318213012653,0.031731106558962684,0.4082633650410424,0.544,142,0.7992874109263658,0.759493670886076,0.7142857142857143,0.05533333333333333,0.0
344,0,Exact no shift,Pooled associative latent class model,0.823,0.41673261103919856,0.3076923076923077,0.12978979791831743,0.02659411188241587,0.3969035096059615,0.514,143,0.829736211031175,0.7891566265060241,0.7894736842105263,0.058,0.0
344,0,Exact no shift,Target-calibrated associative latent model,0.821,0.41158024532667103,0.2937062937062937,0.13398691947602726,0.061626880345657595,0.3686335654766972,0.548,143,0.8273381294964028,0.7891566265060241,0.7894736842105263,0.058,0.0
344,0,Exact no shift,Frozen causal latent SCM,0.824,0.4193228723645649,0.1958041958041958,0.12606263084641536,0.032044957012621965,0.3746536979416867,0.507,143,0.8309352517985612,0.7891566265060241,0.8070175438596491,0.058,0.0
344,0,Exact no shift,Modular causal latent SCM,0.822,0.41415148791216727,0.24475524475524477,0.1285905062123211,0.05109687148670468,0.37231549544206216,0.529,143,0.8309352517985612,0.7771084337349398,0.7719298245614035,0.058,0.0
344,0,Exact no shift,Target oracle (reference),0.821,0.4115753345834884,0.20279720279720279,0.12571596004971494,0.020637148970884544,0.3809234816043915,0.512,143,0.8285371702637889,0.7831325301204819,0.8070175438596491,0.058,0.0
345,0,Exact no shift,Pooled associative latent class model,0.794,0.34509004626986983,0.2777777777777778,0.13786162555837614,0.037223268439873086,0.416074413883308,0.474,162,0.8122786304604487,0.6928104575163399,0.6428571428571429,0.05366666666666667,0.0
345,0,Exact no shift,Target-calibrated associative latent model,0.808,0.37883451516522226,0.12345679012345678,0.13252109093551384,0.03240261733672808,0.38651144163232787,0.49,162,0.8134592680047226,0.7777777777777778,0.6904761904761905,0.05366666666666667,0.0
345,0,Exact no shift,Frozen causal latent SCM,0.808,0.3788343105764976,0.17901234567901234,0.1313817454122853,0.03779616919707041,0.38939695201539626,0.502,162,0.8193624557260921,0.7450980392156863,0.6904761904761905,0.05366666666666667,0.0
345,0,Exact no shift,Modular causal latent SCM,0.807,0.3763718396169919,0.16666666666666666,0.13156465324681493,0.029818657045089347,0.3892949226006719,0.499,162,0.8181818181818182,0.7450980392156863,0.6666666666666666,0.05366666666666667,0.0
345,0,Exact no shift,Target oracle (reference),0.805,0.37147093452932756,0.17901234567901234,0.13158467202125534,0.03281141974111639,0.3792476166417028,0.499,162,0.8170011806375442,0.738562091503268,0.6666666666666666,0.05366666666666667,0.0
346,0,Exact no shift,Pooled associative latent class model,0.801,0.3617984237482913,0.46853146853146854,0.14000434280560417,0.09923936036129047,0.3867223061551458,0.615,143,0.8107142857142857,0.75,0.7777777777777778,0.05633333333333333,0.0
346,0,Exact no shift,Target-calibrated associative latent model,0.815,0.3963282920164539,0.26573426573426573,0.12937665439210513,0.0981472339254923,0.3865576252915606,0.617,143,0.830952380952381,0.73125,0.7222222222222222,0.05633333333333333,0.0
346,0,Exact no shift,Frozen causal latent SCM,0.818,0.4039257263125756,0.2727272727272727,0.12793481846014282,0.0937149083888975,0.3879909530587937,0.606,143,0.8333333333333334,0.7375,0.7407407407407407,0.05633333333333333,0.0
346,0,Exact no shift,Modular causal latent SCM,0.814,0.3938082502751854,0.27972027972027974,0.12919702756285004,0.0985326632229245,0.387042851201492,0.614,143,0.8285714285714286,0.7375,0.7222222222222222,0.05633333333333333,0.0
346,0,Exact no shift,Target oracle (reference),0.834,0.4456691231155251,0.2097902097902098,0.1161555559239493,0.033657604135062004,0.3939422878100435,0.5,143,0.8404761904761905,0.8,0.7777777777777778,0.05633333333333333,0.0
347,0,Exact no shift,Pooled associative latent class model,0.822,0.41414967981730466,0.23943661971830985,0.12884571633596886,0.035615099521970485,0.4285882398749427,0.494,142,0.8231850117096019,0.815068493150685,0.7692307692307693,0.055,0.002
347,0,Exact no shift,Target-calibrated associative latent model,0.826,0.4245279888078244,0.1056338028169014,0.1241070598430897,0.015429759908364721,0.39438370811313633,0.5,142,0.8243559718969555,0.8356164383561644,0.7884615384615384,0.055,0.002
347,0,Exact no shift,Frozen causal latent SCM,0.829,0.4323963431622791,0.1267605633802817,0.12430682003913396,0.021462508400535447,0.39441744412487334,0.515,142,0.8266978922716628,0.8424657534246576,0.7884615384615384,0.055,0.002
347,0,Exact no shift,Modular causal latent SCM,0.827,0.4271429690682528,0.13380281690140844,0.12390101651274238,0.02344386148492458,0.3948268521390706,0.513,142,0.8243559718969555,0.8424657534246576,0.7884615384615384,0.055,0.002
347,0,Exact no shift,Target oracle (reference),0.828,0.429765265184734,0.11267605633802817,0.12444489318522552,0.016819266880073642,0.40036404683586463,0.496,142,0.8255269320843092,0.8424657534246576,0.7884615384615384,0.055,0.002
348,0,Exact no shift,Pooled associative latent class model,0.787,0.3288060624407431,0.3877551020408163,0.14011779337600194,0.033093083515780095,0.4155240063504577,0.534,147,0.7933491686460807,0.7531645569620253,0.8360655737704918,0.05433333333333333,0.0
348,0,Exact no shift,Target-calibrated associative latent model,0.807,0.3763730610957755,0.2108843537414966,0.1318554237426876,0.03532364564717211,0.3809191267021681,0.528,147,0.8171021377672208,0.7531645569620253,0.8360655737704918,0.05433333333333333,0.0
348,0,Exact no shift,Frozen causal latent SCM,0.81,0.3837865250443447,0.19047619047619047,0.1279378356085421,0.037047765320699706,0.3823120269109667,0.549,147,0.8171021377672208,0.7721518987341772,0.8360655737704918,0.05433333333333333,0.0
348,0,Exact no shift,Modular causal latent SCM,0.81,0.38378453696380166,0.17687074829931973,0.12981008138312353,0.03129735540619019,0.3829915298255816,0.529,147,0.8182897862232779,0.7658227848101266,0.8360655737704918,0.05433333333333333,0.0
348,0,Exact no shift,Target oracle (reference),0.827,0.42714292278051486,0.12244897959183673,0.12598701888702324,0.028602857421058905,0.39989342503721104,0.492,147,0.832541567695962,0.7974683544303798,0.8360655737704918,0.05433333333333333,0.0
349,0,Exact no shift,Pooled associative latent class model,0.791,0.33806448323139,0.352112676056338,0.14404972738659227,0.04230090680533892,0.41051888592915264,0.54,142,0.806146572104019,0.7077922077922078,0.6981132075471698,0.05566666666666667,0.001
349,0,Exact no shift,Target-calibrated associative latent model,0.807,0.3763812024457737,0.28169014084507044,0.13611038982156765,0.04388170465610127,0.3868369353268984,0.574,142,0.8167848699763594,0.7532467532467533,0.7169811320754716,0.05566666666666667,0.001
349,0,Exact no shift,Frozen causal latent SCM,0.809,0.38131218812220496,0.23943661971830985,0.1318398082479193,0.038387318882493526,0.3895480648045193,0.566,142,0.8203309692671394,0.7467532467532467,0.7358490566037735,0.05566666666666667,0.001
349,0,Exact no shift,Modular causal latent SCM,0.81,0.3837899929121156,0.24647887323943662,0.13175806680224758,0.04056865669064614,0.38945086368823767,0.563,142,0.8226950354609929,0.7402597402597403,0.7169811320754716,0.05566666666666667,0.001
349,0,Exact no shift,Target oracle (reference),0.821,0.4115777278546437,0.19718309859154928,0.12909357970671345,0.01682347108066911,0.3948967782901302,0.54,142,0.8333333333333334,0.7532467532467533,0.7169811320754716,0.05566666666666667,0.001
350,0,Exact no shift,Pooled associative latent class model,0.828,0.4297659105387997,0.22839506172839505,0.127050498727884,0.03151121765147219,0.4081843350500483,0.482,162,0.8447058823529412,0.7333333333333333,0.6923076923076923,0.05466666666666667,0.001
350,0,Exact no shift,Target-calibrated associative latent model,0.834,0.4456692246413716,0.14814814814814814,0.12144817889871902,0.03203051804774702,0.38008931581156374,0.496,162,0.8447058823529412,0.7733333333333333,0.75,0.05466666666666667,0.001
350,0,Exact no shift,Frozen causal latent SCM,0.828,0.42976555838804853,0.11728395061728394,0.12099181905627444,0.021756124437710266,0.3788500683265649,0.488,162,0.8376470588235294,0.7733333333333333,0.7307692307692307,0.05466666666666667,0.001
350,0,Exact no shift,Modular causal latent SCM,0.832,0.4403358870263237,0.12962962962962962,0.12104248219606661,0.03164529434798086,0.3792140531210824,0.496,162,0.8411764705882353,0.78,0.75,0.05466666666666667,0.001
350,0,Exact no shift,Target oracle (reference),0.828,0.429765307969472,0.1419753086419753,0.11744558249749039,0.03694323748789214,0.39142544943546803,0.504,162,0.8388235294117647,0.7666666666666667,0.7115384615384616,0.05466666666666667,0.001
351,0,Exact no shift,Pooled associative latent class model,0.785,0.32422455087126834,0.3695652173913043,0.14614213104074175,0.023503843519286038,0.42687683605969484,0.52,138,0.8042452830188679,0.6776315789473685,0.6904761904761905,0.05433333333333333,0.001
351,0,Exact no shift,Target-calibrated associative latent model,0.795,0.34745305349749406,0.30434782608695654,0.14065616180528787,0.04834466223871292,0.4012408072342513,0.554,138,0.8089622641509434,0.7171052631578947,0.7619047619047619,0.05433333333333333,0.001
351,0,Exact no shift,Frozen causal latent SCM,0.795,0.34744881427272983,0.2608695652173913,0.13855093040408212,0.029626192521473825,0.40566452610604087,0.53,138,0.8101415094339622,0.7105263157894737,0.7142857142857143,0.05433333333333333,0.001
351,0,Exact no shift,Modular causal latent SCM,0.793,0.3427412676043767,0.2971014492753623,0.13910917246754567,0.036161513990204674,0.4047634499189578,0.538,138,0.8066037735849056,0.7171052631578947,0.7380952380952381,0.05433333333333333,0.001
351,0,Exact no shift,Target oracle (reference),0.795,0.34744834324435603,0.2536231884057971,0.13673593033910517,0.023242787355854548,0.4107039758233123,0.526,138,0.8125,0.6973684210526315,0.7380952380952381,0.05433333333333333,0.001
352,0,Exact no shift,Pooled associative latent class model,0.781,0.31515786000805923,0.40606060606060607,0.14427117572747084,0.057044017776513266,0.4382045458300184,0.543,165,0.7936507936507936,0.7237569060773481,0.7169811320754716,0.06333333333333334,0.0
352,0,Exact no shift,Target-calibrated associative latent model,0.8,0.3593594399233596,0.13333333333333333,0.12984513958751684,0.039056074467542674,0.40778148243852547,0.512,165,0.8107448107448108,0.7513812154696132,0.8113207547169812,0.06333333333333334,0.0
352,0,Exact no shift,Frozen causal latent SCM,0.801,0.36176442176321344,0.21818181818181817,0.132630798273448,0.052593259815609944,0.4076590820104353,0.545,165,0.8131868131868132,0.7458563535911602,0.7735849056603774,0.06333333333333334,0.0
352,0,Exact no shift,Modular causal latent SCM,0.802,0.3641800036695906,0.1393939393939394,0.1301400139597291,0.042301667842105595,0.4075187942365659,0.522,165,0.8131868131868132,0.7513812154696132,0.8113207547169812,0.06333333333333334,0.0
352,0,Exact no shift,Target oracle (reference),0.81,0.383783954852102,0.17575757575757575,0.12712858378457512,0.02507650269720358,0.4075211218256444,0.496,165,0.8217338217338217,0.7569060773480663,0.8113207547169812,0.06333333333333334,0.0
353,0,Exact no shift,Pooled associative latent class model,0.806,0.3739189148688661,0.2826086956521739,0.1364394730427025,0.031305056190879504,0.41959908024866127,0.472,138,0.8104089219330854,0.7875647668393783,0.7972972972972973,0.068,0.001
353,0,Exact no shift,Target-calibrated associative latent model,0.803,0.3666096268465684,0.13768115942028986,0.13719554822208194,0.05967147303032743,0.3822282990745289,0.437,138,0.8066914498141264,0.7875647668393783,0.8108108108108109,0.068,0.001
353,0,Exact no shift,Frozen causal latent SCM,0.809,0.38130964268984235,0.11594202898550725,0.13547253436064605,0.05004996054953025,0.3872118093334438,0.449,138,0.8091697645600991,0.8082901554404145,0.8378378378378378,0.068,0.001
353,0,Exact no shift,Modular causal latent SCM,0.804,0.3690393360582156,0.12318840579710146,0.13604065133377297,0.05799281095281321,0.38577472572050636,0.44,138,0.8029739776951673,0.8082901554404145,0.8378378378378378,0.068,0.001
353,0,Exact no shift,Target oracle (reference),0.806,0.3739174511794915,0.1956521739130435,0.13123759368568946,0.02158967645996193,0.3976324097062739,0.5,138,0.8029739776951673,0.8186528497409327,0.7837837837837838,0.068,0.001
354,0,Exact no shift,Pooled associative latent class model,0.808,0.37883305125344735,0.2857142857142857,0.13074055682438404,0.032734477231471555,0.4177888640467881,0.538,140,0.8169856459330144,0.7621951219512195,0.6666666666666666,0.058,0.001
354,0,Exact no shift,Target-calibrated associative latent model,0.816,0.39882151300198887,0.17142857142857143,0.12551300474380517,0.03383751106029783,0.3988386400988857,0.534,140,0.8253588516746412,0.7682926829268293,0.7058823529411765,0.058,0.001
354,0,Exact no shift,Frozen causal latent SCM,0.817,0.40135529725384333,0.19285714285714287,0.124509859491154,0.044406230484501596,0.3990552974795653,0.541,140,0.8289473684210527,0.7560975609756098,0.6862745098039216,0.058,0.001
354,0,Exact no shift,Modular causal latent SCM,0.814,0.3937768301753757,0.17142857142857143,0.12499379516039823,0.035751555430993384,0.3999055874034709,0.53,140,0.8241626794258373,0.7621951219512195,0.6862745098039216,0.058,0.001
354,0,Exact no shift,Target oracle (reference),0.81,0.38378343702338796,0.17857142857142858,0.12552654506233826,0.04072531880622728,0.3974041275262838,0.522,140,0.819377990430622,0.7621951219512195,0.7058823529411765,0.058,0.001
355,0,Exact no shift,Pooled associative latent class model,0.815,0.3962953699941332,0.3401360544217687,0.12866294006818624,0.0353723516868113,0.39573635775303895,0.552,147,0.8249708284714119,0.7552447552447552,0.6666666666666666,0.04833333333333333,0.0
355,0,Exact no shift,Target-calibrated associative latent model,0.832,0.4403363954744385,0.07482993197278912,0.12108545431298393,0.0260382728621199,0.3748583906957819,0.491,147,0.838973162193699,0.7902097902097902,0.7254901960784313,0.04833333333333333,0.0
355,0,Exact no shift,Frozen causal latent SCM,0.831,0.43768136314145234,0.17006802721088435,0.11702298637310857,0.020740077366130344,0.37621077753967286,0.534,147,0.8378063010501751,0.7902097902097902,0.7254901960784313,0.04833333333333333,0.0
355,0,Exact no shift,Modular causal latent SCM,0.832,0.44033616871999076,0.12244897959183673,0.11660310523506959,0.02181904553417733,0.37538146306650844,0.527,147,0.8378063010501751,0.7972027972027972,0.7254901960784313,0.04833333333333333,0.0
355,0,Exact no shift,Target oracle (reference),0.828,0.429765751860749,0.14965986394557823,0.11613123353112226,0.02823149430927125,0.3794426610041671,0.517,147,0.8354725787631272,0.7832167832167832,0.7058823529411765,0.04833333333333333,0.0
356,0,Exact no shift,Pooled associative latent class model,0.802,0.36417980404003236,0.2937062937062937,0.13976054723585293,0.01775174912015528,0.4255883853543763,0.51,143,0.8179696616102684,0.7062937062937062,0.7291666666666666,0.050333333333333334,0.0
356,0,Exact no shift,Target-calibrated associative latent model,0.816,0.3988222680146418,0.1258741258741259,0.12798668103357416,0.010178814556801448,0.39638033788366955,0.504,143,0.8273045507584598,0.7482517482517482,0.7708333333333334,0.050333333333333334,0.0
356,0,Exact no shift,Frozen causal latent SCM,0.816,0.3988231784685541,0.18181818181818182,0.12710543284050863,0.020742740158749676,0.3971630267232408,0.52,143,0.8249708284714119,0.7622377622377622,0.8125,0.050333333333333334,0.0
356,0,Exact no shift,Modular causal latent SCM,0.816,0.3988223818215317,0.13986013986013987,0.12764094889534994,0.02386690802696792,0.3966859783159746,0.508,143,0.8261376896149358,0.7552447552447552,0.7916666666666666,0.050333333333333334,0.0
356,0,Exact no shift,Target oracle (reference),0.82,0.4090086593888308,0.17482517482517482,0.12553056463069995,0.025345541731560808,0.4005270565636589,0.51,143,0.8261376896149358,0.7832167832167832,0.8333333333333334,0.050333333333333334,0.0
357,0,Exact no shift,Pooled associative latent class model,0.796,0.34981364035104234,0.32061068702290074,0.13371427516661366,0.024987702403913604,0.41921069484938767,0.489,131,0.8084112149532711,0.7222222222222222,0.8478260869565217,0.049666666666666665,0.0
357,0,Exact no shift,Target-calibrated associative latent model,0.814,0.39377747562413973,0.1984732824427481,0.12746103457144703,0.018558369656480642,0.403249191207469,0.503,131,0.8212616822429907,0.7708333333333334,0.8260869565217391,0.049666666666666665,0.0
357,0,Exact no shift,Frozen causal latent SCM,0.812,0.3887645106772438,0.183206106870229,0.12841440468196344,0.028075761226273605,0.40468979093100566,0.493,131,0.8200934579439252,0.7638888888888888,0.8043478260869565,0.049666666666666665,0.0
357,0,Exact no shift,Modular causal latent SCM,0.808,0.37883473077793073,0.17557251908396945,0.12879128814131782,0.029487573814069242,0.404789684746028,0.487,131,0.8165887850467289,0.7569444444444444,0.782608695652174,0.049666666666666665,0.0
357,0,Exact no shift,Target oracle (reference),0.811,0.38626995802835223,0.17557251908396945,0.12756277015437034,0.02008087207936426,0.3938259574758538,0.502,131,0.8165887850467289,0.7777777777777778,0.8260869565217391,0.049666666666666665,0.0
358,0,Exact no shift,Pooled associative latent class model,0.785,0.32423913129362486,0.2795031055900621,0.14304373852141058,0.05662240066948141,0.39930959623102974,0.424,161,0.7800925925925926,0.8161764705882353,0.803921568627451,0.04766666666666667,0.0
358,0,Exact no shift,Target-calibrated associative latent model,0.819,0.4064553172360159,0.13043478260869565,0.12918476654797684,0.045494394879719506,0.3857707293892822,0.452,161,0.8252314814814815,0.7794117647058824,0.7647058823529411,0.04766666666666667,0.0
358,0,Exact no shift,Frozen causal latent SCM,0.821,0.41157803259684267,0.18633540372670807,0.12830225921359953,0.04273502071316759,0.3871982954170275,0.464,161,0.8263888888888888,0.7867647058823529,0.7450980392156863,0.04766666666666667,0.0
358,0,Exact no shift,Modular causal latent SCM,0.818,0.40390189639410656,0.19875776397515527,0.12819701753075377,0.03745637565577584,0.38736471923713917,0.467,161,0.8229166666666666,0.7867647058823529,0.7450980392156863,0.04766666666666667,0.0
358,0,Exact no shift,Target oracle (reference),0.818,0.40389999270505217,0.2422360248447205,0.12593968715351528,0.03369384896001635,0.39346082546981015,0.517,161,0.8240740740740741,0.7794117647058824,0.7450980392156863,0.04766666666666667,0.0
359,0,Exact no shift,Pooled associative latent class model,0.81,0.38378307618469854,0.32,0.1361396622783615,0.024991514516608443,0.4198444955549197,0.475,150,0.8292397660818713,0.696551724137931,0.6388888888888888,0.050333333333333334,0.0
359,0,Exact no shift,Target-calibrated associative latent model,0.814,0.39377262642961397,0.14,0.1298479835834633,0.030613009589762596,0.39449265470889117,0.445,150,0.8304093567251462,0.7172413793103448,0.6944444444444444,0.050333333333333334,0.0
359,0,Exact no shift,Frozen causal latent SCM,0.819,0.40645002515031425,0.16666666666666666,0.12778008032441945,0.020103388419111988,0.39784744032346525,0.478,150,0.8339181286549707,0.7310344827586207,0.6666666666666666,0.050333333333333334,0.0
359,0,Exact no shift,Modular causal latent SCM,0.82,0.40900793948262926,0.16,0.1277719960397221,0.020167386222728078,0.3971461902859684,0.471,150,0.8350877192982457,0.7310344827586207,0.6666666666666666,0.050333333333333334,0.0
359,0,Exact no shift,Target oracle (reference),0.82,0.4090092424584148,0.17333333333333334,0.12609132775965431,0.021842154726376045,0.39858695852740744,0.489,150,0.8374269005847953,0.7172413793103448,0.6944444444444444,0.050333333333333334,0.0
360,0,Exact no shift,Pooled associative latent class model,0.787,0.32880427273409263,0.345679012345679,0.15056917923001684,0.04135463268824133,0.4050678010208355,0.493,162,0.7946009389671361,0.7432432432432432,0.7346938775510204,0.052,0.0
360,0,Exact no shift,Target-calibrated associative latent model,0.796,0.3498264656204518,0.11728395061728394,0.14491097279467122,0.06889651238654367,0.3863221599772289,0.428,162,0.8110328638497653,0.7094594594594594,0.7142857142857143,0.052,0.0
360,0,Exact no shift,Frozen causal latent SCM,0.803,0.3666040789441995,0.19135802469135801,0.13663855705905478,0.032505963522709486,0.3931775536292809,0.471,162,0.818075117370892,0.7162162162162162,0.7346938775510204,0.052,0.0
360,0,Exact no shift,Modular causal latent SCM,0.802,0.36419184030402973,0.09259259259259259,0.14110722504107234,0.0583591075713858,0.3892313871406877,0.43,162,0.8157276995305164,0.722972972972973,0.7142857142857143,0.052,0.0
360,0,Exact no shift,Target oracle (reference),0.796,0.3498131830055414,0.20987654320987653,0.1352238125785076,0.018971212287627697,0.40750153326223043,0.498,162,0.812206572769953,0.7027027027027027,0.6938775510204082,0.052,0.0
361,0,Exact no shift,Pooled associative latent class model,0.794,0.34508892214599163,0.3150684931506849,0.1372931152769787,0.023408204179473546,0.41887468048885396,0.49,146,0.8079625292740047,0.7123287671232876,0.7142857142857143,0.051666666666666666,0.0
361,0,Exact no shift,Target-calibrated associative latent model,0.816,0.3988240426570132,0.10273972602739725,0.12830372492363182,0.03038689898861947,0.3864589284680141,0.462,146,0.8220140515222483,0.7808219178082192,0.7619047619047619,0.051666666666666666,0.0
361,0,Exact no shift,Frozen causal latent SCM,0.82,0.4090088222038725,0.15753424657534246,0.12694923266681402,0.01473305592844305,0.3875589931150088,0.492,146,0.8290398126463701,0.7671232876712328,0.7380952380952381,0.051666666666666666,0.0
361,0,Exact no shift,Modular causal latent SCM,0.822,0.41415015612369926,0.1232876712328767,0.12717945722436852,0.01981840343121403,0.38721422182430026,0.484,146,0.8290398126463701,0.7808219178082192,0.7857142857142857,0.051666666666666666,0.0
361,0,Exact no shift,Target oracle (reference),0.824,0.41932327003610453,0.1232876712328767,0.12658256913787874,0.02314394836050849,0.3967996793228057,0.486,146,0.8313817330210773,0.7808219178082192,0.8095238095238095,0.051666666666666666,0.0
362,0,Exact no shift,Pooled associative latent class model,0.801,0.3617681739054012,0.3116883116883117,0.13550664958466432,0.024088525686413165,0.4325609897695506,0.536,154,0.8049645390070922,0.7792207792207793,0.7346938775510204,0.05366666666666667,0.0
362,0,Exact no shift,Target-calibrated associative latent model,0.829,0.43239916046184335,0.12337662337662338,0.1276133292424876,0.03540812346103574,0.4076999444979657,0.54,154,0.83451536643026,0.7987012987012987,0.7755102040816326,0.05366666666666667,0.0
362,0,Exact no shift,Frozen causal latent SCM,0.829,0.4323985380376023,0.16233766233766234,0.12559213214254986,0.031851432046934934,0.4113228288655645,0.536,154,0.8321513002364066,0.8116883116883117,0.7959183673469388,0.05366666666666667,0.0
362,0,Exact no shift,Modular causal latent SCM,0.834,0.44567286698982106,0.13636363636363635,0.12780170921710263,0.042648196937278816,0.40794829356936124,0.543,154,0.8368794326241135,0.8181818181818182,0.7959183673469388,0.05366666666666667,0.0
362,0,Exact no shift,Target oracle (reference),0.827,0.42714381679378743,0.16233766233766234,0.12472956679925062,0.02907847044627924,0.39152615572659716,0.524,154,0.8321513002364066,0.7987012987012987,0.7959183673469388,0.05366666666666667,0.0
363,0,Exact no shift,Pooled associative latent class model,0.809,0.3813051719351679,0.2689655172413793,0.14107057964707775,0.036413230914727035,0.3921735337525021,0.514,145,0.8134777376654633,0.7869822485207101,0.8070175438596491,0.062,0.0
363,0,Exact no shift,Target-calibrated associative latent model,0.805,0.3714885477603656,0.3724137931034483,0.14041403246333617,0.06899780014554652,0.3755455586030236,0.584,145,0.8134777376654633,0.7633136094674556,0.7543859649122807,0.062,0.0
363,0,Exact no shift,Frozen causal latent SCM,0.805,0.3714722894283012,0.23448275862068965,0.13161898951646095,0.036874063676693984,0.38561281774595746,0.524,145,0.8122743682310469,0.7692307692307693,0.7894736842105263,0.062,0.0
363,0,Exact no shift,Modular causal latent SCM,0.805,0.37147570174057537,0.2620689655172414,0.13279888408089802,0.034175379616981666,0.38373249737041326,0.544,145,0.8122743682310469,0.7692307692307693,0.7894736842105263,0.062,0.0
363,0,Exact no shift,Target oracle (reference),0.82,0.40900842156159994,0.19310344827586207,0.12718746912369686,0.023730789035023986,0.4033031394346739,0.501,145,0.825511432009627,0.7928994082840237,0.7894736842105263,0.062,0.0
364,0,Exact no shift,Pooled associative latent class model,0.783,0.3196715675322315,0.2638888888888889,0.14759948763735314,0.06265910549485026,0.4234925204486431,0.46,144,0.7809187279151943,0.7947019867549668,0.7924528301886793,0.053,0.0
364,0,Exact no shift,Target-calibrated associative latent model,0.81,0.3837827501699135,0.11805555555555555,0.13338889037311366,0.05193310401101652,0.39373334243879493,0.475,144,0.8127208480565371,0.7947019867549668,0.7924528301886793,0.053,0.0
364,0,Exact no shift,Frozen causal latent SCM,0.816,0.3988233633174253,0.1388888888888889,0.13054321289820336,0.03956851502590786,0.3941782859023489,0.493,144,0.8209658421672555,0.7880794701986755,0.7735849056603774,0.053,0.0
364,0,Exact no shift,Modular causal latent SCM,0.813,0.3912675558866703,0.1388888888888889,0.1308235467560407,0.03960248471745963,0.39427588722168505,0.488,144,0.8162544169611308,0.7947019867549668,0.7924528301886793,0.053,0.0
364,0,Exact no shift,Target oracle (reference),0.815,0.3962960964717143,0.1875,0.12749181807854687,0.033565996927836954,0.40571545799002107,0.518,144,0.8221436984687868,0.7748344370860927,0.7547169811320755,0.053,0.0
365,0,Exact no shift,Pooled associative latent class model,0.807,0.3763723825103727,0.28169014084507044,0.13335472786138466,0.03406635922632455,0.4004065106240215,0.491,142,0.8205128205128205,0.7253521126760564,0.74,0.049666666666666665,0.0
365,0,Exact no shift,Target-calibrated associative latent model,0.816,0.3988228370486601,0.2112676056338028,0.12665074892796332,0.027600414862110366,0.38415376586634115,0.502,142,0.8321678321678322,0.7183098591549296,0.74,0.049666666666666665,0.0
365,0,Exact no shift,Frozen causal latent SCM,0.809,0.3813052701327312,0.1267605633802817,0.1264176351044326,0.0462838083234555,0.386129640302251,0.471,142,0.824009324009324,0.7183098591549296,0.76,0.049666666666666665,0.0
365,0,Exact no shift,Modular causal latent SCM,0.816,0.39882282247585116,0.14788732394366197,0.12573622690493044,0.03808560076787222,0.38587080431848153,0.484,142,0.8321678321678322,0.7183098591549296,0.76,0.049666666666666665,0.0
365,0,Exact no shift,Target oracle (reference),0.833,0.44299899690941014,0.14084507042253522,0.1233469557684101,0.03585750841842883,0.3946527700329525,0.517,142,0.8496503496503497,0.7323943661971831,0.8,0.049666666666666665,0.0
366,0,Exact no shift,Pooled associative latent class model,0.806,0.3739173155843201,0.2708333333333333,0.13332984004078752,0.033019375643917034,0.41791525576500066,0.503,144,0.8271308523409364,0.7005988023952096,0.6440677966101694,0.060333333333333336,0.001
366,0,Exact no shift,Target-calibrated associative latent model,0.812,0.3887656797779505,0.09027777777777778,0.13093013866228864,0.03958666739796794,0.40302641447161514,0.475,144,0.82953181272509,0.7245508982035929,0.711864406779661,0.060333333333333336,0.001
366,0,Exact no shift,Frozen causal latent SCM,0.819,0.4064498675681517,0.125,0.1281163145767288,0.023079737244676102,0.4035625979724473,0.502,144,0.8379351740696278,0.7245508982035929,0.711864406779661,0.060333333333333336,0.001
366,0,Exact no shift,Modular causal latent SCM,0.82,0.40900842156159994,0.125,0.12819180546974107,0.0243359033544192,0.40351539797131025,0.499,144,0.8391356542617047,0.7245508982035929,0.711864406779661,0.060333333333333336,0.001
366,0,Exact no shift,Target oracle (reference),0.826,0.42452795650758396,0.13194444444444445,0.12652758961042257,0.022512011246549547,0.4072341841147943,0.501,144,0.8475390156062425,0.718562874251497,0.711864406779661,0.060333333333333336,0.001
367,0,Exact no shift,Pooled associative latent class model,0.793,0.34274440509291937,0.23270440251572327,0.14369923727216138,0.04094062497850396,0.403822267835179,0.451,159,0.806146572104019,0.7207792207792207,0.75,0.05566666666666667,0.002
367,0,Exact no shift,Target-calibrated associative latent model,0.814,0.39377856987392285,0.16352201257861634,0.1331641475465956,0.04146978652358561,0.38262226644693464,0.476,159,0.8250591016548463,0.7532467532467533,0.75,0.05566666666666667,0.002
367,0,Exact no shift,Frozen causal latent SCM,0.81,0.38378483591763896,0.1509433962264151,0.13309868321522658,0.0400506796361751,0.38439300328938136,0.474,159,0.8238770685579196,0.7337662337662337,0.75,0.05566666666666667,0.002
367,0,Exact no shift,Modular causal latent SCM,0.808,0.37883470039438366,0.20125786163522014,0.13307552857842445,0.040573766626431675,0.3848700896653309,0.486,159,0.8191489361702128,0.7467532467532467,0.7678571428571429,0.05566666666666667,0.002
367,0,Exact no shift,Target oracle (reference),0.818,0.40389934083210643,0.1761006289308176,0.12936480583755028,0.03241294871035045,0.38490403637867154,0.496,159,0.8286052009456265,0.7597402597402597,0.7678571428571429,0.05566666666666667,0.002
368,0,Exact no shift,Pooled associative latent class model,0.807,0.376372387309426,0.25,0.1363630988967672,0.03606646797634378,0.42812439897617294,0.484,144,0.8076923076923077,0.8028169014084507,0.7291666666666666,0.050666666666666665,0.0
368,0,Exact no shift,Target-calibrated associative latent model,0.817,0.40135691285991193,0.1597222222222222,0.13215409727573263,0.03126253547547351,0.39396323207121975,0.492,144,0.8181818181818182,0.8098591549295775,0.75,0.050666666666666665,0.0
368,0,Exact no shift,Frozen causal latent SCM,0.818,0.40389936448499586,0.1597222222222222,0.13174658290400532,0.018439616711220366,0.39558374178569894,0.495,144,0.8205128205128205,0.8028169014084507,0.7291666666666666,0.050666666666666665,0.0
368,0,Exact no shift,Modular causal latent SCM,0.819,0.40644994339030416,0.1527777777777778,0.13187021447291727,0.023414593702475082,0.3956490236466498,0.494,144,0.8216783216783217,0.8028169014084507,0.7291666666666666,0.050666666666666665,0.0
368,0,Exact no shift,Target oracle (reference),0.824,0.41932280176168113,0.1388888888888889,0.13093403129955106,0.03478173366567376,0.3942418494547526,0.505,144,0.8286713286713286,0.795774647887324,0.7291666666666666,0.050666666666666665,0.0
369,0,Exact no shift,Pooled associative latent class model,0.791,0.33806382765498216,0.48,0.13767977580355403,0.03178652872668844,0.4018647205467621,0.531,150,0.799081515499426,0.7364341085271318,0.673469387755102,0.046,0.0
369,0,Exact no shift,Target-calibrated associative latent model,0.811,0.38627021271009937,0.15333333333333332,0.12674105925162116,0.04350213995364698,0.3911615918265376,0.485,150,0.8163030998851895,0.7751937984496124,0.7346938775510204,0.046,0.0
369,0,Exact no shift,Frozen causal latent SCM,0.814,0.3937792560316097,0.29333333333333333,0.12621779511713146,0.03589737088000908,0.3929533852059992,0.53,150,0.8208955223880597,0.7674418604651163,0.7346938775510204,0.046,0.0
369,0,Exact no shift,Modular causal latent SCM,0.815,0.3962958410723611,0.16666666666666666,0.1265266197371706,0.034790563770687,0.3934080757145946,0.493,150,0.8208955223880597,0.7751937984496124,0.7346938775510204,0.046,0.0
369,0,Exact no shift,Target oracle (reference),0.816,0.3988222680146418,0.24666666666666667,0.12505176760344058,0.040849975313112304,0.40230810295906816,0.502,150,0.8231917336394948,0.7674418604651163,0.7551020408163265,0.046,0.0
370,0,Exact no shift,Pooled associative latent class model,0.813,0.39126879023071454,0.2838709677419355,0.1277369455679915,0.035417678252763526,0.41384048721118816,0.467,155,0.8216783216783217,0.7605633802816901,0.7346938775510204,0.04833333333333333,0.0
370,0,Exact no shift,Target-calibrated associative latent model,0.838,0.4564320855601986,0.22580645161290322,0.11786651218343504,0.0321809187676058,0.38550758128964446,0.506,155,0.8484848484848485,0.7746478873239436,0.8163265306122449,0.04833333333333333,0.0
370,0,Exact no shift,Frozen causal latent SCM,0.837,0.45373050999883074,0.12903225806451613,0.11614551472686625,0.03485851480765931,0.38107754308641767,0.473,155,0.8461538461538461,0.7816901408450704,0.7959183673469388,0.04833333333333333,0.0
370,0,Exact no shift,Modular causal latent SCM,0.837,0.4537315525260924,0.12258064516129032,0.1168333808210284,0.04003893917197225,0.3813708105880613,0.463,155,0.844988344988345,0.7887323943661971,0.8163265306122449,0.04833333333333333,0.0
370,0,Exact no shift,Target oracle (reference),0.839,0.45914281896733056,0.14838709677419354,0.11368533965215588,0.04223038614630473,0.40228091414072775,0.493,155,0.8519813519813519,0.7605633802816901,0.7959183673469388,0.04833333333333333,0.0
371,0,Exact no shift,Pooled associative latent class model,0.789,0.333418369535482,0.35443037974683544,0.14293069342156278,0.03663737497128475,0.3996961542180271,0.527,158,0.8028673835125448,0.7177914110429447,0.7272727272727273,0.059,0.0
371,0,Exact no shift,Target-calibrated associative latent model,0.803,0.3666025553834416,0.08860759493670886,0.1355604036783908,0.042751381566885766,0.36919615619186086,0.515,158,0.8231780167264038,0.6993865030674846,0.696969696969697,0.059,0.0
371,0,Exact no shift,Frozen causal latent SCM,0.796,0.3498141046381554,0.22151898734177214,0.1327913274681355,0.04711154490321569,0.37785197058746245,0.52,158,0.8160095579450418,0.6932515337423313,0.6818181818181818,0.059,0.0
371,0,Exact no shift,Modular causal latent SCM,0.807,0.3763719985858697,0.06962025316455696,0.13416063511672166,0.0331247368939234,0.37037877294126986,0.493,158,0.8303464755077659,0.6871165644171779,0.6818181818181818,0.059,0.0
371,0,Exact no shift,Target oracle (reference),0.806,0.37391745864731174,0.17088607594936708,0.12970559281669983,0.017976635927782123,0.39737832569492354,0.502,158,0.8243727598566308,0.7116564417177914,0.696969696969697,0.059,0.0
372,0,Exact no shift,Pooled associative latent class model,0.794,0.3450918202660774,0.3870967741935484,0.136019213513067,0.02883229495249222,0.42815174010947876,0.552,155,0.8,0.7647058823529411,0.7450980392156863,0.059333333333333335,0.0
372,0,Exact no shift,Target-calibrated associative latent model,0.808,0.3788352845227833,0.1870967741935484,0.12863131734098426,0.018009305303200315,0.40959549440212345,0.526,155,0.808433734939759,0.8058823529411765,0.803921568627451,0.059333333333333335,0.0
372,0,Exact no shift,Frozen causal latent SCM,0.809,0.381311276193524,0.2838709677419355,0.12818331299441135,0.04364134590856553,0.40985308093234735,0.577,155,0.8072289156626506,0.8176470588235294,0.7843137254901961,0.059333333333333335,0.0
372,0,Exact no shift,Modular causal latent SCM,0.814,0.39377970014780234,0.1870967741935484,0.126258564978928,0.026709629701253044,0.4113268453502845,0.546,155,0.8132530120481928,0.8176470588235294,0.803921568627451,0.059333333333333335,0.0
372,0,Exact no shift,Target oracle (reference),0.815,0.3962965825312779,0.2,0.12446067767669694,0.026525460001108062,0.3971895891387927,0.523,155,0.8156626506024096,0.8117647058823529,0.7843137254901961,0.059333333333333335,0.0
373,0,Exact no shift,Pooled associative latent class model,0.795,0.34744342853994054,0.21153846153846154,0.13865846496067594,0.06408357329876314,0.41808914796434615,0.47,156,0.8115246098439376,0.7125748502994012,0.8032786885245902,0.059,0.0
373,0,Exact no shift,Target-calibrated associative latent model,0.808,0.37881977346767354,0.057692307692307696,0.13231846438453043,0.07871442825819802,0.3997230279993083,0.447,156,0.8211284513805522,0.7425149700598802,0.8688524590163934,0.059,0.0
373,0,Exact no shift,Frozen causal latent SCM,0.811,0.386263327018899,0.10256410256410256,0.12969736634382928,0.06778522373231673,0.4040589969911173,0.462,156,0.8271308523409364,0.7305389221556886,0.8524590163934426,0.059,0.0
373,0,Exact no shift,Modular causal latent SCM,0.817,0.4013549410315715,0.11538461538461539,0.1283059775004116,0.0593992704368516,0.40442507791115134,0.474,156,0.8331332533013205,0.7365269461077845,0.8688524590163934,0.059,0.0
373,0,Exact no shift,Target oracle (reference),0.812,0.38876412191675414,0.14743589743589744,0.124541280263261,0.029888661510495705,0.39552572589065177,0.519,156,0.8259303721488596,0.7425149700598802,0.8524590163934426,0.059,0.0
374,0,Exact no shift,Pooled associative latent class model,0.815,0.39629593445168576,0.2550335570469799,0.12689293020667528,0.022632305446306414,0.4000102120567365,0.493,149,0.834916864608076,0.7088607594936709,0.6206896551724138,0.056,0.0
374,0,Exact no shift,Target-calibrated associative latent model,0.808,0.37883863941572554,0.10738255033557047,0.12480055585465641,0.04789549872031633,0.376818580806809,0.452,149,0.8266033254156769,0.7088607594936709,0.6379310344827587,0.056,0.0
374,0,Exact no shift,Frozen causal latent SCM,0.822,0.41415005581314107,0.1342281879194631,0.12222227976878924,0.03240682639758731,0.38129052408630765,0.486,149,0.8408551068883611,0.7215189873417721,0.6379310344827587,0.056,0.0
374,0,Exact no shift,Modular causal latent SCM,0.814,0.393778743104588,0.12080536912751678,0.12264587048316038,0.03106666343771545,0.38004674651161313,0.472,149,0.832541567695962,0.7151898734177216,0.6379310344827587,0.056,0.0
374,0,Exact no shift,Target oracle (reference),0.822,0.41414977629589866,0.12751677852348994,0.12199199710194565,0.04506859329550826,0.3924799449769599,0.494,149,0.8408551068883611,0.7215189873417721,0.6551724137931034,0.056,0.0
375,0,Exact no shift,Pooled associative latent class model,0.801,0.3617661356596508,0.3821656050955414,0.14051768423040853,0.024792115630911295,0.41365690018763607,0.52,157,0.8071428571428572,0.76875,0.7222222222222222,0.05733333333333333,0.0
375,0,Exact no shift,Target-calibrated associative latent model,0.816,0.3988257750648027,0.2484076433121019,0.12938060565926157,0.031539573967794866,0.39358508191135644,0.539,157,0.825,0.76875,0.7592592592592593,0.05733333333333333,0.0
375,0,Exact no shift,Frozen causal latent SCM,0.809,0.38130632364183964,0.2229299363057325,0.12908615924487618,0.020326405465967107,0.39312596978792846,0.526,157,0.819047619047619,0.75625,0.7592592592592593,0.05733333333333333,0.0
375,0,Exact no shift,Modular causal latent SCM,0.813,0.39126803401015653,0.21656050955414013,0.12897663236780027,0.02339700806124942,0.39323990320786045,0.524,157,0.8226190476190476,0.7625,0.7592592592592593,0.05733333333333333,0.0
375,0,Exact no shift,Target oracle (reference),0.805,0.37147121405455324,0.2229299363057325,0.12809806607699173,0.03272702675625332,0.4025377163237782,0.512,157,0.8119047619047619,0.76875,0.7777777777777778,0.05733333333333333,0.0
376,0,Exact no shift,Pooled associative latent class model,0.814,0.3937772910895541,0.32666666666666666,0.13334644712391594,0.027744723435106648,0.4181163811973643,0.494,150,0.827262044653349,0.738255033557047,0.7735849056603774,0.052,0.0
376,0,Exact no shift,Target-calibrated associative latent model,0.813,0.39126721017575217,0.24,0.12834981371361748,0.022711013538881185,0.3888165635104558,0.515,150,0.8237367802585194,0.7516778523489933,0.7735849056603774,0.052,0.0
376,0,Exact no shift,Frozen causal latent SCM,0.816,0.39882225899336216,0.22,0.12686320840002308,0.023354250106047716,0.3927513162496925,0.5,150,0.8284371327849589,0.7449664429530202,0.7547169811320755,0.052,0.0
376,0,Exact no shift,Modular causal latent SCM,0.817,0.4013576066418775,0.2733333333333333,0.12730097363643944,0.03167930509697905,0.3916104904420265,0.519,150,0.8284371327849589,0.7516778523489933,0.7735849056603774,0.052,0.0
376,0,Exact no shift,Target oracle (reference),0.812,0.38876419150209596,0.22666666666666666,0.12616655324274362,0.030828926240754777,0.3968821756849549,0.5,150,0.8237367802585194,0.7449664429530202,0.7547169811320755,0.052,0.0
377,0,Exact no shift,Pooled associative latent class model,0.8,0.35935944255267904,0.3262411347517731,0.14099905917288869,0.0426423188365963,0.4205031278818934,0.52,141,0.8093567251461988,0.7448275862068966,0.8367346938775511,0.050666666666666665,0.0
377,0,Exact no shift,Target-calibrated associative latent model,0.799,0.3569617575956279,0.18439716312056736,0.13911189907610574,0.05399437007328923,0.377502286149179,0.541,141,0.8058479532163743,0.7586206896551724,0.8163265306122449,0.050666666666666665,0.0
377,0,Exact no shift,Frozen causal latent SCM,0.815,0.3962963166794415,0.2198581560283688,0.13266335161368936,0.038274899518108134,0.3789985681297862,0.517,141,0.8245614035087719,0.7586206896551724,0.8367346938775511,0.050666666666666665,0.0
377,0,Exact no shift,Modular causal latent SCM,0.813,0.3912671486925701,0.15602836879432624,0.1327629223842403,0.030442813448614672,0.37843345999031514,0.505,141,0.8222222222222222,0.7586206896551724,0.8163265306122449,0.050666666666666665,0.0
377,0,Exact no shift,Target oracle (reference),0.817,0.401357456345622,0.16312056737588654,0.13085809269654022,0.02517653819241341,0.39945935630209894,0.479,141,0.8269005847953217,0.7586206896551724,0.8571428571428571,0.050666666666666665,0.0
378,0,Exact no shift,Pooled associative latent class model,0.802,0.36418041467122764,0.3197278911564626,0.14270993562047027,0.035956529105103635,0.39839437896702695,0.514,147,0.8157575757575758,0.7371428571428571,0.7058823529411765,0.062,0.0
378,0,Exact no shift,Target-calibrated associative latent model,0.819,0.4064514598292843,0.14285714285714285,0.12965836816934848,0.03243171781503868,0.364466625476844,0.501,147,0.84,0.72,0.7254901960784313,0.062,0.0
378,0,Exact no shift,Frozen causal latent SCM,0.82,0.4090080645219378,0.19047619047619047,0.12821251537740813,0.024889284976032825,0.3634353934291997,0.522,147,0.8375757575757575,0.7371428571428571,0.7450980392156863,0.062,0.0
378,0,Exact no shift,Modular causal latent SCM,0.816,0.39882358650645516,0.14285714285714285,0.12772402457464735,0.033802497269001475,0.3628625525183286,0.508,147,0.84,0.7028571428571428,0.7254901960784313,0.062,0.0
378,0,Exact no shift,Target oracle (reference),0.82,0.40900871032538977,0.19047619047619047,0.12834329409662604,0.024474230923126453,0.3872968221818021,0.518,147,0.8387878787878787,0.7314285714285714,0.7254901960784313,0.062,0.0
379,0,Exact no shift,Pooled associative latent class model,0.807,0.3763717898267229,0.3087248322147651,0.13461530943824915,0.02303643627563027,0.39034167759173866,0.504,149,0.8217703349282297,0.7317073170731707,0.7916666666666666,0.05733333333333333,0.0
379,0,Exact no shift,Target-calibrated associative latent model,0.803,0.36661581631874496,0.3624161073825503,0.13334721229862623,0.06792202389135649,0.36943124949056005,0.574,149,0.8110047846889952,0.7621951219512195,0.8125,0.05733333333333333,0.0
379,0,Exact no shift,Frozen causal latent SCM,0.828,0.42976798521167636,0.18791946308724833,0.1239911984788821,0.03317438671359927,0.3764383582675949,0.535,149,0.8385167464114832,0.774390243902439,0.8333333333333334,0.05733333333333333,0.0
379,0,Exact no shift,Modular causal latent SCM,0.826,0.42453260615492605,0.24161073825503357,0.12742727096599055,0.05393076715862777,0.37394431073444,0.545,149,0.8361244019138756,0.774390243902439,0.8333333333333334,0.05733333333333333,0.0
379,0,Exact no shift,Target oracle (reference),0.816,0.39882228284770693,0.18120805369127516,0.12380822261848297,0.028063792493078346,0.39315419559197556,0.505,149,0.833732057416268,0.725609756097561,0.7916666666666666,0.05733333333333333,0.0
380,0,Exact no shift,Pooled associative latent class model,0.797,0.3521964429472121,0.25,0.1393010726780114,0.04903652381466671,0.41014127007619383,0.441,148,0.8047619047619048,0.75625,0.7727272727272727,0.05533333333333333,0.0
380,0,Exact no shift,Target-calibrated associative latent model,0.815,0.3963051508721358,0.12162162162162163,0.1296534469549628,0.05266216063995123,0.3876834617546983,0.437,148,0.8214285714285714,0.78125,0.8409090909090909,0.05533333333333333,0.0
380,0,Exact no shift,Frozen causal latent SCM,0.813,0.3912744670948715,0.14864864864864866,0.12899498511467078,0.04478195776000606,0.3910152658016752,0.443,148,0.819047619047619,0.78125,0.8409090909090909,0.05533333333333333,0.0
380,0,Exact no shift,Modular causal latent SCM,0.813,0.3912761956043222,0.14189189189189189,0.12935226367734703,0.04873737997761187,0.38954093564872905,0.437,148,0.819047619047619,0.78125,0.8409090909090909,0.05533333333333333,0.0
380,0,Exact no shift,Target oracle (reference),0.816,0.39882383285560014,0.18243243243243243,0.12601729028899114,0.015444777223286141,0.3881987669653959,0.474,148,0.825,0.76875,0.7954545454545454,0.05533333333333333,0.0
381,0,Exact no shift,Pooled associative latent class model,0.801,0.3617662293455692,0.267515923566879,0.13754018547363242,0.04177186442071092,0.3964578813637535,0.467,157,0.8087367178276269,0.7581699346405228,0.819672131147541,0.05366666666666667,0.0
381,0,Exact no shift,Target-calibrated associative latent model,0.83,0.43503507122898444,0.1337579617834395,0.12233764922908014,0.03383430620129351,0.3824999436692501,0.482,157,0.8370720188902007,0.7908496732026143,0.8032786885245902,0.05366666666666667,0.0
381,0,Exact no shift,Frozen causal latent SCM,0.823,0.4167331563874203,0.12738853503184713,0.12443371409247189,0.04242231002298262,0.3824383498469073,0.467,157,0.8288075560802833,0.7908496732026143,0.819672131147541,0.05366666666666667,0.0
381,0,Exact no shift,Modular causal latent SCM,0.822,0.41415075573216253,0.12101910828025478,0.12585355179694208,0.049010213035260784,0.3823274395589111,0.462,157,0.8288075560802833,0.7843137254901961,0.8032786885245902,0.05366666666666667,0.0
381,0,Exact no shift,Target oracle (reference),0.826,0.4245284059705005,0.15286624203821655,0.1226833403028163,0.03146081738046894,0.4063248826232857,0.502,157,0.8347107438016529,0.7777777777777778,0.7868852459016393,0.05366666666666667,0.0
382,0,Exact no shift,Pooled associative latent class model,0.797,0.35218838915239037,0.3525641025641026,0.1375945644746473,0.03305603528637189,0.4232397341007787,0.511,156,0.8045023696682464,0.7564102564102564,0.7017543859649122,0.05533333333333333,0.0
382,0,Exact no shift,Target-calibrated associative latent model,0.812,0.38876454427925017,0.21153846153846154,0.1270394388744587,0.024623537854828348,0.39563661760494667,0.52,156,0.8151658767772512,0.7948717948717948,0.7894736842105263,0.05533333333333333,0.0
382,0,Exact no shift,Frozen causal latent SCM,0.808,0.37883305125344735,0.23076923076923078,0.12589789434259283,0.027863638123776124,0.39313105222623007,0.538,156,0.8104265402843602,0.7948717948717948,0.8070175438596491,0.05533333333333333,0.0
382,0,Exact no shift,Modular causal latent SCM,0.808,0.3788336786450529,0.22435897435897437,0.12603529506127645,0.02383475543968703,0.39417236340884787,0.532,156,0.8116113744075829,0.7884615384615384,0.7719298245614035,0.05533333333333333,0.0
382,0,Exact no shift,Target oracle (reference),0.813,0.391266718309948,0.22435897435897437,0.1245743043063849,0.025474698506773575,0.40266567240639395,0.525,156,0.8187203791469194,0.782051282051282,0.7894736842105263,0.05533333333333333,0.0
383,0,Exact no shift,Pooled associative latent class model,0.777,0.30622244741190163,0.41496598639455784,0.15457924010556298,0.04373850382079674,0.4196605319137861,0.521,147,0.7949940405244339,0.6832298136645962,0.72,0.055,0.0
383,0,Exact no shift,Target-calibrated associative latent model,0.788,0.3311101375746046,0.3197278911564626,0.15269754389305762,0.07307134266161458,0.3950934414413335,0.554,147,0.8057210965435042,0.6956521739130435,0.76,0.055,0.0
383,0,Exact no shift,Frozen causal latent SCM,0.79,0.3357369165094407,0.25170068027210885,0.14940129329999258,0.05918183230853277,0.3973128055155575,0.536,147,0.8092967818831943,0.6894409937888198,0.72,0.055,0.0
383,0,Exact no shift,Modular causal latent SCM,0.787,0.3288074864085554,0.29931972789115646,0.15175653549315668,0.06809240070463453,0.3954570317353631,0.551,147,0.8033373063170441,0.7018633540372671,0.76,0.055,0.0
383,0,Exact no shift,Target oracle (reference),0.787,0.32880471241399173,0.21768707482993196,0.14339195204720093,0.03181732446471606,0.41070163787457686,0.487,147,0.8069129916567342,0.6832298136645962,0.7,0.055,0.0
384,0,Exact no shift,Pooled associative latent class model,0.804,0.3690330132467374,0.22857142857142856,0.1364645718419417,0.04251991883584303,0.43538603428308237,0.484,140,0.8083333333333333,0.78125,0.7735849056603774,0.057,0.002
384,0,Exact no shift,Target-calibrated associative latent model,0.809,0.3813060845960059,0.18571428571428572,0.1299102779399604,0.025797860318098446,0.4088666666688728,0.497,140,0.8130952380952381,0.7875,0.7924528301886793,0.057,0.002
384,0,Exact no shift,Frozen causal latent SCM,0.81,0.3837844729960796,0.15714285714285714,0.12986089832704817,0.018493052302104282,0.40781995285609013,0.506,140,0.8154761904761905,0.78125,0.8113207547169812,0.057,0.002
384,0,Exact no shift,Modular causal latent SCM,0.813,0.39126803401015653,0.15,0.12974905141168824,0.01913679089808587,0.40828438418923485,0.503,140,0.8178571428571428,0.7875,0.8113207547169812,0.057,0.002
384,0,Exact no shift,Target oracle (reference),0.812,0.38876524395273465,0.15714285714285714,0.1299267547509593,0.020073116069649625,0.39678722674245875,0.51,140,0.8142857142857143,0.8,0.8490566037735849,0.057,0.002
385,0,Exact no shift,Pooled associative latent class model,0.805,0.37147073815615816,0.25,0.1310967629889423,0.029244438636557433,0.40070512159702665,0.454,164,0.8142011834319527,0.7548387096774194,0.7446808510638298,0.05266666666666667,0.0
385,0,Exact no shift,Target-calibrated associative latent model,0.817,0.4013562771220376,0.0975609756097561,0.12222717494804883,0.03824192311139175,0.3795476839526652,0.444,164,0.829585798816568,0.7483870967741936,0.723404255319149,0.05266666666666667,0.0
385,0,Exact no shift,Frozen causal latent SCM,0.822,0.41414968457924534,0.14634146341463414,0.12029801605046729,0.030774240792578,0.38278626013878375,0.461,164,0.8331360946745562,0.7612903225806451,0.7659574468085106,0.05266666666666667,0.0
385,0,Exact no shift,Modular causal latent SCM,0.819,0.40644961543651764,0.12195121951219512,0.12080094372210227,0.03901089440119587,0.3821478066953273,0.45,164,0.8319526627218935,0.7483870967741936,0.723404255319149,0.05266666666666667,0.0
385,0,Exact no shift,Target oracle (reference),0.823,0.4167326780295597,0.15853658536585366,0.11965486565483704,0.023746925086947708,0.3929685885002441,0.48,164,0.834319526627219,0.7612903225806451,0.7659574468085106,0.05266666666666667,0.0
386,0,Exact no shift,Pooled associative latent class model,0.793,0.3427384478474485,0.34615384615384615,0.1414466867725693,0.024736994289151132,0.412415307528603,0.494,156,0.7995226730310262,0.7592592592592593,0.7090909090909091,0.057,0.0
386,0,Exact no shift,Target-calibrated associative latent model,0.798,0.3545748833925926,0.1794871794871795,0.14277101614541596,0.051513441652040956,0.3851149817397786,0.441,156,0.8066825775656324,0.7530864197530864,0.7090909090909091,0.057,0.0
386,0,Exact no shift,Frozen causal latent SCM,0.818,0.4038998000418679,0.19230769230769232,0.1314446344625541,0.02503382455729145,0.39405276791054616,0.487,156,0.8281622911694511,0.7654320987654321,0.6909090909090909,0.057,0.0
386,0,Exact no shift,Modular causal latent SCM,0.812,0.3887646623713116,0.21794871794871795,0.13209619336848286,0.03144716705285785,0.39348456545979393,0.487,156,0.8233890214797136,0.7530864197530864,0.6909090909090909,0.057,0.0
386,0,Exact no shift,Target oracle (reference),0.816,0.39882287131210703,0.19230769230769232,0.13131583217584977,0.02461560802009953,0.40215695039126775,0.483,156,0.8245823389021479,0.7716049382716049,0.7090909090909091,0.057,0.0
387,0,Exact no shift,Pooled associative latent class model,0.801,0.3617707563195137,0.25,0.14449966825089114,0.06287148312247014,0.4077138608922655,0.444,160,0.8114558472553699,0.7469135802469136,0.7101449275362319,0.05466666666666667,0.0
387,0,Exact no shift,Target-calibrated associative latent model,0.803,0.3666027295967241,0.175,0.13800509565299773,0.032467549821311746,0.39668602234508954,0.482,160,0.8126491646778043,0.7530864197530864,0.7101449275362319,0.05466666666666667,0.0
387,0,Exact no shift,Frozen causal latent SCM,0.806,0.37392007392925725,0.16875,0.13650803099364997,0.045084016970247894,0.39678233427206167,0.461,160,0.8138424821002387,0.7654320987654321,0.7246376811594203,0.05466666666666667,0.0
387,0,Exact no shift,Modular causal latent SCM,0.794,0.34509362981420366,0.125,0.14096710515263716,0.0531865031888037,0.39559387975726784,0.447,160,0.801909307875895,0.7530864197530864,0.7101449275362319,0.05466666666666667,0.0
387,0,Exact no shift,Target oracle (reference),0.818,0.4039002083806357,0.2,0.13351480933524942,0.032009698889655776,0.401061402056736,0.521,160,0.8245823389021479,0.7839506172839507,0.7246376811594203,0.05466666666666667,0.0
388,0,Exact no shift,Pooled associative latent class model,0.792,0.34039633691315974,0.3150684931506849,0.13651452875751374,0.0387170657240702,0.43513865326299767,0.495,146,0.8052568697729988,0.7239263803680982,0.7,0.056666666666666664,0.001
388,0,Exact no shift,Target-calibrated associative latent model,0.815,0.39629623967644123,0.136986301369863,0.12594379123126848,0.026287968908519425,0.4152390746455051,0.496,146,0.8267622461170848,0.754601226993865,0.68,0.056666666666666664,0.001
388,0,Exact no shift,Frozen causal latent SCM,0.821,0.41157553170910605,0.13013698630136986,0.12507402165810744,0.02658684704449174,0.4166088373128389,0.492,146,0.8339307048984468,0.754601226993865,0.72,0.056666666666666664,0.001
388,0,Exact no shift,Modular causal latent SCM,0.823,0.41673267522426855,0.1232876712328767,0.12532085808593207,0.029269832906435273,0.41642237247417335,0.498,146,0.8363201911589009,0.754601226993865,0.7,0.056666666666666664,0.001
388,0,Exact no shift,Target oracle (reference),0.828,0.4297657088566691,0.1506849315068493,0.12265878940373569,0.02681493996655773,0.3967435734648654,0.499,146,0.8410991636798089,0.7607361963190185,0.74,0.056666666666666664,0.001
389,0,Exact no shift,Pooled associative latent class model,0.788,0.33110922820989713,0.3706293706293706,0.14131522548490807,0.03196879975919533,0.40564953843161866,0.546,143,0.8007033997655334,0.7142857142857143,0.7692307692307693,0.051333333333333335,0.0
389,0,Exact no shift,Target-calibrated associative latent model,0.809,0.38130698650207573,0.23776223776223776,0.13250440638896327,0.021078563019088805,0.39060786464194197,0.543,143,0.8241500586166471,0.7210884353741497,0.7884615384615384,0.051333333333333335,0.0
389,0,Exact no shift,Frozen causal latent SCM,0.81,0.3837857378454121,0.23076923076923078,0.13162027433556142,0.026707797606985214,0.3922050399284227,0.546,143,0.8218053927315357,0.7414965986394558,0.8076923076923077,0.051333333333333335,0.0
389,0,Exact no shift,Modular causal latent SCM,0.809,0.3813066416419446,0.21678321678321677,0.13142191348685517,0.026806468318507665,0.39222400489663334,0.539,143,0.82063305978898,0.7414965986394558,0.8076923076923077,0.051333333333333335,0.0
389,0,Exact no shift,Target oracle (reference),0.814,0.39377821664789275,0.17482517482517482,0.1307218947281554,0.024612591017681974,0.39653068222455407,0.526,143,0.8253223915592028,0.7482993197278912,0.7884615384615384,0.051333333333333335,0.0
390,0,Exact no shift,Pooled associative latent class model,0.817,0.40133674272667647,0.31386861313868614,0.13468667683737778,0.032210843125488775,0.39859383491620437,0.555,137,0.8257756563245824,0.7716049382716049,0.782608695652174,0.05533333333333333,0.0
390,0,Exact no shift,Target-calibrated associative latent model,0.821,0.41152709596682097,0.30656934306569344,0.13121281891887115,0.038177838951021434,0.3792253462560631,0.583,137,0.8305489260143198,0.7716049382716049,0.7391304347826086,0.05533333333333333,0.0
390,0,Exact no shift,Frozen causal latent SCM,0.827,0.42711846858398334,0.23357664233576642,0.1296327942015492,0.0384185751852393,0.38356212362043346,0.561,137,0.8353221957040573,0.7839506172839507,0.782608695652174,0.05533333333333333,0.0
390,0,Exact no shift,Modular causal latent SCM,0.827,0.42712182405080806,0.22627737226277372,0.1294931220921826,0.038061489077326975,0.3834443274434971,0.557,137,0.834128878281623,0.7901234567901234,0.8043478260869565,0.05533333333333333,0.0
390,0,Exact no shift,Target oracle (reference),0.82,0.40899790589340174,0.21897810218978103,0.12887962250543794,0.029393097241499185,0.3906033083232862,0.542,137,0.8269689737470167,0.7839506172839507,0.782608695652174,0.05533333333333333,0.0
391,0,Exact no shift,Pooled associative latent class model,0.76,0.2696695254068599,0.3,0.15777501963394244,0.06493585278613988,0.37874348431848354,0.481,170,0.7741935483870968,0.6871165644171779,0.6949152542372882,0.058,0.001
391,0,Exact no shift,Target-calibrated associative latent model,0.776,0.3040082866833687,0.22941176470588234,0.14846441408106956,0.06094549605112512,0.36178753724637625,0.495,170,0.7849462365591398,0.7300613496932515,0.711864406779661,0.058,0.001
391,0,Exact no shift,Frozen causal latent SCM,0.775,0.3018020925428724,0.2411764705882353,0.14914096397345333,0.06016618569766593,0.36211213821528176,0.504,170,0.7873357228195937,0.7116564417177914,0.711864406779661,0.058,0.001
391,0,Exact no shift,Modular causal latent SCM,0.775,0.30180210745266434,0.23529411764705882,0.14902575617541686,0.06024920561506468,0.36192296196280815,0.502,170,0.7861409796893668,0.7177914110429447,0.7288135593220338,0.058,0.001
391,0,Exact no shift,Target oracle (reference),0.774,0.29960381424438726,0.21176470588235294,0.14519138913752802,0.0467036939560074,0.3904527786182449,0.491,170,0.7837514934289128,0.7239263803680982,0.7457627118644068,0.058,0.001
392,0,Exact no shift,Pooled associative latent class model,0.794,0.34509143934488007,0.3014705882352941,0.14711968129760242,0.04088997704146575,0.4146016671744905,0.464,136,0.8011627906976744,0.75,0.7291666666666666,0.049666666666666665,0.0
392,0,Exact no shift,Target-calibrated associative latent model,0.799,0.35696067636415485,0.2647058823529412,0.1381401886081017,0.034889447032281515,0.38135275102834565,0.489,136,0.8034883720930233,0.7714285714285715,0.7708333333333334,0.049666666666666665,0.0
392,0,Exact no shift,Frozen causal latent SCM,0.804,0.3690347085514666,0.18382352941176472,0.1370284886399493,0.03849482948691997,0.38325624779040496,0.468,136,0.8081395348837209,0.7785714285714286,0.7916666666666666,0.049666666666666665,0.0
392,0,Exact no shift,Modular causal latent SCM,0.802,0.3641815980920212,0.16911764705882354,0.1367877361637128,0.03919908402640808,0.38341212084389764,0.47,136,0.8058139534883721,0.7785714285714286,0.7916666666666666,0.049666666666666665,0.0
392,0,Exact no shift,Target oracle (reference),0.8,0.35935881866387953,0.20588235294117646,0.13585345690438477,0.025157017831918933,0.39615422812140827,0.498,136,0.8046511627906977,0.7714285714285715,0.7916666666666666,0.049666666666666665,0.0
393,0,Exact no shift,Pooled associative latent class model,0.793,0.3427434552385895,0.1891891891891892,0.14226586529168958,0.067555444994258,0.4228838729720939,0.424,148,0.806060606060606,0.7314285714285714,0.673469387755102,0.06,0.0
393,0,Exact no shift,Target-calibrated associative latent model,0.816,0.39882420853765743,0.10810810810810811,0.1308310535758035,0.05406187045376768,0.3956981512319017,0.455,148,0.8303030303030303,0.7485714285714286,0.7142857142857143,0.06,0.0
393,0,Exact no shift,Frozen causal latent SCM,0.815,0.3962974832202283,0.11486486486486487,0.13083861483287598,0.04672612235018218,0.39462180720976414,0.458,148,0.8278787878787879,0.7542857142857143,0.6938775510204082,0.06,0.0
393,0,Exact no shift,Modular causal latent SCM,0.818,0.4039010076251275,0.10810810810810811,0.1306818262591092,0.054838174267394534,0.3945038000880182,0.459,148,0.8290909090909091,0.7657142857142857,0.7142857142857143,0.06,0.0
393,0,Exact no shift,Target oracle (reference),0.829,0.43239628583321854,0.12837837837837837,0.1292171286589012,0.04391611565410165,0.38871977131856694,0.49,148,0.8387878787878787,0.7828571428571428,0.7551020408163265,0.06,0.0
394,0,Exact no shift,Pooled associative latent class model,0.804,0.36903263038774226,0.2653061224489796,0.14037322649599482,0.03035263358585939,0.4094890614526472,0.494,147,0.8044758539458187,0.8013245033112583,0.7755102040816326,0.05366666666666667,0.0
394,0,Exact no shift,Target-calibrated associative latent model,0.812,0.38876449136270297,0.19727891156462585,0.1317925622783211,0.024242211889939257,0.3891109692005199,0.51,147,0.8138987043580683,0.8013245033112583,0.7959183673469388,0.05366666666666667,0.0
394,0,Exact no shift,Frozen causal latent SCM,0.809,0.3813056576854766,0.2108843537414966,0.13123439044202223,0.028835023594728258,0.3892635876971665,0.521,147,0.8127208480565371,0.7880794701986755,0.7551020408163265,0.05366666666666667,0.0
394,0,Exact no shift,Modular causal latent SCM,0.812,0.3887645715606664,0.20408163265306123,0.13176691602294258,0.03019165444527637,0.38862134652471214,0.512,147,0.8138987043580683,0.8013245033112583,0.7959183673469388,0.05366666666666667,0.0
394,0,Exact no shift,Target oracle (reference),0.815,0.39629593445168576,0.1836734693877551,0.13095143138019905,0.019561808221552145,0.39328285434867494,0.507,147,0.817432273262662,0.8013245033112583,0.7959183673469388,0.05366666666666667,0.0
395,0,Exact no shift,Pooled associative latent class model,0.787,0.32880452991354553,0.3116883116883117,0.1419670365404371,0.04450315782636765,0.40988938508084977,0.503,154,0.8042704626334519,0.6942675159235668,0.7096774193548387,0.056,0.0
395,0,Exact no shift,Target-calibrated associative latent model,0.802,0.36418131039200213,0.21428571428571427,0.13147538592469307,0.03854687764520197,0.3787987301349881,0.536,154,0.8125741399762753,0.7452229299363057,0.7258064516129032,0.056,0.0
395,0,Exact no shift,Frozen causal latent SCM,0.804,0.3690338629638366,0.2077922077922078,0.1300077646723012,0.03964650370312429,0.377825222669006,0.532,154,0.8173190984578885,0.732484076433121,0.7096774193548387,0.056,0.0
395,0,Exact no shift,Modular causal latent SCM,0.803,0.36660380708485907,0.2012987012987013,0.13064066381260495,0.039077013360481624,0.3774673177837508,0.537,154,0.8137603795966786,0.7452229299363057,0.7096774193548387,0.056,0.0
395,0,Exact no shift,Target oracle (reference),0.81,0.38378367278098274,0.18831168831168832,0.1267012842428884,0.031143777508619276,0.39659387349035735,0.512,154,0.8220640569395018,0.7452229299363057,0.7258064516129032,0.056,0.0
396,0,Exact no shift,Pooled associative latent class model,0.788,0.3311224970542136,0.45454545454545453,0.14580270663757358,0.06545641485439105,0.41900986916936217,0.578,165,0.7873090481786134,0.7919463087248322,0.8301886792452831,0.05366666666666667,0.0
396,0,Exact no shift,Target-calibrated associative latent model,0.811,0.38627752920019476,0.30303030303030304,0.13253494243148162,0.05116513560344353,0.39528663824295357,0.557,165,0.8119858989424207,0.8053691275167785,0.8679245283018868,0.05366666666666667,0.0
396,0,Exact no shift,Frozen causal latent SCM,0.816,0.39882815746460926,0.2787878787878788,0.12990110312994876,0.04246693829795823,0.3966734876093226,0.55,165,0.8143360752056404,0.825503355704698,0.8679245283018868,0.05366666666666667,0.0
396,0,Exact no shift,Modular causal latent SCM,0.817,0.4013607358964263,0.24848484848484848,0.12887310002638697,0.03704453424269039,0.39755011685663627,0.541,165,0.8155111633372503,0.825503355704698,0.8679245283018868,0.05366666666666667,0.0
396,0,Exact no shift,Target oracle (reference),0.811,0.3862696675704688,0.22424242424242424,0.12727904698125692,0.032492184652001904,0.4012460882764423,0.501,165,0.8108108108108109,0.8120805369127517,0.8679245283018868,0.05366666666666667,0.0
397,0,Exact no shift,Pooled associative latent class model,0.793,0.3427391023366836,0.26490066225165565,0.14781421970856257,0.017883857630650864,0.44777647540872473,0.474,151,0.8045292014302742,0.7329192546583851,0.6938775510204082,0.058666666666666666,0.0
397,0,Exact no shift,Target-calibrated associative latent model,0.797,0.3521884624341893,0.15894039735099338,0.14015980071347628,0.03289556527272753,0.4207529280716822,0.476,151,0.8069129916567342,0.7453416149068323,0.7551020408163265,0.058666666666666666,0.0
397,0,Exact no shift,Frozen causal latent SCM,0.797,0.3521883143750274,0.16556291390728478,0.14031218201648965,0.02766489976030777,0.42291398402708896,0.48,151,0.8069129916567342,0.7453416149068323,0.7346938775510204,0.058666666666666666,0.0
397,0,Exact no shift,Modular causal latent SCM,0.797,0.3521887349974696,0.13245033112582782,0.1406091535074299,0.030814564267181984,0.4215842715068884,0.47,151,0.8069129916567342,0.7453416149068323,0.7551020408163265,0.058666666666666666,0.0
397,0,Exact no shift,Target oracle (reference),0.794,0.3450889453605369,0.17880794701986755,0.14069064046073376,0.028451793710193615,0.406443685197926,0.491,151,0.8045292014302742,0.7391304347826086,0.7142857142857143,0.058666666666666666,0.0
398,0,Exact no shift,Pooled associative latent class model,0.81,0.3837828205594985,0.3466666666666667,0.13894767143870188,0.034464633817181255,0.40843592539079465,0.52,150,0.8186157517899761,0.7654320987654321,0.7551020408163265,0.056666666666666664,0.0
398,0,Exact no shift,Target-calibrated associative latent model,0.822,0.41415106590508144,0.13333333333333333,0.12720721795533493,0.05093852267071516,0.4000366080826098,0.49,150,0.8317422434367542,0.7716049382716049,0.7346938775510204,0.056666666666666664,0.0
398,0,Exact no shift,Frozen causal latent SCM,0.826,0.42453000375995453,0.14666666666666667,0.1258297879789498,0.04114502951809209,0.4008918243541029,0.498,150,0.8353221957040573,0.7777777777777778,0.7551020408163265,0.056666666666666664,0.0
398,0,Exact no shift,Modular causal latent SCM,0.822,0.41414815989956055,0.13333333333333333,0.1288442853215947,0.053496727443060985,0.4000784931789799,0.476,150,0.8293556085918854,0.7839506172839507,0.7755102040816326,0.056666666666666664,0.0
398,0,Exact no shift,Target oracle (reference),0.833,0.44299621867108646,0.17333333333333334,0.12267073188743029,0.03216464178768803,0.3910657463875951,0.527,150,0.8412887828162291,0.7901234567901234,0.7755102040816326,0.056666666666666664,0.0
399,0,Exact no shift,Pooled associative latent class model,0.805,0.3714717694766861,0.21768707482993196,0.13028658533933332,0.03596263234297724,0.405087525471709,0.477,147,0.8099173553719008,0.7777777777777778,0.7735849056603774,0.05533333333333333,0.0
399,0,Exact no shift,Target-calibrated associative latent model,0.826,0.4245283466289253,0.14285714285714285,0.1229806047205206,0.04030243243607197,0.38086394679540464,0.492,147,0.8323494687131051,0.7908496732026143,0.7924528301886793,0.05533333333333333,0.0
399,0,Exact no shift,Frozen causal latent SCM,0.828,0.42976558552159017,0.1360544217687075,0.12302891337937018,0.04098507643900384,0.3819973075930506,0.492,147,0.8323494687131051,0.803921568627451,0.8301886792452831,0.05533333333333333,0.0
399,0,Exact no shift,Modular causal latent SCM,0.827,0.4271430175601607,0.1292517006802721,0.12322078455312435,0.03969648633441848,0.3817971040067441,0.489,147,0.8323494687131051,0.7973856209150327,0.8113207547169812,0.05533333333333333,0.0
399,0,Exact no shift,Target oracle (reference),0.825,0.421921724462629,0.14965986394557823,0.12235893255968054,0.024431870907560993,0.38998064947528327,0.507,147,0.8311688311688312,0.7908496732026143,0.7924528301886793,0.05533333333333333,0.0
400,0,Exact no shift,Pooled associative latent class model,0.803,0.366598898222803,0.37888198757763975,0.13610258594531013,0.05115629846361863,0.4120374498059276,0.537,161,0.8114558472553699,0.7592592592592593,0.7058823529411765,0.056,0.0
400,0,Exact no shift,Target-calibrated associative latent model,0.811,0.38627081235863875,0.19254658385093168,0.12784151947774652,0.040781062342153625,0.40087838072418597,0.509,161,0.8210023866348448,0.7592592592592593,0.7058823529411765,0.056,0.0
400,0,Exact no shift,Frozen causal latent SCM,0.812,0.3887649372725205,0.20496894409937888,0.12787113400957334,0.04389652588534693,0.39995281541388983,0.514,161,0.8186157517899761,0.7777777777777778,0.7058823529411765,0.056,0.0
400,0,Exact no shift,Modular causal latent SCM,0.813,0.3912678049419438,0.19254658385093168,0.1272993815029205,0.03296652721765079,0.4004137694891699,0.509,161,0.8198090692124105,0.7777777777777778,0.7254901960784313,0.056,0.0
400,0,Exact no shift,Target oracle (reference),0.819,0.40645010611097243,0.18012422360248448,0.12400707299888844,0.01770266103049476,0.3932471963424224,0.481,161,0.8269689737470167,0.7777777777777778,0.7254901960784313,0.056,0.0
401,0,Exact no shift,Pooled associative latent class model,0.8,0.3593594399233596,0.33125,0.14343781071170894,0.03446406541206563,0.41252090477446274,0.518,160,0.8106151990349819,0.7485380116959064,0.7368421052631579,0.06,0.0
401,0,Exact no shift,Target-calibrated associative latent model,0.797,0.3521883984580165,0.24375,0.13907921988345984,0.04602016665458996,0.3834550700542008,0.521,160,0.8094089264173703,0.7368421052631579,0.7192982456140351,0.06,0.0
401,0,Exact no shift,Frozen causal latent SCM,0.801,0.3617673178437717,0.21875,0.1375044229803307,0.05176712203522266,0.3862170794512995,0.541,160,0.8142340168878166,0.7368421052631579,0.7192982456140351,0.06,0.0
401,0,Exact no shift,Modular causal latent SCM,0.801,0.36176653692496386,0.225,0.13716720552497172,0.04599533472734183,0.3862573883827282,0.531,160,0.8142340168878166,0.7368421052631579,0.7017543859649122,0.06,0.0
401,0,Exact no shift,Target oracle (reference),0.807,0.376372108484307,0.19375,0.1342002771074025,0.02873255334583286,0.39885427827287395,0.499,160,0.8190591073582629,0.7485380116959064,0.7543859649122807,0.06,0.0
402,0,Exact no shift,Pooled associative latent class model,0.77,0.2908919478729364,0.24647887323943662,0.15897358107566523,0.08354989616490421,0.372177080887055,0.437,142,0.7677119628339141,0.7841726618705036,0.8163265306122449,0.049,0.0
402,0,Exact no shift,Target-calibrated associative latent model,0.795,0.34744772102219695,0.1619718309859155,0.14193129310191155,0.06255220935876997,0.36516702538910395,0.464,142,0.794425087108014,0.7985611510791367,0.8367346938775511,0.049,0.0
402,0,Exact no shift,Frozen causal latent SCM,0.792,0.3403969650555974,0.14084507042253522,0.1431388800127546,0.06567735566454855,0.36483186701353826,0.451,142,0.7897793263646922,0.8057553956834532,0.8367346938775511,0.049,0.0
402,0,Exact no shift,Modular causal latent SCM,0.797,0.35218832683792245,0.19718309859154928,0.14140780975648073,0.055159574843124344,0.36577184962592196,0.472,142,0.7967479674796748,0.7985611510791367,0.8367346938775511,0.049,0.0
402,0,Exact no shift,Target oracle (reference),0.809,0.3813053633311169,0.2112676056338028,0.13566495041009327,0.020139761752360874,0.40192638599489894,0.522,142,0.81068524970964,0.7985611510791367,0.8367346938775511,0.049,0.0
403,0,Exact no shift,Pooled associative latent class model,0.813,0.3912666597544422,0.3150684931506849,0.13428436555174816,0.02556978001816099,0.4207396969700435,0.501,146,0.8281829419035847,0.7486910994764397,0.6805555555555556,0.069,0.0
403,0,Exact no shift,Target-calibrated associative latent model,0.821,0.4115750449323602,0.17123287671232876,0.1288107203597084,0.02238664443982046,0.40082193148200906,0.505,146,0.8355995055624228,0.7591623036649214,0.7638888888888888,0.069,0.0
403,0,Exact no shift,Frozen causal latent SCM,0.817,0.40135704783886655,0.15753424657534246,0.12879093741388464,0.027213056026583263,0.39941360731439396,0.489,146,0.8331273176761433,0.7486910994764397,0.7361111111111112,0.069,0.0
403,0,Exact no shift,Modular causal latent SCM,0.82,0.4090087579268091,0.2054794520547945,0.1299097650932937,0.029456567610095442,0.4009063742692744,0.512,146,0.8355995055624228,0.7539267015706806,0.75,0.069,0.0
403,0,Exact no shift,Target oracle (reference),0.823,0.41673317924115416,0.1506849315068493,0.12760689087414634,0.028192306078794235,0.3944514205750398,0.479,146,0.8393077873918418,0.7539267015706806,0.7361111111111112,0.069,0.0
404,0,Exact no shift,Pooled associative latent class model,0.8,0.35935937082155134,0.22535211267605634,0.12807000119281545,0.039727608794500595,0.40863787531243245,0.484,142,0.8038049940546967,0.779874213836478,0.723404255319149,0.05733333333333333,0.002
404,0,Exact no shift,Target-calibrated associative latent model,0.824,0.41932655438728916,0.20422535211267606,0.12134011506889346,0.03233763656009131,0.37866667438637125,0.546,142,0.8299643281807372,0.7924528301886793,0.7872340425531915,0.05733333333333333,0.002
404,0,Exact no shift,Frozen causal latent SCM,0.817,0.40135821243291614,0.176056338028169,0.12124622135155579,0.02591977877303475,0.38150069636208717,0.527,142,0.8228299643281808,0.7861635220125787,0.7872340425531915,0.05733333333333333,0.002
404,0,Exact no shift,Modular causal latent SCM,0.818,0.4039022995789796,0.19718309859154928,0.12156333991687363,0.034622480267155975,0.3796234835576357,0.54,142,0.8252080856123662,0.779874213836478,0.7659574468085106,0.05733333333333333,0.002
404,0,Exact no shift,Target oracle (reference),0.822,0.41415173291099433,0.176056338028169,0.1212730154458439,0.03988097386162135,0.39180686844004614,0.534,142,0.8275862068965517,0.7924528301886793,0.8085106382978723,0.05733333333333333,0.002
405,0,Exact no shift,Pooled associative latent class model,0.78,0.31291494634115713,0.423841059602649,0.14597147314872444,0.042666338286346764,0.4449312574211249,0.541,151,0.7867298578199052,0.7435897435897436,0.7543859649122807,0.056666666666666664,0.0
405,0,Exact no shift,Target-calibrated associative latent model,0.8,0.3593627498393815,0.271523178807947,0.1409492326713464,0.06161516383889482,0.41376406547387234,0.553,151,0.8045023696682464,0.7756410256410257,0.8070175438596491,0.056666666666666664,0.0
405,0,Exact no shift,Frozen causal latent SCM,0.799,0.35696320314941715,0.25165562913907286,0.13772397944094272,0.05050047849871578,0.4160408001850532,0.544,151,0.8021327014218009,0.782051282051282,0.7894736842105263,0.056666666666666664,0.0
405,0,Exact no shift,Modular causal latent SCM,0.798,0.3545722671409853,0.23841059602649006,0.13692955536217363,0.048756500146501854,0.4164821926164733,0.539,151,0.8021327014218009,0.7756410256410257,0.7719298245614035,0.056666666666666664,0.0
405,0,Exact no shift,Target oracle (reference),0.807,0.3763721789104686,0.17880794701986755,0.13301722356416934,0.023851771512315077,0.4082141641861302,0.49,151,0.8127962085308057,0.7756410256410257,0.7719298245614035,0.056666666666666664,0.0
406,0,Exact no shift,Pooled associative latent class model,0.791,0.3380620244311249,0.2847222222222222,0.1415669049243878,0.04699584880734393,0.4060595463735234,0.471,144,0.8063010501750292,0.6993006993006993,0.6938775510204082,0.049,0.0
406,0,Exact no shift,Target-calibrated associative latent model,0.805,0.3714714836238503,0.2569444444444444,0.13452095765493413,0.039664666884683925,0.35733186723761423,0.507,144,0.8214702450408401,0.7062937062937062,0.7142857142857143,0.049,0.0
406,0,Exact no shift,Frozen causal latent SCM,0.801,0.36176576730059606,0.1736111111111111,0.1321303784993052,0.04913490730235714,0.35750388002761885,0.485,144,0.8179696616102684,0.6993006993006993,0.7142857142857143,0.049,0.0
406,0,Exact no shift,Modular causal latent SCM,0.806,0.3739179329739846,0.2013888888888889,0.13193612301862576,0.0439274478798676,0.35743124240155716,0.5,144,0.822637106184364,0.7062937062937062,0.7346938775510204,0.049,0.0
406,0,Exact no shift,Target oracle (reference),0.814,0.39377778862416346,0.18055555555555555,0.12923875049597455,0.01979624666818872,0.3892870939933264,0.508,144,0.8296382730455076,0.7202797202797203,0.7346938775510204,0.049,0.0
407,0,Exact no shift,Pooled associative latent class model,0.83,0.43503780944722176,0.24615384615384617,0.12387350537743554,0.04040272701792138,0.39184534525615516,0.461,130,0.8381294964028777,0.7891566265060241,0.7307692307692307,0.058333333333333334,0.0
407,0,Exact no shift,Target-calibrated associative latent model,0.835,0.4483505778145912,0.16153846153846155,0.11706934161054636,0.04091018041167769,0.37717992041569526,0.464,130,0.841726618705036,0.8012048192771084,0.7884615384615384,0.058333333333333334,0.0
407,0,Exact no shift,Frozen causal latent SCM,0.832,0.4403378737883427,0.14615384615384616,0.11592359203585162,0.03014648253165434,0.37843748035959957,0.469,130,0.8357314148681055,0.8132530120481928,0.7884615384615384,0.058333333333333334,0.0
407,0,Exact no shift,Modular causal latent SCM,0.832,0.44033616118304014,0.19230769230769232,0.11540929913271744,0.02707019044712234,0.37858931702817344,0.487,130,0.8369304556354916,0.8072289156626506,0.7692307692307693,0.058333333333333334,0.0
407,0,Exact no shift,Target oracle (reference),0.829,0.43239588321908995,0.17692307692307693,0.1149062202380713,0.02907296706144717,0.3829054396097214,0.496,130,0.8333333333333334,0.8072289156626506,0.7692307692307693,0.058333333333333334,0.0
408,0,Exact no shift,Pooled associative latent class model,0.799,0.35696045121023284,0.2948717948717949,0.13908038520385968,0.030120214718294604,0.3997848250752762,0.498,156,0.8072855464159812,0.7516778523489933,0.8055555555555556,0.05566666666666667,0.0
408,0,Exact no shift,Target-calibrated associative latent model,0.807,0.3763718780094831,0.15384615384615385,0.13383789023886106,0.041590356667395134,0.3822442906121318,0.502,156,0.8143360752056404,0.7651006711409396,0.7777777777777778,0.05566666666666667,0.0
408,0,Exact no shift,Frozen causal latent SCM,0.806,0.3739174639771673,0.17307692307692307,0.13273661599146958,0.04016513114645629,0.3825315921226896,0.505,156,0.8155111633372503,0.7516778523489933,0.75,0.05566666666666667,0.0
408,0,Exact no shift,Modular causal latent SCM,0.802,0.3641807518206113,0.21794871794871795,0.1343401403657109,0.05143524402438342,0.38227044865223436,0.523,156,0.8096357226792009,0.7583892617449665,0.7222222222222222,0.05566666666666667,0.0
408,0,Exact no shift,Target oracle (reference),0.808,0.37883435243235014,0.17307692307692307,0.13148495541997265,0.035087478397913055,0.395259221040552,0.497,156,0.8166862514688602,0.7583892617449665,0.75,0.05566666666666667,0.0
409,0,Exact no shift,Pooled associative latent class model,0.793,0.34274274128654736,0.2606060606060606,0.1452381018685532,0.03844489943918426,0.40698372678615397,0.455,165,0.8065268065268065,0.7112676056338029,0.6851851851851852,0.050666666666666665,0.0
409,0,Exact no shift,Target-calibrated associative latent model,0.798,0.3545808672589144,0.048484848484848485,0.14215711727543198,0.06686997921615942,0.3839008090856571,0.43,165,0.8065268065268065,0.7464788732394366,0.7592592592592593,0.050666666666666665,0.0
409,0,Exact no shift,Frozen causal latent SCM,0.806,0.37391883296411144,0.16363636363636364,0.13535858186287636,0.03270716031022935,0.39156039220734756,0.474,165,0.8135198135198135,0.7605633802816901,0.7407407407407407,0.050666666666666665,0.0
409,0,Exact no shift,Modular causal latent SCM,0.806,0.37391986399887117,0.1393939393939394,0.13543778658276417,0.029043293851011506,0.38994420254622253,0.466,165,0.8123543123543123,0.7676056338028169,0.7407407407407407,0.050666666666666665,0.0
409,0,Exact no shift,Target oracle (reference),0.803,0.36660320889600406,0.16363636363636364,0.13447900568440382,0.02832927586144329,0.3906420859057482,0.477,165,0.8100233100233101,0.7605633802816901,0.7592592592592593,0.050666666666666665,0.0
410,0,Exact no shift,Pooled associative latent class model,0.814,0.3937773547684315,0.3146853146853147,0.13919182370505614,0.03461760856333137,0.4096835876185366,0.496,143,0.833732057416268,0.7134146341463414,0.673469387755102,0.05633333333333333,0.0
410,0,Exact no shift,Target-calibrated associative latent model,0.805,0.3714725791498047,0.2727272727272727,0.13853789314240408,0.030076827996647567,0.39077318537611905,0.529,143,0.8253588516746412,0.7012195121951219,0.673469387755102,0.05633333333333333,0.0
410,0,Exact no shift,Frozen causal latent SCM,0.802,0.3641797137663306,0.23776223776223776,0.13641199149996378,0.03303802801996666,0.39161086271672013,0.498,143,0.8217703349282297,0.7012195121951219,0.6530612244897959,0.05633333333333333,0.0
410,0,Exact no shift,Modular causal latent SCM,0.801,0.3617653070967529,0.23076923076923078,0.13687741754560329,0.02918681787219892,0.39173866433889876,0.497,143,0.8205741626794258,0.7012195121951219,0.6530612244897959,0.05633333333333333,0.0
410,0,Exact no shift,Target oracle (reference),0.808,0.37883603882117,0.26573426573426573,0.13593209854708752,0.03269357488105849,0.39226604977375085,0.53,143,0.8253588516746412,0.7195121951219512,0.6938775510204082,0.05633333333333333,0.0
411,0,Exact no shift,Pooled associative latent class model,0.786,0.32651048864574267,0.2949640287769784,0.14154670689424512,0.04426033167727154,0.4358715306263275,0.487,139,0.7869415807560137,0.7795275590551181,0.7317073170731707,0.044333333333333336,0.0
411,0,Exact no shift,Target-calibrated associative latent model,0.81,0.38378385269125187,0.1366906474820144,0.1337939913745152,0.046752567720771715,0.4196319303449242,0.477,139,0.8121420389461627,0.7952755905511811,0.7560975609756098,0.044333333333333336,0.0
411,0,Exact no shift,Frozen causal latent SCM,0.814,0.3937777289398802,0.19424460431654678,0.13009498204294528,0.025770329834886772,0.41925276101087183,0.507,139,0.8155784650630011,0.8031496062992126,0.7804878048780488,0.044333333333333336,0.0
411,0,Exact no shift,Modular causal latent SCM,0.817,0.40135735879697754,0.1366906474820144,0.13211762934716872,0.04100190683612659,0.4199953841229971,0.484,139,0.8190148911798396,0.8031496062992126,0.7560975609756098,0.044333333333333336,0.0
411,0,Exact no shift,Target oracle (reference),0.815,0.3962962600015186,0.17985611510791366,0.12637352222239573,0.028100848268253195,0.39591073189635906,0.51,139,0.8178694158075601,0.7952755905511811,0.7804878048780488,0.044333333333333336,0.0
412,0,Exact no shift,Pooled associative latent class model,0.826,0.42452828795160946,0.2795031055900621,0.12855830829711665,0.036773663934589945,0.42420448841655906,0.502,161,0.8315665488810365,0.7947019867549668,0.7307692307692307,0.05466666666666667,0.001
412,0,Exact no shift,Target-calibrated associative latent model,0.812,0.3887663374000324,0.2546583850931677,0.12825899075939062,0.043662273348152696,0.40687100689556943,0.542,161,0.8209658421672555,0.7615894039735099,0.6923076923076923,0.05466666666666667,0.001
412,0,Exact no shift,Frozen causal latent SCM,0.83,0.435034856456412,0.19875776397515527,0.12162009700846696,0.02147307207815513,0.4120392285522304,0.508,161,0.8386336866902238,0.7814569536423841,0.7307692307692307,0.05466666666666667,0.001
412,0,Exact no shift,Modular causal latent SCM,0.82,0.40900908332929925,0.2111801242236025,0.12351033682476538,0.02616113165180033,0.41098547841041694,0.518,161,0.8292108362779741,0.7682119205298014,0.6923076923076923,0.05466666666666667,0.001
412,0,Exact no shift,Target oracle (reference),0.829,0.4323961639315777,0.16770186335403728,0.1205425909319064,0.014511894779711546,0.38733854436986975,0.497,161,0.8351001177856302,0.7947019867549668,0.7307692307692307,0.05466666666666667,0.001
413,0,Exact no shift,Pooled associative latent class model,0.801,0.36176818471052474,0.36416184971098264,0.14314842856307586,0.039251839907105325,0.4127153452590086,0.539,173,0.8088410991636799,0.7607361963190185,0.7627118644067796,0.057666666666666665,0.0
413,0,Exact no shift,Target-calibrated associative latent model,0.807,0.3763767443394381,0.2774566473988439,0.13369926013268496,0.030081051750363078,0.3836848463977851,0.551,173,0.8160095579450418,0.7607361963190185,0.7288135593220338,0.057666666666666665,0.0
413,0,Exact no shift,Frozen causal latent SCM,0.808,0.37883829118922724,0.26011560693641617,0.13233605398293782,0.028063523148575263,0.3838146931931137,0.546,173,0.8148148148148148,0.7730061349693251,0.7457627118644068,0.057666666666666665,0.0
413,0,Exact no shift,Modular causal latent SCM,0.81,0.38378597779000073,0.26011560693641617,0.13167058792868705,0.02242493778985974,0.3842787861559917,0.538,173,0.8160095579450418,0.7791411042944786,0.7796610169491526,0.057666666666666665,0.0
413,0,Exact no shift,Target oracle (reference),0.815,0.39629615047837113,0.20809248554913296,0.12952310294804242,0.014694059431784564,0.3936589223552427,0.513,173,0.8243727598566308,0.7668711656441718,0.7627118644067796,0.057666666666666665,0.0
414,0,Exact no shift,Pooled associative latent class model,0.813,0.3912669978537776,0.30344827586206896,0.12832705417893026,0.025971484915925862,0.3789547628800623,0.506,145,0.8183962264150944,0.7828947368421053,0.8048780487804879,0.054,0.002
414,0,Exact no shift,Target-calibrated associative latent model,0.817,0.4013578847761283,0.11724137931034483,0.12479426755804318,0.034020566758477325,0.34669650247774775,0.474,145,0.8313679245283019,0.7368421052631579,0.7804878048780488,0.054,0.002
414,0,Exact no shift,Frozen causal latent SCM,0.828,0.42976573628274123,0.15862068965517243,0.1210904830310479,0.03283091593967574,0.3490996261619838,0.515,145,0.839622641509434,0.7631578947368421,0.8292682926829268,0.054,0.002
414,0,Exact no shift,Modular causal latent SCM,0.823,0.41673245046425,0.15862068965517243,0.12242610775529246,0.032207363745798405,0.34723752405041747,0.504,145,0.8349056603773585,0.756578947368421,0.8292682926829268,0.054,0.002
414,0,Exact no shift,Target oracle (reference),0.831,0.4376815072391657,0.15172413793103448,0.12062724942238805,0.016808481804707186,0.3914905152582438,0.51,145,0.8443396226415094,0.756578947368421,0.8292682926829268,0.054,0.002
415,0,Exact no shift,Pooled associative latent class model,0.785,0.32422408322961155,0.3312883435582822,0.14504561080623182,0.03370694746441536,0.4300485690886474,0.497,163,0.7920560747663551,0.7430555555555556,0.7027027027027027,0.051,0.0
415,0,Exact no shift,Target-calibrated associative latent model,0.802,0.36418041467122764,0.1411042944785276,0.137296878035058,0.030502357635482275,0.4007847494656196,0.474,163,0.8072429906542056,0.7708333333333334,0.7567567567567568,0.051,0.0
415,0,Exact no shift,Frozen causal latent SCM,0.796,0.34981367534381,0.2085889570552147,0.13665503027875883,0.02470977605402917,0.4021996335573224,0.502,163,0.802570093457944,0.7569444444444444,0.7567567567567568,0.051,0.0
415,0,Exact no shift,Modular causal latent SCM,0.8,0.359359329409759,0.18404907975460122,0.13678576879285795,0.023146309642017686,0.40139205787055154,0.486,163,0.8060747663551402,0.7638888888888888,0.7567567567567568,0.051,0.0
415,0,Exact no shift,Target oracle (reference),0.804,0.3690329314309988,0.19631901840490798,0.13538847182270916,0.030743520585647055,0.3949068050226034,0.492,163,0.8130841121495327,0.75,0.7297297297297297,0.051,0.0
416,0,Exact no shift,Pooled associative latent class model,0.802,0.36417713058817347,0.23125,0.1381779720456564,0.04430229255121712,0.4156672878013259,0.411,160,0.8130952380952381,0.74375,0.8,0.056,0.0
416,0,Exact no shift,Target-calibrated associative latent model,0.807,0.37636887630229554,0.075,0.13598553663866317,0.05615007173686564,0.38112866828477454,0.404,160,0.8214285714285714,0.73125,0.7454545454545455,0.056,0.0
416,0,Exact no shift,Frozen causal latent SCM,0.823,0.41673176047347554,0.15,0.12764134892787768,0.029843771743557446,0.3840064012311036,0.446,160,0.8404761904761905,0.73125,0.7454545454545455,0.056,0.0
416,0,Exact no shift,Modular causal latent SCM,0.818,0.403898006892115,0.10625,0.13064103190573112,0.03985329731408321,0.3821155688081242,0.427,160,0.8321428571428572,0.74375,0.7636363636363637,0.056,0.0
416,0,Exact no shift,Target oracle (reference),0.819,0.40645047049075594,0.1875,0.1266092466969415,0.02553793415905052,0.39913818500888065,0.486,160,0.8369047619047619,0.725,0.7636363636363637,0.056,0.0
417,0,Exact no shift,Pooled associative latent class model,0.803,0.36660264068256604,0.31446540880503143,0.1336710379846041,0.03030440397480004,0.39894334787253977,0.48,159,0.8071593533487298,0.7761194029850746,0.8085106382978723,0.049,0.0
417,0,Exact no shift,Target-calibrated associative latent model,0.823,0.41673275003202465,0.25157232704402516,0.12388192105076502,0.03379368245069667,0.3954406543234239,0.518,159,0.8244803695150116,0.8134328358208955,0.8297872340425532,0.049,0.0
417,0,Exact no shift,Frozen causal latent SCM,0.827,0.42714332085481665,0.14465408805031446,0.12241845644034223,0.03218929296162734,0.3968013614241086,0.468,159,0.8314087759815243,0.7985074626865671,0.8297872340425532,0.049,0.0
417,0,Exact no shift,Modular causal latent SCM,0.825,0.42192189736231567,0.20754716981132076,0.12242605994178118,0.02897270746646361,0.39592905504533643,0.488,159,0.8302540415704388,0.7910447761194029,0.8297872340425532,0.049,0.0
417,0,Exact no shift,Target oracle (reference),0.828,0.4297657911348775,0.16352201257861634,0.12184404617505669,0.03415937023036056,0.39669941229381334,0.481,159,0.8337182448036952,0.7910447761194029,0.8085106382978723,0.049,0.0
418,0,Exact no shift,Pooled associative latent class model,0.794,0.3450998152566795,0.28125,0.1438886875595486,0.05656826128680662,0.4070144021873046,0.433,160,0.8059880239520958,0.7333333333333333,0.7454545454545455,0.058,0.0
418,0,Exact no shift,Target-calibrated associative latent model,0.821,0.41158265519843645,0.125,0.13027549599084817,0.04539801329469081,0.3796943197100726,0.442,160,0.8335329341317366,0.7575757575757576,0.8545454545454545,0.058,0.0
418,0,Exact no shift,Frozen causal latent SCM,0.82,0.40901266018435306,0.1625,0.12935265119029338,0.037344141309870606,0.379434947432164,0.457,160,0.8347305389221557,0.7454545454545455,0.8363636363636363,0.058,0.0
418,0,Exact no shift,Modular causal latent SCM,0.819,0.40645607818324797,0.14375,0.12979652145942772,0.04509643557365716,0.3789645742967347,0.448,160,0.8311377245508982,0.7575757575757576,0.8545454545454545,0.058,0.0
418,0,Exact no shift,Target oracle (reference),0.826,0.4245281527630876,0.21875,0.12774413892673098,0.030161225422794657,0.39891730388695185,0.491,160,0.8359281437125748,0.7757575757575758,0.8909090909090909,0.058,0.0
419,0,Exact no shift,Pooled associative latent class model,0.797,0.35218772400714043,0.30612244897959184,0.14166065826054108,0.052516249278672586,0.4275881025896879,0.521,147,0.8043981481481481,0.75,0.717391304347826,0.047,0.0
419,0,Exact no shift,Target-calibrated associative latent model,0.809,0.3813011854448623,0.30612244897959184,0.13962075507979915,0.055210082161720325,0.39828206750490924,0.545,147,0.8125,0.7867647058823529,0.782608695652174,0.047,0.0
419,0,Exact no shift,Frozen causal latent SCM,0.808,0.3788349606710444,0.17687074829931973,0.13517697384543603,0.03495407719037167,0.40152669085072473,0.514,147,0.8148148148148148,0.7647058823529411,0.7391304347826086,0.047,0.0
419,0,Exact no shift,Modular causal latent SCM,0.809,0.3813053633311169,0.1836734693877551,0.13514855171425502,0.03489078917661066,0.40112409221844164,0.515,147,0.8159722222222222,0.7647058823529411,0.7391304347826086,0.047,0.0
419,0,Exact no shift,Target oracle (reference),0.815,0.3962968421111544,0.1564625850340136,0.13486373283936412,0.024981692283406208,0.39680987959832,0.497,147,0.8229166666666666,0.7647058823529411,0.7391304347826086,0.047,0.0
420,0,Exact no shift,Pooled associative latent class model,0.804,0.3690328440617203,0.3586206896551724,0.13800684313662015,0.029503332414011506,0.43857951475273177,0.527,145,0.8093567251461988,0.7724137931034483,0.8095238095238095,0.050333333333333334,0.0
420,0,Exact no shift,Target-calibrated associative latent model,0.79,0.33573429411819283,0.19310344827586207,0.1398461142785319,0.03632306474733354,0.39589929555680375,0.561,145,0.7976608187134503,0.7448275862068966,0.8333333333333334,0.050333333333333334,0.0
420,0,Exact no shift,Frozen causal latent SCM,0.806,0.37391691617595013,0.21379310344827587,0.1328937218828249,0.025871777141380836,0.40278811648409424,0.553,145,0.8128654970760234,0.7655172413793103,0.8571428571428571,0.050333333333333334,0.0
420,0,Exact no shift,Modular causal latent SCM,0.806,0.3739172919763607,0.1793103448275862,0.13324259857234513,0.020752835758547833,0.4032329238849369,0.543,145,0.8152046783625732,0.7517241379310344,0.8571428571428571,0.050333333333333334,0.0
420,0,Exact no shift,Target oracle (reference),0.805,0.3714714423904037,0.21379310344827587,0.13179912909020783,0.022294145062301884,0.3932494325933361,0.518,145,0.8140350877192982,0.7517241379310344,0.8333333333333334,0.050333333333333334,0.0
421,0,Exact no shift,Pooled associative latent class model,0.806,0.37391759550713216,0.3305785123966942,0.131341174602479,0.01806159710370315,0.4203105184877697,0.499,121,0.8110979929161747,0.7777777777777778,0.717391304347826,0.05466666666666667,0.001
421,0,Exact no shift,Target-calibrated associative latent model,0.802,0.3641825142268804,0.18181818181818182,0.13488005968904093,0.032588400417032516,0.3957976346903309,0.545,121,0.8122786304604487,0.7450980392156863,0.6956521739130435,0.05466666666666667,0.001
421,0,Exact no shift,Frozen causal latent SCM,0.813,0.3912675618593148,0.1652892561983471,0.12835156605501294,0.03003275012445849,0.3979311415684551,0.522,121,0.8252656434474617,0.7450980392156863,0.6739130434782609,0.05466666666666667,0.001
421,0,Exact no shift,Modular causal latent SCM,0.811,0.38626995802835223,0.09090909090909091,0.1307842173959253,0.022582433534488106,0.3984356095762768,0.498,121,0.820543093270366,0.7581699346405228,0.717391304347826,0.05466666666666667,0.001
421,0,Exact no shift,Target oracle (reference),0.819,0.4064502221278997,0.1322314049586777,0.1286893913606159,0.025055203971738077,0.40612356778466835,0.492,121,0.8252656434474617,0.7843137254901961,0.717391304347826,0.05466666666666667,0.001
422,0,Exact no shift,Pooled associative latent class model,0.808,0.3788344852895407,0.3472222222222222,0.13027061128918155,0.02831439901706092,0.4204082811388323,0.504,144,0.8162544169611308,0.7615894039735099,0.7307692307692307,0.05333333333333334,0.0
422,0,Exact no shift,Target-calibrated associative latent model,0.807,0.3763738345805536,0.125,0.13276199742547454,0.03238174421052345,0.3934113844672623,0.465,144,0.8127208480565371,0.7748344370860927,0.7307692307692307,0.05333333333333334,0.0
422,0,Exact no shift,Frozen causal latent SCM,0.804,0.36903295109591117,0.25,0.12890483943731115,0.03811972485173183,0.39471611819913816,0.514,144,0.8138987043580683,0.7483443708609272,0.6923076923076923,0.05333333333333334,0.0
422,0,Exact no shift,Modular causal latent SCM,0.804,0.36903265976375005,0.20833333333333334,0.13011142563468922,0.03853747194426963,0.39585958772001095,0.502,144,0.8138987043580683,0.7483443708609272,0.7115384615384616,0.05333333333333334,0.0
422,0,Exact no shift,Target oracle (reference),0.8,0.35935907280442614,0.2222222222222222,0.1286449050748828,0.03566437767829561,0.39649405575246816,0.492,144,0.8115429917550059,0.7350993377483444,0.6730769230769231,0.05333333333333334,0.0
423,0,Exact no shift,Pooled associative latent class model,0.822,0.4141503614784653,0.23376623376623376,0.12843577543129528,0.03244608305099893,0.426180734241594,0.48,154,0.8404255319148937,0.7207792207792207,0.7962962962962963,0.055,0.001
423,0,Exact no shift,Target-calibrated associative latent model,0.828,0.4297655107032197,0.14935064935064934,0.1209910230923253,0.021488365480976997,0.3965216566745054,0.492,154,0.8486997635933806,0.7142857142857143,0.7407407407407407,0.055,0.001
423,0,Exact no shift,Frozen causal latent SCM,0.829,0.43239622031427805,0.16883116883116883,0.11959822418642113,0.02872690460039462,0.39679353497907677,0.489,154,0.8486997635933806,0.7207792207792207,0.7592592592592593,0.055,0.001
423,0,Exact no shift,Modular causal latent SCM,0.83,0.4350349616689072,0.14285714285714285,0.1201708998766878,0.026488658293374684,0.3968528870610506,0.486,154,0.8486997635933806,0.7272727272727273,0.7407407407407407,0.055,0.001
423,0,Exact no shift,Target oracle (reference),0.827,0.42714340626658953,0.14935064935064934,0.11796827228414222,0.02672017710974902,0.3830661462112576,0.479,154,0.8475177304964538,0.7142857142857143,0.7777777777777778,0.055,0.001
424,0,Exact no shift,Pooled associative latent class model,0.777,0.3062227533297226,0.37888198757763975,0.14467311928997234,0.035819516963357736,0.4328555522216942,0.521,161,0.7876960193003619,0.7251461988304093,0.78,0.059666666666666666,0.0
424,0,Exact no shift,Target-calibrated associative latent model,0.806,0.3739173006185603,0.13043478260869565,0.1363562532727404,0.03211126309078118,0.4007608262083294,0.498,161,0.8214716525934861,0.7309941520467836,0.82,0.059666666666666666,0.0
424,0,Exact no shift,Frozen causal latent SCM,0.8,0.3593624251729782,0.2360248447204969,0.13541608476071723,0.02260060693697195,0.40120469749851106,0.538,161,0.8166465621230398,0.7192982456140351,0.78,0.059666666666666666,0.0
424,0,Exact no shift,Modular causal latent SCM,0.801,0.3617672775700183,0.19875776397515527,0.13444692032873062,0.017973681775901557,0.4026752743117554,0.529,161,0.8178528347406514,0.7192982456140351,0.8,0.059666666666666666,0.0
424,0,Exact no shift,Target oracle (reference),0.81,0.3837837986025954,0.2111801242236025,0.1327786922883417,0.014562477138298474,0.4069752717538245,0.516,161,0.8250904704463209,0.7368421052631579,0.84,0.059666666666666666,0.0
425,0,Exact no shift,Pooled associative latent class model,0.775,0.3018029955915559,0.3284671532846715,0.1488407387221286,0.03626350963471841,0.4136451528854146,0.469,137,0.7903030303030303,0.7028571428571428,0.7878787878787878,0.061,0.0
425,0,Exact no shift,Target-calibrated associative latent model,0.792,0.3403972434365224,0.15328467153284672,0.14012561600969745,0.02899330415960852,0.40709625009805267,0.472,137,0.8,0.7542857142857143,0.8181818181818182,0.061,0.0
425,0,Exact no shift,Frozen causal latent SCM,0.792,0.34039707212521175,0.16058394160583941,0.13903134261796402,0.028673788893450333,0.4062761664261822,0.474,137,0.8012121212121213,0.7485714285714286,0.8181818181818182,0.061,0.0
425,0,Exact no shift,Modular causal latent SCM,0.793,0.3427384716194914,0.19708029197080293,0.13849898853809967,0.0228517069663786,0.40636374878423487,0.491,137,0.8012121212121213,0.7542857142857143,0.8181818181818182,0.061,0.0
425,0,Exact no shift,Target oracle (reference),0.796,0.34981342917476893,0.2116788321167883,0.13631635379083468,0.026363828605989903,0.4125210777852514,0.502,137,0.8048484848484848,0.7542857142857143,0.8181818181818182,0.061,0.0
426,0,Exact no shift,Pooled associative latent class model,0.798,0.35456751434345685,0.3416149068322981,0.13959271442218601,0.023609688305680276,0.4052384064958075,0.534,161,0.8113207547169812,0.7236842105263158,0.6470588235294118,0.05266666666666667,0.0
426,0,Exact no shift,Target-calibrated associative latent model,0.813,0.3912591256748712,0.19875776397515527,0.13483647127174733,0.03297574425379132,0.3687129973937857,0.553,161,0.8325471698113207,0.7039473684210527,0.6274509803921569,0.05266666666666667,0.0
426,0,Exact no shift,Frozen causal latent SCM,0.819,0.4064478477304391,0.17391304347826086,0.1294458862080773,0.027683912200291295,0.374678714320421,0.533,161,0.8337264150943396,0.7368421052631579,0.6666666666666666,0.05266666666666667,0.0
426,0,Exact no shift,Modular causal latent SCM,0.818,0.40389664108375073,0.18012422360248448,0.13002265089756804,0.027019987508842436,0.37442186752935097,0.536,161,0.8337264150943396,0.7302631578947368,0.6470588235294118,0.05266666666666667,0.0
426,0,Exact no shift,Target oracle (reference),0.823,0.4167318822234706,0.13664596273291926,0.1286740495641287,0.02487308163381601,0.3936744434406721,0.523,161,0.839622641509434,0.7302631578947368,0.6666666666666666,0.05266666666666667,0.0
427,0,Exact no shift,Pooled associative latent class model,0.814,0.3937777839590514,0.28104575163398693,0.1390259233057015,0.04184455769392929,0.4319443238389314,0.484,153,0.8307692307692308,0.7225806451612903,0.7333333333333333,0.05633333333333333,0.001
427,0,Exact no shift,Target-calibrated associative latent model,0.806,0.37392031182342506,0.16339869281045752,0.13653475269143928,0.06508964210268417,0.4082084161929696,0.45,153,0.8189349112426035,0.7354838709677419,0.7777777777777778,0.05633333333333333,0.001
427,0,Exact no shift,Frozen causal latent SCM,0.83,0.435034856456412,0.17647058823529413,0.12538462591729324,0.04543324739162044,0.4088724058464247,0.492,153,0.842603550295858,0.7612903225806451,0.8,0.05633333333333333,0.001
427,0,Exact no shift,Modular causal latent SCM,0.823,0.41673300927815476,0.16993464052287582,0.12835785260796978,0.05118256020534106,0.41017500993117173,0.477,153,0.8355029585798817,0.7548387096774194,0.7777777777777778,0.05633333333333333,0.001
427,0,Exact no shift,Target oracle (reference),0.825,0.421921724462629,0.1895424836601307,0.1253493419522514,0.04276363115547244,0.394395223578234,0.493,153,0.8355029585798817,0.7677419354838709,0.8,0.05633333333333333,0.001
428,0,Exact no shift,Pooled associative latent class model,0.791,0.33806296119186335,0.3076923076923077,0.14404186603108257,0.045379830630417,0.42683001811752,0.464,130,0.7961859356376639,0.7639751552795031,0.7936507936507936,0.056666666666666664,0.0
428,0,Exact no shift,Target-calibrated associative latent model,0.804,0.36903283556453326,0.2153846153846154,0.13967794199706815,0.032499277380578284,0.3975968670992384,0.503,130,0.8092967818831943,0.7763975155279503,0.7777777777777778,0.056666666666666664,0.0
428,0,Exact no shift,Frozen causal latent SCM,0.802,0.36417999440369936,0.2230769230769231,0.1388613588462344,0.026333113313759635,0.3965414926970837,0.505,130,0.8057210965435042,0.782608695652174,0.7936507936507936,0.056666666666666664,0.0
428,0,Exact no shift,Modular causal latent SCM,0.805,0.3714712674202637,0.2153846153846154,0.13916782706786274,0.03992925523266639,0.39708937738773775,0.5,130,0.8081048867699643,0.7888198757763976,0.8095238095238095,0.056666666666666664,0.0
428,0,Exact no shift,Target oracle (reference),0.808,0.378834653340212,0.2230769230769231,0.1389033068059694,0.03032972791097312,0.4048599901338557,0.495,130,0.8116805721096544,0.7888198757763976,0.7936507936507936,0.056666666666666664,0.0
429,0,Exact no shift,Pooled associative latent class model,0.801,0.36176211892677074,0.3125,0.13603105194545947,0.02482514858577289,0.40641671768301396,0.454,144,0.8127906976744186,0.7285714285714285,0.8043478260869565,0.05,0.0
429,0,Exact no shift,Target-calibrated associative latent model,0.823,0.4167329220523869,0.2013888888888889,0.1325588991757999,0.03364051531123359,0.3827437852081592,0.488,144,0.8325581395348837,0.7642857142857142,0.8695652173913043,0.05,0.0
429,0,Exact no shift,Frozen causal latent SCM,0.821,0.41157418095825504,0.2013888888888889,0.13124613605378346,0.03244988180290385,0.38470445873342407,0.468,144,0.8337209302325581,0.7428571428571429,0.8478260869565217,0.05,0.0
429,0,Exact no shift,Modular causal latent SCM,0.827,0.42714301333548726,0.2152777777777778,0.13097512461261784,0.032878264031868894,0.38392208340512707,0.482,144,0.8383720930232558,0.7571428571428571,0.8695652173913043,0.05,0.0
429,0,Exact no shift,Target oracle (reference),0.819,0.4064490436861354,0.20833333333333334,0.13073679888700598,0.026160837450628787,0.39197036980035194,0.468,144,0.8325581395348837,0.7357142857142858,0.8260869565217391,0.05,0.0
430,0,Exact no shift,Pooled associative latent class model,0.797,0.35218859890280135,0.35526315789473684,0.13740104511503073,0.026702936858830555,0.4020444216515082,0.491,152,0.800711743772242,0.7770700636942676,0.8113207547169812,0.053,0.0
430,0,Exact no shift,Target-calibrated associative latent model,0.807,0.376371251731381,0.09868421052631579,0.12865319365848893,0.02899224620230047,0.37082172826806004,0.473,152,0.8137603795966786,0.7707006369426752,0.8113207547169812,0.053,0.0
430,0,Exact no shift,Frozen causal latent SCM,0.823,0.41673290997094276,0.20394736842105263,0.12558007608170932,0.038790783606314,0.37870996961109804,0.513,152,0.8291814946619217,0.7898089171974523,0.8490566037735849,0.053,0.0
430,0,Exact no shift,Modular causal latent SCM,0.818,0.4039004589666447,0.15789473684210525,0.12479515369274805,0.03637004933003555,0.37704621529671306,0.5,152,0.8232502965599051,0.7898089171974523,0.8301886792452831,0.053,0.0
430,0,Exact no shift,Target oracle (reference),0.826,0.4245290337061904,0.19736842105263158,0.12300166767835222,0.031805175899835725,0.38930609670767324,0.496,152,0.830367734282325,0.802547770700637,0.8867924528301887,0.053,0.0
431,0,Exact no shift,Pooled associative latent class model,0.81,0.38378467922401616,0.21768707482993196,0.13026326672292513,0.027993713057814992,0.41195978169643,0.463,147,0.8156028368794326,0.7792207792207793,0.7674418604651163,0.054,0.0
431,0,Exact no shift,Target-calibrated associative latent model,0.812,0.3887675198501489,0.06802721088435375,0.13064913956712018,0.04111667563329423,0.37987014749258824,0.439,147,0.8156028368794326,0.7922077922077922,0.7674418604651163,0.054,0.0
431,0,Exact no shift,Frozen causal latent SCM,0.825,0.42192203452537275,0.10884353741496598,0.12038488878902608,0.03400811173458576,0.38467332943250765,0.48,147,0.8297872340425532,0.7987012987012987,0.7441860465116279,0.054,0.0
431,0,Exact no shift,Modular causal latent SCM,0.821,0.41157626787250123,0.08843537414965986,0.12221901496410725,0.030359543607508754,0.3839211988871698,0.466,147,0.8286052009456265,0.7792207792207793,0.7441860465116279,0.054,0.0
431,0,Exact no shift,Target oracle (reference),0.829,0.4323968755030026,0.10204081632653061,0.1203438772644455,0.036769693302023454,0.3792717299293996,0.47,147,0.8321513002364066,0.8116883116883117,0.7674418604651163,0.054,0.0
432,0,Exact no shift,Pooled associative latent class model,0.797,0.3521894020100714,0.2947976878612717,0.1397516884108494,0.028958174055499122,0.40388566272681176,0.466,173,0.81786133960047,0.6778523489932886,0.6363636363636364,0.05333333333333334,0.0
432,0,Exact no shift,Target-calibrated associative latent model,0.82,0.4090093500161941,0.1676300578034682,0.12486966537342108,0.01415237853152471,0.38202789869070636,0.477,173,0.836662749706228,0.7248322147651006,0.7045454545454546,0.05333333333333334,0.0
432,0,Exact no shift,Frozen causal latent SCM,0.821,0.4115762254211791,0.1676300578034682,0.12551346146252038,0.02136775313227274,0.38234967830413447,0.472,173,0.8378378378378378,0.7248322147651006,0.6590909090909091,0.05333333333333334,0.0
432,0,Exact no shift,Modular causal latent SCM,0.821,0.411576093991847,0.1676300578034682,0.12525967164790736,0.0216606941795267,0.3822238643335603,0.474,173,0.836662749706228,0.7315436241610739,0.6818181818181818,0.05333333333333334,0.0
432,0,Exact no shift,Target oracle (reference),0.819,0.4064503841632764,0.18497109826589594,0.1251510941313683,0.013559305892147027,0.3886032766202509,0.486,173,0.836662749706228,0.7181208053691275,0.6818181818181818,0.05333333333333334,0.0
433,0,Exact no shift,Pooled associative latent class model,0.804,0.3690338432989811,0.3625,0.13731969666293037,0.030256312239941,0.4121732613048044,0.528,160,0.8023809523809524,0.8125,0.8363636363636363,0.05733333333333333,0.0
433,0,Exact no shift,Target-calibrated associative latent model,0.817,0.4013585651962204,0.24375,0.1278949675529563,0.022867930155457773,0.3929009969489121,0.533,160,0.8142857142857143,0.83125,0.8727272727272727,0.05733333333333333,0.0
433,0,Exact no shift,Frozen causal latent SCM,0.813,0.3912686945516635,0.21875,0.12772958298501716,0.02071047489226755,0.39528125024345934,0.535,160,0.8083333333333333,0.8375,0.8909090909090909,0.05733333333333333,0.0
433,0,Exact no shift,Modular causal latent SCM,0.809,0.38130601798054486,0.175,0.12820102542931108,0.027428856171794913,0.39461249562326645,0.527,160,0.8071428571428572,0.81875,0.8909090909090909,0.05733333333333333,0.0
433,0,Exact no shift,Target oracle (reference),0.811,0.38627002084278517,0.18125,0.12682282425306063,0.02721455138863546,0.40216261348839977,0.509,160,0.8083333333333333,0.825,0.8727272727272727,0.05733333333333333,0.0
434,0,Exact no shift,Pooled associative latent class model,0.786,0.3265107545212233,0.3541666666666667,0.13667154869297962,0.031987345791166626,0.41769171576150416,0.523,144,0.8074608904933814,0.6804733727810651,0.603448275862069,0.06,0.0
434,0,Exact no shift,Target-calibrated associative latent model,0.825,0.4219242595605626,0.18055555555555555,0.12798203028750882,0.042914956385601534,0.39568866883181814,0.558,144,0.8423586040914561,0.7396449704142012,0.6896551724137931,0.06,0.0
434,0,Exact no shift,Frozen causal latent SCM,0.816,0.39882393998271815,0.18055555555555555,0.12628253766686318,0.029376205604867204,0.39556254514048617,0.541,144,0.8327316486161251,0.7337278106508875,0.6896551724137931,0.06,0.0
434,0,Exact no shift,Modular causal latent SCM,0.819,0.4064510470343506,0.1736111111111111,0.12596721315215104,0.031657029769286874,0.3954447176259331,0.532,144,0.8351383874849578,0.7396449704142012,0.6896551724137931,0.06,0.0
434,0,Exact no shift,Target oracle (reference),0.817,0.40135716611815647,0.16666666666666666,0.12666194454964316,0.020085753786136633,0.40215703940247294,0.502,144,0.8351383874849578,0.727810650887574,0.7068965517241379,0.06,0.0
435,0,Exact no shift,Pooled associative latent class model,0.785,0.3242356044210936,0.2653061224489796,0.14861314438203874,0.07131221184676277,0.42556483374075854,0.426,147,0.7887323943661971,0.7635135135135135,0.72,0.052,0.0
435,0,Exact no shift,Target-calibrated associative latent model,0.788,0.3311140713527546,0.1292517006802721,0.14287822846057305,0.07037979979118486,0.40111448082130396,0.441,147,0.7946009389671361,0.75,0.72,0.052,0.0
435,0,Exact no shift,Frozen causal latent SCM,0.804,0.369033795502452,0.14285714285714285,0.13423390415208372,0.034675912362986824,0.40587231208440416,0.475,147,0.8086854460093896,0.777027027027027,0.76,0.052,0.0
435,0,Exact no shift,Modular causal latent SCM,0.798,0.3545715668213417,0.16326530612244897,0.13477988499095522,0.050490043415780686,0.4061445448779621,0.473,147,0.8039906103286385,0.7635135135135135,0.74,0.052,0.0
435,0,Exact no shift,Target oracle (reference),0.804,0.3690325267523208,0.19727891156462585,0.13393541918276425,0.042769128381308315,0.3979988618369747,0.501,147,0.8110328638497653,0.7635135135135135,0.8,0.052,0.0
436,0,Exact no shift,Pooled associative latent class model,0.802,0.3641861119126244,0.23448275862068965,0.13733200376639576,0.06035997031431144,0.4127644035565171,0.431,145,0.8009478672985783,0.8076923076923077,0.7777777777777778,0.05566666666666667,0.0
436,0,Exact no shift,Target-calibrated associative latent model,0.811,0.3862717857814078,0.15172413793103448,0.12864582406920871,0.05002527080473669,0.3926370379262967,0.462,145,0.8127962085308057,0.8012820512820513,0.8,0.05566666666666667,0.0
436,0,Exact no shift,Frozen causal latent SCM,0.818,0.4039007764300787,0.10344827586206896,0.12750583561882137,0.0357254963587357,0.39440150767670096,0.469,145,0.8151658767772512,0.8333333333333334,0.8222222222222222,0.05566666666666667,0.0
436,0,Exact no shift,Modular causal latent SCM,0.816,0.3988232890656164,0.15172413793103448,0.12709607582433308,0.03245221814591729,0.39355671116540086,0.475,145,0.8151658767772512,0.8205128205128205,0.8222222222222222,0.05566666666666667,0.0
436,0,Exact no shift,Target oracle (reference),0.823,0.4167326048675565,0.1103448275862069,0.12498222741357076,0.026751622167538094,0.39245130655655736,0.488,145,0.8175355450236966,0.8525641025641025,0.8,0.05566666666666667,0.0
437,0,Exact no shift,Pooled associative latent class model,0.776,0.30400800103414727,0.4666666666666667,0.14954307827878166,0.039616946829806786,0.4405903706820336,0.515,135,0.7829181494661922,0.7388535031847133,0.7540983606557377,0.054,0.0
437,0,Exact no shift,Target-calibrated associative latent model,0.79,0.335736116721974,0.4148148148148148,0.14887574910217088,0.0626839603313568,0.41921897516611545,0.541,135,0.7912218268090154,0.7834394904458599,0.8032786885245902,0.054,0.0
437,0,Exact no shift,Frozen causal latent SCM,0.807,0.37637243086083133,0.25925925925925924,0.13973325494366373,0.03781450716260256,0.42739449830359644,0.478,135,0.8078291814946619,0.802547770700637,0.8688524590163934,0.054,0.0
437,0,Exact no shift,Modular causal latent SCM,0.792,0.3403964257414559,0.34074074074074073,0.14385001812436007,0.04153396731251337,0.425811482177776,0.519,135,0.7912218268090154,0.7961783439490446,0.8360655737704918,0.054,0.0
437,0,Exact no shift,Target oracle (reference),0.804,0.36903327960294724,0.2518518518518518,0.13822732061599766,0.02461437688425925,0.4115458549668228,0.465,135,0.8066429418742586,0.7898089171974523,0.8524590163934426,0.054,0.0
438,0,Exact no shift,Pooled associative latent class model,0.801,0.3617668897711671,0.38323353293413176,0.13540590349457488,0.029846026973085815,0.4377650113481525,0.53,167,0.8065650644783119,0.7687074829931972,0.7222222222222222,0.050666666666666665,0.0
438,0,Exact no shift,Target-calibrated associative latent model,0.813,0.3912736104485078,0.2694610778443114,0.1336855307208532,0.05305884418617226,0.4100338435739581,0.564,167,0.8194607268464243,0.7755102040816326,0.7222222222222222,0.050666666666666665,0.0
438,0,Exact no shift,Frozen causal latent SCM,0.818,0.4038999628881389,0.2155688622754491,0.1261372698139265,0.034751948829894005,0.4162967070545287,0.517,167,0.8264947245017585,0.7687074829931972,0.7222222222222222,0.050666666666666665,0.0
438,0,Exact no shift,Modular causal latent SCM,0.818,0.4039002083806357,0.19760479041916168,0.1262516990078498,0.027756470444384118,0.41662155486647634,0.521,167,0.8253223915592028,0.7755102040816326,0.75,0.050666666666666665,0.0
438,0,Exact no shift,Target oracle (reference),0.825,0.4219216869837167,0.19760479041916168,0.12450783382826452,0.036090226903455494,0.3988326901722645,0.51,167,0.8311840562719812,0.7891156462585034,0.7777777777777778,0.050666666666666665,0.0
439,0,Exact no shift,Pooled associative latent class model,0.805,0.37145901116647245,0.23353293413173654,0.13107624459391162,0.05271947203734311,0.42891295552783104,0.418,167,0.8135198135198135,0.7535211267605634,0.6530612244897959,0.050333333333333334,0.0
439,0,Exact no shift,Target-calibrated associative latent model,0.826,0.4245150106557012,0.08982035928143713,0.1252246987810978,0.05349875939115614,0.3978741893319673,0.411,167,0.8333333333333334,0.7816901408450704,0.6938775510204082,0.050333333333333334,0.0
439,0,Exact no shift,Frozen causal latent SCM,0.83,0.4350281582363695,0.1497005988023952,0.12157160763347896,0.03360084110471284,0.40133690028755986,0.435,167,0.8426573426573427,0.7535211267605634,0.6530612244897959,0.050333333333333334,0.0
439,0,Exact no shift,Modular causal latent SCM,0.834,0.4456595002000767,0.09580838323353294,0.12323336042967449,0.04379208795081484,0.39990994291196147,0.421,167,0.8438228438228438,0.7746478873239436,0.6938775510204082,0.050333333333333334,0.0
439,0,Exact no shift,Target oracle (reference),0.84,0.46186047931703395,0.18562874251497005,0.11977473278918134,0.025553135719917672,0.39420663727691785,0.467,167,0.8578088578088578,0.7323943661971831,0.6122448979591837,0.050333333333333334,0.0
440,0,Exact no shift,Pooled associative latent class model,0.821,0.41156761582685153,0.23529411764705882,0.1317323286585812,0.03749060928976631,0.4199418826343153,0.45,153,0.8229665071770335,0.8109756097560976,0.8297872340425532,0.058333333333333334,0.0
440,0,Exact no shift,Target-calibrated associative latent model,0.816,0.39882109157387335,0.16339869281045752,0.12731727525449837,0.019579206897708788,0.4031378354177401,0.473,153,0.8205741626794258,0.7926829268292683,0.851063829787234,0.058333333333333334,0.0
440,0,Exact no shift,Frozen causal latent SCM,0.821,0.4115747477717416,0.16339869281045752,0.1271452901963699,0.017451938072106845,0.4013376636589022,0.478,153,0.8241626794258373,0.8048780487804879,0.851063829787234,0.058333333333333334,0.0
440,0,Exact no shift,Modular causal latent SCM,0.823,0.416733258724257,0.1895424836601307,0.12828093984742642,0.03018790087626894,0.40191549540923444,0.49,153,0.8253588516746412,0.8109756097560976,0.8723404255319149,0.058333333333333334,0.0
440,0,Exact no shift,Target oracle (reference),0.822,0.4141500127866635,0.17647058823529413,0.1264081983892082,0.02450396552796509,0.39400893466203696,0.483,153,0.8265550239234449,0.7987804878048781,0.851063829787234,0.058333333333333334,0.0
441,0,Exact no shift,Pooled associative latent class model,0.798,0.3545708473779126,0.34459459459459457,0.13939846697061067,0.018835869913187808,0.4078494153637726,0.503,148,0.8115429917550059,0.7218543046357616,0.6274509803921569,0.05366666666666667,0.001
441,0,Exact no shift,Target-calibrated associative latent model,0.803,0.3666025191922348,0.14189189189189189,0.13045355403741576,0.033840509655630506,0.3959920297789636,0.482,148,0.8150765606595995,0.7350993377483444,0.7450980392156863,0.05366666666666667,0.001
441,0,Exact no shift,Frozen causal latent SCM,0.805,0.37147173320095994,0.17567567567567569,0.12948357375020295,0.024491754624115413,0.3967300201137045,0.496,148,0.8197879858657244,0.7218543046357616,0.7254901960784313,0.05366666666666667,0.001
441,0,Exact no shift,Modular causal latent SCM,0.807,0.3763718996052572,0.12162162162162163,0.13061388514499814,0.033274250531044804,0.3958520688765727,0.474,148,0.8186101295641932,0.7417218543046358,0.7647058823529411,0.05366666666666667,0.001
441,0,Exact no shift,Target oracle (reference),0.814,0.3937780464006521,0.17567567567567569,0.12865636162740934,0.019069764328452532,0.39559288614645405,0.499,148,0.8256772673733804,0.7483443708609272,0.7647058823529411,0.05366666666666667,0.001
442,0,Exact no shift,Pooled associative latent class model,0.792,0.340397657660559,0.3404255319148936,0.14068799568277746,0.03343054013245751,0.4112698457123572,0.527,141,0.8091236494597839,0.7065868263473054,0.7222222222222222,0.059666666666666666,0.0
442,0,Exact no shift,Target-calibrated associative latent model,0.801,0.3617656281835491,0.1276595744680851,0.1398114515573542,0.05239802103567008,0.3911314692725608,0.514,141,0.8139255702280912,0.7365269461077845,0.8333333333333334,0.059666666666666666,0.0
442,0,Exact no shift,Frozen causal latent SCM,0.798,0.3545738453380147,0.2624113475177305,0.13767991380719924,0.04840374425668831,0.3911974890137441,0.539,141,0.8151260504201681,0.7125748502994012,0.8148148148148148,0.059666666666666666,0.0
442,0,Exact no shift,Modular causal latent SCM,0.801,0.36176614793827866,0.1702127659574468,0.1376957122846742,0.0382553992487149,0.39154469260949043,0.52,141,0.8175270108043218,0.718562874251497,0.8333333333333334,0.059666666666666666,0.0
442,0,Exact no shift,Target oracle (reference),0.808,0.3788342769065821,0.1702127659574468,0.13603309650154244,0.03269041555371236,0.3871690564824213,0.495,141,0.8175270108043218,0.7604790419161677,0.8518518518518519,0.059666666666666666,0.0
443,0,Exact no shift,Pooled associative latent class model,0.823,0.416732555494415,0.2972972972972973,0.12665977570013331,0.03067034614150974,0.4136287856253923,0.504,148,0.8325358851674641,0.774390243902439,0.8235294117647058,0.058333333333333334,0.0
443,0,Exact no shift,Target-calibrated associative latent model,0.835,0.44834899738113254,0.23648648648648649,0.11621681362562288,0.026202134159225766,0.38628704892102345,0.534,148,0.84688995215311,0.774390243902439,0.8431372549019608,0.058333333333333334,0.0
443,0,Exact no shift,Frozen causal latent SCM,0.835,0.4483484013599134,0.20270270270270271,0.1156817495524927,0.022854497573083398,0.3873995112702169,0.518,148,0.8456937799043063,0.7804878048780488,0.8235294117647058,0.058333333333333334,0.0
443,0,Exact no shift,Modular causal latent SCM,0.837,0.45372965453498043,0.17567567567567569,0.11567018589753186,0.020737541940382936,0.3875435595470657,0.512,148,0.8504784688995215,0.7682926829268293,0.8431372549019608,0.058333333333333334,0.0
443,0,Exact no shift,Target oracle (reference),0.836,0.451034857526949,0.16216216216216217,0.11615705370791238,0.03035586780055977,0.4034004688275616,0.501,148,0.8480861244019139,0.774390243902439,0.8235294117647058,0.058333333333333334,0.0
444,0,Exact no shift,Pooled associative latent class model,0.776,0.30400785978275224,0.3503184713375796,0.14932098247588835,0.027938922862085144,0.4328439083496692,0.486,157,0.7861409796893668,0.7239263803680982,0.7333333333333333,0.058333333333333334,0.0
444,0,Exact no shift,Target-calibrated associative latent model,0.786,0.326514096313228,0.35668789808917195,0.14240656603942137,0.0395663478371813,0.39539877211707675,0.54,157,0.7909199522102748,0.7607361963190185,0.7777777777777778,0.058333333333333334,0.0
444,0,Exact no shift,Frozen causal latent SCM,0.79,0.3357353427683403,0.267515923566879,0.13864474587225373,0.031828008697305656,0.39713873419675205,0.51,157,0.7980884109916367,0.7484662576687117,0.7555555555555555,0.058333333333333334,0.0
444,0,Exact no shift,Modular causal latent SCM,0.788,0.3311079671056918,0.2929936305732484,0.13929220105180729,0.032307586242454986,0.3962844919507862,0.524,157,0.7956989247311828,0.7484662576687117,0.7777777777777778,0.058333333333333334,0.0
444,0,Exact no shift,Target oracle (reference),0.792,0.3403959125356447,0.24203821656050956,0.13759204884443135,0.03326059308914701,0.41137313972471723,0.508,157,0.8004778972520908,0.7484662576687117,0.7555555555555555,0.058333333333333334,0.0
445,0,Exact no shift,Pooled associative latent class model,0.79,0.33573507545439996,0.33098591549295775,0.14038852894781567,0.02440736178778582,0.42490353251907936,0.499,142,0.8059880239520958,0.7090909090909091,0.631578947368421,0.059666666666666666,0.001
445,0,Exact no shift,Target-calibrated associative latent model,0.81,0.3837832303006587,0.13380281690140844,0.1297423616259073,0.01960914292808993,0.3976515194344871,0.495,142,0.8263473053892215,0.7272727272727273,0.7192982456140351,0.059666666666666666,0.001
445,0,Exact no shift,Frozen causal latent SCM,0.805,0.3714731023648815,0.2112676056338028,0.13012971345022822,0.029855974615359413,0.4020863122987766,0.53,142,0.8239520958083832,0.7090909090909091,0.7017543859649122,0.059666666666666666,0.001
445,0,Exact no shift,Modular causal latent SCM,0.808,0.37883423723164594,0.13380281690140844,0.12913814708115653,0.01599655923844842,0.4001239774747401,0.497,142,0.8251497005988024,0.7212121212121212,0.7192982456140351,0.059666666666666666,0.001
445,0,Exact no shift,Target oracle (reference),0.802,0.36417985275479364,0.176056338028169,0.1299212892447062,0.027393529397485433,0.4051170710459477,0.489,142,0.8191616766467066,0.7151515151515152,0.7017543859649122,0.059666666666666666,0.001
446,0,Exact no shift,Pooled associative latent class model,0.815,0.39629644211415105,0.33774834437086093,0.12834790044380523,0.032895835786014425,0.3996387092763564,0.514,151,0.8193473193473193,0.7887323943661971,0.7142857142857143,0.050333333333333334,0.001
446,0,Exact no shift,Target-calibrated associative latent model,0.832,0.44033563790283,0.23178807947019867,0.11898454548748852,0.03811022886256921,0.3845947641757902,0.523,151,0.8356643356643356,0.8098591549295775,0.7619047619047619,0.050333333333333334,0.001
446,0,Exact no shift,Frozen causal latent SCM,0.835,0.4483483335433149,0.1986754966887417,0.11847109116822963,0.031120148814899513,0.38449126571443504,0.516,151,0.8368298368298368,0.823943661971831,0.7857142857142857,0.050333333333333334,0.001
446,0,Exact no shift,Modular causal latent SCM,0.834,0.4456695729696563,0.2052980132450331,0.11854882647644933,0.033320502169878405,0.38469951209739656,0.517,151,0.8368298368298368,0.8169014084507042,0.7619047619047619,0.050333333333333334,0.001
446,0,Exact no shift,Target oracle (reference),0.833,0.4429994624051222,0.17218543046357615,0.11726599833980429,0.019500363875336258,0.3991410175707983,0.492,151,0.8344988344988346,0.823943661971831,0.7857142857142857,0.050333333333333334,0.001
447,0,Exact no shift,Pooled associative latent class model,0.821,0.4115788502220745,0.23357664233576642,0.12936208715358766,0.052445226619525116,0.41673398991400995,0.452,137,0.8192488262910798,0.831081081081081,0.8108108108108109,0.052333333333333336,0.001
447,0,Exact no shift,Target-calibrated associative latent model,0.821,0.4115772431946567,0.19708029197080293,0.12356636009275783,0.03907037899071563,0.3925360313996967,0.464,137,0.8157276995305164,0.8513513513513513,0.8648648648648649,0.052333333333333336,0.001
447,0,Exact no shift,Frozen causal latent SCM,0.824,0.4193229693317888,0.2116788321167883,0.1218096441515718,0.033022885492484784,0.392858574979716,0.495,137,0.8192488262910798,0.8513513513513513,0.8648648648648649,0.052333333333333336,0.001
447,0,Exact no shift,Modular causal latent SCM,0.824,0.41932319588642064,0.18248175182481752,0.1219828014978516,0.03983451605353278,0.39303520551751736,0.487,137,0.818075117370892,0.8581081081081081,0.8918918918918919,0.052333333333333336,0.001
447,0,Exact no shift,Target oracle (reference),0.826,0.424528177710186,0.22627737226277372,0.12184938014702473,0.032554630488072646,0.3995333276682895,0.495,137,0.8215962441314554,0.8513513513513513,0.8648648648648649,0.052333333333333336,0.001
448,0,Exact no shift,Pooled associative latent class model,0.772,0.295233577821419,0.27388535031847133,0.15095853928298034,0.07216057504167211,0.42796561527425636,0.436,157,0.7754854368932039,0.7556818181818182,0.74,0.06133333333333333,0.0
448,0,Exact no shift,Target-calibrated associative latent model,0.812,0.38876510872184994,0.14012738853503184,0.13635443627148658,0.04631017816908514,0.40343594732023,0.47,157,0.8155339805825242,0.7954545454545454,0.82,0.06133333333333333,0.0
448,0,Exact no shift,Frozen causal latent SCM,0.815,0.396297223989332,0.11464968152866242,0.13724399578032906,0.05839134900191318,0.40314651667902235,0.455,157,0.8179611650485437,0.8011363636363636,0.78,0.06133333333333333,0.0
448,0,Exact no shift,Modular causal latent SCM,0.808,0.37883512199944364,0.15286624203821655,0.13617922170509014,0.04423005274638982,0.40365910812793254,0.472,157,0.8118932038834952,0.7897727272727273,0.8,0.06133333333333333,0.0
448,0,Exact no shift,Target oracle (reference),0.802,0.364180051375165,0.20382165605095542,0.1348670074925956,0.03921291043247202,0.4034098658955083,0.504,157,0.8046116504854369,0.7897727272727273,0.82,0.06133333333333333,0.0
449,0,Exact no shift,Pooled associative latent class model,0.791,0.33807525650382836,0.21710526315789475,0.14558505838770783,0.06562784265739575,0.3933723326310295,0.424,152,0.7978971962616822,0.75,0.6829268292682927,0.049666666666666665,0.0
449,0,Exact no shift,Target-calibrated associative latent model,0.791,0.33807250591441573,0.1118421052631579,0.14229536197262507,0.06452129775938581,0.37186862190288894,0.432,152,0.7955607476635514,0.7638888888888888,0.7804878048780488,0.049666666666666665,0.0
449,0,Exact no shift,Frozen causal latent SCM,0.8,0.35937320381691934,0.10526315789473684,0.1409256983019094,0.06561411470699184,0.3698809019589354,0.421,152,0.8014018691588785,0.7916666666666666,0.7804878048780488,0.049666666666666665,0.0
449,0,Exact no shift,Modular causal latent SCM,0.796,0.3498326488434277,0.08552631578947369,0.14214686817199634,0.07242955500262205,0.36840841552246445,0.409,152,0.7978971962616822,0.7847222222222222,0.7804878048780488,0.049666666666666665,0.0
449,0,Exact no shift,Target oracle (reference),0.804,0.3690324845091173,0.17763157894736842,0.13509089512514008,0.029862987571609705,0.39450504709441553,0.503,152,0.8119158878504673,0.7569444444444444,0.7560975609756098,0.049666666666666665,0.0
450,0,Exact no shift,Pooled associative latent class model,0.787,0.3288048203646806,0.30538922155688625,0.14816145729092312,0.04790969451554362,0.4171352619565557,0.497,167,0.8031212484993998,0.7065868263473054,0.7,0.05733333333333333,0.0
450,0,Exact no shift,Target-calibrated associative latent model,0.786,0.3265104953509383,0.23952095808383234,0.1444020193449619,0.05946768641801633,0.39211631579860934,0.522,167,0.8067226890756303,0.6826347305389222,0.62,0.05733333333333333,0.0
450,0,Exact no shift,Frozen causal latent SCM,0.793,0.3427387514466549,0.19161676646706588,0.141292520298784,0.0449793073108837,0.39164521845430206,0.507,167,0.8139255702280912,0.688622754491018,0.64,0.05733333333333333,0.0
450,0,Exact no shift,Modular causal latent SCM,0.788,0.33110711058159337,0.23952095808383234,0.1442393745514066,0.05649039124703379,0.3919882430000959,0.514,167,0.8091236494597839,0.6826347305389222,0.64,0.05733333333333333,0.0
450,0,Exact no shift,Target oracle (reference),0.794,0.34508908442728303,0.17964071856287425,0.13925178194214266,0.034930160163484145,0.3987727960074187,0.482,167,0.8151260504201681,0.688622754491018,0.66,0.05733333333333333,0.0
451,0,Exact no shift,Pooled associative latent class model,0.798,0.3545702381965649,0.31724137931034485,0.13420481934111048,0.024893216180331284,0.394700110401071,0.499,145,0.8057901085645356,0.7602339181286549,0.6885245901639344,0.06,0.0
451,0,Exact no shift,Target-calibrated associative latent model,0.826,0.42452886058080946,0.1103448275862069,0.1234745691429342,0.020105725782254866,0.3713460657501023,0.477,145,0.8335343787696019,0.7894736842105263,0.7540983606557377,0.06,0.0
451,0,Exact no shift,Frozen causal latent SCM,0.82,0.40900897845279044,0.16551724137931034,0.12366500797803345,0.022876532442539517,0.37086853691030564,0.485,145,0.8287092882991556,0.7777777777777778,0.7377049180327869,0.06,0.0
451,0,Exact no shift,Modular causal latent SCM,0.821,0.4115756656291718,0.15172413793103448,0.12359362208892959,0.023969082473338905,0.37092843435170325,0.482,145,0.8287092882991556,0.783625730994152,0.7540983606557377,0.06,0.0
451,0,Exact no shift,Target oracle (reference),0.825,0.4219220103920936,0.15862068965517243,0.1213815694550517,0.022397025462829172,0.38797885649928127,0.482,145,0.8347406513872135,0.7777777777777778,0.7213114754098361,0.06,0.0
452,0,Exact no shift,Pooled associative latent class model,0.793,0.34274315619575696,0.25675675675675674,0.14426898112720654,0.025798855078703737,0.4273071382846476,0.453,148,0.8057553956834532,0.7289156626506024,0.6111111111111112,0.058666666666666666,0.0
452,0,Exact no shift,Target-calibrated associative latent model,0.799,0.3569615764834242,0.18243243243243243,0.13872953030112764,0.03291614391464609,0.39809782267426475,0.523,148,0.8009592326139089,0.7891566265060241,0.7222222222222222,0.058666666666666666,0.0
452,0,Exact no shift,Frozen causal latent SCM,0.807,0.37637219906650515,0.14864864864864866,0.1348033802052211,0.022027190207903457,0.4020568874679554,0.487,148,0.8081534772182254,0.8012048192771084,0.7222222222222222,0.058666666666666666,0.0
452,0,Exact no shift,Modular causal latent SCM,0.808,0.37883471975381217,0.12837837837837837,0.135119118362137,0.0262527492175634,0.40114906834485053,0.486,148,0.8081534772182254,0.8072289156626506,0.7407407407407407,0.058666666666666666,0.0
452,0,Exact no shift,Target oracle (reference),0.805,0.37147098628282715,0.1554054054054054,0.13507714863904155,0.022003373747783685,0.3938987383518298,0.495,148,0.8069544364508393,0.7951807228915663,0.7222222222222222,0.058666666666666666,0.0
453,0,Exact no shift,Pooled associative latent class model,0.791,0.3380629136916885,0.38823529411764707,0.13976002706596385,0.034796441746946544,0.3945659711131038,0.525,170,0.7882069795427196,0.8047337278106509,0.8070175438596491,0.059666666666666666,0.001
453,0,Exact no shift,Target-calibrated associative latent model,0.806,0.37392153942311307,0.3176470588235294,0.13165241284512516,0.03550389659263737,0.3782793802002997,0.544,170,0.8098676293622142,0.7869822485207101,0.8245614035087719,0.059666666666666666,0.001
453,0,Exact no shift,Frozen causal latent SCM,0.81,0.38378569919819316,0.27647058823529413,0.12945574352239855,0.026152242783904715,0.3813918987889857,0.534,170,0.8170878459687124,0.7751479289940828,0.8070175438596491,0.059666666666666666,0.001
453,0,Exact no shift,Modular causal latent SCM,0.803,0.36660816350825864,0.3411764705882353,0.1326804408678314,0.03991850418827865,0.37866159872874583,0.553,170,0.8074608904933814,0.7810650887573964,0.8245614035087719,0.059666666666666666,0.001
453,0,Exact no shift,Target oracle (reference),0.813,0.39126684748335405,0.2235294117647059,0.1261584250754847,0.02896095237289967,0.3995152328603476,0.507,170,0.8182912154031288,0.7869822485207101,0.7719298245614035,0.059666666666666666,0.001
454,0,Exact no shift,Pooled associative latent class model,0.805,0.37147221058918145,0.2857142857142857,0.14517772159129047,0.027891251644246884,0.42364225540139905,0.476,140,0.8076477404403245,0.7883211678832117,0.7674418604651163,0.04833333333333333,0.0
454,0,Exact no shift,Target-calibrated associative latent model,0.797,0.3521903053164277,0.2357142857142857,0.14817362303586037,0.03796689964863936,0.39269959048510633,0.466,140,0.7995365005793743,0.781021897810219,0.813953488372093,0.04833333333333333,0.0
454,0,Exact no shift,Frozen causal latent SCM,0.815,0.3962964574450564,0.16428571428571428,0.13838919526608343,0.033637817274828785,0.3987154304249373,0.482,140,0.8180764774044033,0.7956204379562044,0.7906976744186046,0.04833333333333333,0.0
454,0,Exact no shift,Modular causal latent SCM,0.802,0.3641812787820883,0.18571428571428572,0.13925671296418976,0.03818121173319673,0.39853016984267675,0.473,140,0.8030127462340672,0.7956204379562044,0.813953488372093,0.04833333333333333,0.0
454,0,Exact no shift,Target oracle (reference),0.807,0.3763718909669477,0.17857142857142858,0.1377989616073291,0.02583633479747858,0.4040411770493632,0.494,140,0.8088064889918888,0.7956204379562044,0.7906976744186046,0.04833333333333333,0.0
455,0,Exact no shift,Pooled associative latent class model,0.816,0.39882131060090936,0.2328767123287671,0.12699871573204516,0.039361875386651944,0.4103785793803795,0.464,146,0.8286052009456265,0.7467532467532467,0.7608695652173914,0.055,0.0
455,0,Exact no shift,Target-calibrated associative latent model,0.812,0.38875792963984485,0.11643835616438356,0.12601997848660068,0.03922642614476231,0.38544099387975106,0.43,146,0.8262411347517731,0.7337662337662337,0.7608695652173914,0.055,0.0
455,0,Exact no shift,Frozen causal latent SCM,0.814,0.3937760371027804,0.17123287671232876,0.12229808765325241,0.026641514726665684,0.3884946639738186,0.462,146,0.8286052009456265,0.7337662337662337,0.7391304347826086,0.055,0.0
455,0,Exact no shift,Modular causal latent SCM,0.812,0.38876174556929394,0.1643835616438356,0.1228977284920382,0.03291481294114533,0.388458110768296,0.452,146,0.8274231678486997,0.7272727272727273,0.7391304347826086,0.055,0.0
455,0,Exact no shift,Target oracle (reference),0.819,0.40645048613475426,0.18493150684931506,0.12179626113343099,0.032424442914346895,0.38921295315256715,0.485,146,0.83451536643026,0.7337662337662337,0.7608695652173914,0.055,0.0
456,0,Exact no shift,Pooled associative latent class model,0.801,0.36176210861259317,0.32,0.1353265521428014,0.024554815927843258,0.4272402610419926,0.533,150,0.8226002430133658,0.7005649717514124,0.7368421052631579,0.061,0.0
456,0,Exact no shift,Target-calibrated associative latent model,0.807,0.3763733988282358,0.24666666666666667,0.13033776377883716,0.025590040446611048,0.40365018431718125,0.503,150,0.8226002430133658,0.7344632768361582,0.7719298245614035,0.061,0.0
456,0,Exact no shift,Frozen causal latent SCM,0.809,0.38130372075008967,0.22666666666666666,0.12798058997012865,0.032217789483693145,0.4055451752344837,0.525,150,0.8262454434993924,0.7288135593220338,0.7894736842105263,0.061,0.0
456,0,Exact no shift,Modular causal latent SCM,0.811,0.38626618347130803,0.26666666666666666,0.12976318121113686,0.019778055795264413,0.4033817679254621,0.535,150,0.8262454434993924,0.7401129943502824,0.8070175438596491,0.061,0.0
456,0,Exact no shift,Target oracle (reference),0.811,0.3862686984309567,0.21333333333333335,0.12785620395139638,0.024876301166264648,0.40116559571760535,0.525,150,0.8262454434993924,0.7401129943502824,0.8070175438596491,0.061,0.0
457,0,Exact no shift,Pooled associative latent class model,0.812,0.3887641385854877,0.2638888888888889,0.1267424017119208,0.03579287712102628,0.40265317405279105,0.474,144,0.818075117370892,0.777027027027027,0.7358490566037735,0.051333333333333335,0.0
457,0,Exact no shift,Target-calibrated associative latent model,0.831,0.43768142339853816,0.2569444444444444,0.12019173487289296,0.022984302530625392,0.38484948205483216,0.521,144,0.8450704225352113,0.75,0.7169811320754716,0.051333333333333335,0.0
457,0,Exact no shift,Frozen causal latent SCM,0.825,0.42192165640003093,0.1597222222222222,0.11924182112870926,0.041760400045416896,0.3859024988067307,0.479,144,0.8333333333333334,0.777027027027027,0.7169811320754716,0.051333333333333335,0.0
457,0,Exact no shift,Modular causal latent SCM,0.826,0.42452820469622754,0.16666666666666666,0.12009183743524031,0.043326769925773605,0.38476221738041716,0.478,144,0.8321596244131455,0.7905405405405406,0.7358490566037735,0.051333333333333335,0.0
457,0,Exact no shift,Target oracle (reference),0.831,0.43768198594162494,0.19444444444444445,0.11911378015113018,0.032951116812644725,0.3978499709401705,0.495,144,0.8392018779342723,0.7837837837837838,0.7169811320754716,0.051333333333333335,0.0
458,0,Exact no shift,Pooled associative latent class model,0.821,0.41157763536781433,0.2413793103448276,0.13147360680787532,0.046586230521937666,0.4319657795838233,0.466,145,0.8268348623853211,0.78125,0.7352941176470589,0.044,0.0
458,0,Exact no shift,Target-calibrated associative latent model,0.815,0.39629575048045124,0.18620689655172415,0.12501819518641777,0.02715856541964047,0.39964277051976344,0.496,145,0.8222477064220184,0.765625,0.7352941176470589,0.044,0.0
458,0,Exact no shift,Frozen causal latent SCM,0.815,0.39629631029156137,0.13793103448275862,0.12465379985752185,0.030950654563554725,0.401306775106244,0.484,145,0.8211009174311926,0.7734375,0.7647058823529411,0.044,0.0
458,0,Exact no shift,Modular causal latent SCM,0.816,0.3988230806515628,0.12413793103448276,0.1251984541865387,0.02900952460958294,0.40129256063088276,0.481,145,0.8211009174311926,0.78125,0.7647058823529411,0.044,0.0
458,0,Exact no shift,Target oracle (reference),0.82,0.40900845870287167,0.16551724137931034,0.12385525220175671,0.029315130087854704,0.3861215227805918,0.503,145,0.8268348623853211,0.7734375,0.7647058823529411,0.044,0.0
459,0,Exact no shift,Pooled associative latent class model,0.78,0.31292276468183644,0.25,0.14568996575402954,0.057383273291106096,0.41886094625375286,0.435,132,0.8007202881152461,0.6766467065868264,0.6470588235294118,0.057666666666666665,0.0
459,0,Exact no shift,Target-calibrated associative latent model,0.8,0.3593662897510016,0.1590909090909091,0.13781399328102806,0.05327348671052873,0.3977034403021442,0.443,132,0.8199279711884754,0.7005988023952096,0.6666666666666666,0.057666666666666665,0.0
459,0,Exact no shift,Frozen causal latent SCM,0.803,0.3666064547485045,0.15151515151515152,0.13462511729063112,0.0393991955703116,0.4006867740621068,0.456,132,0.8247298919567827,0.6946107784431138,0.6666666666666666,0.057666666666666665,0.0
459,0,Exact no shift,Modular causal latent SCM,0.805,0.37147703521667824,0.15151515151515152,0.13506633247806177,0.04638692596305331,0.40005217047226427,0.448,132,0.8259303721488596,0.7005988023952096,0.6666666666666666,0.057666666666666665,0.0
459,0,Exact no shift,Target oracle (reference),0.808,0.37883477881798727,0.1893939393939394,0.13231907273949747,0.021528639634450765,0.39920543615384424,0.515,132,0.82953181272509,0.7005988023952096,0.6666666666666666,0.057666666666666665,0.0
460,0,Exact no shift,Pooled associative latent class model,0.794,0.34508916232353426,0.28662420382165604,0.13890681446707934,0.042549113343919774,0.41624349911452535,0.477,157,0.8023255813953488,0.7428571428571429,0.7592592592592593,0.048666666666666664,0.001
460,0,Exact no shift,Target-calibrated associative latent model,0.811,0.3862702245173148,0.22929936305732485,0.13181797301167517,0.03689298559867115,0.39227855119995675,0.492,157,0.8232558139534883,0.7357142857142858,0.7407407407407407,0.048666666666666664,0.001
460,0,Exact no shift,Frozen causal latent SCM,0.814,0.3937778241859219,0.15286624203821655,0.12965431011993434,0.03495306359328729,0.3946547056449688,0.479,157,0.8255813953488372,0.7428571428571429,0.7407407407407407,0.048666666666666664,0.001
460,0,Exact no shift,Modular causal latent SCM,0.81,0.3837839593866559,0.1337579617834395,0.12937246087740875,0.03362925234987131,0.3943234361721958,0.469,157,0.8197674418604651,0.75,0.7407407407407407,0.048666666666666664,0.001
460,0,Exact no shift,Target oracle (reference),0.817,0.4013573933478588,0.17197452229299362,0.12802490378385445,0.02507916662000092,0.4008055531505103,0.48,157,0.8267441860465117,0.7571428571428571,0.7592592592592593,0.048666666666666664,0.001
461,0,Exact no shift,Pooled associative latent class model,0.795,0.3474472736358221,0.2867132867132867,0.13979953559645542,0.04060690456975624,0.40916204012929325,0.474,143,0.8037825059101655,0.7467532467532467,0.7636363636363637,0.05466666666666667,0.001
461,0,Exact no shift,Target-calibrated associative latent model,0.807,0.3763719645125473,0.2867132867132867,0.1345903815293421,0.03734702746259725,0.3838406769496401,0.536,143,0.8120567375886525,0.7792207792207793,0.8,0.05466666666666667,0.001
461,0,Exact no shift,Frozen causal latent SCM,0.806,0.3739179684159627,0.21678321678321677,0.13113399708264967,0.02778004327672441,0.39006851615725463,0.511,143,0.8132387706855791,0.7662337662337663,0.7818181818181819,0.05466666666666667,0.001
461,0,Exact no shift,Modular causal latent SCM,0.809,0.38130538808879316,0.16783216783216784,0.13179693118459937,0.024104402644417766,0.3897371032166052,0.494,143,0.8132387706855791,0.7857142857142857,0.8181818181818182,0.05466666666666667,0.001
461,0,Exact no shift,Target oracle (reference),0.811,0.3862703646689271,0.16783216783216784,0.1305873542795187,0.0196655496955741,0.39615918758461605,0.498,143,0.817966903073286,0.7727272727272727,0.8,0.05466666666666667,0.001
462,0,Exact no shift,Pooled associative latent class model,0.824,0.4193222424957467,0.2653061224489796,0.1281166725769628,0.024530727302144034,0.42368840071164665,0.468,147,0.830568720379147,0.7884615384615384,0.7142857142857143,0.05566666666666667,0.0
462,0,Exact no shift,Target-calibrated associative latent model,0.816,0.3988168866575563,0.08843537414965986,0.12994800590973168,0.05441090643199807,0.3921540805972968,0.434,147,0.8281990521327014,0.75,0.6190476190476191,0.05566666666666667,0.0
462,0,Exact no shift,Frozen causal latent SCM,0.825,0.42192140060907807,0.1564625850340136,0.12267878563312541,0.01992152768454298,0.39960439458507996,0.475,147,0.8329383886255924,0.782051282051282,0.6904761904761905,0.05566666666666667,0.0
462,0,Exact no shift,Modular causal latent SCM,0.829,0.43239542589592067,0.1360544217687075,0.12321042120677979,0.016919474181617985,0.39917122677254624,0.469,147,0.8376777251184834,0.782051282051282,0.6904761904761905,0.05566666666666667,0.0
462,0,Exact no shift,Target oracle (reference),0.831,0.43768054712725707,0.1564625850340136,0.12226332320577786,0.020703746512329403,0.39775910134620834,0.467,147,0.8388625592417062,0.7884615384615384,0.6904761904761905,0.05566666666666667,0.0
463,0,Exact no shift,Pooled associative latent class model,0.786,0.3265106303618053,0.30935251798561153,0.1476801599721641,0.035916749339882106,0.4258246208805889,0.49,139,0.7938021454112039,0.7453416149068323,0.7884615384615384,0.056666666666666664,0.0
463,0,Exact no shift,Target-calibrated associative latent model,0.787,0.3288049967098901,0.15827338129496402,0.14343748577293405,0.04130745202543014,0.3989181490618463,0.497,139,0.8021454112038141,0.7080745341614907,0.75,0.056666666666666664,0.0
463,0,Exact no shift,Frozen causal latent SCM,0.794,0.34508867418808675,0.23741007194244604,0.14022050095402494,0.02623037146319835,0.39462037994206045,0.528,139,0.8057210965435042,0.7329192546583851,0.7692307692307693,0.056666666666666664,0.0
463,0,Exact no shift,Modular causal latent SCM,0.793,0.34273865218580407,0.22302158273381295,0.14057863690544176,0.027052424432430396,0.3954398809849704,0.519,139,0.8069129916567342,0.7204968944099379,0.75,0.056666666666666664,0.0
463,0,Exact no shift,Target oracle (reference),0.796,0.3498134019060324,0.23741007194244604,0.13922749438799228,0.021415131099447156,0.40374412883547317,0.528,139,0.8104886769964244,0.7204968944099379,0.7692307692307693,0.056666666666666664,0.0
464,0,Exact no shift,Pooled associative latent class model,0.792,0.3403962036706707,0.3717948717948718,0.1423916487732479,0.024465088869771813,0.406810803780524,0.487,156,0.7959905660377359,0.7697368421052632,0.7755102040816326,0.055,0.001
464,0,Exact no shift,Target-calibrated associative latent model,0.806,0.3739189996944662,0.1282051282051282,0.13046582246739621,0.01855935009848155,0.3930371184993272,0.473,156,0.8125,0.7697368421052632,0.7142857142857143,0.055,0.001
464,0,Exact no shift,Frozen causal latent SCM,0.815,0.39629680587451394,0.17307692307692307,0.12999981622980863,0.029941457358237257,0.39319510803584945,0.478,156,0.8207547169811321,0.7828947368421053,0.7346938775510204,0.055,0.001
464,0,Exact no shift,Modular causal latent SCM,0.814,0.3937805571514284,0.1282051282051282,0.13102889292716366,0.024874369652004423,0.3905513999780772,0.461,156,0.8219339622641509,0.7697368421052632,0.7346938775510204,0.055,0.001
464,0,Exact no shift,Target oracle (reference),0.817,0.4013578626636011,0.16025641025641027,0.13046031893712332,0.03090436567210505,0.40442649993842317,0.478,156,0.8207547169811321,0.7960526315789473,0.7346938775510204,0.055,0.001
465,0,Exact no shift,Pooled associative latent class model,0.812,0.3887649372725205,0.3333333333333333,0.1346169205472292,0.03079906485798183,0.4339573614166104,0.524,150,0.8088410991636799,0.8282208588957055,0.8245614035087719,0.056666666666666664,0.0
465,0,Exact no shift,Target-calibrated associative latent model,0.821,0.41157559544283895,0.22,0.12787209144488393,0.032938396698458904,0.4137953673472596,0.517,150,0.8231780167264038,0.8098159509202454,0.8070175438596491,0.056666666666666664,0.0
465,0,Exact no shift,Frozen causal latent SCM,0.819,0.4064511035581721,0.24666666666666667,0.1269001179016077,0.03341444433857087,0.41653582473845935,0.539,150,0.8219832735961768,0.803680981595092,0.8245614035087719,0.056666666666666664,0.0
465,0,Exact no shift,Modular causal latent SCM,0.818,0.40390023534007263,0.2,0.12612993512161302,0.029799853925477557,0.41785808502137506,0.53,150,0.8219832735961768,0.7975460122699386,0.8245614035087719,0.056666666666666664,0.0
465,0,Exact no shift,Target oracle (reference),0.815,0.39629622887511384,0.20666666666666667,0.12586298535450222,0.04740047113581842,0.39721161652348647,0.511,150,0.8207885304659498,0.7852760736196319,0.8070175438596491,0.056666666666666664,0.0
466,0,Exact no shift,Pooled associative latent class model,0.798,0.3545702381965649,0.32413793103448274,0.13579108202733953,0.03467467303993535,0.3970856309963527,0.511,145,0.8103864734299517,0.7383720930232558,0.639344262295082,0.06166666666666667,0.0
466,0,Exact no shift,Target-calibrated associative latent model,0.808,0.3788360225987549,0.08275862068965517,0.13683338356172212,0.034765978483663314,0.3676399958640976,0.473,145,0.8176328502415459,0.7616279069767442,0.7377049180327869,0.06166666666666667,0.0
466,0,Exact no shift,Frozen causal latent SCM,0.812,0.3887650356089532,0.20689655172413793,0.12862915512496745,0.02499335855491539,0.3694096522214891,0.519,145,0.8248792270531401,0.75,0.6885245901639344,0.06166666666666667,0.0
466,0,Exact no shift,Modular causal latent SCM,0.812,0.38876427431656946,0.12413793103448276,0.13009717718467562,0.02333375076091167,0.36998555178798626,0.493,145,0.821256038647343,0.7674418604651163,0.7377049180327869,0.06166666666666667,0.0
466,0,Exact no shift,Target oracle (reference),0.814,0.3937772332712211,0.1793103448275862,0.12764815398194673,0.022729923330037306,0.3917387349689611,0.505,145,0.8236714975845411,0.7674418604651163,0.7213114754098361,0.06166666666666667,0.0
467,0,Exact no shift,Pooled associative latent class model,0.813,0.3912667847118781,0.3087248322147651,0.125473527111448,0.036592437457044456,0.4133968523716991,0.498,149,0.8207547169811321,0.7697368421052632,0.7804878048780488,0.05366666666666667,0.001
467,0,Exact no shift,Target-calibrated associative latent model,0.823,0.4167333454636748,0.20134228187919462,0.11926518496863568,0.020703483325229786,0.38658767406161043,0.524,149,0.8325471698113207,0.7697368421052632,0.8536585365853658,0.05366666666666667,0.001
467,0,Exact no shift,Frozen causal latent SCM,0.822,0.4141503597033081,0.20134228187919462,0.11851282300398686,0.02999204046266735,0.38649624618564543,0.519,149,0.8313679245283019,0.7697368421052632,0.8536585365853658,0.05366666666666667,0.001
467,0,Exact no shift,Modular causal latent SCM,0.823,0.4167359016279501,0.2684563758389262,0.11947733336267503,0.02699303312971162,0.38638715656676714,0.544,149,0.8301886792452831,0.7828947368421053,0.8536585365853658,0.05366666666666667,0.001
467,0,Exact no shift,Target oracle (reference),0.827,0.4271429474673094,0.18791946308724833,0.1189829610217303,0.0240360896611296,0.3911315003529187,0.488,149,0.8349056603773585,0.7828947368421053,0.8536585365853658,0.05366666666666667,0.001
468,0,Exact no shift,Pooled associative latent class model,0.811,0.38627006063312425,0.2595419847328244,0.12995751273513673,0.02587196959526241,0.414339363774557,0.488,131,0.8229665071770335,0.75,0.72,0.059333333333333335,0.0
468,0,Exact no shift,Target-calibrated associative latent model,0.811,0.3862755427951673,0.33587786259541985,0.12658311063990568,0.04283934192964884,0.3928397309005282,0.554,131,0.8277511961722488,0.725609756097561,0.66,0.059333333333333335,0.0
468,0,Exact no shift,Frozen causal latent SCM,0.817,0.40135715287364243,0.19083969465648856,0.12262250084541916,0.04099126484828902,0.3951253764388473,0.512,131,0.8349282296650717,0.725609756097561,0.68,0.059333333333333335,0.0
468,0,Exact no shift,Modular causal latent SCM,0.824,0.4193248932531222,0.21374045801526717,0.12265024125199937,0.032684578091416644,0.39524127048794283,0.533,131,0.8421052631578947,0.7317073170731707,0.68,0.059333333333333335,0.0
468,0,Exact no shift,Target oracle (reference),0.818,0.40389946769758234,0.183206106870229,0.12264171990499526,0.03943678807546157,0.3915610116466479,0.505,131,0.833732057416268,0.7378048780487805,0.68,0.059333333333333335,0.0
469,0,Exact no shift,Pooled associative latent class model,0.786,0.32651274858063645,0.3105590062111801,0.14626771445883202,0.04184661589174214,0.39877538425723835,0.447,161,0.7976190476190477,0.725,0.68,0.057666666666666665,0.0
469,0,Exact no shift,Target-calibrated associative latent model,0.807,0.37637735285029456,0.09937888198757763,0.14015360257907553,0.060264975872943834,0.3580358736043386,0.42,161,0.8130952380952381,0.775,0.74,0.057666666666666665,0.0
469,0,Exact no shift,Frozen causal latent SCM,0.805,0.3714734744310933,0.18012422360248448,0.13620113404463885,0.040734476998532616,0.36340895191495814,0.448,161,0.8142857142857143,0.75625,0.72,0.057666666666666665,0.0
469,0,Exact no shift,Modular causal latent SCM,0.808,0.3788382541737074,0.12422360248447205,0.13652941477530134,0.04695153350648025,0.3605258990107566,0.433,161,0.8154761904761905,0.76875,0.74,0.057666666666666665,0.0
469,0,Exact no shift,Target oracle (reference),0.818,0.4038998371983488,0.19254658385093168,0.13165198068007003,0.02542748685859736,0.3864266894500904,0.487,161,0.8273809523809523,0.76875,0.74,0.057666666666666665,0.0
470,0,Exact no shift,Pooled associative latent class model,0.794,0.34508902372930167,0.3310810810810811,0.1434871913898845,0.035530823356255244,0.39916780195918333,0.485,148,0.8030480656506448,0.7414965986394558,0.7083333333333334,0.051,0.0
470,0,Exact no shift,Target-calibrated associative latent model,0.809,0.38130468785048216,0.25,0.1350039864643822,0.02804699319313252,0.37787918712653695,0.5,148,0.8194607268464243,0.7482993197278912,0.7291666666666666,0.051,0.0
470,0,Exact no shift,Frozen causal latent SCM,0.812,0.3887643523979269,0.22972972972972974,0.1347350063422287,0.03323533613693183,0.3776452376477088,0.491,148,0.8253223915592028,0.7346938775510204,0.7291666666666666,0.051,0.0
470,0,Exact no shift,Modular causal latent SCM,0.812,0.38876485992626375,0.19594594594594594,0.13481842023342644,0.030124837703340793,0.3779604889775955,0.483,148,0.8241500586166471,0.7414965986394558,0.75,0.051,0.0
470,0,Exact no shift,Target oracle (reference),0.814,0.393778685286532,0.19594594594594594,0.1338849979814223,0.03442471116504568,0.38715518120498404,0.475,148,0.8264947245017585,0.7414965986394558,0.75,0.051,0.0
471,0,Exact no shift,Pooled associative latent class model,0.813,0.3912729114279728,0.22666666666666666,0.13439533261464456,0.04686009150442068,0.4500361262110579,0.449,150,0.8173302107728337,0.7876712328767124,0.7708333333333334,0.051333333333333335,0.0
471,0,Exact no shift,Target-calibrated associative latent model,0.802,0.36420462833522516,0.05333333333333334,0.1358238329085691,0.07245213752964764,0.4169607184368151,0.4,150,0.8009367681498829,0.8082191780821918,0.8333333333333334,0.051333333333333335,0.0
471,0,Exact no shift,Frozen causal latent SCM,0.813,0.3912692815076203,0.16,0.12511558451306667,0.03974001659789562,0.43021242276712135,0.467,150,0.8149882903981265,0.8013698630136986,0.8125,0.051333333333333335,0.0
471,0,Exact no shift,Modular causal latent SCM,0.817,0.40136154806225705,0.14,0.12586020409324358,0.03932792530501613,0.42891328174679066,0.455,150,0.8173302107728337,0.815068493150685,0.8541666666666666,0.051333333333333335,0.0
471,0,Exact no shift,Target oracle (reference),0.823,0.4167328224459142,0.16666666666666666,0.12128519332448458,0.02513034987064233,0.4005979863707221,0.483,150,0.8278688524590164,0.7945205479452054,0.7708333333333334,0.051333333333333335,0.0
472,0,Exact no shift,Pooled associative latent class model,0.796,0.34981410191754175,0.3691275167785235,0.1379976606582188,0.035553804085552476,0.40274656794639807,0.519,149,0.8055555555555556,0.7352941176470589,0.7954545454545454,0.04733333333333333,0.0
472,0,Exact no shift,Target-calibrated associative latent model,0.808,0.3788417158675453,0.3221476510067114,0.13336979310284267,0.05000366397848092,0.38127931334771953,0.555,149,0.8194444444444444,0.7352941176470589,0.8181818181818182,0.04733333333333333,0.0
472,0,Exact no shift,Frozen causal latent SCM,0.811,0.38627084356898284,0.24161073825503357,0.13098847405264089,0.032491081550792084,0.3820174368077196,0.522,149,0.8206018518518519,0.75,0.8409090909090909,0.04733333333333333,0.0
472,0,Exact no shift,Modular causal latent SCM,0.812,0.38876866636192503,0.28859060402684567,0.13248153503978044,0.04068067626655037,0.3820954903691223,0.543,149,0.8229166666666666,0.7426470588235294,0.8181818181818182,0.04733333333333333,0.0
472,0,Exact no shift,Target oracle (reference),0.819,0.4064498960014612,0.18791946308724833,0.12732146550360854,0.035005508680033236,0.39027708843921954,0.496,149,0.8298611111111112,0.75,0.8636363636363636,0.04733333333333333,0.0
473,0,Exact no shift,Pooled associative latent class model,0.797,0.35218847178135637,0.27485380116959063,0.13656721695644036,0.03520298862985077,0.40245529765656,0.502,171,0.8184049079754602,0.7027027027027027,0.7307692307692307,0.06433333333333334,0.0
473,0,Exact no shift,Target-calibrated associative latent model,0.815,0.39629583863334844,0.19883040935672514,0.13143332812126549,0.034159407197336504,0.3840361951572288,0.526,171,0.8331288343558282,0.7351351351351352,0.7307692307692307,0.06433333333333334,0.0
473,0,Exact no shift,Frozen causal latent SCM,0.813,0.39126749908798614,0.1871345029239766,0.12820122349953192,0.014392588207069054,0.38500790751509634,0.506,171,0.8343558282208589,0.7189189189189189,0.7307692307692307,0.06433333333333334,0.0
473,0,Exact no shift,Modular causal latent SCM,0.813,0.3912671871049216,0.1871345029239766,0.12968789615915977,0.022125606269740923,0.3848915212403493,0.518,171,0.8306748466257668,0.7351351351351352,0.75,0.06433333333333334,0.0
473,0,Exact no shift,Target oracle (reference),0.825,0.4219221420685781,0.1871345029239766,0.12055084298699202,0.023530903198154166,0.3912546615251265,0.494,171,0.8478527607361963,0.7243243243243244,0.7307692307692307,0.06433333333333334,0.0
474,0,Exact no shift,Pooled associative latent class model,0.795,0.3474476030555376,0.3032258064516129,0.13946042184791874,0.03683600152060267,0.42865686588282936,0.507,155,0.8109090909090909,0.72,0.7222222222222222,0.06233333333333333,0.0
474,0,Exact no shift,Target-calibrated associative latent model,0.821,0.4115751630040961,0.11612903225806452,0.13344183253497505,0.03911311200009427,0.39498607887185727,0.471,155,0.8327272727272728,0.7657142857142857,0.8055555555555556,0.06233333333333333,0.0
474,0,Exact no shift,Frozen causal latent SCM,0.811,0.38627044574509034,0.16129032258064516,0.13243399950248966,0.023887642295945834,0.39539013713858073,0.497,155,0.8242424242424242,0.7485714285714286,0.7777777777777778,0.06233333333333333,0.0
474,0,Exact no shift,Modular causal latent SCM,0.814,0.3937779115498413,0.14193548387096774,0.13237582936052844,0.02944660297071416,0.3949119811174641,0.492,155,0.8266666666666667,0.7542857142857143,0.7916666666666666,0.06233333333333333,0.0
474,0,Exact no shift,Target oracle (reference),0.824,0.4193232723448452,0.14193548387096774,0.132066225410534,0.042687504751386635,0.39730608787445953,0.482,155,0.8375757575757575,0.76,0.7916666666666666,0.06233333333333333,0.0
475,0,Exact no shift,Pooled associative latent class model,0.791,0.33806166569537643,0.34306569343065696,0.14495815092751452,0.024913163329767635,0.42354911558024566,0.501,137,0.7893491124260354,0.8,0.8269230769230769,0.05533333333333333,0.001
475,0,Exact no shift,Target-calibrated associative latent model,0.791,0.3380640852757806,0.23357664233576642,0.14098416559316218,0.05007979033668391,0.39733928694006315,0.539,137,0.7964497041420119,0.7612903225806451,0.7692307692307693,0.05533333333333333,0.001
475,0,Exact no shift,Frozen causal latent SCM,0.797,0.352188485739792,0.18248175182481752,0.13696434145527656,0.031706645375105376,0.3996730727115427,0.521,137,0.8011834319526627,0.7741935483870968,0.8076923076923077,0.05533333333333333,0.001
475,0,Exact no shift,Modular causal latent SCM,0.793,0.3427396728641034,0.21897810218978103,0.13795117738345677,0.03571746679785263,0.39944494050207,0.529,137,0.8,0.7548387096774194,0.75,0.05533333333333333,0.001
475,0,Exact no shift,Target oracle (reference),0.811,0.38626990277053214,0.18248175182481752,0.1364097223980475,0.03297202084357105,0.39469811849941905,0.499,137,0.8142011834319527,0.7935483870967742,0.8461538461538461,0.05533333333333333,0.001
476,0,Exact no shift,Pooled associative latent class model,0.815,0.396294750134901,0.3586206896551724,0.12989670367232134,0.046317181892147424,0.4341628370500349,0.526,145,0.819557625145518,0.7872340425531915,0.7391304347826086,0.04933333333333333,0.0
476,0,Exact no shift,Target-calibrated associative latent model,0.821,0.4115736864813677,0.18620689655172415,0.12633919582074793,0.04876448293691026,0.40340723859122285,0.528,145,0.830034924330617,0.7659574468085106,0.6739130434782609,0.04933333333333333,0.0
476,0,Exact no shift,Frozen causal latent SCM,0.824,0.41932126011215254,0.20689655172413793,0.1244968655546543,0.04837610790397252,0.4032140482572869,0.529,145,0.8311990686845169,0.7801418439716312,0.6739130434782609,0.04933333333333333,0.0
476,0,Exact no shift,Modular causal latent SCM,0.819,0.4064481309615028,0.2,0.12682738456665263,0.05210355238098176,0.40340293742678923,0.53,145,0.8277066356228172,0.7659574468085106,0.6739130434782609,0.04933333333333333,0.0
476,0,Exact no shift,Target oracle (reference),0.834,0.4456697529857556,0.16551724137931034,0.12146152062116618,0.03606602803022603,0.39355548632664095,0.485,145,0.8370197904540163,0.8156028368794326,0.717391304347826,0.04933333333333333,0.0
477,0,Exact no shift,Pooled associative latent class model,0.814,0.393780853616447,0.34838709677419355,0.12915069045029404,0.03942983526442117,0.3975872670480186,0.539,155,0.8191489361702128,0.7857142857142857,0.7727272727272727,0.052333333333333336,0.0
477,0,Exact no shift,Target-calibrated associative latent model,0.822,0.4141527671447277,0.23225806451612904,0.12238531936430917,0.03507314972962429,0.3772370838401491,0.537,155,0.8250591016548463,0.8051948051948052,0.7954545454545454,0.052333333333333336,0.0
477,0,Exact no shift,Frozen causal latent SCM,0.822,0.41415770639518334,0.2129032258064516,0.12560872420938152,0.05555363878330444,0.376797801875461,0.559,155,0.8286052009456265,0.7857142857142857,0.7954545454545454,0.052333333333333336,0.0
477,0,Exact no shift,Modular causal latent SCM,0.822,0.41415564838428165,0.2,0.12467493127627526,0.04916020713343899,0.3770577876888093,0.551,155,0.8286052009456265,0.7857142857142857,0.7954545454545454,0.052333333333333336,0.0
477,0,Exact no shift,Target oracle (reference),0.828,0.429765308216307,0.18064516129032257,0.1218443474828601,0.02766766460483051,0.3950871243721021,0.507,155,0.8321513002364066,0.8051948051948052,0.8181818181818182,0.052333333333333336,0.0
478,0,Exact no shift,Pooled associative latent class model,0.821,0.41157461339844137,0.2152777777777778,0.1290437182399267,0.04661364739962971,0.4051091801630862,0.479,144,0.832541567695962,0.759493670886076,0.7755102040816326,0.05533333333333333,0.001
478,0,Exact no shift,Target-calibrated associative latent model,0.835,0.44834895758274723,0.09027777777777778,0.11462024436970121,0.027779827554926875,0.3881868488864253,0.511,144,0.8479809976247031,0.7658227848101266,0.8367346938775511,0.05533333333333333,0.001
478,0,Exact no shift,Frozen causal latent SCM,0.834,0.4456705523656679,0.1111111111111111,0.11486702094594396,0.028372796783071193,0.39111500674427807,0.508,144,0.8456057007125891,0.7721518987341772,0.8571428571428571,0.05533333333333333,0.001
478,0,Exact no shift,Modular causal latent SCM,0.838,0.45643268372367773,0.1111111111111111,0.11449316216560286,0.029475391774935307,0.3913184807199584,0.514,144,0.850356294536817,0.7721518987341772,0.8571428571428571,0.05533333333333333,0.001
478,0,Exact no shift,Target oracle (reference),0.832,0.4403373616821251,0.09722222222222222,0.11540751988472527,0.028955299705940143,0.3796929051221426,0.506,144,0.8420427553444181,0.7784810126582279,0.8571428571428571,0.05533333333333333,0.001
479,0,Exact no shift,Pooled associative latent class model,0.804,0.36903874809477416,0.19594594594594594,0.1348588686826336,0.06451146339280167,0.38873090807989596,0.415,148,0.8110979929161747,0.7647058823529411,0.7551020408163265,0.055,0.0
479,0,Exact no shift,Target-calibrated associative latent model,0.8,0.3593628859052263,0.19594594594594594,0.13414913194887726,0.06319351716252458,0.3670640651983732,0.433,148,0.807556080283353,0.7581699346405228,0.7959183673469388,0.055,0.0
479,0,Exact no shift,Frozen causal latent SCM,0.819,0.40645203363041693,0.13513513513513514,0.1255431791276482,0.041857893933617545,0.37472737009544177,0.452,148,0.8229043683589138,0.7973856209150327,0.8163265306122449,0.055,0.0
479,0,Exact no shift,Modular causal latent SCM,0.817,0.40135926507830666,0.16216216216216217,0.1273477889373302,0.04308172330172481,0.3730302079048189,0.448,148,0.8217237308146399,0.7908496732026143,0.8163265306122449,0.055,0.0
479,0,Exact no shift,Target oracle (reference),0.826,0.42452846799682614,0.17567567567567569,0.11929987730726256,0.028107029740698303,0.3926891018816725,0.487,148,0.8299881936245572,0.803921568627451,0.7959183673469388,0.055,0.0
480,0,Exact no shift,Pooled associative latent class model,0.794,0.3450943943074056,0.29285714285714287,0.14455048785409888,0.0534098813872288,0.3901772371067334,0.452,140,0.7914691943127962,0.8076923076923077,0.8780487804878049,0.05533333333333333,0.0
480,0,Exact no shift,Target-calibrated associative latent model,0.808,0.37883775988613744,0.2642857142857143,0.13044084747998103,0.03577919224748352,0.3763879769016561,0.538,140,0.8045023696682464,0.8269230769230769,0.8780487804878049,0.05533333333333333,0.0
480,0,Exact no shift,Frozen causal latent SCM,0.819,0.4064498675681517,0.19285714285714287,0.12855368505370734,0.028250110249906025,0.37895578260098417,0.501,140,0.8187203791469194,0.8205128205128205,0.8536585365853658,0.05533333333333333,0.0
480,0,Exact no shift,Modular causal latent SCM,0.814,0.3937773330756286,0.2357142857142857,0.12934397406568854,0.025610303180127726,0.37819557921348085,0.508,140,0.8116113744075829,0.8269230769230769,0.8536585365853658,0.05533333333333333,0.0
480,0,Exact no shift,Target oracle (reference),0.814,0.3937772661311626,0.2,0.12792784926293416,0.030147851132795233,0.38882336512700966,0.506,140,0.8139810426540285,0.8141025641025641,0.8536585365853658,0.05533333333333333,0.0
481,0,Exact no shift,Pooled associative latent class model,0.807,0.376378248658017,0.4,0.1411577799382769,0.047460908296337624,0.40793590991154516,0.551,145,0.8083333333333333,0.8,0.7843137254901961,0.05533333333333333,0.0
481,0,Exact no shift,Target-calibrated associative latent model,0.819,0.40645990664085946,0.32413793103448274,0.13512323186108183,0.053085838352973154,0.3846213583511125,0.565,145,0.8166666666666667,0.83125,0.8627450980392157,0.05533333333333333,0.0
481,0,Exact no shift,Frozen causal latent SCM,0.818,0.4039090885305546,0.27586206896551724,0.13187548126429638,0.055571235387467395,0.38701954338235295,0.564,145,0.8166666666666667,0.825,0.8627450980392157,0.05533333333333333,0.0
481,0,Exact no shift,Modular causal latent SCM,0.816,0.39883336190194213,0.30344827586206896,0.13288240532154952,0.057557645214192946,0.3860956435138943,0.568,145,0.8142857142857143,0.825,0.8627450980392157,0.05533333333333333,0.0
481,0,Exact no shift,Target oracle (reference),0.817,0.40135681749931684,0.20689655172413793,0.12852632834148925,0.021151004902447135,0.3942513403017064,0.505,145,0.8178571428571428,0.8125,0.8431372549019608,0.05533333333333333,0.0
482,0,Exact no shift,Pooled associative latent class model,0.792,0.34040849268447976,0.1780821917808219,0.14609412626545662,0.05454094160743118,0.43974434992323175,0.43,146,0.8026634382566586,0.7413793103448276,0.7636363636363637,0.06266666666666666,0.0
482,0,Exact no shift,Target-calibrated associative latent model,0.788,0.33111658807360206,0.14383561643835616,0.14147239433681708,0.051161928191221,0.4122102258644483,0.438,146,0.8002421307506054,0.7298850574712644,0.7090909090909091,0.06266666666666666,0.0
482,0,Exact no shift,Frozen causal latent SCM,0.786,0.3265181761134389,0.136986301369863,0.14136996571047694,0.05258730797739664,0.4119334215523007,0.444,146,0.7990314769975787,0.7241379310344828,0.7272727272727273,0.06266666666666666,0.0
482,0,Exact no shift,Modular causal latent SCM,0.78,0.3129270739921965,0.11643835616438356,0.14536136860621382,0.07105711967435117,0.40767245690814735,0.426,146,0.7929782082324455,0.7183908045977011,0.7090909090909091,0.06266666666666666,0.0
482,0,Exact no shift,Target oracle (reference),0.805,0.37147091373118984,0.13013698630136986,0.13744858815852923,0.03274036444548627,0.4086863227429411,0.505,146,0.8208232445520581,0.7298850574712644,0.7454545454545455,0.06266666666666666,0.0
483,0,Exact no shift,Pooled associative latent class model,0.819,0.4064499799310936,0.32432432432432434,0.1275689339643525,0.0346733643854326,0.43889622518843174,0.498,148,0.8293838862559242,0.7628205128205128,0.7954545454545454,0.05466666666666667,0.0
483,0,Exact no shift,Target-calibrated associative latent model,0.832,0.44033619025413423,0.17567567567567569,0.11809730628502106,0.028849068109756057,0.40630040025616415,0.487,148,0.8518957345971564,0.7243589743589743,0.6818181818181818,0.05466666666666667,0.0
483,0,Exact no shift,Frozen causal latent SCM,0.834,0.44566931062370985,0.19594594594594594,0.11816830755163378,0.02388280198010867,0.40380180143657385,0.493,148,0.8542654028436019,0.7243589743589743,0.6818181818181818,0.05466666666666667,0.0
483,0,Exact no shift,Modular causal latent SCM,0.837,0.45372929668966355,0.20945945945945946,0.11821597534272485,0.028004727937433513,0.4033978785903358,0.498,148,0.8566350710900474,0.7307692307692307,0.7045454545454546,0.05466666666666667,0.0
483,0,Exact no shift,Target oracle (reference),0.839,0.4591427701666369,0.19594594594594594,0.11657289264488767,0.030647689065082192,0.3920200267268672,0.494,148,0.8578199052132701,0.7371794871794872,0.7045454545454546,0.05466666666666667,0.0
484,0,Exact no shift,Pooled associative latent class model,0.798,0.3545468927459436,0.37142857142857144,0.1364296516592849,0.024221230984664874,0.409649688809645,0.541,140,0.7969303423848878,0.803921568627451,0.8378378378378378,0.05333333333333334,0.001
484,0,Exact no shift,Target-calibrated associative latent model,0.818,0.4039024824067836,0.12857142857142856,0.13211631680243036,0.0579213783315962,0.38108366238734925,0.491,140,0.820543093270366,0.803921568627451,0.8108108108108109,0.05333333333333334,0.001
484,0,Exact no shift,Frozen causal latent SCM,0.823,0.4167148792604059,0.2571428571428571,0.12655328741248406,0.033430792209299155,0.3784526208108072,0.538,140,0.8252656434474617,0.8104575163398693,0.8378378378378378,0.05333333333333334,0.001
484,0,Exact no shift,Modular causal latent SCM,0.822,0.4141459599853678,0.2,0.12724128845093494,0.042067996045711625,0.3804315082627504,0.523,140,0.8252656434474617,0.803921568627451,0.8108108108108109,0.05333333333333334,0.001
484,0,Exact no shift,Target oracle (reference),0.822,0.4141472816208743,0.22857142857142856,0.12853936930569002,0.03389789133548308,0.387359185732997,0.521,140,0.8240850059031877,0.8104575163398693,0.8378378378378378,0.05333333333333334,0.001
485,0,Exact no shift,Pooled associative latent class model,0.805,0.37147355121428327,0.38666666666666666,0.13477060594143792,0.030114001406106823,0.4111028598615215,0.533,150,0.8118466898954704,0.762589928057554,0.8043478260869565,0.047,0.0
485,0,Exact no shift,Target-calibrated associative latent model,0.814,0.39377813640806797,0.20666666666666667,0.12635465685660105,0.026478011126620522,0.38369411514011054,0.52,150,0.8257839721254355,0.7410071942446043,0.7608695652173914,0.047,0.0
485,0,Exact no shift,Frozen causal latent SCM,0.808,0.3788370543486458,0.26,0.12606029331192356,0.04035476142238023,0.3856443442740797,0.534,150,0.8176538908246226,0.7482014388489209,0.7608695652173914,0.047,0.0
485,0,Exact no shift,Modular causal latent SCM,0.812,0.38876633167723984,0.22666666666666666,0.12611264826698926,0.037108821171937145,0.3858690075264807,0.53,150,0.8234610917537747,0.7410071942446043,0.7608695652173914,0.047,0.0
485,0,Exact no shift,Target oracle (reference),0.812,0.3887642006743071,0.22666666666666666,0.125691925980435,0.023181977842126406,0.390944760190976,0.504,150,0.8234610917537747,0.7410071942446043,0.782608695652174,0.047,0.0
486,0,Exact no shift,Pooled associative latent class model,0.804,0.3690324008016032,0.358974358974359,0.13352337137467282,0.01760354326460058,0.40864142787095176,0.5,156,0.8070588235294117,0.7866666666666666,0.7708333333333334,0.05433333333333333,0.0
486,0,Exact no shift,Target-calibrated associative latent model,0.806,0.3739240757887738,0.3269230769230769,0.1280727444616259,0.03947475072690448,0.39278980819873843,0.552,156,0.8117647058823529,0.7733333333333333,0.75,0.05433333333333333,0.0
486,0,Exact no shift,Frozen causal latent SCM,0.818,0.4038995415232299,0.20512820512820512,0.12348906001500187,0.020439749623354778,0.39539200248378054,0.51,156,0.8235294117647058,0.7866666666666666,0.75,0.05433333333333333,0.0
486,0,Exact no shift,Modular causal latent SCM,0.814,0.39377907525933864,0.2692307692307692,0.12552808283830658,0.030733369042903372,0.394564290308492,0.528,156,0.8188235294117647,0.7866666666666666,0.75,0.05433333333333333,0.0
486,0,Exact no shift,Target oracle (reference),0.818,0.4038995415232299,0.1858974358974359,0.12285657230368083,0.028983243180442674,0.39800144287361844,0.49,156,0.82,0.8066666666666666,0.75,0.05433333333333333,0.0
487,0,Exact no shift,Pooled associative latent class model,0.821,0.4115791053049844,0.3392857142857143,0.13321025428770122,0.056422870471682506,0.3961853191535776,0.543,168,0.8309692671394799,0.7662337662337663,0.7307692307692307,0.054,0.0
487,0,Exact no shift,Target-calibrated associative latent model,0.828,0.42976770390454844,0.08333333333333333,0.12325041039901023,0.04165049516480214,0.3659452644088574,0.534,168,0.8368794326241135,0.7792207792207793,0.75,0.054,0.0
487,0,Exact no shift,Frozen causal latent SCM,0.83,0.4350426522918449,0.22023809523809523,0.1229791290817319,0.06358134720527865,0.36891619960671806,0.562,168,0.8404255319148937,0.7727272727272727,0.75,0.054,0.0
487,0,Exact no shift,Modular causal latent SCM,0.836,0.4510392650955946,0.15476190476190477,0.1202502193026467,0.04990985482240714,0.3688145771119299,0.548,168,0.8475177304964538,0.7727272727272727,0.7307692307692307,0.054,0.0
487,0,Exact no shift,Target oracle (reference),0.84,0.4618613652304978,0.13690476190476192,0.11583836810401743,0.028589966422307756,0.38584720628417163,0.502,168,0.8486997635933806,0.7922077922077922,0.7692307692307693,0.054,0.0
488,0,Exact no shift,Pooled associative latent class model,0.81,0.38378590582047456,0.2465753424657534,0.13375112705960346,0.04560835776784031,0.40704545077645143,0.461,146,0.8247914183551848,0.7329192546583851,0.6551724137931034,0.056,0.0
488,0,Exact no shift,Target-calibrated associative latent model,0.802,0.3641940148866292,0.0547945205479452,0.14030142282437014,0.08630259530838348,0.38193700786970614,0.409,146,0.8152562574493445,0.7329192546583851,0.6551724137931034,0.056,0.0
488,0,Exact no shift,Frozen causal latent SCM,0.814,0.3937819809272804,0.1095890410958904,0.12909228043871498,0.05423832049825804,0.39018593523548395,0.447,146,0.8271752085816448,0.7453416149068323,0.6896551724137931,0.056,0.0
488,0,Exact no shift,Modular causal latent SCM,0.807,0.37637976288714736,0.0821917808219178,0.13336334236884914,0.06941218487909792,0.3871548333749764,0.432,146,0.8200238379022646,0.7391304347826086,0.6724137931034483,0.056,0.0
488,0,Exact no shift,Target oracle (reference),0.819,0.4064505694552078,0.14383561643835616,0.1257597945174294,0.031355345107773804,0.3968034481503564,0.482,146,0.833134684147795,0.7453416149068323,0.7241379310344828,0.056,0.0
489,0,Exact no shift,Pooled associative latent class model,0.788,0.33110764410782934,0.296969696969697,0.14405933074898483,0.02523314660602562,0.44874764487617474,0.522,165,0.8004778972520908,0.7239263803680982,0.8035714285714286,0.058666666666666666,0.001
489,0,Exact no shift,Target-calibrated associative latent model,0.792,0.3404082226562655,0.36363636363636365,0.13504879926685737,0.054419625028567356,0.4241271112824241,0.574,165,0.8064516129032258,0.7177914110429447,0.75,0.058666666666666666,0.001
489,0,Exact no shift,Frozen causal latent SCM,0.816,0.3988246914906661,0.19393939393939394,0.1292410296535061,0.03514775780925303,0.4262870471371623,0.534,165,0.8255675029868578,0.7668711656441718,0.8214285714285714,0.058666666666666666,0.001
489,0,Exact no shift,Modular causal latent SCM,0.815,0.3962968741666404,0.18181818181818182,0.12976945719729802,0.028210718689816297,0.4268319485487648,0.523,165,0.8255675029868578,0.7607361963190185,0.8214285714285714,0.058666666666666666,0.001
489,0,Exact no shift,Target oracle (reference),0.815,0.39629652620183453,0.18787878787878787,0.12752778354369718,0.027798825746950192,0.4091158195817162,0.519,165,0.8243727598566308,0.7668711656441718,0.8035714285714286,0.058666666666666666,0.001
490,0,Exact no shift,Pooled associative latent class model,0.772,0.29523258889155185,0.39072847682119205,0.15099105714872427,0.047457605979283064,0.40070328723512555,0.509,151,0.7760663507109005,0.75,0.6909090909090909,0.05433333333333333,0.0
490,0,Exact no shift,Target-calibrated associative latent model,0.799,0.35696135677340074,0.1456953642384106,0.1409645909593611,0.05595281456842271,0.38099873853248084,0.486,151,0.8056872037914692,0.7628205128205128,0.6727272727272727,0.05433333333333333,0.0
490,0,Exact no shift,Frozen causal latent SCM,0.796,0.3498154813595316,0.23178807947019867,0.1388789860235867,0.040387841491051985,0.38100169817846596,0.505,151,0.806872037914692,0.7371794871794872,0.6363636363636364,0.05433333333333333,0.0
490,0,Exact no shift,Modular causal latent SCM,0.795,0.3474488309696187,0.2052980132450331,0.13934733244317987,0.04200486716322598,0.3814705657765626,0.492,151,0.8056872037914692,0.7371794871794872,0.6363636363636364,0.05433333333333333,0.0
490,0,Exact no shift,Target oracle (reference),0.799,0.35696135677340074,0.23841059602649006,0.13606239025310857,0.028852004229076245,0.3948973773104613,0.514,151,0.806872037914692,0.7564102564102564,0.6909090909090909,0.05433333333333333,0.0
491,0,Exact no shift,Pooled associative latent class model,0.815,0.3962965884545796,0.2980132450331126,0.1337440697168775,0.036167352982267136,0.4363588726355285,0.522,151,0.8262967430639324,0.7602339181286549,0.7636363636363637,0.06133333333333333,0.0
491,0,Exact no shift,Target-calibrated associative latent model,0.819,0.40645173445464144,0.31125827814569534,0.13087564316776584,0.021703577193520743,0.4009902177171798,0.536,151,0.8323281061519904,0.7543859649122807,0.7454545454545455,0.06133333333333333,0.0
491,0,Exact no shift,Frozen causal latent SCM,0.835,0.4483490899256223,0.1986754966887417,0.1257652071553455,0.03414868435265721,0.40249369069969265,0.53,151,0.8492159227985525,0.7660818713450293,0.8,0.06133333333333333,0.0
491,0,Exact no shift,Modular causal latent SCM,0.828,0.42976726467871756,0.25165562913907286,0.12594840755731734,0.02273199261345266,0.403067923007146,0.539,151,0.8407720144752714,0.7660818713450293,0.7818181818181819,0.06133333333333333,0.0
491,0,Exact no shift,Target oracle (reference),0.835,0.44834872027812267,0.1986754966887417,0.1256867595117609,0.03856878956889466,0.3948026926733096,0.524,151,0.8492159227985525,0.7660818713450293,0.8181818181818182,0.06133333333333333,0.0
492,0,Exact no shift,Pooled associative latent class model,0.795,0.34744679620261804,0.2732919254658385,0.14609380151244436,0.03369171998260683,0.3978445183725833,0.5,161,0.7892271662763466,0.8287671232876712,0.8461538461538461,0.053,0.0
492,0,Exact no shift,Target-calibrated associative latent model,0.81,0.38378328933890604,0.15527950310559005,0.13681303979541862,0.03845581598709217,0.3603580617932588,0.507,161,0.8079625292740047,0.821917808219178,0.8205128205128205,0.053,0.0
492,0,Exact no shift,Frozen causal latent SCM,0.811,0.38626990277053214,0.15527950310559005,0.13689577314126603,0.04205897282212291,0.360130706907711,0.51,161,0.8079625292740047,0.8287671232876712,0.8205128205128205,0.053,0.0
492,0,Exact no shift,Modular causal latent SCM,0.811,0.38626990277053214,0.16149068322981366,0.13728092027696576,0.03802534636124056,0.36027451558513857,0.51,161,0.8079625292740047,0.8287671232876712,0.8205128205128205,0.053,0.0
492,0,Exact no shift,Target oracle (reference),0.812,0.3887643523979269,0.14906832298136646,0.134456424177996,0.026927917717078732,0.39918572077153625,0.491,161,0.8114754098360656,0.815068493150685,0.8205128205128205,0.053,0.0
493,0,Exact no shift,Pooled associative latent class model,0.786,0.32651155007330807,0.3150684931506849,0.1417896440401376,0.04303398900963993,0.416533851336308,0.493,146,0.7897196261682243,0.7638888888888888,0.75,0.050666666666666665,0.0
493,0,Exact no shift,Target-calibrated associative latent model,0.801,0.36176257995379596,0.3082191780821918,0.13389810574417066,0.026746693052910633,0.37912031286887315,0.53,146,0.7990654205607477,0.8125,0.7884615384615384,0.050666666666666665,0.0
493,0,Exact no shift,Frozen causal latent SCM,0.805,0.37147265883526315,0.1780821917808219,0.12946919981248248,0.03667325464370757,0.3838875474934233,0.498,146,0.8037383177570093,0.8125,0.7884615384615384,0.050666666666666665,0.0
493,0,Exact no shift,Modular causal latent SCM,0.809,0.38130632205481396,0.21232876712328766,0.13129282818920043,0.03753968456837799,0.3831910094097975,0.506,146,0.8084112149532711,0.8125,0.8076923076923077,0.050666666666666665,0.0
493,0,Exact no shift,Target oracle (reference),0.81,0.3837847349425823,0.1780821917808219,0.12840940075628074,0.028282766001556523,0.40149445747546525,0.507,146,0.8095794392523364,0.8125,0.7884615384615384,0.050666666666666665,0.0
494,0,Exact no shift,Pooled associative latent class model,0.818,0.4038996506991443,0.3208955223880597,0.13126490073295788,0.03649702603473172,0.41254784874713885,0.502,134,0.834916864608076,0.7278481012658228,0.6923076923076923,0.05633333333333333,0.001
494,0,Exact no shift,Target-calibrated associative latent model,0.827,0.42714292410302174,0.16417910447761194,0.12451954828155239,0.02849228239095033,0.40141541512273954,0.505,134,0.8408551068883611,0.7531645569620253,0.75,0.05633333333333333,0.001
494,0,Exact no shift,Frozen causal latent SCM,0.823,0.4167331044335082,0.23134328358208955,0.12289735012474563,0.02730498466071957,0.4014018813883909,0.525,134,0.838479809976247,0.740506329113924,0.7307692307692307,0.05633333333333333,0.001
494,0,Exact no shift,Modular causal latent SCM,0.821,0.4115753505829691,0.19402985074626866,0.12416070471316283,0.030984461541910466,0.40154286184709836,0.505,134,0.834916864608076,0.7468354430379747,0.7307692307692307,0.05633333333333333,0.001
494,0,Exact no shift,Target oracle (reference),0.827,0.4271431811100805,0.20149253731343283,0.12294683159209802,0.028041134919332064,0.39924358062883325,0.517,134,0.8420427553444181,0.7468354430379747,0.7307692307692307,0.05633333333333333,0.001
495,0,Exact no shift,Pooled associative latent class model,0.818,0.40390029933169347,0.28368794326241137,0.13113936491321374,0.031886483820069665,0.4263826728926811,0.532,141,0.8410438908659549,0.6942675159235668,0.7045454545454546,0.05433333333333333,0.0
495,0,Exact no shift,Target-calibrated associative latent model,0.832,0.44033640901402044,0.14184397163120568,0.12791028845147004,0.04716951096027459,0.39942953724900526,0.52,141,0.8481613285883749,0.7452229299363057,0.75,0.05433333333333333,0.0
495,0,Exact no shift,Frozen causal latent SCM,0.837,0.45372961197190564,0.12056737588652482,0.12777687176333988,0.04414287482748039,0.40023579391555825,0.499,141,0.8529062870699882,0.7515923566878981,0.7272727272727273,0.05433333333333333,0.0
495,0,Exact no shift,Modular causal latent SCM,0.834,0.4456697051823212,0.1347517730496454,0.12735591629066653,0.04577504656086184,0.4008307160359844,0.518,141,0.8493475682087782,0.7515923566878981,0.75,0.05433333333333333,0.0
495,0,Exact no shift,Target oracle (reference),0.831,0.4376815721480215,0.12056737588652482,0.12342659912147652,0.033132478036024385,0.3874967560579899,0.505,141,0.8481613285883749,0.7388535031847133,0.7272727272727273,0.05433333333333333,0.0
496,0,Exact no shift,Pooled associative latent class model,0.814,0.39377855720040084,0.3333333333333333,0.12482031137113762,0.02996235794208021,0.4108994896635203,0.524,147,0.8325471698113207,0.7105263157894737,0.7301587301587301,0.05333333333333334,0.0
496,0,Exact no shift,Target-calibrated associative latent model,0.827,0.4271425805816488,0.19047619047619047,0.11479736920457176,0.023170380980598627,0.38560018719941674,0.499,147,0.839622641509434,0.756578947368421,0.8095238095238095,0.05333333333333334,0.0
496,0,Exact no shift,Frozen causal latent SCM,0.829,0.43239585690228,0.16326530612244897,0.11425288912592071,0.033868309257576196,0.3839889229900169,0.497,147,0.839622641509434,0.7697368421052632,0.8253968253968254,0.05333333333333334,0.0
496,0,Exact no shift,Modular causal latent SCM,0.831,0.437681182694662,0.17006802721088435,0.11429450876095422,0.03559785683224428,0.38358693834979274,0.505,147,0.8431603773584906,0.7631578947368421,0.8253968253968254,0.05333333333333334,0.0
496,0,Exact no shift,Target oracle (reference),0.832,0.4403357933526859,0.16326530612244897,0.11395096487360155,0.03128222041576304,0.38919607012455903,0.502,147,0.8443396226415094,0.7631578947368421,0.8253968253968254,0.05333333333333334,0.0
497,0,Exact no shift,Pooled associative latent class model,0.819,0.40645048978882664,0.26490066225165565,0.12689470172228465,0.021269491707681026,0.41549559615314174,0.512,151,0.8261390887290168,0.7831325301204819,0.8103448275862069,0.06,0.0
497,0,Exact no shift,Target-calibrated associative latent model,0.83,0.435034995824918,0.17218543046357615,0.12042812251334915,0.020265566005785884,0.3918014843561109,0.519,151,0.8393285371702638,0.7831325301204819,0.7931034482758621,0.06,0.0
497,0,Exact no shift,Frozen causal latent SCM,0.833,0.4429990178052979,0.08609271523178808,0.11952257564200282,0.037497481975257874,0.3923910558878911,0.486,151,0.842925659472422,0.7831325301204819,0.7931034482758621,0.06,0.0
497,0,Exact no shift,Modular causal latent SCM,0.831,0.4376817695790325,0.12582781456953643,0.11890139004715905,0.02795682374970791,0.39353380454938824,0.5,151,0.841726618705036,0.7771084337349398,0.7931034482758621,0.06,0.0
497,0,Exact no shift,Target oracle (reference),0.836,0.45103512050185035,0.12582781456953643,0.1178638973830013,0.022093207569171304,0.39277509097046104,0.499,151,0.8477218225419664,0.7771084337349398,0.7931034482758621,0.06,0.0
498,0,Exact no shift,Pooled associative latent class model,0.81,0.38378396910779083,0.2550335570469799,0.12997264220151217,0.030386541808023988,0.41930070086586463,0.481,149,0.8268551236749117,0.7152317880794702,0.7115384615384616,0.053,0.0
498,0,Exact no shift,Target-calibrated associative latent model,0.822,0.414151481901076,0.18791946308724833,0.12339174876886506,0.031770932325322264,0.39483654009385305,0.467,149,0.8315665488810365,0.7682119205298014,0.7115384615384616,0.053,0.0
498,0,Exact no shift,Frozen causal latent SCM,0.836,0.45103545001221435,0.1476510067114094,0.12020377248810797,0.03186684441919746,0.39764346435163117,0.477,149,0.8457008244994111,0.7814569536423841,0.7115384615384616,0.053,0.0
498,0,Exact no shift,Modular causal latent SCM,0.83,0.4350359396921707,0.1476510067114094,0.12156667282809668,0.02948325397990402,0.3970349859422686,0.471,149,0.8409893992932862,0.7682119205298014,0.7115384615384616,0.053,0.0
498,0,Exact no shift,Target oracle (reference),0.828,0.42976556646046027,0.19463087248322147,0.12003606370568098,0.027857412167862645,0.37949747968613046,0.511,149,0.8409893992932862,0.7549668874172185,0.75,0.053,0.0
499,0,Exact no shift,Pooled associative latent class model,0.795,0.3474501868043561,0.31125827814569534,0.1369337525477444,0.05050550320418476,0.4211150076057972,0.496,151,0.8065650644783119,0.7278911564625851,0.8,0.052,0.0
499,0,Exact no shift,Target-calibrated associative latent model,0.807,0.3763706941988398,0.18543046357615894,0.12879963146772444,0.05638134445717944,0.39988872631172145,0.48,151,0.8182883939038686,0.7414965986394558,0.8444444444444444,0.052,0.0
499,0,Exact no shift,Frozen causal latent SCM,0.82,0.409011564151465,0.16556291390728478,0.12655513699353788,0.04738564451265792,0.3998527853026516,0.497,151,0.835873388042204,0.7278911564625851,0.8444444444444444,0.052,0.0
499,0,Exact no shift,Modular causal latent SCM,0.811,0.3862726264497007,0.19205298013245034,0.12695667247909112,0.047508815421427666,0.40007431291102963,0.494,151,0.8264947245017585,0.7210884353741497,0.8222222222222222,0.052,0.0
499,0,Exact no shift,Target oracle (reference),0.824,0.4193131663178259,0.2251655629139073,0.12357248997302753,0.029373523788096885,0.3970962136280088,0.535,151,0.8405627198124267,0.7278911564625851,0.8888888888888888,0.052,0.0
