repeat,shift_index,shift,causal_renal_path_estimate,true_renal_path,causal_inflammation_path_estimate,true_inflammation_path,adjusted_irrelevant_slope_rms,target_missing_fraction,target_all_missing_rate
0,0,No shift,0.9736946536895105,1.0,1.1993561943465638,0.8,0.22851125494595956,0.057666666666666665,0.0
0,1,Kidney only,1.5953944621362752,1.8,1.1993561943465638,0.8,0.23456348619716796,0.055,0.0
0,2,Inflammation only,0.9736946536895105,1.0,0.5623877271499378,0.8,0.17964226205583836,0.05466666666666667,0.0
0,3,Assay only,0.9736946536895105,1.0,1.1993561943465638,0.8,0.22851125494595953,0.057666666666666665,0.0
0,4,Missingness only,0.9050860788557892,1.0,1.199154188464374,0.8,0.38215646155256483,0.297,0.025
0,5,Combined strong,1.420254552621348,1.8,0.4397482226730858,0.8,0.3415792324089605,0.275,0.016
1,0,No shift,0.8920502700872784,1.0,0.9773679066754843,0.8,0.18423368336150775,0.051333333333333335,0.0
1,1,Kidney only,2.185083953124299,1.8,0.9773679066754843,0.8,0.2669247579584062,0.047,0.0
1,2,Inflammation only,0.8920502700872784,1.0,0.883059354960663,0.8,0.18984811931687504,0.048666666666666664,0.0
1,3,Assay only,0.8920502700872782,1.0,0.9773679066754842,0.8,0.1842336833615078,0.051333333333333335,0.0
1,4,Missingness only,0.868491368249857,1.0,1.0396202254092608,0.8,0.15148219456959092,0.28633333333333333,0.031
1,5,Combined strong,2.1820802503873318,1.8,0.8853620382711651,0.8,0.31423244306337444,0.26166666666666666,0.025
2,0,No shift,0.9743406671497149,1.0,1.1292901699878142,0.8,0.19138141855318572,0.052,0.001
2,1,Kidney only,1.7497079568247342,1.8,1.1292901699878142,0.8,0.3489138804194159,0.046,0.0
2,2,Inflammation only,0.9743406671497149,1.0,0.8066905166104594,0.8,0.2645537222601835,0.051,0.001
2,3,Assay only,0.9743406671497149,1.0,1.1292901699878142,0.8,0.19138141855318572,0.052,0.001
2,4,Missingness only,0.854071960505269,1.0,1.0662439094441571,0.8,0.1840748995803603,0.29033333333333333,0.023
2,5,Combined strong,1.617232744479812,1.8,0.7122178284852986,0.8,0.264876929444679,0.2613333333333333,0.019
3,0,No shift,1.3144320822055542,1.0,0.9589004298530388,0.8,0.21264119284891966,0.058666666666666666,0.001
3,1,Kidney only,1.640204503095747,1.8,0.9589004298530388,0.8,0.19019464533507693,0.05333333333333334,0.001
3,2,Inflammation only,1.3144320822055542,1.0,0.6325454301978642,0.8,0.19076301378655283,0.058333333333333334,0.001
3,3,Assay only,1.3144320822055542,1.0,0.9589004298530385,0.8,0.21264119284891966,0.058666666666666666,0.001
3,4,Missingness only,1.460856089037369,1.0,1.000699209796852,0.8,0.3140880815292895,0.2956666666666667,0.022
3,5,Combined strong,1.5752057850367185,1.8,0.5267928110769546,0.8,0.24760718960914216,0.2753333333333333,0.013
4,0,No shift,1.0024336130799694,1.0,0.6567614314377829,0.8,0.1260308440014886,0.04666666666666667,0.0
4,1,Kidney only,1.8905051247768074,1.8,0.6567614314377829,0.8,0.14747879106155534,0.044,0.0
4,2,Inflammation only,1.0024336130799694,1.0,0.8646536976121635,0.8,0.09983164822128651,0.043666666666666666,0.0
4,3,Assay only,1.0024336130799694,1.0,0.6567614314377827,0.8,0.12603084400148867,0.04666666666666667,0.0
4,4,Missingness only,0.968201026484441,1.0,0.5828697702909039,0.8,0.15097221864295393,0.277,0.018
4,5,Combined strong,1.7983538915182677,1.8,0.9092094231137683,0.8,0.18133443288096102,0.25466666666666665,0.011
5,0,No shift,1.4259030206833239,1.0,1.18267781350337,0.8,0.25385204924618915,0.057666666666666665,0.001
5,1,Kidney only,1.5344828225846279,1.8,1.18267781350337,0.8,0.2357289669219378,0.054,0.001
5,2,Inflammation only,1.4259030206833239,1.0,0.7088666023485715,0.8,0.24891408805364526,0.051,0.001
5,3,Assay only,1.4259030206833239,1.0,1.18267781350337,0.8,0.25385204924618915,0.057666666666666665,0.001
5,4,Missingness only,1.3372498411569336,1.0,1.0815952078894324,0.8,0.21771791485003522,0.2846666666666667,0.025
5,5,Combined strong,1.2701213698836837,1.8,0.7392474646835255,0.8,0.2032532964317105,0.26166666666666666,0.019
6,0,No shift,1.116413809091717,1.0,1.2634679925238774,0.8,0.33925750695064305,0.055,0.0
6,1,Kidney only,1.680304614480612,1.8,1.2634679925238774,0.8,0.2947597938444966,0.051,0.0
6,2,Inflammation only,1.116413809091717,1.0,0.054210256957295734,0.8,0.3866387112811999,0.053,0.0
6,3,Assay only,1.1164138090917168,1.0,1.2634679925238774,0.8,0.33925750695064305,0.055,0.0
6,4,Missingness only,0.8071234389248853,1.0,1.259880631422771,0.8,0.31035535349365234,0.30533333333333335,0.022
6,5,Combined strong,1.89219164504129,1.8,0.0340117423370392,0.8,0.2757553185898961,0.2823333333333333,0.021
7,0,No shift,0.9603101931854511,1.0,0.933535271114898,0.8,0.25863944785479115,0.057,0.0
7,1,Kidney only,1.8974226249193196,1.8,0.933535271114898,0.8,0.25458303168878227,0.055,0.0
7,2,Inflammation only,0.9603101931854511,1.0,0.7403725122396051,0.8,0.1778173529099073,0.05633333333333333,0.0
7,3,Assay only,0.9603101931854512,1.0,0.9335352711148983,0.8,0.25863944785479126,0.057,0.0
7,4,Missingness only,1.2547247662447483,1.0,0.8205603912197543,0.8,0.3134198961866752,0.2876666666666667,0.02
7,5,Combined strong,1.6477268524116289,1.8,0.5942884357544747,0.8,0.21356364420090185,0.274,0.021
8,0,No shift,1.1829476724896453,1.0,1.0053431008692497,0.8,0.26107622717433543,0.060333333333333336,0.0
8,1,Kidney only,1.5948922471271416,1.8,1.0053431008692497,0.8,0.2548037227655204,0.058333333333333334,0.0
8,2,Inflammation only,1.1829476724896453,1.0,0.6106218284143444,0.8,0.2445103812352054,0.05733333333333333,0.0
8,3,Assay only,1.1829476724896448,1.0,1.0053431008692497,0.8,0.26107622717433554,0.060333333333333336,0.0
8,4,Missingness only,1.2615397375471165,1.0,0.8659222787874681,0.8,0.27180877045301716,0.29833333333333334,0.027
8,5,Combined strong,1.6521369271472306,1.8,0.6083913408922212,0.8,0.2827161677631263,0.2753333333333333,0.022
9,0,No shift,1.0880302614458743,1.0,0.633800253555374,0.8,0.12305950268053671,0.051333333333333335,0.0
9,1,Kidney only,1.768628983876325,1.8,0.633800253555374,0.8,0.12361096084401396,0.04833333333333333,0.0
9,2,Inflammation only,1.0880302614458743,1.0,0.9326632249709597,0.8,0.1827313533068914,0.047,0.0
9,3,Assay only,1.0880302614458743,1.0,0.633800253555374,0.8,0.1230595026805367,0.051333333333333335,0.0
9,4,Missingness only,1.1265825428454954,1.0,0.5761164773344153,0.8,0.1099268725155649,0.288,0.019
9,5,Combined strong,1.8355166829095748,1.8,0.823034387765819,0.8,0.16411273507243027,0.25533333333333336,0.015
10,0,No shift,1.0268005594155738,1.0,0.6130005509002967,0.8,0.1312480957761301,0.059333333333333335,0.0
10,1,Kidney only,1.92614269079932,1.8,0.6130005509002967,0.8,0.1533813244620624,0.05466666666666667,0.0
10,2,Inflammation only,1.0268005594155738,1.0,0.8038880643738427,0.8,0.19020671469526446,0.058333333333333334,0.0
10,3,Assay only,1.0268005594155738,1.0,0.6130005509002968,0.8,0.13124809577613009,0.059333333333333335,0.0
10,4,Missingness only,1.1002310608892523,1.0,0.5273366975739877,0.8,0.23532124402947824,0.29233333333333333,0.033
10,5,Combined strong,1.7817855524641688,1.8,0.6073434215304224,0.8,0.2199074683439884,0.2786666666666667,0.022
11,0,No shift,1.016343438647049,1.0,0.6081479585850714,0.8,0.196569722332959,0.050333333333333334,0.0
11,1,Kidney only,1.6841900171546966,1.8,0.6081479585850714,0.8,0.19838029452361175,0.04833333333333333,0.0
11,2,Inflammation only,1.016343438647049,1.0,0.6447722496807734,0.8,0.1385615161344124,0.049,0.0
11,3,Assay only,1.016343438647049,1.0,0.6081479585850715,0.8,0.1965697223329589,0.050333333333333334,0.0
11,4,Missingness only,0.9516228030880484,1.0,0.6186643638839194,0.8,0.2210165147239863,0.279,0.025
11,5,Combined strong,1.7828054650512304,1.8,0.7375247985275656,0.8,0.13126613073701512,0.266,0.02
12,0,No shift,1.1319660587696523,1.0,0.924572596762917,0.8,0.3244133467897087,0.052333333333333336,0.001
12,1,Kidney only,1.78163437999184,1.8,0.924572596762917,0.8,0.30945393891139994,0.04933333333333333,0.001
12,2,Inflammation only,1.1319660587696523,1.0,0.8524226256528334,0.8,0.23481913756937306,0.049666666666666665,0.0
12,3,Assay only,1.1319660587696523,1.0,0.924572596762917,0.8,0.3244133467897085,0.052333333333333336,0.001
12,4,Missingness only,1.224764102900501,1.0,0.8630329679811557,0.8,0.2717128106343628,0.2986666666666667,0.028
12,5,Combined strong,1.663209608768912,1.8,0.9531819860191947,0.8,0.2168818530358109,0.272,0.016
13,0,No shift,0.8813567528894942,1.0,0.7080672135084926,0.8,0.07106504816844285,0.05733333333333333,0.001
13,1,Kidney only,2.1184358033169457,1.8,0.7080672135084926,0.8,0.07989374224396621,0.05333333333333334,0.001
13,2,Inflammation only,0.8813567528894942,1.0,0.7287056208935134,0.8,0.19469228392776566,0.055,0.001
13,3,Assay only,0.8813567528894942,1.0,0.7080672135084926,0.8,0.0710650481684429,0.05733333333333333,0.001
13,4,Missingness only,0.9620823524352999,1.0,0.7007084238943337,0.8,0.19651682978894727,0.29033333333333333,0.031
13,5,Combined strong,1.9441658632727803,1.8,0.7458702956629062,0.8,0.23155169856240176,0.2653333333333333,0.022
14,0,No shift,0.9730138085282933,1.0,0.20740251326225734,0.8,0.1994452087422792,0.062,0.001
14,1,Kidney only,1.9592174914304317,1.8,0.20740251326225734,0.8,0.18768708984914126,0.059666666666666666,0.0
14,2,Inflammation only,0.9730138085282933,1.0,1.0323224534911968,0.8,0.09255449771530158,0.057666666666666665,0.001
14,3,Assay only,0.9730138085282936,1.0,0.20740251326225723,0.8,0.1994452087422792,0.062,0.001
14,4,Missingness only,0.9605423071076796,1.0,0.08989434226954256,0.8,0.13824858110604107,0.2743333333333333,0.017
14,5,Combined strong,2.065862484894139,1.8,0.8716355056404325,0.8,0.16787545219831723,0.25433333333333336,0.016
15,0,No shift,1.3035972053151745,1.0,0.7530047162723426,0.8,0.3432606700808695,0.052333333333333336,0.0
15,1,Kidney only,1.4891768964678114,1.8,0.7530047162723426,0.8,0.35441248985530405,0.04833333333333333,0.0
15,2,Inflammation only,1.3035972053151745,1.0,0.7489727963582576,0.8,0.2590513074535709,0.04833333333333333,0.0
15,3,Assay only,1.3035972053151745,1.0,0.7530047162723424,0.8,0.3432606700808694,0.052333333333333336,0.0
15,4,Missingness only,1.3452507102348485,1.0,0.6317050009187201,0.8,0.3431864491725784,0.27566666666666667,0.025
15,5,Combined strong,1.4209344680992595,1.8,0.7517763389289482,0.8,0.2818219114928676,0.25266666666666665,0.012
16,0,No shift,0.9323139108895064,1.0,0.9724224938770984,0.8,0.2513698726352601,0.058333333333333334,0.0
16,1,Kidney only,1.9497906521576607,1.8,0.9724224938770984,0.8,0.22724208542060803,0.05266666666666667,0.0
16,2,Inflammation only,0.9323139108895064,1.0,0.826886191057079,0.8,0.28417790438451923,0.058333333333333334,0.0
16,3,Assay only,0.9323139108895065,1.0,0.9724224938770984,0.8,0.25136987263526,0.058333333333333334,0.0
16,4,Missingness only,0.9610537118487632,1.0,0.9850142530033023,0.8,0.2638329022622278,0.29933333333333334,0.029
16,5,Combined strong,1.96189917816559,1.8,0.8413741154362391,0.8,0.20455067012419165,0.2796666666666667,0.023
17,0,No shift,0.9710069965041308,1.0,0.9276368325539365,0.8,0.19155571763094734,0.050666666666666665,0.0
17,1,Kidney only,1.8273720741554915,1.8,0.9276368325539365,0.8,0.22713508762705698,0.051333333333333335,0.0
17,2,Inflammation only,0.9710069965041308,1.0,0.6666199230452782,0.8,0.1339430399400225,0.04833333333333333,0.0
17,3,Assay only,0.9710069965041308,1.0,0.9276368325539365,0.8,0.19155571763094736,0.050666666666666665,0.0
17,4,Missingness only,1.1683026408326849,1.0,0.8798590737403005,0.8,0.1166037889558036,0.2843333333333333,0.016
17,5,Combined strong,1.5948595056012755,1.8,0.5724347272400825,0.8,0.15882014582770537,0.25966666666666666,0.016
18,0,No shift,1.2542364467814782,1.0,0.36952068249490144,0.8,0.082790696687075,0.04933333333333333,0.0
18,1,Kidney only,1.5577152695302818,1.8,0.36952068249490144,0.8,0.09769504345728591,0.044333333333333336,0.0
18,2,Inflammation only,1.2542364467814782,1.0,1.223090806130505,0.8,0.0848383562210289,0.04833333333333333,0.0
18,3,Assay only,1.2542364467814782,1.0,0.36952068249490144,0.8,0.08279069668707506,0.04933333333333333,0.0
18,4,Missingness only,1.1816316273327707,1.0,0.37806980214884867,0.8,0.07889417381149683,0.2886666666666667,0.023
18,5,Combined strong,1.6795366509848222,1.8,1.1041149991891455,0.8,0.1554017457755009,0.26066666666666666,0.021
19,0,No shift,1.2647643201558059,1.0,0.5285834020813828,0.8,0.27590590897247486,0.055,0.0
19,1,Kidney only,1.5373343689140646,1.8,0.5285834020813828,0.8,0.2573640255629115,0.054,0.0
19,2,Inflammation only,1.2647643201558059,1.0,0.9875823273044302,0.8,0.25516766216284925,0.05266666666666667,0.0
19,3,Assay only,1.264764320155806,1.0,0.5285834020813827,0.8,0.27590590897247486,0.055,0.0
19,4,Missingness only,1.2098866964080237,1.0,0.4802891884753779,0.8,0.2598234340482754,0.3006666666666667,0.031
19,5,Combined strong,1.7284048151317275,1.8,1.0486839310570943,0.8,0.27766590535122837,0.26666666666666666,0.025
20,0,No shift,0.9304547661607915,1.0,0.6062330746525391,0.8,0.1556734545383109,0.063,0.0
20,1,Kidney only,1.855497794089079,1.8,0.6062330746525391,0.8,0.1242516551426288,0.058666666666666666,0.0
20,2,Inflammation only,0.9304547661607915,1.0,0.7505336704882996,0.8,0.10887793759779474,0.059333333333333335,0.0
20,3,Assay only,0.9304547661607915,1.0,0.6062330746525391,0.8,0.1556734545383109,0.063,0.0
20,4,Missingness only,1.002819534094856,1.0,0.5103614245857484,0.8,0.056516131485543464,0.2906666666666667,0.026
20,5,Combined strong,1.7273996125643005,1.8,0.6391155597269156,0.8,0.09245797358948489,0.273,0.024
21,0,No shift,0.9214161118252381,1.0,0.8307515854808344,0.8,0.2131772408511132,0.051666666666666666,0.0
21,1,Kidney only,1.9463338105255523,1.8,0.8307515854808344,0.8,0.2520312921129114,0.04533333333333334,0.0
21,2,Inflammation only,0.9214161118252381,1.0,0.6344656366837113,0.8,0.25653021028812606,0.049,0.0
21,3,Assay only,0.9214161118252381,1.0,0.8307515854808344,0.8,0.21317724085111317,0.051666666666666666,0.0
21,4,Missingness only,1.1047820301979676,1.0,0.8129571362754507,0.8,0.21712257262552467,0.30433333333333334,0.025
21,5,Combined strong,2.069399601259218,1.8,0.6255198982817436,0.8,0.21319830329017012,0.2876666666666667,0.023
22,0,No shift,1.0152778733760552,1.0,0.48487398525789527,0.8,0.23045770346406455,0.053,0.001
22,1,Kidney only,1.761064074169954,1.8,0.48487398525789527,0.8,0.21083598263770495,0.04933333333333333,0.001
22,2,Inflammation only,1.0152778733760552,1.0,1.1100511488662774,0.8,0.2067003190614456,0.050333333333333334,0.001
22,3,Assay only,1.0152778733760555,1.0,0.48487398525789516,0.8,0.23045770346406458,0.053,0.001
22,4,Missingness only,1.1047963652838255,1.0,0.5379328177574084,0.8,0.20776695487229294,0.292,0.023
22,5,Combined strong,1.4778474566088275,1.8,1.1939275823357265,0.8,0.2906356825632154,0.27466666666666667,0.02
23,0,No shift,0.820312964619121,1.0,0.5123581786403829,0.8,0.19750868032635008,0.059666666666666666,0.001
23,1,Kidney only,1.7208488955207972,1.8,0.5123581786403829,0.8,0.12866381373178068,0.055,0.001
23,2,Inflammation only,0.820312964619121,1.0,0.6103034650562817,0.8,0.19773969678818423,0.056666666666666664,0.001
23,3,Assay only,0.820312964619121,1.0,0.5123581786403828,0.8,0.19750868032635005,0.059666666666666666,0.001
23,4,Missingness only,0.8564258550572881,1.0,0.3368984317940648,0.8,0.27308715499867664,0.291,0.025
23,5,Combined strong,1.562207628536371,1.8,0.6848874802199745,0.8,0.2768573347202399,0.2723333333333333,0.015
24,0,No shift,0.9630121798815626,1.0,0.47229520388837787,0.8,0.158573971229163,0.05333333333333334,0.0
24,1,Kidney only,1.9374916059934157,1.8,0.47229520388837787,0.8,0.15592476092591148,0.051666666666666666,0.0
24,2,Inflammation only,0.9630121798815626,1.0,0.6007136986954114,0.8,0.26363668353719505,0.04833333333333333,0.0
24,3,Assay only,0.9630121798815626,1.0,0.4722952038883779,0.8,0.15857397122916306,0.05333333333333334,0.0
24,4,Missingness only,0.9622411887506259,1.0,0.45699580581179405,0.8,0.2963709748321253,0.2733333333333333,0.02
24,5,Combined strong,1.8638271812415104,1.8,0.6147054547952411,0.8,0.2740942007562246,0.25566666666666665,0.02
25,0,No shift,1.2502588702369737,1.0,0.5753533388968162,0.8,0.27929273154705814,0.057666666666666665,0.002
25,1,Kidney only,1.6575983863425399,1.8,0.5753533388968162,0.8,0.26084504968676775,0.055,0.002
25,2,Inflammation only,1.2502588702369737,1.0,0.8334831572359281,0.8,0.2404268912105167,0.058666666666666666,0.002
25,3,Assay only,1.2502588702369737,1.0,0.5753533388968161,0.8,0.27929273154705814,0.057666666666666665,0.002
25,4,Missingness only,1.1701158150941604,1.0,0.7339332914287772,0.8,0.3068426291866045,0.2976666666666667,0.031
25,5,Combined strong,1.7324199622727467,1.8,0.8498782926042778,0.8,0.27299033134547224,0.284,0.029
26,0,No shift,0.6832261576189039,1.0,1.0493554291942497,0.8,0.19757328407747873,0.051,0.0
26,1,Kidney only,2.199823381924805,1.8,1.0493554291942497,0.8,0.13729068248712753,0.047,0.0
26,2,Inflammation only,0.6832261576189039,1.0,0.655773906055995,0.8,0.18421399137392583,0.051333333333333335,0.0
26,3,Assay only,0.6832261576189039,1.0,1.0493554291942495,0.8,0.1975732840774787,0.051,0.0
26,4,Missingness only,0.6691859787545724,1.0,1.1032926806439924,0.8,0.17664198574008977,0.28633333333333333,0.03
26,5,Combined strong,2.417351460624707,1.8,0.7014350317721395,0.8,0.12273823407558686,0.261,0.024
27,0,No shift,1.1585024103490191,1.0,0.7623393976466711,0.8,0.11485533101736506,0.056666666666666664,0.0
27,1,Kidney only,1.7587526241564184,1.8,0.7623393976466711,0.8,0.09566179526929108,0.051,0.0
27,2,Inflammation only,1.1585024103490191,1.0,0.8515293886613896,0.8,0.1291828406938968,0.05433333333333333,0.0
27,3,Assay only,1.1585024103490194,1.0,0.7623393976466709,0.8,0.11485533101736506,0.056666666666666664,0.0
27,4,Missingness only,1.2075187448833788,1.0,0.6866214894919248,0.8,0.08329892810859667,0.295,0.028
27,5,Combined strong,1.7196065849556028,1.8,0.906850571671341,0.8,0.18631839682414283,0.2663333333333333,0.023
28,0,No shift,1.2792098970065842,1.0,1.1157898850282886,0.8,0.3472057514412964,0.055,0.001
28,1,Kidney only,1.726182413623279,1.8,1.1157898850282886,0.8,0.3538719535595391,0.052333333333333336,0.001
28,2,Inflammation only,1.2792098970065842,1.0,0.7366320268661215,0.8,0.2626816083486107,0.054,0.001
28,3,Assay only,1.2792098970065842,1.0,1.1157898850282881,0.8,0.3472057514412964,0.055,0.001
28,4,Missingness only,1.349399720417674,1.0,1.0683648746823735,0.8,0.29478758711625536,0.296,0.027
28,5,Combined strong,1.6512827617805559,1.8,0.7232520270521097,0.8,0.2180685440553071,0.27566666666666667,0.02
29,0,No shift,1.023238469438002,1.0,0.5903280037497308,0.8,0.24181049766879137,0.05566666666666667,0.001
29,1,Kidney only,1.8825139048385764,1.8,0.5903280037497308,0.8,0.2322265472020264,0.05266666666666667,0.0
29,2,Inflammation only,1.023238469438002,1.0,1.2205880456774352,0.8,0.2734863059313904,0.051,0.001
29,3,Assay only,1.0232384694380021,1.0,0.5903280037497308,0.8,0.24181049766879137,0.05566666666666667,0.001
29,4,Missingness only,1.072557990995443,1.0,0.6742520183404108,0.8,0.2571113989054108,0.2976666666666667,0.033
29,5,Combined strong,1.9111914632258706,1.8,1.3470843447189131,0.8,0.3937947283209325,0.2786666666666667,0.022
30,0,No shift,1.1219234212483664,1.0,0.7592071593408243,0.8,0.21849375588861916,0.057,0.0
30,1,Kidney only,1.7182663285057802,1.8,0.7592071593408243,0.8,0.230724871255804,0.05266666666666667,0.0
30,2,Inflammation only,1.1219234212483664,1.0,0.6633415896086979,0.8,0.21820034558669915,0.056,0.0
30,3,Assay only,1.1219234212483664,1.0,0.7592071593408243,0.8,0.21849375588861916,0.057,0.0
30,4,Missingness only,1.0733366455768099,1.0,0.5812373796721668,0.8,0.32574125989438807,0.30333333333333334,0.02
30,5,Combined strong,1.734349154208543,1.8,0.7642859648315986,0.8,0.249182063891052,0.2803333333333333,0.012
31,0,No shift,1.1437791444415872,1.0,1.1883309999545264,0.8,0.20479491269900973,0.05533333333333333,0.0
31,1,Kidney only,1.5193065804454706,1.8,1.1883309999545264,0.8,0.16692205274152253,0.052,0.0
31,2,Inflammation only,1.1437791444415872,1.0,0.37647174502535113,0.8,0.21921739436378812,0.052333333333333336,0.0
31,3,Assay only,1.1437791444415875,1.0,1.1883309999545264,0.8,0.20479491269900973,0.05533333333333333,0.0
31,4,Missingness only,1.0194525173087132,1.0,1.1000350818709106,0.8,0.23250346695205304,0.28633333333333333,0.031
31,5,Combined strong,1.5688936973233418,1.8,0.44119040572759705,0.8,0.26505249861738395,0.263,0.018
32,0,No shift,1.3428300342672144,1.0,0.6449560349093638,0.8,0.25397861028355107,0.05433333333333333,0.0
32,1,Kidney only,1.434298140522509,1.8,0.6449560349093638,0.8,0.19007124575376605,0.04933333333333333,0.0
32,2,Inflammation only,1.3428300342672144,1.0,0.8620058676479984,0.8,0.24922125377153564,0.050333333333333334,0.0
32,3,Assay only,1.3428300342672141,1.0,0.644956034909364,0.8,0.253978610283551,0.05433333333333333,0.0
32,4,Missingness only,1.3082517196836996,1.0,0.49396932310389075,0.8,0.3721651190116164,0.28633333333333333,0.015
32,5,Combined strong,1.4744473989577547,1.8,0.9554803920737677,0.8,0.2819508542595856,0.2693333333333333,0.019
33,0,No shift,0.4791278158674638,1.0,1.040292886094555,0.8,0.28919752428243056,0.057,0.0
33,1,Kidney only,1.9497727117536867,1.8,1.040292886094555,0.8,0.27070171967988943,0.055,0.0
33,2,Inflammation only,0.4791278158674638,1.0,0.583319757979895,0.8,0.300171301456706,0.05333333333333334,0.0
33,3,Assay only,0.4791278158674637,1.0,1.040292886094555,0.8,0.2891975242824306,0.057,0.0
33,4,Missingness only,0.5200067569585776,1.0,1.0449597630183125,0.8,0.30503605384731286,0.2833333333333333,0.027
33,5,Combined strong,1.954542482857867,1.8,0.593140224023148,0.8,0.22139925778071887,0.268,0.018
34,0,No shift,1.0220935511655742,1.0,1.0797016237679868,0.8,0.17946258129473397,0.050333333333333334,0.0
34,1,Kidney only,1.7494637751096718,1.8,1.0797016237679868,0.8,0.18412519776422423,0.048666666666666664,0.0
34,2,Inflammation only,1.0220935511655742,1.0,0.7765011572283441,0.8,0.15048504008863697,0.046,0.0
34,3,Assay only,1.0220935511655742,1.0,1.0797016237679868,0.8,0.17946258129473397,0.050333333333333334,0.0
34,4,Missingness only,1.0066146279146457,1.0,1.0888719107127438,0.8,0.2438604991090345,0.2816666666666667,0.022
34,5,Combined strong,1.9114778644415826,1.8,0.7073362086659314,0.8,0.13970927093846977,0.26766666666666666,0.017
35,0,No shift,0.8829815371226774,1.0,0.4296379146706847,0.8,0.2151548240848023,0.05566666666666667,0.0
35,1,Kidney only,1.971177603034683,1.8,0.4296379146706847,0.8,0.21041577198347905,0.05,0.0
35,2,Inflammation only,0.8829815371226774,1.0,0.674107401548263,0.8,0.18583236051502547,0.05566666666666667,0.0
35,3,Assay only,0.8829815371226775,1.0,0.4296379146706847,0.8,0.21515482408480238,0.05566666666666667,0.0
35,4,Missingness only,0.6635585083306202,1.0,0.45475011021969963,0.8,0.2298426049247888,0.285,0.021
35,5,Combined strong,2.3245121821374517,1.8,0.6962841598526196,0.8,0.1638767361089615,0.26566666666666666,0.01
36,0,No shift,1.2844038418625467,1.0,0.7820740306536063,0.8,0.14419326812066677,0.050333333333333334,0.0
36,1,Kidney only,1.628174545543342,1.8,0.7820740306536063,0.8,0.06573740086900033,0.046,0.0
36,2,Inflammation only,1.2844038418625467,1.0,0.862222446249266,0.8,0.11387170247204766,0.052,0.0
36,3,Assay only,1.2844038418625467,1.0,0.782074030653606,0.8,0.14419326812066668,0.050333333333333334,0.0
36,4,Missingness only,1.3703493106557594,1.0,0.7299821480652263,0.8,0.16598957257814487,0.288,0.029
36,5,Combined strong,1.4627974532947199,1.8,0.7880014979617035,0.8,0.07295801322735188,0.262,0.018
37,0,No shift,0.961903509501201,1.0,0.9114254753072617,0.8,0.23761052039664932,0.06233333333333333,0.0
37,1,Kidney only,1.7831775307623756,1.8,0.9114254753072617,0.8,0.2474036717299986,0.059,0.0
37,2,Inflammation only,0.961903509501201,1.0,0.8951004848361407,0.8,0.2323388082921481,0.058666666666666666,0.0
37,3,Assay only,0.961903509501201,1.0,0.9114254753072617,0.8,0.23761052039664932,0.06233333333333333,0.0
37,4,Missingness only,1.1165538765251595,1.0,1.026226310613008,0.8,0.2549750005584586,0.3,0.031
37,5,Combined strong,1.6818870077483847,1.8,0.8596892725789531,0.8,0.24180245325398309,0.27666666666666667,0.024
38,0,No shift,0.9507770509563801,1.0,1.097425592166677,0.8,0.043572311764199574,0.051333333333333335,0.0
38,1,Kidney only,1.8413002264607914,1.8,1.097425592166677,0.8,0.12164352662057727,0.04833333333333333,0.0
38,2,Inflammation only,0.9507770509563801,1.0,0.6429587077380063,0.8,0.11197660347959974,0.05,0.0
38,3,Assay only,0.9507770509563801,1.0,1.097425592166677,0.8,0.043572311764199574,0.051333333333333335,0.0
38,4,Missingness only,1.026063045828252,1.0,1.186276179947369,0.8,0.09161737254978074,0.2853333333333333,0.029
38,5,Combined strong,1.7902943393755453,1.8,0.7347515206391703,0.8,0.1919449970135037,0.25866666666666666,0.026
39,0,No shift,1.091745609412981,1.0,0.6178828560395796,0.8,0.17872716307897135,0.05,0.0
39,1,Kidney only,1.4045231337677675,1.8,0.6178828560395796,0.8,0.1414268997567698,0.051,0.001
39,2,Inflammation only,1.091745609412981,1.0,0.9344314293125581,0.8,0.3080722229131379,0.047,0.0
39,3,Assay only,1.091745609412981,1.0,0.6178828560395796,0.8,0.17872716307897135,0.05,0.0
39,4,Missingness only,0.9153954277940257,1.0,0.6724025635908479,0.8,0.20096410787201952,0.29133333333333333,0.024
39,5,Combined strong,1.4365744137192469,1.8,1.0398674900342875,0.8,0.32554105893640367,0.269,0.02
40,0,No shift,0.8971883805025318,1.0,0.7154191179173891,0.8,0.2110198008417578,0.05,0.0
40,1,Kidney only,1.9645419476363286,1.8,0.7154191179173891,0.8,0.1715943607600067,0.048,0.0
40,2,Inflammation only,0.8971883805025318,1.0,0.5991837547863987,0.8,0.2055121839872842,0.04566666666666667,0.0
40,3,Assay only,0.8971883805025319,1.0,0.7154191179173891,0.8,0.2110198008417577,0.05,0.0
40,4,Missingness only,0.8946033761844152,1.0,0.694698420783508,0.8,0.15210920935725059,0.28933333333333333,0.021
40,5,Combined strong,1.787562449540634,1.8,0.7078329767683443,0.8,0.16039257135660273,0.27,0.017
41,0,No shift,1.0204939121132426,1.0,0.9600334402193301,0.8,0.16548366687662464,0.059333333333333335,0.0
41,1,Kidney only,1.8698316382060842,1.8,0.9600334402193301,0.8,0.15501210660327883,0.05433333333333333,0.0
41,2,Inflammation only,1.0204939121132426,1.0,0.7788384352296873,0.8,0.21323173310828397,0.05633333333333333,0.0
41,3,Assay only,1.0204939121132426,1.0,0.9600334402193301,0.8,0.16548366687662452,0.059333333333333335,0.0
41,4,Missingness only,1.1019748286918596,1.0,0.9163146803485046,0.8,0.18517181226792134,0.2926666666666667,0.026
41,5,Combined strong,1.9928278108014867,1.8,0.8894248898283219,0.8,0.2555081783379797,0.26966666666666667,0.018
42,0,No shift,0.9094327982743304,1.0,0.8010941589032301,0.8,0.14828441053519767,0.06066666666666667,0.0
42,1,Kidney only,1.6476188607057198,1.8,0.8010941589032301,0.8,0.13428445852128099,0.058333333333333334,0.0
42,2,Inflammation only,0.9094327982743304,1.0,0.9741002625234736,0.8,0.18000441155900485,0.058666666666666666,0.0
42,3,Assay only,0.9094327982743304,1.0,0.8010941589032301,0.8,0.14828441053519767,0.06066666666666667,0.0
42,4,Missingness only,1.0465050070224364,1.0,0.809132756922866,0.8,0.28817863153907614,0.2886666666666667,0.028
42,5,Combined strong,1.613030680608172,1.8,1.1250222303128203,0.8,0.2212949248421747,0.2653333333333333,0.021
43,0,No shift,0.7914430736464878,1.0,1.0051052308163548,0.8,0.1500627653976006,0.053,0.0
43,1,Kidney only,1.8376935123701368,1.8,1.0051052308163548,0.8,0.13877323699642521,0.048666666666666664,0.0
43,2,Inflammation only,0.7914430736464878,1.0,0.8070604641148421,0.8,0.18205176524424027,0.051333333333333335,0.0
43,3,Assay only,0.7914430736464878,1.0,1.0051052308163546,0.8,0.15006276539760072,0.053,0.0
43,4,Missingness only,0.8668155032656145,1.0,1.0005612792175367,0.8,0.181035394376132,0.2773333333333333,0.021
43,5,Combined strong,1.7295353662244344,1.8,0.8274038957516741,0.8,0.17531094590269344,0.25666666666666665,0.016
44,0,No shift,1.2130247199256865,1.0,0.4751185071310803,0.8,0.08076488708341932,0.055,0.0
44,1,Kidney only,1.6139371797631499,1.8,0.4751185071310803,0.8,0.0747612036659912,0.050666666666666665,0.0
44,2,Inflammation only,1.2130247199256865,1.0,0.8164780904739188,0.8,0.1360457136571645,0.051333333333333335,0.0
44,3,Assay only,1.2130247199256865,1.0,0.4751185071310801,0.8,0.08076488708341928,0.055,0.0
44,4,Missingness only,1.0899088017111,1.0,0.49036329549667484,0.8,0.10589724052293491,0.28933333333333333,0.024
44,5,Combined strong,1.690219620915006,1.8,0.9062541029396785,0.8,0.16635897678327577,0.272,0.016
45,0,No shift,1.3454085117026924,1.0,0.8009061187802836,0.8,0.2040677274285154,0.055,0.0
45,1,Kidney only,1.430026054226286,1.8,0.8009061187802836,0.8,0.17298213351126673,0.053,0.0
45,2,Inflammation only,1.3454085117026924,1.0,0.8348157767228114,0.8,0.12605574592554408,0.05433333333333333,0.0
45,3,Assay only,1.3454085117026924,1.0,0.8009061187802841,0.8,0.20406772742851534,0.055,0.0
45,4,Missingness only,1.6066377542526984,1.0,0.8466570742567584,0.8,0.32097994615405734,0.2906666666666667,0.02
45,5,Combined strong,1.3286378452744303,1.8,0.8031218940606563,0.8,0.1805622492563798,0.27066666666666667,0.019
46,0,No shift,0.9769142591952623,1.0,0.7052270924230666,0.8,0.25808932196629364,0.050333333333333334,0.0
46,1,Kidney only,1.9311154563740476,1.8,0.7052270924230666,0.8,0.21987961419522842,0.047,0.0
46,2,Inflammation only,0.9769142591952623,1.0,0.9608194339182269,0.8,0.28358611827496366,0.049,0.0
46,3,Assay only,0.9769142591952623,1.0,0.7052270924230666,0.8,0.25808932196629364,0.050333333333333334,0.0
46,4,Missingness only,1.0053184649282547,1.0,0.7687166392601485,0.8,0.15372571136997998,0.2906666666666667,0.028
46,5,Combined strong,1.8314045530258938,1.8,0.8345680964603251,0.8,0.3158074973416708,0.27166666666666667,0.02
47,0,No shift,1.2165118136546598,1.0,0.9191063898213744,0.8,0.21610404523392798,0.05333333333333334,0.0
47,1,Kidney only,1.5789158866504325,1.8,0.9191063898213744,0.8,0.2225499868157126,0.04933333333333333,0.0
47,2,Inflammation only,1.2165118136546598,1.0,0.7414828889999747,0.8,0.12922038550750514,0.050666666666666665,0.0
47,3,Assay only,1.2165118136546598,1.0,0.9191063898213744,0.8,0.21610404523392798,0.05333333333333334,0.0
47,4,Missingness only,1.2402707500794943,1.0,0.9973468799056887,0.8,0.23909559071347739,0.29533333333333334,0.024
47,5,Combined strong,1.5213299593094458,1.8,0.8898324949728755,0.8,0.05289704482471651,0.276,0.021
48,0,No shift,1.0650707457652124,1.0,0.8138919750721392,0.8,0.18797925618173433,0.055,0.0
48,1,Kidney only,1.7835003849919846,1.8,0.8138919750721392,0.8,0.14092480786036493,0.05266666666666667,0.0
48,2,Inflammation only,1.0650707457652124,1.0,0.9130550068801631,0.8,0.15110087795385363,0.052,0.0
48,3,Assay only,1.0650707457652127,1.0,0.8138919750721387,0.8,0.18797925618173425,0.055,0.0
48,4,Missingness only,0.8542918472983311,1.0,0.8068087542873805,0.8,0.28100148012120685,0.29233333333333333,0.03
48,5,Combined strong,2.0728991141029063,1.8,0.9105893576057271,0.8,0.12055509993566885,0.2663333333333333,0.025
49,0,No shift,0.8756946534326896,1.0,0.7649740409695978,0.8,0.11303701161772123,0.06,0.001
49,1,Kidney only,1.9473219565208064,1.8,0.7649740409695978,0.8,0.1366055494801171,0.05366666666666667,0.0
49,2,Inflammation only,0.8756946534326896,1.0,1.0446313704295076,0.8,0.10786209681412297,0.059,0.001
49,3,Assay only,0.8756946534326895,1.0,0.7649740409695978,0.8,0.1130370116177212,0.06,0.001
49,4,Missingness only,0.8151513734536826,1.0,0.5578660765623294,0.8,0.1526898469162584,0.29433333333333334,0.024
49,5,Combined strong,1.9155961757136428,1.8,1.1937173914919978,0.8,0.16297288018406667,0.2673333333333333,0.022
50,0,No shift,1.2356475448922293,1.0,1.144706305938394,0.8,0.10550079189054501,0.05433333333333333,0.0
50,1,Kidney only,1.6535639695069824,1.8,1.144706305938394,0.8,0.12486034550988363,0.053,0.0
50,2,Inflammation only,1.2356475448922293,1.0,0.6148287813022064,0.8,0.059130792544512714,0.052333333333333336,0.0
50,3,Assay only,1.2356475448922293,1.0,1.1447063059383937,0.8,0.10550079189054502,0.05433333333333333,0.0
50,4,Missingness only,1.2911639516493871,1.0,1.1535430167676637,0.8,0.20902119313006232,0.2856666666666667,0.017
50,5,Combined strong,1.6338760473694935,1.8,0.5975515793745707,0.8,0.13400631811222768,0.27066666666666667,0.016
51,0,No shift,0.85682027595759,1.0,1.0261725076525159,0.8,0.16449435190910702,0.05466666666666667,0.0
51,1,Kidney only,2.040097423563367,1.8,1.0261725076525159,0.8,0.1581356924275579,0.047,0.0
51,2,Inflammation only,0.85682027595759,1.0,0.7027487234795694,0.8,0.09160903583911235,0.050666666666666665,0.0
51,3,Assay only,0.8568202759575897,1.0,1.0261725076525159,0.8,0.16449435190910705,0.05466666666666667,0.0
51,4,Missingness only,0.9615779635591156,1.0,1.1470076944260643,0.8,0.14001221473489076,0.2846666666666667,0.014
51,5,Combined strong,2.038989955982112,1.8,0.6103608163256559,0.8,0.16592985771795662,0.26566666666666666,0.013
52,0,No shift,0.7784532532167033,1.0,0.9791720267834815,0.8,0.280475924654227,0.052333333333333336,0.0
52,1,Kidney only,1.8382494437538264,1.8,0.9791720267834815,0.8,0.2362116205592221,0.04933333333333333,0.0
52,2,Inflammation only,0.7784532532167033,1.0,0.5442937553962593,0.8,0.30081123180465924,0.049666666666666665,0.0
52,3,Assay only,0.7784532532167033,1.0,0.9791720267834814,0.8,0.28047592465422694,0.052333333333333336,0.0
52,4,Missingness only,0.8273349996125028,1.0,0.8213909612291044,0.8,0.3230560791553578,0.27466666666666667,0.021
52,5,Combined strong,1.5715463246033465,1.8,0.7983993890895491,0.8,0.2860168339303822,0.25666666666666665,0.024
53,0,No shift,1.0582911277781153,1.0,0.6037918014580393,0.8,0.2668509751608861,0.061,0.001
53,1,Kidney only,1.7775495893470625,1.8,0.6037918014580393,0.8,0.2991430851513975,0.058333333333333334,0.001
53,2,Inflammation only,1.0582911277781153,1.0,0.9622693574058424,0.8,0.1844512139491063,0.059,0.001
53,3,Assay only,1.0582911277781153,1.0,0.6037918014580392,0.8,0.2668509751608861,0.061,0.001
53,4,Missingness only,1.3581229834483757,1.0,0.5384657722652251,0.8,0.1896662469954026,0.2876666666666667,0.023
53,5,Combined strong,1.5827815785637533,1.8,0.8767091421320111,0.8,0.3021960782059841,0.26266666666666666,0.02
54,0,No shift,1.2061426607329757,1.0,0.5444455073287247,0.8,0.1920693479109535,0.058,0.001
54,1,Kidney only,1.3447369504472886,1.8,0.5444455073287247,0.8,0.2219235468782702,0.054,0.001
54,2,Inflammation only,1.2061426607329757,1.0,0.7843890279030992,0.8,0.17381929399551815,0.055,0.001
54,3,Assay only,1.2061426607329757,1.0,0.5444455073287247,0.8,0.1920693479109535,0.058,0.001
54,4,Missingness only,1.0402386346547843,1.0,0.6263311760578958,0.8,0.3745206234754879,0.29433333333333334,0.017
54,5,Combined strong,1.5646292085131137,1.8,0.6235585438360128,0.8,0.3243796835110139,0.2713333333333333,0.011
55,0,No shift,0.9373112711315789,1.0,0.869543380427699,0.8,0.18886002865541998,0.05333333333333334,0.0
55,1,Kidney only,2.0001603751973507,1.8,0.869543380427699,0.8,0.1681962689537216,0.050333333333333334,0.0
55,2,Inflammation only,0.9373112711315789,1.0,0.7531574888815623,0.8,0.10299318522608936,0.04833333333333333,0.0
55,3,Assay only,0.937311271131579,1.0,0.8695433804276986,0.8,0.18886002865541998,0.05333333333333334,0.0
55,4,Missingness only,0.9281612836051756,1.0,0.8497221285306018,0.8,0.25306489831327555,0.29233333333333333,0.029
55,5,Combined strong,1.917937375199974,1.8,1.0153496840654104,0.8,0.163704942596581,0.26366666666666666,0.021
56,0,No shift,0.9397893151865002,1.0,0.6830494046288129,0.8,0.21093173677410745,0.049,0.0
56,1,Kidney only,1.9180786420789224,1.8,0.6830494046288129,0.8,0.23855238520287922,0.04633333333333333,0.0
56,2,Inflammation only,0.9397893151865002,1.0,0.7250714364923578,0.8,0.2015186373856719,0.046,0.0
56,3,Assay only,0.9397893151865002,1.0,0.6830494046288129,0.8,0.21093173677410748,0.049,0.0
56,4,Missingness only,0.8099855890790228,1.0,0.7615715004481501,0.8,0.11141722668488432,0.2813333333333333,0.029
56,5,Combined strong,1.8938374612693074,1.8,0.6682090920574525,0.8,0.21333877903626283,0.25966666666666666,0.02
57,0,No shift,0.5866792494091607,1.0,0.6091830521970567,0.8,0.2546995085028842,0.06133333333333333,0.0
57,1,Kidney only,2.208357904125722,1.8,0.6091830521970567,0.8,0.28512378430993074,0.05633333333333333,0.0
57,2,Inflammation only,0.5866792494091607,1.0,0.9774819931322781,0.8,0.20210886164904043,0.05733333333333333,0.0
57,3,Assay only,0.5866792494091607,1.0,0.6091830521970567,0.8,0.25469950850288414,0.06133333333333333,0.0
57,4,Missingness only,0.34233879053951155,1.0,0.7043512265263427,0.8,0.3092943015562361,0.294,0.027
57,5,Combined strong,2.4445321306536134,1.8,1.0310075485110597,0.8,0.2024047130605599,0.277,0.026
58,0,No shift,0.7579295337542805,1.0,0.6934961146082053,0.8,0.27281590543572587,0.058666666666666666,0.0
58,1,Kidney only,1.907738401295779,1.8,0.6934961146082053,0.8,0.2360993142363143,0.05633333333333333,0.0
58,2,Inflammation only,0.7579295337542805,1.0,0.9454088333207716,0.8,0.16266490293643915,0.056,0.0
58,3,Assay only,0.7579295337542805,1.0,0.6934961146082051,0.8,0.27281590543572587,0.058666666666666666,0.0
58,4,Missingness only,0.9131166934435171,1.0,0.6470913804201265,0.8,0.3303731972006148,0.2856666666666667,0.02
58,5,Combined strong,1.9790970255777345,1.8,0.884943903620637,0.8,0.08808640538820803,0.2683333333333333,0.013
59,0,No shift,1.4584828100635037,1.0,0.3827547030661541,0.8,0.23107236618467789,0.05733333333333333,0.0
59,1,Kidney only,1.66570794944916,1.8,0.3827547030661541,0.8,0.21998886910668983,0.05266666666666667,0.0
59,2,Inflammation only,1.4584828100635037,1.0,1.3440080495544113,0.8,0.16746049616101522,0.05333333333333334,0.0
59,3,Assay only,1.4584828100635034,1.0,0.38275470306615395,0.8,0.23107236618467786,0.05733333333333333,0.0
59,4,Missingness only,1.4017305551128825,1.0,0.41599895821843147,0.8,0.3851697867763658,0.2846666666666667,0.027
59,5,Combined strong,1.8740869622503944,1.8,1.4244043242006705,0.8,0.23545729931448695,0.25933333333333336,0.019
60,0,No shift,0.8643570131728782,1.0,0.8235770321549821,0.8,0.16895097569867806,0.052,0.0
60,1,Kidney only,1.8513161451351503,1.8,0.8235770321549821,0.8,0.16961476522087351,0.052,0.0
60,2,Inflammation only,0.8643570131728782,1.0,0.5993082232300305,0.8,0.09352925435210648,0.051333333333333335,0.0
60,3,Assay only,0.8643570131728782,1.0,0.823577032154982,0.8,0.1689509756986781,0.052,0.0
60,4,Missingness only,0.8036969028295973,1.0,0.6964300659749051,0.8,0.2534487581767507,0.2916666666666667,0.029
60,5,Combined strong,1.9201765345331478,1.8,0.5487509427422068,0.8,0.18130922991716064,0.2693333333333333,0.018
61,0,No shift,1.0564436685057248,1.0,0.7412379087522651,0.8,0.15938671432164866,0.051333333333333335,0.0
61,1,Kidney only,1.8747409953487757,1.8,0.7412379087522651,0.8,0.11456455588935224,0.04733333333333333,0.0
61,2,Inflammation only,1.0564436685057248,1.0,0.6074082241333107,0.8,0.13833790684017333,0.049,0.0
61,3,Assay only,1.056443668505725,1.0,0.7412379087522654,0.8,0.15938671432164866,0.051333333333333335,0.0
61,4,Missingness only,0.9523038455226012,1.0,0.6566753070370163,0.8,0.276307253352699,0.291,0.024
61,5,Combined strong,1.8859695545650457,1.8,0.5536357962157054,0.8,0.1765888547250859,0.26566666666666666,0.016
62,0,No shift,0.9783827312749345,1.0,0.6756976393065464,0.8,0.18616090324947596,0.050333333333333334,0.002
62,1,Kidney only,2.0156195851787717,1.8,0.6756976393065464,0.8,0.17997849722715314,0.04466666666666667,0.001
62,2,Inflammation only,0.9783827312749345,1.0,0.8586936184397781,0.8,0.14177503385472603,0.05,0.002
62,3,Assay only,0.9783827312749345,1.0,0.6756976393065464,0.8,0.18616090324947596,0.050333333333333334,0.002
62,4,Missingness only,1.0855716271013052,1.0,0.7671992227784173,0.8,0.3279253291873669,0.2793333333333333,0.029
62,5,Combined strong,1.905017431697067,1.8,0.9259879563599336,0.8,0.29115087654426236,0.253,0.015
63,0,No shift,1.367949731092933,1.0,0.6312603986936444,0.8,0.14679685723010324,0.06166666666666667,0.0
63,1,Kidney only,1.6684138234625536,1.8,0.6312603986936444,0.8,0.11332190576658294,0.05733333333333333,0.0
63,2,Inflammation only,1.367949731092933,1.0,0.7100606295341659,0.8,0.17661995071668948,0.058333333333333334,0.0
63,3,Assay only,1.367949731092933,1.0,0.6312603986936444,0.8,0.14679685723010324,0.06166666666666667,0.0
63,4,Missingness only,1.441690202987069,1.0,0.5489996418912809,0.8,0.18599694757039217,0.29333333333333333,0.029
63,5,Combined strong,1.5553837793680023,1.8,0.7782547169502135,0.8,0.16971177443226293,0.275,0.024
64,0,No shift,1.433950488623906,1.0,0.5931994929389169,0.8,0.23763689324552018,0.05566666666666667,0.001
64,1,Kidney only,1.4787062728171334,1.8,0.5931994929389169,0.8,0.15900264195440958,0.051,0.001
64,2,Inflammation only,1.433950488623906,1.0,1.1064937195778206,0.8,0.18709286540503628,0.052,0.001
64,3,Assay only,1.4339504886239063,1.0,0.5931994929389172,0.8,0.2376368932455201,0.05566666666666667,0.001
64,4,Missingness only,1.2629114175777945,1.0,0.4713204700222596,0.8,0.20126956075790212,0.278,0.016
64,5,Combined strong,1.5266483895519019,1.8,1.160390403590541,0.8,0.1257453060234888,0.25566666666666665,0.014
65,0,No shift,1.0696645484289775,1.0,0.9560321083705406,0.8,0.149886057496132,0.057666666666666665,0.0
65,1,Kidney only,1.732512618417451,1.8,0.9560321083705406,0.8,0.11843210255361403,0.05566666666666667,0.0
65,2,Inflammation only,1.0696645484289775,1.0,0.5324157763831338,0.8,0.11586080320656118,0.05566666666666667,0.0
65,3,Assay only,1.0696645484289775,1.0,0.9560321083705402,0.8,0.14988605749613199,0.057666666666666665,0.0
65,4,Missingness only,1.1116539241853578,1.0,1.0967037632705545,0.8,0.1544251428170125,0.29333333333333333,0.033
65,5,Combined strong,1.6913182589093365,1.8,0.536994377601885,0.8,0.13857307946828767,0.2723333333333333,0.029
66,0,No shift,1.3754961673388015,1.0,0.2679303063286822,0.8,0.3739606995559612,0.055,0.0
66,1,Kidney only,1.544231201894259,1.8,0.2679303063286822,0.8,0.28721568291902255,0.05266666666666667,0.0
66,2,Inflammation only,1.3754961673388015,1.0,1.3201764344199296,0.8,0.3070375694503037,0.05433333333333333,0.0
66,3,Assay only,1.3754961673388015,1.0,0.2679303063286822,0.8,0.3739606995559613,0.055,0.0
66,4,Missingness only,1.3214680018409766,1.0,0.149245869158358,0.8,0.39413254219445687,0.30433333333333334,0.019
66,5,Combined strong,1.8700088607218162,1.8,1.3235417003931746,0.8,0.27197838060808366,0.2826666666666667,0.018
67,0,No shift,1.0769383026629247,1.0,0.9169751298529362,0.8,0.22514368880752478,0.05333333333333334,0.0
67,1,Kidney only,1.7189256226793637,1.8,0.9169751298529362,0.8,0.13533986430765144,0.050666666666666665,0.0
67,2,Inflammation only,1.0769383026629247,1.0,0.7004273791999271,0.8,0.18867843376568041,0.05,0.0
67,3,Assay only,1.0769383026629247,1.0,0.9169751298529362,0.8,0.22514368880752467,0.05333333333333334,0.0
67,4,Missingness only,0.9914365033229605,1.0,0.9624805071335834,0.8,0.17440958464577205,0.295,0.03
67,5,Combined strong,1.5894272640277833,1.8,0.8611755696566473,0.8,0.09610236653996292,0.27366666666666667,0.026
68,0,No shift,0.8997276258732277,1.0,0.8491672600753363,0.8,0.14407870617726007,0.04566666666666667,0.0
68,1,Kidney only,1.896232619866125,1.8,0.8491672600753363,0.8,0.17083839083386212,0.04633333333333333,0.0
68,2,Inflammation only,0.8997276258732277,1.0,0.9003969210134524,0.8,0.11047513860263683,0.044333333333333336,0.0
68,3,Assay only,0.8997276258732275,1.0,0.8491672600753362,0.8,0.1440787061772601,0.04566666666666667,0.0
68,4,Missingness only,0.799851849703729,1.0,0.778043344552652,0.8,0.17392359674374047,0.29233333333333333,0.021
68,5,Combined strong,1.8206650683882584,1.8,0.7829624363442793,0.8,0.16086790604071904,0.26666666666666666,0.019
69,0,No shift,1.1530138972018447,1.0,0.8079570922113624,0.8,0.1542745854501141,0.058666666666666666,0.002
69,1,Kidney only,1.618443626510231,1.8,0.8079570922113624,0.8,0.18739891843636317,0.052333333333333336,0.001
69,2,Inflammation only,1.1530138972018447,1.0,0.8863619061157797,0.8,0.14955035890651025,0.058,0.001
69,3,Assay only,1.1530138972018447,1.0,0.8079570922113624,0.8,0.15427458545011413,0.058666666666666666,0.002
69,4,Missingness only,1.0304395817145906,1.0,0.8225388872385991,0.8,0.13617293397591854,0.28633333333333333,0.016
69,5,Combined strong,1.8724422221073214,1.8,0.9119856181504357,0.8,0.1357340401410948,0.27,0.014
70,0,No shift,1.2074062603492526,1.0,0.7624641833547359,0.8,0.13965644272221836,0.05,0.0
70,1,Kidney only,1.5378828115287957,1.8,0.7624641833547359,0.8,0.13916793832307767,0.04666666666666667,0.0
70,2,Inflammation only,1.2074062603492526,1.0,0.8759937866949585,0.8,0.12654794775899048,0.04766666666666667,0.0
70,3,Assay only,1.2074062603492526,1.0,0.7624641833547359,0.8,0.13965644272221842,0.05,0.0
70,4,Missingness only,1.3044600994934823,1.0,0.722981590782773,0.8,0.18137842582827562,0.27666666666666667,0.015
70,5,Combined strong,1.3029325562389742,1.8,0.9199715631643921,0.8,0.14631584155805702,0.26033333333333336,0.014
71,0,No shift,0.7900434789178854,1.0,0.47857950329079596,0.8,0.1631225103887041,0.054,0.0
71,1,Kidney only,1.984598601939744,1.8,0.47857950329079596,0.8,0.16801941460905329,0.050333333333333334,0.0
71,2,Inflammation only,0.7900434789178854,1.0,1.1162913652513835,0.8,0.1785017786207349,0.054,0.0
71,3,Assay only,0.7900434789178853,1.0,0.4785795032907958,0.8,0.1631225103887041,0.054,0.0
71,4,Missingness only,0.6183607189764629,1.0,0.515687918404098,0.8,0.06729148738490194,0.2793333333333333,0.023
71,5,Combined strong,2.0265118594628526,1.8,1.1078497301997132,0.8,0.18459582578503653,0.263,0.018
72,0,No shift,0.9634402243853059,1.0,0.8287499156823773,0.8,0.16593676867616922,0.04766666666666667,0.0
72,1,Kidney only,1.8998364530601988,1.8,0.8287499156823773,0.8,0.22229574033365088,0.04766666666666667,0.0
72,2,Inflammation only,0.9634402243853059,1.0,0.5535994626971159,0.8,0.19587663465389532,0.047,0.0
72,3,Assay only,0.9634402243853059,1.0,0.8287499156823772,0.8,0.16593676867616924,0.04766666666666667,0.0
72,4,Missingness only,1.0012736517713785,1.0,0.9592789916871761,0.8,0.17608596176309954,0.2813333333333333,0.022
72,5,Combined strong,1.7664957886584207,1.8,0.461300040627476,0.8,0.2620367329721281,0.25633333333333336,0.019
73,0,No shift,0.5975471731758285,1.0,0.8543937966643601,0.8,0.28237195801031606,0.054,0.001
73,1,Kidney only,1.999737141112478,1.8,0.8543937966643601,0.8,0.2912956427497708,0.051333333333333335,0.001
73,2,Inflammation only,0.5975471731758285,1.0,0.7920244172855176,0.8,0.2175052551496595,0.052,0.001
73,3,Assay only,0.5975471731758286,1.0,0.85439379666436,0.8,0.282371958010316,0.054,0.001
73,4,Missingness only,0.8112117445292866,1.0,0.648244365948857,0.8,0.32175158128545983,0.2976666666666667,0.024
73,5,Combined strong,1.7802614538432595,1.8,0.8345551517585188,0.8,0.2100427847179495,0.277,0.022
74,0,No shift,1.2225926686061424,1.0,1.0339488668501728,0.8,0.14364264880179894,0.04933333333333333,0.0
74,1,Kidney only,1.6514626301805624,1.8,1.0339488668501728,0.8,0.16554742938300945,0.045,0.0
74,2,Inflammation only,1.2225926686061424,1.0,0.5281553556768183,0.8,0.1159480407435881,0.04633333333333333,0.0
74,3,Assay only,1.2225926686061428,1.0,1.0339488668501728,0.8,0.14364264880179894,0.04933333333333333,0.0
74,4,Missingness only,1.207949675148962,1.0,1.453915429031761,0.8,0.18085393632089827,0.2833333333333333,0.026
74,5,Combined strong,1.6033457652263168,1.8,0.2537596009181118,0.8,0.10773581380663252,0.25833333333333336,0.012
75,0,No shift,0.9911906715761237,1.0,0.49575843645462203,0.8,0.19109595922394565,0.06266666666666666,0.0
75,1,Kidney only,1.8457233090856422,1.8,0.49575843645462203,0.8,0.1913415285625059,0.06066666666666667,0.0
75,2,Inflammation only,0.9911906715761237,1.0,0.638780472468758,0.8,0.11523280170460001,0.059,0.0
75,3,Assay only,0.9911906715761237,1.0,0.49575843645462203,0.8,0.19109595922394565,0.06266666666666666,0.0
75,4,Missingness only,1.0414248400737138,1.0,0.4154476821877793,0.8,0.212488388414095,0.30466666666666664,0.029
75,5,Combined strong,1.834792144383578,1.8,0.5993514721568756,0.8,0.14152789465491786,0.2826666666666667,0.015
76,0,No shift,0.9087312070291969,1.0,0.7288460104744613,0.8,0.23792976978938254,0.053,0.0
76,1,Kidney only,1.7403150660045887,1.8,0.7288460104744613,0.8,0.23829907808979392,0.049666666666666665,0.0
76,2,Inflammation only,0.9087312070291969,1.0,0.7226930895344985,0.8,0.13454568903153924,0.050666666666666665,0.0
76,3,Assay only,0.9087312070291969,1.0,0.7288460104744612,0.8,0.23792976978938257,0.053,0.0
76,4,Missingness only,0.8055109623844229,1.0,0.6699417252758088,0.8,0.21076571156076118,0.29933333333333334,0.021
76,5,Combined strong,1.707297345021514,1.8,0.6885435704817289,0.8,0.14117601172570832,0.27466666666666667,0.012
77,0,No shift,1.0909652242936305,1.0,0.7112288297911386,0.8,0.1518071745689468,0.05,0.0
77,1,Kidney only,1.665916353392948,1.8,0.7112288297911386,0.8,0.15600705212698165,0.04733333333333333,0.0
77,2,Inflammation only,1.0909652242936305,1.0,0.5230833992540099,0.8,0.20420167492235053,0.044,0.0
77,3,Assay only,1.0909652242936305,1.0,0.7112288297911387,0.8,0.1518071745689468,0.05,0.0
77,4,Missingness only,1.195610218312196,1.0,0.5526756644491111,0.8,0.20277142413233004,0.28633333333333333,0.027
77,5,Combined strong,1.620842096820298,1.8,0.46858006339680164,0.8,0.20398489477934467,0.2623333333333333,0.014
78,0,No shift,0.9308914669864871,1.0,1.1514067456985049,0.8,0.20676944230100847,0.059,0.001
78,1,Kidney only,1.7557277942176603,1.8,1.1514067456985049,0.8,0.22132971539643997,0.05533333333333333,0.0
78,2,Inflammation only,0.9308914669864871,1.0,0.468366602366256,0.8,0.17825499769364805,0.05533333333333333,0.001
78,3,Assay only,0.9308914669864868,1.0,1.1514067456985047,0.8,0.20676944230100838,0.059,0.001
78,4,Missingness only,0.9406452774994335,1.0,1.3281871499897042,0.8,0.2018851334477906,0.287,0.028
78,5,Combined strong,1.8262782980167518,1.8,0.42173445159473166,0.8,0.20757242026413072,0.2653333333333333,0.018
79,0,No shift,1.232315367315796,1.0,0.5603150763527682,0.8,0.2532432369283191,0.05433333333333333,0.0
79,1,Kidney only,1.8973517125545118,1.8,0.5603150763527682,0.8,0.19223219968898814,0.05333333333333334,0.0
79,2,Inflammation only,1.232315367315796,1.0,1.2205861561242723,0.8,0.26886880362896354,0.052,0.0
79,3,Assay only,1.232315367315796,1.0,0.5603150763527682,0.8,0.2532432369283191,0.05433333333333333,0.0
79,4,Missingness only,0.9975309331040214,1.0,0.4849333252435434,0.8,0.26796343306370146,0.2806666666666667,0.021
79,5,Combined strong,2.015437125242157,1.8,1.107646518920406,0.8,0.26384690693385804,0.25733333333333336,0.012
80,0,No shift,0.9269646134679993,1.0,0.8772361945772509,0.8,0.24222416214329856,0.051,0.0
80,1,Kidney only,1.7274827053575919,1.8,0.8772361945772509,0.8,0.18391010679165454,0.04633333333333333,0.0
80,2,Inflammation only,0.9269646134679993,1.0,0.884736695029115,0.8,0.19409038916531546,0.04933333333333333,0.0
80,3,Assay only,0.9269646134679993,1.0,0.8772361945772509,0.8,0.2422241621432987,0.051,0.0
80,4,Missingness only,0.9201875327403649,1.0,0.8421354142501252,0.8,0.27222683797259345,0.302,0.023
80,5,Combined strong,1.5799897476958231,1.8,0.7517977678179847,0.8,0.15569918393923163,0.284,0.015
81,0,No shift,1.3027574693183481,1.0,0.6276608159717022,0.8,0.3735393058614226,0.053,0.0
81,1,Kidney only,1.6424116914133302,1.8,0.6276608159717022,0.8,0.3228100156737397,0.049666666666666665,0.0
81,2,Inflammation only,1.3027574693183481,1.0,0.6660441750260595,0.8,0.3746150006846468,0.053,0.0
81,3,Assay only,1.3027574693183477,1.0,0.627660815971702,0.8,0.3735393058614226,0.053,0.0
81,4,Missingness only,1.2169056318909366,1.0,0.7657852932696713,0.8,0.3334600137875672,0.2796666666666667,0.016
81,5,Combined strong,1.5220624942450207,1.8,0.6857246948327479,0.8,0.2411034789302025,0.25333333333333335,0.012
82,0,No shift,0.7181091550313701,1.0,0.7117455693258581,0.8,0.3897558953171047,0.063,0.0
82,1,Kidney only,1.9840197963447577,1.8,0.7117455693258581,0.8,0.3540117957176956,0.056,0.0
82,2,Inflammation only,0.7181091550313701,1.0,1.0098861093267988,0.8,0.2682829785037876,0.06233333333333333,0.0
82,3,Assay only,0.7181091550313701,1.0,0.7117455693258581,0.8,0.38975589531710464,0.063,0.0
82,4,Missingness only,0.563889758600344,1.0,0.6635422057107253,0.8,0.3130230503172209,0.2796666666666667,0.019
82,5,Combined strong,1.9564791133720716,1.8,1.146351539613272,0.8,0.22751385981052227,0.26066666666666666,0.018
83,0,No shift,0.8724432051633381,1.0,0.875983703669426,0.8,0.20776161350079372,0.055,0.0
83,1,Kidney only,1.822587758376209,1.8,0.875983703669426,0.8,0.277764313155375,0.052,0.0
83,2,Inflammation only,0.8724432051633381,1.0,0.6055090283056259,0.8,0.14882686346490023,0.052333333333333336,0.0
83,3,Assay only,0.8724432051633381,1.0,0.875983703669426,0.8,0.20776161350079372,0.055,0.0
83,4,Missingness only,0.8011335189788883,1.0,0.8561968237880908,0.8,0.17428684588424828,0.29133333333333333,0.018
83,5,Combined strong,1.5589025988765342,1.8,0.7550709583604309,0.8,0.23650260777898435,0.2663333333333333,0.014
84,0,No shift,1.0274402508915992,1.0,0.9752404630174746,0.8,0.19082906386486573,0.057,0.001
84,1,Kidney only,1.787685821755824,1.8,0.9752404630174746,0.8,0.19948179326592197,0.05333333333333334,0.001
84,2,Inflammation only,1.0274402508915992,1.0,0.7068756805187647,0.8,0.07762513969091112,0.054,0.001
84,3,Assay only,1.027440250891599,1.0,0.9752404630174745,0.8,0.19082906386486573,0.057,0.001
84,4,Missingness only,1.1178742825065724,1.0,0.9898549232602499,0.8,0.21960254857187528,0.294,0.017
84,5,Combined strong,1.6607326804286373,1.8,0.7520435635963045,0.8,0.12004043633755838,0.277,0.011
85,0,No shift,1.0166117008588633,1.0,0.17978345636375112,0.8,0.36180346306169114,0.05333333333333334,0.0
85,1,Kidney only,1.842161382236593,1.8,0.17978345636375112,0.8,0.36314646228563496,0.051,0.0
85,2,Inflammation only,1.0166117008588633,1.0,1.057829244132929,0.8,0.1438753475071799,0.050666666666666665,0.0
85,3,Assay only,1.0166117008588638,1.0,0.179783456363751,0.8,0.3618034630616912,0.05333333333333334,0.0
85,4,Missingness only,1.2074708153683653,1.0,0.12324124573315268,0.8,0.48071391612902276,0.2803333333333333,0.015
85,5,Combined strong,1.7935834286506236,1.8,1.0600673640579807,0.8,0.13647218820392476,0.25766666666666665,0.019
86,0,No shift,0.9770527702237287,1.0,0.7227726796115589,0.8,0.2146278821836625,0.05633333333333333,0.0
86,1,Kidney only,2.0055192293993125,1.8,0.7227726796115589,0.8,0.20477645287483828,0.05433333333333333,0.0
86,2,Inflammation only,0.9770527702237287,1.0,0.8868512681337005,0.8,0.11633711690530608,0.053,0.0
86,3,Assay only,0.9770527702237285,1.0,0.7227726796115584,0.8,0.2146278821836625,0.05633333333333333,0.0
86,4,Missingness only,1.1183901023053362,1.0,0.6939503883944987,0.8,0.26918233476332987,0.2946666666666667,0.023
86,5,Combined strong,1.9244874924639654,1.8,0.9503041722646028,0.8,0.10761582782867356,0.266,0.019
87,0,No shift,1.3858119510494749,1.0,0.49255645689437605,0.8,0.21654616676945249,0.050666666666666665,0.0
87,1,Kidney only,1.4250375368268215,1.8,0.49255645689437605,0.8,0.24354798154037055,0.049666666666666665,0.0
87,2,Inflammation only,1.3858119510494749,1.0,0.8232488206274654,0.8,0.17548615199634313,0.04733333333333333,0.0
87,3,Assay only,1.3858119510494749,1.0,0.49255645689437605,0.8,0.21654616676945249,0.050666666666666665,0.0
87,4,Missingness only,1.2600608814656502,1.0,0.5778912549021835,0.8,0.3827454647693051,0.29233333333333333,0.026
87,5,Combined strong,1.5300351448090634,1.8,1.0078064849657538,0.8,0.26354841871424933,0.266,0.013
88,0,No shift,0.963793939378045,1.0,0.8279416911437538,0.8,0.21290512579988713,0.05,0.0
88,1,Kidney only,1.6317538802008615,1.8,0.8279416911437538,0.8,0.18460772151241356,0.04666666666666667,0.0
88,2,Inflammation only,0.963793939378045,1.0,1.078568543036542,0.8,0.24747679251464522,0.04633333333333333,0.0
88,3,Assay only,0.963793939378045,1.0,0.8279416911437538,0.8,0.21290512579988716,0.05,0.0
88,4,Missingness only,1.207586480966722,1.0,0.8840834179267764,0.8,0.18451466333002672,0.30266666666666664,0.034
88,5,Combined strong,1.481484943991259,1.8,1.0623999748188904,0.8,0.27443791616458973,0.2773333333333333,0.026
89,0,No shift,1.3560572378697344,1.0,0.6403700862104523,0.8,0.27743672800087277,0.06333333333333334,0.001
89,1,Kidney only,1.7850911035965298,1.8,0.6403700862104523,0.8,0.22206830808120828,0.057666666666666665,0.001
89,2,Inflammation only,1.3560572378697344,1.0,1.3143575614881062,0.8,0.2592756118213851,0.059666666666666666,0.001
89,3,Assay only,1.3560572378697344,1.0,0.6403700862104523,0.8,0.27743672800087277,0.06333333333333334,0.001
89,4,Missingness only,1.431376615608382,1.0,0.7920071570309657,0.8,0.17773024893506237,0.294,0.029
89,5,Combined strong,1.8492486186045274,1.8,1.3327349580029997,0.8,0.2253062832819268,0.26966666666666667,0.015
90,0,No shift,1.30596206779488,1.0,0.5373502197799784,0.8,0.22906998904973302,0.041,0.0
90,1,Kidney only,1.5416135627644432,1.8,0.5373502197799784,0.8,0.26030936435170865,0.043666666666666666,0.0
90,2,Inflammation only,1.30596206779488,1.0,0.7233109773218707,0.8,0.13044907992685942,0.03766666666666667,0.0
90,3,Assay only,1.30596206779488,1.0,0.5373502197799784,0.8,0.22906998904973305,0.041,0.0
90,4,Missingness only,1.4068825348171665,1.0,0.6560633273839137,0.8,0.3136704595297153,0.2876666666666667,0.021
90,5,Combined strong,1.5336795185750822,1.8,0.5872705581874502,0.8,0.13522825733997137,0.25833333333333336,0.016
91,0,No shift,0.9749374469791806,1.0,0.8142206989580882,0.8,0.09569785801875412,0.06333333333333334,0.0
91,1,Kidney only,1.8164596406567617,1.8,0.8142206989580882,0.8,0.1105702262187498,0.06,0.0
91,2,Inflammation only,0.9749374469791806,1.0,0.9050665783901982,0.8,0.08062898272187172,0.059333333333333335,0.0
91,3,Assay only,0.9749374469791806,1.0,0.8142206989580881,0.8,0.09569785801875409,0.06333333333333334,0.0
91,4,Missingness only,0.9544743141037095,1.0,0.9312017669946132,0.8,0.09354668355515104,0.29,0.03
91,5,Combined strong,1.8134481346188127,1.8,0.8417962489740968,0.8,0.1047241565314681,0.265,0.021
92,0,No shift,0.795873143916573,1.0,0.9663384185732744,0.8,0.30488948579089864,0.049666666666666665,0.0
92,1,Kidney only,1.9744890685032426,1.8,0.9663384185732744,0.8,0.2685944734031234,0.04566666666666667,0.0
92,2,Inflammation only,0.795873143916573,1.0,0.697359412274086,0.8,0.13218928976408,0.04933333333333333,0.0
92,3,Assay only,0.795873143916573,1.0,0.9663384185732744,0.8,0.30488948579089864,0.049666666666666665,0.0
92,4,Missingness only,0.6290586986446973,1.0,0.9772347889220602,0.8,0.2531897674297388,0.2826666666666667,0.023
92,5,Combined strong,1.975200816852605,1.8,0.6448781908645372,0.8,0.20717515823956253,0.26266666666666666,0.018
93,0,No shift,0.9008876366607728,1.0,0.8198227783988242,0.8,0.10098985960219163,0.049666666666666665,0.001
93,1,Kidney only,1.7677602998238913,1.8,0.8198227783988242,0.8,0.13757072326603959,0.04766666666666667,0.001
93,2,Inflammation only,0.9008876366607728,1.0,0.7855421897664754,0.8,0.17102367156049295,0.047,0.001
93,3,Assay only,0.9008876366607727,1.0,0.8198227783988242,0.8,0.10098985960219165,0.049666666666666665,0.001
93,4,Missingness only,1.0123022371929775,1.0,0.8930584145978647,0.8,0.08843065528450571,0.2723333333333333,0.015
93,5,Combined strong,1.751830844532246,1.8,0.8650905446000593,0.8,0.09512675667740218,0.25066666666666665,0.015
94,0,No shift,1.3780376004739636,1.0,0.8174492368363957,0.8,0.2687109579001783,0.05633333333333333,0.001
94,1,Kidney only,1.6419130679605085,1.8,0.8174492368363957,0.8,0.2405192973450032,0.054,0.001
94,2,Inflammation only,1.3780376004739636,1.0,0.5858578448030974,0.8,0.18306842194742412,0.053,0.001
94,3,Assay only,1.3780376004739643,1.0,0.8174492368363955,0.8,0.2687109579001782,0.05633333333333333,0.001
94,4,Missingness only,1.411581075527074,1.0,0.8155437938562523,0.8,0.1902232664283544,0.289,0.024
94,5,Combined strong,1.5131610672369975,1.8,0.6725039248439797,0.8,0.1342446881146196,0.2733333333333333,0.021
95,0,No shift,1.0396492678480558,1.0,0.7323276217557364,0.8,0.2130610091550028,0.071,0.0
95,1,Kidney only,1.8775496261116364,1.8,0.7323276217557364,0.8,0.21468769025351953,0.06633333333333333,0.0
95,2,Inflammation only,1.0396492678480558,1.0,1.0671172426784437,0.8,0.13765640259883163,0.065,0.0
95,3,Assay only,1.0396492678480558,1.0,0.7323276217557363,0.8,0.21306100915500284,0.071,0.0
95,4,Missingness only,1.1485998057304896,1.0,0.7983879742025088,0.8,0.2348849553318444,0.3,0.023
95,5,Combined strong,1.8391143727735704,1.8,1.2571315555402163,0.8,0.15795300953695895,0.279,0.019
96,0,No shift,1.2493955313480445,1.0,0.9777660540386475,0.8,0.12447301001192745,0.06233333333333333,0.0
96,1,Kidney only,1.6640661638876368,1.8,0.9777660540386475,0.8,0.163819872178251,0.058,0.0
96,2,Inflammation only,1.2493955313480445,1.0,0.694645588159997,0.8,0.13025580091483102,0.059,0.0
96,3,Assay only,1.249395531348044,1.0,0.9777660540386475,0.8,0.12447301001192758,0.06233333333333333,0.0
96,4,Missingness only,1.3727491350530436,1.0,0.9371489259116411,0.8,0.1642318818483848,0.299,0.025
96,5,Combined strong,1.553002617223757,1.8,0.7150930620949141,0.8,0.21390588870653165,0.2776666666666667,0.021
97,0,No shift,1.4374995497737473,1.0,0.45763387489123364,0.8,0.22984775946911495,0.052,0.0
97,1,Kidney only,1.3425771642672872,1.8,0.45763387489123364,0.8,0.2395593331119485,0.048,0.0
97,2,Inflammation only,1.4374995497737473,1.0,1.0745342177524901,0.8,0.19354640607768775,0.048,0.0
97,3,Assay only,1.4374995497737466,1.0,0.4576338748912336,0.8,0.2298477594691149,0.052,0.0
97,4,Missingness only,1.4205813811472705,1.0,0.4265988304550372,0.8,0.24629540680472733,0.296,0.03
97,5,Combined strong,1.386088691139285,1.8,1.071998190277435,0.8,0.25823435885244045,0.2753333333333333,0.024
98,0,No shift,0.5996083608525766,1.0,0.5923481697102971,0.8,0.11468417502780937,0.050666666666666665,0.0
98,1,Kidney only,1.9306621226216272,1.8,0.5923481697102971,0.8,0.09835739492875085,0.051,0.0
98,2,Inflammation only,0.5996083608525766,1.0,0.9268372310952869,0.8,0.1173048546572611,0.048666666666666664,0.0
98,3,Assay only,0.5996083608525766,1.0,0.5923481697102971,0.8,0.11468417502780935,0.050666666666666665,0.0
98,4,Missingness only,0.5462365608231663,1.0,0.48376581241261124,0.8,0.28716231525204716,0.291,0.023
98,5,Combined strong,2.0990027547387933,1.8,0.8346061902627324,0.8,0.23782906644262125,0.27366666666666667,0.017
99,0,No shift,0.7889399240979387,1.0,0.7899879473710943,0.8,0.2355287231467305,0.053,0.0
99,1,Kidney only,1.7754850164486304,1.8,0.7899879473710943,0.8,0.18091433126030937,0.051666666666666666,0.0
99,2,Inflammation only,0.7889399240979387,1.0,0.7936571811733014,0.8,0.23978300366607974,0.053,0.0
99,3,Assay only,0.7889399240979388,1.0,0.789987947371094,0.8,0.2355287231467305,0.053,0.0
99,4,Missingness only,0.6015904900429779,1.0,0.7196978696890474,0.8,0.19162375000754536,0.284,0.024
99,5,Combined strong,2.0692367463757098,1.8,0.7440156018202873,0.8,0.10261086877329098,0.25866666666666666,0.023
100,0,No shift,0.9631118800379957,1.0,0.8406927908596231,0.8,0.2885316904822295,0.05266666666666667,0.0
100,1,Kidney only,2.043648011866582,1.8,0.8406927908596231,0.8,0.24675691098688107,0.048,0.0
100,2,Inflammation only,0.9631118800379957,1.0,0.7868203564034767,0.8,0.19045207989052695,0.051666666666666666,0.0
100,3,Assay only,0.9631118800379957,1.0,0.840692790859623,0.8,0.2885316904822295,0.05266666666666667,0.0
100,4,Missingness only,0.9250727134968432,1.0,0.9431212132899927,0.8,0.20332013657778816,0.2946666666666667,0.023
100,5,Combined strong,2.307028604209815,1.8,0.7638346415635566,0.8,0.18007203092082436,0.274,0.015
101,0,No shift,1.0792531132916823,1.0,0.5162201742333259,0.8,0.18490546431764363,0.051333333333333335,0.0
101,1,Kidney only,1.7225298591786273,1.8,0.5162201742333259,0.8,0.17898188316808716,0.049,0.0
101,2,Inflammation only,1.0792531132916823,1.0,1.0453442310485452,0.8,0.19394010790137473,0.051666666666666666,0.0
101,3,Assay only,1.079253113291682,1.0,0.5162201742333259,0.8,0.18490546431764357,0.051333333333333335,0.0
101,4,Missingness only,1.078920607642606,1.0,0.4976625840894834,0.8,0.25864416946602026,0.275,0.026
101,5,Combined strong,1.7743085072870801,1.8,0.9932623906943526,0.8,0.21341136260538934,0.25333333333333335,0.02
102,0,No shift,1.4582111850463948,1.0,0.8998904379592263,0.8,0.069749238096974,0.062,0.0
102,1,Kidney only,1.646498806446678,1.8,0.8998904379592263,0.8,0.10165854139952185,0.058,0.001
102,2,Inflammation only,1.4582111850463948,1.0,0.8108473107510863,0.8,0.16505177754681294,0.058,0.0
102,3,Assay only,1.4582111850463944,1.0,0.8998904379592261,0.8,0.06974923809697404,0.062,0.0
102,4,Missingness only,1.6464417535771416,1.0,1.0893839947774215,0.8,0.16124923399509955,0.28733333333333333,0.025
102,5,Combined strong,1.2583295649192168,1.8,0.8401411633677709,0.8,0.10333724654955143,0.2653333333333333,0.024
103,0,No shift,1.0953718638694925,1.0,0.9029376079992275,0.8,0.21847390040544096,0.057,0.001
103,1,Kidney only,1.7154640070574825,1.8,0.9029376079992275,0.8,0.18943759262760215,0.054,0.001
103,2,Inflammation only,1.0953718638694925,1.0,0.6025815370081827,0.8,0.21500168033354755,0.05533333333333333,0.001
103,3,Assay only,1.0953718638694923,1.0,0.9029376079992275,0.8,0.2184739004054409,0.057,0.001
103,4,Missingness only,1.3438618796738642,1.0,0.953604116025067,0.8,0.19422362168384835,0.2853333333333333,0.027
103,5,Combined strong,1.7070353061117132,1.8,0.38570773830789795,0.8,0.09419398622178933,0.257,0.019
104,0,No shift,1.038477039099096,1.0,0.6877879962310263,0.8,0.2478123707585751,0.05266666666666667,0.0
104,1,Kidney only,1.9353084184621718,1.8,0.6877879962310263,0.8,0.20150152192845763,0.050666666666666665,0.0
104,2,Inflammation only,1.038477039099096,1.0,0.9979593313626405,0.8,0.21635828911641408,0.04766666666666667,0.0
104,3,Assay only,1.038477039099096,1.0,0.6877879962310263,0.8,0.24781237075857515,0.05266666666666667,0.0
104,4,Missingness only,1.1434281268745357,1.0,0.7549642458298365,0.8,0.3276708082681649,0.29233333333333333,0.022
104,5,Combined strong,1.8200614128118509,1.8,1.0261689093209452,0.8,0.2086778129175433,0.2773333333333333,0.015
105,0,No shift,0.8800408797432322,1.0,0.9407001624802811,0.8,0.20236462357275325,0.05433333333333333,0.0
105,1,Kidney only,1.9733359073381014,1.8,0.9407001624802811,0.8,0.1738877982783228,0.051,0.0
105,2,Inflammation only,0.8800408797432322,1.0,0.4831006549878543,0.8,0.18374552852338402,0.05,0.0
105,3,Assay only,0.8800408797432322,1.0,0.9407001624802812,0.8,0.20236462357275323,0.05433333333333333,0.0
105,4,Missingness only,1.157066980310902,1.0,0.849231710685591,0.8,0.20228012005752877,0.302,0.027
105,5,Combined strong,1.7239915102069479,1.8,0.597197082015256,0.8,0.2450205606233691,0.27266666666666667,0.023
106,0,No shift,1.001476149541894,1.0,0.690840272169356,0.8,0.198778382250861,0.04466666666666667,0.0
106,1,Kidney only,1.690620724234282,1.8,0.690840272169356,0.8,0.3257928408273161,0.043666666666666666,0.0
106,2,Inflammation only,1.001476149541894,1.0,0.9749997068147426,0.8,0.20248292766424061,0.04733333333333333,0.0
106,3,Assay only,1.001476149541894,1.0,0.690840272169356,0.8,0.19877838225086092,0.04466666666666667,0.0
106,4,Missingness only,0.9108119339803006,1.0,0.6333150037283988,0.8,0.2175367220492879,0.282,0.025
106,5,Combined strong,1.7776516759057324,1.8,1.0692570698594104,0.8,0.306198879579664,0.269,0.022
107,0,No shift,1.0157947733156294,1.0,0.8603679289442906,0.8,0.2506528332642019,0.056,0.0
107,1,Kidney only,1.9390344817164273,1.8,0.8603679289442906,0.8,0.23435833881976553,0.05,0.0
107,2,Inflammation only,1.0157947733156294,1.0,0.8680189946027429,0.8,0.3341946328799342,0.05266666666666667,0.0
107,3,Assay only,1.0157947733156294,1.0,0.8603679289442906,0.8,0.2506528332642017,0.056,0.0
107,4,Missingness only,1.0899484040885612,1.0,0.8136196416108913,0.8,0.32933662459861673,0.2926666666666667,0.023
107,5,Combined strong,1.8081973689708684,1.8,0.8997364106901418,0.8,0.3250910236320407,0.26666666666666666,0.024
108,0,No shift,1.0799415513595294,1.0,1.2923371774352441,0.8,0.2382837663964473,0.057666666666666665,0.0
108,1,Kidney only,1.6081559747736351,1.8,1.2923371774352441,0.8,0.24818442633543342,0.05566666666666667,0.0
108,2,Inflammation only,1.0799415513595294,1.0,0.39959743055469094,0.8,0.2057448301154406,0.05466666666666667,0.0
108,3,Assay only,1.0799415513595294,1.0,1.2923371774352441,0.8,0.23828376639644736,0.057666666666666665,0.0
108,4,Missingness only,0.9948484602828545,1.0,1.319014153997656,0.8,0.24924526869430988,0.2796666666666667,0.021
108,5,Combined strong,1.6020968347071414,1.8,0.41126048601529647,0.8,0.22920662453156881,0.26033333333333336,0.017
109,0,No shift,1.1486287595688394,1.0,0.9251703909029794,0.8,0.16253853066969887,0.05333333333333334,0.001
109,1,Kidney only,1.75753630848036,1.8,0.9251703909029794,0.8,0.1292380677729069,0.05333333333333334,0.001
109,2,Inflammation only,1.1486287595688394,1.0,0.7397796193340557,0.8,0.22337458893308484,0.04933333333333333,0.001
109,3,Assay only,1.1486287595688394,1.0,0.9251703909029794,0.8,0.16253853066969884,0.05333333333333334,0.001
109,4,Missingness only,0.9586699506384428,1.0,0.7349129599292381,0.8,0.14230299396912183,0.282,0.026
109,5,Combined strong,1.8000799133284304,1.8,0.7573800340715426,0.8,0.20279765809218697,0.258,0.018
110,0,No shift,1.1247143651034097,1.0,0.7648144558903509,0.8,0.17647954342927671,0.057,0.0
110,1,Kidney only,1.7463909488646632,1.8,0.7648144558903509,0.8,0.19115051439563813,0.05333333333333334,0.0
110,2,Inflammation only,1.1247143651034097,1.0,1.1020454612543855,0.8,0.03704607669528769,0.05266666666666667,0.0
110,3,Assay only,1.12471436510341,1.0,0.7648144558903509,0.8,0.17647954342927674,0.057,0.0
110,4,Missingness only,1.2486499645017137,1.0,0.7804467105313979,0.8,0.25433213606607413,0.29333333333333333,0.023
110,5,Combined strong,1.7511114252476094,1.8,0.9362546618875063,0.8,0.1098846391640944,0.25966666666666666,0.014
111,0,No shift,1.0915597468923495,1.0,0.5654574415053618,0.8,0.2047181633454373,0.06,0.0
111,1,Kidney only,1.7982415919737227,1.8,0.5654574415053618,0.8,0.2870462333950835,0.05466666666666667,0.0
111,2,Inflammation only,1.0915597468923495,1.0,0.9400949557139444,0.8,0.14103521711639935,0.057666666666666665,0.0
111,3,Assay only,1.0915597468923492,1.0,0.5654574415053617,0.8,0.20471816334543735,0.06,0.0
111,4,Missingness only,0.8746697792149676,1.0,0.47619755636514155,0.8,0.1955461094414775,0.29533333333333334,0.017
111,5,Combined strong,1.8624478565083307,1.8,1.005245832282242,0.8,0.2527713727538287,0.26966666666666667,0.015
112,0,No shift,0.6594815203983504,1.0,1.0209326654307498,0.8,0.2695697120396934,0.06233333333333333,0.0
112,1,Kidney only,2.033602846386036,1.8,1.0209326654307498,0.8,0.27059055953607397,0.057666666666666665,0.0
112,2,Inflammation only,0.6594815203983504,1.0,0.8739888266885693,0.8,0.22004319813882134,0.058,0.0
112,3,Assay only,0.6594815203983504,1.0,1.0209326654307498,0.8,0.26956971203969343,0.06233333333333333,0.0
112,4,Missingness only,0.673639518809245,1.0,1.100726211770304,0.8,0.30097151186969096,0.297,0.025
112,5,Combined strong,2.1206532971895826,1.8,0.9999583623116759,0.8,0.19931050500005268,0.272,0.019
113,0,No shift,1.0925624175916238,1.0,0.8084153722688014,0.8,0.17702534959958222,0.05,0.0
113,1,Kidney only,1.483784269407016,1.8,0.8084153722688014,0.8,0.22010954855972445,0.049,0.0
113,2,Inflammation only,1.0925624175916238,1.0,1.0368668380040882,0.8,0.1730139976561621,0.048666666666666664,0.0
113,3,Assay only,1.0925624175916238,1.0,0.8084153722688016,0.8,0.17702534959958216,0.05,0.0
113,4,Missingness only,1.1351374464333654,1.0,0.8474829765654954,0.8,0.1940274936880383,0.29,0.023
113,5,Combined strong,1.6389376852185376,1.8,0.9886760255607792,0.8,0.23789781735977628,0.27,0.017
114,0,No shift,1.2052599172601375,1.0,1.2099711239882387,0.8,0.19268234833465528,0.053,0.0
114,1,Kidney only,1.5175382279016576,1.8,1.2099711239882387,0.8,0.14226376844625016,0.04833333333333333,0.0
114,2,Inflammation only,1.2052599172601375,1.0,0.850335686979653,0.8,0.18292126222516739,0.04933333333333333,0.0
114,3,Assay only,1.2052599172601375,1.0,1.2099711239882387,0.8,0.19268234833465528,0.053,0.0
114,4,Missingness only,1.2634648159200952,1.0,1.397626723582407,0.8,0.22960274030378014,0.293,0.019
114,5,Combined strong,1.568695950557753,1.8,0.7437054527377418,0.8,0.2019739196654975,0.27166666666666667,0.017
115,0,No shift,1.2305434911371302,1.0,1.1163511941962585,0.8,0.1899950628811313,0.06,0.0
115,1,Kidney only,1.524573675689197,1.8,1.1163511941962585,0.8,0.20408498202280465,0.058,0.0
115,2,Inflammation only,1.2305434911371302,1.0,0.6233273023816092,0.8,0.09686259797864463,0.057,0.0
115,3,Assay only,1.2305434911371305,1.0,1.116351194196258,0.8,0.18999506288113122,0.06,0.0
115,4,Missingness only,1.2105166085812384,1.0,1.2420541270320238,0.8,0.11165887596023,0.289,0.028
115,5,Combined strong,1.570035377946932,1.8,0.4959619133107363,0.8,0.1438115286756753,0.265,0.015
116,0,No shift,1.0280453937431364,1.0,0.6249774226827866,0.8,0.3366505083547243,0.05733333333333333,0.0
116,1,Kidney only,1.9015341773785506,1.8,0.6249774226827866,0.8,0.2584797089026619,0.051666666666666666,0.0
116,2,Inflammation only,1.0280453937431364,1.0,0.7735054244167463,0.8,0.23296887364661312,0.05366666666666667,0.0
116,3,Assay only,1.0280453937431364,1.0,0.6249774226827864,0.8,0.3366505083547243,0.05733333333333333,0.0
116,4,Missingness only,0.9968637866663193,1.0,0.6712277364383836,0.8,0.3950037059763812,0.289,0.024
116,5,Combined strong,1.9288115930512566,1.8,0.887563149933617,0.8,0.22172444014359657,0.266,0.02
117,0,No shift,0.8534373288899862,1.0,0.8683007749618291,0.8,0.13819639616279697,0.048,0.0
117,1,Kidney only,1.7482638317798915,1.8,0.8683007749618291,0.8,0.12195422866475206,0.04833333333333333,0.0
117,2,Inflammation only,0.8534373288899862,1.0,0.6318157944804432,0.8,0.18659817685609453,0.04766666666666667,0.0
117,3,Assay only,0.8534373288899862,1.0,0.868300774961829,0.8,0.13819639616279697,0.048,0.0
117,4,Missingness only,0.8680585725230435,1.0,0.6913231728851145,0.8,0.20239605348970932,0.2846666666666667,0.023
117,5,Combined strong,1.765332691665803,1.8,0.6839489046533435,0.8,0.1825004685054637,0.26033333333333336,0.018
118,0,No shift,0.752052362308266,1.0,0.6572588038492316,0.8,0.13416609186190667,0.062,0.0
118,1,Kidney only,2.181094920881489,1.8,0.6572588038492316,0.8,0.2205747499095882,0.061,0.0
118,2,Inflammation only,0.752052362308266,1.0,0.4557950200438719,0.8,0.15898557372493313,0.056,0.0
118,3,Assay only,0.7520523623082659,1.0,0.6572588038492314,0.8,0.13416609186190667,0.062,0.0
118,4,Missingness only,0.7193041923550864,1.0,0.7315730733982886,0.8,0.16762433897648693,0.2996666666666667,0.022
118,5,Combined strong,2.1874585946333704,1.8,0.4687667100137752,0.8,0.22754188902995803,0.2803333333333333,0.017
119,0,No shift,1.345093983982353,1.0,0.9187544873106892,0.8,0.18041188580938394,0.05433333333333333,0.0
119,1,Kidney only,1.5020324240460292,1.8,0.9187544873106892,0.8,0.17804749447043527,0.05366666666666667,0.0
119,2,Inflammation only,1.345093983982353,1.0,0.7316548848375414,0.8,0.1635607184982408,0.051666666666666666,0.0
119,3,Assay only,1.345093983982353,1.0,0.9187544873106891,0.8,0.18041188580938394,0.05433333333333333,0.0
119,4,Missingness only,1.174773925511109,1.0,0.7966389402433541,0.8,0.14801296186133844,0.2763333333333333,0.015
119,5,Combined strong,1.7518621531310612,1.8,0.6814375704344325,0.8,0.13798210589215149,0.26066666666666666,0.017
120,0,No shift,0.9108550903988945,1.0,0.551079920042432,0.8,0.16343626774702713,0.058,0.0
120,1,Kidney only,1.70858615690646,1.8,0.551079920042432,0.8,0.10913512017231025,0.05533333333333333,0.0
120,2,Inflammation only,0.9108550903988945,1.0,0.9216081116424878,0.8,0.1239000404483573,0.056,0.0
120,3,Assay only,0.9108550903988945,1.0,0.551079920042432,0.8,0.16343626774702713,0.058,0.0
120,4,Missingness only,0.7918224542868187,1.0,0.5272020191520719,0.8,0.19148899274100886,0.28633333333333333,0.027
120,5,Combined strong,1.7308836197326796,1.8,0.9146993326097825,0.8,0.1446622091234868,0.26,0.022
121,0,No shift,1.0362777657975057,1.0,0.8037243753626797,0.8,0.22266994087004952,0.05366666666666667,0.001
121,1,Kidney only,1.685138880706157,1.8,0.8037243753626797,0.8,0.21630759313440087,0.053,0.001
121,2,Inflammation only,1.0362777657975057,1.0,1.022488728764417,0.8,0.22039219747522998,0.054,0.001
121,3,Assay only,1.0362777657975057,1.0,0.8037243753626794,0.8,0.22266994087004952,0.05366666666666667,0.001
121,4,Missingness only,1.1125065580219307,1.0,0.8377444601836109,0.8,0.17026859010307022,0.294,0.021
121,5,Combined strong,1.6414172735084593,1.8,0.9985381355258961,0.8,0.14417466618826116,0.27066666666666667,0.015
122,0,No shift,0.7471626479700201,1.0,0.7030162777114675,0.8,0.14016054222130525,0.059333333333333335,0.0
122,1,Kidney only,1.9720050188478588,1.8,0.7030162777114675,0.8,0.19019719307951263,0.058333333333333334,0.0
122,2,Inflammation only,0.7471626479700201,1.0,0.9333536317200625,0.8,0.13840176004913848,0.057,0.0
122,3,Assay only,0.7471626479700201,1.0,0.7030162777114675,0.8,0.14016054222130525,0.059333333333333335,0.0
122,4,Missingness only,0.7470021042603654,1.0,0.6518745450500344,0.8,0.15737198430127572,0.28633333333333333,0.024
122,5,Combined strong,1.9664722018830345,1.8,0.9664016801212538,0.8,0.20974365557875332,0.268,0.024
123,0,No shift,0.7597281481597895,1.0,0.4888269002117748,0.8,0.29659404153323177,0.050333333333333334,0.001
123,1,Kidney only,2.178819417838207,1.8,0.4888269002117748,0.8,0.33615881070406434,0.04633333333333333,0.001
123,2,Inflammation only,0.7597281481597895,1.0,1.287222450134456,0.8,0.2467646309580332,0.051,0.001
123,3,Assay only,0.7597281481597894,1.0,0.4888269002117748,0.8,0.29659404153323177,0.050333333333333334,0.001
123,4,Missingness only,0.7132515084678871,1.0,0.42294456686460324,0.8,0.2846126350514979,0.2823333333333333,0.027
123,5,Combined strong,2.242432266224931,1.8,1.3783791837861818,0.8,0.2734926987344659,0.265,0.023
124,0,No shift,1.2222800134068854,1.0,0.9898999118542017,0.8,0.24558847044146956,0.06433333333333334,0.0
124,1,Kidney only,1.4238250175612832,1.8,0.9898999118542017,0.8,0.21247232322054088,0.06066666666666667,0.0
124,2,Inflammation only,1.2222800134068854,1.0,0.7940650074038428,0.8,0.15862568937941124,0.06066666666666667,0.0
124,3,Assay only,1.2222800134068854,1.0,0.9898999118542017,0.8,0.24558847044146956,0.06433333333333334,0.0
124,4,Missingness only,1.4324115589262785,1.0,1.0021564140077366,0.8,0.1645933114811861,0.28833333333333333,0.026
124,5,Combined strong,1.33130372891687,1.8,0.7536987583064173,0.8,0.09372945932816985,0.2673333333333333,0.021
125,0,No shift,1.0665289532672648,1.0,0.688132596944313,0.8,0.13180664078314341,0.05266666666666667,0.0
125,1,Kidney only,1.3420996317059113,1.8,0.688132596944313,0.8,0.13813900516517572,0.050333333333333334,0.0
125,2,Inflammation only,1.0665289532672648,1.0,0.7844095428529126,0.8,0.1426959803992022,0.04766666666666667,0.0
125,3,Assay only,1.0665289532672646,1.0,0.6881325969443132,0.8,0.13180664078314336,0.05266666666666667,0.0
125,4,Missingness only,0.9453211782353567,1.0,0.6349537498257124,0.8,0.13977713864972105,0.3016666666666667,0.023
125,5,Combined strong,1.3228417200202611,1.8,0.5997748820850997,0.8,0.19174675146839806,0.277,0.014
126,0,No shift,0.6521724972309545,1.0,0.9544558839853852,0.8,0.31244174812782904,0.044,0.001
126,1,Kidney only,2.020979490302454,1.8,0.9544558839853852,0.8,0.24084371541837415,0.042333333333333334,0.0
126,2,Inflammation only,0.6521724972309545,1.0,0.4919168813830538,0.8,0.3236701286857259,0.04133333333333333,0.001
126,3,Assay only,0.6521724972309545,1.0,0.9544558839853852,0.8,0.31244174812782904,0.044,0.001
126,4,Missingness only,0.5269730076539069,1.0,0.9396881935127034,0.8,0.3119968470829804,0.2866666666666667,0.027
126,5,Combined strong,2.097373778499185,1.8,0.5729387032891102,0.8,0.2043844661437803,0.263,0.024
127,0,No shift,0.9494444648657521,1.0,0.6912045248630633,0.8,0.1392236008118738,0.05366666666666667,0.0
127,1,Kidney only,1.7734263298260509,1.8,0.6912045248630633,0.8,0.22222987881403317,0.051666666666666666,0.0
127,2,Inflammation only,0.9494444648657521,1.0,0.7156805505389138,0.8,0.1130208807606115,0.05266666666666667,0.0
127,3,Assay only,0.9494444648657521,1.0,0.691204524863063,0.8,0.1392236008118738,0.05366666666666667,0.0
127,4,Missingness only,0.985876185980947,1.0,0.7240415533487804,0.8,0.18138809077364199,0.281,0.026
127,5,Combined strong,1.7913514488343767,1.8,0.6702845428606562,0.8,0.2131199254878333,0.266,0.017
128,0,No shift,1.088292306204342,1.0,0.7266626448268443,0.8,0.1161085671067857,0.052333333333333336,0.0
128,1,Kidney only,1.7674059553978108,1.8,0.7266626448268443,0.8,0.12293038968306648,0.048666666666666664,0.0
128,2,Inflammation only,1.088292306204342,1.0,0.958238840444103,0.8,0.13455981485293822,0.048,0.0
128,3,Assay only,1.0882923062043421,1.0,0.7266626448268443,0.8,0.1161085671067857,0.052333333333333336,0.0
128,4,Missingness only,1.1187120513858277,1.0,0.6179110533431835,0.8,0.19912405908563305,0.2906666666666667,0.021
128,5,Combined strong,1.5806061316736015,1.8,1.0110072741183243,0.8,0.18852323282328096,0.267,0.015
129,0,No shift,1.1401110330290836,1.0,0.8076668340345979,0.8,0.308689877828141,0.048666666666666664,0.0
129,1,Kidney only,1.662638277697239,1.8,0.8076668340345979,0.8,0.2864993749560036,0.04466666666666667,0.0
129,2,Inflammation only,1.1401110330290836,1.0,0.7174796496898923,0.8,0.2999691669337137,0.047,0.0
129,3,Assay only,1.1401110330290836,1.0,0.8076668340345979,0.8,0.30868987782814106,0.048666666666666664,0.0
129,4,Missingness only,1.2248593052717456,1.0,0.7111386938641855,0.8,0.3269219301190204,0.288,0.028
129,5,Combined strong,1.6248943103364897,1.8,0.7346293602060405,0.8,0.2932031206489915,0.26566666666666666,0.019
130,0,No shift,0.983999020461067,1.0,0.5142503245864133,0.8,0.13546608577218877,0.048666666666666664,0.0
130,1,Kidney only,1.7922772655395334,1.8,0.5142503245864133,0.8,0.15498445131742578,0.04666666666666667,0.0
130,2,Inflammation only,0.983999020461067,1.0,0.8416693523041461,0.8,0.07978469843583762,0.04466666666666667,0.0
130,3,Assay only,0.983999020461067,1.0,0.5142503245864133,0.8,0.1354660857721888,0.048666666666666664,0.0
130,4,Missingness only,0.7398859960987468,1.0,0.5246348581947339,0.8,0.13082179514322376,0.29133333333333333,0.026
130,5,Combined strong,1.901317690295208,1.8,1.1987865381696101,0.8,0.1459569960541466,0.272,0.018
131,0,No shift,0.9175506810246492,1.0,0.982289188103762,0.8,0.18686792804489466,0.05566666666666667,0.0
131,1,Kidney only,1.9539379631735696,1.8,0.982289188103762,0.8,0.1467871883660022,0.052333333333333336,0.0
131,2,Inflammation only,0.9175506810246492,1.0,0.7009518729751455,0.8,0.17768492059804936,0.05266666666666667,0.0
131,3,Assay only,0.9175506810246494,1.0,0.982289188103762,0.8,0.18686792804489483,0.05566666666666667,0.0
131,4,Missingness only,0.9445146356444671,1.0,0.7280678447875287,0.8,0.19299363916403994,0.27266666666666667,0.019
131,5,Combined strong,1.9176632603468478,1.8,0.7845186514319854,0.8,0.10971761000644653,0.25333333333333335,0.015
132,0,No shift,1.044516770430956,1.0,0.8186969361987253,0.8,0.14855865395534917,0.051333333333333335,0.0
132,1,Kidney only,1.8918987222667754,1.8,0.8186969361987253,0.8,0.2519829162012903,0.051666666666666666,0.0
132,2,Inflammation only,1.044516770430956,1.0,0.7016019992101153,0.8,0.18922998321260429,0.051,0.0
132,3,Assay only,1.044516770430956,1.0,0.818696936198725,0.8,0.14855865395534917,0.051333333333333335,0.0
132,4,Missingness only,0.9955195591947601,1.0,0.8341295342365764,0.8,0.20013504194541135,0.2926666666666667,0.028
132,5,Combined strong,1.9339374942761483,1.8,0.6427877059535947,0.8,0.25860641553452646,0.2773333333333333,0.014
133,0,No shift,0.8657475940524372,1.0,0.5369950762517646,0.8,0.08651581161285998,0.05333333333333334,0.0
133,1,Kidney only,2.055186910423423,1.8,0.5369950762517646,0.8,0.0715387145089171,0.049,0.0
133,2,Inflammation only,0.8657475940524372,1.0,0.8633838898491097,0.8,0.1328413066324387,0.052,0.0
133,3,Assay only,0.8657475940524372,1.0,0.5369950762517646,0.8,0.08651581161285997,0.05333333333333334,0.0
133,4,Missingness only,0.6632680228692972,1.0,0.49249023977912765,0.8,0.09375672328896546,0.2876666666666667,0.027
133,5,Combined strong,2.108839795220067,1.8,0.8558273954031876,0.8,0.09639526757114819,0.266,0.022
134,0,No shift,0.9591246279262452,1.0,1.0227513283142327,0.8,0.16205905477798055,0.05366666666666667,0.0
134,1,Kidney only,1.7376871873488924,1.8,1.0227513283142327,0.8,0.15044459955928993,0.05466666666666667,0.0
134,2,Inflammation only,0.9591246279262452,1.0,0.9683530144076864,0.8,0.13378286853079002,0.049666666666666665,0.0
134,3,Assay only,0.9591246279262452,1.0,1.0227513283142327,0.8,0.16205905477798052,0.05366666666666667,0.0
134,4,Missingness only,1.0717229789854466,1.0,1.0964851575859644,0.8,0.1823869477718024,0.285,0.031
134,5,Combined strong,1.7670713859113099,1.8,0.825951470235741,0.8,0.05424198520490688,0.26366666666666666,0.02
135,0,No shift,1.1624965391224378,1.0,0.47670448070557986,0.8,0.11876815313137731,0.050333333333333334,0.001
135,1,Kidney only,1.7668624631843548,1.8,0.47670448070557986,0.8,0.10396432888307984,0.046,0.001
135,2,Inflammation only,1.1624965391224378,1.0,0.8489043748749592,0.8,0.10900266332394762,0.04933333333333333,0.001
135,3,Assay only,1.1624965391224378,1.0,0.47670448070557986,0.8,0.11876815313137727,0.050333333333333334,0.001
135,4,Missingness only,1.2673651053428705,1.0,0.4962138449145194,0.8,0.12665493561347327,0.2813333333333333,0.017
135,5,Combined strong,1.6159094947160786,1.8,0.8730281193516448,0.8,0.16350129967176913,0.26166666666666666,0.013
136,0,No shift,0.8435122316843601,1.0,1.060000030983408,0.8,0.2098504541879782,0.056,0.0
136,1,Kidney only,1.666508609346739,1.8,1.060000030983408,0.8,0.2086889953338443,0.05633333333333333,0.0
136,2,Inflammation only,0.8435122316843601,1.0,0.46848365028575684,0.8,0.09987225036013118,0.051666666666666666,0.0
136,3,Assay only,0.8435122316843601,1.0,1.060000030983408,0.8,0.20985045418797826,0.056,0.0
136,4,Missingness only,0.7898063793620783,1.0,1.2118449875118078,0.8,0.22397878395540455,0.277,0.022
136,5,Combined strong,1.7241460006074267,1.8,0.33135612674943304,0.8,0.17198673080572402,0.25966666666666666,0.015
137,0,No shift,1.204386397338756,1.0,0.8291228253055175,0.8,0.17300269879880376,0.056,0.0
137,1,Kidney only,1.7749788652378582,1.8,0.8291228253055175,0.8,0.17859379151541965,0.057,0.0
137,2,Inflammation only,1.204386397338756,1.0,0.5882951861510435,0.8,0.2545070393262297,0.05366666666666667,0.0
137,3,Assay only,1.204386397338756,1.0,0.8291228253055175,0.8,0.17300269879880376,0.056,0.0
137,4,Missingness only,1.1720852947770486,1.0,0.8219371225792786,0.8,0.25224443462319185,0.29033333333333333,0.021
137,5,Combined strong,1.9411599847740957,1.8,0.536218878525241,0.8,0.2581860631852795,0.2693333333333333,0.014
138,0,No shift,0.8918911205662887,1.0,0.5089452219225961,0.8,0.1479545224769792,0.04766666666666667,0.0
138,1,Kidney only,1.9608819863609221,1.8,0.5089452219225961,0.8,0.17004693972426727,0.042666666666666665,0.0
138,2,Inflammation only,0.8918911205662887,1.0,1.037135251764311,0.8,0.09279564929717708,0.04666666666666667,0.0
138,3,Assay only,0.8918911205662887,1.0,0.508945221922596,0.8,0.1479545224769792,0.04766666666666667,0.0
138,4,Missingness only,0.871382665612788,1.0,0.6454531688116679,0.8,0.16664992521566166,0.2876666666666667,0.024
138,5,Combined strong,2.2699805446318337,1.8,1.0119222665261316,0.8,0.16154044239205753,0.2663333333333333,0.019
139,0,No shift,0.978090439036186,1.0,0.7521060176810918,0.8,0.1776525969297905,0.050666666666666665,0.0
139,1,Kidney only,1.7611733504860774,1.8,0.7521060176810918,0.8,0.19950691162466827,0.04766666666666667,0.0
139,2,Inflammation only,0.978090439036186,1.0,0.8995443874370712,0.8,0.1981547349694427,0.04533333333333334,0.0
139,3,Assay only,0.9780904390361862,1.0,0.7521060176810918,0.8,0.17765259692979044,0.050666666666666665,0.0
139,4,Missingness only,0.973776754335034,1.0,0.6254526146293067,0.8,0.26819458920386097,0.2866666666666667,0.03
139,5,Combined strong,1.6031172026600082,1.8,1.1485244679819762,0.8,0.15662116335162385,0.26866666666666666,0.021
140,0,No shift,0.6902265606220062,1.0,0.6971270910070904,0.8,0.30666125443246317,0.05633333333333333,0.0
140,1,Kidney only,1.9434075977603362,1.8,0.6971270910070904,0.8,0.2352462946665227,0.051333333333333335,0.0
140,2,Inflammation only,0.6902265606220062,1.0,0.785794072277447,0.8,0.2821885311320076,0.051666666666666666,0.0
140,3,Assay only,0.690226560622006,1.0,0.6971270910070904,0.8,0.30666125443246317,0.05633333333333333,0.0
140,4,Missingness only,0.787920151867598,1.0,0.6271947688304723,0.8,0.27860493929248753,0.303,0.023
140,5,Combined strong,1.7308265513696082,1.8,0.8294828066817149,0.8,0.19144813903061966,0.2733333333333333,0.014
141,0,No shift,1.38369550386593,1.0,1.0096976248473206,0.8,0.20016446565130142,0.058,0.0
141,1,Kidney only,1.5456673555297853,1.8,1.0096976248473206,0.8,0.15695450865731958,0.05433333333333333,0.0
141,2,Inflammation only,1.38369550386593,1.0,0.6390050139659842,0.8,0.2703166815511179,0.057,0.0
141,3,Assay only,1.38369550386593,1.0,1.0096976248473204,0.8,0.20016446565130142,0.058,0.0
141,4,Missingness only,1.422258689496379,1.0,0.9436854659569344,0.8,0.2587854204183032,0.2833333333333333,0.02
141,5,Combined strong,1.5170456877683347,1.8,0.6319992602123672,0.8,0.26318124310304425,0.257,0.015
142,0,No shift,0.9689962096579868,1.0,1.401066952869511,0.8,0.21642642910088772,0.05733333333333333,0.0
142,1,Kidney only,1.8638384982831204,1.8,1.401066952869511,0.8,0.2497678227829292,0.056666666666666664,0.0
142,2,Inflammation only,0.9689962096579868,1.0,0.48694877243760326,0.8,0.2350673628139892,0.05466666666666667,0.0
142,3,Assay only,0.9689962096579868,1.0,1.401066952869511,0.8,0.21642642910088758,0.05733333333333333,0.0
142,4,Missingness only,0.9877420210421614,1.0,1.5816540194649957,0.8,0.2971528905285694,0.2896666666666667,0.024
142,5,Combined strong,1.8525138192147503,1.8,0.4322922740746945,0.8,0.30707659985875546,0.264,0.024
143,0,No shift,0.8946672490441114,1.0,0.6060236327819899,0.8,0.23714963342670323,0.056,0.001
143,1,Kidney only,1.8256880032253806,1.8,0.6060236327819899,0.8,0.22555298241667363,0.05433333333333333,0.001
143,2,Inflammation only,0.8946672490441114,1.0,1.0124754679137036,0.8,0.3683018613411901,0.05533333333333333,0.001
143,3,Assay only,0.8946672490441114,1.0,0.60602363278199,0.8,0.23714963342670323,0.056,0.001
143,4,Missingness only,0.8958930039397283,1.0,0.6342231117661329,0.8,0.26241123577259884,0.295,0.021
143,5,Combined strong,1.9111304358054022,1.8,0.9964551238923347,0.8,0.38899202381825276,0.27266666666666667,0.02
144,0,No shift,1.0518327543655397,1.0,0.9024720753836687,0.8,0.25125858204592777,0.061,0.001
144,1,Kidney only,1.7779678539091306,1.8,0.9024720753836687,0.8,0.2494571487568328,0.056666666666666664,0.001
144,2,Inflammation only,1.0518327543655397,1.0,0.7231087478723325,0.8,0.15923223473282955,0.057,0.001
144,3,Assay only,1.0518327543655397,1.0,0.9024720753836687,0.8,0.2512585820459277,0.061,0.001
144,4,Missingness only,0.9602593860390937,1.0,0.8976519703278124,0.8,0.2416424542375099,0.2906666666666667,0.022
144,5,Combined strong,1.748080685689011,1.8,0.7989787066034038,0.8,0.1714864245474615,0.269,0.017
145,0,No shift,1.0558434692272671,1.0,0.5029563734786182,0.8,0.09364372748344116,0.051666666666666666,0.0
145,1,Kidney only,1.7699423633261753,1.8,0.5029563734786182,0.8,0.09538990576710894,0.051,0.0
145,2,Inflammation only,1.0558434692272671,1.0,0.9476484928005274,0.8,0.10335444466099485,0.05,0.0
145,3,Assay only,1.0558434692272671,1.0,0.5029563734786181,0.8,0.09364372748344117,0.051666666666666666,0.0
145,4,Missingness only,0.9660103090464286,1.0,0.5845556622450075,0.8,0.15409043497007982,0.28633333333333333,0.022
145,5,Combined strong,1.7868942960890741,1.8,0.8038562925232275,0.8,0.15788122737514407,0.26866666666666666,0.024
146,0,No shift,1.152192372124455,1.0,0.4690659385158487,0.8,0.23610542064437642,0.04933333333333333,0.0
146,1,Kidney only,1.770519647518544,1.8,0.4690659385158487,0.8,0.22302789408089355,0.044333333333333336,0.0
146,2,Inflammation only,1.152192372124455,1.0,1.0300008824111717,0.8,0.13190972506460624,0.04733333333333333,0.0
146,3,Assay only,1.152192372124455,1.0,0.4690659385158485,0.8,0.23610542064437642,0.04933333333333333,0.0
146,4,Missingness only,1.182852643465048,1.0,0.3751302136895495,0.8,0.21667447653829705,0.283,0.019
146,5,Combined strong,1.8401195063412876,1.8,1.0649523500071967,0.8,0.15104145801732388,0.25666666666666665,0.011
147,0,No shift,1.0353839655899102,1.0,0.29335978939339324,0.8,0.1769990109954053,0.05466666666666667,0.0
147,1,Kidney only,1.6992621355724447,1.8,0.29335978939339324,0.8,0.13070756527931457,0.05333333333333334,0.0
147,2,Inflammation only,1.0353839655899102,1.0,1.046864799287699,0.8,0.098156332760742,0.050666666666666665,0.0
147,3,Assay only,1.0353839655899102,1.0,0.2933597893933933,0.8,0.17699901099540533,0.05466666666666667,0.0
147,4,Missingness only,1.0915411269092414,1.0,0.34547446047577235,0.8,0.12322959477443936,0.27266666666666667,0.02
147,5,Combined strong,1.6034185902945841,1.8,1.0099116243036765,0.8,0.0929888513812613,0.25433333333333336,0.016
148,0,No shift,1.0556521248804942,1.0,0.9463786460015305,0.8,0.2190860317640354,0.055,0.001
148,1,Kidney only,1.7143611730031296,1.8,0.9463786460015305,0.8,0.25651014427866614,0.050666666666666665,0.0
148,2,Inflammation only,1.0556521248804942,1.0,0.7572342689659093,0.8,0.11246764879601183,0.052333333333333336,0.001
148,3,Assay only,1.0556521248804942,1.0,0.9463786460015305,0.8,0.2190860317640354,0.055,0.001
148,4,Missingness only,1.301866723586839,1.0,0.851479369793799,0.8,0.1740095110251189,0.29133333333333333,0.021
148,5,Combined strong,1.5868623502543102,1.8,0.7701409279956319,0.8,0.16969449101865164,0.2733333333333333,0.019
149,0,No shift,1.1833871692086506,1.0,0.9176883904065485,0.8,0.04565209686246658,0.059,0.0
149,1,Kidney only,1.560327762121086,1.8,0.9176883904065485,0.8,0.035423996442298926,0.05633333333333333,0.0
149,2,Inflammation only,1.1833871692086506,1.0,0.8008726082001184,0.8,0.1329929195783205,0.058,0.0
149,3,Assay only,1.1833871692086506,1.0,0.9176883904065485,0.8,0.045652096862466664,0.059,0.0
149,4,Missingness only,1.5025677794197532,1.0,0.9019620871064065,0.8,0.13791847096263443,0.284,0.017
149,5,Combined strong,1.3292428886932557,1.8,0.7462473855606611,0.8,0.2566396440238388,0.26566666666666666,0.012
150,0,No shift,0.6903969702119184,1.0,1.0192114935564005,0.8,0.17593545238573088,0.04533333333333334,0.0
150,1,Kidney only,2.0062626215528234,1.8,1.0192114935564005,0.8,0.14870271269700774,0.043666666666666666,0.0
150,2,Inflammation only,0.6903969702119184,1.0,0.6029966281032537,0.8,0.22771513287832734,0.044333333333333336,0.0
150,3,Assay only,0.6903969702119184,1.0,1.0192114935564005,0.8,0.17593545238573088,0.04533333333333334,0.0
150,4,Missingness only,0.5223436698986137,1.0,0.9392821129871718,0.8,0.12514236869739606,0.28,0.022
150,5,Combined strong,2.036594427232009,1.8,0.49842967563831214,0.8,0.2367569067067192,0.25666666666666665,0.018
151,0,No shift,1.1486916406684617,1.0,1.0216375927765284,0.8,0.11932836009403812,0.05466666666666667,0.0
151,1,Kidney only,1.6026721909900117,1.8,1.0216375927765284,0.8,0.13646143486371376,0.051,0.0
151,2,Inflammation only,1.1486916406684617,1.0,0.7143046628196876,0.8,0.15971199162932811,0.05266666666666667,0.0
151,3,Assay only,1.148691640668462,1.0,1.0216375927765284,0.8,0.11932836009403822,0.05466666666666667,0.0
151,4,Missingness only,0.9066531938170752,1.0,1.059759240032205,0.8,0.17067356650506849,0.279,0.02
151,5,Combined strong,1.7066560754357747,1.8,0.7555593977726596,0.8,0.15688255440693455,0.26033333333333336,0.021
152,0,No shift,1.3051162106649852,1.0,0.9250499468847808,0.8,0.11064310971643583,0.053,0.0
152,1,Kidney only,1.7131958707832757,1.8,0.9250499468847808,0.8,0.08376874901020105,0.051666666666666666,0.0
152,2,Inflammation only,1.3051162106649852,1.0,0.7565797662565015,0.8,0.12358037521220833,0.048666666666666664,0.0
152,3,Assay only,1.3051162106649852,1.0,0.9250499468847808,0.8,0.11064310971643576,0.053,0.0
152,4,Missingness only,1.310849432021193,1.0,0.9085372915792965,0.8,0.1880689396492539,0.297,0.018
152,5,Combined strong,1.6304700120953008,1.8,0.8351023112191652,0.8,0.21463980830665472,0.27166666666666667,0.017
153,0,No shift,0.9228238737643919,1.0,0.9085392671945489,0.8,0.10898921032414742,0.052,0.0
153,1,Kidney only,1.6709678833718349,1.8,0.9085392671945489,0.8,0.15771233935732942,0.051,0.0
153,2,Inflammation only,0.9228238737643919,1.0,0.7511031067357238,0.8,0.20297873010290457,0.048,0.0
153,3,Assay only,0.9228238737643919,1.0,0.9085392671945488,0.8,0.10898921032414745,0.052,0.0
153,4,Missingness only,0.8754505125371678,1.0,0.7885954926717159,0.8,0.11782937075881411,0.30133333333333334,0.02
153,5,Combined strong,1.6335329448775207,1.8,0.90964801450856,0.8,0.1791759150310329,0.2743333333333333,0.016
154,0,No shift,1.1073883781143803,1.0,0.5230801344068312,0.8,0.2623164806446691,0.052333333333333336,0.0
154,1,Kidney only,1.6253704379979288,1.8,0.5230801344068312,0.8,0.17411196394646747,0.04833333333333333,0.0
154,2,Inflammation only,1.1073883781143803,1.0,0.7894949156087584,0.8,0.2912019331275369,0.04633333333333333,0.0
154,3,Assay only,1.1073883781143803,1.0,0.5230801344068312,0.8,0.26231648064466917,0.052333333333333336,0.0
154,4,Missingness only,0.9708106701349845,1.0,0.3680701765579968,0.8,0.29633527849541297,0.286,0.016
154,5,Combined strong,1.6756033745824275,1.8,0.9160586410428845,0.8,0.19129565657837078,0.2633333333333333,0.012
155,0,No shift,0.9231897884378817,1.0,0.6872368574204573,0.8,0.13922475688006805,0.058,0.0
155,1,Kidney only,1.9098613527043782,1.8,0.6872368574204573,0.8,0.14765330650997363,0.05466666666666667,0.0
155,2,Inflammation only,0.9231897884378817,1.0,0.8981391980303001,0.8,0.11941813413876581,0.05466666666666667,0.0
155,3,Assay only,0.9231897884378817,1.0,0.6872368574204573,0.8,0.139224756880068,0.058,0.0
155,4,Missingness only,0.8187736841281114,1.0,0.5562866552864036,0.8,0.18856269203434656,0.295,0.012
155,5,Combined strong,1.969186049021499,1.8,0.9039811658767009,0.8,0.16229847904065384,0.271,0.008
156,0,No shift,1.0375735158665,1.0,0.6270153198781064,0.8,0.22228554571671363,0.058666666666666666,0.0
156,1,Kidney only,1.6427207840119293,1.8,0.6270153198781064,0.8,0.2243703444050746,0.05366666666666667,0.0
156,2,Inflammation only,1.0375735158665,1.0,0.7293078878418774,0.8,0.17976559739929993,0.05466666666666667,0.0
156,3,Assay only,1.0375735158665,1.0,0.6270153198781064,0.8,0.22228554571671363,0.058666666666666666,0.0
156,4,Missingness only,0.9885153571700867,1.0,0.6578124096312556,0.8,0.2639670084402548,0.28933333333333333,0.018
156,5,Combined strong,1.769839973737086,1.8,0.7852745100677386,0.8,0.19033468986724694,0.2823333333333333,0.02
157,0,No shift,0.4510676097961184,1.0,0.8129777964086481,0.8,0.2556778242618913,0.059333333333333335,0.0
157,1,Kidney only,2.2072036326578766,1.8,0.8129777964086481,0.8,0.22158315159940473,0.05333333333333334,0.0
157,2,Inflammation only,0.4510676097961184,1.0,0.9636418670603092,0.8,0.2207875605431013,0.05633333333333333,0.0
157,3,Assay only,0.45106760979611843,1.0,0.8129777964086483,0.8,0.25567782426189123,0.059333333333333335,0.0
157,4,Missingness only,0.5611558656368305,1.0,0.7377900500593751,0.8,0.15409009196887127,0.286,0.02
157,5,Combined strong,2.2351854853514856,1.8,1.03820816846929,0.8,0.21512998875724362,0.26666666666666666,0.014
158,0,No shift,0.8032941374342866,1.0,0.7939096254515738,0.8,0.3073173734909403,0.05533333333333333,0.0
158,1,Kidney only,1.9712934451686253,1.8,0.7939096254515738,0.8,0.28665490746315125,0.05466666666666667,0.0
158,2,Inflammation only,0.8032941374342866,1.0,0.7584266702035692,0.8,0.24233995428594912,0.050333333333333334,0.0
158,3,Assay only,0.8032941374342866,1.0,0.7939096254515741,0.8,0.3073173734909403,0.05533333333333333,0.0
158,4,Missingness only,0.8414566207642532,1.0,0.9297617166784168,0.8,0.3223141997271121,0.297,0.019
158,5,Combined strong,2.101365036984052,1.8,0.7902302100087397,0.8,0.16906241395848462,0.26766666666666666,0.014
159,0,No shift,1.0773538104938059,1.0,0.9858861433264137,0.8,0.23470640827589365,0.05333333333333334,0.0
159,1,Kidney only,1.5084060329769544,1.8,0.9858861433264137,0.8,0.1466654913566067,0.049,0.0
159,2,Inflammation only,1.0773538104938059,1.0,0.5199726639942426,0.8,0.28246795624462656,0.053,0.0
159,3,Assay only,1.0773538104938056,1.0,0.9858861433264133,0.8,0.23470640827589365,0.05333333333333334,0.0
159,4,Missingness only,0.7063997396116599,1.0,1.0036238591190698,0.8,0.24119116504945437,0.279,0.022
159,5,Combined strong,1.565901864373544,1.8,0.504317040113275,0.8,0.19850431752495418,0.257,0.011
160,0,No shift,1.1891212782047722,1.0,0.5095514745100794,0.8,0.10450992898450685,0.057666666666666665,0.0
160,1,Kidney only,1.6135431221108643,1.8,0.5095514745100794,0.8,0.13632273410719842,0.05266666666666667,0.0
160,2,Inflammation only,1.1891212782047722,1.0,1.0479701717628862,0.8,0.16877032217985347,0.05366666666666667,0.0
160,3,Assay only,1.1891212782047718,1.0,0.5095514745100794,0.8,0.10450992898450691,0.057666666666666665,0.0
160,4,Missingness only,1.3216734520863738,1.0,0.6206970002218113,0.8,0.15959442485679148,0.274,0.019
160,5,Combined strong,1.5330219551357946,1.8,1.0851275719565636,0.8,0.13187941601361963,0.25266666666666665,0.017
161,0,No shift,1.1002160892306219,1.0,0.6968970372052006,0.8,0.185000372561231,0.059333333333333335,0.0
161,1,Kidney only,1.4957955463653672,1.8,0.6968970372052006,0.8,0.21949494043916326,0.057,0.0
161,2,Inflammation only,1.1002160892306219,1.0,0.8441606468824759,0.8,0.259146854581152,0.057,0.0
161,3,Assay only,1.1002160892306219,1.0,0.6968970372052006,0.8,0.18500037256123095,0.059333333333333335,0.0
161,4,Missingness only,1.4617653892399705,1.0,0.7160719991108827,0.8,0.25243428853134825,0.292,0.028
161,5,Combined strong,1.387276541624411,1.8,0.916456509847598,0.8,0.3277570359722908,0.2673333333333333,0.022
162,0,No shift,0.8905646398688375,1.0,0.5155097906173465,0.8,0.3164066520545883,0.050333333333333334,0.0
162,1,Kidney only,1.7300562324350293,1.8,0.5155097906173465,0.8,0.28591817652919116,0.04466666666666667,0.0
162,2,Inflammation only,0.8905646398688375,1.0,0.8442947243571518,0.8,0.3159755165350865,0.047,0.0
162,3,Assay only,0.8905646398688375,1.0,0.5155097906173464,0.8,0.3164066520545884,0.050333333333333334,0.0
162,4,Missingness only,0.8002896047397104,1.0,0.5679050209972949,0.8,0.333711841261885,0.2876666666666667,0.02
162,5,Combined strong,1.9264263008795992,1.8,0.7374663050040585,0.8,0.33210824480528944,0.2683333333333333,0.013
163,0,No shift,1.05284184804918,1.0,0.8131591331732366,0.8,0.13838270184759943,0.06233333333333333,0.001
163,1,Kidney only,1.9114961744835008,1.8,0.8131591331732366,0.8,0.13594944574488027,0.058333333333333334,0.001
163,2,Inflammation only,1.05284184804918,1.0,1.0097306563166157,0.8,0.1240737513394551,0.057,0.0
163,3,Assay only,1.0528418480491795,1.0,0.8131591331732362,0.8,0.13838270184759957,0.06233333333333333,0.001
163,4,Missingness only,1.0212147442027955,1.0,0.7612625620824107,0.8,0.22980797865093347,0.29733333333333334,0.031
163,5,Combined strong,2.0120262099271553,1.8,0.9355143353467843,0.8,0.13563794861794234,0.27566666666666667,0.024
164,0,No shift,0.9452801413261946,1.0,0.625741023776621,0.8,0.11501486844855066,0.05466666666666667,0.0
164,1,Kidney only,1.8022082543458637,1.8,0.625741023776621,0.8,0.16310984472992407,0.051666666666666666,0.0
164,2,Inflammation only,0.9452801413261946,1.0,0.9779912811012598,0.8,0.05407277937220272,0.052,0.0
164,3,Assay only,0.9452801413261944,1.0,0.625741023776621,0.8,0.1150148684485507,0.05466666666666667,0.0
164,4,Missingness only,0.9922206872092315,1.0,0.8330685022662914,0.8,0.21296005790205344,0.288,0.024
164,5,Combined strong,1.8354963079743427,1.8,0.9124168026474246,0.8,0.13260573536328388,0.26366666666666666,0.018
165,0,No shift,1.2614713488861384,1.0,1.153489048595851,0.8,0.3273061873845341,0.05533333333333333,0.0
165,1,Kidney only,1.7328642656223672,1.8,1.153489048595851,0.8,0.2875092621995062,0.05333333333333334,0.0
165,2,Inflammation only,1.2614713488861384,1.0,0.7299577335557329,0.8,0.32960529820966894,0.05366666666666667,0.0
165,3,Assay only,1.2614713488861387,1.0,1.153489048595851,0.8,0.3273061873845341,0.05533333333333333,0.0
165,4,Missingness only,1.397092642455827,1.0,1.2174886012667798,0.8,0.2707855913356215,0.29433333333333334,0.019
165,5,Combined strong,1.4685641436756869,1.8,0.7717067316956602,0.8,0.31915884992852533,0.2723333333333333,0.015
166,0,No shift,0.7386114671979757,1.0,0.8873806109231979,0.8,0.4040204673625587,0.05266666666666667,0.0
166,1,Kidney only,2.092749819425422,1.8,0.8873806109231979,0.8,0.3934839826349907,0.049,0.0
166,2,Inflammation only,0.7386114671979757,1.0,0.606799146986164,0.8,0.2616224616916149,0.050666666666666665,0.0
166,3,Assay only,0.7386114671979755,1.0,0.8873806109231979,0.8,0.4040204673625586,0.05266666666666667,0.0
166,4,Missingness only,0.8162935282980361,1.0,0.822337943621419,0.8,0.37464106691451055,0.2866666666666667,0.027
166,5,Combined strong,2.0717400383561997,1.8,0.47275017561165134,0.8,0.2358968881117413,0.26066666666666666,0.016
167,0,No shift,0.25258055444081423,1.0,0.8127904286989809,0.8,0.16938647542694538,0.056,0.0
167,1,Kidney only,2.349568025507382,1.8,0.8127904286989809,0.8,0.10475752936148618,0.052333333333333336,0.0
167,2,Inflammation only,0.25258055444081423,1.0,0.8078015974321235,0.8,0.12620353354987138,0.05,0.0
167,3,Assay only,0.252580554440814,1.0,0.8127904286989808,0.8,0.16938647542694535,0.056,0.0
167,4,Missingness only,0.2871521242383992,1.0,0.8879821973176262,0.8,0.1808391664156321,0.28733333333333333,0.023
167,5,Combined strong,2.352262388341803,1.8,0.894072348308915,0.8,0.10015163911132363,0.263,0.013
168,0,No shift,1.2997510286122678,1.0,1.1561714086396184,0.8,0.18382321991077885,0.051333333333333335,0.0
168,1,Kidney only,1.606527803545085,1.8,1.1561714086396184,0.8,0.18916136447480658,0.05,0.0
168,2,Inflammation only,1.2997510286122678,1.0,0.6389869805824703,0.8,0.2301969145946552,0.05,0.0
168,3,Assay only,1.2997510286122678,1.0,1.1561714086396182,0.8,0.18382321991077877,0.051333333333333335,0.0
168,4,Missingness only,1.3467847027687754,1.0,1.0522195384440256,0.8,0.27047693253540983,0.2823333333333333,0.026
168,5,Combined strong,1.4797775734349667,1.8,0.7103322218205155,0.8,0.2844447149010056,0.261,0.019
169,0,No shift,1.1761795225691063,1.0,0.6214533169158671,0.8,0.3075681801089558,0.06133333333333333,0.001
169,1,Kidney only,1.7576481518039802,1.8,0.6214533169158671,0.8,0.2227029009164682,0.057666666666666665,0.001
169,2,Inflammation only,1.1761795225691063,1.0,0.8754339717091586,0.8,0.2217000291694164,0.05633333333333333,0.0
169,3,Assay only,1.1761795225691063,1.0,0.6214533169158671,0.8,0.3075681801089559,0.06133333333333333,0.001
169,4,Missingness only,1.2547505452154355,1.0,0.5118648257495602,0.8,0.37397810717497754,0.301,0.028
169,5,Combined strong,1.8500638225254962,1.8,0.8315057380814124,0.8,0.1444144258399716,0.278,0.021
170,0,No shift,0.871676711666092,1.0,0.8241190507030441,0.8,0.1690821546201047,0.04666666666666667,0.0
170,1,Kidney only,1.9264503538390523,1.8,0.8241190507030441,0.8,0.15731241489881892,0.04633333333333333,0.0
170,2,Inflammation only,0.871676711666092,1.0,1.005827480496109,0.8,0.17522733964620316,0.043333333333333335,0.0
170,3,Assay only,0.8716767116660918,1.0,0.8241190507030441,0.8,0.1690821546201047,0.04666666666666667,0.0
170,4,Missingness only,1.0783321505115204,1.0,0.9676340527837868,0.8,0.21098117946376688,0.3016666666666667,0.029
170,5,Combined strong,1.8092944223608431,1.8,0.9044922379571406,0.8,0.24276317813338927,0.27566666666666667,0.018
171,0,No shift,1.026003437431878,1.0,0.6246312936467636,0.8,0.18492225257084768,0.054,0.0
171,1,Kidney only,1.8289824020457162,1.8,0.6246312936467636,0.8,0.23301190801788163,0.051,0.0
171,2,Inflammation only,1.026003437431878,1.0,0.9870732829926715,0.8,0.15334953577867627,0.050333333333333334,0.0
171,3,Assay only,1.026003437431878,1.0,0.6246312936467636,0.8,0.18492225257084766,0.054,0.0
171,4,Missingness only,0.9953552362843916,1.0,0.5545525449082351,0.8,0.2923903222741947,0.28,0.023
171,5,Combined strong,1.798022121560719,1.8,0.9691756988885989,0.8,0.28886181710443526,0.25866666666666666,0.018
172,0,No shift,1.0787644785540174,1.0,0.6731531714406539,0.8,0.16026614493159455,0.050333333333333334,0.001
172,1,Kidney only,1.8153951697116377,1.8,0.6731531714406539,0.8,0.2193463643537613,0.04733333333333333,0.001
172,2,Inflammation only,1.0787644785540174,1.0,0.5223300519485985,0.8,0.22058777582043454,0.047,0.0
172,3,Assay only,1.078764478554017,1.0,0.6731531714406537,0.8,0.16026614493159452,0.050333333333333334,0.001
172,4,Missingness only,1.1017784099535959,1.0,0.3733193796828931,0.8,0.2459152313870595,0.2853333333333333,0.017
172,5,Combined strong,1.8944488414461869,1.8,0.8065025351860018,0.8,0.42341624109670595,0.2613333333333333,0.008
173,0,No shift,1.0993241174535813,1.0,0.9454800423662739,0.8,0.21805998616977795,0.04833333333333333,0.0
173,1,Kidney only,1.8124849258076978,1.8,0.9454800423662739,0.8,0.2350236901456559,0.046,0.0
173,2,Inflammation only,1.0993241174535813,1.0,0.7752237950231837,0.8,0.16095740133805195,0.047,0.0
173,3,Assay only,1.0993241174535813,1.0,0.9454800423662739,0.8,0.2180599861697779,0.04833333333333333,0.0
173,4,Missingness only,0.7843689341489335,1.0,0.9861365242920302,0.8,0.2088103998119922,0.28633333333333333,0.027
173,5,Combined strong,2.033706819404007,1.8,0.6672769205198575,0.8,0.16580776280823256,0.262,0.021
174,0,No shift,0.9351951506029578,1.0,0.5722237860193066,0.8,0.14731151264940673,0.05333333333333334,0.0
174,1,Kidney only,1.874160459499679,1.8,0.5722237860193066,0.8,0.17452357584849496,0.051333333333333335,0.0
174,2,Inflammation only,0.9351951506029578,1.0,0.9702828052569185,0.8,0.06184568729434516,0.051333333333333335,0.0
174,3,Assay only,0.9351951506029577,1.0,0.5722237860193066,0.8,0.14731151264940673,0.05333333333333334,0.0
174,4,Missingness only,1.0256268919078357,1.0,0.546845273959571,0.8,0.09957507347004883,0.294,0.018
174,5,Combined strong,1.7585857355124153,1.8,1.0358611029840858,0.8,0.11356130472118098,0.267,0.011
175,0,No shift,0.670624715456444,1.0,0.8803988430188315,0.8,0.1733204559468444,0.04933333333333333,0.0
175,1,Kidney only,2.0919939324461088,1.8,0.8803988430188315,0.8,0.15179358347109195,0.04766666666666667,0.0
175,2,Inflammation only,0.670624715456444,1.0,0.8177789179499693,0.8,0.19739793113073154,0.04666666666666667,0.0
175,3,Assay only,0.670624715456444,1.0,0.8803988430188315,0.8,0.1733204559468445,0.04933333333333333,0.0
175,4,Missingness only,0.4512857990226157,1.0,0.7858246598008133,0.8,0.12015555914283081,0.288,0.025
175,5,Combined strong,2.0132625643665403,1.8,0.8845432593548603,0.8,0.13943512837110655,0.2673333333333333,0.023
176,0,No shift,0.8895091878390168,1.0,0.7815093105160555,0.8,0.18888617593645154,0.056666666666666664,0.0
176,1,Kidney only,1.9286634496086337,1.8,0.7815093105160555,0.8,0.17688588129293334,0.057666666666666665,0.0
176,2,Inflammation only,0.8895091878390168,1.0,0.9663996727442223,0.8,0.15747548241564294,0.05366666666666667,0.0
176,3,Assay only,0.8895091878390168,1.0,0.7815093105160554,0.8,0.18888617593645154,0.056666666666666664,0.0
176,4,Missingness only,0.9574603588368941,1.0,0.831485125146339,0.8,0.3382397390935518,0.285,0.026
176,5,Combined strong,1.9499950858143513,1.8,1.0290690590619218,0.8,0.23083474494215184,0.2613333333333333,0.017
177,0,No shift,1.4542831309680442,1.0,0.6821441117025328,0.8,0.3415261557713344,0.06166666666666667,0.0
177,1,Kidney only,1.282562292079596,1.8,0.6821441117025328,0.8,0.30825951592316075,0.06,0.0
177,2,Inflammation only,1.4542831309680442,1.0,0.9433820041426827,0.8,0.343390169208668,0.05733333333333333,0.0
177,3,Assay only,1.4542831309680442,1.0,0.6821441117025325,0.8,0.3415261557713344,0.06166666666666667,0.0
177,4,Missingness only,1.385717210553507,1.0,0.5253878940736842,0.8,0.46247878997986547,0.29633333333333334,0.025
177,5,Combined strong,1.2214755229150058,1.8,1.1003298685998146,0.8,0.36173742438054013,0.27266666666666667,0.02
178,0,No shift,1.0081772806700833,1.0,1.006759780446358,0.8,0.11187140082724394,0.051,0.0
178,1,Kidney only,1.7510420860111202,1.8,1.006759780446358,0.8,0.14318859048488414,0.04666666666666667,0.0
178,2,Inflammation only,1.0081772806700833,1.0,0.6803983033592947,0.8,0.1734430062718386,0.048,0.0
178,3,Assay only,1.0081772806700833,1.0,1.006759780446358,0.8,0.11187140082724388,0.051,0.0
178,4,Missingness only,0.9805940504924476,1.0,0.9394162102548189,0.8,0.1609852645967426,0.29033333333333333,0.023
178,5,Combined strong,1.8629999958959598,1.8,0.604879662007327,0.8,0.2326233285120004,0.2673333333333333,0.018
179,0,No shift,1.1678793178985967,1.0,0.9672813444913159,0.8,0.17500193215542592,0.05533333333333333,0.0
179,1,Kidney only,1.6604847126279991,1.8,0.9672813444913159,0.8,0.18037325530243395,0.052333333333333336,0.0
179,2,Inflammation only,1.1678793178985967,1.0,0.5929625887890351,0.8,0.11837829531652647,0.051333333333333335,0.0
179,3,Assay only,1.1678793178985967,1.0,0.9672813444913158,0.8,0.17500193215542595,0.05533333333333333,0.0
179,4,Missingness only,0.9782753670548965,1.0,0.7370931313741678,0.8,0.23396713642118502,0.279,0.024
179,5,Combined strong,1.6834764010314685,1.8,0.5746566994128841,0.8,0.1999714307701426,0.2643333333333333,0.019
180,0,No shift,0.8089894103302925,1.0,0.4979101476820586,0.8,0.1640713806009163,0.050666666666666665,0.0
180,1,Kidney only,2.1497405894080464,1.8,0.4979101476820586,0.8,0.25346983114083105,0.048666666666666664,0.0
180,2,Inflammation only,0.8089894103302925,1.0,1.1825605385629148,0.8,0.16013273035330639,0.048,0.0
180,3,Assay only,0.8089894103302924,1.0,0.4979101476820584,0.8,0.16407138060091622,0.050666666666666665,0.0
180,4,Missingness only,1.0240540385400028,1.0,0.3246433907668341,0.8,0.16852515034251508,0.28933333333333333,0.028
180,5,Combined strong,2.1376247241611055,1.8,1.1995092058741021,0.8,0.21938487712038843,0.25833333333333336,0.019
181,0,No shift,1.2653948335042342,1.0,0.6679757138335362,0.8,0.20112915594859676,0.057666666666666665,0.001
181,1,Kidney only,1.7559179961530444,1.8,0.6679757138335362,0.8,0.20566278721161638,0.054,0.001
181,2,Inflammation only,1.2653948335042342,1.0,0.961548584292181,0.8,0.18696046661992607,0.05433333333333333,0.001
181,3,Assay only,1.2653948335042342,1.0,0.6679757138335362,0.8,0.20112915594859684,0.057666666666666665,0.001
181,4,Missingness only,1.114128493644842,1.0,0.658420674354514,0.8,0.25786147457284486,0.29,0.026
181,5,Combined strong,1.7323421919828306,1.8,1.046281440073876,0.8,0.2730832164286997,0.26566666666666666,0.023
182,0,No shift,1.2344225954017927,1.0,1.0495795277377098,0.8,0.12847692400750918,0.051333333333333335,0.0
182,1,Kidney only,1.6503501563497707,1.8,1.0495795277377098,0.8,0.10391465666706047,0.048,0.0
182,2,Inflammation only,1.2344225954017927,1.0,0.9079884478360186,0.8,0.13785493062121057,0.049666666666666665,0.0
182,3,Assay only,1.2344225954017927,1.0,1.0495795277377098,0.8,0.12847692400750918,0.051333333333333335,0.0
182,4,Missingness only,1.2066560606748407,1.0,1.1027254224887812,0.8,0.10735427053867463,0.26866666666666666,0.016
182,5,Combined strong,1.7193037024382567,1.8,0.9443044030590637,0.8,0.13224180408542618,0.252,0.012
183,0,No shift,0.6047022700450292,1.0,0.9027895877274263,0.8,0.2444548947745888,0.04933333333333333,0.0
183,1,Kidney only,2.1076667115034766,1.8,0.9027895877274263,0.8,0.2752887450905195,0.047,0.0
183,2,Inflammation only,0.6047022700450292,1.0,0.5122628022782709,0.8,0.13405146375644808,0.049666666666666665,0.0
183,3,Assay only,0.6047022700450292,1.0,0.9027895877274263,0.8,0.24445489477458873,0.04933333333333333,0.0
183,4,Missingness only,0.5493247715925688,1.0,0.8876007969477551,0.8,0.3272070894577245,0.2786666666666667,0.017
183,5,Combined strong,2.013244483772975,1.8,0.4917211362230929,0.8,0.3046866270577946,0.256,0.017
184,0,No shift,0.9470009238628575,1.0,1.0023980339600715,0.8,0.2157644741679955,0.056666666666666664,0.0
184,1,Kidney only,1.9300274114811364,1.8,1.0023980339600715,0.8,0.16836482187017715,0.054,0.0
184,2,Inflammation only,0.9470009238628575,1.0,0.940614830205421,0.8,0.18551508674570316,0.05533333333333333,0.0
184,3,Assay only,0.9470009238628575,1.0,1.0023980339600715,0.8,0.21576447416799543,0.056666666666666664,0.0
184,4,Missingness only,0.9615875658953761,1.0,0.9449711834909924,0.8,0.2169002808623214,0.2823333333333333,0.02
184,5,Combined strong,1.8601518119406666,1.8,0.8997370927769894,0.8,0.17776205919516122,0.26166666666666666,0.013
185,0,No shift,1.2823993166959817,1.0,1.303161820668111,0.8,0.1311755800827656,0.051666666666666666,0.001
185,1,Kidney only,1.7150926141780498,1.8,1.303161820668111,0.8,0.10457300178596862,0.04833333333333333,0.001
185,2,Inflammation only,1.2823993166959817,1.0,0.5199815752433194,0.8,0.15802096849399372,0.050333333333333334,0.001
185,3,Assay only,1.2823993166959817,1.0,1.3031618206681108,0.8,0.1311755800827656,0.051666666666666666,0.001
185,4,Missingness only,1.364862576239481,1.0,1.2246568403539277,0.8,0.23365123906272314,0.29333333333333333,0.032
185,5,Combined strong,1.6620247111233246,1.8,0.5528316531039514,0.8,0.18229084979322013,0.276,0.025
186,0,No shift,1.301825540557604,1.0,0.8301442225173976,0.8,0.14419827051094322,0.051666666666666666,0.0
186,1,Kidney only,1.690523089799785,1.8,0.8301442225173976,0.8,0.1562796915965624,0.04833333333333333,0.0
186,2,Inflammation only,1.301825540557604,1.0,1.0952983104252443,0.8,0.12017674728386815,0.05,0.0
186,3,Assay only,1.301825540557604,1.0,0.8301442225173976,0.8,0.14419827051094314,0.051666666666666666,0.0
186,4,Missingness only,1.3260116129165433,1.0,0.9040458417322443,0.8,0.2368305147000156,0.30133333333333334,0.023
186,5,Combined strong,1.6892920611913673,1.8,1.2420373072460549,0.8,0.12710494288255403,0.26966666666666667,0.011
187,0,No shift,1.0864723547993602,1.0,0.6020703231132286,0.8,0.1153731089421545,0.058333333333333334,0.0
187,1,Kidney only,1.6729866340639392,1.8,0.6020703231132286,0.8,0.0790591471586166,0.05533333333333333,0.0
187,2,Inflammation only,1.0864723547993602,1.0,0.8736019704677107,0.8,0.14224154862978314,0.056666666666666664,0.0
187,3,Assay only,1.0864723547993607,1.0,0.6020703231132286,0.8,0.11537310894215445,0.058333333333333334,0.0
187,4,Missingness only,1.1558011103553723,1.0,0.4602180937293537,0.8,0.21377695028661234,0.29233333333333333,0.021
187,5,Combined strong,1.542108126616793,1.8,0.8742149625762414,0.8,0.1108940757660901,0.2703333333333333,0.017
188,0,No shift,1.1414126938296336,1.0,0.9036343495509469,0.8,0.17586800166585748,0.059333333333333335,0.0
188,1,Kidney only,1.7009580665986512,1.8,0.9036343495509469,0.8,0.1669330453350504,0.058333333333333334,0.0
188,2,Inflammation only,1.1414126938296336,1.0,0.6149587323770603,0.8,0.12920222436764434,0.056666666666666664,0.0
188,3,Assay only,1.1414126938296336,1.0,0.9036343495509469,0.8,0.1758680016658574,0.059333333333333335,0.0
188,4,Missingness only,1.0803679814856237,1.0,1.0468862437244253,0.8,0.2735442251793179,0.29433333333333334,0.018
188,5,Combined strong,1.7909272007404942,1.8,0.43923533184601043,0.8,0.21846502958802827,0.2713333333333333,0.013
189,0,No shift,1.2372734297624617,1.0,0.7321424400774847,0.8,0.14709531532289405,0.050333333333333334,0.0
189,1,Kidney only,1.673181481956837,1.8,0.7321424400774847,0.8,0.14977918404330928,0.048,0.0
189,2,Inflammation only,1.2372734297624617,1.0,0.4534723212718963,0.8,0.22839753004508648,0.048,0.0
189,3,Assay only,1.2372734297624617,1.0,0.7321424400774847,0.8,0.14709531532289405,0.050333333333333334,0.0
189,4,Missingness only,1.2013811968137655,1.0,0.8359387713057516,0.8,0.15016937330388558,0.2786666666666667,0.024
189,5,Combined strong,1.629982962125379,1.8,0.3099064095814477,0.8,0.20778632254284646,0.252,0.014
190,0,No shift,0.6931171960503318,1.0,0.646580615367724,0.8,0.18225661269490578,0.051666666666666666,0.0
190,1,Kidney only,2.0321841068847104,1.8,0.646580615367724,0.8,0.20602336420626463,0.05,0.0
190,2,Inflammation only,0.6931171960503318,1.0,0.6507879909292603,0.8,0.28990164209657476,0.05,0.0
190,3,Assay only,0.6931171960503318,1.0,0.646580615367724,0.8,0.18225661269490578,0.051666666666666666,0.0
190,4,Missingness only,0.7263387075047606,1.0,0.6597750720956922,0.8,0.23570928103250421,0.2713333333333333,0.012
190,5,Combined strong,2.2431411699721955,1.8,0.5481408475111821,0.8,0.3377975561999832,0.25366666666666665,0.009
191,0,No shift,1.3312983908915974,1.0,0.5456608109564001,0.8,0.15649085137478103,0.051,0.0
191,1,Kidney only,1.4075246004041255,1.8,0.5456608109564001,0.8,0.14565354267529226,0.050666666666666665,0.0
191,2,Inflammation only,1.3312983908915974,1.0,0.6935063366871601,0.8,0.1368073158964228,0.049666666666666665,0.0
191,3,Assay only,1.3312983908915974,1.0,0.5456608109564003,0.8,0.15649085137478097,0.051,0.0
191,4,Missingness only,1.5179020625461095,1.0,0.6086853769870556,0.8,0.14158820877406586,0.2846666666666667,0.028
191,5,Combined strong,1.3355599740064485,1.8,0.6559748002308764,0.8,0.10833448973503317,0.25533333333333336,0.021
192,0,No shift,1.0184838463025985,1.0,0.3710222861600605,0.8,0.25690317980545596,0.05466666666666667,0.0
192,1,Kidney only,1.793284606293976,1.8,0.3710222861600605,0.8,0.25769161059270645,0.04933333333333333,0.0
192,2,Inflammation only,1.0184838463025985,1.0,1.0862739095038223,0.8,0.2682606811561875,0.05266666666666667,0.0
192,3,Assay only,1.0184838463025985,1.0,0.3710222861600605,0.8,0.2569031798054559,0.05466666666666667,0.0
192,4,Missingness only,1.2222069108803477,1.0,0.44719563486564795,0.8,0.2581946964025001,0.2833333333333333,0.028
192,5,Combined strong,1.649523677993167,1.8,1.0450795285803929,0.8,0.2838227406490598,0.261,0.024
193,0,No shift,0.9849348749921242,1.0,0.6376964947612994,0.8,0.29653345911834883,0.059666666666666666,0.001
193,1,Kidney only,1.703384698641422,1.8,0.6376964947612994,0.8,0.2827320949835532,0.057,0.001
193,2,Inflammation only,0.9849348749921242,1.0,0.7005097821308739,0.8,0.2708547430494185,0.055,0.0
193,3,Assay only,0.9849348749921241,1.0,0.6376964947612994,0.8,0.29653345911834894,0.059666666666666666,0.001
193,4,Missingness only,1.0143540440366734,1.0,0.5718881774108999,0.8,0.3561518941947996,0.29,0.027
193,5,Combined strong,1.750717306937756,1.8,0.8178295393442196,0.8,0.25639268440118235,0.2743333333333333,0.02
194,0,No shift,1.0384260993658558,1.0,0.6374891156120774,0.8,0.12678237726258812,0.063,0.001
194,1,Kidney only,1.9830070491393395,1.8,0.6374891156120774,0.8,0.1041646578344685,0.059333333333333335,0.001
194,2,Inflammation only,1.0384260993658558,1.0,1.3763826997944137,0.8,0.1325730556143193,0.059666666666666666,0.001
194,3,Assay only,1.0384260993658558,1.0,0.6374891156120773,0.8,0.1267823772625881,0.063,0.001
194,4,Missingness only,0.9041710228434685,1.0,0.5083868714479076,0.8,0.18003970159210655,0.2916666666666667,0.03
194,5,Combined strong,1.9516510305864172,1.8,1.3584706626298686,0.8,0.18076664731927414,0.2673333333333333,0.023
195,0,No shift,0.7351981023063708,1.0,0.5699738734614042,0.8,0.11273729988275316,0.059666666666666666,0.0
195,1,Kidney only,1.9811060034355001,1.8,0.5699738734614042,0.8,0.10623187935981468,0.055,0.0
195,2,Inflammation only,0.7351981023063708,1.0,1.043172881275876,0.8,0.13840659895281263,0.058,0.0
195,3,Assay only,0.7351981023063708,1.0,0.5699738734614042,0.8,0.11273729988275318,0.059666666666666666,0.0
195,4,Missingness only,0.747165375638943,1.0,0.5641486026268446,0.8,0.14561831094149152,0.29433333333333334,0.025
195,5,Combined strong,1.8396451393503803,1.8,1.0679310370486481,0.8,0.15746915037815207,0.272,0.018
196,0,No shift,0.8708669510566189,1.0,0.8318730844498969,0.8,0.13368708420912762,0.04466666666666667,0.0
196,1,Kidney only,1.7992222590404068,1.8,0.8318730844498969,0.8,0.12168788812646328,0.041666666666666664,0.0
196,2,Inflammation only,0.8708669510566189,1.0,0.8120928193870987,0.8,0.11325093252021469,0.04133333333333333,0.0
196,3,Assay only,0.8708669510566189,1.0,0.8318730844498969,0.8,0.1336870842091276,0.04466666666666667,0.0
196,4,Missingness only,0.8172009006051578,1.0,0.7792376075079027,0.8,0.14612057640515286,0.2866666666666667,0.026
196,5,Combined strong,1.6807091386915667,1.8,0.7481217212991188,0.8,0.208629440722501,0.26066666666666666,0.016
197,0,No shift,1.1580830270073135,1.0,0.5071465645980482,0.8,0.2020377788046151,0.053,0.001
197,1,Kidney only,1.619900388846783,1.8,0.5071465645980482,0.8,0.18577884865044292,0.050333333333333334,0.0
197,2,Inflammation only,1.1580830270073135,1.0,0.6207822672316909,0.8,0.10752333577090124,0.049,0.001
197,3,Assay only,1.1580830270073135,1.0,0.5071465645980482,0.8,0.20203777880461507,0.053,0.001
197,4,Missingness only,1.0446785372704632,1.0,0.5966701792798764,0.8,0.24951699672489194,0.2803333333333333,0.018
197,5,Combined strong,1.712951535226834,1.8,0.7246167645611107,0.8,0.17434416848371637,0.25866666666666666,0.016
198,0,No shift,0.7598947772709552,1.0,0.7360838154683198,0.8,0.1237965562262529,0.05366666666666667,0.0
198,1,Kidney only,2.202298858932157,1.8,0.7360838154683198,0.8,0.15930111411664127,0.052333333333333336,0.0
198,2,Inflammation only,0.7598947772709552,1.0,0.9354291946331019,0.8,0.15270079426197689,0.052,0.0
198,3,Assay only,0.7598947772709554,1.0,0.7360838154683198,0.8,0.12379655622625295,0.05366666666666667,0.0
198,4,Missingness only,0.7674062587490212,1.0,0.9118921889984001,0.8,0.14731057864798186,0.3006666666666667,0.027
198,5,Combined strong,2.3659510571208147,1.8,0.9090236198870576,0.8,0.1460738421684117,0.2753333333333333,0.026
199,0,No shift,0.9676041138696004,1.0,1.4138896644291215,0.8,0.22768810721392524,0.05433333333333333,0.0
199,1,Kidney only,1.7134933749277532,1.8,1.4138896644291215,0.8,0.1912980774486573,0.054,0.0
199,2,Inflammation only,0.9676041138696004,1.0,0.2638360540972247,0.8,0.2507163478940485,0.051666666666666666,0.0
199,3,Assay only,0.9676041138696007,1.0,1.4138896644291212,0.8,0.22768810721392516,0.05433333333333333,0.0
199,4,Missingness only,0.9612998165224197,1.0,1.4191256914979862,0.8,0.32020749616231603,0.2976666666666667,0.025
199,5,Combined strong,1.6807246174934496,1.8,0.2924752406853021,0.8,0.4166223696725526,0.272,0.02
200,0,No shift,0.6378303500941926,1.0,0.8229024516087358,0.8,0.15487008375246464,0.05633333333333333,0.0
200,1,Kidney only,2.0489604007263114,1.8,0.8229024516087358,0.8,0.16630467107083652,0.05,0.0
200,2,Inflammation only,0.6378303500941926,1.0,0.822066932678159,0.8,0.15012739065586503,0.054,0.0
200,3,Assay only,0.6378303500941926,1.0,0.8229024516087357,0.8,0.1548700837524647,0.05633333333333333,0.0
200,4,Missingness only,0.4960056107044182,1.0,1.0236203003342472,0.8,0.1323740477764813,0.2783333333333333,0.019
200,5,Combined strong,2.2220980747821177,1.8,0.7460425206016269,0.8,0.17027046811738294,0.25533333333333336,0.016
201,0,No shift,0.8888372144508961,1.0,1.1023549800686732,0.8,0.29371834974127425,0.055,0.0
201,1,Kidney only,1.727481053244906,1.8,1.1023549800686732,0.8,0.26485739041950684,0.05,0.0
201,2,Inflammation only,0.8888372144508961,1.0,0.8860699908708494,0.8,0.09608073546662392,0.05266666666666667,0.0
201,3,Assay only,0.8888372144508961,1.0,1.1023549800686732,0.8,0.2937183497412742,0.055,0.0
201,4,Missingness only,0.9208577074034396,1.0,1.1301503424659571,0.8,0.41444926874844795,0.299,0.033
201,5,Combined strong,1.9937049913776297,1.8,0.9086295912258682,0.8,0.1272725081364037,0.2713333333333333,0.025
202,0,No shift,1.2010988828885178,1.0,0.8452044406331802,0.8,0.15855415676112875,0.051666666666666666,0.001
202,1,Kidney only,1.938912077680137,1.8,0.8452044406331802,0.8,0.1766467698963366,0.048666666666666664,0.001
202,2,Inflammation only,1.2010988828885178,1.0,0.4224636753486678,0.8,0.1672481415009416,0.051333333333333335,0.001
202,3,Assay only,1.2010988828885178,1.0,0.8452044406331802,0.8,0.15855415676112877,0.051666666666666666,0.001
202,4,Missingness only,1.1468811813684472,1.0,0.8731268626399011,0.8,0.174438058091923,0.2966666666666667,0.029
202,5,Combined strong,1.751509598553936,1.8,0.3385546506180207,0.8,0.15880453521240734,0.2836666666666667,0.028
203,0,No shift,1.3174092468830916,1.0,0.7074578888249019,0.8,0.3089620658960412,0.059666666666666666,0.0
203,1,Kidney only,1.4709173829896391,1.8,0.7074578888249019,0.8,0.27003729218128775,0.05533333333333333,0.0
203,2,Inflammation only,1.3174092468830916,1.0,1.0335524253708261,0.8,0.3283861243372229,0.058,0.0
203,3,Assay only,1.3174092468830918,1.0,0.7074578888249019,0.8,0.3089620658960412,0.059666666666666666,0.0
203,4,Missingness only,1.419714157506118,1.0,0.534409072530521,0.8,0.3124324363639345,0.307,0.038
203,5,Combined strong,1.424582253592131,1.8,1.0974245580748063,0.8,0.3002342760048169,0.28833333333333333,0.022
204,0,No shift,0.881580951509976,1.0,0.6400462648158174,0.8,0.21179907162309974,0.053,0.0
204,1,Kidney only,1.5572711179276562,1.8,0.6400462648158174,0.8,0.2741755976240061,0.051333333333333335,0.0
204,2,Inflammation only,0.881580951509976,1.0,1.110586842085851,0.8,0.3198454154524098,0.049666666666666665,0.0
204,3,Assay only,0.881580951509976,1.0,0.6400462648158174,0.8,0.2117990716230998,0.053,0.0
204,4,Missingness only,0.8505752760537351,1.0,0.5710301523510382,0.8,0.2140192466588384,0.2846666666666667,0.019
204,5,Combined strong,1.6785004822569645,1.8,1.357239187028549,0.8,0.4050013295265984,0.26266666666666666,0.01
205,0,No shift,1.035887809059042,1.0,0.4984045641643026,0.8,0.20259211655930034,0.057666666666666665,0.0
205,1,Kidney only,1.7963097740252878,1.8,0.4984045641643026,0.8,0.30052124814976544,0.05266666666666667,0.0
205,2,Inflammation only,1.035887809059042,1.0,1.0026341620521775,0.8,0.2182090805919093,0.05433333333333333,0.0
205,3,Assay only,1.0358878090590418,1.0,0.4984045641643026,0.8,0.20259211655930034,0.057666666666666665,0.0
205,4,Missingness only,1.0372139778464415,1.0,0.45994400046714606,0.8,0.11176782718751467,0.289,0.026
205,5,Combined strong,1.8525236887294725,1.8,0.956394536151888,0.8,0.2903037278008847,0.26966666666666667,0.019
206,0,No shift,1.1076211432459802,1.0,0.708124956443474,0.8,0.3046830859861685,0.051,0.0
206,1,Kidney only,1.5366543359903704,1.8,0.708124956443474,0.8,0.31694527710100623,0.051,0.0
206,2,Inflammation only,1.1076211432459802,1.0,0.9993338083189269,0.8,0.25575250298530194,0.04566666666666667,0.0
206,3,Assay only,1.10762114324598,1.0,0.708124956443474,0.8,0.3046830859861685,0.051,0.0
206,4,Missingness only,0.9629541485059191,1.0,0.597170631058238,0.8,0.2720151405221672,0.2826666666666667,0.022
206,5,Combined strong,1.6585825719459797,1.8,0.9569944463382026,0.8,0.24486650810990013,0.26,0.018
207,0,No shift,0.7098772806144261,1.0,0.951074308433998,0.8,0.3637733200624762,0.054,0.0
207,1,Kidney only,2.046798517615572,1.8,0.951074308433998,0.8,0.31328769929494094,0.051333333333333335,0.0
207,2,Inflammation only,0.7098772806144261,1.0,0.7873106989433755,0.8,0.275893075019249,0.050333333333333334,0.0
207,3,Assay only,0.7098772806144259,1.0,0.9510743084339975,0.8,0.36377332006247615,0.054,0.0
207,4,Missingness only,0.6358858374314923,1.0,0.9417293822585685,0.8,0.22432971802870272,0.2966666666666667,0.021
207,5,Combined strong,2.140939573411782,1.8,0.724304773670761,0.8,0.2592879583470596,0.272,0.017
208,0,No shift,1.1670487386073116,1.0,1.1030731340845668,0.8,0.22756514687994772,0.04666666666666667,0.0
208,1,Kidney only,1.721857854623403,1.8,1.1030731340845668,0.8,0.23857854695142588,0.041666666666666664,0.0
208,2,Inflammation only,1.1670487386073116,1.0,0.6018589512777711,0.8,0.17877001214296326,0.043666666666666666,0.0
208,3,Assay only,1.1670487386073116,1.0,1.1030731340845668,0.8,0.22756514687994775,0.04666666666666667,0.0
208,4,Missingness only,1.3450048203084235,1.0,1.0528246874017297,0.8,0.2652947696778767,0.2743333333333333,0.014
208,5,Combined strong,1.7458689982274664,1.8,0.33183792954374536,0.8,0.26438631024432235,0.25133333333333335,0.011
209,0,No shift,0.7249509517086905,1.0,0.770912404740199,0.8,0.20009619039322438,0.06066666666666667,0.0
209,1,Kidney only,2.043411717949095,1.8,0.770912404740199,0.8,0.17941751218689334,0.05733333333333333,0.0
209,2,Inflammation only,0.7249509517086905,1.0,0.6769546123033342,0.8,0.2887907190930241,0.05733333333333333,0.0
209,3,Assay only,0.7249509517086903,1.0,0.770912404740199,0.8,0.20009619039322432,0.06066666666666667,0.0
209,4,Missingness only,0.8623843744202598,1.0,0.9281520901242406,0.8,0.291228544650619,0.30266666666666664,0.023
209,5,Combined strong,1.9629134746172845,1.8,0.7839939132555689,0.8,0.3195994388236175,0.276,0.016
210,0,No shift,1.164424653202254,1.0,0.8491892186602334,0.8,0.26645110537184313,0.05366666666666667,0.0
210,1,Kidney only,1.7085795962681651,1.8,0.8491892186602334,0.8,0.23148106607396524,0.052333333333333336,0.0
210,2,Inflammation only,1.164424653202254,1.0,0.806583817913344,0.8,0.27756577086112144,0.051666666666666666,0.0
210,3,Assay only,1.164424653202254,1.0,0.8491892186602332,0.8,0.26645110537184313,0.05366666666666667,0.0
210,4,Missingness only,1.1372630445780008,1.0,0.7101189942174387,0.8,0.2494670245510905,0.294,0.025
210,5,Combined strong,1.5627919756691304,1.8,0.9636111998028346,0.8,0.2772154324227974,0.2703333333333333,0.02
211,0,No shift,1.1616425302121258,1.0,0.8547181495947147,0.8,0.2648393614068783,0.05433333333333333,0.0
211,1,Kidney only,1.6147545138760482,1.8,0.8547181495947147,0.8,0.27007870462085426,0.051666666666666666,0.0
211,2,Inflammation only,1.1616425302121258,1.0,1.0421117839815361,0.8,0.24813504128282202,0.051,0.0
211,3,Assay only,1.161642530212126,1.0,0.8547181495947147,0.8,0.26483936140687825,0.05433333333333333,0.0
211,4,Missingness only,1.1694143914927724,1.0,0.7625265908798383,0.8,0.20166507531128666,0.293,0.03
211,5,Combined strong,1.636832244789123,1.8,0.8852649679371335,0.8,0.2291108839881016,0.2653333333333333,0.023
212,0,No shift,1.072931396360818,1.0,0.679748286607065,0.8,0.27147649382396616,0.06066666666666667,0.0
212,1,Kidney only,1.7093058901653353,1.8,0.679748286607065,0.8,0.3078742089088061,0.060333333333333336,0.0
212,2,Inflammation only,1.072931396360818,1.0,0.6361307920209915,0.8,0.2340047114585505,0.056666666666666664,0.0
212,3,Assay only,1.072931396360818,1.0,0.679748286607065,0.8,0.27147649382396616,0.06066666666666667,0.0
212,4,Missingness only,0.8810930770036027,1.0,0.7740443243874833,0.8,0.3424847170226681,0.294,0.026
212,5,Combined strong,1.737908182536174,1.8,0.6425799933443057,0.8,0.21766806950457274,0.27666666666666667,0.023
213,0,No shift,1.064010246978781,1.0,0.9773626897071587,0.8,0.14164803324811237,0.051,0.0
213,1,Kidney only,1.5350887344428414,1.8,0.9773626897071587,0.8,0.058573281883367065,0.050666666666666665,0.0
213,2,Inflammation only,1.064010246978781,1.0,0.7201577305494452,0.8,0.17951418594075094,0.049666666666666665,0.0
213,3,Assay only,1.064010246978781,1.0,0.9773626897071587,0.8,0.14164803324811231,0.051,0.0
213,4,Missingness only,1.261395794678369,1.0,0.9883443491815626,0.8,0.25155335143149893,0.30133333333333334,0.018
213,5,Combined strong,1.4295075189564386,1.8,0.8074625008816811,0.8,0.04793238619847669,0.275,0.015
214,0,No shift,1.1090312947734942,1.0,0.747489436537447,0.8,0.10634050038107928,0.05533333333333333,0.0
214,1,Kidney only,1.7433240503372536,1.8,0.747489436537447,0.8,0.14566721475145325,0.054,0.0
214,2,Inflammation only,1.1090312947734942,1.0,1.0925295481114783,0.8,0.0641911951359012,0.05266666666666667,0.0
214,3,Assay only,1.1090312947734942,1.0,0.7474894365374468,0.8,0.10634050038107931,0.05533333333333333,0.0
214,4,Missingness only,1.182644767204703,1.0,0.5347193124127313,0.8,0.18571448137051158,0.2866666666666667,0.02
214,5,Combined strong,1.6354249231027926,1.8,1.1714527046917629,0.8,0.18514629251360243,0.26266666666666666,0.015
215,0,No shift,1.0332242812790133,1.0,0.48684786889306425,0.8,0.12465662101180913,0.051666666666666666,0.0
215,1,Kidney only,2.073981735242442,1.8,0.48684786889306425,0.8,0.0625070106414571,0.048666666666666664,0.0
215,2,Inflammation only,1.0332242812790133,1.0,0.8981248267742125,0.8,0.15352101611816407,0.048666666666666664,0.0
215,3,Assay only,1.0332242812790133,1.0,0.48684786889306425,0.8,0.1246566210118091,0.051666666666666666,0.0
215,4,Missingness only,1.0778141854607108,1.0,0.35587942980140064,0.8,0.32301608974101836,0.2866666666666667,0.018
215,5,Combined strong,1.9245667249428102,1.8,1.002219223102782,0.8,0.21424739538775772,0.2713333333333333,0.015
216,0,No shift,1.1459651896159648,1.0,0.554805591348908,0.8,0.1905770982212915,0.056,0.0
216,1,Kidney only,1.3736595687013338,1.8,0.554805591348908,0.8,0.23367908225082026,0.05633333333333333,0.0
216,2,Inflammation only,1.1459651896159648,1.0,1.0644725297121849,0.8,0.19596811506815406,0.054,0.0
216,3,Assay only,1.1459651896159648,1.0,0.5548055913489081,0.8,0.19057709822129143,0.056,0.0
216,4,Missingness only,1.0190233994222584,1.0,0.6254885898948913,0.8,0.22935111992676,0.30833333333333335,0.026
216,5,Combined strong,1.5752265453730612,1.8,0.9790774455697359,0.8,0.2412083558747868,0.27466666666666667,0.023
217,0,No shift,0.74834939551579,1.0,0.9879139618714893,0.8,0.18555438594788365,0.05566666666666667,0.0
217,1,Kidney only,1.968930620612779,1.8,0.9879139618714893,0.8,0.14412816721065846,0.051,0.0
217,2,Inflammation only,0.74834939551579,1.0,0.602368043356366,0.8,0.18854021358708128,0.052333333333333336,0.0
217,3,Assay only,0.74834939551579,1.0,0.987913961871489,0.8,0.18555438594788365,0.05566666666666667,0.0
217,4,Missingness only,0.7326309770750069,1.0,1.089214973347024,0.8,0.1475541925329558,0.2966666666666667,0.025
217,5,Combined strong,1.9664771173378073,1.8,0.45171987697062466,0.8,0.1993432161564567,0.2743333333333333,0.019
218,0,No shift,0.8543999137422253,1.0,0.6224145226016944,0.8,0.17139688133246742,0.054,0.0
218,1,Kidney only,1.7838424045902201,1.8,0.6224145226016944,0.8,0.17886281069746784,0.049666666666666665,0.0
218,2,Inflammation only,0.8543999137422253,1.0,1.093880804082015,0.8,0.12503079504542322,0.04933333333333333,0.0
218,3,Assay only,0.8543999137422253,1.0,0.6224145226016942,0.8,0.17139688133246747,0.054,0.0
218,4,Missingness only,0.99579315924808,1.0,0.6067982144888676,0.8,0.13331808616752813,0.293,0.028
218,5,Combined strong,1.878692405062054,1.8,1.1585725215205727,0.8,0.2355317510726334,0.271,0.022
219,0,No shift,1.2424394358831594,1.0,0.6033852093223661,0.8,0.17009578517955082,0.04533333333333334,0.001
219,1,Kidney only,1.6010420331432114,1.8,0.6033852093223661,0.8,0.16018421613942813,0.03966666666666667,0.001
219,2,Inflammation only,1.2424394358831594,1.0,0.8852619981697365,0.8,0.14767867749856306,0.045,0.001
219,3,Assay only,1.2424394358831594,1.0,0.6033852093223662,0.8,0.17009578517955082,0.04533333333333334,0.001
219,4,Missingness only,1.18641327318582,1.0,0.7469795197697765,0.8,0.27575648333695935,0.2803333333333333,0.027
219,5,Combined strong,1.478670024087884,1.8,0.8346728317787666,0.8,0.24132720855926224,0.25533333333333336,0.02
220,0,No shift,1.161353799240673,1.0,0.8927253348886491,0.8,0.13781371005933932,0.051333333333333335,0.001
220,1,Kidney only,1.3641900973744963,1.8,0.8927253348886491,0.8,0.1691654467859725,0.050666666666666665,0.0
220,2,Inflammation only,1.161353799240673,1.0,0.862499336506521,0.8,0.1435731465618574,0.05,0.001
220,3,Assay only,1.161353799240673,1.0,0.892725334888649,0.8,0.13781371005933932,0.051333333333333335,0.001
220,4,Missingness only,1.2579693737759563,1.0,0.9691370766421832,0.8,0.1661215904574099,0.2986666666666667,0.024
220,5,Combined strong,1.394109327527253,1.8,0.8355971401517315,0.8,0.18268028260986463,0.27166666666666667,0.018
221,0,No shift,1.195973784894327,1.0,1.114178399406203,0.8,0.236955265411529,0.05633333333333333,0.0
221,1,Kidney only,1.6314461310762234,1.8,1.114178399406203,0.8,0.18274980251733786,0.055,0.0
221,2,Inflammation only,1.195973784894327,1.0,0.6601116748861797,0.8,0.2178952483261708,0.056,0.0
221,3,Assay only,1.1959737848943268,1.0,1.1141783994062033,0.8,0.2369552654115288,0.05633333333333333,0.0
221,4,Missingness only,1.130980072541714,1.0,1.1769566726939729,0.8,0.2786153986217367,0.294,0.03
221,5,Combined strong,1.6679233736491024,1.8,0.6452564023330549,0.8,0.18849322005135616,0.2703333333333333,0.022
222,0,No shift,0.6816668257991498,1.0,0.7036661438355893,0.8,0.20801641262345485,0.051666666666666666,0.0
222,1,Kidney only,1.927488189932275,1.8,0.7036661438355893,0.8,0.2080704688742059,0.04933333333333333,0.0
222,2,Inflammation only,0.6816668257991498,1.0,0.7880941034608202,0.8,0.14580698926738017,0.051666666666666666,0.0
222,3,Assay only,0.6816668257991498,1.0,0.7036661438355893,0.8,0.20801641262345483,0.051666666666666666,0.0
222,4,Missingness only,0.6940547178922064,1.0,0.8484012306960672,0.8,0.2444771326258663,0.28733333333333333,0.017
222,5,Combined strong,1.8178628904277163,1.8,1.052921004581625,0.8,0.284901885175996,0.2643333333333333,0.015
223,0,No shift,0.8591578846374917,1.0,0.9704794689996662,0.8,0.19848960255633552,0.05266666666666667,0.0
223,1,Kidney only,1.8728564733543067,1.8,0.9704794689996662,0.8,0.18232394883755276,0.050666666666666665,0.0
223,2,Inflammation only,0.8591578846374917,1.0,0.8900394414383203,0.8,0.13150484408212312,0.05,0.0
223,3,Assay only,0.8591578846374915,1.0,0.9704794689996662,0.8,0.19848960255633546,0.05266666666666667,0.0
223,4,Missingness only,0.835744803145278,1.0,0.9216801892138348,0.8,0.28573132112382443,0.2886666666666667,0.026
223,5,Combined strong,1.7069334294559937,1.8,0.886264235892492,0.8,0.18298587398449068,0.261,0.021
224,0,No shift,1.0288217733512675,1.0,0.6475209073284853,0.8,0.08191426175910356,0.051666666666666666,0.0
224,1,Kidney only,1.5540212119667585,1.8,0.6475209073284853,0.8,0.1329956801957728,0.049,0.0
224,2,Inflammation only,1.0288217733512675,1.0,1.012331997590337,0.8,0.09819360074810964,0.04833333333333333,0.0
224,3,Assay only,1.0288217733512675,1.0,0.6475209073284853,0.8,0.0819142617591036,0.051666666666666666,0.0
224,4,Missingness only,1.039566169753426,1.0,0.666835154639948,0.8,0.1479834268652851,0.2876666666666667,0.022
224,5,Combined strong,1.5687396512946785,1.8,1.0070066598931418,0.8,0.18805186451504205,0.271,0.02
225,0,No shift,1.0937100257017727,1.0,0.5467640975974517,0.8,0.3139488437200372,0.059333333333333335,0.0
225,1,Kidney only,1.6515285465015375,1.8,0.5467640975974517,0.8,0.2683647919336125,0.05533333333333333,0.0
225,2,Inflammation only,1.0937100257017727,1.0,0.9478142909901246,0.8,0.28806534574245624,0.056,0.0
225,3,Assay only,1.0937100257017727,1.0,0.5467640975974517,0.8,0.3139488437200372,0.059333333333333335,0.0
225,4,Missingness only,1.2741758335483289,1.0,0.5563034044299967,0.8,0.3633506432367508,0.2936666666666667,0.031
225,5,Combined strong,1.565555753786262,1.8,0.9467050573957618,0.8,0.3087398382145073,0.27366666666666667,0.023
226,0,No shift,1.1376918495245414,1.0,1.0968325236707297,0.8,0.18318899833723312,0.057,0.0
226,1,Kidney only,1.7009770767815888,1.8,1.0968325236707297,0.8,0.18908840303952565,0.054,0.0
226,2,Inflammation only,1.1376918495245414,1.0,0.49994800956918933,0.8,0.15532864405395783,0.05333333333333334,0.0
226,3,Assay only,1.1376918495245414,1.0,1.0968325236707295,0.8,0.18318899833723315,0.057,0.0
226,4,Missingness only,1.302868469877362,1.0,1.0578655097839105,0.8,0.1671431987447551,0.283,0.018
226,5,Combined strong,1.5175692772231857,1.8,0.5693471652533182,0.8,0.14711504081396787,0.26566666666666666,0.016
227,0,No shift,0.6024508081081319,1.0,0.6543478803210151,0.8,0.15083639937502305,0.05733333333333333,0.0
227,1,Kidney only,2.036239136425693,1.8,0.6543478803210151,0.8,0.179564214046638,0.05533333333333333,0.0
227,2,Inflammation only,0.6024508081081319,1.0,0.9572285409902891,0.8,0.09574775648653479,0.05366666666666667,0.0
227,3,Assay only,0.6024508081081317,1.0,0.6543478803210151,0.8,0.15083639937502305,0.05733333333333333,0.0
227,4,Missingness only,0.5140797973184448,1.0,0.6466848533201521,0.8,0.19353998591423247,0.30333333333333334,0.033
227,5,Combined strong,2.0376612955741673,1.8,1.0643071794003598,0.8,0.14796229102681352,0.274,0.028
228,0,No shift,0.9857224664833872,1.0,0.968856776375895,0.8,0.13980554917579782,0.05266666666666667,0.0
228,1,Kidney only,1.9745717609126945,1.8,0.968856776375895,0.8,0.19109997170031615,0.04833333333333333,0.0
228,2,Inflammation only,0.9857224664833872,1.0,0.9678529295337107,0.8,0.10799141457369515,0.051666666666666666,0.0
228,3,Assay only,0.9857224664833872,1.0,0.9688567763758947,0.8,0.13980554917579788,0.05266666666666667,0.0
228,4,Missingness only,0.8607470960667234,1.0,0.8968153439245506,0.8,0.10514934829731991,0.2843333333333333,0.02
228,5,Combined strong,2.310904494649226,1.8,0.9138606740989171,0.8,0.15750343664167912,0.26566666666666666,0.014
229,0,No shift,1.157343746469107,1.0,0.3962006421605939,0.8,0.22920386641289262,0.052333333333333336,0.0
229,1,Kidney only,1.746615747786803,1.8,0.3962006421605939,0.8,0.2208826982772598,0.04766666666666667,0.0
229,2,Inflammation only,1.157343746469107,1.0,1.3064859816592207,0.8,0.13934260406577273,0.04933333333333333,0.0
229,3,Assay only,1.157343746469107,1.0,0.39620064216059386,0.8,0.22920386641289262,0.052333333333333336,0.0
229,4,Missingness only,1.2261961706109943,1.0,0.1199937888064218,0.8,0.20369014577136169,0.29,0.02
229,5,Combined strong,1.5071533017741487,1.8,1.474812105307849,0.8,0.11985439626959189,0.27066666666666667,0.018
230,0,No shift,0.8199743183461543,1.0,0.8798510175209625,0.8,0.09417022274087108,0.04666666666666667,0.0
230,1,Kidney only,2.100527451609774,1.8,0.8798510175209625,0.8,0.09784384156810463,0.04466666666666667,0.0
230,2,Inflammation only,0.8199743183461543,1.0,0.8898940412805098,0.8,0.15201619496026483,0.043666666666666666,0.0
230,3,Assay only,0.819974318346154,1.0,0.8798510175209625,0.8,0.0941702227408711,0.04666666666666667,0.0
230,4,Missingness only,0.8506588235842425,1.0,0.9205763372705698,0.8,0.1642149410426455,0.275,0.018
230,5,Combined strong,1.9991316754193824,1.8,0.9574557902419976,0.8,0.20772074806791146,0.25666666666666665,0.016
231,0,No shift,1.1221639683990876,1.0,0.4791319344936139,0.8,0.17012301164496804,0.044333333333333336,0.001
231,1,Kidney only,1.782262970882411,1.8,0.4791319344936139,0.8,0.1096084713697998,0.04566666666666667,0.001
231,2,Inflammation only,1.1221639683990876,1.0,1.3028858665711198,0.8,0.18576937511911343,0.042666666666666665,0.001
231,3,Assay only,1.1221639683990876,1.0,0.4791319344936139,0.8,0.17012301164496813,0.044333333333333336,0.001
231,4,Missingness only,1.1795139378633397,1.0,0.3894426735252632,0.8,0.2529810771635586,0.276,0.032
231,5,Combined strong,1.7222455759029476,1.8,1.2610757959034473,0.8,0.21466237932660107,0.249,0.015
232,0,No shift,0.940270764237038,1.0,0.8731206399867023,0.8,0.2633763151507213,0.05366666666666667,0.0
232,1,Kidney only,1.6065305901610105,1.8,0.8731206399867023,0.8,0.20209678072903445,0.052333333333333336,0.0
232,2,Inflammation only,0.940270764237038,1.0,0.88550879888332,0.8,0.20821786695881078,0.051,0.0
232,3,Assay only,0.940270764237038,1.0,0.8731206399867023,0.8,0.26337631515072124,0.05366666666666667,0.0
232,4,Missingness only,1.0857927628240338,1.0,0.9131947921543033,0.8,0.26628878061352645,0.28,0.022
232,5,Combined strong,1.7337432870783025,1.8,0.8173494868671867,0.8,0.14168380313334167,0.263,0.021
233,0,No shift,1.050157661264365,1.0,0.6147033578306114,0.8,0.1261023554599128,0.05366666666666667,0.0
233,1,Kidney only,1.60207805780699,1.8,0.6147033578306114,0.8,0.12915441184486617,0.049,0.0
233,2,Inflammation only,1.050157661264365,1.0,0.8569575124311671,0.8,0.21654519311931592,0.051,0.0
233,3,Assay only,1.050157661264365,1.0,0.6147033578306114,0.8,0.12610235545991283,0.05366666666666667,0.0
233,4,Missingness only,1.1248418497708939,1.0,0.636117246356454,0.8,0.3807550769576303,0.2803333333333333,0.028
233,5,Combined strong,1.5574125616347378,1.8,0.9124660246109301,0.8,0.2664963246058764,0.266,0.023
234,0,No shift,1.0419186377231933,1.0,0.9821823752559827,0.8,0.16587940007527244,0.058333333333333334,0.001
234,1,Kidney only,1.6904579128108022,1.8,0.9821823752559827,0.8,0.15283978498439935,0.057,0.002
234,2,Inflammation only,1.0419186377231933,1.0,0.7386928646015912,0.8,0.23894185655484032,0.05533333333333333,0.001
234,3,Assay only,1.0419186377231933,1.0,0.9821823752559824,0.8,0.16587940007527244,0.058333333333333334,0.001
234,4,Missingness only,0.9517729443326254,1.0,0.9874634582832332,0.8,0.20432745090970666,0.288,0.024
234,5,Combined strong,1.6961006744331515,1.8,0.6986189540858353,0.8,0.2309685252986058,0.2623333333333333,0.021
235,0,No shift,0.9948761693781648,1.0,1.293207533543319,0.8,0.16006610083206632,0.06133333333333333,0.0
235,1,Kidney only,1.8466481065466136,1.8,1.293207533543319,0.8,0.18971503161333275,0.060333333333333336,0.0
235,2,Inflammation only,0.9948761693781648,1.0,0.3494417648156201,0.8,0.12385680956448403,0.06133333333333333,0.0
235,3,Assay only,0.9948761693781646,1.0,1.2932075335433186,0.8,0.1600661008320663,0.06133333333333333,0.0
235,4,Missingness only,0.8452449076811468,1.0,1.3304214298785344,0.8,0.22729709789559419,0.30666666666666664,0.017
235,5,Combined strong,2.095999677705565,1.8,0.7082736192843447,0.8,0.21266629391736835,0.2776666666666667,0.012
236,0,No shift,1.1189490005653653,1.0,0.6425685139126457,0.8,0.14466336198466556,0.05366666666666667,0.0
236,1,Kidney only,1.6161649957995246,1.8,0.6425685139126457,0.8,0.14951293770943247,0.05,0.0
236,2,Inflammation only,1.1189490005653653,1.0,0.6669111230863023,0.8,0.0727104914845887,0.052,0.001
236,3,Assay only,1.1189490005653653,1.0,0.6425685139126457,0.8,0.14466336198466553,0.05366666666666667,0.0
236,4,Missingness only,1.1007495829235003,1.0,0.7339481980115155,0.8,0.14509723025204127,0.29733333333333334,0.029
236,5,Combined strong,1.5960912923597996,1.8,0.5737707345012654,0.8,0.17709111454014317,0.26766666666666666,0.018
237,0,No shift,0.5891467224659819,1.0,0.7295539098775196,0.8,0.19682475619730683,0.052,0.0
237,1,Kidney only,2.200133664209056,1.8,0.7295539098775196,0.8,0.09426612188116172,0.050333333333333334,0.0
237,2,Inflammation only,0.5891467224659819,1.0,0.7381977912623066,0.8,0.24205784257956262,0.050666666666666665,0.0
237,3,Assay only,0.5891467224659819,1.0,0.7295539098775196,0.8,0.1968247561973068,0.052,0.0
237,4,Missingness only,0.43093874996113424,1.0,0.7124684194726209,0.8,0.09064462664936367,0.293,0.023
237,5,Combined strong,2.2584761608802797,1.8,0.7320522899419944,0.8,0.19450660056110633,0.2693333333333333,0.024
238,0,No shift,1.180870757766355,1.0,1.0101970985143147,0.8,0.19516067207840274,0.052,0.0
238,1,Kidney only,1.6912021118895941,1.8,1.0101970985143147,0.8,0.17158405963092369,0.051,0.0
238,2,Inflammation only,1.180870757766355,1.0,0.7591129731888494,0.8,0.12078699582253112,0.05,0.0
238,3,Assay only,1.180870757766355,1.0,1.0101970985143145,0.8,0.1951606720784028,0.052,0.0
238,4,Missingness only,0.903776539510177,1.0,1.2356182157695224,0.8,0.2079806261147556,0.2753333333333333,0.023
238,5,Combined strong,1.587624003892723,1.8,0.561310991405903,0.8,0.11122961629272186,0.257,0.021
239,0,No shift,0.8887517941167202,1.0,0.839571382275583,0.8,0.23403550680479482,0.051666666666666666,0.0
239,1,Kidney only,1.9661387500382497,1.8,0.839571382275583,0.8,0.18028748500034456,0.050333333333333334,0.0
239,2,Inflammation only,0.8887517941167202,1.0,0.6466001504665085,0.8,0.22112633247410565,0.04766666666666667,0.0
239,3,Assay only,0.8887517941167202,1.0,0.8395713822755833,0.8,0.23403550680479496,0.051666666666666666,0.0
239,4,Missingness only,0.7234770755072776,1.0,0.8063386530917649,0.8,0.25231922325906364,0.295,0.029
239,5,Combined strong,1.932295983676102,1.8,0.7195426674993783,0.8,0.13737521161354369,0.277,0.022
240,0,No shift,0.7076188108048423,1.0,0.691689649608982,0.8,0.20429150769059268,0.05333333333333334,0.0
240,1,Kidney only,1.9485143749344835,1.8,0.691689649608982,0.8,0.11742348268073242,0.048666666666666664,0.0
240,2,Inflammation only,0.7076188108048423,1.0,1.0858871257533314,0.8,0.22617720488837834,0.05366666666666667,0.0
240,3,Assay only,0.7076188108048423,1.0,0.6916896496089823,0.8,0.20429150769059273,0.05333333333333334,0.0
240,4,Missingness only,0.6532317089795332,1.0,0.7176486872286026,0.8,0.2337375179142074,0.289,0.019
240,5,Combined strong,1.9570349374682134,1.8,0.9456142039098807,0.8,0.06863049615934647,0.274,0.02
241,0,No shift,0.9495165483300658,1.0,1.1268393199003384,0.8,0.2799037308540642,0.05266666666666667,0.0
241,1,Kidney only,1.842654828003376,1.8,1.1268393199003384,0.8,0.2387094693908737,0.04833333333333333,0.0
241,2,Inflammation only,0.9495165483300658,1.0,0.5152151569718134,0.8,0.28404674979892997,0.05,0.0
241,3,Assay only,0.9495165483300658,1.0,1.1268393199003386,0.8,0.2799037308540641,0.05266666666666667,0.0
241,4,Missingness only,0.9097051745059738,1.0,1.1105004561774188,0.8,0.2715295965425453,0.29233333333333333,0.025
241,5,Combined strong,1.9775572758256987,1.8,0.4963951416853417,0.8,0.2490094055442332,0.27166666666666667,0.019
242,0,No shift,0.8240705277898049,1.0,0.8103221766719282,0.8,0.18235159226104333,0.056,0.001
242,1,Kidney only,2.034675240396954,1.8,0.8103221766719282,0.8,0.17653493844160167,0.050666666666666665,0.0
242,2,Inflammation only,0.8240705277898049,1.0,0.8632272805544273,0.8,0.14010159108576528,0.05366666666666667,0.0
242,3,Assay only,0.8240705277898049,1.0,0.8103221766719282,0.8,0.18235159226104333,0.056,0.001
242,4,Missingness only,0.8204409402892134,1.0,0.9799305358280902,0.8,0.24488127444420124,0.2843333333333333,0.015
242,5,Combined strong,2.110178566121399,1.8,1.0318589807537042,0.8,0.22315810474815215,0.2663333333333333,0.013
243,0,No shift,1.1386195316019645,1.0,1.0557009465954923,0.8,0.09616499936222309,0.06066666666666667,0.0
243,1,Kidney only,1.4273432912716795,1.8,1.0557009465954923,0.8,0.1740051076246764,0.05633333333333333,0.0
243,2,Inflammation only,1.1386195316019645,1.0,0.7956031595099899,0.8,0.07514120060646368,0.059666666666666666,0.0
243,3,Assay only,1.1386195316019645,1.0,1.055700946595492,0.8,0.09616499936222311,0.06066666666666667,0.0
243,4,Missingness only,1.222832758449259,1.0,1.039571964721817,0.8,0.1474959346691989,0.3,0.027
243,5,Combined strong,1.3762282171277742,1.8,0.6517062036346117,0.8,0.2123018471213472,0.273,0.023
244,0,No shift,0.9669997866979768,1.0,0.7730868793079199,0.8,0.2313914970859606,0.049,0.0
244,1,Kidney only,1.9034650401456104,1.8,0.7730868793079199,0.8,0.25630885893606775,0.04466666666666667,0.0
244,2,Inflammation only,0.9669997866979768,1.0,0.9833538436170561,0.8,0.3208243236274322,0.04833333333333333,0.0
244,3,Assay only,0.9669997866979768,1.0,0.7730868793079199,0.8,0.2313914970859606,0.049,0.0
244,4,Missingness only,1.0427293054056441,1.0,0.8110216529023325,0.8,0.1780240124717455,0.29,0.03
244,5,Combined strong,2.051038719128157,1.8,0.8550502653410273,0.8,0.28552694525759004,0.25733333333333336,0.02
245,0,No shift,1.0854055367989937,1.0,0.7911003398412612,0.8,0.1264921717843438,0.057,0.0
245,1,Kidney only,1.789923071670214,1.8,0.7911003398412612,0.8,0.1293623529457539,0.051,0.0
245,2,Inflammation only,1.0854055367989937,1.0,0.9341875755206527,0.8,0.09010612252992782,0.05533333333333333,0.0
245,3,Assay only,1.0854055367989937,1.0,0.7911003398412612,0.8,0.1264921717843438,0.057,0.0
245,4,Missingness only,1.101167554404768,1.0,0.8261658785551397,0.8,0.18370209752706462,0.28633333333333333,0.02
245,5,Combined strong,1.8583495208867071,1.8,0.7253670392354692,0.8,0.02964051909804748,0.2683333333333333,0.016
246,0,No shift,1.060668083498818,1.0,0.6501388145858426,0.8,0.25433522629279964,0.05633333333333333,0.0
246,1,Kidney only,1.6214394112804746,1.8,0.6501388145858426,0.8,0.17410057467028978,0.053,0.0
246,2,Inflammation only,1.060668083498818,1.0,0.8581093544798977,0.8,0.2667979867573442,0.051,0.0
246,3,Assay only,1.0606680834988182,1.0,0.6501388145858424,0.8,0.2543352262927997,0.05633333333333333,0.0
246,4,Missingness only,1.0586675199096063,1.0,0.678428784986368,0.8,0.3056171357925715,0.30933333333333335,0.03
246,5,Combined strong,1.567558020287779,1.8,0.772853923553994,0.8,0.29883470564209125,0.2846666666666667,0.026
247,0,No shift,0.947846077159965,1.0,0.9613777939130952,0.8,0.35234132711536265,0.048666666666666664,0.0
247,1,Kidney only,1.8889479900445354,1.8,0.9613777939130952,0.8,0.4024236759223405,0.048,0.0
247,2,Inflammation only,0.947846077159965,1.0,0.6081924496025242,0.8,0.3138108231641842,0.047,0.0
247,3,Assay only,0.947846077159965,1.0,0.9613777939130952,0.8,0.3523413271153627,0.048666666666666664,0.0
247,4,Missingness only,1.110066295861069,1.0,0.948078670497703,0.8,0.39575096722296693,0.29133333333333333,0.021
247,5,Combined strong,1.8303535978314038,1.8,0.6693586058435725,0.8,0.3796827620838316,0.265,0.013
248,0,No shift,1.3616269893314712,1.0,0.8590572113183652,0.8,0.12157266019604625,0.053,0.0
248,1,Kidney only,1.4809634988653826,1.8,0.8590572113183652,0.8,0.1467268121424619,0.04933333333333333,0.0
248,2,Inflammation only,1.3616269893314712,1.0,0.7805910415072991,0.8,0.15574937196246377,0.048,0.0
248,3,Assay only,1.3616269893314712,1.0,0.859057211318365,0.8,0.12157266019604625,0.053,0.0
248,4,Missingness only,1.491651745412156,1.0,0.9364914372968989,0.8,0.13376144712678253,0.283,0.014
248,5,Combined strong,1.469053186494238,1.8,0.7043158682121597,0.8,0.14249786425459351,0.267,0.011
249,0,No shift,1.0638821100457116,1.0,0.6040558876846758,0.8,0.27358862782289645,0.051666666666666666,0.0
249,1,Kidney only,1.8137467673175174,1.8,0.6040558876846758,0.8,0.3172605456195364,0.04933333333333333,0.0
249,2,Inflammation only,1.0638821100457116,1.0,1.0571398612283063,0.8,0.3254797928551063,0.048,0.0
249,3,Assay only,1.0638821100457116,1.0,0.6040558876846758,0.8,0.27358862782289634,0.051666666666666666,0.0
249,4,Missingness only,1.1359100528735084,1.0,0.4960550673470695,0.8,0.2465671234906573,0.29733333333333334,0.027
249,5,Combined strong,1.8635873896342945,1.8,0.9728380545540819,0.8,0.31501742562201107,0.272,0.019
250,0,No shift,1.2354800641531802,1.0,1.0980785230501042,0.8,0.15459173902630774,0.055,0.0
250,1,Kidney only,1.5277490887452374,1.8,1.0980785230501042,0.8,0.12074652597733794,0.052,0.0
250,2,Inflammation only,1.2354800641531802,1.0,0.5358486045463774,0.8,0.16717759684105266,0.053,0.0
250,3,Assay only,1.2354800641531802,1.0,1.098078523050104,0.8,0.1545917390263077,0.055,0.0
250,4,Missingness only,1.4091661247235523,1.0,1.3512325897189439,0.8,0.20065362416581917,0.287,0.028
250,5,Combined strong,1.5807954819037695,1.8,0.40113331338148595,0.8,0.1962515767610721,0.264,0.025
251,0,No shift,0.5643408483822137,1.0,0.39463838487530617,0.8,0.23741059557242064,0.046,0.001
251,1,Kidney only,2.3391078289190643,1.8,0.39463838487530617,0.8,0.3011495363206744,0.04533333333333334,0.001
251,2,Inflammation only,0.5643408483822137,1.0,1.2094851943331084,0.8,0.16869449978347625,0.045,0.0
251,3,Assay only,0.5643408483822137,1.0,0.39463838487530617,0.8,0.23741059557242067,0.046,0.001
251,4,Missingness only,0.6079198397854862,1.0,0.33941646856575197,0.8,0.20900030767930505,0.27566666666666667,0.027
251,5,Combined strong,2.3701377105373393,1.8,1.2411239139141472,0.8,0.3091230088099714,0.25633333333333336,0.02
252,0,No shift,0.9975292211970671,1.0,0.588046750024865,0.8,0.24241498960271643,0.051333333333333335,0.0
252,1,Kidney only,1.7513220062416197,1.8,0.588046750024865,0.8,0.1988181082784645,0.048666666666666664,0.0
252,2,Inflammation only,0.9975292211970671,1.0,0.9277996885759964,0.8,0.19484472481878323,0.04766666666666667,0.0
252,3,Assay only,0.9975292211970669,1.0,0.588046750024865,0.8,0.2424149896027163,0.051333333333333335,0.0
252,4,Missingness only,1.094851248449261,1.0,0.4810338470037901,0.8,0.2796234873243857,0.28833333333333333,0.029
252,5,Combined strong,1.7821964353531303,1.8,1.0151056619993204,0.8,0.16412385464033577,0.2653333333333333,0.024
253,0,No shift,1.0114949028785591,1.0,0.7243133836130723,0.8,0.15366203168167084,0.05433333333333333,0.0
253,1,Kidney only,1.968878144703715,1.8,0.7243133836130723,0.8,0.14828372146593755,0.052,0.0
253,2,Inflammation only,1.0114949028785591,1.0,1.0745196653101412,0.8,0.07696948041245569,0.051333333333333335,0.0
253,3,Assay only,1.0114949028785591,1.0,0.7243133836130723,0.8,0.15366203168167084,0.05433333333333333,0.0
253,4,Missingness only,0.9952818252248941,1.0,0.5740988690022758,0.8,0.1942349336319005,0.29033333333333333,0.035
253,5,Combined strong,1.9140962902941598,1.8,1.1050843012306808,0.8,0.13706990067516564,0.2663333333333333,0.027
254,0,No shift,1.179902454725915,1.0,0.7570719880045089,0.8,0.2887529197822032,0.06266666666666666,0.0
254,1,Kidney only,1.5055589720046718,1.8,0.7570719880045089,0.8,0.2944552849423448,0.058666666666666666,0.0
254,2,Inflammation only,1.179902454725915,1.0,0.8651978287360004,0.8,0.38387595484987636,0.060333333333333336,0.0
254,3,Assay only,1.179902454725915,1.0,0.7570719880045089,0.8,0.28875291978220324,0.06266666666666666,0.0
254,4,Missingness only,1.2526295928159517,1.0,0.6852574058253743,0.8,0.32464483467152655,0.296,0.03
254,5,Combined strong,1.4773669289667477,1.8,0.7982590524073169,0.8,0.3868896257801073,0.2723333333333333,0.023
255,0,No shift,0.8271339888915019,1.0,1.0185134639590128,0.8,0.2262602218475035,0.056,0.0
255,1,Kidney only,2.035094238703303,1.8,1.0185134639590128,0.8,0.24708895279550488,0.05266666666666667,0.0
255,2,Inflammation only,0.8271339888915019,1.0,0.6923625465698421,0.8,0.28153153883995274,0.05566666666666667,0.0
255,3,Assay only,0.8271339888915019,1.0,1.0185134639590128,0.8,0.22626022184750358,0.056,0.0
255,4,Missingness only,0.6402056802623814,1.0,1.120648942507857,0.8,0.2826479739449888,0.2843333333333333,0.028
255,5,Combined strong,2.2830534390560624,1.8,0.6365618605645927,0.8,0.283704718951276,0.262,0.021
256,0,No shift,0.8604712158783299,1.0,0.8071638712199666,0.8,0.2616739991205261,0.058666666666666666,0.002
256,1,Kidney only,1.9687289443881006,1.8,0.8071638712199666,0.8,0.275036319341303,0.05633333333333333,0.002
256,2,Inflammation only,0.8604712158783299,1.0,0.9104732252860476,0.8,0.21432093625050974,0.057,0.002
256,3,Assay only,0.8604712158783299,1.0,0.8071638712199667,0.8,0.26167399912052597,0.058666666666666666,0.002
256,4,Missingness only,0.895885183026166,1.0,0.7589475241444819,0.8,0.273598678974853,0.30133333333333334,0.031
256,5,Combined strong,1.9146447569044314,1.8,1.0301192470391811,0.8,0.21980271510385258,0.2796666666666667,0.024
257,0,No shift,1.193954833902015,1.0,0.8069183470619925,0.8,0.18550999627948359,0.059666666666666666,0.0
257,1,Kidney only,1.7832335226707863,1.8,0.8069183470619925,0.8,0.15362818800463743,0.05566666666666667,0.0
257,2,Inflammation only,1.193954833902015,1.0,1.0690503568220158,0.8,0.12772841607847846,0.056666666666666664,0.0
257,3,Assay only,1.193954833902015,1.0,0.8069183470619925,0.8,0.18550999627948353,0.059666666666666666,0.0
257,4,Missingness only,1.5150736843356416,1.0,0.8910653552787784,0.8,0.19191849271152506,0.288,0.027
257,5,Combined strong,1.5996124858567295,1.8,0.9284175359613004,0.8,0.12851115804058463,0.26966666666666667,0.022
258,0,No shift,1.2632853558972854,1.0,0.8886073045335701,0.8,0.17823397223594006,0.05433333333333333,0.0
258,1,Kidney only,1.4009535605133023,1.8,0.8886073045335701,0.8,0.2046899908342255,0.051,0.0
258,2,Inflammation only,1.2632853558972854,1.0,0.9587613273122259,0.8,0.17409172429736416,0.05266666666666667,0.0
258,3,Assay only,1.2632853558972854,1.0,0.8886073045335701,0.8,0.17823397223593998,0.05433333333333333,0.0
258,4,Missingness only,1.2484645553128089,1.0,0.9985028790315967,0.8,0.3520130096319385,0.3,0.032
258,5,Combined strong,1.3247068189714133,1.8,0.8456405177215834,0.8,0.43039058462064894,0.273,0.023
259,0,No shift,0.8718954581878501,1.0,1.089618423705613,0.8,0.10288291214290159,0.050666666666666665,0.0
259,1,Kidney only,1.952780294854349,1.8,1.089618423705613,0.8,0.12981029671358982,0.04666666666666667,0.0
259,2,Inflammation only,0.8718954581878501,1.0,0.5214453947159707,0.8,0.04567436266743221,0.048,0.0
259,3,Assay only,0.8718954581878501,1.0,1.0896184237056132,0.8,0.10288291214290166,0.050666666666666665,0.0
259,4,Missingness only,0.8343330521072402,1.0,1.1686386927904457,0.8,0.18564730049968464,0.288,0.023
259,5,Combined strong,1.7597088706795827,1.8,0.6491722916187872,0.8,0.20718749220879004,0.2693333333333333,0.012
260,0,No shift,1.0151297697028467,1.0,1.287829168327422,0.8,0.33503725805484214,0.059,0.0
260,1,Kidney only,1.7497046335659219,1.8,1.287829168327422,0.8,0.3372933333780361,0.05366666666666667,0.001
260,2,Inflammation only,1.0151297697028467,1.0,0.518632372000152,0.8,0.31506529725997523,0.059,0.0
260,3,Assay only,1.0151297697028467,1.0,1.287829168327422,0.8,0.33503725805484214,0.059,0.0
260,4,Missingness only,0.9544098390589909,1.0,1.4174590335019113,0.8,0.2848473176999741,0.2996666666666667,0.027
260,5,Combined strong,1.8136725111323238,1.8,0.5397998895234963,0.8,0.23610241073845992,0.27066666666666667,0.023
261,0,No shift,1.2914437731482882,1.0,0.7404030304157417,0.8,0.326323957229333,0.048666666666666664,0.001
261,1,Kidney only,1.5618374035297402,1.8,0.7404030304157417,0.8,0.23286134763770502,0.04633333333333333,0.001
261,2,Inflammation only,1.2914437731482882,1.0,0.7431091261478511,0.8,0.31123030393389123,0.047,0.0
261,3,Assay only,1.2914437731482882,1.0,0.7404030304157416,0.8,0.3263239572293331,0.048666666666666664,0.001
261,4,Missingness only,1.1233916271949322,1.0,0.7597595272549383,0.8,0.2937484747471147,0.272,0.014
261,5,Combined strong,1.5115582908659524,1.8,0.6523301242717708,0.8,0.3712505644486661,0.256,0.013
262,0,No shift,0.8840481963274097,1.0,0.723089030812506,0.8,0.1313183684983395,0.05533333333333333,0.0
262,1,Kidney only,1.8055191141635052,1.8,0.723089030812506,0.8,0.09466623303158744,0.052333333333333336,0.0
262,2,Inflammation only,0.8840481963274097,1.0,0.8494790709608867,0.8,0.14528675461479434,0.05333333333333334,0.0
262,3,Assay only,0.8840481963274097,1.0,0.7230890308125059,0.8,0.1313183684983395,0.05533333333333333,0.0
262,4,Missingness only,0.8900104011343388,1.0,0.7975946280800601,0.8,0.16154544186393996,0.30233333333333334,0.032
262,5,Combined strong,1.8186228485918328,1.8,0.7919789969694743,0.8,0.15995686713958326,0.269,0.02
263,0,No shift,0.8337878115419249,1.0,0.49180759820510755,0.8,0.16793403852645603,0.055,0.0
263,1,Kidney only,2.089803661148964,1.8,0.49180759820510755,0.8,0.22878348424200146,0.051333333333333335,0.0
263,2,Inflammation only,0.8337878115419249,1.0,0.937442517113402,0.8,0.10941635921487262,0.049666666666666665,0.0
263,3,Assay only,0.8337878115419249,1.0,0.4918075982051074,0.8,0.16793403852645603,0.055,0.0
263,4,Missingness only,0.8081542403560227,1.0,0.38341312544705,0.8,0.1490003875515224,0.287,0.03
263,5,Combined strong,2.0831713381227965,1.8,0.8940408683983313,0.8,0.19471146066671846,0.25333333333333335,0.019
264,0,No shift,1.0526732938160475,1.0,0.4342496863065842,0.8,0.29641727361400577,0.066,0.001
264,1,Kidney only,1.854854164703846,1.8,0.4342496863065842,0.8,0.30923462079799674,0.06366666666666666,0.001
264,2,Inflammation only,1.0526732938160475,1.0,1.0118542403489823,0.8,0.32211886631133885,0.06066666666666667,0.001
264,3,Assay only,1.0526732938160475,1.0,0.4342496863065842,0.8,0.2964172736140057,0.066,0.001
264,4,Missingness only,1.0638754907426706,1.0,0.3877885937405961,0.8,0.3595876972553456,0.30833333333333335,0.031
264,5,Combined strong,1.8104874844797985,1.8,1.1585466311966877,0.8,0.3571711431876009,0.283,0.022
265,0,No shift,0.668205042671611,1.0,0.8223529681731916,0.8,0.08701443851172644,0.051333333333333335,0.0
265,1,Kidney only,2.1295772317936104,1.8,0.8223529681731916,0.8,0.09154160989179942,0.047,0.0
265,2,Inflammation only,0.668205042671611,1.0,0.7378919725429496,0.8,0.08782696595523674,0.049,0.0
265,3,Assay only,0.6682050426716108,1.0,0.8223529681731915,0.8,0.08701443851172644,0.051333333333333335,0.0
265,4,Missingness only,0.5736094348522891,1.0,0.7841887693504089,0.8,0.0970068053991193,0.29,0.022
265,5,Combined strong,2.242359293654337,1.8,0.7413450596479071,0.8,0.11487311101116932,0.2633333333333333,0.018
266,0,No shift,1.075792460422722,1.0,0.5953323238889747,0.8,0.21175439661261838,0.058333333333333334,0.0
266,1,Kidney only,1.8842740154038187,1.8,0.5953323238889747,0.8,0.2157998543596336,0.05466666666666667,0.0
266,2,Inflammation only,1.075792460422722,1.0,0.8119475783378468,0.8,0.22811811211841168,0.056,0.0
266,3,Assay only,1.075792460422722,1.0,0.5953323238889746,0.8,0.21175439661261838,0.058333333333333334,0.0
266,4,Missingness only,1.1996697081582848,1.0,0.6001121261323014,0.8,0.19309425450178966,0.301,0.023
266,5,Combined strong,2.002303935490705,1.8,0.8674696996529753,0.8,0.20627501793673664,0.26866666666666666,0.016
267,0,No shift,1.2103255829208202,1.0,1.1328235620598173,0.8,0.2639886950990835,0.058,0.0
267,1,Kidney only,1.4486006134396987,1.8,1.1328235620598173,0.8,0.2581292306114858,0.054,0.0
267,2,Inflammation only,1.2103255829208202,1.0,0.7474533890924647,0.8,0.10104293861735886,0.05466666666666667,0.0
267,3,Assay only,1.2103255829208202,1.0,1.1328235620598175,0.8,0.2639886950990835,0.058,0.0
267,4,Missingness only,1.4268138769057725,1.0,1.176749386715787,0.8,0.2996640973693597,0.28733333333333333,0.023
267,5,Combined strong,1.274914267684386,1.8,0.8102165626554261,0.8,0.22279426283652976,0.2663333333333333,0.023
268,0,No shift,1.2942089726585022,1.0,0.9438223672811431,0.8,0.13606188721133775,0.057666666666666665,0.0
268,1,Kidney only,1.4954815632844731,1.8,0.9438223672811431,0.8,0.18738770450586253,0.05566666666666667,0.0
268,2,Inflammation only,1.2942089726585022,1.0,1.0289580791499757,0.8,0.21147448761382995,0.054,0.0
268,3,Assay only,1.2942089726585022,1.0,0.943822367281143,0.8,0.1360618872113377,0.057666666666666665,0.0
268,4,Missingness only,1.4675115155391432,1.0,0.9378541920132399,0.8,0.18762845516109777,0.2926666666666667,0.021
268,5,Combined strong,1.5092032921715242,1.8,1.0359021044484282,0.8,0.2719881818390892,0.26266666666666666,0.015
269,0,No shift,0.7529950319012008,1.0,0.9454376874899056,0.8,0.1214729686830058,0.059,0.001
269,1,Kidney only,2.2571557288076396,1.8,0.9454376874899056,0.8,0.15499086855413616,0.055,0.001
269,2,Inflammation only,0.7529950319012008,1.0,0.6197701368272214,0.8,0.2823159496849483,0.05466666666666667,0.001
269,3,Assay only,0.7529950319012008,1.0,0.9454376874899055,0.8,0.12147296868300586,0.059,0.001
269,4,Missingness only,0.7067651899177929,1.0,0.9012103318700507,0.8,0.217838943098305,0.2876666666666667,0.025
269,5,Combined strong,2.37529897048932,1.8,0.7861723302516925,0.8,0.274900796270818,0.265,0.022
270,0,No shift,0.7113577157087535,1.0,0.898197091138819,0.8,0.25715976689531206,0.05533333333333333,0.0
270,1,Kidney only,2.0765046812429317,1.8,0.898197091138819,0.8,0.24819962907209486,0.051666666666666666,0.0
270,2,Inflammation only,0.7113577157087535,1.0,0.6401085485350515,0.8,0.16783365032472067,0.051333333333333335,0.0
270,3,Assay only,0.7113577157087535,1.0,0.8981970911388187,0.8,0.25715976689531206,0.05533333333333333,0.0
270,4,Missingness only,0.7308221410795525,1.0,0.896371850459163,0.8,0.4159320039284475,0.2806666666666667,0.023
270,5,Combined strong,2.0368363668348,1.8,0.504718224452902,0.8,0.07571554435496013,0.25133333333333335,0.016
271,0,No shift,1.1763334083940695,1.0,0.612069535070026,0.8,0.06754584881280509,0.051,0.0
271,1,Kidney only,1.6376586182907138,1.8,0.612069535070026,0.8,0.13589246679868283,0.047,0.0
271,2,Inflammation only,1.1763334083940695,1.0,0.8278425663343624,0.8,0.1224300613398622,0.051333333333333335,0.0
271,3,Assay only,1.1763334083940695,1.0,0.612069535070026,0.8,0.06754584881280513,0.051,0.0
271,4,Missingness only,1.0439508111834046,1.0,0.47701720016038834,0.8,0.16769957775901742,0.2763333333333333,0.02
271,5,Combined strong,1.6298363728129925,1.8,0.8849208136339195,0.8,0.174188112779447,0.26066666666666666,0.02
272,0,No shift,1.2427185363000146,1.0,0.7864490223145489,0.8,0.1990762193693645,0.056,0.0
272,1,Kidney only,1.5877136863342438,1.8,0.7864490223145489,0.8,0.17791666367411757,0.056666666666666664,0.0
272,2,Inflammation only,1.2427185363000146,1.0,0.8990783728872926,0.8,0.23650824684615748,0.051333333333333335,0.0
272,3,Assay only,1.2427185363000146,1.0,0.7864490223145492,0.8,0.1990762193693645,0.056,0.0
272,4,Missingness only,1.2662918209690488,1.0,0.8438573850616448,0.8,0.2287657290332633,0.2956666666666667,0.033
272,5,Combined strong,1.5978486043682572,1.8,0.7298140831488223,0.8,0.19692659595864181,0.2786666666666667,0.025
273,0,No shift,1.090778092031695,1.0,0.5768015457345913,0.8,0.17463211697677306,0.052333333333333336,0.0
273,1,Kidney only,1.742571994701412,1.8,0.5768015457345913,0.8,0.1998018040885903,0.04933333333333333,0.0
273,2,Inflammation only,1.090778092031695,1.0,0.9799545391783122,0.8,0.16901727772473754,0.049666666666666665,0.001
273,3,Assay only,1.0907780920316952,1.0,0.576801545734591,0.8,0.17463211697677308,0.052333333333333336,0.0
273,4,Missingness only,1.0873886278127876,1.0,0.6679175656310761,0.8,0.06548815261973456,0.3,0.019
273,5,Combined strong,1.8876544427007413,1.8,0.8098691099684027,0.8,0.12558827451238425,0.27266666666666667,0.014
274,0,No shift,0.9015191026325149,1.0,0.5792642078811389,0.8,0.24947791723964013,0.06133333333333333,0.0
274,1,Kidney only,1.915184095644091,1.8,0.5792642078811389,0.8,0.14497514425631708,0.05633333333333333,0.0
274,2,Inflammation only,0.9015191026325149,1.0,0.8254402960251,0.8,0.3174416725432066,0.057666666666666665,0.0
274,3,Assay only,0.9015191026325149,1.0,0.579264207881139,0.8,0.24947791723964016,0.06133333333333333,0.0
274,4,Missingness only,0.9101158003807731,1.0,0.6592185425677978,0.8,0.24932653199646088,0.29933333333333334,0.02
274,5,Combined strong,1.9500253010960669,1.8,0.7865785249404196,0.8,0.19959306228822613,0.2776666666666667,0.017
275,0,No shift,0.7527087618764796,1.0,0.8962102677802983,0.8,0.18449620642588963,0.06466666666666666,0.0
275,1,Kidney only,1.9315663246011694,1.8,0.8962102677802983,0.8,0.1646908340476114,0.05733333333333333,0.0
275,2,Inflammation only,0.7527087618764796,1.0,0.8273218654088124,0.8,0.1996424698980235,0.06066666666666667,0.0
275,3,Assay only,0.7527087618764796,1.0,0.8962102677802983,0.8,0.18449620642588963,0.06466666666666666,0.0
275,4,Missingness only,0.6197144644191221,1.0,0.9391030084928835,0.8,0.2290393596974948,0.2976666666666667,0.022
275,5,Combined strong,2.085480274011354,1.8,0.7202036838437545,0.8,0.156404579431481,0.277,0.02
276,0,No shift,0.806831942214491,1.0,0.9413444221122681,0.8,0.1518771560257651,0.049,0.0
276,1,Kidney only,1.8584674763054232,1.8,0.9413444221122681,0.8,0.14043066550127603,0.04533333333333334,0.0
276,2,Inflammation only,0.806831942214491,1.0,0.6354472647174181,0.8,0.11011224773223252,0.048,0.0
276,3,Assay only,0.8068319422144912,1.0,0.9413444221122678,0.8,0.15187715602576515,0.049,0.0
276,4,Missingness only,1.0044467989173071,1.0,0.8390463837480157,0.8,0.20252126853261923,0.2813333333333333,0.025
276,5,Combined strong,1.6537793062788684,1.8,0.5443649948092392,0.8,0.13509395083659628,0.26,0.024
277,0,No shift,1.1972350474750884,1.0,0.8402853838936565,0.8,0.047386949303335535,0.05633333333333333,0.0
277,1,Kidney only,1.5734463756312764,1.8,0.8402853838936565,0.8,0.0558259980148702,0.05533333333333333,0.0
277,2,Inflammation only,1.1972350474750884,1.0,0.8540220633986267,0.8,0.06346628487603902,0.052,0.0
277,3,Assay only,1.1972350474750884,1.0,0.8402853838936565,0.8,0.047386949303335556,0.05633333333333333,0.0
277,4,Missingness only,1.2150442954426577,1.0,0.8020429490447338,0.8,0.11137306342129545,0.2836666666666667,0.023
277,5,Combined strong,1.3846238068251373,1.8,0.9699056513078661,0.8,0.0791366243941523,0.26266666666666666,0.017
278,0,No shift,0.9350642695319883,1.0,0.4774962328116643,0.8,0.1339856260620431,0.059,0.0
278,1,Kidney only,1.6631535076069561,1.8,0.4774962328116643,0.8,0.14967377658786812,0.059,0.0
278,2,Inflammation only,0.9350642695319883,1.0,0.5828006215316919,0.8,0.19945804161679348,0.05533333333333333,0.0
278,3,Assay only,0.9350642695319884,1.0,0.47749623281166415,0.8,0.13398562606204306,0.059,0.0
278,4,Missingness only,1.0446638937502186,1.0,0.4923931515777487,0.8,0.12110570328077355,0.30866666666666664,0.032
278,5,Combined strong,1.6393848009349825,1.8,0.5013262166863607,0.8,0.24473354589014487,0.279,0.022
279,0,No shift,1.2950098148526967,1.0,0.6744834676683568,0.8,0.17509145292817133,0.06266666666666666,0.0
279,1,Kidney only,1.4018140834583612,1.8,0.6744834676683568,0.8,0.15429520311608524,0.058,0.0
279,2,Inflammation only,1.2950098148526967,1.0,0.6688118831268582,0.8,0.18681485278305393,0.059666666666666666,0.0
279,3,Assay only,1.2950098148526967,1.0,0.6744834676683569,0.8,0.17509145292817138,0.06266666666666666,0.0
279,4,Missingness only,1.1998462177564564,1.0,0.921222069237721,0.8,0.2162261541331038,0.2886666666666667,0.019
279,5,Combined strong,1.4552762996589115,1.8,0.5430973601258566,0.8,0.19678198655303417,0.266,0.015
280,0,No shift,1.0079825322899083,1.0,0.6059050498613099,0.8,0.16020983449854787,0.05633333333333333,0.0
280,1,Kidney only,1.954544868298514,1.8,0.6059050498613099,0.8,0.10135352339818318,0.05266666666666667,0.0
280,2,Inflammation only,1.0079825322899083,1.0,0.966649126215312,0.8,0.12487676708439566,0.052,0.0
280,3,Assay only,1.0079825322899085,1.0,0.6059050498613099,0.8,0.16020983449854795,0.05633333333333333,0.0
280,4,Missingness only,1.0854253886138927,1.0,0.5501758142028833,0.8,0.16945462700658312,0.2833333333333333,0.03
280,5,Combined strong,1.8488146460133554,1.8,1.1119828414404516,0.8,0.11119704332865883,0.26033333333333336,0.024
281,0,No shift,0.8728574312608197,1.0,0.9070105601361026,0.8,0.20481820425598563,0.05366666666666667,0.0
281,1,Kidney only,1.9258756958621372,1.8,0.9070105601361026,0.8,0.16614751599633568,0.049,0.0
281,2,Inflammation only,0.8728574312608197,1.0,0.7950242226629525,0.8,0.16122221998436786,0.051666666666666666,0.0
281,3,Assay only,0.8728574312608195,1.0,0.9070105601361023,0.8,0.20481820425598565,0.05366666666666667,0.0
281,4,Missingness only,0.78534826042817,1.0,0.9225296731789381,0.8,0.21971561592601063,0.276,0.019
281,5,Combined strong,1.9256932558300732,1.8,0.5965337636920093,0.8,0.19428004643528568,0.263,0.017
282,0,No shift,1.3577351896264214,1.0,0.7694693397308724,0.8,0.13648343738610524,0.059333333333333335,0.0
282,1,Kidney only,1.5377053839480188,1.8,0.7694693397308724,0.8,0.13672990101399699,0.05533333333333333,0.0
282,2,Inflammation only,1.3577351896264214,1.0,1.0187986176140562,0.8,0.12694399308590087,0.057,0.0
282,3,Assay only,1.3577351896264207,1.0,0.7694693397308724,0.8,0.13648343738610516,0.059333333333333335,0.0
282,4,Missingness only,1.491576084272975,1.0,0.6355634892338977,0.8,0.09758126294854412,0.297,0.024
282,5,Combined strong,1.568753486198839,1.8,0.8836466217282023,0.8,0.12427281516511131,0.2683333333333333,0.013
283,0,No shift,0.8175187960740423,1.0,0.612361539464289,0.8,0.14997967060299552,0.051666666666666666,0.001
283,1,Kidney only,2.1419991143578603,1.8,0.612361539464289,0.8,0.12226657266170513,0.049666666666666665,0.001
283,2,Inflammation only,0.8175187960740423,1.0,1.0062336736888544,0.8,0.16118906276182696,0.049,0.001
283,3,Assay only,0.8175187960740423,1.0,0.6123615394642887,0.8,0.14997967060299552,0.051666666666666666,0.001
283,4,Missingness only,1.0618147113408505,1.0,0.6877843664610543,0.8,0.2961320387589428,0.28633333333333333,0.027
283,5,Combined strong,1.9175730460597955,1.8,1.0020318539353092,0.8,0.2406518578868495,0.2683333333333333,0.017
284,0,No shift,1.070734233856259,1.0,1.196745960105825,0.8,0.239024992170626,0.057666666666666665,0.0
284,1,Kidney only,1.9066118227276523,1.8,1.196745960105825,0.8,0.2682373996978457,0.056,0.001
284,2,Inflammation only,1.070734233856259,1.0,0.7648114935581369,0.8,0.28079200860295056,0.05566666666666667,0.0
284,3,Assay only,1.070734233856259,1.0,1.196745960105825,0.8,0.239024992170626,0.057666666666666665,0.0
284,4,Missingness only,1.0430040128706632,1.0,1.180351693120128,0.8,0.21414015864489686,0.2876666666666667,0.03
284,5,Combined strong,2.028515607973373,1.8,0.7856096596151628,0.8,0.2791837358907702,0.265,0.024
285,0,No shift,0.9441508579819624,1.0,0.8769237030515201,0.8,0.15313229646351226,0.057,0.0
285,1,Kidney only,1.859031354925715,1.8,0.8769237030515201,0.8,0.10944963283309352,0.052333333333333336,0.0
285,2,Inflammation only,0.9441508579819624,1.0,0.725134049029662,0.8,0.24534027340506237,0.05333333333333334,0.0
285,3,Assay only,0.9441508579819624,1.0,0.8769237030515199,0.8,0.1531322964635123,0.057,0.0
285,4,Missingness only,0.9455165964902886,1.0,0.9995594663400926,0.8,0.23775600019322787,0.28833333333333333,0.019
285,5,Combined strong,1.9312882289616424,1.8,0.7978101995707795,0.8,0.2003114071187424,0.2663333333333333,0.013
286,0,No shift,1.2490207428816633,1.0,0.6104631144069509,0.8,0.2495034723952708,0.05533333333333333,0.0
286,1,Kidney only,1.7043064942647814,1.8,0.6104631144069509,0.8,0.23710694305052954,0.05266666666666667,0.0
286,2,Inflammation only,1.2490207428816633,1.0,0.7873688586184594,0.8,0.2510872427845272,0.051,0.0
286,3,Assay only,1.2490207428816633,1.0,0.6104631144069508,0.8,0.2495034723952708,0.05533333333333333,0.0
286,4,Missingness only,1.1888999083414893,1.0,0.6726404686823838,0.8,0.22915642263972544,0.2926666666666667,0.029
286,5,Combined strong,1.6926309349770157,1.8,0.8854128526599623,0.8,0.24643196451162,0.265,0.02
287,0,No shift,1.0341508331250617,1.0,0.46995122592675936,0.8,0.16656145907964087,0.058,0.0
287,1,Kidney only,1.6256986379489304,1.8,0.46995122592675936,0.8,0.18540562359416052,0.05466666666666667,0.0
287,2,Inflammation only,1.0341508331250617,1.0,1.0559009113176938,0.8,0.2075101743500453,0.05433333333333333,0.0
287,3,Assay only,1.034150833125062,1.0,0.46995122592675936,0.8,0.1665614590796409,0.058,0.0
287,4,Missingness only,1.17344259997443,1.0,0.5546711589106486,0.8,0.26450842074895403,0.28633333333333333,0.023
287,5,Combined strong,1.6780760696918557,1.8,1.0370631252421796,0.8,0.2918950529690185,0.26266666666666666,0.018
288,0,No shift,1.0909204796911451,1.0,0.8317023468013045,0.8,0.19695311960431097,0.058666666666666666,0.0
288,1,Kidney only,1.7090477502167114,1.8,0.8317023468013045,0.8,0.21585966023733083,0.054,0.0
288,2,Inflammation only,1.0909204796911451,1.0,0.9308212101499735,0.8,0.15590884159011886,0.056666666666666664,0.0
288,3,Assay only,1.0909204796911451,1.0,0.8317023468013045,0.8,0.1969531196043109,0.058666666666666666,0.0
288,4,Missingness only,1.0623287618843995,1.0,0.8365357150499565,0.8,0.20980011467230686,0.2976666666666667,0.027
288,5,Combined strong,1.7157839271654838,1.8,0.922854628564891,0.8,0.20103068235449348,0.27366666666666667,0.017
289,0,No shift,1.32493334288873,1.0,0.7290164967231145,0.8,0.13932999345323638,0.060333333333333336,0.0
289,1,Kidney only,1.7399470356312319,1.8,0.7290164967231145,0.8,0.10003576469161951,0.056,0.0
289,2,Inflammation only,1.32493334288873,1.0,0.5841527011441127,0.8,0.14587733058331703,0.058,0.0
289,3,Assay only,1.32493334288873,1.0,0.7290164967231147,0.8,0.13932999345323635,0.060333333333333336,0.0
289,4,Missingness only,1.3542402951741617,1.0,0.7256752708800228,0.8,0.19227980086323274,0.2936666666666667,0.027
289,5,Combined strong,1.5884014701043447,1.8,0.5797025001774333,0.8,0.25266382644880847,0.26766666666666666,0.02
290,0,No shift,0.9343314168036426,1.0,0.8330782423953083,0.8,0.08002170471295306,0.05333333333333334,0.0
290,1,Kidney only,1.7306279995259903,1.8,0.8330782423953083,0.8,0.04508621704290562,0.051666666666666666,0.0
290,2,Inflammation only,0.9343314168036426,1.0,0.33756395232506814,0.8,0.10578478858339331,0.049666666666666665,0.0
290,3,Assay only,0.9343314168036426,1.0,0.8330782423953081,0.8,0.08002170471295307,0.05333333333333334,0.0
290,4,Missingness only,0.8312777443971816,1.0,0.7885829899529486,0.8,0.04916851243687229,0.277,0.016
290,5,Combined strong,1.7000023315482875,1.8,0.2951282997036289,0.8,0.09889060236529182,0.25833333333333336,0.01
291,0,No shift,0.5804591038023672,1.0,0.6513086373516509,0.8,0.2220794643765795,0.05566666666666667,0.0
291,1,Kidney only,1.9266847884456322,1.8,0.6513086373516509,0.8,0.195709175499686,0.05333333333333334,0.001
291,2,Inflammation only,0.5804591038023672,1.0,0.8833050612850188,0.8,0.18849732670205285,0.05266666666666667,0.0
291,3,Assay only,0.5804591038023671,1.0,0.6513086373516511,0.8,0.22207946437657952,0.05566666666666667,0.0
291,4,Missingness only,0.5900969108911245,1.0,0.6377585683083006,0.8,0.4231075293679251,0.30033333333333334,0.032
291,5,Combined strong,2.0353171212024974,1.8,0.9041534510335992,0.8,0.20030606667311526,0.277,0.028
292,0,No shift,0.8020780345290197,1.0,0.5056704162618472,0.8,0.13546125811928653,0.06633333333333333,0.0
292,1,Kidney only,2.0724294572601427,1.8,0.5056704162618472,0.8,0.12112446711168408,0.06233333333333333,0.0
292,2,Inflammation only,0.8020780345290197,1.0,0.9397278984678353,0.8,0.09110705140970744,0.06366666666666666,0.0
292,3,Assay only,0.8020780345290197,1.0,0.5056704162618472,0.8,0.13546125811928647,0.06633333333333333,0.0
292,4,Missingness only,0.8892359685212918,1.0,0.5395356034247778,0.8,0.17335650232593236,0.288,0.025
292,5,Combined strong,2.104799525041252,1.8,1.0496471775294065,0.8,0.10511628685372565,0.269,0.021
293,0,No shift,1.0973538517678634,1.0,0.42165725636347945,0.8,0.21878333212712495,0.059666666666666666,0.001
293,1,Kidney only,1.8500121187360405,1.8,0.42165725636347945,0.8,0.25895900610786754,0.057666666666666665,0.001
293,2,Inflammation only,1.0973538517678634,1.0,1.091428218038618,0.8,0.26594741366842195,0.056666666666666664,0.001
293,3,Assay only,1.0973538517678634,1.0,0.42165725636347934,0.8,0.2187833321271249,0.059666666666666666,0.001
293,4,Missingness only,1.1583138420613397,1.0,0.347650340940066,0.8,0.3134699225133972,0.296,0.025
293,5,Combined strong,1.7617535454959607,1.8,1.0394822060838877,0.8,0.3547217984014498,0.267,0.024
294,0,No shift,0.852504199267266,1.0,0.8795958031520149,0.8,0.23420408344227706,0.064,0.0
294,1,Kidney only,1.7770423925130214,1.8,0.8795958031520149,0.8,0.24515311937943668,0.06,0.0
294,2,Inflammation only,0.852504199267266,1.0,0.6573062648085337,0.8,0.2611115762027629,0.062,0.0
294,3,Assay only,0.8525041992672662,1.0,0.8795958031520147,0.8,0.234204083442277,0.064,0.0
294,4,Missingness only,0.8152651716126943,1.0,0.8331313811728949,0.8,0.26804047076387505,0.30866666666666664,0.031
294,5,Combined strong,1.7739203377122654,1.8,0.4330873834533215,0.8,0.2876095058560404,0.2803333333333333,0.025
295,0,No shift,0.6684567945046357,1.0,0.32972532911495606,0.8,0.22391099480023463,0.050333333333333334,0.0
295,1,Kidney only,2.2912765028472393,1.8,0.32972532911495606,0.8,0.24546450054404242,0.046,0.0
295,2,Inflammation only,0.6684567945046357,1.0,0.9351258503674459,0.8,0.20396973769768187,0.04833333333333333,0.0
295,3,Assay only,0.6684567945046357,1.0,0.329725329114956,0.8,0.22391099480023452,0.050333333333333334,0.0
295,4,Missingness only,0.6593283859028891,1.0,0.36097915266785313,0.8,0.26659028952487246,0.2956666666666667,0.028
295,5,Combined strong,2.420524355954901,1.8,0.881312929023547,0.8,0.2526697319771896,0.2733333333333333,0.023
296,0,No shift,1.1264149500982863,1.0,0.9716906820543467,0.8,0.26668098179983574,0.056,0.001
296,1,Kidney only,1.6384429796364497,1.8,0.9716906820543467,0.8,0.28528904939818506,0.052,0.001
296,2,Inflammation only,1.1264149500982863,1.0,1.0312654682504327,0.8,0.2502573207516038,0.053,0.0
296,3,Assay only,1.1264149500982863,1.0,0.9716906820543467,0.8,0.26668098179983574,0.056,0.001
296,4,Missingness only,1.0992713890467598,1.0,1.2070519732471976,0.8,0.22915511170431,0.28633333333333333,0.03
296,5,Combined strong,1.6697051869692485,1.8,0.9372515144628935,0.8,0.17884081703398177,0.26866666666666666,0.023
297,0,No shift,1.3472899435395924,1.0,0.6671446232219062,0.8,0.2598961111836464,0.053,0.0
297,1,Kidney only,1.472650895407952,1.8,0.6671446232219062,0.8,0.338036915412109,0.050333333333333334,0.0
297,2,Inflammation only,1.3472899435395924,1.0,0.8075846882805607,0.8,0.234705579813905,0.05366666666666667,0.0
297,3,Assay only,1.3472899435395924,1.0,0.6671446232219062,0.8,0.2598961111836464,0.053,0.0
297,4,Missingness only,1.7135779862207021,1.0,0.7503784611836274,0.8,0.2876963348236828,0.288,0.021
297,5,Combined strong,1.2166243756833774,1.8,0.7981760800451462,0.8,0.35018932326592883,0.264,0.017
298,0,No shift,0.6908586559752591,1.0,0.7114106704718026,0.8,0.3619354586465924,0.04666666666666667,0.0
298,1,Kidney only,2.1459781725441194,1.8,0.7114106704718026,0.8,0.3246375520204693,0.042,0.0
298,2,Inflammation only,0.6908586559752591,1.0,0.8329744701048226,0.8,0.27775864240172166,0.04533333333333334,0.0
298,3,Assay only,0.6908586559752591,1.0,0.7114106704718026,0.8,0.3619354586465924,0.04666666666666667,0.0
298,4,Missingness only,0.7679529857504289,1.0,0.6523817013652631,0.8,0.38716545185826595,0.286,0.022
298,5,Combined strong,1.9887205451306063,1.8,1.0079892563154542,0.8,0.28498126808972346,0.26966666666666667,0.02
299,0,No shift,1.0186010140894322,1.0,0.5815157103867357,0.8,0.10198699295890298,0.058666666666666666,0.0
299,1,Kidney only,1.668991463340382,1.8,0.5815157103867357,0.8,0.1244220416552697,0.051333333333333335,0.0
299,2,Inflammation only,1.0186010140894322,1.0,1.0750728320500802,0.8,0.0837110714523371,0.05466666666666667,0.0
299,3,Assay only,1.0186010140894322,1.0,0.5815157103867357,0.8,0.101986992958903,0.058666666666666666,0.0
299,4,Missingness only,0.9480361573665306,1.0,0.5912539798774704,0.8,0.17620164736661365,0.29833333333333334,0.021
299,5,Combined strong,1.5944676867805256,1.8,1.0428824286444875,0.8,0.14013852685677694,0.271,0.016
300,0,No shift,1.0948694464104058,1.0,0.638958909479924,0.8,0.2389416156748941,0.053,0.0
300,1,Kidney only,1.5903400918161403,1.8,0.638958909479924,0.8,0.26427926470698915,0.049666666666666665,0.0
300,2,Inflammation only,1.0948694464104058,1.0,0.8030678535453487,0.8,0.27443048036652706,0.05366666666666667,0.0
300,3,Assay only,1.0948694464104058,1.0,0.638958909479924,0.8,0.23894161567489414,0.053,0.0
300,4,Missingness only,1.2479694832260524,1.0,0.7679518229998348,0.8,0.2678821159831105,0.2876666666666667,0.024
300,5,Combined strong,1.3962714731999124,1.8,0.6861016367970005,0.8,0.2909363057396778,0.2673333333333333,0.02
301,0,No shift,0.733927071766483,1.0,1.0018024125426603,0.8,0.18055364174563632,0.049666666666666665,0.001
301,1,Kidney only,1.9331868417485067,1.8,1.0018024125426603,0.8,0.11304874746221787,0.04666666666666667,0.0
301,2,Inflammation only,0.733927071766483,1.0,0.3470444686938236,0.8,0.21438495456557968,0.047,0.001
301,3,Assay only,0.733927071766483,1.0,1.0018024125426606,0.8,0.1805536417456363,0.049666666666666665,0.001
301,4,Missingness only,0.6258037425675625,1.0,1.0321109627918583,0.8,0.15982691273021674,0.26866666666666666,0.022
301,5,Combined strong,2.0270267602455907,1.8,0.3595593825214799,0.8,0.22001821179996636,0.24233333333333335,0.015
302,0,No shift,1.0659081070194631,1.0,1.0549730168848543,0.8,0.29443827418545987,0.06,0.0
302,1,Kidney only,1.839997460255961,1.8,1.0549730168848543,0.8,0.29696942053227826,0.055,0.0
302,2,Inflammation only,1.0659081070194631,1.0,0.5139129945324536,0.8,0.10510055283429984,0.052333333333333336,0.0
302,3,Assay only,1.0659081070194631,1.0,1.0549730168848543,0.8,0.29443827418545976,0.06,0.0
302,4,Missingness only,1.0594361321916506,1.0,1.051960988657466,0.8,0.39095643325805346,0.28633333333333333,0.024
302,5,Combined strong,1.6934402726112423,1.8,0.5785836761784303,0.8,0.19444980428609587,0.27066666666666667,0.025
303,0,No shift,1.1840889863763293,1.0,0.9227662121419775,0.8,0.1354828784105769,0.054,0.0
303,1,Kidney only,1.6306619751782008,1.8,0.9227662121419775,0.8,0.14317682690666175,0.05333333333333334,0.0
303,2,Inflammation only,1.1840889863763293,1.0,0.7216164580847078,0.8,0.20314102432338874,0.052,0.0
303,3,Assay only,1.1840889863763293,1.0,0.9227662121419775,0.8,0.13548287841057693,0.054,0.0
303,4,Missingness only,1.3443764272365328,1.0,0.8369094725038215,0.8,0.20934238329588595,0.2966666666666667,0.025
303,5,Combined strong,1.571519192570406,1.8,0.8115696477311668,0.8,0.2312195677437598,0.2773333333333333,0.024
304,0,No shift,0.9944375414781964,1.0,0.963093338620928,0.8,0.061728206453135495,0.05,0.001
304,1,Kidney only,1.9395153591130736,1.8,0.963093338620928,0.8,0.03322418025481852,0.046,0.001
304,2,Inflammation only,0.9944375414781964,1.0,0.6302066213935829,0.8,0.14423516624425994,0.04766666666666667,0.001
304,3,Assay only,0.9944375414781963,1.0,0.963093338620928,0.8,0.06172820645313548,0.05,0.001
304,4,Missingness only,1.0661752044600354,1.0,1.0363907563676378,0.8,0.09919036371480272,0.2703333333333333,0.023
304,5,Combined strong,1.600264857635869,1.8,0.5999922890042064,0.8,0.14307383953309788,0.255,0.019
305,0,No shift,0.9704711178212372,1.0,0.8674662975694144,0.8,0.19050685237156587,0.052,0.001
305,1,Kidney only,1.7887412660129205,1.8,0.8674662975694144,0.8,0.15589617718616713,0.051666666666666666,0.001
305,2,Inflammation only,0.9704711178212372,1.0,0.7853808438654466,0.8,0.21276065155814028,0.049,0.001
305,3,Assay only,0.9704711178212372,1.0,0.8674662975694144,0.8,0.19050685237156578,0.052,0.001
305,4,Missingness only,1.226061374569938,1.0,0.8722389818507685,0.8,0.3026073835369874,0.2803333333333333,0.018
305,5,Combined strong,1.7177695016114067,1.8,0.7781946426035865,0.8,0.28512802003972915,0.26066666666666666,0.021
306,0,No shift,0.9887465153347514,1.0,0.6720109343379254,0.8,0.236849731792814,0.056,0.0
306,1,Kidney only,1.942418553159162,1.8,0.6720109343379254,0.8,0.27726433157902164,0.05266666666666667,0.0
306,2,Inflammation only,0.9887465153347514,1.0,0.8367956707129309,0.8,0.20448956488655587,0.054,0.0
306,3,Assay only,0.9887465153347514,1.0,0.6720109343379251,0.8,0.236849731792814,0.056,0.0
306,4,Missingness only,1.1691661531105966,1.0,0.7660005910680858,0.8,0.5898877139415658,0.2826666666666667,0.023
306,5,Combined strong,1.8223561276258804,1.8,0.6942535462120423,0.8,0.2896904987212677,0.25633333333333336,0.015
307,0,No shift,0.592117519444311,1.0,0.75427571429945,0.8,0.24261587005838517,0.05633333333333333,0.0
307,1,Kidney only,2.0645021722219976,1.8,0.75427571429945,0.8,0.19372900963215975,0.053,0.0
307,2,Inflammation only,0.592117519444311,1.0,0.7996106301352617,0.8,0.11763615369911026,0.052333333333333336,0.0
307,3,Assay only,0.592117519444311,1.0,0.7542757142994498,0.8,0.24261587005838514,0.05633333333333333,0.0
307,4,Missingness only,0.48243575784058695,1.0,0.7475952139698305,0.8,0.19508876543544498,0.296,0.023
307,5,Combined strong,2.093458647321289,1.8,0.7168541661763371,0.8,0.1405551973641175,0.274,0.014
308,0,No shift,1.3334244428696973,1.0,0.4277908856021069,0.8,0.17886772156684194,0.055,0.0
308,1,Kidney only,1.668393624320514,1.8,0.4277908856021069,0.8,0.21180896092469892,0.05333333333333334,0.0
308,2,Inflammation only,1.3334244428696973,1.0,0.9996784602112752,0.8,0.16328515284402814,0.05433333333333333,0.0
308,3,Assay only,1.3334244428696973,1.0,0.4277908856021069,0.8,0.17886772156684194,0.055,0.0
308,4,Missingness only,1.0799856603948867,1.0,0.4970366202068662,0.8,0.14025904153284452,0.29333333333333333,0.016
308,5,Combined strong,1.7373502755805903,1.8,0.962373370912337,0.8,0.10640300152443227,0.269,0.01
309,0,No shift,1.3729362819299322,1.0,0.5670023010971097,0.8,0.1402143770587097,0.056,0.0
309,1,Kidney only,1.4398687381494093,1.8,0.5670023010971097,0.8,0.15776165297913503,0.052333333333333336,0.001
309,2,Inflammation only,1.3729362819299322,1.0,0.8380745100229301,0.8,0.12040731628397898,0.052,0.0
309,3,Assay only,1.3729362819299322,1.0,0.5670023010971097,0.8,0.14021437705870968,0.056,0.0
309,4,Missingness only,1.3300091597895813,1.0,0.6435441919657715,0.8,0.12557787323007316,0.28733333333333333,0.025
309,5,Combined strong,1.4115817694719173,1.8,0.8101162105075019,0.8,0.11826818003744541,0.26366666666666666,0.017
310,0,No shift,0.6295632812701282,1.0,0.6337109743678838,0.8,0.2529089715621023,0.054,0.0
310,1,Kidney only,2.0193346877497964,1.8,0.6337109743678838,0.8,0.2311149090216344,0.052333333333333336,0.0
310,2,Inflammation only,0.6295632812701282,1.0,0.7366920966037905,0.8,0.23397900891064485,0.052,0.0
310,3,Assay only,0.629563281270128,1.0,0.6337109743678838,0.8,0.25290897156210224,0.054,0.0
310,4,Missingness only,0.7006092003356107,1.0,0.6157585484489574,0.8,0.27112895375860874,0.29833333333333334,0.024
310,5,Combined strong,2.037233533844746,1.8,0.753321008902929,0.8,0.24081329590478326,0.2783333333333333,0.018
311,0,No shift,0.9593361608602345,1.0,0.8598864952258838,0.8,0.20597499358688715,0.05366666666666667,0.0
311,1,Kidney only,2.089469254875364,1.8,0.8598864952258838,0.8,0.20406019002275255,0.049666666666666665,0.0
311,2,Inflammation only,0.9593361608602345,1.0,0.8642728092024915,0.8,0.1786469501423938,0.053,0.0
311,3,Assay only,0.9593361608602345,1.0,0.8598864952258838,0.8,0.2059749935868871,0.05366666666666667,0.0
311,4,Missingness only,0.8501041899324758,1.0,0.9240702188288608,0.8,0.11533344666724615,0.29033333333333333,0.025
311,5,Combined strong,2.2369514047156223,1.8,0.7746807141319728,0.8,0.12947422574462994,0.2693333333333333,0.024
312,0,No shift,0.8060532578859045,1.0,0.8581168367624099,0.8,0.28690057856044876,0.05366666666666667,0.001
312,1,Kidney only,1.9012869655572666,1.8,0.8581168367624099,0.8,0.27381370901330315,0.052333333333333336,0.001
312,2,Inflammation only,0.8060532578859045,1.0,0.770048249294018,0.8,0.3184418869152237,0.050666666666666665,0.001
312,3,Assay only,0.8060532578859045,1.0,0.85811683676241,0.8,0.2869005785604487,0.05366666666666667,0.001
312,4,Missingness only,0.8275363976158859,1.0,0.8775095093242413,0.8,0.27023283773691026,0.28633333333333333,0.022
312,5,Combined strong,1.67579514824531,1.8,0.764349211679614,0.8,0.17899939022365838,0.265,0.014
313,0,No shift,1.113247769010201,1.0,0.9173979212125333,0.8,0.1392973324715787,0.05733333333333333,0.0
313,1,Kidney only,1.6429530050643002,1.8,0.9173979212125333,0.8,0.13884328480021677,0.052,0.0
313,2,Inflammation only,1.113247769010201,1.0,0.6017913242737997,0.8,0.14212266039275834,0.051666666666666666,0.0
313,3,Assay only,1.113247769010201,1.0,0.9173979212125333,0.8,0.13929733247157863,0.05733333333333333,0.0
313,4,Missingness only,1.0157105015188121,1.0,0.9563898553431913,0.8,0.22608950262871005,0.2926666666666667,0.026
313,5,Combined strong,1.6052266175423338,1.8,0.714588539587139,0.8,0.1142135025359786,0.26033333333333336,0.015
314,0,No shift,1.2704002763639464,1.0,0.9410469154820297,0.8,0.2730818876560021,0.05733333333333333,0.0
314,1,Kidney only,1.5198469191167219,1.8,0.9410469154820297,0.8,0.2558246205858139,0.056666666666666664,0.0
314,2,Inflammation only,1.2704002763639464,1.0,0.772592788607262,0.8,0.21539473400088083,0.05333333333333334,0.0
314,3,Assay only,1.2704002763639464,1.0,0.9410469154820296,0.8,0.2730818876560021,0.05733333333333333,0.0
314,4,Missingness only,1.0947616792960224,1.0,1.0661330229339725,0.8,0.2261691977170621,0.2896666666666667,0.033
314,5,Combined strong,1.676684437922668,1.8,0.7975644300075051,0.8,0.17764600979401457,0.27,0.026
315,0,No shift,1.081997604841387,1.0,0.835624231925327,0.8,0.27373888086230885,0.05533333333333333,0.0
315,1,Kidney only,1.8161477388153842,1.8,0.835624231925327,0.8,0.27899984474626527,0.05366666666666667,0.0
315,2,Inflammation only,1.081997604841387,1.0,0.828081704826113,0.8,0.04726849110477697,0.05366666666666667,0.0
315,3,Assay only,1.081997604841387,1.0,0.8356242319253269,0.8,0.2737388808623089,0.05533333333333333,0.0
315,4,Missingness only,1.175223832940292,1.0,0.7921822262747353,0.8,0.16279481028373544,0.29433333333333334,0.027
315,5,Combined strong,1.913191127321161,1.8,0.8773665856389822,0.8,0.2031025539602816,0.2796666666666667,0.02
316,0,No shift,1.1231642708535239,1.0,0.9862646395663323,0.8,0.265479789774586,0.06166666666666667,0.0
316,1,Kidney only,1.8980354297491853,1.8,0.9862646395663323,0.8,0.2372235077306889,0.059666666666666666,0.0
316,2,Inflammation only,1.1231642708535239,1.0,0.47202717127580185,0.8,0.2558733756154298,0.060333333333333336,0.0
316,3,Assay only,1.1231642708535239,1.0,0.9862646395663323,0.8,0.265479789774586,0.06166666666666667,0.0
316,4,Missingness only,0.9647138319881045,1.0,1.0663992133679896,0.8,0.2387307324321858,0.29733333333333334,0.018
316,5,Combined strong,2.0433629168571175,1.8,0.37588349972539004,0.8,0.19222567634628646,0.28,0.011
317,0,No shift,1.1043748869297956,1.0,0.7270766297824935,0.8,0.23366864484794028,0.051333333333333335,0.0
317,1,Kidney only,1.8706277054194722,1.8,0.7270766297824935,0.8,0.2389086127643391,0.052,0.0
317,2,Inflammation only,1.1043748869297956,1.0,0.6693628303403802,0.8,0.248208257738376,0.048,0.0
317,3,Assay only,1.1043748869297956,1.0,0.7270766297824935,0.8,0.23366864484794028,0.051333333333333335,0.0
317,4,Missingness only,1.062558321051835,1.0,0.7364723862901109,0.8,0.25853240827057833,0.2796666666666667,0.024
317,5,Combined strong,1.637085198086204,1.8,0.6182189823410866,0.8,0.31681895180582736,0.259,0.016
318,0,No shift,1.1500508825645244,1.0,0.758802672434703,0.8,0.22999443761246594,0.050333333333333334,0.001
318,1,Kidney only,1.5487626047469523,1.8,0.758802672434703,0.8,0.25998106479131033,0.048666666666666664,0.0
318,2,Inflammation only,1.1500508825645244,1.0,1.2141906397846869,0.8,0.1995943418777962,0.046,0.001
318,3,Assay only,1.1500508825645244,1.0,0.7588026724347029,0.8,0.229994437612466,0.050333333333333334,0.001
318,4,Missingness only,1.153218340970638,1.0,0.8349485866419794,0.8,0.28490987889496466,0.2856666666666667,0.022
318,5,Combined strong,1.7195673106692961,1.8,1.1189998485071713,0.8,0.26016422072473916,0.26666666666666666,0.019
319,0,No shift,0.9272867936245729,1.0,0.9544099138139679,0.8,0.08733241380351699,0.059666666666666666,0.0
319,1,Kidney only,1.957852447909657,1.8,0.9544099138139679,0.8,0.12049512456299294,0.055,0.0
319,2,Inflammation only,0.9272867936245729,1.0,0.8145395197481962,0.8,0.09958835190889537,0.056,0.0
319,3,Assay only,0.9272867936245729,1.0,0.9544099138139679,0.8,0.087332413803517,0.059666666666666666,0.0
319,4,Missingness only,1.160759582853685,1.0,0.9495240225302825,0.8,0.18610973619637106,0.2833333333333333,0.023
319,5,Combined strong,1.9282398401370882,1.8,0.8153044927954577,0.8,0.13768742069930953,0.258,0.018
320,0,No shift,1.0660466526584154,1.0,1.1550419454363587,0.8,0.21724720071658069,0.050666666666666665,0.0
320,1,Kidney only,1.7784585867557323,1.8,1.1550419454363587,0.8,0.2211402528296527,0.048,0.0
320,2,Inflammation only,1.0660466526584154,1.0,0.4850540265637418,0.8,0.18370534297295438,0.051,0.0
320,3,Assay only,1.0660466526584156,1.0,1.1550419454363585,0.8,0.21724720071658069,0.050666666666666665,0.0
320,4,Missingness only,1.143386068211857,1.0,1.134006711937298,0.8,0.22545915170350145,0.27666666666666667,0.019
320,5,Combined strong,1.7984020925053148,1.8,0.43634762325170745,0.8,0.23682746011963296,0.262,0.018
321,0,No shift,0.851279278140241,1.0,0.8345499951212828,0.8,0.20204044321580608,0.05566666666666667,0.001
321,1,Kidney only,2.1600436436722363,1.8,0.8345499951212828,0.8,0.10428057693566505,0.050333333333333334,0.001
321,2,Inflammation only,0.851279278140241,1.0,0.7693355898341592,0.8,0.17047664052566805,0.05333333333333334,0.001
321,3,Assay only,0.851279278140241,1.0,0.8345499951212828,0.8,0.20204044321580603,0.05566666666666667,0.001
321,4,Missingness only,0.878741881919318,1.0,0.8045635448248578,0.8,0.15027394383486284,0.2906666666666667,0.019
321,5,Combined strong,2.051143059260114,1.8,0.7251299059036602,0.8,0.08332189511596455,0.2643333333333333,0.016
322,0,No shift,1.2677908493144305,1.0,0.5428502005470974,0.8,0.13924010305897536,0.06133333333333333,0.0
322,1,Kidney only,1.535376836267197,1.8,0.5428502005470974,0.8,0.22256572463827692,0.05433333333333333,0.0
322,2,Inflammation only,1.2677908493144305,1.0,1.046940370450066,0.8,0.14539973703160483,0.05633333333333333,0.0
322,3,Assay only,1.2677908493144305,1.0,0.5428502005470974,0.8,0.13924010305897538,0.06133333333333333,0.0
322,4,Missingness only,1.2365424328299421,1.0,0.7141591093407481,0.8,0.10837756443278442,0.30233333333333334,0.024
322,5,Combined strong,1.443398854172003,1.8,1.1816218408680799,0.8,0.23080050553362078,0.281,0.021
323,0,No shift,0.5942519593657918,1.0,0.6500327632228163,0.8,0.209032010433342,0.057,0.0
323,1,Kidney only,2.0794528325238337,1.8,0.6500327632228163,0.8,0.14511514702207964,0.05433333333333333,0.0
323,2,Inflammation only,0.5942519593657918,1.0,0.9768072950696848,0.8,0.17544209203344346,0.052333333333333336,0.001
323,3,Assay only,0.5942519593657918,1.0,0.6500327632228161,0.8,0.209032010433342,0.057,0.0
323,4,Missingness only,0.7133186891989031,1.0,0.53554883939626,0.8,0.32358359620166527,0.296,0.021
323,5,Combined strong,2.1264382851291974,1.8,0.8988764674820032,0.8,0.14863827560617113,0.275,0.021
324,0,No shift,0.9490903631776176,1.0,0.5372206330553371,0.8,0.1252268983490959,0.056,0.0
324,1,Kidney only,1.8132437459892454,1.8,0.5372206330553371,0.8,0.13334964466945448,0.051666666666666666,0.0
324,2,Inflammation only,0.9490903631776176,1.0,0.851365579061038,0.8,0.18581409911845156,0.05266666666666667,0.0
324,3,Assay only,0.949090363177618,1.0,0.537220633055337,0.8,0.12522689834909578,0.056,0.0
324,4,Missingness only,0.7312738727525188,1.0,0.6316446888140801,0.8,0.21371923256351646,0.2886666666666667,0.024
324,5,Combined strong,1.9616027027635055,1.8,0.8268166233703836,0.8,0.27723869592208955,0.265,0.02
325,0,No shift,0.8307071868510083,1.0,0.8929211505409935,0.8,0.21245809714450525,0.05433333333333333,0.0
325,1,Kidney only,1.9971798355505834,1.8,0.8929211505409935,0.8,0.1995837633395065,0.049666666666666665,0.0
325,2,Inflammation only,0.8307071868510083,1.0,0.6964428891798919,0.8,0.19456953839557126,0.054,0.0
325,3,Assay only,0.8307071868510083,1.0,0.8929211505409932,0.8,0.21245809714450536,0.05433333333333333,0.0
325,4,Missingness only,0.8550686004206679,1.0,1.0813375151675177,0.8,0.1900571432574764,0.3006666666666667,0.03
325,5,Combined strong,1.9944570846574887,1.8,0.708017760102863,0.8,0.21982465280939772,0.27166666666666667,0.022
326,0,No shift,1.162381068037569,1.0,1.070690741041054,0.8,0.2637701472342575,0.053,0.001
326,1,Kidney only,1.6152274276999188,1.8,1.070690741041054,0.8,0.24241837466601648,0.05333333333333334,0.001
326,2,Inflammation only,1.162381068037569,1.0,0.5373925813841002,0.8,0.3272996945426005,0.052333333333333336,0.0
326,3,Assay only,1.162381068037569,1.0,1.070690741041054,0.8,0.26377014723425757,0.053,0.001
326,4,Missingness only,1.0730724506564953,1.0,1.0882917484595314,0.8,0.27768753555201536,0.2803333333333333,0.029
326,5,Combined strong,1.4799273351089817,1.8,0.3218981177870369,0.8,0.2805403536339337,0.255,0.024
327,0,No shift,1.128403371355238,1.0,0.610473554619426,0.8,0.22316246804172316,0.059,0.0
327,1,Kidney only,1.950425043874627,1.8,0.610473554619426,0.8,0.1400873282597252,0.05433333333333333,0.0
327,2,Inflammation only,1.128403371355238,1.0,0.8785054500085692,0.8,0.18580697109021388,0.05466666666666667,0.0
327,3,Assay only,1.128403371355238,1.0,0.6104735546194259,0.8,0.2231624680417232,0.059,0.0
327,4,Missingness only,1.0451544907635844,1.0,0.8187100309614865,0.8,0.22092140403982244,0.284,0.026
327,5,Combined strong,1.9731778781290146,1.8,0.7847198722427832,0.8,0.12999353844610403,0.25533333333333336,0.019
328,0,No shift,1.0372155885111103,1.0,0.655944630942992,0.8,0.17414484920873113,0.06266666666666666,0.0
328,1,Kidney only,1.6529472600246928,1.8,0.655944630942992,0.8,0.1956671936370356,0.059,0.0
328,2,Inflammation only,1.0372155885111103,1.0,0.8535327792815047,0.8,0.1634892335189944,0.059666666666666666,0.0
328,3,Assay only,1.0372155885111103,1.0,0.6559446309429923,0.8,0.17414484920873108,0.06266666666666666,0.0
328,4,Missingness only,1.119410671197964,1.0,0.8192520107016679,0.8,0.1407106133871781,0.304,0.03
328,5,Combined strong,1.7208362411583324,1.8,0.7455123669197622,0.8,0.18618879620329928,0.2806666666666667,0.025
329,0,No shift,0.9196180681185306,1.0,0.7754122031128996,0.8,0.21545663280798236,0.056666666666666664,0.0
329,1,Kidney only,1.822122816800788,1.8,0.7754122031128996,0.8,0.19697003475084535,0.054,0.0
329,2,Inflammation only,0.9196180681185306,1.0,0.914644877039219,0.8,0.13693495320190235,0.052333333333333336,0.0
329,3,Assay only,0.919618068118531,1.0,0.7754122031128997,0.8,0.2154566328079823,0.056666666666666664,0.0
329,4,Missingness only,0.8652912910958834,1.0,0.7950157209845181,0.8,0.22384295545069094,0.285,0.02
329,5,Combined strong,2.100001017053332,1.8,0.8017648329547356,0.8,0.14677570321591904,0.265,0.018
330,0,No shift,0.8944154029774578,1.0,0.8449262576301312,0.8,0.255540635450623,0.052333333333333336,0.0
330,1,Kidney only,2.1102498859561725,1.8,0.8449262576301312,0.8,0.2130641785688299,0.05266666666666667,0.0
330,2,Inflammation only,0.8944154029774578,1.0,0.7114234665821749,0.8,0.27974027369965604,0.04933333333333333,0.0
330,3,Assay only,0.894415402977458,1.0,0.8449262576301312,0.8,0.25554063545062305,0.052333333333333336,0.0
330,4,Missingness only,0.8936908607486338,1.0,0.8975215982661409,0.8,0.26043762940660564,0.278,0.025
330,5,Combined strong,1.9427155186423253,1.8,0.6379931016163627,0.8,0.3049688287623289,0.25266666666666665,0.016
331,0,No shift,0.95482681334303,1.0,0.5751845544289561,0.8,0.1649750123917954,0.055,0.0
331,1,Kidney only,1.7786260322919474,1.8,0.5751845544289561,0.8,0.16492363294472337,0.049,0.0
331,2,Inflammation only,0.95482681334303,1.0,0.8904178380423038,0.8,0.1016973588020285,0.053,0.0
331,3,Assay only,0.95482681334303,1.0,0.575184554428956,0.8,0.16497501239179535,0.055,0.0
331,4,Missingness only,0.879012533519299,1.0,0.45031391389938646,0.8,0.27846345793801947,0.2846666666666667,0.023
331,5,Combined strong,1.931801662054295,1.8,0.8065027646404064,0.8,0.14818473952082087,0.25933333333333336,0.019
332,0,No shift,0.6256491893934001,1.0,0.8580669285958403,0.8,0.09197565616025341,0.048,0.0
332,1,Kidney only,2.211392765049999,1.8,0.8580669285958403,0.8,0.12003503440148802,0.04766666666666667,0.0
332,2,Inflammation only,0.6256491893934001,1.0,0.6799970141174073,0.8,0.08941922370163048,0.04633333333333333,0.0
332,3,Assay only,0.6256491893934001,1.0,0.85806692859584,0.8,0.09197565616025336,0.048,0.0
332,4,Missingness only,0.618376148293194,1.0,0.8528738352386747,0.8,0.10434254732358485,0.28933333333333333,0.02
332,5,Combined strong,2.2056008415419206,1.8,0.7065746777641138,0.8,0.07055440919786712,0.2643333333333333,0.015
333,0,No shift,0.8221780976193429,1.0,0.8332403580070679,0.8,0.0788206847302934,0.049,0.0
333,1,Kidney only,1.9278593132194746,1.8,0.8332403580070679,0.8,0.07377859958005992,0.043666666666666666,0.0
333,2,Inflammation only,0.8221780976193429,1.0,0.6863209851309992,0.8,0.19737711552759055,0.04833333333333333,0.0
333,3,Assay only,0.8221780976193429,1.0,0.8332403580070681,0.8,0.07882068473029342,0.049,0.0
333,4,Missingness only,0.7763341070944851,1.0,0.8596636750888639,0.8,0.04022082811814213,0.287,0.028
333,5,Combined strong,1.8278099135745265,1.8,0.9381103839787088,0.8,0.2187936666617939,0.259,0.015
334,0,No shift,1.259096247402627,1.0,0.6860656019171396,0.8,0.27011524884508664,0.051666666666666666,0.0
334,1,Kidney only,1.5481056132634115,1.8,0.6860656019171396,0.8,0.2612694716068372,0.04566666666666667,0.0
334,2,Inflammation only,1.259096247402627,1.0,0.9041905651139079,0.8,0.13076737278917874,0.049,0.0
334,3,Assay only,1.259096247402627,1.0,0.6860656019171396,0.8,0.27011524884508664,0.051666666666666666,0.0
334,4,Missingness only,1.175749299959405,1.0,0.7976061005354528,0.8,0.303625282486041,0.2733333333333333,0.023
334,5,Combined strong,1.6503773299061353,1.8,0.9329058239171166,0.8,0.15279548954628824,0.25633333333333336,0.022
335,0,No shift,0.8431839574847851,1.0,1.0363136033642282,0.8,0.2283509345982757,0.057666666666666665,0.0
335,1,Kidney only,1.6487465190521615,1.8,1.0363136033642282,0.8,0.241308229259336,0.05466666666666667,0.0
335,2,Inflammation only,0.8431839574847851,1.0,0.8703383693034776,0.8,0.39451292694121304,0.052,0.0
335,3,Assay only,0.843183957484785,1.0,1.0363136033642282,0.8,0.22835093459827568,0.057666666666666665,0.0
335,4,Missingness only,1.0125321398111036,1.0,1.0415773135847226,0.8,0.22077615953762908,0.287,0.02
335,5,Combined strong,1.692094860910223,1.8,0.8242936921192621,0.8,0.43680951033250703,0.262,0.021
336,0,No shift,1.0593533687273284,1.0,0.6898064431940434,0.8,0.21009837152357164,0.053,0.0
336,1,Kidney only,1.875811033480181,1.8,0.6898064431940434,0.8,0.165194014433283,0.050666666666666665,0.0
336,2,Inflammation only,1.0593533687273284,1.0,1.1274574656261804,0.8,0.20910004091734893,0.052,0.0
336,3,Assay only,1.0593533687273284,1.0,0.6898064431940437,0.8,0.21009837152357164,0.053,0.0
336,4,Missingness only,0.9406660446624051,1.0,0.7030938070569276,0.8,0.2444553631181326,0.289,0.03
336,5,Combined strong,1.9271143504812087,1.8,1.099159379500952,0.8,0.21160418877610998,0.26066666666666666,0.016
337,0,No shift,1.2974183890814885,1.0,0.6078672178272297,0.8,0.09861181304177428,0.06233333333333333,0.0
337,1,Kidney only,1.6603563181970964,1.8,0.6078672178272297,0.8,0.07972660352888675,0.059333333333333335,0.0
337,2,Inflammation only,1.2974183890814885,1.0,1.06587548027152,0.8,0.2088272288438417,0.056666666666666664,0.0
337,3,Assay only,1.2974183890814885,1.0,0.6078672178272295,0.8,0.09861181304177437,0.06233333333333333,0.0
337,4,Missingness only,1.5569011997417705,1.0,0.7024487698288937,0.8,0.15879450480593144,0.29333333333333333,0.02
337,5,Combined strong,1.389688175257293,1.8,0.9648770320397252,0.8,0.2312380882626109,0.2786666666666667,0.022
338,0,No shift,1.4702658859619624,1.0,0.4915963548320628,0.8,0.08393872312242164,0.047,0.0
338,1,Kidney only,1.546236613551225,1.8,0.4915963548320628,0.8,0.02195305994147201,0.046,0.0
338,2,Inflammation only,1.4702658859619624,1.0,1.0805589819843433,0.8,0.19065341466077582,0.043,0.0
338,3,Assay only,1.4702658859619624,1.0,0.4915963548320628,0.8,0.08393872312242168,0.047,0.0
338,4,Missingness only,1.4276072890022011,1.0,0.3210953373298281,0.8,0.1615100155152767,0.2876666666666667,0.027
338,5,Combined strong,1.565096117449732,1.8,1.223565410540405,0.8,0.20447224347808424,0.2673333333333333,0.021
339,0,No shift,0.9220433023232684,1.0,0.5699689645842654,0.8,0.2245110070166595,0.05333333333333334,0.0
339,1,Kidney only,2.01355868179726,1.8,0.5699689645842654,0.8,0.268028071549344,0.050333333333333334,0.0
339,2,Inflammation only,0.9220433023232684,1.0,1.2079283631150397,0.8,0.16941735499319308,0.052,0.0
339,3,Assay only,0.9220433023232684,1.0,0.5699689645842654,0.8,0.22451100701665944,0.05333333333333334,0.0
339,4,Missingness only,0.8112750600967585,1.0,0.47708315223365744,0.8,0.20475423304659443,0.2846666666666667,0.028
339,5,Combined strong,2.036205092541126,1.8,1.1034360920701853,0.8,0.27242286992850245,0.26,0.021
340,0,No shift,1.0358159702307614,1.0,0.8526597655877024,0.8,0.3473558448716009,0.058,0.0
340,1,Kidney only,1.830781060544584,1.8,0.8526597655877024,0.8,0.3406204893733311,0.05433333333333333,0.0
340,2,Inflammation only,1.0358159702307614,1.0,0.698708350919845,0.8,0.18312716149346928,0.057,0.0
340,3,Assay only,1.0358159702307614,1.0,0.8526597655877021,0.8,0.347355844871601,0.058,0.0
340,4,Missingness only,1.047411716198315,1.0,0.8757866137560896,0.8,0.37846142368162333,0.2926666666666667,0.017
340,5,Combined strong,1.915566876680267,1.8,0.5986125570177456,0.8,0.12038546682139001,0.272,0.016
341,0,No shift,1.4826278831891004,1.0,1.1217842014473869,0.8,0.10578934872045756,0.05333333333333334,0.001
341,1,Kidney only,1.4363197956708122,1.8,1.1217842014473869,0.8,0.05893311709671528,0.052333333333333336,0.001
341,2,Inflammation only,1.4826278831891004,1.0,0.676279409736708,0.8,0.08671450605799905,0.051333333333333335,0.0
341,3,Assay only,1.4826278831891004,1.0,1.1217842014473864,0.8,0.10578934872045763,0.05333333333333334,0.001
341,4,Missingness only,1.4932766033161928,1.0,0.9947534342211924,0.8,0.130691474732333,0.2806666666666667,0.023
341,5,Combined strong,1.4713873644364586,1.8,0.7197607286169505,0.8,0.20158129288379784,0.25833333333333336,0.015
342,0,No shift,1.073559105592575,1.0,0.4675769385751748,0.8,0.1318035010943496,0.04666666666666667,0.0
342,1,Kidney only,1.7611053400964807,1.8,0.4675769385751748,0.8,0.12089002480363069,0.042333333333333334,0.0
342,2,Inflammation only,1.073559105592575,1.0,1.002037045990884,0.8,0.12418882160080796,0.044,0.0
342,3,Assay only,1.073559105592575,1.0,0.46757693857517474,0.8,0.13180350109434963,0.04666666666666667,0.0
342,4,Missingness only,1.048852253674057,1.0,0.6062620011661919,0.8,0.25524411027932514,0.288,0.021
342,5,Combined strong,1.7723289312481354,1.8,1.0002144467844027,0.8,0.16538831744595814,0.265,0.019
343,0,No shift,1.0858904264059646,1.0,0.5207191782814296,0.8,0.16514010234724424,0.05533333333333333,0.0
343,1,Kidney only,1.816874090746161,1.8,0.5207191782814296,0.8,0.13951281528037435,0.050666666666666665,0.0
343,2,Inflammation only,1.0858904264059646,1.0,1.092051535681161,0.8,0.1761702760787527,0.05366666666666667,0.0
343,3,Assay only,1.0858904264059648,1.0,0.5207191782814296,0.8,0.16514010234724422,0.05533333333333333,0.0
343,4,Missingness only,0.9988912045920219,1.0,0.5964996317178698,0.8,0.12610800189132182,0.28833333333333333,0.023
343,5,Combined strong,1.8464415995425858,1.8,0.9856455822406753,0.8,0.14954209647926078,0.26966666666666667,0.022
344,0,No shift,0.8002213903875526,1.0,1.0578830056072015,0.8,0.21120883844892663,0.058,0.0
344,1,Kidney only,2.0117125122982933,1.8,1.0578830056072015,0.8,0.2614114326786292,0.05633333333333333,0.0
344,2,Inflammation only,0.8002213903875526,1.0,0.7588356658282054,0.8,0.20671600200004056,0.05466666666666667,0.0
344,3,Assay only,0.8002213903875526,1.0,1.0578830056072013,0.8,0.21120883844892652,0.058,0.0
344,4,Missingness only,0.7404650412356912,1.0,1.0037219750463422,0.8,0.22268832419375872,0.2956666666666667,0.031
344,5,Combined strong,2.030233780808795,1.8,0.6541182797299517,0.8,0.2629341158758362,0.2733333333333333,0.026
345,0,No shift,1.1742243176798672,1.0,0.9150159044697194,0.8,0.29884658240220974,0.05366666666666667,0.0
345,1,Kidney only,1.6381034613789893,1.8,0.9150159044697194,0.8,0.31159874598911763,0.050333333333333334,0.0
345,2,Inflammation only,1.1742243176798672,1.0,0.7307224276587457,0.8,0.3217130353317413,0.051666666666666666,0.0
345,3,Assay only,1.1742243176798672,1.0,0.9150159044697194,0.8,0.29884658240220974,0.05366666666666667,0.0
345,4,Missingness only,1.2995802806598797,1.0,0.8899571903867441,0.8,0.3241506203896516,0.299,0.033
345,5,Combined strong,1.53753061416015,1.8,0.6059846301889322,0.8,0.3045000282700624,0.275,0.026
346,0,No shift,1.0218255806365875,1.0,0.9810879745182418,0.8,0.12702509896083972,0.05633333333333333,0.0
346,1,Kidney only,1.8597277004955242,1.8,0.9810879745182418,0.8,0.11866814943713537,0.050666666666666665,0.0
346,2,Inflammation only,1.0218255806365875,1.0,0.7223012977164406,0.8,0.11070296586876599,0.051666666666666666,0.0
346,3,Assay only,1.0218255806365875,1.0,0.9810879745182416,0.8,0.1270250989608397,0.05633333333333333,0.0
346,4,Missingness only,1.0232060622506922,1.0,0.720708806687164,0.8,0.05389614308329022,0.2786666666666667,0.024
346,5,Combined strong,1.866587461930027,1.8,0.8111770761047157,0.8,0.2129606119746371,0.25633333333333336,0.018
347,0,No shift,0.9762938921975826,1.0,0.7230462784906818,0.8,0.15405446659958136,0.055,0.002
347,1,Kidney only,1.9452135004559454,1.8,0.7230462784906818,0.8,0.08634180393480914,0.049,0.001
347,2,Inflammation only,0.9762938921975826,1.0,0.7730331892943969,0.8,0.14726605369218707,0.051333333333333335,0.001
347,3,Assay only,0.9762938921975826,1.0,0.7230462784906818,0.8,0.15405446659958136,0.055,0.002
347,4,Missingness only,1.1305368974494534,1.0,0.5920407905269542,0.8,0.1649722539919162,0.28933333333333333,0.028
347,5,Combined strong,1.906578712404056,1.8,0.8413813769898488,0.8,0.033804057829945305,0.26366666666666666,0.019
348,0,No shift,1.046619178013505,1.0,0.3927407448021777,0.8,0.25902983451585776,0.05433333333333333,0.0
348,1,Kidney only,1.8314080271704032,1.8,0.3927407448021777,0.8,0.10842068765625719,0.05,0.0
348,2,Inflammation only,1.046619178013505,1.0,0.8889943963526091,0.8,0.22834980137515273,0.051,0.001
348,3,Assay only,1.0466191780135052,1.0,0.39274074480217763,0.8,0.25902983451585776,0.05433333333333333,0.0
348,4,Missingness only,0.9161600325050125,1.0,0.3951266764604768,0.8,0.25071168296979235,0.282,0.017
348,5,Combined strong,1.7097423271154262,1.8,0.9290280411060888,0.8,0.12717877102796768,0.264,0.016
349,0,No shift,1.002708108523225,1.0,0.7069422024925577,0.8,0.19623431572525016,0.05566666666666667,0.001
349,1,Kidney only,1.7980330161529552,1.8,0.7069422024925577,0.8,0.19001553472901905,0.051333333333333335,0.0
349,2,Inflammation only,1.002708108523225,1.0,0.8245367322699965,0.8,0.16488688004459234,0.05366666666666667,0.001
349,3,Assay only,1.002708108523225,1.0,0.7069422024925576,0.8,0.19623431572525005,0.05566666666666667,0.001
349,4,Missingness only,0.9214377066143072,1.0,0.7546055314739526,0.8,0.21261247384372892,0.272,0.021
349,5,Combined strong,1.8430358627436167,1.8,0.8599408938309637,0.8,0.1039053138076509,0.253,0.021
350,0,No shift,0.8179200491467498,1.0,0.8043976453903757,0.8,0.16637959457118878,0.05466666666666667,0.001
350,1,Kidney only,2.2059962400546103,1.8,0.8043976453903757,0.8,0.168878799393029,0.05266666666666667,0.001
350,2,Inflammation only,0.8179200491467498,1.0,0.640629274527732,0.8,0.14245821067850842,0.05366666666666667,0.001
350,3,Assay only,0.8179200491467498,1.0,0.8043976453903757,0.8,0.16637959457118875,0.05466666666666667,0.001
350,4,Missingness only,0.6034039957972153,1.0,0.7820272467310638,0.8,0.13947680256517073,0.29133333333333333,0.031
350,5,Combined strong,2.4659591941518424,1.8,0.5773112329974928,0.8,0.17741515452002174,0.269,0.028
351,0,No shift,0.8166432944415917,1.0,0.7271346135563398,0.8,0.11966266480638098,0.05433333333333333,0.001
351,1,Kidney only,1.704497372794663,1.8,0.7271346135563398,0.8,0.1633860227989053,0.052,0.001
351,2,Inflammation only,0.8166432944415917,1.0,1.0270142721958473,0.8,0.17926537679696836,0.051333333333333335,0.001
351,3,Assay only,0.8166432944415917,1.0,0.7271346135563398,0.8,0.11966266480638096,0.05433333333333333,0.001
351,4,Missingness only,0.7021589595959858,1.0,0.6582895231737947,0.8,0.1468961710735306,0.2753333333333333,0.021
351,5,Combined strong,1.9060894458332607,1.8,1.0560513943855137,0.8,0.30730963956131485,0.252,0.009
352,0,No shift,1.434181968254193,1.0,0.8615242122897244,0.8,0.10676458314825059,0.06333333333333334,0.0
352,1,Kidney only,1.797924748999745,1.8,0.8615242122897244,0.8,0.12002846628195106,0.059666666666666666,0.0
352,2,Inflammation only,1.434181968254193,1.0,0.8511772578251351,0.8,0.04240847149928311,0.06166666666666667,0.0
352,3,Assay only,1.4341819682541928,1.0,0.8615242122897244,0.8,0.10676458314825048,0.06333333333333334,0.0
352,4,Missingness only,1.49925936248242,1.0,0.8140809339669708,0.8,0.12486299242084133,0.30133333333333334,0.028
352,5,Combined strong,1.7599329199744456,1.8,0.7343292492652262,0.8,0.15588117073215174,0.27466666666666667,0.02
353,0,No shift,0.9790974658818713,1.0,0.3960322076878543,0.8,0.11197693743346444,0.068,0.001
353,1,Kidney only,2.0398572067841783,1.8,0.3960322076878543,0.8,0.13334831724289598,0.06433333333333334,0.001
353,2,Inflammation only,0.9790974658818713,1.0,1.0440318719371684,0.8,0.1497370838944339,0.06266666666666666,0.0
353,3,Assay only,0.9790974658818713,1.0,0.3960322076878544,0.8,0.11197693743346446,0.068,0.001
353,4,Missingness only,0.8691751842626834,1.0,0.4984627078747201,0.8,0.1522875924450303,0.2996666666666667,0.023
353,5,Combined strong,2.2262275061627013,1.8,1.0006592147957125,0.8,0.11415310567220807,0.273,0.014
354,0,No shift,1.1738928783874483,1.0,0.7980945173194597,0.8,0.05959706219355134,0.058,0.001
354,1,Kidney only,1.5501694930077776,1.8,0.7980945173194597,0.8,0.09921177604082738,0.05366666666666667,0.0
354,2,Inflammation only,1.1738928783874483,1.0,0.6941764512836104,0.8,0.0669395927249128,0.056666666666666664,0.001
354,3,Assay only,1.1738928783874483,1.0,0.7980945173194597,0.8,0.05959706219355124,0.058,0.001
354,4,Missingness only,1.4126885817136972,1.0,0.8281954545593283,0.8,0.11384196825826014,0.29733333333333334,0.024
354,5,Combined strong,1.5130239599068471,1.8,0.662027673246059,0.8,0.18082805223923049,0.27266666666666667,0.017
355,0,No shift,1.2877011733358794,1.0,0.8374813207975622,0.8,0.3076548933506237,0.04833333333333333,0.0
355,1,Kidney only,1.8623961324736138,1.8,0.8374813207975622,0.8,0.22630866027578767,0.047,0.0
355,2,Inflammation only,1.2877011733358794,1.0,0.8640300148646252,0.8,0.15615856003996553,0.046,0.0
355,3,Assay only,1.2877011733358792,1.0,0.8374813207975622,0.8,0.3076548933506238,0.04833333333333333,0.0
355,4,Missingness only,1.2979762198408393,1.0,0.7331129935384106,0.8,0.2660744484749689,0.2713333333333333,0.023
355,5,Combined strong,1.8071346325403863,1.8,0.865188245002036,0.8,0.14876621650875685,0.25333333333333335,0.018
356,0,No shift,1.262333395243207,1.0,0.819284620529851,0.8,0.13076297864344696,0.050333333333333334,0.0
356,1,Kidney only,1.8168300182959913,1.8,0.819284620529851,0.8,0.10818849657361779,0.04733333333333333,0.0
356,2,Inflammation only,1.262333395243207,1.0,0.863711619474839,0.8,0.1476700347823953,0.04733333333333333,0.0
356,3,Assay only,1.262333395243207,1.0,0.819284620529851,0.8,0.13076297864344694,0.050333333333333334,0.0
356,4,Missingness only,1.41958512092654,1.0,0.8405018748736135,0.8,0.23996874359394055,0.284,0.017
356,5,Combined strong,1.8638924951311873,1.8,0.8599118126739245,0.8,0.15295302102433414,0.262,0.017
357,0,No shift,0.9895121043614729,1.0,0.6867216816533362,0.8,0.1898143971494897,0.049666666666666665,0.0
357,1,Kidney only,1.5605450951617768,1.8,0.6867216816533362,0.8,0.11937872633341709,0.04566666666666667,0.0
357,2,Inflammation only,0.9895121043614729,1.0,0.5173674870523924,0.8,0.18840040170034128,0.04833333333333333,0.0
357,3,Assay only,0.9895121043614729,1.0,0.6867216816533362,0.8,0.1898143971494896,0.049666666666666665,0.0
357,4,Missingness only,0.9094249574709807,1.0,0.5519757181299941,0.8,0.24856474398648004,0.281,0.022
357,5,Combined strong,1.5094920436506927,1.8,0.6136546139338235,0.8,0.1630264038260412,0.26033333333333336,0.018
358,0,No shift,1.0244003226652982,1.0,0.8814870852553469,0.8,0.2176175531171911,0.04766666666666667,0.0
358,1,Kidney only,1.911139132710759,1.8,0.8814870852553469,0.8,0.29636935742658893,0.04666666666666667,0.0
358,2,Inflammation only,1.0244003226652982,1.0,1.0362333518809494,0.8,0.21961954777075388,0.046,0.0
358,3,Assay only,1.024400322665298,1.0,0.8814870852553469,0.8,0.21761755311719114,0.04766666666666667,0.0
358,4,Missingness only,0.8722466964336939,1.0,0.8341459533361831,0.8,0.1953720231731274,0.28833333333333333,0.022
358,5,Combined strong,1.8968291765642808,1.8,1.0491817970006407,0.8,0.24279206327204744,0.265,0.015
359,0,No shift,0.9987348127460278,1.0,0.6555773404268679,0.8,0.19868416023409835,0.050333333333333334,0.0
359,1,Kidney only,1.8865440565116818,1.8,0.6555773404268679,0.8,0.19257000173774402,0.048,0.0
359,2,Inflammation only,0.9987348127460278,1.0,0.8585818389002182,0.8,0.14113846037401825,0.048,0.0
359,3,Assay only,0.9987348127460278,1.0,0.655577340426868,0.8,0.1986841602340983,0.050333333333333334,0.0
359,4,Missingness only,0.7889419084436423,1.0,0.6667449179963101,0.8,0.283218835284221,0.2776666666666667,0.027
359,5,Combined strong,1.9429779211593536,1.8,1.0600302738279284,0.8,0.2539451703584419,0.254,0.023
360,0,No shift,1.3191356717678713,1.0,0.30160219944716204,0.8,0.20361059541197238,0.052,0.0
360,1,Kidney only,1.407367949024773,1.8,0.30160219944716204,0.8,0.17040295763694255,0.049666666666666665,0.0
360,2,Inflammation only,1.3191356717678713,1.0,1.2864583107389316,0.8,0.18219863441691309,0.051666666666666666,0.0
360,3,Assay only,1.3191356717678713,1.0,0.30160219944716204,0.8,0.2036105954119724,0.052,0.0
360,4,Missingness only,1.1288845729261294,1.0,0.39462112500416086,0.8,0.1886806767988355,0.292,0.028
360,5,Combined strong,1.4066593822743103,1.8,1.1740180604327328,0.8,0.13132785098035485,0.268,0.019
361,0,No shift,1.130225551195186,1.0,0.889711588859491,0.8,0.2743583955225364,0.051666666666666666,0.0
361,1,Kidney only,1.7589985997963333,1.8,0.889711588859491,0.8,0.27007972063754637,0.05,0.0
361,2,Inflammation only,1.130225551195186,1.0,0.7956731808012041,0.8,0.2058847350787894,0.051666666666666666,0.0
361,3,Assay only,1.130225551195186,1.0,0.889711588859491,0.8,0.2743583955225363,0.051666666666666666,0.0
361,4,Missingness only,1.1125554855306943,1.0,0.9968997953274069,0.8,0.31670524882427137,0.2926666666666667,0.025
361,5,Combined strong,1.785176139418164,1.8,0.7773915045853735,0.8,0.2140331451558387,0.26266666666666666,0.018
362,0,No shift,1.203406869706746,1.0,1.2997853454805695,0.8,0.21556641320459063,0.05366666666666667,0.0
362,1,Kidney only,1.5973366296544296,1.8,1.2997853454805695,0.8,0.21267625652698566,0.05266666666666667,0.0
362,2,Inflammation only,1.203406869706746,1.0,0.5686397997557908,0.8,0.1999881352510761,0.050666666666666665,0.0
362,3,Assay only,1.203406869706746,1.0,1.2997853454805695,0.8,0.2155664132045906,0.05366666666666667,0.0
362,4,Missingness only,1.2072442949925775,1.0,1.269077527118987,0.8,0.31702495460525293,0.2843333333333333,0.026
362,5,Combined strong,1.4927838024661892,1.8,0.5451696273126813,0.8,0.3329870038411766,0.2653333333333333,0.025
363,0,No shift,0.6442113365495299,1.0,0.9395004633619252,0.8,0.22796138937421154,0.062,0.0
363,1,Kidney only,2.0010671914240534,1.8,0.9395004633619252,0.8,0.11476460756037238,0.06233333333333333,0.0
363,2,Inflammation only,0.6442113365495299,1.0,0.5473731026546081,0.8,0.3309571013474872,0.058,0.0
363,3,Assay only,0.6442113365495299,1.0,0.9395004633619247,0.8,0.2279613893742115,0.062,0.0
363,4,Missingness only,0.768566565667913,1.0,1.0274262616357788,0.8,0.24917848053504868,0.2866666666666667,0.025
363,5,Combined strong,2.0416898056071053,1.8,0.6870596892011772,0.8,0.25424831076941706,0.267,0.026
364,0,No shift,1.0696052264505094,1.0,0.7828783161447797,0.8,0.11460287537531778,0.053,0.0
364,1,Kidney only,1.7047028867421998,1.8,0.7828783161447797,0.8,0.08896626306978368,0.051,0.0
364,2,Inflammation only,1.0696052264505094,1.0,0.37313743733514015,0.8,0.12202180400128085,0.053,0.0
364,3,Assay only,1.069605226450509,1.0,0.7828783161447799,0.8,0.11460287537531781,0.053,0.0
364,4,Missingness only,0.9389453391227293,1.0,0.7810612647974942,0.8,0.21193731246928196,0.291,0.021
364,5,Combined strong,1.7046132937767502,1.8,0.3603200344528482,0.8,0.16093818930403567,0.2653333333333333,0.015
365,0,No shift,0.7787481043431207,1.0,0.9277694114729926,0.8,0.22418163458154589,0.049666666666666665,0.0
365,1,Kidney only,1.797354947040862,1.8,0.9277694114729926,0.8,0.21053649236221386,0.049,0.0
365,2,Inflammation only,0.7787481043431207,1.0,0.4571742529515288,0.8,0.2375602625230975,0.049666666666666665,0.0
365,3,Assay only,0.7787481043431209,1.0,0.9277694114729929,0.8,0.2241816345815459,0.049666666666666665,0.0
365,4,Missingness only,0.7957449968626865,1.0,0.8518273928926642,0.8,0.18111223402119123,0.29333333333333333,0.022
365,5,Combined strong,1.6571128506148936,1.8,0.6038664374742939,0.8,0.1913720299501229,0.2693333333333333,0.013
366,0,No shift,1.0836951644433583,1.0,0.7017939410880345,0.8,0.18151345268023342,0.060333333333333336,0.001
366,1,Kidney only,1.628731900253282,1.8,0.7017939410880345,0.8,0.22102203570269227,0.058,0.001
366,2,Inflammation only,1.0836951644433583,1.0,0.5997979827988469,0.8,0.10169093862532802,0.058,0.001
366,3,Assay only,1.0836951644433581,1.0,0.7017939410880345,0.8,0.1815134526802334,0.060333333333333336,0.001
366,4,Missingness only,0.8358150810949014,1.0,0.6937744093127856,0.8,0.24596796039758406,0.29233333333333333,0.028
366,5,Combined strong,1.957881182957435,1.8,0.6177291819355034,0.8,0.17922129639864048,0.2723333333333333,0.019
367,0,No shift,0.7251657193516695,1.0,0.7330308149061776,0.8,0.1823836208785556,0.05566666666666667,0.002
367,1,Kidney only,2.027290331348526,1.8,0.7330308149061776,0.8,0.22165502704319648,0.05366666666666667,0.001
367,2,Inflammation only,0.7251657193516695,1.0,0.4617162381514856,0.8,0.20464236383888212,0.052,0.002
367,3,Assay only,0.7251657193516695,1.0,0.7330308149061776,0.8,0.18238362087855564,0.05566666666666667,0.002
367,4,Missingness only,0.698382040855476,1.0,0.9550440889451036,0.8,0.3107749995228843,0.2813333333333333,0.027
367,5,Combined strong,2.1188835224480167,1.8,0.4272935625303906,0.8,0.2565588903656613,0.259,0.019
368,0,No shift,0.9579298239513909,1.0,0.7471952860332218,0.8,0.19443542798433594,0.050666666666666665,0.0
368,1,Kidney only,2.0354605252641043,1.8,0.7471952860332218,0.8,0.29988466270502356,0.048666666666666664,0.0
368,2,Inflammation only,0.9579298239513909,1.0,0.6984638322514379,0.8,0.14496049971470878,0.04933333333333333,0.0
368,3,Assay only,0.9579298239513909,1.0,0.7471952860332218,0.8,0.19443542798433594,0.050666666666666665,0.0
368,4,Missingness only,0.867896427991397,1.0,0.9127379351319985,0.8,0.32296889156100095,0.284,0.024
368,5,Combined strong,2.0937733096250355,1.8,0.7724976998163104,0.8,0.2823698389222075,0.26166666666666666,0.018
369,0,No shift,1.414119486023449,1.0,0.7237701867458506,0.8,0.11275887914747562,0.046,0.0
369,1,Kidney only,1.5714746493111273,1.8,0.7237701867458506,0.8,0.14789890421024054,0.046,0.0
369,2,Inflammation only,1.414119486023449,1.0,0.8093622978170193,0.8,0.15748753713011396,0.04733333333333333,0.0
369,3,Assay only,1.414119486023449,1.0,0.7237701867458507,0.8,0.11275887914747566,0.046,0.0
369,4,Missingness only,1.5162485828471628,1.0,0.6945061962775297,0.8,0.2817061203972251,0.2803333333333333,0.021
369,5,Combined strong,1.2774614424013133,1.8,0.7021864164024807,0.8,0.15470004514399244,0.259,0.016
370,0,No shift,0.8774205982858422,1.0,0.39069309461041146,0.8,0.25282458001497804,0.04833333333333333,0.0
370,1,Kidney only,1.8144128008314413,1.8,0.39069309461041146,0.8,0.18730658499351666,0.04766666666666667,0.0
370,2,Inflammation only,0.8774205982858422,1.0,0.9978847057482015,0.8,0.20993186353199042,0.051,0.0
370,3,Assay only,0.8774205982858422,1.0,0.39069309461041146,0.8,0.2528245800149781,0.04833333333333333,0.0
370,4,Missingness only,0.7365287481609445,1.0,0.3819796339598301,0.8,0.3398232988870432,0.27566666666666667,0.022
370,5,Combined strong,1.8517582211416692,1.8,0.9006610959610365,0.8,0.3176055594968873,0.256,0.015
371,0,No shift,1.7271098129359703,1.0,0.9969152866327315,0.8,0.21608296424336634,0.059,0.0
371,1,Kidney only,1.354197679725875,1.8,0.9969152866327315,0.8,0.16671741095177287,0.056666666666666664,0.0
371,2,Inflammation only,1.7271098129359703,1.0,0.989865958356876,0.8,0.17560361062012347,0.058,0.0
371,3,Assay only,1.7271098129359703,1.0,0.9969152866327314,0.8,0.21608296424336637,0.059,0.0
371,4,Missingness only,1.6980701957854618,1.0,0.9407673959972743,0.8,0.31872486597954547,0.309,0.033
371,5,Combined strong,1.529231446323249,1.8,0.892588276423069,0.8,0.2202721448031465,0.284,0.021
372,0,No shift,1.0986681183216656,1.0,0.578586953949131,0.8,0.22273821655093004,0.059333333333333335,0.0
372,1,Kidney only,1.9055536695558466,1.8,0.578586953949131,0.8,0.18799235272973258,0.057,0.0
372,2,Inflammation only,1.0986681183216656,1.0,0.7445726510073447,0.8,0.09249528253387523,0.05366666666666667,0.0
372,3,Assay only,1.0986681183216656,1.0,0.578586953949131,0.8,0.22273821655093,0.059333333333333335,0.0
372,4,Missingness only,1.1148509284752375,1.0,0.5475332668544255,0.8,0.27218659475069673,0.30766666666666664,0.02
372,5,Combined strong,1.958826448380562,1.8,0.6270758862052871,0.8,0.23513359757146102,0.29333333333333333,0.019
373,0,No shift,0.8420389854360693,1.0,1.1342545165728326,0.8,0.20204646953390382,0.059,0.0
373,1,Kidney only,1.8473092420086747,1.8,1.1342545165728326,0.8,0.1658611773299703,0.05466666666666667,0.0
373,2,Inflammation only,0.8420389854360693,1.0,0.6438197994854876,0.8,0.21934943350282027,0.059333333333333335,0.0
373,3,Assay only,0.8420389854360688,1.0,1.1342545165728326,0.8,0.20204646953390384,0.059,0.0
373,4,Missingness only,0.7688362620286395,1.0,1.094020037457507,0.8,0.2798531214111,0.2876666666666667,0.025
373,5,Combined strong,1.749284907402149,1.8,0.7269865263271267,0.8,0.2582225861125496,0.26966666666666667,0.02
374,0,No shift,1.1390048927541019,1.0,0.6529730887582059,0.8,0.16448556252886823,0.056,0.0
374,1,Kidney only,1.61519299853678,1.8,0.6529730887582059,0.8,0.18939031267296813,0.051333333333333335,0.0
374,2,Inflammation only,1.1390048927541019,1.0,1.227020005596221,0.8,0.3841765670793231,0.05633333333333333,0.0
374,3,Assay only,1.1390048927541019,1.0,0.6529730887582056,0.8,0.1644855625288682,0.056,0.0
374,4,Missingness only,1.2728844605348417,1.0,0.6551923987822811,0.8,0.1791785342501171,0.29933333333333334,0.022
374,5,Combined strong,1.5603008011657813,1.8,1.21061850595268,0.8,0.35854949796383634,0.27066666666666667,0.019
375,0,No shift,1.0556565849267419,1.0,0.6886025979935418,0.8,0.16435379453032734,0.05733333333333333,0.0
375,1,Kidney only,1.6707395565493004,1.8,0.6886025979935418,0.8,0.10797592206656602,0.05333333333333334,0.0
375,2,Inflammation only,1.0556565849267419,1.0,0.759157300011909,0.8,0.19454760892764517,0.056,0.0
375,3,Assay only,1.0556565849267419,1.0,0.6886025979935418,0.8,0.16435379453032734,0.05733333333333333,0.0
375,4,Missingness only,1.1223403228954363,1.0,0.703580092958111,0.8,0.1958368871180072,0.30133333333333334,0.025
375,5,Combined strong,1.6519761428241106,1.8,0.7032835111392145,0.8,0.16080693271755592,0.2723333333333333,0.015
376,0,No shift,0.733818363621322,1.0,0.9131870629966349,0.8,0.2376825209630189,0.052,0.0
376,1,Kidney only,2.136529303716155,1.8,0.9131870629966349,0.8,0.19912105265484875,0.049666666666666665,0.0
376,2,Inflammation only,0.733818363621322,1.0,0.6262969966820398,0.8,0.23842442974964348,0.04933333333333333,0.0
376,3,Assay only,0.7338183636213221,1.0,0.9131870629966344,0.8,0.2376825209630189,0.052,0.0
376,4,Missingness only,0.7715212668391394,1.0,1.1399318143797101,0.8,0.2961825921226787,0.288,0.018
376,5,Combined strong,2.156522090185654,1.8,0.581004273705774,0.8,0.19849691772943212,0.26766666666666666,0.017
377,0,No shift,1.3910649625208027,1.0,1.078585134842326,0.8,0.27139112562588824,0.050666666666666665,0.0
377,1,Kidney only,1.4691478169729106,1.8,1.078585134842326,0.8,0.24150754459356252,0.04766666666666667,0.0
377,2,Inflammation only,1.3910649625208027,1.0,0.5596552974079619,0.8,0.1498094763139404,0.051666666666666666,0.0
377,3,Assay only,1.3910649625208027,1.0,1.078585134842326,0.8,0.2713911256258882,0.050666666666666665,0.0
377,4,Missingness only,1.2984157380353618,1.0,1.0353765951186777,0.8,0.28883747752985184,0.292,0.02
377,5,Combined strong,1.4734458579868486,1.8,0.5348772025304326,0.8,0.1309014358184382,0.27066666666666667,0.011
378,0,No shift,1.4327523573949388,1.0,0.9674230086763878,0.8,0.1921833538513117,0.062,0.0
378,1,Kidney only,1.6751332632108054,1.8,0.9674230086763878,0.8,0.1778921143900714,0.057666666666666665,0.0
378,2,Inflammation only,1.4327523573949388,1.0,0.6133235869379999,0.8,0.179237905169988,0.05633333333333333,0.0
378,3,Assay only,1.4327523573949388,1.0,0.9674230086763878,0.8,0.1921833538513117,0.062,0.0
378,4,Missingness only,1.3325733432586093,1.0,1.0279776958032805,0.8,0.11606211553670452,0.315,0.034
378,5,Combined strong,1.5870780367176403,1.8,0.74217327188136,0.8,0.26165035880856485,0.2886666666666667,0.021
379,0,No shift,0.6079437511466171,1.0,0.6613088851491288,0.8,0.18359718284018456,0.05733333333333333,0.0
379,1,Kidney only,2.106138919513541,1.8,0.6613088851491288,0.8,0.08840939514261621,0.054,0.0
379,2,Inflammation only,0.6079437511466171,1.0,0.6802555260907656,0.8,0.18072678332159908,0.05266666666666667,0.0
379,3,Assay only,0.6079437511466173,1.0,0.6613088851491288,0.8,0.18359718284018453,0.05733333333333333,0.0
379,4,Missingness only,0.6916953750915653,1.0,0.6991240798109912,0.8,0.2565356909394785,0.28733333333333333,0.018
379,5,Combined strong,2.097138267291324,1.8,0.6373809815436854,0.8,0.24241977904775136,0.263,0.011
380,0,No shift,1.0741131705125615,1.0,0.595425693809523,0.8,0.2905006976819932,0.05533333333333333,0.0
380,1,Kidney only,1.9546385540997722,1.8,0.595425693809523,0.8,0.17043095173909673,0.051,0.0
380,2,Inflammation only,1.0741131705125615,1.0,0.7577472696064402,0.8,0.29837489477674706,0.05366666666666667,0.0
380,3,Assay only,1.0741131705125615,1.0,0.595425693809523,0.8,0.2905006976819932,0.05533333333333333,0.0
380,4,Missingness only,1.0877958921564506,1.0,0.6015807343790327,0.8,0.3212185679198245,0.30433333333333334,0.023
380,5,Combined strong,1.8608420717281007,1.8,0.7717458406445159,0.8,0.25874862350481215,0.2773333333333333,0.022
381,0,No shift,1.0593296859387045,1.0,0.6816052481212563,0.8,0.13744336813229738,0.05366666666666667,0.0
381,1,Kidney only,1.8144714703746632,1.8,0.6816052481212563,0.8,0.13392086072752055,0.052,0.0
381,2,Inflammation only,1.0593296859387045,1.0,0.8358317267478363,0.8,0.09707620129883429,0.05333333333333334,0.0
381,3,Assay only,1.0593296859387045,1.0,0.6816052481212564,0.8,0.1374433681322974,0.05366666666666667,0.0
381,4,Missingness only,0.9959835620185369,1.0,0.6337348010747592,0.8,0.12832440531013709,0.2986666666666667,0.029
381,5,Combined strong,1.9746113022366178,1.8,0.9019013130555961,0.8,0.1680259460673719,0.2733333333333333,0.016
382,0,No shift,1.0094801266854965,1.0,0.6001583823087892,0.8,0.16027535940240556,0.05533333333333333,0.0
382,1,Kidney only,1.6468109991935083,1.8,0.6001583823087892,0.8,0.15335502158515182,0.054,0.0
382,2,Inflammation only,1.0094801266854965,1.0,1.0764370362577382,0.8,0.2710873742183865,0.05333333333333334,0.0
382,3,Assay only,1.0094801266854965,1.0,0.6001583823087892,0.8,0.16027535940240556,0.05533333333333333,0.0
382,4,Missingness only,1.2766463910760026,1.0,0.6393388463647621,0.8,0.12675848191371752,0.2896666666666667,0.024
382,5,Combined strong,1.530641464762794,1.8,1.1972581382261367,0.8,0.27053001526642967,0.27066666666666667,0.013
383,0,No shift,0.9324121864002992,1.0,1.007722964735539,0.8,0.21224140059500193,0.055,0.0
383,1,Kidney only,1.9488237831614132,1.8,1.007722964735539,0.8,0.1265863947131084,0.054,0.0
383,2,Inflammation only,0.9324121864002992,1.0,0.5444284448426244,0.8,0.19916048679644816,0.052333333333333336,0.0
383,3,Assay only,0.9324121864002989,1.0,1.0077229647355388,0.8,0.21224140059500193,0.055,0.0
383,4,Missingness only,0.9216323162170751,1.0,1.0352718922763988,0.8,0.3111940387041527,0.301,0.037
383,5,Combined strong,1.8855077101883753,1.8,0.49659230781378894,0.8,0.20749089170127677,0.27466666666666667,0.026
384,0,No shift,0.9420891786164395,1.0,0.6667405650625715,0.8,0.13935663771586432,0.057,0.002
384,1,Kidney only,1.6637085037123651,1.8,0.6667405650625715,0.8,0.11827173767005753,0.051,0.001
384,2,Inflammation only,0.9420891786164395,1.0,0.9831329185716233,0.8,0.20633958100316196,0.053,0.002
384,3,Assay only,0.9420891786164395,1.0,0.6667405650625715,0.8,0.13935663771586435,0.057,0.002
384,4,Missingness only,1.1216025901376185,1.0,0.697803578217682,0.8,0.2283680280995741,0.2823333333333333,0.023
384,5,Combined strong,1.614091758655252,1.8,1.1027443227586624,0.8,0.2136413649539828,0.25933333333333336,0.013
385,0,No shift,1.0767228201182448,1.0,0.8276961236542014,0.8,0.11107110308127628,0.05266666666666667,0.0
385,1,Kidney only,1.76739860834277,1.8,0.8276961236542014,0.8,0.07886362108892571,0.04933333333333333,0.0
385,2,Inflammation only,1.0767228201182448,1.0,0.8509412376166898,0.8,0.14648254460027438,0.05,0.0
385,3,Assay only,1.0767228201182448,1.0,0.8276961236542014,0.8,0.1110711030812763,0.05266666666666667,0.0
385,4,Missingness only,0.9271697654618986,1.0,0.798441343644745,0.8,0.1291028566464049,0.2723333333333333,0.019
385,5,Combined strong,1.7675913354419845,1.8,0.8758373401678153,0.8,0.1789310244352256,0.251,0.012
386,0,No shift,0.8504363675898288,1.0,0.5251199673528619,0.8,0.4372826126070741,0.057,0.0
386,1,Kidney only,1.957392277684414,1.8,0.5251199673528619,0.8,0.4508250244775971,0.05266666666666667,0.0
386,2,Inflammation only,0.8504363675898288,1.0,1.1012685633733232,0.8,0.2721848124518178,0.056666666666666664,0.0
386,3,Assay only,0.8504363675898288,1.0,0.5251199673528619,0.8,0.437282612607074,0.057,0.0
386,4,Missingness only,0.8018879081986094,1.0,0.39972956045942787,0.8,0.4282733900095638,0.28633333333333333,0.025
386,5,Combined strong,2.076444216706386,1.8,1.2575980621150513,0.8,0.34229892872436973,0.2623333333333333,0.027
387,0,No shift,1.3933564939380059,1.0,1.2824750732283199,0.8,0.18199453299974228,0.05466666666666667,0.0
387,1,Kidney only,1.6463791280002806,1.8,1.2824750732283199,0.8,0.17218008749210006,0.048666666666666664,0.0
387,2,Inflammation only,1.3933564939380059,1.0,0.44488808776035543,0.8,0.17799086712050136,0.05433333333333333,0.0
387,3,Assay only,1.3933564939380059,1.0,1.2824750732283199,0.8,0.18199453299974244,0.05466666666666667,0.0
387,4,Missingness only,1.1919219514621244,1.0,1.1505919632100328,0.8,0.03618882569445819,0.29133333333333333,0.027
387,5,Combined strong,1.7032974729937482,1.8,0.41247736465752677,0.8,0.11558928266988878,0.2733333333333333,0.021
388,0,No shift,1.1736159043989698,1.0,1.0014798888848053,0.8,0.20643370992872684,0.056666666666666664,0.001
388,1,Kidney only,1.6074909397163526,1.8,1.0014798888848053,0.8,0.20988630318537813,0.051666666666666666,0.001
388,2,Inflammation only,1.1736159043989698,1.0,0.7539406851771707,0.8,0.26747356848938414,0.05333333333333334,0.001
388,3,Assay only,1.1736159043989698,1.0,1.0014798888848055,0.8,0.20643370992872684,0.056666666666666664,0.001
388,4,Missingness only,1.139041201612278,1.0,1.1676022382216875,0.8,0.19947519524863233,0.2833333333333333,0.027
388,5,Combined strong,1.6448915079934494,1.8,0.7387721491084296,0.8,0.2947053907249189,0.26666666666666666,0.02
389,0,No shift,0.9593137815130608,1.0,0.7077671126679,0.8,0.20402826461012855,0.051333333333333335,0.0
389,1,Kidney only,1.9988569882745135,1.8,0.7077671126679,0.8,0.21711050525784334,0.050333333333333334,0.0
389,2,Inflammation only,0.9593137815130608,1.0,1.0779717723254227,0.8,0.15076114010512814,0.049666666666666665,0.0
389,3,Assay only,0.9593137815130608,1.0,0.7077671126679,0.8,0.20402826461012852,0.051333333333333335,0.0
389,4,Missingness only,0.9021957493341052,1.0,0.5413541029364173,0.8,0.2763916791503141,0.2946666666666667,0.022
389,5,Combined strong,2.148385913299602,1.8,1.2029261304045515,0.8,0.27357571475507014,0.26966666666666667,0.013
390,0,No shift,0.973310143064482,1.0,0.6529346653536784,0.8,0.16885283772653428,0.05533333333333333,0.0
390,1,Kidney only,1.82431345647637,1.8,0.6529346653536784,0.8,0.17763437482761452,0.05266666666666667,0.0
390,2,Inflammation only,0.973310143064482,1.0,1.0505751352997015,0.8,0.1612587987401228,0.051333333333333335,0.0
390,3,Assay only,0.973310143064482,1.0,0.6529346653536784,0.8,0.16885283772653434,0.05533333333333333,0.0
390,4,Missingness only,0.9203568471639546,1.0,0.577013622353706,0.8,0.18044502150753197,0.29,0.017
390,5,Combined strong,1.681922640310846,1.8,1.1775358923952604,0.8,0.19705899486123704,0.2743333333333333,0.02
391,0,No shift,0.9677886211220208,1.0,0.7431805166511563,0.8,0.15491849746929984,0.058,0.001
391,1,Kidney only,1.7325213685940952,1.8,0.7431805166511563,0.8,0.14319568626296036,0.05366666666666667,0.001
391,2,Inflammation only,0.9677886211220208,1.0,0.7152831775587559,0.8,0.137581755323741,0.056,0.001
391,3,Assay only,0.9677886211220209,1.0,0.7431805166511564,0.8,0.15491849746929978,0.058,0.001
391,4,Missingness only,0.9938123187672588,1.0,0.750235202253047,0.8,0.23177829176882125,0.301,0.032
391,5,Combined strong,1.7721475263785536,1.8,0.8007023381397926,0.8,0.15249638121578815,0.2776666666666667,0.02
392,0,No shift,0.9627915143368111,1.0,0.9679219632422413,0.8,0.2264937198024159,0.049666666666666665,0.0
392,1,Kidney only,1.842419109872148,1.8,0.9679219632422413,0.8,0.20779842780205104,0.04766666666666667,0.0
392,2,Inflammation only,0.9627915143368111,1.0,0.6590935591503518,0.8,0.26149338132490346,0.048,0.0
392,3,Assay only,0.9627915143368111,1.0,0.9679219632422413,0.8,0.2264937198024159,0.049666666666666665,0.0
392,4,Missingness only,0.9216304266084999,1.0,0.7510694761972472,0.8,0.27334752186220007,0.289,0.025
392,5,Combined strong,1.6153636035669905,1.8,0.6873233359487407,0.8,0.2525766146775271,0.255,0.017
393,0,No shift,0.9467058259176393,1.0,0.8844709092242761,0.8,0.07989527904710533,0.06,0.0
393,1,Kidney only,1.8783246821756485,1.8,0.8844709092242761,0.8,0.08100329136340952,0.056,0.0
393,2,Inflammation only,0.9467058259176393,1.0,0.851087893350216,0.8,0.1958554588944117,0.057666666666666665,0.0
393,3,Assay only,0.9467058259176393,1.0,0.884470909224276,0.8,0.07989527904710533,0.06,0.0
393,4,Missingness only,0.8355054467559678,1.0,0.807508212206419,0.8,0.12238223827467407,0.29033333333333333,0.021
393,5,Combined strong,1.9209866755696592,1.8,0.9350999877238353,0.8,0.25492804530492924,0.2733333333333333,0.018
394,0,No shift,0.9376288156521416,1.0,0.43383349749949734,0.8,0.2051263815788232,0.05366666666666667,0.0
394,1,Kidney only,1.7848502125833756,1.8,0.43383349749949734,0.8,0.23505412753316807,0.050666666666666665,0.0
394,2,Inflammation only,0.9376288156521416,1.0,1.063055248547384,0.8,0.19901137752490103,0.04933333333333333,0.0
394,3,Assay only,0.9376288156521416,1.0,0.43383349749949723,0.8,0.20512638157882315,0.05366666666666667,0.0
394,4,Missingness only,0.8746633946278317,1.0,0.5137636664184142,0.8,0.33010037496056416,0.29233333333333333,0.02
394,5,Combined strong,1.8686760324232201,1.8,1.2241489026970407,0.8,0.31988115895845964,0.265,0.016
395,0,No shift,1.0748941004250967,1.0,1.064113784888508,0.8,0.20405979883905143,0.056,0.0
395,1,Kidney only,1.928763870439227,1.8,1.064113784888508,0.8,0.1218786515738679,0.05533333333333333,0.0
395,2,Inflammation only,1.0748941004250967,1.0,0.9292819650058995,0.8,0.1959585827317346,0.05533333333333333,0.0
395,3,Assay only,1.0748941004250967,1.0,1.064113784888508,0.8,0.20405979883905143,0.056,0.0
395,4,Missingness only,0.8363392489592847,1.0,1.2243596096624545,0.8,0.10433632983473963,0.294,0.027
395,5,Combined strong,1.9185936008676803,1.8,0.9265481501986741,0.8,0.10682825544087986,0.2703333333333333,0.021
396,0,No shift,1.1268119540759103,1.0,0.8634056892418308,0.8,0.2926337004592917,0.05366666666666667,0.0
396,1,Kidney only,1.7911242931998068,1.8,0.8634056892418308,0.8,0.29475607976437124,0.052333333333333336,0.0
396,2,Inflammation only,1.1268119540759103,1.0,0.8198598485072223,0.8,0.16696513088710038,0.050333333333333334,0.0
396,3,Assay only,1.1268119540759103,1.0,0.8634056892418308,0.8,0.2926337004592917,0.05366666666666667,0.0
396,4,Missingness only,1.2010483072144271,1.0,0.8560984469505869,0.8,0.329782425717959,0.293,0.022
396,5,Combined strong,1.6918463393827472,1.8,0.6794863117413031,0.8,0.17253232956849276,0.2663333333333333,0.017
397,0,No shift,1.1488220435643175,1.0,0.6486898538940559,0.8,0.11647935500825495,0.058666666666666666,0.0
397,1,Kidney only,1.5741995659309718,1.8,0.6486898538940559,0.8,0.1607055139571065,0.05566666666666667,0.0
397,2,Inflammation only,1.1488220435643175,1.0,1.36489122925319,0.8,0.09811010382771446,0.051333333333333335,0.0
397,3,Assay only,1.1488220435643175,1.0,0.6486898538940559,0.8,0.116479355008255,0.058666666666666666,0.0
397,4,Missingness only,0.896852893757055,1.0,0.6878879869390435,0.8,0.29484329324899383,0.286,0.023
397,5,Combined strong,1.8367795530636786,1.8,1.440263373120999,0.8,0.08826943036292051,0.2633333333333333,0.015
398,0,No shift,1.0234552888545814,1.0,0.5144887592679749,0.8,0.15605540015059025,0.056666666666666664,0.0
398,1,Kidney only,1.6055809485958668,1.8,0.5144887592679749,0.8,0.2437790739062934,0.05333333333333334,0.0
398,2,Inflammation only,1.0234552888545814,1.0,0.9562036803106315,0.8,0.162877556517005,0.05433333333333333,0.0
398,3,Assay only,1.0234552888545814,1.0,0.5144887592679749,0.8,0.1560554001505901,0.056666666666666664,0.0
398,4,Missingness only,0.9031450071776063,1.0,0.8143980142251341,0.8,0.15139612968607416,0.28633333333333333,0.013
398,5,Combined strong,1.70074056853228,1.8,0.8930653558593186,0.8,0.1636151970034662,0.267,0.012
399,0,No shift,1.0451984470579174,1.0,0.7898277482407465,0.8,0.08309937395458773,0.05533333333333333,0.0
399,1,Kidney only,1.7925611407430342,1.8,0.7898277482407465,0.8,0.09246351266829532,0.05533333333333333,0.0
399,2,Inflammation only,1.0451984470579174,1.0,0.9233033121553084,0.8,0.13091462614281782,0.053,0.0
399,3,Assay only,1.0451984470579174,1.0,0.7898277482407462,0.8,0.08309937395458773,0.05533333333333333,0.0
399,4,Missingness only,1.0984530940878725,1.0,0.8015164668040125,0.8,0.11190414273305849,0.2853333333333333,0.026
399,5,Combined strong,1.7648383962271548,1.8,0.8480034877149191,0.8,0.11510116988403366,0.2733333333333333,0.025
400,0,No shift,1.131500614098584,1.0,0.6619502863469469,0.8,0.09708705338426565,0.056,0.0
400,1,Kidney only,1.608166748840589,1.8,0.6619502863469469,0.8,0.1341418707233137,0.053,0.001
400,2,Inflammation only,1.131500614098584,1.0,1.0038715770615774,0.8,0.099815507876118,0.05433333333333333,0.0
400,3,Assay only,1.131500614098584,1.0,0.6619502863469469,0.8,0.09708705338426565,0.056,0.0
400,4,Missingness only,1.2669268155847169,1.0,0.5700592588581298,0.8,0.20119081973966374,0.28833333333333333,0.015
400,5,Combined strong,1.603350311397549,1.8,0.8814324498513094,0.8,0.27618731697479504,0.26766666666666666,0.017
401,0,No shift,1.0400652702610502,1.0,0.5976884083735633,0.8,0.17607358823471211,0.06,0.0
401,1,Kidney only,1.7783434554808955,1.8,0.5976884083735633,0.8,0.1625616875089071,0.05733333333333333,0.0
401,2,Inflammation only,1.0400652702610502,1.0,0.8915622592484209,0.8,0.09228909921986085,0.057,0.0
401,3,Assay only,1.04006527026105,1.0,0.5976884083735635,0.8,0.17607358823471211,0.06,0.0
401,4,Missingness only,0.8472717769697985,1.0,0.5810639339987096,0.8,0.10286696086690772,0.28933333333333333,0.023
401,5,Combined strong,1.813549510586444,1.8,0.9685532883153095,0.8,0.13801435218435995,0.26066666666666666,0.017
402,0,No shift,0.7503089039153459,1.0,0.8705875047810461,0.8,0.130982740053858,0.049,0.0
402,1,Kidney only,1.8403903570425293,1.8,0.8705875047810461,0.8,0.09592807164044406,0.049,0.0
402,2,Inflammation only,0.7503089039153459,1.0,0.8399099464076882,0.8,0.14121437894975736,0.04833333333333333,0.0
402,3,Assay only,0.7503089039153459,1.0,0.870587504781046,0.8,0.13098274005385793,0.049,0.0
402,4,Missingness only,0.7869025473304814,1.0,0.7807295738225214,0.8,0.1941865518474848,0.2826666666666667,0.02
402,5,Combined strong,1.9134643377401332,1.8,0.8200538688190001,0.8,0.2067196656991711,0.267,0.017
403,0,No shift,0.7733927691302431,1.0,1.126716568164775,0.8,0.23186108694889715,0.069,0.0
403,1,Kidney only,1.9468547921088553,1.8,1.126716568164775,0.8,0.2501525134753379,0.06333333333333334,0.0
403,2,Inflammation only,0.7733927691302431,1.0,0.6598738414028885,0.8,0.17156775948497052,0.06633333333333333,0.0
403,3,Assay only,0.7733927691302431,1.0,1.126716568164775,0.8,0.23186108694889718,0.069,0.0
403,4,Missingness only,0.9373390703713631,1.0,0.8955306839826657,0.8,0.16203926669086685,0.294,0.022
403,5,Combined strong,1.867801540406203,1.8,0.6966697802142942,0.8,0.15275412498498045,0.272,0.018
404,0,No shift,0.9490378833188479,1.0,1.1550914206019673,0.8,0.14740308475456834,0.05733333333333333,0.002
404,1,Kidney only,2.0391363882511353,1.8,1.1550914206019673,0.8,0.12438085635622591,0.054,0.002
404,2,Inflammation only,0.9490378833188479,1.0,0.37997748597505543,0.8,0.15847160082872752,0.05366666666666667,0.002
404,3,Assay only,0.9490378833188482,1.0,1.1550914206019673,0.8,0.1474030847545684,0.05733333333333333,0.002
404,4,Missingness only,0.8954763637899658,1.0,1.0692388902476884,0.8,0.22704796346111805,0.287,0.023
404,5,Combined strong,2.097486916099855,1.8,0.34479624014099225,0.8,0.13574479523038846,0.26666666666666666,0.014
405,0,No shift,1.0631224238054175,1.0,0.6803867406212384,0.8,0.2178609208098155,0.056666666666666664,0.0
405,1,Kidney only,1.699424346620509,1.8,0.6803867406212384,0.8,0.29027846973050153,0.052333333333333336,0.0
405,2,Inflammation only,1.0631224238054175,1.0,0.7950536863290911,0.8,0.1990816224702768,0.05366666666666667,0.0
405,3,Assay only,1.0631224238054175,1.0,0.6803867406212385,0.8,0.21786092080981548,0.056666666666666664,0.0
405,4,Missingness only,1.1313479020864488,1.0,0.4740721253649879,0.8,0.19880707901888736,0.2936666666666667,0.027
405,5,Combined strong,1.6935927621120979,1.8,0.790040302723898,0.8,0.3183031917795112,0.26966666666666667,0.021
406,0,No shift,0.8500732849883251,1.0,0.8929426494129754,0.8,0.2883845878430212,0.049,0.0
406,1,Kidney only,1.7092964442100236,1.8,0.8929426494129754,0.8,0.17851538256696486,0.04933333333333333,0.0
406,2,Inflammation only,0.8500732849883251,1.0,0.8636686956463105,0.8,0.3024713808113525,0.04633333333333333,0.0
406,3,Assay only,0.8500732849883252,1.0,0.8929426494129755,0.8,0.2883845878430212,0.049,0.0
406,4,Missingness only,0.9668646990126751,1.0,0.8713550940138652,0.8,0.25357316462783375,0.297,0.026
406,5,Combined strong,1.5654102604621107,1.8,0.7443976938445781,0.8,0.11572646194505298,0.273,0.023
407,0,No shift,0.7320010267047711,1.0,0.9021551078332712,0.8,0.18740533673802195,0.058333333333333334,0.0
407,1,Kidney only,1.7643799761108516,1.8,0.9021551078332712,0.8,0.21987923882119975,0.052333333333333336,0.0
407,2,Inflammation only,0.7320010267047711,1.0,0.5610600980082521,0.8,0.11823755235315664,0.05566666666666667,0.0
407,3,Assay only,0.7320010267047711,1.0,0.9021551078332712,0.8,0.18740533673802198,0.058333333333333334,0.0
407,4,Missingness only,0.8413393155422425,1.0,0.8681835044455286,0.8,0.2065113100270991,0.28933333333333333,0.03
407,5,Combined strong,1.671004631441934,1.8,0.5914548045465884,0.8,0.14738494210276146,0.26866666666666666,0.019
408,0,No shift,0.9222536592498606,1.0,1.109012393955552,0.8,0.1945732590067039,0.05566666666666667,0.0
408,1,Kidney only,1.7964318638405836,1.8,1.109012393955552,0.8,0.16704293642573936,0.051333333333333335,0.0
408,2,Inflammation only,0.9222536592498606,1.0,0.6597558003010227,0.8,0.21086026241079087,0.057666666666666665,0.0
408,3,Assay only,0.9222536592498606,1.0,1.109012393955552,0.8,0.19457325900670389,0.05566666666666667,0.0
408,4,Missingness only,0.9627019110547881,1.0,1.1032243476041168,0.8,0.15369928748753253,0.30466666666666664,0.031
408,5,Combined strong,1.848423167166857,1.8,0.6763108722531838,0.8,0.16044419009991115,0.2806666666666667,0.027
409,0,No shift,1.1738808550337883,1.0,0.8028034354758425,0.8,0.304035616789489,0.050666666666666665,0.0
409,1,Kidney only,1.5079920246584313,1.8,0.8028034354758425,0.8,0.15975801632606215,0.048666666666666664,0.0
409,2,Inflammation only,1.1738808550337883,1.0,0.5448140520000828,0.8,0.2651669823555967,0.050333333333333334,0.0
409,3,Assay only,1.1738808550337883,1.0,0.8028034354758423,0.8,0.30403561678948915,0.050666666666666665,0.0
409,4,Missingness only,1.2486070634130642,1.0,0.826794058642277,0.8,0.3295875506724847,0.287,0.022
409,5,Combined strong,1.530590293422412,1.8,0.48082436430951997,0.8,0.12762547365274038,0.25833333333333336,0.022
410,0,No shift,1.070968799398588,1.0,0.7864018020919774,0.8,0.22384210283628853,0.05633333333333333,0.0
410,1,Kidney only,1.9271942837440459,1.8,0.7864018020919774,0.8,0.20773097566688614,0.05366666666666667,0.0
410,2,Inflammation only,1.070968799398588,1.0,0.6952572238693822,0.8,0.16123874882675476,0.05433333333333333,0.0
410,3,Assay only,1.070968799398588,1.0,0.7864018020919773,0.8,0.22384210283628853,0.05633333333333333,0.0
410,4,Missingness only,1.0960167355494028,1.0,0.5282509055855156,0.8,0.31810164161925364,0.29233333333333333,0.028
410,5,Combined strong,1.7453716992996016,1.8,0.8194375779465295,0.8,0.1405525626101332,0.26766666666666666,0.017
411,0,No shift,1.3049862899439013,1.0,0.604405793684482,0.8,0.26650640758259797,0.044333333333333336,0.0
411,1,Kidney only,1.5094842408198803,1.8,0.604405793684482,0.8,0.2520576934283166,0.043666666666666666,0.0
411,2,Inflammation only,1.3049862899439013,1.0,0.9069782291519656,0.8,0.2787158268832148,0.041,0.0
411,3,Assay only,1.3049862899439013,1.0,0.6044057936844818,0.8,0.26650640758259797,0.044333333333333336,0.0
411,4,Missingness only,1.1811904720931008,1.0,0.351632695407622,0.8,0.3264333741255631,0.2896666666666667,0.023
411,5,Combined strong,1.4223300161567305,1.8,0.9896462129523096,0.8,0.27625320018998406,0.263,0.019
412,0,No shift,1.0917750615266388,1.0,1.2937320056343562,0.8,0.16532981215734618,0.05466666666666667,0.001
412,1,Kidney only,1.5927163371785167,1.8,1.2937320056343562,0.8,0.17636732626963736,0.051333333333333335,0.001
412,2,Inflammation only,1.0917750615266388,1.0,0.4968414881361212,0.8,0.14712692585964426,0.050666666666666665,0.0
412,3,Assay only,1.0917750615266388,1.0,1.2937320056343562,0.8,0.16532981215734618,0.05466666666666667,0.001
412,4,Missingness only,0.995419329358179,1.0,1.3013424764738266,0.8,0.23591745374329587,0.2896666666666667,0.025
412,5,Combined strong,1.7646642515699626,1.8,0.4153244002850094,0.8,0.13156174599451517,0.264,0.022
413,0,No shift,0.9809841439432353,1.0,0.6153927324212493,0.8,0.19915182924514155,0.057666666666666665,0.0
413,1,Kidney only,1.751517912937798,1.8,0.6153927324212493,0.8,0.2266304525212526,0.055,0.0
413,2,Inflammation only,0.9809841439432353,1.0,0.8224368798952041,0.8,0.17422993078963325,0.054,0.0
413,3,Assay only,0.9809841439432353,1.0,0.6153927324212495,0.8,0.19915182924514155,0.057666666666666665,0.0
413,4,Missingness only,0.7440526786338097,1.0,0.5009505476102475,0.8,0.28713738215694595,0.30433333333333334,0.035
413,5,Combined strong,1.8098375512190379,1.8,0.960213043918943,0.8,0.22675393238983443,0.2723333333333333,0.013
414,0,No shift,1.0061365052084807,1.0,0.3020378688713855,0.8,0.200853786143762,0.054,0.002
414,1,Kidney only,1.7421946484011044,1.8,0.3020378688713855,0.8,0.11439948054693794,0.051333333333333335,0.002
414,2,Inflammation only,1.0061365052084807,1.0,0.9757379774985806,0.8,0.20871807567591888,0.05266666666666667,0.002
414,3,Assay only,1.0061365052084807,1.0,0.30203786887138545,0.8,0.200853786143762,0.054,0.002
414,4,Missingness only,1.1497829030567333,1.0,0.351921056853593,0.8,0.20862062313724067,0.30033333333333334,0.028
414,5,Combined strong,1.689790753596813,1.8,0.9753875707492308,0.8,0.07831717542090981,0.286,0.02
415,0,No shift,1.1118758876828472,1.0,0.6602284922246034,0.8,0.12470213935409953,0.051,0.0
415,1,Kidney only,1.7911255034081772,1.8,0.6602284922246034,0.8,0.1174093838705647,0.04766666666666667,0.0
415,2,Inflammation only,1.1118758876828472,1.0,0.9106211419695697,0.8,0.11799089502534986,0.04666666666666667,0.0
415,3,Assay only,1.111875887682847,1.0,0.6602284922246034,0.8,0.1247021393540996,0.051,0.0
415,4,Missingness only,1.3108903638759688,1.0,0.6254320822136278,0.8,0.1795714878533559,0.2826666666666667,0.021
415,5,Combined strong,1.8776655440903727,1.8,0.7912255314980818,0.8,0.1841797998703589,0.26066666666666666,0.014
416,0,No shift,1.3163234743180525,1.0,0.7903179607395329,0.8,0.17907407709112286,0.056,0.0
416,1,Kidney only,1.5274774641270779,1.8,0.7903179607395329,0.8,0.14947260286225147,0.054,0.0
416,2,Inflammation only,1.3163234743180525,1.0,0.8999089135660097,0.8,0.17949873691057436,0.05433333333333333,0.0
416,3,Assay only,1.3163234743180523,1.0,0.7903179607395329,0.8,0.1790740770911229,0.056,0.0
416,4,Missingness only,1.3818031141309266,1.0,0.6668359636370079,0.8,0.18120925953617692,0.2853333333333333,0.024
416,5,Combined strong,1.4521977817787066,1.8,0.8856642473955381,0.8,0.15395763263982692,0.262,0.017
417,0,No shift,0.7739128088577286,1.0,0.919406667919527,0.8,0.1627709211019444,0.049,0.0
417,1,Kidney only,2.169432024582436,1.8,0.919406667919527,0.8,0.17207398322258508,0.04633333333333333,0.0
417,2,Inflammation only,0.7739128088577286,1.0,0.5907026748046043,0.8,0.14758551861688438,0.048,0.0
417,3,Assay only,0.7739128088577286,1.0,0.9194066679195266,0.8,0.16277092110194433,0.049,0.0
417,4,Missingness only,0.939972161049885,1.0,0.9431907267432453,0.8,0.22462086241084164,0.2833333333333333,0.022
417,5,Combined strong,1.9279888535010492,1.8,0.5414800803324394,0.8,0.15952084530870553,0.2633333333333333,0.015
418,0,No shift,1.0858391213374503,1.0,0.6883854209775049,0.8,0.10407886073274068,0.058,0.0
418,1,Kidney only,1.8023151789381309,1.8,0.6883854209775049,0.8,0.11204292507792059,0.057,0.0
418,2,Inflammation only,1.0858391213374503,1.0,0.6800687631647746,0.8,0.11754274063982541,0.05633333333333333,0.0
418,3,Assay only,1.0858391213374503,1.0,0.6883854209775049,0.8,0.10407886073274066,0.058,0.0
418,4,Missingness only,1.1251474616362436,1.0,0.5708587548100026,0.8,0.1971546997300825,0.28733333333333333,0.018
418,5,Combined strong,1.9006990547659066,1.8,0.6936646893288388,0.8,0.18203256273091825,0.26666666666666666,0.019
419,0,No shift,0.8285415637111775,1.0,0.8358803497395796,0.8,0.26490426599720535,0.047,0.0
419,1,Kidney only,1.8413983046927684,1.8,0.8358803497395796,0.8,0.17353312595186285,0.044333333333333336,0.0
419,2,Inflammation only,0.8285415637111775,1.0,0.8985905579157296,0.8,0.32877667163915125,0.043666666666666666,0.0
419,3,Assay only,0.8285415637111775,1.0,0.8358803497395796,0.8,0.26490426599720535,0.047,0.0
419,4,Missingness only,0.9381889485491477,1.0,0.8415682074501958,0.8,0.21984499716863856,0.2783333333333333,0.023
419,5,Combined strong,1.7957755390675227,1.8,0.8594104587627353,0.8,0.1736338385699461,0.255,0.016
420,0,No shift,1.2863498493879735,1.0,0.8956642759804028,0.8,0.31024783335959316,0.050333333333333334,0.0
420,1,Kidney only,1.5927848872691752,1.8,0.8956642759804028,0.8,0.30692726341707677,0.04666666666666667,0.0
420,2,Inflammation only,1.2863498493879735,1.0,0.7362712537803908,0.8,0.2063131013399563,0.049,0.0
420,3,Assay only,1.2863498493879735,1.0,0.895664275980403,0.8,0.3102478333595931,0.050333333333333334,0.0
420,4,Missingness only,1.2698605051989535,1.0,0.7999832111759462,0.8,0.3766227581388994,0.2693333333333333,0.014
420,5,Combined strong,1.4165480799261743,1.8,1.077446152624096,0.8,0.1964713677414483,0.251,0.009
421,0,No shift,1.3748473673516401,1.0,0.5978620882018664,0.8,0.39402152855026346,0.05466666666666667,0.001
421,1,Kidney only,1.392637331445313,1.8,0.5978620882018664,0.8,0.3966453372581336,0.05,0.001
421,2,Inflammation only,1.3748473673516401,1.0,1.1829913362026447,0.8,0.19798811261317353,0.051666666666666666,0.001
421,3,Assay only,1.37484736735164,1.0,0.5978620882018664,0.8,0.3940215285502634,0.05466666666666667,0.001
421,4,Missingness only,1.4970374531155144,1.0,0.5790832498354033,0.8,0.3659565925362,0.297,0.033
421,5,Combined strong,1.3692333554708285,1.8,1.1514324349260532,0.8,0.14553620217494426,0.28,0.021
422,0,No shift,1.2359112579597855,1.0,0.7773279239556122,0.8,0.2509013834765562,0.05333333333333334,0.0
422,1,Kidney only,1.5048571814699954,1.8,0.7773279239556122,0.8,0.22400753739799847,0.04933333333333333,0.0
422,2,Inflammation only,1.2359112579597855,1.0,0.5582140337975706,0.8,0.19731405554776396,0.049666666666666665,0.0
422,3,Assay only,1.2359112579597855,1.0,0.7773279239556122,0.8,0.2509013834765562,0.05333333333333334,0.0
422,4,Missingness only,1.242379570295383,1.0,0.7543565833151037,0.8,0.23760463324002074,0.28,0.023
422,5,Combined strong,1.5188762421576514,1.8,0.5301708269612805,0.8,0.08794113850281665,0.26466666666666666,0.018
423,0,No shift,1.11213609400614,1.0,0.9819787675502889,0.8,0.12958357422535813,0.055,0.001
423,1,Kidney only,1.806827270513622,1.8,0.9819787675502889,0.8,0.1314626110591662,0.05,0.001
423,2,Inflammation only,1.11213609400614,1.0,0.4122425220901379,0.8,0.20453383495608501,0.052333333333333336,0.001
423,3,Assay only,1.11213609400614,1.0,0.9819787675502887,0.8,0.12958357422535818,0.055,0.001
423,4,Missingness only,1.1840891531261653,1.0,1.1474177005274202,0.8,0.14783083706144506,0.28933333333333333,0.028
423,5,Combined strong,1.9203947302743658,1.8,0.47919068176855606,0.8,0.22331376573596728,0.25966666666666666,0.021
424,0,No shift,1.1173685598131733,1.0,0.8407448404982462,0.8,0.24985334076900784,0.059666666666666666,0.0
424,1,Kidney only,1.6523444364949473,1.8,0.8407448404982462,0.8,0.20544462975135658,0.056,0.0
424,2,Inflammation only,1.1173685598131733,1.0,0.743234470828932,0.8,0.224564138138269,0.058,0.0
424,3,Assay only,1.1173685598131733,1.0,0.8407448404982462,0.8,0.2498533407690077,0.059666666666666666,0.0
424,4,Missingness only,1.0291723360620664,1.0,0.8566520545907608,0.8,0.3215392048221194,0.29733333333333334,0.024
424,5,Combined strong,1.8760323954167117,1.8,0.6505319679057406,0.8,0.18081860113017945,0.2786666666666667,0.016
425,0,No shift,0.8267404163787091,1.0,0.8741392000182319,0.8,0.19138400770555486,0.061,0.0
425,1,Kidney only,1.9224643036906675,1.8,0.8741392000182319,0.8,0.23174562404066018,0.058,0.0
425,2,Inflammation only,0.8267404163787091,1.0,0.5110541652242906,0.8,0.12705380100833638,0.058,0.0
425,3,Assay only,0.8267404163787091,1.0,0.8741392000182318,0.8,0.19138400770555483,0.061,0.0
425,4,Missingness only,0.8539815802807174,1.0,0.7992893800389695,0.8,0.1451943428532205,0.30833333333333335,0.024
425,5,Combined strong,1.8319073033406017,1.8,0.5453668764256642,0.8,0.15174038538143383,0.2843333333333333,0.02
426,0,No shift,0.8840974113201872,1.0,0.9160849162853538,0.8,0.34329792524115776,0.05266666666666667,0.0
426,1,Kidney only,1.7147120335535906,1.8,0.9160849162853538,0.8,0.3571588750162866,0.053,0.0
426,2,Inflammation only,0.8840974113201872,1.0,0.5311945590115236,0.8,0.16374725485644587,0.048666666666666664,0.0
426,3,Assay only,0.8840974113201869,1.0,0.9160849162853537,0.8,0.3432979252411577,0.05266666666666667,0.0
426,4,Missingness only,0.820799668241896,1.0,0.7858159355709201,0.8,0.3698761496599686,0.28,0.013
426,5,Combined strong,1.9273585275923202,1.8,0.5421889248385438,0.8,0.13553844411027666,0.25433333333333336,0.012
427,0,No shift,1.0489873553364522,1.0,0.5032870644048674,0.8,0.2070403553429711,0.05633333333333333,0.001
427,1,Kidney only,1.8579662975980977,1.8,0.5032870644048674,0.8,0.22372182606587698,0.05433333333333333,0.0
427,2,Inflammation only,1.0489873553364522,1.0,0.9352262025635708,0.8,0.20354921895397554,0.05266666666666667,0.001
427,3,Assay only,1.0489873553364522,1.0,0.5032870644048674,0.8,0.20704035534297105,0.05633333333333333,0.001
427,4,Missingness only,1.0571200225040605,1.0,0.454649183509894,0.8,0.1898312947222296,0.29533333333333334,0.023
427,5,Combined strong,1.7147427986681163,1.8,0.8988763844741794,0.8,0.22896290161639626,0.26866666666666666,0.022
428,0,No shift,1.088125790705665,1.0,0.5480934784831937,0.8,0.12948281048174543,0.056666666666666664,0.0
428,1,Kidney only,1.6752035430917969,1.8,0.5480934784831937,0.8,0.23542138454956962,0.051333333333333335,0.0
428,2,Inflammation only,1.088125790705665,1.0,0.6366251261758865,0.8,0.19289099679783428,0.05633333333333333,0.0
428,3,Assay only,1.088125790705665,1.0,0.5480934784831937,0.8,0.12948281048174534,0.056666666666666664,0.0
428,4,Missingness only,1.3299087094230506,1.0,0.39511112757676436,0.8,0.17159470678590438,0.2833333333333333,0.016
428,5,Combined strong,1.4701607022990777,1.8,0.6862919572656067,0.8,0.2960420370047618,0.25966666666666666,0.011
429,0,No shift,0.9638148085912911,1.0,1.3082201952339805,0.8,0.2127274125972688,0.05,0.0
429,1,Kidney only,1.7488479428188444,1.8,1.3082201952339805,0.8,0.16010647961010363,0.04633333333333333,0.0
429,2,Inflammation only,0.9638148085912911,1.0,0.571321084020457,0.8,0.18077038905746529,0.04633333333333333,0.0
429,3,Assay only,0.9638148085912911,1.0,1.308220195233981,0.8,0.2127274125972688,0.05,0.0
429,4,Missingness only,0.8889731473218204,1.0,1.332762722905775,0.8,0.18706985257450998,0.26966666666666667,0.022
429,5,Combined strong,1.7526057803694548,1.8,0.579024277318289,0.8,0.15949651978416413,0.25566666666666665,0.019
430,0,No shift,1.4764177122199802,1.0,1.1954684037153867,0.8,0.26802073822943673,0.053,0.0
430,1,Kidney only,1.5457013047378865,1.8,1.1954684037153867,0.8,0.0656211293047536,0.049666666666666665,0.0
430,2,Inflammation only,1.4764177122199802,1.0,0.6563817050655697,0.8,0.27339032097120963,0.050333333333333334,0.0
430,3,Assay only,1.4764177122199802,1.0,1.1954684037153862,0.8,0.2680207382294368,0.053,0.0
430,4,Missingness only,1.318726638064879,1.0,1.1820180138895184,0.8,0.40984370752534927,0.29333333333333333,0.025
430,5,Combined strong,1.6956140572008527,1.8,0.747909077947782,0.8,0.14473659121380847,0.2683333333333333,0.018
431,0,No shift,1.2484776728871485,1.0,0.4580011257376783,0.8,0.29833371364103206,0.054,0.0
431,1,Kidney only,1.5896008619231352,1.8,0.4580011257376783,0.8,0.28831080839511664,0.047,0.0
431,2,Inflammation only,1.2484776728871485,1.0,1.0126511263227727,0.8,0.2763902786812587,0.050666666666666665,0.0
431,3,Assay only,1.2484776728871485,1.0,0.45800112573767826,0.8,0.2983337136410321,0.054,0.0
431,4,Missingness only,1.0939983187265536,1.0,0.4686352182298877,0.8,0.4130586767998005,0.28733333333333333,0.023
431,5,Combined strong,1.7347166288910862,1.8,0.9956963122828266,0.8,0.3185777833736348,0.256,0.011
432,0,No shift,1.0242349062609306,1.0,0.8750497294740296,0.8,0.11640520095363614,0.05333333333333334,0.0
432,1,Kidney only,1.7657010043689727,1.8,0.8750497294740296,0.8,0.1442647465530089,0.051,0.0
432,2,Inflammation only,1.0242349062609306,1.0,0.6046479683297752,0.8,0.15294418246321734,0.04933333333333333,0.0
432,3,Assay only,1.0242349062609308,1.0,0.8750497294740298,0.8,0.1164052009536362,0.05333333333333334,0.0
432,4,Missingness only,1.0584398594081332,1.0,0.8154536252535787,0.8,0.1947959837762294,0.2916666666666667,0.012
432,5,Combined strong,1.724165239804924,1.8,0.6827024072036495,0.8,0.2529196632891344,0.2733333333333333,0.011
433,0,No shift,1.15757569096107,1.0,1.0263477600328936,0.8,0.30208134411695414,0.05733333333333333,0.0
433,1,Kidney only,1.6411511273352137,1.8,1.0263477600328936,0.8,0.3281667469885908,0.056,0.0
433,2,Inflammation only,1.15757569096107,1.0,0.6828847227064195,0.8,0.17305720584328055,0.05466666666666667,0.0
433,3,Assay only,1.15757569096107,1.0,1.0263477600328936,0.8,0.30208134411695414,0.05733333333333333,0.0
433,4,Missingness only,1.2727896261305223,1.0,1.1248232833337248,0.8,0.33053684097975256,0.2843333333333333,0.022
433,5,Combined strong,1.68897366373563,1.8,0.538762367382723,0.8,0.2291636516934135,0.26766666666666666,0.013
434,0,No shift,1.1296961330401987,1.0,0.5963668470733978,0.8,0.12020096776197503,0.06,0.0
434,1,Kidney only,1.7704749773586652,1.8,0.5963668470733978,0.8,0.13797147231686469,0.05733333333333333,0.0
434,2,Inflammation only,1.1296961330401987,1.0,0.9776135919359109,0.8,0.18677750380626348,0.058,0.0
434,3,Assay only,1.1296961330401987,1.0,0.5963668470733978,0.8,0.12020096776197507,0.06,0.0
434,4,Missingness only,1.2489707012798001,1.0,0.4899748390140734,0.8,0.3261238917273377,0.2876666666666667,0.033
434,5,Combined strong,1.6804449498957217,1.8,0.9198416035761463,0.8,0.3206235686800894,0.2683333333333333,0.03
435,0,No shift,0.9968216125399748,1.0,0.428149077328082,0.8,0.32306918352916075,0.052,0.0
435,1,Kidney only,1.8645753280370756,1.8,0.428149077328082,0.8,0.3595985325509304,0.051,0.0
435,2,Inflammation only,0.9968216125399748,1.0,0.9821814174065765,0.8,0.13316668498520043,0.048666666666666664,0.0
435,3,Assay only,0.9968216125399748,1.0,0.428149077328082,0.8,0.3230691835291608,0.052,0.0
435,4,Missingness only,1.0745941356035609,1.0,0.5265013649665172,0.8,0.3395816454761957,0.2856666666666667,0.018
435,5,Combined strong,1.6317287247665666,1.8,0.954670838372186,0.8,0.23247937214781741,0.266,0.019
436,0,No shift,0.8017114325663445,1.0,0.6037287660302503,0.8,0.2615020267747102,0.05566666666666667,0.0
436,1,Kidney only,1.8429465040936026,1.8,0.6037287660302503,0.8,0.2324128119218279,0.052,0.0
436,2,Inflammation only,0.8017114325663445,1.0,0.9764747955429746,0.8,0.2281206706379274,0.052,0.0
436,3,Assay only,0.8017114325663445,1.0,0.60372876603025,0.8,0.2615020267747102,0.05566666666666667,0.0
436,4,Missingness only,0.7348256684794978,1.0,0.6757329655565808,0.8,0.23669879588856738,0.288,0.024
436,5,Combined strong,1.8091902314128765,1.8,0.77480370973057,0.8,0.1970149349559876,0.26766666666666666,0.018
437,0,No shift,0.7818213590989621,1.0,1.500019581234259,0.8,0.19521501137080305,0.054,0.0
437,1,Kidney only,2.1456665460571807,1.8,1.500019581234259,0.8,0.11696534944715367,0.051666666666666666,0.0
437,2,Inflammation only,0.7818213590989621,1.0,0.6718627476987816,0.8,0.1807933981503083,0.05266666666666667,0.0
437,3,Assay only,0.7818213590989621,1.0,1.500019581234259,0.8,0.19521501137080305,0.054,0.0
437,4,Missingness only,0.7393337624684685,1.0,1.542350746087627,0.8,0.2253052490002223,0.291,0.018
437,5,Combined strong,2.152035846933189,1.8,0.6577405873512467,0.8,0.1400251994095483,0.26666666666666666,0.015
438,0,No shift,1.0764545848387985,1.0,1.0086525162118698,0.8,0.3583220444889428,0.050666666666666665,0.0
438,1,Kidney only,1.9036497138401813,1.8,1.0086525162118698,0.8,0.3356169027081397,0.04633333333333333,0.0
438,2,Inflammation only,1.0764545848387985,1.0,0.5851717170011889,0.8,0.26378939783206007,0.048,0.0
438,3,Assay only,1.0764545848387985,1.0,1.0086525162118698,0.8,0.3583220444889428,0.050666666666666665,0.0
438,4,Missingness only,1.1372309722486709,1.0,1.0351615657711022,0.8,0.42708081092412675,0.2936666666666667,0.03
438,5,Combined strong,1.730066958966292,1.8,0.5081534184083994,0.8,0.28184829456509997,0.2623333333333333,0.017
439,0,No shift,1.368147481966834,1.0,0.8698235764068741,0.8,0.2220062815502514,0.050333333333333334,0.0
439,1,Kidney only,1.585782058522362,1.8,0.8698235764068741,0.8,0.2386038638690581,0.04766666666666667,0.0
439,2,Inflammation only,1.368147481966834,1.0,1.031899830419212,0.8,0.2027979678163314,0.049,0.0
439,3,Assay only,1.368147481966834,1.0,0.8698235764068742,0.8,0.22200628155025143,0.050333333333333334,0.0
439,4,Missingness only,1.3933179724911025,1.0,0.7286157026764943,0.8,0.3098990216955677,0.2806666666666667,0.029
439,5,Combined strong,1.4914360158610296,1.8,1.3562038789624287,0.8,0.2687414498651525,0.25333333333333335,0.014
440,0,No shift,0.9359193242805262,1.0,1.0193113701855598,0.8,0.12534237598935338,0.058333333333333334,0.0
440,1,Kidney only,1.7986706348209183,1.8,1.0193113701855598,0.8,0.12587411107920912,0.05466666666666667,0.0
440,2,Inflammation only,0.9359193242805262,1.0,0.8230066158665774,0.8,0.07990190886303909,0.05566666666666667,0.0
440,3,Assay only,0.9359193242805262,1.0,1.0193113701855594,0.8,0.12534237598935336,0.058333333333333334,0.0
440,4,Missingness only,0.9013975155690629,1.0,0.9393273088715715,0.8,0.17132895915131066,0.282,0.023
440,5,Combined strong,1.6902713685683555,1.8,0.8634917697198289,0.8,0.1378566537648339,0.2643333333333333,0.018
441,0,No shift,1.1157221403480082,1.0,0.6448245021751065,0.8,0.05983670256903482,0.05366666666666667,0.001
441,1,Kidney only,1.735432643266058,1.8,0.6448245021751065,0.8,0.08785824872153652,0.048666666666666664,0.001
441,2,Inflammation only,1.1157221403480082,1.0,1.0733998200782187,0.8,0.12711356507523056,0.051666666666666666,0.001
441,3,Assay only,1.1157221403480082,1.0,0.6448245021751065,0.8,0.05983670256903478,0.05366666666666667,0.001
441,4,Missingness only,1.0364302630259463,1.0,0.5364372988570063,0.8,0.12995698431228855,0.278,0.032
441,5,Combined strong,1.6767844752555578,1.8,0.9157319190745323,0.8,0.11178389293399561,0.251,0.018
442,0,No shift,1.4052039886123515,1.0,0.9503873668183141,0.8,0.23009002892325753,0.059666666666666666,0.0
442,1,Kidney only,1.493682232528971,1.8,0.9503873668183141,0.8,0.19844917245591204,0.05533333333333333,0.0
442,2,Inflammation only,1.4052039886123515,1.0,0.6707632496453433,0.8,0.248446634083298,0.05566666666666667,0.0
442,3,Assay only,1.4052039886123515,1.0,0.9503873668183141,0.8,0.23009002892325753,0.059666666666666666,0.0
442,4,Missingness only,1.25136929523242,1.0,0.8709055623310533,0.8,0.34982184844224923,0.2833333333333333,0.017
442,5,Combined strong,1.581698948199613,1.8,0.6819786190188523,0.8,0.32757187260613296,0.26266666666666666,0.012
443,0,No shift,1.0719546999971503,1.0,0.997009099066063,0.8,0.25533339842969177,0.058333333333333334,0.0
443,1,Kidney only,1.675248766821458,1.8,0.997009099066063,0.8,0.2760375670411242,0.05633333333333333,0.0
443,2,Inflammation only,1.0719546999971503,1.0,0.6977084910053204,0.8,0.22022805973122866,0.05533333333333333,0.0
443,3,Assay only,1.0719546999971503,1.0,0.9970090990660629,0.8,0.2553333984296918,0.058333333333333334,0.0
443,4,Missingness only,1.110586527986413,1.0,0.9140832569541602,0.8,0.28498262742856656,0.29,0.02
443,5,Combined strong,1.520316869702646,1.8,0.8490589252176728,0.8,0.24374641542970524,0.2703333333333333,0.018
444,0,No shift,0.9924788838942945,1.0,1.0594588812566412,0.8,0.10498475015327162,0.058333333333333334,0.0
444,1,Kidney only,1.8337554822625506,1.8,1.0594588812566412,0.8,0.07284604585082208,0.05566666666666667,0.0
444,2,Inflammation only,0.9924788838942945,1.0,0.41824129886595063,0.8,0.22197128451413645,0.056666666666666664,0.0
444,3,Assay only,0.9924788838942945,1.0,1.0594588812566412,0.8,0.1049847501532717,0.058333333333333334,0.0
444,4,Missingness only,0.9416463065743256,1.0,1.1256209424097907,0.8,0.19155451378082933,0.29,0.023
444,5,Combined strong,1.9042237674959361,1.8,0.5095393964685773,0.8,0.17750408956808106,0.27366666666666667,0.015
445,0,No shift,1.290105059972171,1.0,0.3877808673939171,0.8,0.22636885174970126,0.059666666666666666,0.001
445,1,Kidney only,1.5844791139460859,1.8,0.3877808673939171,0.8,0.23204818123018683,0.05633333333333333,0.0
445,2,Inflammation only,1.290105059972171,1.0,1.0394786116039691,0.8,0.2075390951782775,0.059,0.001
445,3,Assay only,1.290105059972171,1.0,0.38778086739391693,0.8,0.22636885174970126,0.059666666666666666,0.001
445,4,Missingness only,1.6152827206278733,1.0,0.3856660485160106,0.8,0.24334277710827182,0.2843333333333333,0.025
445,5,Combined strong,1.6397982337105794,1.8,0.9944011444320976,0.8,0.28506579673371757,0.26266666666666666,0.015
446,0,No shift,0.9545556492228489,1.0,0.6831177038263163,0.8,0.09313039112567822,0.050333333333333334,0.001
446,1,Kidney only,2.013351992790421,1.8,0.6831177038263163,0.8,0.0673778566685066,0.046,0.001
446,2,Inflammation only,0.9545556492228489,1.0,0.585439247311085,0.8,0.1818160061127986,0.047,0.001
446,3,Assay only,0.9545556492228489,1.0,0.6831177038263163,0.8,0.0931303911256782,0.050333333333333334,0.001
446,4,Missingness only,0.8370319079414834,1.0,0.6354361714498716,0.8,0.15316777588242822,0.2886666666666667,0.024
446,5,Combined strong,2.0413507462313163,1.8,0.47851268934833735,0.8,0.2262147193598783,0.26566666666666666,0.02
447,0,No shift,1.2147358833931994,1.0,0.7113508355320242,0.8,0.2592699048423438,0.052333333333333336,0.001
447,1,Kidney only,1.7180501312512162,1.8,0.7113508355320242,0.8,0.2392016034545251,0.049666666666666665,0.0
447,2,Inflammation only,1.2147358833931994,1.0,0.9870673334043266,0.8,0.16829570757203216,0.051666666666666666,0.0
447,3,Assay only,1.2147358833931992,1.0,0.7113508355320242,0.8,0.25926990484234375,0.052333333333333336,0.001
447,4,Missingness only,1.2480488008276729,1.0,0.7203138912100607,0.8,0.2870998092980646,0.2926666666666667,0.032
447,5,Combined strong,1.816256973191694,1.8,1.084432862531139,0.8,0.14189587445908103,0.2683333333333333,0.025
448,0,No shift,1.0141560041168145,1.0,1.1564008754496626,0.8,0.04957470290438354,0.06133333333333333,0.0
448,1,Kidney only,1.9170900286179315,1.8,1.1564008754496626,0.8,0.07792106533588215,0.05566666666666667,0.0
448,2,Inflammation only,1.0141560041168145,1.0,0.4406144821875786,0.8,0.1474575336854549,0.059333333333333335,0.0
448,3,Assay only,1.0141560041168145,1.0,1.1564008754496626,0.8,0.049574702904383525,0.06133333333333333,0.0
448,4,Missingness only,1.1186058219046815,1.0,1.1398827544893244,0.8,0.07667315917637879,0.2836666666666667,0.018
448,5,Combined strong,2.0196411446700915,1.8,0.45296471413836636,0.8,0.2008730264328418,0.26766666666666666,0.012
449,0,No shift,1.1294123163666232,1.0,0.6148274484667949,0.8,0.26671613803720234,0.049666666666666665,0.0
449,1,Kidney only,1.5720898936552723,1.8,0.6148274484667949,0.8,0.3131189027174905,0.04766666666666667,0.0
449,2,Inflammation only,1.1294123163666232,1.0,1.182454792406564,0.8,0.11824472530949971,0.046,0.0
449,3,Assay only,1.1294123163666232,1.0,0.6148274484667949,0.8,0.26671613803720234,0.049666666666666665,0.0
449,4,Missingness only,1.2532257453911657,1.0,0.6915270144337833,0.8,0.1851162426792626,0.279,0.027
449,5,Combined strong,1.6608104630674434,1.8,1.1296192290324045,0.8,0.13356040099471217,0.25566666666666665,0.019
450,0,No shift,0.6676115210411644,1.0,0.6241928241239101,0.8,0.13835965268682512,0.05733333333333333,0.0
450,1,Kidney only,1.9987318843519835,1.8,0.6241928241239101,0.8,0.1295446450543348,0.05333333333333334,0.0
450,2,Inflammation only,0.6676115210411644,1.0,0.8101365251628205,0.8,0.19481243153151906,0.051333333333333335,0.0
450,3,Assay only,0.6676115210411644,1.0,0.6241928241239103,0.8,0.13835965268682512,0.05733333333333333,0.0
450,4,Missingness only,0.8289173145240399,1.0,0.47439835788957724,0.8,0.12351096572997558,0.293,0.029
450,5,Combined strong,2.01677785057483,1.8,0.8264366334847905,0.8,0.22352434142672067,0.269,0.016
451,0,No shift,1.110975357368284,1.0,0.8623270016649258,0.8,0.20497003222718765,0.06,0.0
451,1,Kidney only,1.7686189764181053,1.8,0.8623270016649258,0.8,0.2121756839129742,0.059666666666666666,0.0
451,2,Inflammation only,1.110975357368284,1.0,0.713136909177411,0.8,0.20534278408537432,0.059666666666666666,0.0
451,3,Assay only,1.110975357368284,1.0,0.8623270016649258,0.8,0.2049700322271877,0.06,0.0
451,4,Missingness only,1.431348093972882,1.0,0.8601781909567754,0.8,0.15977562793818978,0.2896666666666667,0.027
451,5,Combined strong,1.5841278264892975,1.8,0.6314159801356974,0.8,0.30386546953487187,0.267,0.021
452,0,No shift,1.118636980026978,1.0,0.9961611169854976,0.8,0.20419082898243857,0.058666666666666666,0.0
452,1,Kidney only,1.771846119261645,1.8,0.9961611169854976,0.8,0.2468889493022271,0.053,0.0
452,2,Inflammation only,1.118636980026978,1.0,0.7871738426386621,0.8,0.2293633808886766,0.056,0.0
452,3,Assay only,1.1186369800269782,1.0,0.9961611169854975,0.8,0.20419082898243854,0.058666666666666666,0.0
452,4,Missingness only,1.1175817010214524,1.0,0.7510834073941504,0.8,0.4453604766685495,0.2856666666666667,0.02
452,5,Combined strong,1.8059458810540507,1.8,0.7670440547900288,0.8,0.30581677165992815,0.2663333333333333,0.02
453,0,No shift,0.6629606819478769,1.0,0.8968694454651384,0.8,0.12873469749055355,0.059666666666666666,0.001
453,1,Kidney only,2.0086399455068844,1.8,0.8968694454651384,0.8,0.1483822529710816,0.05566666666666667,0.001
453,2,Inflammation only,0.6629606819478769,1.0,0.7833169533779129,0.8,0.1494483825057341,0.05533333333333333,0.001
453,3,Assay only,0.6629606819478769,1.0,0.8968694454651384,0.8,0.12873469749055358,0.059666666666666666,0.001
453,4,Missingness only,0.4281182783948704,1.0,0.8321109472418582,0.8,0.1098484054044768,0.2966666666666667,0.024
453,5,Combined strong,2.1607191488905566,1.8,0.7453989321435187,0.8,0.12200071300248871,0.27566666666666667,0.02
454,0,No shift,0.8344518473007445,1.0,0.30353926974756085,0.8,0.3845247434615928,0.04833333333333333,0.0
454,1,Kidney only,1.8775361065786256,1.8,0.30353926974756085,0.8,0.43482978881540196,0.04633333333333333,0.0
454,2,Inflammation only,0.8344518473007445,1.0,1.1914286614259868,0.8,0.2714786775404068,0.043333333333333335,0.0
454,3,Assay only,0.8344518473007442,1.0,0.3035392697475608,0.8,0.38452474346159277,0.04833333333333333,0.0
454,4,Missingness only,0.7987157464052684,1.0,0.31898803667962294,0.8,0.37594553331880737,0.2793333333333333,0.015
454,5,Combined strong,1.939940218452336,1.8,1.1338020153744293,0.8,0.3167339897110638,0.254,0.012
455,0,No shift,1.2498417413647538,1.0,0.7193767695496512,0.8,0.2556275452665339,0.055,0.0
455,1,Kidney only,1.3532305636230668,1.8,0.7193767695496512,0.8,0.34487787944990744,0.052,0.0
455,2,Inflammation only,1.2498417413647538,1.0,0.9682018225271466,0.8,0.23323499885302149,0.051666666666666666,0.0
455,3,Assay only,1.2498417413647536,1.0,0.7193767695496512,0.8,0.2556275452665339,0.055,0.0
455,4,Missingness only,1.2470453636350152,1.0,0.7009070452341691,0.8,0.3338720341643107,0.301,0.029
455,5,Combined strong,1.3688200727569448,1.8,1.1320597959605392,0.8,0.258800067837255,0.2713333333333333,0.019
456,0,No shift,0.5936978096734188,1.0,0.7200594165713435,0.8,0.15339682837659713,0.061,0.0
456,1,Kidney only,1.902297856211675,1.8,0.7200594165713435,0.8,0.16931969694986923,0.058666666666666666,0.0
456,2,Inflammation only,0.5936978096734188,1.0,0.8380642717326715,0.8,0.1430745024405369,0.056666666666666664,0.0
456,3,Assay only,0.593697809673419,1.0,0.7200594165713433,0.8,0.1533968283765972,0.061,0.0
456,4,Missingness only,0.5588837134513744,1.0,0.6743826262703404,0.8,0.19687525626994873,0.2796666666666667,0.015
456,5,Combined strong,1.9923756293601367,1.8,0.644536242279969,0.8,0.1872869276909871,0.25966666666666666,0.015
457,0,No shift,0.9210097392972959,1.0,0.4698932960904999,0.8,0.27404651228876975,0.051333333333333335,0.0
457,1,Kidney only,2.046047108967435,1.8,0.4698932960904999,0.8,0.21054417139144085,0.048666666666666664,0.0
457,2,Inflammation only,0.9210097392972959,1.0,1.0511669919420557,0.8,0.18146272957328513,0.049666666666666665,0.0
457,3,Assay only,0.9210097392972959,1.0,0.4698932960904999,0.8,0.2740465122887698,0.051333333333333335,0.0
457,4,Missingness only,0.9612092290421276,1.0,0.47535150368329043,0.8,0.4485352395398978,0.26766666666666666,0.025
457,5,Combined strong,2.0307769316352777,1.8,0.9769389333941859,0.8,0.2712288476956499,0.24566666666666667,0.017
458,0,No shift,1.2103780738428025,1.0,0.7580645132079585,0.8,0.24169740525495284,0.044,0.0
458,1,Kidney only,1.4357288548442242,1.8,0.7580645132079585,0.8,0.10006529130642815,0.042,0.0
458,2,Inflammation only,1.2103780738428025,1.0,0.8370657157891436,0.8,0.25751552224876983,0.044333333333333336,0.0
458,3,Assay only,1.2103780738428025,1.0,0.7580645132079585,0.8,0.2416974052549527,0.044,0.0
458,4,Missingness only,1.037340866166225,1.0,0.7299809153458326,0.8,0.3715671509760779,0.2793333333333333,0.019
458,5,Combined strong,1.7142242613441983,1.8,0.8409229069153528,0.8,0.14868045793103435,0.25633333333333336,0.012
459,0,No shift,0.9499885342144387,1.0,0.6719166321949283,0.8,0.1885178441298424,0.057666666666666665,0.0
459,1,Kidney only,1.8157427364339644,1.8,0.6719166321949283,0.8,0.19172817371901854,0.057,0.0
459,2,Inflammation only,0.9499885342144387,1.0,0.7567115769200434,0.8,0.16765409598749187,0.053,0.0
459,3,Assay only,0.9499885342144387,1.0,0.6719166321949283,0.8,0.18851784412984238,0.057666666666666665,0.0
459,4,Missingness only,1.0149925264139326,1.0,0.6648846679663306,0.8,0.2327994746225752,0.297,0.02
459,5,Combined strong,1.9477549084251378,1.8,0.8246644127504992,0.8,0.16694894918211817,0.2663333333333333,0.015
460,0,No shift,1.2408137078974755,1.0,0.7389967322676786,0.8,0.2730352893630827,0.048666666666666664,0.001
460,1,Kidney only,1.6162158596529155,1.8,0.7389967322676786,0.8,0.2676075195358345,0.048,0.001
460,2,Inflammation only,1.2408137078974755,1.0,1.1312933934659188,0.8,0.30024942475423305,0.04566666666666667,0.001
460,3,Assay only,1.2408137078974748,1.0,0.7389967322676786,0.8,0.2730352893630827,0.048666666666666664,0.001
460,4,Missingness only,1.1398515234730964,1.0,0.7058734161668362,0.8,0.2367311087492621,0.28,0.025
460,5,Combined strong,1.6424896606475525,1.8,1.2695512682626464,0.8,0.3301537546751328,0.259,0.018
461,0,No shift,1.177918817879341,1.0,0.6585387388542792,0.8,0.3497830563549362,0.05466666666666667,0.001
461,1,Kidney only,1.5403757252383272,1.8,0.6585387388542792,0.8,0.23844703602081255,0.052333333333333336,0.001
461,2,Inflammation only,1.177918817879341,1.0,0.558498375726846,0.8,0.33575240014108776,0.052333333333333336,0.001
461,3,Assay only,1.177918817879341,1.0,0.658538738854279,0.8,0.3497830563549362,0.05466666666666667,0.001
461,4,Missingness only,1.0428868826780726,1.0,0.754143619965833,0.8,0.46322349413151426,0.2936666666666667,0.027
461,5,Combined strong,1.505894072048832,1.8,0.35914024356404695,0.8,0.3491486307866619,0.2703333333333333,0.023
462,0,No shift,1.096191876625251,1.0,0.7282330935185448,0.8,0.3075597038564167,0.05566666666666667,0.0
462,1,Kidney only,1.7616718572345473,1.8,0.7282330935185448,0.8,0.2245872930442221,0.04933333333333333,0.0
462,2,Inflammation only,1.096191876625251,1.0,0.9211988792372906,0.8,0.2589340719247778,0.05366666666666667,0.0
462,3,Assay only,1.096191876625251,1.0,0.7282330935185446,0.8,0.3075597038564167,0.05566666666666667,0.0
462,4,Missingness only,1.272770024081901,1.0,0.9447780977695381,0.8,0.4016029954622919,0.292,0.02
462,5,Combined strong,1.5965857268259374,1.8,0.6955284543837006,0.8,0.18360454845978427,0.27066666666666667,0.016
463,0,No shift,0.9913843351751552,1.0,0.7126944172499109,0.8,0.3184620500601745,0.056666666666666664,0.0
463,1,Kidney only,1.8108202714190644,1.8,0.7126944172499109,0.8,0.22631573973940425,0.05366666666666667,0.0
463,2,Inflammation only,0.9913843351751552,1.0,1.0459258402957599,0.8,0.3458855147995471,0.05533333333333333,0.0
463,3,Assay only,0.9913843351751552,1.0,0.7126944172499109,0.8,0.31846205006017436,0.056666666666666664,0.0
463,4,Missingness only,0.9596510701881629,1.0,0.7159885646885807,0.8,0.31703584082105335,0.2916666666666667,0.026
463,5,Combined strong,1.8277573185912575,1.8,1.1419651084169713,0.8,0.24232365267865208,0.27,0.022
464,0,No shift,1.2787095967613267,1.0,0.6634036952403304,0.8,0.11500880174596888,0.055,0.001
464,1,Kidney only,1.7364181157291032,1.8,0.6634036952403304,0.8,0.14981980575109308,0.05366666666666667,0.001
464,2,Inflammation only,1.2787095967613267,1.0,0.7768825358321463,0.8,0.1222297904435221,0.051333333333333335,0.001
464,3,Assay only,1.2787095967613267,1.0,0.6634036952403304,0.8,0.11500880174596888,0.055,0.001
464,4,Missingness only,1.2860141523889967,1.0,0.7089014562120302,0.8,0.1530161484639226,0.28833333333333333,0.026
464,5,Combined strong,1.5797105166757461,1.8,0.9772456925323098,0.8,0.2035556682972549,0.262,0.019
465,0,No shift,1.0942490324446579,1.0,0.8033787300014176,0.8,0.255023398469949,0.056666666666666664,0.0
465,1,Kidney only,1.4685577636738063,1.8,0.8033787300014176,0.8,0.24121993493043614,0.054,0.0
465,2,Inflammation only,1.0942490324446579,1.0,0.9525903276038363,0.8,0.30305540542674403,0.05266666666666667,0.0
465,3,Assay only,1.0942490324446579,1.0,0.8033787300014176,0.8,0.255023398469949,0.056666666666666664,0.0
465,4,Missingness only,0.9462129115828503,1.0,0.8439619634982338,0.8,0.23558142199747406,0.2896666666666667,0.029
465,5,Combined strong,1.5577601745731733,1.8,0.9247163213385184,0.8,0.28005851021496864,0.26,0.018
466,0,No shift,1.332260201565936,1.0,0.8447552670730947,0.8,0.39143317701214775,0.06166666666666667,0.0
466,1,Kidney only,1.5776196455852554,1.8,0.8447552670730947,0.8,0.40092446478080074,0.06,0.0
466,2,Inflammation only,1.332260201565936,1.0,0.824176817615613,0.8,0.28781960438030785,0.056666666666666664,0.0
466,3,Assay only,1.332260201565936,1.0,0.8447552670730947,0.8,0.3914331770121475,0.06166666666666667,0.0
466,4,Missingness only,1.312077918884639,1.0,0.9798599230782882,0.8,0.4152289471561899,0.2853333333333333,0.023
466,5,Combined strong,1.6851815696645012,1.8,0.5959946896357882,0.8,0.3774931391331166,0.2613333333333333,0.021
467,0,No shift,0.8289700653481102,1.0,0.8122919057848308,0.8,0.1373816249999089,0.05366666666666667,0.001
467,1,Kidney only,1.7822225001572753,1.8,0.8122919057848308,0.8,0.1328065636691153,0.05366666666666667,0.001
467,2,Inflammation only,0.8289700653481102,1.0,0.9727473828680765,0.8,0.15033362579418386,0.051,0.0
467,3,Assay only,0.8289700653481105,1.0,0.8122919057848308,0.8,0.13738162499990894,0.05366666666666667,0.001
467,4,Missingness only,0.7588204975760079,1.0,0.7256951855244176,0.8,0.1888415779787686,0.2856666666666667,0.02
467,5,Combined strong,1.8368164992710945,1.8,0.9728462727104111,0.8,0.17975714766169187,0.25833333333333336,0.018
468,0,No shift,0.9506530084581462,1.0,0.9752672706678149,0.8,0.23787060657561065,0.059333333333333335,0.0
468,1,Kidney only,2.0727620540606226,1.8,0.9752672706678149,0.8,0.2590282153176214,0.05566666666666667,0.0
468,2,Inflammation only,0.9506530084581462,1.0,0.7160051908772461,0.8,0.21558635147368774,0.056666666666666664,0.0
468,3,Assay only,0.9506530084581463,1.0,0.9752672706678149,0.8,0.23787060657561046,0.059333333333333335,0.0
468,4,Missingness only,0.8765144750531852,1.0,1.2013652855361714,0.8,0.2053334440280135,0.29633333333333334,0.023
468,5,Combined strong,2.124867446647383,1.8,0.6135605037183911,0.8,0.29578359611290306,0.2743333333333333,0.023
469,0,No shift,1.2961870302680638,1.0,0.88666361960281,0.8,0.1616091033072822,0.057666666666666665,0.0
469,1,Kidney only,1.5572292263725112,1.8,0.88666361960281,0.8,0.15927696627757282,0.057666666666666665,0.0
469,2,Inflammation only,1.2961870302680638,1.0,0.816224819626516,0.8,0.04948236910210269,0.053,0.0
469,3,Assay only,1.2961870302680638,1.0,0.88666361960281,0.8,0.1616091033072822,0.057666666666666665,0.0
469,4,Missingness only,1.0685673028957978,1.0,0.7735004473810678,0.8,0.21677282302611195,0.28933333333333333,0.029
469,5,Combined strong,1.5718298670274742,1.8,0.9313727904215953,0.8,0.033095043528400606,0.2653333333333333,0.023
470,0,No shift,1.1813920899223116,1.0,0.9156387187760633,0.8,0.16893105466982147,0.051,0.0
470,1,Kidney only,1.4940228334636279,1.8,0.9156387187760633,0.8,0.1332540839256409,0.05,0.0
470,2,Inflammation only,1.1813920899223116,1.0,0.6367543461932604,0.8,0.13643126525654004,0.048,0.0
470,3,Assay only,1.1813920899223116,1.0,0.9156387187760632,0.8,0.16893105466982167,0.051,0.0
470,4,Missingness only,1.2463229422250608,1.0,0.778631056062972,0.8,0.23360566186698292,0.2866666666666667,0.024
470,5,Combined strong,1.487463974392502,1.8,0.5598392730140852,0.8,0.12481351346955148,0.26266666666666666,0.016
471,0,No shift,0.9242875519755309,1.0,0.6113727522408305,0.8,0.3065467790254818,0.051333333333333335,0.0
471,1,Kidney only,1.8930334110479452,1.8,0.6113727522408305,0.8,0.362271019185834,0.04933333333333333,0.0
471,2,Inflammation only,0.9242875519755309,1.0,0.6011550709832119,0.8,0.29093562727705874,0.049666666666666665,0.0
471,3,Assay only,0.9242875519755308,1.0,0.6113727522408305,0.8,0.3065467790254818,0.051333333333333335,0.0
471,4,Missingness only,0.8861016661447494,1.0,0.751673666749342,0.8,0.3694991574046093,0.3,0.028
471,5,Combined strong,2.0104038905802812,1.8,0.5310949003497785,0.8,0.3312301915968171,0.276,0.016
472,0,No shift,0.7315468852343674,1.0,0.9539738910061066,0.8,0.10725824870160987,0.04733333333333333,0.0
472,1,Kidney only,2.0386534707871524,1.8,0.9539738910061066,0.8,0.1694909352251625,0.047,0.0
472,2,Inflammation only,0.7315468852343674,1.0,0.7295715253532828,0.8,0.18055156274587725,0.045,0.0
472,3,Assay only,0.7315468852343674,1.0,0.9539738910061062,0.8,0.10725824870160991,0.04733333333333333,0.0
472,4,Missingness only,0.6559265636410082,1.0,0.9355342937770494,0.8,0.1749253595717043,0.274,0.02
472,5,Combined strong,2.0721646903552555,1.8,0.6337440869934158,0.8,0.24689815803919143,0.25233333333333335,0.014
473,0,No shift,1.0713963519092213,1.0,1.0086238848045845,0.8,0.22465535614020238,0.06433333333333334,0.0
473,1,Kidney only,1.6803252869029728,1.8,1.0086238848045845,0.8,0.280404481908132,0.058,0.0
473,2,Inflammation only,1.0713963519092213,1.0,0.7035206019053785,0.8,0.21861170437334243,0.061,0.0
473,3,Assay only,1.0713963519092213,1.0,1.0086238848045845,0.8,0.22465535614020232,0.06433333333333334,0.0
473,4,Missingness only,1.0934437955097132,1.0,1.0119692256850625,0.8,0.3508984152347562,0.3006666666666667,0.03
473,5,Combined strong,1.762137516519845,1.8,0.7142667621919612,0.8,0.41680881662114005,0.2796666666666667,0.028
474,0,No shift,1.0576551654748696,1.0,0.7243973035482137,0.8,0.21171530124553475,0.06233333333333333,0.0
474,1,Kidney only,1.6918542481305705,1.8,0.7243973035482137,0.8,0.17288895896833326,0.06133333333333333,0.0
474,2,Inflammation only,1.0576551654748696,1.0,0.7409839020564251,0.8,0.1683478624560508,0.059333333333333335,0.0
474,3,Assay only,1.0576551654748696,1.0,0.7243973035482136,0.8,0.21171530124553473,0.06233333333333333,0.0
474,4,Missingness only,1.1838399524982026,1.0,0.7384204018286737,0.8,0.1847229316692288,0.297,0.023
474,5,Combined strong,1.7520539283984493,1.8,0.8846872759323917,0.8,0.19115322798526987,0.269,0.023
475,0,No shift,0.9803408131443041,1.0,0.9048311662293038,0.8,0.1175148130251322,0.05533333333333333,0.001
475,1,Kidney only,1.5800585312752489,1.8,0.9048311662293038,0.8,0.11984097323173043,0.04766666666666667,0.0
475,2,Inflammation only,0.9803408131443041,1.0,0.7471428435090934,0.8,0.1653184849657974,0.05466666666666667,0.001
475,3,Assay only,0.9803408131443039,1.0,0.9048311662293038,0.8,0.1175148130251322,0.05533333333333333,0.001
475,4,Missingness only,1.012887279794852,1.0,0.6734360579128895,0.8,0.15683524879888447,0.2843333333333333,0.023
475,5,Combined strong,1.5787513946860432,1.8,0.7591726518665607,0.8,0.2294023696623002,0.25733333333333336,0.009
476,0,No shift,1.161717939512718,1.0,1.1044874594869583,0.8,0.1544350995375782,0.04933333333333333,0.0
476,1,Kidney only,1.676288020314399,1.8,1.1044874594869583,0.8,0.14491353736716883,0.046,0.0
476,2,Inflammation only,1.161717939512718,1.0,0.48461544629042835,0.8,0.14736310792249083,0.04733333333333333,0.0
476,3,Assay only,1.161717939512718,1.0,1.1044874594869583,0.8,0.1544350995375782,0.04933333333333333,0.0
476,4,Missingness only,1.1855919048098786,1.0,1.1361909668127044,0.8,0.2480804046304179,0.29233333333333333,0.02
476,5,Combined strong,1.659194776890322,1.8,0.3859565840987835,0.8,0.16894543468944737,0.2693333333333333,0.018
477,0,No shift,1.1151024046293538,1.0,0.8039317501240785,0.8,0.27657538513464974,0.052333333333333336,0.0
477,1,Kidney only,1.8343349162092226,1.8,0.8039317501240785,0.8,0.2638278219032777,0.05,0.0
477,2,Inflammation only,1.1151024046293538,1.0,0.7396780483208194,0.8,0.2175614665995912,0.04733333333333333,0.0
477,3,Assay only,1.1151024046293538,1.0,0.8039317501240787,0.8,0.27657538513464963,0.052333333333333336,0.0
477,4,Missingness only,1.1832418171331938,1.0,0.6677379233691729,0.8,0.2067694841379409,0.2823333333333333,0.023
477,5,Combined strong,1.7562774685909799,1.8,0.8532362337534507,0.8,0.17834029219498365,0.2623333333333333,0.021
478,0,No shift,1.096670198006873,1.0,0.9845294513534788,0.8,0.1683508150463252,0.05533333333333333,0.001
478,1,Kidney only,1.6909176687389609,1.8,0.9845294513534788,0.8,0.18470597300929104,0.051333333333333335,0.001
478,2,Inflammation only,1.096670198006873,1.0,0.5861957240414917,0.8,0.11239112804221253,0.05366666666666667,0.0
478,3,Assay only,1.096670198006873,1.0,0.9845294513534788,0.8,0.1683508150463252,0.05533333333333333,0.001
478,4,Missingness only,0.7988937557979758,1.0,1.2141644128339077,0.8,0.17836848864318042,0.298,0.025
478,5,Combined strong,1.9393408194307762,1.8,0.5955226032681878,0.8,0.2181065059420736,0.26966666666666667,0.02
479,0,No shift,0.8654078352003898,1.0,0.44906592819520813,0.8,0.24881818567215006,0.055,0.0
479,1,Kidney only,2.0316990544289992,1.8,0.44906592819520813,0.8,0.25204196224491493,0.050666666666666665,0.0
479,2,Inflammation only,0.8654078352003898,1.0,1.15072251408931,0.8,0.13172553040015783,0.05,0.0
479,3,Assay only,0.8654078352003898,1.0,0.44906592819520813,0.8,0.2488181856721501,0.055,0.0
479,4,Missingness only,0.8420329143609655,1.0,0.4494686243096848,0.8,0.23693567243901847,0.283,0.025
479,5,Combined strong,1.8410448406328623,1.8,1.1558432580694602,0.8,0.19183262046936442,0.25066666666666665,0.017
480,0,No shift,0.7849887174580429,1.0,0.7489384319297692,0.8,0.2520452062555724,0.05533333333333333,0.0
480,1,Kidney only,1.999331910434737,1.8,0.7489384319297692,0.8,0.29480040419229825,0.049666666666666665,0.0
480,2,Inflammation only,0.7849887174580429,1.0,1.1382522480680417,0.8,0.1700048102994962,0.051333333333333335,0.0
480,3,Assay only,0.7849887174580429,1.0,0.7489384319297692,0.8,0.2520452062555725,0.05533333333333333,0.0
480,4,Missingness only,0.8059795985415925,1.0,0.6696308822872749,0.8,0.21204621471485893,0.292,0.027
480,5,Combined strong,1.9405060747024787,1.8,1.0429498929562209,0.8,0.2294986890697445,0.26966666666666667,0.023
481,0,No shift,0.8784583004390645,1.0,0.8375045574001833,0.8,0.23352058916901153,0.05533333333333333,0.0
481,1,Kidney only,1.7684397769311218,1.8,0.8375045574001833,0.8,0.24958669740670142,0.051333333333333335,0.0
481,2,Inflammation only,0.8784583004390645,1.0,0.8292854651462956,0.8,0.0814084951951588,0.05433333333333333,0.0
481,3,Assay only,0.8784583004390645,1.0,0.8375045574001833,0.8,0.23352058916901153,0.05533333333333333,0.0
481,4,Missingness only,0.8539038445136266,1.0,0.8872249092987269,0.8,0.1944928155868549,0.285,0.025
481,5,Combined strong,1.843350051239955,1.8,0.8452703465023362,0.8,0.13656682604187945,0.2673333333333333,0.017
482,0,No shift,1.0946115936609009,1.0,0.4172733714113562,0.8,0.1650097450738771,0.06266666666666666,0.0
482,1,Kidney only,1.6020049420048532,1.8,0.4172733714113562,0.8,0.13036033924218576,0.059,0.0
482,2,Inflammation only,1.0946115936609009,1.0,1.068176672314896,0.8,0.1318594606965275,0.06066666666666667,0.0
482,3,Assay only,1.0946115936609009,1.0,0.4172733714113562,0.8,0.16500974507387714,0.06266666666666666,0.0
482,4,Missingness only,1.2094239343676725,1.0,0.5347862741465194,0.8,0.16139647496533743,0.296,0.025
482,5,Combined strong,1.6108743520731077,1.8,1.0118723551597306,0.8,0.21808899529339046,0.27,0.022
483,0,No shift,0.9951467573464746,1.0,0.7145293622302111,0.8,0.18800391765414728,0.05466666666666667,0.0
483,1,Kidney only,1.8958588594356274,1.8,0.7145293622302111,0.8,0.221865431484702,0.05433333333333333,0.0
483,2,Inflammation only,0.9951467573464746,1.0,0.7849035154382163,0.8,0.1006058134773107,0.051333333333333335,0.0
483,3,Assay only,0.9951467573464746,1.0,0.7145293622302107,0.8,0.1880039176541473,0.05466666666666667,0.0
483,4,Missingness only,0.8297817605870887,1.0,0.8155818184721434,0.8,0.21695987767582428,0.2836666666666667,0.02
483,5,Combined strong,2.0809931398207233,1.8,0.8273599010606499,0.8,0.14956352464807032,0.26566666666666666,0.016
484,0,No shift,1.4232076769635398,1.0,0.979254668638115,0.8,0.1313919335697464,0.05333333333333334,0.001
484,1,Kidney only,1.5468682936121467,1.8,0.979254668638115,0.8,0.16594174461778022,0.049,0.001
484,2,Inflammation only,1.4232076769635398,1.0,0.45549342120766156,0.8,0.1177651616071868,0.050333333333333334,0.001
484,3,Assay only,1.4232076769635398,1.0,0.979254668638115,0.8,0.13139193356974638,0.05333333333333334,0.001
484,4,Missingness only,1.3098593873471385,1.0,0.9734651008811225,0.8,0.15710886203019386,0.2793333333333333,0.017
484,5,Combined strong,1.4473855751689817,1.8,0.4122961413613043,0.8,0.11709735039710872,0.266,0.017
485,0,No shift,1.09435739173115,1.0,0.9118337933603439,0.8,0.09620490297584566,0.047,0.0
485,1,Kidney only,1.6691525675766166,1.8,0.9118337933603439,0.8,0.11230535618222381,0.04733333333333333,0.0
485,2,Inflammation only,1.09435739173115,1.0,0.33511959778320277,0.8,0.09787432588654767,0.046,0.0
485,3,Assay only,1.0943573917311502,1.0,0.9118337933603435,0.8,0.09620490297584568,0.047,0.0
485,4,Missingness only,1.083873400299443,1.0,0.893451549117176,0.8,0.138549805014727,0.26566666666666666,0.013
485,5,Combined strong,1.8876231515530446,1.8,0.3642534939433615,0.8,0.08408850291899778,0.249,0.012
486,0,No shift,0.7231913432037492,1.0,0.8228562148461601,0.8,0.08023146288295648,0.05433333333333333,0.0
486,1,Kidney only,1.9881391746437704,1.8,0.8228562148461601,0.8,0.13695721227005153,0.04933333333333333,0.0
486,2,Inflammation only,0.7231913432037492,1.0,0.9929765938493677,0.8,0.09915797454751553,0.05266666666666667,0.0
486,3,Assay only,0.7231913432037492,1.0,0.8228562148461601,0.8,0.08023146288295643,0.05433333333333333,0.0
486,4,Missingness only,0.5500652143832523,1.0,0.7218338510976446,0.8,0.08331147047424789,0.275,0.013
486,5,Combined strong,2.0444210731479178,1.8,1.0847375302245774,0.8,0.22476340580022397,0.25433333333333336,0.013
487,0,No shift,1.3235767088082948,1.0,0.9586508747767755,0.8,0.2893355051344057,0.054,0.0
487,1,Kidney only,1.5163042159939077,1.8,0.9586508747767755,0.8,0.19567690817402353,0.050666666666666665,0.0
487,2,Inflammation only,1.3235767088082948,1.0,0.711428577347425,0.8,0.27689636504312465,0.050666666666666665,0.0
487,3,Assay only,1.3235767088082946,1.0,0.9586508747767752,0.8,0.2893355051344057,0.054,0.0
487,4,Missingness only,1.481129833680924,1.0,0.9843679016765872,0.8,0.33395418777210145,0.299,0.026
487,5,Combined strong,1.4718361980267096,1.8,0.6897361358851875,0.8,0.23787503359367396,0.2806666666666667,0.02
488,0,No shift,1.2287626692522056,1.0,0.613358288309149,0.8,0.19683635498733304,0.056,0.0
488,1,Kidney only,1.7184490245263246,1.8,0.613358288309149,0.8,0.12126132383873119,0.05466666666666667,0.0
488,2,Inflammation only,1.2287626692522056,1.0,0.7611915343044799,0.8,0.1814657005204341,0.055,0.0
488,3,Assay only,1.2287626692522051,1.0,0.613358288309149,0.8,0.19683635498733307,0.056,0.0
488,4,Missingness only,1.1496303031121746,1.0,0.6919865888016336,0.8,0.14937982491342394,0.275,0.014
488,5,Combined strong,1.7691780272912068,1.8,0.5950403379474242,0.8,0.1295132136570368,0.25666666666666665,0.012
489,0,No shift,1.071876114872053,1.0,0.6498407168300553,0.8,0.2896670521230721,0.058666666666666666,0.001
489,1,Kidney only,1.596263811480914,1.8,0.6498407168300553,0.8,0.3065875004776403,0.05433333333333333,0.001
489,2,Inflammation only,1.071876114872053,1.0,0.9396758400206753,0.8,0.30705835766876144,0.05466666666666667,0.001
489,3,Assay only,1.071876114872053,1.0,0.6498407168300553,0.8,0.28966705212307214,0.058666666666666666,0.001
489,4,Missingness only,1.1311140971288176,1.0,0.5504197843843808,0.8,0.2903434881562996,0.2906666666666667,0.028
489,5,Combined strong,1.6633236174397499,1.8,0.916912324290686,0.8,0.37992024133739893,0.2633333333333333,0.02
490,0,No shift,1.1559530919152086,1.0,0.7740451447165517,0.8,0.305607595726994,0.05433333333333333,0.0
490,1,Kidney only,1.72357724515474,1.8,0.7740451447165517,0.8,0.36951298726246035,0.051666666666666666,0.0
490,2,Inflammation only,1.1559530919152086,1.0,0.5059865178381874,0.8,0.32628609951937265,0.053,0.0
490,3,Assay only,1.1559530919152086,1.0,0.7740451447165517,0.8,0.30560759572699386,0.05433333333333333,0.0
490,4,Missingness only,1.2734387916511243,1.0,0.6544491752560458,0.8,0.3480396663389027,0.29833333333333334,0.029
490,5,Combined strong,1.7010555080333287,1.8,0.4474586618049831,0.8,0.37808517791717733,0.27566666666666667,0.029
491,0,No shift,0.6953925734701156,1.0,0.5648418810742885,0.8,0.31828406767752104,0.06133333333333333,0.0
491,1,Kidney only,1.950412978987219,1.8,0.5648418810742885,0.8,0.2995565395923557,0.057,0.0
491,2,Inflammation only,0.6953925734701156,1.0,0.9149370261753694,0.8,0.23425998924245256,0.06,0.0
491,3,Assay only,0.6953925734701156,1.0,0.5648418810742883,0.8,0.318284067677521,0.06133333333333333,0.0
491,4,Missingness only,0.6381170936437752,1.0,0.6076595777572185,0.8,0.36659121216877927,0.294,0.025
491,5,Combined strong,1.8581346239504808,1.8,0.7347238288936196,0.8,0.15614726250828212,0.2743333333333333,0.013
492,0,No shift,1.0234307979580015,1.0,0.6384941499396395,0.8,0.11804503400421848,0.053,0.0
492,1,Kidney only,1.894754704654785,1.8,0.6384941499396395,0.8,0.07012733223271642,0.052,0.0
492,2,Inflammation only,1.0234307979580015,1.0,0.9492407043825978,0.8,0.18424928433374543,0.050666666666666665,0.0
492,3,Assay only,1.0234307979580015,1.0,0.6384941499396393,0.8,0.11804503400421845,0.053,0.0
492,4,Missingness only,1.168941756934347,1.0,0.5684754854209747,0.8,0.1872426329602075,0.27066666666666667,0.015
492,5,Combined strong,1.870671208388187,1.8,0.9784410715819107,0.8,0.20606146160630856,0.255,0.012
493,0,No shift,0.6332632090087843,1.0,0.539113452216841,0.8,0.18483381796301224,0.050666666666666665,0.0
493,1,Kidney only,2.2125922290055926,1.8,0.539113452216841,0.8,0.07818187698177229,0.04733333333333333,0.0
493,2,Inflammation only,0.6332632090087843,1.0,0.9759604287511409,0.8,0.19540266045037025,0.04733333333333333,0.0
493,3,Assay only,0.6332632090087845,1.0,0.539113452216841,0.8,0.18483381796301235,0.050666666666666665,0.0
493,4,Missingness only,0.6859064607215899,1.0,0.5449547080834932,0.8,0.2286356532830507,0.2776666666666667,0.021
493,5,Combined strong,2.159277457219913,1.8,1.0225969695020312,0.8,0.14222466643258005,0.26033333333333336,0.017
494,0,No shift,1.0545391456193034,1.0,0.5184792778680848,0.8,0.09789569034624454,0.05633333333333333,0.001
494,1,Kidney only,1.8701972558365088,1.8,0.5184792778680848,0.8,0.1250559788800645,0.05433333333333333,0.001
494,2,Inflammation only,1.0545391456193034,1.0,0.9703092806152208,0.8,0.1544318825875968,0.05433333333333333,0.001
494,3,Assay only,1.0545391456193034,1.0,0.5184792778680848,0.8,0.09789569034624458,0.05633333333333333,0.001
494,4,Missingness only,0.9735534884539288,1.0,0.5288320969731776,0.8,0.10155661372957507,0.2976666666666667,0.028
494,5,Combined strong,1.8810391435277916,1.8,0.957078261713658,0.8,0.13390227827992138,0.2663333333333333,0.017
495,0,No shift,0.9349374605164594,1.0,1.107441375268178,0.8,0.11541434900914037,0.05433333333333333,0.0
495,1,Kidney only,1.726176500103714,1.8,1.107441375268178,0.8,0.11756579159071458,0.050666666666666665,0.0
495,2,Inflammation only,0.9349374605164594,1.0,0.6527877216636696,0.8,0.09509413685408699,0.051333333333333335,0.0
495,3,Assay only,0.9349374605164593,1.0,1.107441375268178,0.8,0.11541434900914038,0.05433333333333333,0.0
495,4,Missingness only,0.7925051175029373,1.0,0.887213188145359,0.8,0.1624373189538405,0.2986666666666667,0.027
495,5,Combined strong,1.9055404280814858,1.8,0.7087439722549802,0.8,0.10450748111099398,0.27566666666666667,0.023
496,0,No shift,0.8814167458449019,1.0,0.9690563268307488,0.8,0.1727225186808882,0.05333333333333334,0.0
496,1,Kidney only,1.7190864684626976,1.8,0.9690563268307488,0.8,0.20104941406683638,0.048666666666666664,0.001
496,2,Inflammation only,0.8814167458449019,1.0,0.701669194970236,0.8,0.16371360260008502,0.05266666666666667,0.001
496,3,Assay only,0.8814167458449019,1.0,0.9690563268307484,0.8,0.17272251868088812,0.05333333333333334,0.0
496,4,Missingness only,0.9367353863357949,1.0,0.9649941213570961,0.8,0.24628493683613922,0.2796666666666667,0.017
496,5,Combined strong,1.6923415144884864,1.8,0.6372842604734886,0.8,0.23986587027671138,0.25333333333333335,0.015
497,0,No shift,0.7783776135352348,1.0,0.8847177338314262,0.8,0.14774342346231747,0.06,0.0
497,1,Kidney only,1.9211592420884913,1.8,0.8847177338314262,0.8,0.13094071055853365,0.05633333333333333,0.0
497,2,Inflammation only,0.7783776135352348,1.0,0.8664009482879327,0.8,0.1419970842129623,0.058333333333333334,0.0
497,3,Assay only,0.7783776135352348,1.0,0.8847177338314258,0.8,0.14774342346231747,0.06,0.0
497,4,Missingness only,0.6919260400891827,1.0,0.9268237657266409,0.8,0.18241499630714053,0.29433333333333334,0.016
497,5,Combined strong,2.0459488930745793,1.8,0.9733071773561407,0.8,0.1412917699937014,0.26966666666666667,0.016
498,0,No shift,1.0135816178600696,1.0,0.587409584907818,0.8,0.20192842711637443,0.053,0.0
498,1,Kidney only,1.875920990552266,1.8,0.587409584907818,0.8,0.2261892619014744,0.052333333333333336,0.0
498,2,Inflammation only,1.0135816178600696,1.0,1.0513532236466792,0.8,0.21246895297764928,0.049666666666666665,0.001
498,3,Assay only,1.0135816178600696,1.0,0.587409584907818,0.8,0.20192842711637446,0.053,0.0
498,4,Missingness only,1.1602483430761343,1.0,0.581150367833735,0.8,0.1879713723614941,0.29,0.022
498,5,Combined strong,1.76202302873547,1.8,1.0360446541724224,0.8,0.28818750302003404,0.268,0.014
499,0,No shift,0.9355756373157093,1.0,0.5673200138280993,0.8,0.07287944028454392,0.052,0.0
499,1,Kidney only,1.8562405050111015,1.8,0.5673200138280993,0.8,0.13571719183102895,0.050333333333333334,0.0
499,2,Inflammation only,0.9355756373157093,1.0,1.1418253206108413,0.8,0.031711256035932105,0.04933333333333333,0.0
499,3,Assay only,0.9355756373157093,1.0,0.5673200138280993,0.8,0.0728794402845439,0.052,0.0
499,4,Missingness only,0.8961113919906211,1.0,0.6603213927507835,0.8,0.12886434576449354,0.29533333333333334,0.023
499,5,Combined strong,1.892652625658731,1.8,1.2865367450474001,0.8,0.09508852773392072,0.2783333333333333,0.023
