repeat,renal_effect_sd,heart_failure_effect_sd,method,accuracy,adjusted_rand_index,false_atrial_renal_competing,brier_score,expected_calibration_error,mean_posterior_entropy,predicted_atrial_prevalence,renal_competing_subgroup_size,accuracy__uncomplicated,false_atrial__uncomplicated,mean_posterior_entropy__uncomplicated,subgroup_size__uncomplicated,competing_subgroup_size__uncomplicated,accuracy__renal_only,false_atrial__renal_only,mean_posterior_entropy__renal_only,subgroup_size__renal_only,competing_subgroup_size__renal_only,accuracy__heart_failure_only,false_atrial__heart_failure_only,mean_posterior_entropy__heart_failure_only,subgroup_size__heart_failure_only,competing_subgroup_size__heart_failure_only,accuracy__redundant,false_atrial__redundant,mean_posterior_entropy__redundant,subgroup_size__redundant,competing_subgroup_size__redundant
0,0.0,0.0,Associative latent class model,0.793,0.3427364678072607,0.12949640287769784,0.1448840640007097,0.07626550951346338,0.37223859907964635,0.424,139,0.7978227060653188,0.11392405063291139,0.3803092019235036,643,316,0.7709090909090909,0.1349206349206349,0.3583411679869791,275,126,0.8,0.10714285714285714,0.35938092692179274,60,28,0.9090909090909091,0.07692307692307693,0.34514115595939787,22,13
0,0.0,0.0,Renal-adjusted associative latent class model,0.793,0.3427362113710154,0.19424460431654678,0.14685679684738515,0.08519782764587717,0.36829962257148446,0.42,139,0.7993779160186625,0.07911392405063292,0.37298709454454143,643,316,0.7781818181818182,0.1984126984126984,0.36173313996063633,275,126,0.7666666666666667,0.10714285714285714,0.35423163227873594,60,28,0.8636363636363636,0.15384615384615385,0.3517458797020536,22,13
0,0.0,0.0,Two-nuisance adjusted associative latent model,0.794,0.34508663586745725,0.19424460431654678,0.14687906433755443,0.08582014428674624,0.3681302295943247,0.421,139,0.7978227060653188,0.07911392405063292,0.372534864654032,643,316,0.7781818181818182,0.1984126984126984,0.3617437708644173,275,126,0.8,0.10714285714285714,0.3553286730463088,60,28,0.8636363636363636,0.15384615384615385,0.3541388296040369,22,13
0,0.0,0.0,Two-path biologically constrained latent SCM,0.794,0.34508676362707447,0.1223021582733813,0.14559063709677844,0.07921342319762566,0.37205753663575897,0.423,139,0.7978227060653188,0.11392405063291139,0.3803221037588957,643,316,0.7745454545454545,0.12698412698412698,0.35754478058626377,275,126,0.8,0.10714285714285714,0.3598741000105638,60,28,0.9090909090909091,0.07692307692307693,0.34514378440603094,22,13
0,0.0,0.0,Two-path latent SCM (counterfactual query),0.797,0.3521869268779253,0.12949640287769784,0.17054467901076895,0.1405778498379558,0.13601975703201488,0.442,139,0.7978227060653188,0.13291139240506328,0.14001394696486608,643,316,0.7890909090909091,0.1349206349206349,0.1316171133953731,275,126,0.7833333333333333,0.14285714285714285,0.11663377576880948,60,28,0.9090909090909091,0.07692307692307693,0.12718438198862836,22,13
1,0.0,0.0,Associative latent class model,0.828,0.42976547757249806,0.15172413793103448,0.11715053406417995,0.025671638004611648,0.37745358184934086,0.474,145,0.8256172839506173,0.15789473684210525,0.3799231923583053,648,342,0.8291814946619217,0.15671641791044777,0.3703161090175422,281,134,0.8301886792452831,0.1935483870967742,0.3934770439018352,53,31,0.8888888888888888,0.09090909090909091,0.3527912911351327,18,11
1,0.0,0.0,Renal-adjusted associative latent class model,0.829,0.4323963701342331,0.2206896551724138,0.11903233810140865,0.021995737918403407,0.37928890869266085,0.483,145,0.8317901234567902,0.14035087719298245,0.3822804351677533,648,342,0.8185053380782918,0.23134328358208955,0.3696446558737386,281,134,0.8301886792452831,0.1935483870967742,0.39583501003384836,53,31,0.8888888888888888,0.09090909090909091,0.3734323817578983,18,11
1,0.0,0.0,Two-nuisance adjusted associative latent model,0.827,0.4271431601336697,0.20689655172413793,0.11951425224405025,0.0278438831796445,0.38079420238665945,0.485,145,0.8302469135802469,0.14327485380116958,0.383222674155267,648,342,0.8185053380782918,0.21641791044776118,0.37165139198632763,281,134,0.8113207547169812,0.2903225806451613,0.39698479512056717,53,31,0.8888888888888888,0.09090909090909091,0.3884263469165722,18,11
1,0.0,0.0,Two-path biologically constrained latent SCM,0.825,0.42192159341616375,0.16551724137931034,0.1172256721443595,0.027870571130309083,0.3775631333062207,0.473,145,0.8225308641975309,0.15497076023391812,0.37985698025365877,648,342,0.8291814946619217,0.17164179104477612,0.3705875153131715,281,134,0.8113207547169812,0.1935483870967742,0.39350597258532427,53,31,0.8888888888888888,0.09090909090909091,0.3569389862125814,18,11
1,0.0,0.0,Two-path latent SCM (counterfactual query),0.832,0.440336406717047,0.16551724137931034,0.13522889421811116,0.1069307472940135,0.128923928365216,0.488,145,0.8302469135802469,0.16666666666666666,0.13880815912471917,648,342,0.8291814946619217,0.17164179104477612,0.11220088291736253,281,134,0.8490566037735849,0.1935483870967742,0.12793289659919846,53,31,0.8888888888888888,0.09090909090909091,0.037074979603422036,18,11
2,0.0,0.0,Associative latent class model,0.79,0.3357454093495102,0.1736111111111111,0.14140969635959505,0.05932354647182796,0.3620886610732106,0.425,144,0.782608695652174,0.1286549707602339,0.36415221608247506,644,342,0.7935943060498221,0.16911764705882354,0.3657633254054436,281,136,0.8518518518518519,0.13043478260869565,0.3308920213581616,54,23,0.8095238095238095,0.25,0.3298557297060144,21,8
2,0.0,0.0,Renal-adjusted associative latent class model,0.786,0.3265208731817374,0.14583333333333334,0.1428485490005341,0.06473773374598346,0.3641153965728099,0.423,144,0.7795031055900621,0.14327485380116958,0.367320245591303,644,342,0.7864768683274022,0.14705882352941177,0.3655682404060487,281,136,0.8518518518518519,0.13043478260869565,0.3276809091073015,54,23,0.8095238095238095,0.125,0.3400816079103255,21,8
2,0.0,0.0,Two-nuisance adjusted associative latent model,0.786,0.3265208731817374,0.14583333333333334,0.14404363478200236,0.06790241148372546,0.36107056530675674,0.423,144,0.7779503105590062,0.14035087719298245,0.3655910741759779,644,342,0.7793594306049823,0.13970588235294118,0.3636447490739342,281,136,0.9074074074074074,0.17391304347826086,0.30572054071238736,54,23,0.8095238095238095,0.25,0.330325230913454,21,8
2,0.0,0.0,Two-path biologically constrained latent SCM,0.787,0.3288148539455298,0.16666666666666666,0.14145111334773386,0.05932730974899858,0.36296755447223755,0.424,144,0.7795031055900621,0.13450292397660818,0.36516331586135414,644,342,0.7864768683274022,0.16911764705882354,0.366330645668866,281,136,0.8518518518518519,0.13043478260869565,0.33077901110889724,54,23,0.8571428571428571,0.125,0.33340004879493934,21,8
2,0.0,0.0,Two-path latent SCM (counterfactual query),0.794,0.34509256517152753,0.1736111111111111,0.16506192516929574,0.13647987974375597,0.14844292575063486,0.453,144,0.7872670807453416,0.1608187134502924,0.15123617941625966,644,342,0.7935943060498221,0.16911764705882354,0.15047703736896936,281,136,0.8703703703703703,0.17391304347826086,0.11717376230783358,54,23,0.8095238095238095,0.25,0.1159712162504866,21,8
3,0.0,0.0,Associative latent class model,0.822,0.41415016333704147,0.17647058823529413,0.13211420914016292,0.04272583879666342,0.3527709188107406,0.504,153,0.8167701863354038,0.20059880239520958,0.3487965532651668,644,334,0.823943661971831,0.17123287671232876,0.36040086478174105,284,146,0.8813559322033898,0.1724137931034483,0.34038499471808964,59,29,0.7692307692307693,0.2857142857142857,0.43918294012241726,13,7
3,0.0,0.0,Renal-adjusted associative latent class model,0.811,0.3862702835533851,0.1503267973856209,0.13342331835869542,0.051235220624571115,0.3493013104362147,0.505,153,0.8059006211180124,0.23053892215568864,0.3460495222302453,644,334,0.8063380281690141,0.1506849315068493,0.3556164687255606,284,146,0.8813559322033898,0.1724137931034483,0.33664372363356215,59,29,0.8461538461538461,0.14285714285714285,0.42987394673056567,13,7
3,0.0,0.0,Two-nuisance adjusted associative latent model,0.81,0.3837837983654944,0.13725490196078433,0.13460970534123878,0.04870368811366346,0.34445134335259664,0.502,153,0.8027950310559007,0.23652694610778444,0.3416795465849491,644,334,0.8063380281690141,0.14383561643835616,0.35030200962806507,284,146,0.8813559322033898,0.13793103448275862,0.3327993393762304,59,29,0.9230769230769231,0.0,0.40682950725548994,13,7
3,0.0,0.0,Two-path biologically constrained latent SCM,0.818,0.40389991331751407,0.16993464052287582,0.13250281703472763,0.04464401689690189,0.3511222846302577,0.504,153,0.812111801242236,0.20958083832335328,0.3473373477717989,644,334,0.8169014084507042,0.17123287671232876,0.35861915193378224,284,146,0.8813559322033898,0.1724137931034483,0.33749723417605526,59,29,0.8461538461538461,0.14285714285714285,0.4366812845875253,13,7
3,0.0,0.0,Two-path latent SCM (counterfactual query),0.826,0.42452854214608393,0.1830065359477124,0.1489200976918533,0.1207409647287613,0.13363085029069122,0.498,153,0.8260869565217391,0.18263473053892215,0.13630575549147808,644,334,0.8204225352112676,0.1780821917808219,0.13518911089021066,284,146,0.864406779661017,0.1724137931034483,0.06571997586551626,59,29,0.7692307692307693,0.2857142857142857,0.2752890527149286,13,7
4,0.0,0.0,Associative latent class model,0.822,0.41414923439235596,0.17532467532467533,0.1254914840662377,0.05351874553653678,0.39382660983857354,0.47,154,0.8283464566929134,0.12121212121212122,0.4001414904475724,635,297,0.8066666666666666,0.16551724137931034,0.3899093732692403,300,145,0.9090909090909091,0.034482758620689655,0.3221058820648419,44,29,0.6666666666666666,0.3333333333333333,0.40910917203523445,21,9
4,0.0,0.0,Renal-adjusted associative latent class model,0.82,0.40900790898314904,0.17532467532467533,0.12560970011952466,0.05518640187552174,0.39368579051396,0.468,154,0.8267716535433071,0.12121212121212122,0.4000678373328666,635,297,0.8033333333333333,0.16551724137931034,0.38962539503869614,300,145,0.9090909090909091,0.034482758620689655,0.32190493934404274,44,29,0.6666666666666666,0.3333333333333333,0.40910847451633314,21,9
4,0.0,0.0,Two-nuisance adjusted associative latent model,0.819,0.40644905875925724,0.16883116883116883,0.12594090717554174,0.05801750220308161,0.3929878092900377,0.465,154,0.8267716535433071,0.12121212121212122,0.39950549573407035,635,297,0.8,0.15862068965517243,0.38876910052996855,300,145,0.9090909090909091,0.034482758620689655,0.320176370563856,44,29,0.6666666666666666,0.3333333333333333,0.40872995405251394,21,9
4,0.0,0.0,Two-path biologically constrained latent SCM,0.821,0.4115747392814338,0.17532467532467533,0.1253424166056873,0.053046984432835106,0.3939086270762987,0.471,154,0.8267716535433071,0.12457912457912458,0.4002677277756528,635,297,0.8066666666666666,0.16551724137931034,0.38997498984414136,300,145,0.9090909090909091,0.034482758620689655,0.3215992871277715,44,29,0.6666666666666666,0.3333333333333333,0.40932163580451797,21,9
4,0.0,0.0,Two-path latent SCM (counterfactual query),0.821,0.41157569019438445,0.17532467532467533,0.1491186536232173,0.12441627633958516,0.1158262565303292,0.487,154,0.8267716535433071,0.15151515151515152,0.11024396307855834,635,297,0.8066666666666666,0.16551724137931034,0.12344679749248547,300,145,0.9090909090909091,0.034482758620689655,0.08097488973743021,44,29,0.6666666666666666,0.3333333333333333,0.24878121805962405,21,9
5,0.0,0.0,Associative latent class model,0.828,0.4297673322561857,0.19753086419753085,0.12342227104689059,0.03594782544097151,0.3968598959445416,0.469,162,0.8299212598425196,0.11875,0.3936653540601692,635,320,0.8256578947368421,0.1987179487179487,0.40344627201013705,304,156,0.8333333333333334,0.09523809523809523,0.4067974669112751,48,21,0.7692307692307693,0.16666666666666666,0.362188539500866,13,6
5,0.0,0.0,Renal-adjusted associative latent class model,0.807,0.37637686851318136,0.043209876543209874,0.13371383656795013,0.03290330711415767,0.3815343501262116,0.454,162,0.8188976377952756,0.196875,0.3891199076471921,635,320,0.7763157894736842,0.04487179487179487,0.36861347727484267,304,156,0.8333333333333334,0.23809523809523808,0.37881975608445595,48,21,0.8461538461538461,0.0,0.3231817989721954,13,6
5,0.0,0.0,Two-nuisance adjusted associative latent model,0.798,0.3545741391226993,0.043209876543209874,0.13732882634395457,0.035817934284424896,0.37615516871145116,0.459,162,0.8125984251968504,0.209375,0.3869982702597448,635,320,0.7664473684210527,0.04487179487179487,0.3591511075565709,304,156,0.7916666666666666,0.38095238095238093,0.354332852290161,48,21,0.8461538461538461,0.0,0.32471949918368676,13,6
5,0.0,0.0,Two-path biologically constrained latent SCM,0.828,0.4297670678702207,0.19753086419753085,0.12318321289634031,0.03527186297086078,0.39666525524571977,0.471,162,0.831496062992126,0.121875,0.39357573898127163,635,320,0.8223684210526315,0.1987179487179487,0.40315250273150716,304,156,0.8333333333333334,0.09523809523809523,0.40672312531285554,48,21,0.7692307692307693,0.16666666666666666,0.3587377036320827,13,6
5,0.0,0.0,Two-path latent SCM (counterfactual query),0.823,0.41673231356590124,0.19753086419753085,0.1456825495279911,0.12578639820707938,0.11511014120411005,0.492,162,0.8236220472440945,0.15625,0.10779612401719976,635,320,0.8256578947368421,0.1987179487179487,0.12408071454486254,304,156,0.8125,0.19047619047619047,0.1505514751323072,48,21,0.7692307692307693,0.16666666666666666,0.1317380327076353,13,6
6,0.0,0.0,Associative latent class model,0.79,0.33578576872072335,0.34210526315789475,0.1410704375865379,0.11540712804339338,0.3649624492442556,0.638,152,0.7915407854984894,0.35454545454545455,0.36504877455359475,662,330,0.7777777777777778,0.3287671232876712,0.37365292297148944,279,146,0.8421052631578947,0.2777777777777778,0.3331831639810211,38,18,0.8095238095238095,0.6666666666666666,0.30428736902149883,21,6
6,0.0,0.0,Renal-adjusted associative latent class model,0.795,0.3474944565672507,0.4144736842105263,0.1377302390631576,0.10325129454200496,0.3683317256101848,0.635,152,0.8111782477341389,0.3090909090909091,0.37333513936913154,662,330,0.7491039426523297,0.4041095890410959,0.3670764179629822,279,146,0.8421052631578947,0.2777777777777778,0.34183386341457295,38,18,0.8095238095238095,0.6666666666666666,0.2752312345901838,21,6
6,0.0,0.0,Two-nuisance adjusted associative latent model,0.796,0.3498572000533832,0.4144736842105263,0.13650355636293915,0.099372349668287,0.369003561926048,0.63,152,0.8126888217522659,0.3,0.37543889709758466,662,330,0.7491039426523297,0.4041095890410959,0.3686288072735246,279,146,0.8421052631578947,0.2777777777777778,0.33027702987819446,38,18,0.8095238095238095,0.6666666666666666,0.24119274679820044,21,6
6,0.0,0.0,Two-path biologically constrained latent SCM,0.788,0.3311604909012483,0.35526315789473684,0.14125646264439207,0.1160228633077928,0.36438305337316307,0.642,152,0.7900302114803626,0.3575757575757576,0.36419247384967823,662,330,0.7741935483870968,0.3424657534246575,0.37246702901910533,279,146,0.8421052631578947,0.2777777777777778,0.3368072469195291,38,18,0.8095238095238095,0.6666666666666666,0.31288853359064717,21,6
6,0.0,0.0,Two-path latent SCM (counterfactual query),0.818,0.4039161601906761,0.25,0.15071149969032263,0.13455216576286844,0.12848928784804475,0.584,152,0.8217522658610272,0.27575757575757576,0.1236260191436943,662,330,0.8028673835125448,0.2465753424657534,0.1459253564360594,279,146,0.8421052631578947,0.2222222222222222,0.08768311650209272,38,18,0.8571428571428571,0.3333333333333333,0.12398715724662088,21,6
7,0.0,0.0,Associative latent class model,0.835,0.44834809496460093,0.17266187050359713,0.11448220681079198,0.02564574480117898,0.3827445875211079,0.479,139,0.8416289592760181,0.16201117318435754,0.38244413066489297,663,358,0.8111111111111111,0.1640625,0.3980846074630583,270,128,0.9183673469387755,0.0,0.3148655791952272,49,23,0.7222222222222222,0.2727272727272727,0.34849286081622466,18,11
7,0.0,0.0,Renal-adjusted associative latent class model,0.837,0.45372999377821366,0.2014388489208633,0.11459624818666708,0.01583582936338598,0.3832880485239931,0.493,139,0.8431372549019608,0.16759776536312848,0.3837161270844146,663,358,0.8148148148148148,0.1953125,0.39636096692742606,270,128,0.9183673469387755,0.0,0.3164649328546614,49,23,0.7222222222222222,0.2727272727272727,0.3533340825968192,18,11
7,0.0,0.0,Two-nuisance adjusted associative latent model,0.835,0.44834866806258755,0.20863309352517986,0.11524909599979352,0.01882544726571385,0.3838224444443522,0.497,139,0.8431372549019608,0.17318435754189945,0.3854273832545314,663,358,0.8074074074074075,0.21875,0.3964922149894773,270,128,0.8775510204081632,0.0,0.30925067460303046,49,23,0.8333333333333334,0.09090909090909091,0.33766156910502665,18,11
7,0.0,0.0,Two-path biologically constrained latent SCM,0.836,0.4510347261186133,0.17985611510791366,0.11437390472661893,0.01546179319784703,0.38272637751392846,0.478,139,0.8446455505279035,0.1564245810055866,0.3825280216680425,663,358,0.8111111111111111,0.171875,0.39779293784102265,270,128,0.8979591836734694,0.0,0.314620162508324,49,23,0.7222222222222222,0.2727272727272727,0.34943433155734993,18,11
7,0.0,0.0,Two-path latent SCM (counterfactual query),0.835,0.4483486468367574,0.2517985611510791,0.13529670699729082,0.10726763798543368,0.13138463940184664,0.505,139,0.8416289592760181,0.16759776536312848,0.12778667985267353,663,358,0.8148148148148148,0.2421875,0.1426812995827182,270,128,0.9183673469387755,0.0,0.11305004267407605,49,23,0.6666666666666666,0.36363636363636365,0.14437042673113681,18,11
8,0.0,0.0,Associative latent class model,0.807,0.37637882709249315,0.12142857142857143,0.13286923416679172,0.057845846454789976,0.3935106647902396,0.439,140,0.8003194888178914,0.13043478260869565,0.3976502376594969,626,322,0.8111888111888111,0.1328125,0.39169502753969176,286,128,0.7936507936507936,0.1,0.3568156596223071,63,30,0.96,0.0,0.4030980633134945,25,12
8,0.0,0.0,Renal-adjusted associative latent class model,0.807,0.37637976432682924,0.07142857142857142,0.1368632912120133,0.06483936481590484,0.3888160813772912,0.435,140,0.8035143769968051,0.14285714285714285,0.3953339128898126,626,322,0.8041958041958042,0.078125,0.38143720234711437,286,128,0.8095238095238095,0.13333333333333333,0.3538376479883985,63,30,0.92,0.0,0.39816960854898453,25,12
8,0.0,0.0,Two-nuisance adjusted associative latent model,0.81,0.3837903878054855,0.06428571428571428,0.1366722361476851,0.06351201438914801,0.3884421215298952,0.438,140,0.8035143769968051,0.14285714285714285,0.3947971753951398,626,322,0.8076923076923077,0.0703125,0.3805072299971165,286,128,0.8253968253968254,0.16666666666666666,0.35675730559266144,63,30,0.96,0.0,0.3999324680409838,25,12
8,0.0,0.0,Two-path biologically constrained latent SCM,0.8,0.3593640473616642,0.17857142857142858,0.13225377626781398,0.05237726126876687,0.3922979536855318,0.448,140,0.7907348242811502,0.12732919254658384,0.3957793941090432,626,322,0.8041958041958042,0.1875,0.39143544488030957,286,128,0.8095238095238095,0.13333333333333333,0.35858961096361164,63,30,0.96,0.08333333333333333,0.3999348098717853,25,12
8,0.0,0.0,Two-path latent SCM (counterfactual query),0.805,0.371472369234752,0.17142857142857143,0.15358584278462453,0.13011979458078146,0.1355214205503071,0.473,140,0.8003194888178914,0.15527950310559005,0.13472592633312247,626,322,0.8041958041958042,0.1796875,0.1400249796546974,286,128,0.7936507936507936,0.2,0.13222676338052008,63,30,0.96,0.08333333333333333,0.11222241566224919,25,12
9,0.0,0.0,Associative latent class model,0.809,0.38130548807169656,0.18604651162790697,0.1367185408408017,0.05795218624469239,0.3394972032707931,0.482,129,0.8037518037518038,0.16714697406340057,0.34638661640394314,693,347,0.8362068965517241,0.18032786885245902,0.3172313661074927,232,122,0.8070175438596491,0.17391304347826086,0.3608309790649525,57,23,0.6666666666666666,0.2857142857142857,0.29367974217887965,18,7
9,0.0,0.0,Renal-adjusted associative latent class model,0.808,0.37883463398077927,0.13953488372093023,0.13510446265930187,0.05152580712865717,0.33946683509278375,0.487,129,0.8037518037518038,0.19020172910662825,0.3478609109046259,693,347,0.8318965517241379,0.13114754098360656,0.31428435869985044,232,122,0.8070175438596491,0.21739130434782608,0.3559356551147146,57,23,0.6666666666666666,0.2857142857142857,0.28871779310966644,18,7
9,0.0,0.0,Two-nuisance adjusted associative latent model,0.808,0.37883463398077927,0.13953488372093023,0.13493926775367374,0.05040518108642964,0.339396435058528,0.487,129,0.8037518037518038,0.19020172910662825,0.3479009072635123,693,347,0.8318965517241379,0.13114754098360656,0.314267693810202,232,122,0.8070175438596491,0.21739130434782608,0.35390803361109047,57,23,0.6666666666666666,0.2857142857142857,0.2899024136175,18,7
9,0.0,0.0,Two-path biologically constrained latent SCM,0.808,0.37883477284285627,0.18604651162790697,0.13662272876255777,0.05543023148923277,0.3395593386856127,0.485,129,0.8023088023088023,0.1729106628242075,0.3466079204922536,693,347,0.8362068965517241,0.18032786885245902,0.31686023729734974,232,122,0.8070175438596491,0.17391304347826086,0.36117008040323617,57,23,0.6666666666666666,0.2857142857142857,0.29232111936173916,18,7
9,0.0,0.0,Two-path latent SCM (counterfactual query),0.81,0.3837837222857079,0.15503875968992248,0.15855311630698674,0.12288794194635556,0.15103336868845593,0.485,129,0.8023088023088023,0.18155619596541786,0.15698579180446376,693,347,0.8405172413793104,0.14754098360655737,0.1248155007080305,232,122,0.8245614035087719,0.17391304347826086,0.18809353626931008,57,23,0.6666666666666666,0.2857142857142857,0.1424270686860441,18,7
10,0.0,0.0,Associative latent class model,0.816,0.39883219125835967,0.08783783783783784,0.1340203511683749,0.07642619773545747,0.38239995929811427,0.426,148,0.8087774294670846,0.11349693251533742,0.38431688094261995,638,326,0.8421052631578947,0.08633093525179857,0.3694089683919726,285,139,0.8035714285714286,0.05555555555555555,0.3952387126940991,56,18,0.7142857142857143,0.1111111111111111,0.466231683530523,21,9
10,0.0,0.0,Renal-adjusted associative latent class model,0.809,0.38131817337846785,0.0945945945945946,0.13537612292793424,0.0827613033019938,0.3799593335384103,0.415,148,0.7978056426332288,0.10429447852760736,0.38064332311022386,638,326,0.8456140350877193,0.09352517985611511,0.3691254994104851,285,139,0.7857142857142857,0.05555555555555555,0.39341027253814725,56,18,0.7142857142857143,0.1111111111111111,0.47034051428395135,21,9
10,0.0,0.0,Two-nuisance adjusted associative latent model,0.81,0.38379628977744157,0.0945945945945946,0.13447591751579324,0.08175231471332321,0.37959590939554233,0.416,148,0.7978056426332288,0.10429447852760736,0.38002914674935856,638,326,0.8456140350877193,0.09352517985611511,0.3688417129058345,285,139,0.8035714285714286,0.05555555555555555,0.3925007552051643,56,18,0.7142857142857143,0.1111111111111111,0.4779706333237872,21,9
10,0.0,0.0,Two-path biologically constrained latent SCM,0.811,0.38628123431182604,0.0945945945945946,0.13438252624466737,0.07901983623473857,0.38151675308974176,0.421,148,0.8025078369905956,0.11042944785276074,0.3829518642459576,638,326,0.8421052631578947,0.09352517985611511,0.3693095557301253,285,139,0.7857142857142857,0.05555555555555555,0.39484848816714596,56,18,0.7142857142857143,0.1111111111111111,0.4680345228749954,21,9
10,0.0,0.0,Two-path latent SCM (counterfactual query),0.822,0.41415279506800173,0.0945945945945946,0.1570475192848582,0.13346087239371718,0.11736763133752962,0.458,148,0.8103448275862069,0.15030674846625766,0.11510735268850021,638,326,0.8491228070175438,0.09352517985611511,0.1179286215091161,285,139,0.8571428571428571,0.05555555555555555,0.1294568128493665,56,18,0.7142857142857143,0.1111111111111111,0.14618579393351766,21,9
11,0.0,0.0,Associative latent class model,0.814,0.39377746559413823,0.18181818181818182,0.12715027832503062,0.02337959244085099,0.3812080532040679,0.511,154,0.8198757763975155,0.1930379746835443,0.3828956243215089,644,316,0.8153310104529616,0.1780821917808219,0.374087619959796,287,146,0.74,0.3103448275862069,0.41126438237394625,50,29,0.7894736842105263,0.25,0.3524686891503907,19,8
11,0.0,0.0,Renal-adjusted associative latent class model,0.811,0.38626974597050995,0.14935064935064934,0.12860784618432866,0.025513031979449624,0.38322680088086875,0.494,154,0.8214285714285714,0.18670886075949367,0.38594598563210586,644,316,0.8013937282229965,0.14383561643835616,0.37368028498316813,287,146,0.74,0.3103448275862069,0.41099575472762195,50,29,0.7894736842105263,0.25,0.36218718985485104,19,8
11,0.0,0.0,Two-nuisance adjusted associative latent model,0.811,0.3862696577704623,0.16233766233766234,0.12816923356778787,0.020970303237589284,0.3829082855290394,0.5,154,0.8229813664596274,0.189873417721519,0.3851142809565376,644,316,0.8013937282229965,0.15753424657534246,0.37416136997151167,287,146,0.74,0.3103448275862069,0.4118786266321833,50,29,0.7368421052631579,0.25,0.36402337261032613,19,8
11,0.0,0.0,Two-path biologically constrained latent SCM,0.821,0.4115765762387212,0.2012987012987013,0.12721618631431203,0.02636365344512407,0.38149320489957234,0.526,154,0.827639751552795,0.1962025316455696,0.38306434867182826,644,316,0.8222996515679443,0.19863013698630136,0.374382590779693,287,146,0.74,0.3103448275862069,0.4123263001239416,50,29,0.7894736842105263,0.25,0.3545076734182122,19,8
11,0.0,0.0,Two-path latent SCM (counterfactual query),0.815,0.39629593480011605,0.17532467532467533,0.15269323908827773,0.12932590799420252,0.12842040352598905,0.51,154,0.8214285714285714,0.1930379746835443,0.13311113180957332,644,316,0.8153310104529616,0.17123287671232876,0.11519097690298918,287,146,0.74,0.3103448275862069,0.1592395757278563,50,29,0.7894736842105263,0.25,0.08816028858279727,19,8
12,0.0,0.0,Associative latent class model,0.855,0.50360462778063,0.14705882352941177,0.11279007426265172,0.045939162617679406,0.35543788079344313,0.503,170,0.8632075471698113,0.17378048780487804,0.35142877120839916,636,328,0.8389261744966443,0.15723270440251572,0.36514501815771355,298,159,0.8235294117647058,0.2,0.37580669167639075,51,30,0.9333333333333333,0.0,0.2633217078937803,15,11
12,0.0,0.0,Renal-adjusted associative latent class model,0.852,0.4951121744220187,0.12352941176470589,0.11354381488752124,0.047060149774455745,0.3540235275242556,0.502,170,0.8632075471698113,0.1798780487804878,0.3503871855470664,636,328,0.8389261744966443,0.1320754716981132,0.3631000634705444,298,159,0.7647058823529411,0.3,0.37567019059483264,51,30,0.9333333333333333,0.0,0.25428525878417996,15,11
12,0.0,0.0,Two-nuisance adjusted associative latent model,0.854,0.5007658161689108,0.12352941176470589,0.11289142571305061,0.047726503969413206,0.3534494320273293,0.502,170,0.860062893081761,0.18597560975609756,0.3503794705762685,636,328,0.8456375838926175,0.1320754716981132,0.36378705506730935,298,159,0.803921568627451,0.2,0.3712611079986756,51,30,0.9333333333333333,0.0,0.21768198818879364,15,11
12,0.0,0.0,Two-path biologically constrained latent SCM,0.857,0.5093063177184431,0.15294117647058825,0.11199620090199143,0.043880547459689855,0.35599494328788195,0.497,170,0.8679245283018868,0.15853658536585366,0.3517852453571125,636,328,0.8355704697986577,0.16352201257861634,0.36575595718679,298,159,0.8235294117647058,0.2,0.37551175397206615,51,30,0.9333333333333333,0.0,0.27421016976797163,15,11
12,0.0,0.0,Two-path latent SCM (counterfactual query),0.857,0.5093062505044224,0.14705882352941177,0.12452271318502357,0.09604747720611312,0.12216182849261108,0.495,170,0.8663522012578616,0.15853658536585366,0.1163705364221848,636,328,0.8389261744966443,0.15723270440251572,0.12942393869704621,298,159,0.8235294117647058,0.2,0.14831727762426178,51,30,0.9333333333333333,0.0,0.1345101625029613,15,11
13,0.0,0.0,Associative latent class model,0.801,0.3617585850735655,0.15060240963855423,0.13837273320739643,0.05050589377626711,0.3473531051747592,0.443,166,0.8027950310559007,0.1651376146788991,0.35267552775545025,644,327,0.7873134328358209,0.1568627450980392,0.3332753665626691,268,153,0.8620689655172413,0.10344827586206896,0.34702429183076444,58,29,0.7666666666666667,0.07692307692307693,0.3594952711756537,30,13
13,0.0,0.0,Renal-adjusted associative latent class model,0.799,0.3569575088545951,0.12048192771084337,0.13897694410884093,0.04839970000779657,0.343016053771162,0.459,166,0.7950310559006211,0.2018348623853211,0.3497601156803486,644,327,0.8022388059701493,0.12418300653594772,0.32522771188313643,268,153,0.8448275862068966,0.1724137931034483,0.345684423258365,58,29,0.7666666666666667,0.07692307692307693,0.35199386464506055,30,13
13,0.0,0.0,Two-nuisance adjusted associative latent model,0.797,0.3521843021703041,0.12048192771084337,0.13781922768465357,0.0531981505098031,0.34465256541817235,0.457,166,0.7919254658385093,0.19571865443425077,0.35148289414899186,644,327,0.8022388059701493,0.12418300653594772,0.32535933606374895,268,153,0.8275862068965517,0.2413793103448276,0.347303693388861,58,29,0.8,0.07692307692307693,0.3652555101527647,30,13
13,0.0,0.0,Two-path biologically constrained latent SCM,0.804,0.36902620158898536,0.14457831325301204,0.13850778887104934,0.05307757736965522,0.34628546476387007,0.444,166,0.8059006211180124,0.1651376146788991,0.35216216274207224,644,327,0.7910447761194029,0.1503267973856209,0.3316581951257116,268,153,0.8620689655172413,0.10344827586206896,0.3448722200588391,58,29,0.7666666666666667,0.07692307692307693,0.35353489669573895,30,13
13,0.0,0.0,Two-path latent SCM (counterfactual query),0.798,0.35456767949196655,0.18674698795180722,0.16235297470660098,0.13848463612633666,0.13290260804776238,0.462,166,0.8012422360248447,0.18042813455657492,0.1322453612289867,644,327,0.7798507462686567,0.19607843137254902,0.13638916922484312,268,153,0.8620689655172413,0.10344827586206896,0.12715787099131692,58,29,0.7666666666666667,0.07692307692307693,0.12697138488468782,30,13
14,0.0,0.0,Associative latent class model,0.827,0.42714170901049486,0.1917808219178082,0.12343118874425944,0.020647039724963248,0.39269362079361114,0.524,146,0.8184663536776213,0.18181818181818182,0.38799941975603125,639,308,0.8422818791946308,0.18248175182481752,0.4003421585412539,298,137,0.8571428571428571,0.05263157894736842,0.4097567602061054,42,19,0.8095238095238095,0.3333333333333333,0.39286878074081405,21,9
14,0.0,0.0,Renal-adjusted associative latent class model,0.816,0.39882293823906495,0.1232876712328767,0.12509453611328364,0.0323349625829144,0.3930075245263503,0.515,146,0.810641627543036,0.21753246753246752,0.3867699806568037,639,308,0.8187919463087249,0.11678832116788321,0.40195084285519933,298,137,0.8571428571428571,0.05263157894736842,0.41027513363670076,42,19,0.8571428571428571,0.2222222222222222,0.42136190966961207,21,9
14,0.0,0.0,Two-nuisance adjusted associative latent model,0.819,0.40645011315268365,0.1232876712328767,0.12485044489762373,0.029234350975934673,0.3923428331479172,0.518,146,0.810641627543036,0.21753246753246752,0.386234401069643,639,308,0.8288590604026845,0.11678832116788321,0.40143684712976335,298,137,0.8571428571428571,0.05263157894736842,0.40997601464013433,42,19,0.8571428571428571,0.2222222222222222,0.4138989430885792,21,9
14,0.0,0.0,Two-path biologically constrained latent SCM,0.829,0.4323953764289721,0.1917808219178082,0.12346363477168257,0.02202071425312412,0.39215126275089485,0.522,146,0.8215962441314554,0.17532467532467533,0.38788384441822554,639,308,0.8422818791946308,0.18248175182481752,0.39954758106990457,298,137,0.8571428571428571,0.05263157894736842,0.4105975312272978,42,19,0.8095238095238095,0.3333333333333333,0.3801528903462201,21,9
14,0.0,0.0,Two-path latent SCM (counterfactual query),0.827,0.4271412690910654,0.1917808219178082,0.14348215030824388,0.11168768892679706,0.12984901224297493,0.526,146,0.8184663536776213,0.18506493506493507,0.12250704337941565,639,308,0.8422818791946308,0.18248175182481752,0.14619126232288412,298,137,0.8571428571428571,0.05263157894736842,0.12733934903604333,42,19,0.8095238095238095,0.3333333333333333,0.12636965199024017,21,9
15,0.0,0.0,Associative latent class model,0.799,0.3569615764834242,0.26993865030674846,0.13883281720118298,0.04885698459078723,0.3633909018460955,0.506,163,0.805993690851735,0.1897590361445783,0.3630424921970643,634,332,0.7869415807560137,0.271523178807947,0.35697797314941726,291,151,0.7777777777777778,0.2857142857142857,0.3683463837643678,54,28,0.8095238095238095,0.25,0.4500317563524026,21,12
15,0.0,0.0,Renal-adjusted associative latent class model,0.768,0.2865833005735795,0.49693251533742333,0.157184766756593,0.0793030022904012,0.336545480950946,0.505,163,0.7965299684542587,0.12951807228915663,0.3427793858692294,634,332,0.7250859106529209,0.47019867549668876,0.3150694068559219,291,151,0.7777777777777778,0.21428571428571427,0.3578315331964361,54,28,0.47619047619047616,0.8333333333333334,0.391202386770179,21,12
15,0.0,0.0,Two-nuisance adjusted associative latent model,0.772,0.29523194051813473,0.48466257668711654,0.15741430029078182,0.0754991144417724,0.33598628173726186,0.505,163,0.7996845425867508,0.12951807228915663,0.3422227557356395,634,332,0.7319587628865979,0.45695364238410596,0.31454036998794715,291,151,0.7777777777777778,0.21428571428571427,0.3573754248612103,54,28,0.47619047619047616,0.8333333333333334,0.38988257104135265,21,12
15,0.0,0.0,Two-path biologically constrained latent SCM,0.795,0.347447990349252,0.32515337423312884,0.14172650975349155,0.05293239005149203,0.35534519157182765,0.508,163,0.8091482649842271,0.1716867469879518,0.35635069912876344,634,332,0.7731958762886598,0.31788079470198677,0.3471131182615154,291,151,0.7777777777777778,0.2857142857142857,0.357532125839813,54,28,0.7142857142857143,0.4166666666666667,0.4334379102257494,21,12
15,0.0,0.0,Two-path latent SCM (counterfactual query),0.801,0.3617664337846011,0.25766871165644173,0.16922996399177417,0.15171589065889923,0.11971057147188585,0.504,163,0.8091482649842271,0.1897590361445783,0.13010595942728398,634,332,0.7903780068728522,0.25165562913907286,0.10041129605981192,291,151,0.7777777777777778,0.2857142857142857,0.076734229112852,54,28,0.7619047619047619,0.3333333333333333,0.1838122699756445,21,12
16,0.0,0.0,Associative latent class model,0.821,0.41157913190755324,0.11258278145695365,0.12603068355782757,0.0357274775363868,0.38254079528731383,0.458,151,0.8297546012269938,0.1441717791411043,0.3767763382363779,652,326,0.8056537102473498,0.10638297872340426,0.39655964336408744,283,141,0.8181818181818182,0.18181818181818182,0.3461431986251508,44,22,0.7619047619047619,0.2,0.44885442598343267,21,10
16,0.0,0.0,Renal-adjusted associative latent class model,0.818,0.40390330511617883,0.17218543046357615,0.1270592522223701,0.03606961695507784,0.3811332049691032,0.459,151,0.8220858895705522,0.12269938650306748,0.37308087435674325,652,326,0.8127208480565371,0.16312056737588654,0.4010743472545915,283,141,0.8181818181818182,0.18181818181818182,0.34307351635113603,44,22,0.7619047619047619,0.3,0.44215237600034124,21,10
16,0.0,0.0,Two-nuisance adjusted associative latent model,0.813,0.39127225854673015,0.2119205298013245,0.12884139010399628,0.04225416312531057,0.3794760327348008,0.452,151,0.8220858895705522,0.10122699386503067,0.37099439874933204,652,326,0.7915194346289752,0.20567375886524822,0.40059132092012106,283,141,0.8181818181818182,0.18181818181818182,0.3425671835257922,44,22,0.8095238095238095,0.3,0.4355897549860561,21,10
16,0.0,0.0,Two-path biologically constrained latent SCM,0.825,0.42192541572243275,0.11920529801324503,0.12601927018793663,0.03690406253839158,0.3831558000857915,0.458,151,0.8297546012269938,0.13496932515337423,0.37636083537149606,652,326,0.8162544169611308,0.11347517730496454,0.3994995956891071,283,141,0.8181818181818182,0.18181818181818182,0.3466737328445289,44,22,0.8095238095238095,0.2,0.45030979039997443,21,10
16,0.0,0.0,Two-path latent SCM (counterfactual query),0.821,0.4115771024076485,0.152317880794702,0.14805686075943403,0.11790823218953873,0.12896513345179697,0.47,151,0.8297546012269938,0.1441717791411043,0.1261184180151262,652,326,0.8056537102473498,0.14184397163120568,0.13103387933016977,283,141,0.8181818181818182,0.18181818181818182,0.14373546992295994,44,22,0.7619047619047619,0.3,0.15852268470887645,21,10
17,0.0,0.0,Associative latent class model,0.831,0.4376815721480215,0.18064516129032257,0.12500195452676421,0.030063826087268833,0.36598806404104983,0.495,155,0.8307453416149069,0.17543859649122806,0.3662617971862811,644,342,0.8368055555555556,0.19718309859154928,0.3646746050766923,288,142,0.8260869565217391,0.058823529411764705,0.35255039734633564,46,17,0.7727272727272727,0.0,0.4032664596848171,22,13
17,0.0,0.0,Renal-adjusted associative latent class model,0.826,0.42452841194894214,0.21935483870967742,0.12510654180116307,0.030716887246935932,0.3648517047611267,0.496,155,0.8307453416149069,0.16666666666666666,0.36470935797801035,644,342,0.8159722222222222,0.23943661971830985,0.36227909437827455,288,142,0.8260869565217391,0.058823529411764705,0.3518595414581278,46,17,0.8181818181818182,0.0,0.42986182433050524,22,13
17,0.0,0.0,Two-nuisance adjusted associative latent model,0.826,0.42452841194894214,0.21935483870967742,0.1253597801349937,0.032666264931791485,0.3641008581284211,0.496,155,0.8307453416149069,0.16666666666666666,0.3642017570779441,644,342,0.8159722222222222,0.23943661971830985,0.361432835710724,288,142,0.8260869565217391,0.058823529411764705,0.3507991735431997,46,17,0.8181818181818182,0.0,0.4238867228431531,22,13
17,0.0,0.0,Two-path biologically constrained latent SCM,0.825,0.421921801311066,0.22580645161290322,0.12492246399156505,0.03188434107893831,0.36457154444770823,0.497,155,0.8307453416149069,0.16666666666666666,0.36420616570936915,644,342,0.8159722222222222,0.23943661971830985,0.3619503833537992,288,142,0.8260869565217391,0.058823529411764705,0.35175701444380597,46,17,0.7727272727272727,0.07692307692307693,0.4363745754802384,22,13
17,0.0,0.0,Two-path latent SCM (counterfactual query),0.827,0.427143102972024,0.2064516129032258,0.14692924437894642,0.12524425609666873,0.1096130406499706,0.487,155,0.8291925465838509,0.15789473684210525,0.1067957390314357,644,342,0.8229166666666666,0.22535211267605634,0.11203514706565151,288,142,0.8260869565217391,0.058823529411764705,0.09272326495592974,46,17,0.8181818181818182,0.0,0.19569055322025503,22,13
18,0.0,0.0,Associative latent class model,0.799,0.35701204972739287,0.06569343065693431,0.14254942079774735,0.13064803820262236,0.35729374986285806,0.347,137,0.7882882882882883,0.05029585798816568,0.34955771213601605,666,338,0.8045977011494253,0.0625,0.3804214496492844,261,128,0.8888888888888888,0.03225806451612903,0.35214057966115936,54,31,0.8421052631578947,0.1111111111111111,0.32540652211081783,19,9
18,0.0,0.0,Renal-adjusted associative latent class model,0.783,0.319734095424329,0.043795620437956206,0.14664309121415722,0.13522950242453327,0.3525550372245911,0.341,137,0.8003003003003003,0.07396449704142012,0.35377283731751097,666,338,0.7126436781609196,0.046875,0.3527576399838329,261,128,0.8888888888888888,0.03225806451612903,0.35086544384544593,54,31,0.8421052631578947,0.0,0.31188681935233253,19,9
18,0.0,0.0,Two-nuisance adjusted associative latent model,0.783,0.319734095424329,0.043795620437956206,0.14653954176460904,0.13474902035276393,0.35244840820250034,0.341,137,0.7987987987987988,0.07396449704142012,0.3535752537172357,666,338,0.7126436781609196,0.046875,0.3527028331798868,261,128,0.9074074074074074,0.03225806451612903,0.3511007655078793,54,31,0.8421052631578947,0.0,0.31328465418133655,19,9
18,0.0,0.0,Two-path biologically constrained latent SCM,0.791,0.3381189029636377,0.058394160583941604,0.14281288429109054,0.1315367401294434,0.35689019235353964,0.341,137,0.7852852852852853,0.05621301775147929,0.35024570679331896,666,338,0.7777777777777778,0.0625,0.3771675478000684,261,128,0.8888888888888888,0.03225806451612903,0.3524316331624236,54,31,0.8947368421052632,0.0,0.32392176118950244,19,9
18,0.0,0.0,Two-path latent SCM (counterfactual query),0.823,0.4167434884863221,0.10218978102189781,0.14518690218726982,0.11665214098496868,0.1511186310909933,0.425,137,0.8063063063063063,0.10946745562130178,0.14258562566650493,666,338,0.842911877394636,0.1015625,0.17350141352193,261,128,0.9259259259259259,0.0967741935483871,0.1476187582939056,54,31,0.8421052631578947,0.1111111111111111,0.1527011852634923,19,9
19,0.0,0.0,Associative latent class model,0.835,0.44831018029579595,0.0967741935483871,0.11501323836786685,0.05303030455714925,0.3816199856296288,0.417,155,0.8369230769230769,0.10434782608695652,0.38857079593815425,650,345,0.8291814946619217,0.09655172413793103,0.37812231624545145,281,145,0.8301886792452831,0.16666666666666666,0.3125515318878497,53,30,0.875,0.1,0.38946038842504177,16,10
19,0.0,0.0,Renal-adjusted associative latent class model,0.846,0.47832143423909923,0.10967741935483871,0.11241270559615506,0.03706081674213753,0.38259711715036665,0.436,155,0.84,0.11014492753623188,0.38817309093001273,650,345,0.8612099644128114,0.1103448275862069,0.38188883957622394,281,145,0.8301886792452831,0.16666666666666666,0.31149794728975877,53,30,0.875,0.1,0.4040283074113895,16,10
19,0.0,0.0,Two-nuisance adjusted associative latent model,0.842,0.4672975102305456,0.10967741935483871,0.11360552684126864,0.035969918505154325,0.38403368791065945,0.43,155,0.8384615384615385,0.10144927536231885,0.3893924775394128,650,345,0.8540925266903915,0.1103448275862069,0.38296256230752357,281,145,0.8113207547169812,0.23333333333333334,0.3125833739250913,53,30,0.875,0.1,0.42182366772482793,16,10
19,0.0,0.0,Two-path biologically constrained latent SCM,0.836,0.4509960973848358,0.10967741935483871,0.11445131624357666,0.04759387649749361,0.38122513780156764,0.416,155,0.8369230769230769,0.09565217391304348,0.38691381100530614,650,345,0.8327402135231317,0.1103448275862069,0.3801769353456793,281,145,0.8301886792452831,0.16666666666666666,0.3121726091098694,53,30,0.875,0.1,0.3972683458224823,16,10
19,0.0,0.0,Two-path latent SCM (counterfactual query),0.848,0.4838934782586947,0.13548387096774195,0.1265317143825134,0.09960643721451029,0.1362090948560668,0.462,155,0.8476923076923077,0.13333333333333333,0.13765066421579641,650,345,0.8469750889679716,0.13793103448275862,0.14352556099572913,281,145,0.8490566037735849,0.16666666666666666,0.09555010542458978,53,30,0.875,0.1,0.08383280553099835,16,10
0,0.0,0.5,Associative latent class model,0.818,0.4038995931294969,0.2013888888888889,0.1303766688467836,0.021209060311912813,0.396881979435665,0.49,144,0.8272727272727273,0.1543026706231454,0.39920636512601065,660,337,0.7984790874524715,0.2074074074074074,0.38784961509131793,263,135,0.7818181818181819,0.32,0.42664352643401404,55,25,0.8636363636363636,0.1111111111111111,0.36072435134593567,22,9
0,0.0,0.5,Renal-adjusted associative latent class model,0.822,0.41414967981730466,0.16666666666666666,0.1302361649977718,0.024859405316605167,0.39458566079022367,0.496,144,0.8333333333333334,0.16913946587537093,0.39733464196635954,660,337,0.7984790874524715,0.17777777777777778,0.3855801487417179,263,135,0.7636363636363637,0.36,0.4190536403186859,55,25,0.9090909090909091,0.0,0.3586030798103107,22,9
0,0.0,0.5,Two-nuisance adjusted associative latent model,0.819,0.40645010630128897,0.1736111111111111,0.13065618289868064,0.020037984682321805,0.3948021704478216,0.491,144,0.8363636363636363,0.16913946587537093,0.396734081879873,660,337,0.7946768060836502,0.18518518518518517,0.3848838721177035,263,135,0.7454545454545455,0.28,0.43700726380648414,55,25,0.7727272727272727,0.0,0.3499008423087602,22,9
0,0.0,0.5,Two-path biologically constrained latent SCM,0.82,0.40900863187398945,0.19444444444444445,0.13053041796465345,0.020204922010399806,0.3968582946702974,0.492,144,0.8318181818181818,0.16023738872403562,0.3986945721854595,660,337,0.7984790874524715,0.2074074074074074,0.3867702650269285,263,135,0.7636363636363637,0.28,0.43899338711339964,55,25,0.8636363636363636,0.0,0.35703004702613295,22,9
0,0.0,0.5,Two-path latent SCM (counterfactual query),0.82,0.40900863187398945,0.19444444444444445,0.15078686798700364,0.12784789100823613,0.12757028438172316,0.492,144,0.8318181818181818,0.16023738872403562,0.12820979784549003,660,337,0.8022813688212928,0.2074074074074074,0.12098317998038625,263,135,0.7454545454545455,0.28,0.14108900253547652,55,25,0.8636363636363636,0.0,0.15333392406395174,22,9
1,0.0,0.5,Associative latent class model,0.812,0.388764983398044,0.20394736842105263,0.12741685697453942,0.04310022236612786,0.34849107408400526,0.481,152,0.8119266055045872,0.14057507987220447,0.3489736016771811,654,313,0.8218181818181818,0.18115942028985507,0.3480053230567697,275,138,0.8431372549019608,0.21428571428571427,0.34946171067649257,51,28,0.6,0.42857142857142855,0.33691637510080147,20,14
1,0.0,0.5,Renal-adjusted associative latent class model,0.807,0.37637344549887386,0.26973684210526316,0.1315492701604668,0.04852433720472186,0.3456489542603589,0.472,152,0.8073394495412844,0.10862619808306709,0.3471540497483742,654,313,0.8109090909090909,0.2536231884057971,0.3423452467351267,275,138,0.8627450980392157,0.14285714285714285,0.3497810433906442,51,28,0.6,0.42857142857142855,0.33132148299197384,20,14
1,0.0,0.5,Two-nuisance adjusted associative latent model,0.808,0.3788360178186692,0.26973684210526316,0.13017007484113474,0.05148098174801221,0.3432548773293427,0.471,152,0.808868501529052,0.11182108626198083,0.34509013261005755,654,313,0.8109090909090909,0.2536231884057971,0.3395745342566994,275,138,0.8627450980392157,0.07142857142857142,0.3432930240003551,51,28,0.6,0.42857142857142855,0.3337494728877306,20,14
1,0.0,0.5,Two-path biologically constrained latent SCM,0.81,0.3837847349425823,0.2236842105263158,0.12719688058819048,0.05172932295887756,0.3456086833225141,0.473,152,0.8073394495412844,0.134185303514377,0.3465055633665831,654,313,0.8218181818181818,0.2028985507246377,0.3437229330462326,275,138,0.8627450980392157,0.07142857142857142,0.34818729157060474,51,28,0.6,0.42857142857142855,0.3356343211476992,20,14
1,0.0,0.5,Two-path latent SCM (counterfactual query),0.818,0.40389951379919264,0.2236842105263158,0.14240624803178595,0.11117348327073667,0.1468201860183251,0.493,152,0.8195718654434251,0.1501597444089457,0.1473046769225249,654,313,0.8218181818181818,0.2028985507246377,0.137597091046487,275,138,0.8627450980392157,0.10714285714285714,0.17050328338095516,51,28,0.6,0.42857142857142855,0.19740299103905926,20,14
2,0.0,0.5,Associative latent class model,0.828,0.4297660215137347,0.17647058823529413,0.12308640195530597,0.022201161792272765,0.3702793161303359,0.537,153,0.8294573643410853,0.20967741935483872,0.3688557252250387,645,310,0.8231046931407943,0.18115942028985507,0.37168217524289265,277,138,0.8235294117647058,0.22727272727272727,0.40019336522729754,51,22,0.8518518518518519,0.13333333333333333,0.3333907107893516,27,15
2,0.0,0.5,Renal-adjusted associative latent class model,0.808,0.3788348286107412,0.0784313725490196,0.13581409867040667,0.04594070360185618,0.3510565621914207,0.515,153,0.8186046511627907,0.25483870967741934,0.35323342723631623,645,310,0.7725631768953068,0.07971014492753623,0.34674894859193967,277,138,0.8431372549019608,0.22727272727272727,0.3826083521757623,51,22,0.8518518518518519,0.06666666666666667,0.28364877418761164,27,15
2,0.0,0.5,Two-nuisance adjusted associative latent model,0.804,0.36903297006283947,0.05228758169934641,0.14086908532462933,0.05261845726949224,0.34380354710004146,0.501,153,0.8186046511627907,0.25483870967741934,0.34819027888817755,645,310,0.7581227436823105,0.050724637681159424,0.33429745141661793,277,138,0.8431372549019608,0.18181818181818182,0.3815164432678376,51,22,0.8518518518518519,0.06666666666666667,0.26529942844830035,27,15
2,0.0,0.5,Two-path biologically constrained latent SCM,0.827,0.42714345310529284,0.1895424836601307,0.12339906831437918,0.027121671553134215,0.36757196864493646,0.54,153,0.8294573643410853,0.2129032258064516,0.3660359921093803,645,310,0.8231046931407943,0.1956521739130435,0.36925822119067975,277,138,0.803921568627451,0.18181818181818182,0.4021741758261237,51,22,0.8518518518518519,0.13333333333333333,0.3216053147198346,27,15
2,0.0,0.5,Two-path latent SCM (counterfactual query),0.831,0.43768185612408944,0.17647058823529413,0.14222199491313875,0.11833290221473684,0.13034558527148205,0.532,153,0.8310077519379845,0.2064516129032258,0.12398277955412838,645,310,0.8231046931407943,0.18840579710144928,0.13871440518026307,277,138,0.8431372549019608,0.09090909090909091,0.16874807820815224,51,22,0.8888888888888888,0.06666666666666667,0.12395000872298555,27,15
3,0.0,0.5,Associative latent class model,0.802,0.36418198482102665,0.18072289156626506,0.137268706510627,0.032001919801151656,0.3945438650008417,0.469,166,0.7987421383647799,0.15555555555555556,0.3978481068577394,636,315,0.8104575163398693,0.17721518987341772,0.3900237491036396,306,158,0.8048780487804879,0.2222222222222222,0.3448784555124763,41,18,0.7647058823529411,0.25,0.4720697139761297,17,8
3,0.0,0.5,Renal-adjusted associative latent class model,0.801,0.3617696231393251,0.1144578313253012,0.13749076148086872,0.04576119402110821,0.3911073706306148,0.458,166,0.8018867924528302,0.1746031746031746,0.39728140007740753,636,315,0.8006535947712419,0.11392405063291139,0.3808309974816002,306,158,0.8048780487804879,0.2222222222222222,0.34174939505809016,41,18,0.7647058823529411,0.125,0.4641405738019002,17,8
3,0.0,0.5,Two-nuisance adjusted associative latent model,0.801,0.36176659635344344,0.0783132530120482,0.13902072755330538,0.03158104454221003,0.3895044367426052,0.476,166,0.7955974842767296,0.2222222222222222,0.39697318049229713,636,315,0.8137254901960784,0.08227848101265822,0.378225572000748,306,158,0.8048780487804879,0.2222222222222222,0.3433251351226325,41,18,0.7647058823529411,0.0,0.424478728073378,17,8
3,0.0,0.5,Two-path biologically constrained latent SCM,0.805,0.3714731023648815,0.14457831325301204,0.13631926134258904,0.030431954415163963,0.39484581042594197,0.47,166,0.8018867924528302,0.17777777777777778,0.39929401106785306,636,315,0.8169934640522876,0.14556962025316456,0.3888580037774151,306,158,0.8048780487804879,0.1111111111111111,0.34544575660339044,41,18,0.7058823529411765,0.125,0.45535260059761695,17,8
3,0.0,0.5,Two-path latent SCM (counterfactual query),0.8,0.35935964323336467,0.16265060240963855,0.16719769155616068,0.13790381800810497,0.12948779788341033,0.481,166,0.7987421383647799,0.19047619047619047,0.13357881220176052,636,315,0.8104575163398693,0.16455696202531644,0.12016758321135253,306,158,0.7804878048780488,0.16666666666666666,0.13712312958570344,41,18,0.7058823529411765,0.125,0.12578497337664502,17,8
4,0.0,0.5,Associative latent class model,0.803,0.36660242658172026,0.2080536912751678,0.1338638606660588,0.03422784810886143,0.3856785785872873,0.513,149,0.8177641653905053,0.19696969696969696,0.3877015199998736,653,330,0.7732342007434945,0.21014492753623187,0.3812345308419688,269,138,0.7543859649122807,0.4444444444444444,0.38991945937084543,57,27,0.8571428571428571,0.18181818181818182,0.368189906987721,21,11
4,0.0,0.5,Renal-adjusted associative latent class model,0.798,0.3545720099123495,0.2684563758389262,0.1414062177753318,0.05388781404060641,0.37385249369340945,0.47,149,0.7932618683001531,0.12424242424242424,0.3731183449539162,653,330,0.8066914498141264,0.26811594202898553,0.3712293059813924,269,138,0.7894736842105263,0.2962962962962963,0.4055983829844475,57,27,0.8571428571428571,0.2727272727272727,0.3441153952092422,21,11
4,0.0,0.5,Two-nuisance adjusted associative latent model,0.795,0.347449325808104,0.2684563758389262,0.14095007930395628,0.05254200303841114,0.37294864175383247,0.467,149,0.7947932618683001,0.12424242424242424,0.3718827659363747,653,330,0.8066914498141264,0.26811594202898553,0.3701641711625394,269,138,0.7192982456140351,0.2962962962962963,0.40807024933952774,57,27,0.8571428571428571,0.2727272727272727,0.3464299686811251,21,11
4,0.0,0.5,Two-path biologically constrained latent SCM,0.809,0.38130525223895523,0.2080536912751678,0.13200034412542663,0.036194586442559434,0.38470009132642285,0.515,149,0.8208269525267994,0.19090909090909092,0.38566101072696635,653,330,0.7881040892193308,0.21014492753623187,0.37978452975512605,269,138,0.7543859649122807,0.4444444444444444,0.4045368650070266,57,27,0.8571428571428571,0.18181818181818182,0.36394340534211495,21,11
4,0.0,0.5,Two-path latent SCM (counterfactual query),0.803,0.3666021658098628,0.2080536912751678,0.15675460797349175,0.1357862266146313,0.13713272848529218,0.507,149,0.8177641653905053,0.19090909090909092,0.13665354480966957,653,330,0.7695167286245354,0.21014492753623187,0.1339096544916044,269,138,0.7719298245614035,0.4074074074074074,0.161279398544291,57,27,0.8571428571428571,0.18181818181818182,0.1277781404434182,21,11
5,0.0,0.5,Associative latent class model,0.805,0.3714710947474938,0.2642857142857143,0.13341362397749015,0.03492041763499741,0.3612231511198381,0.507,140,0.8025078369905956,0.16666666666666666,0.35653326301457183,638,324,0.8083623693379791,0.25384615384615383,0.36475673400752234,287,130,0.8275862068965517,0.21428571428571427,0.403686764983728,58,28,0.7647058823529411,0.4,0.3327008404309508,17,10
5,0.0,0.5,Renal-adjusted associative latent class model,0.797,0.3521877535442547,0.32142857142857145,0.13721674668817685,0.049544044742925106,0.35012275216206445,0.495,140,0.7978056426332288,0.13580246913580246,0.3486312873950494,638,324,0.7979094076655052,0.3153846153846154,0.3456806846502532,287,130,0.7931034482758621,0.21428571428571427,0.39911066607820844,58,28,0.7647058823529411,0.4,0.3139538633449488,17,10
5,0.0,0.5,Two-nuisance adjusted associative latent model,0.796,0.3498133989039695,0.3357142857142857,0.13750309162602709,0.05169739532221867,0.34688542967482816,0.494,140,0.7978056426332288,0.1388888888888889,0.345741962316665,638,324,0.7909407665505227,0.33076923076923076,0.34201573744413766,287,130,0.8103448275862069,0.10714285714285714,0.391477874899292,58,28,0.7647058823529411,0.4,0.3198720191864397,17,10
5,0.0,0.5,Two-path biologically constrained latent SCM,0.795,0.34744696292141813,0.2857142857142857,0.13470002177398419,0.04976763184370092,0.35296336158457403,0.501,140,0.7915360501567398,0.1728395061728395,0.3494627017382413,638,324,0.7979094076655052,0.2923076923076923,0.3536878266310391,287,130,0.8103448275862069,0.10714285714285714,0.3925773104935008,58,28,0.8235294117647058,0.2,0.33695691904969577,17,10
5,0.0,0.5,Two-path latent SCM (counterfactual query),0.807,0.3763719985858697,0.22142857142857142,0.1570857975211744,0.12766259052789367,0.1366758050424924,0.507,140,0.8040752351097179,0.18518518518518517,0.13344300373505028,638,324,0.8118466898954704,0.2230769230769231,0.1358923702709734,287,130,0.8103448275862069,0.17857142857142858,0.1739402705920759,58,28,0.8235294117647058,0.2,0.14408957043650375,17,10
6,0.0,0.5,Associative latent class model,0.788,0.33113629499243213,0.10256410256410256,0.15156230250233962,0.11574438488659188,0.40440934449184424,0.378,156,0.7814029363784666,0.07766990291262135,0.4052348594340554,613,309,0.7980456026058632,0.09090909090909091,0.39977334160181666,307,143,0.7924528301886793,0.037037037037037035,0.42637807618646073,53,27,0.8148148148148148,0.23076923076923078,0.3952563610788205,27,13
6,0.0,0.5,Renal-adjusted associative latent class model,0.777,0.3062594072368395,0.1282051282051282,0.15469939077008346,0.1186371304693159,0.39817846047526284,0.365,156,0.7569331158238173,0.06472491909385113,0.39572754251494546,613,309,0.8110749185667753,0.11888111888111888,0.4011771670626087,307,143,0.7924528301886793,0.0,0.41283810551999417,53,27,0.8148148148148148,0.23076923076923078,0.39095063084521015,27,13
6,0.0,0.5,Two-nuisance adjusted associative latent model,0.783,0.319709981300911,0.11538461538461539,0.15442127553367072,0.11843251715245051,0.3980932740197327,0.369,156,0.7618270799347472,0.06796116504854369,0.39756264269475505,613,309,0.8175895765472313,0.11888111888111888,0.40181737365123626,307,143,0.7735849056603774,0.0,0.3853787295244916,53,27,0.8888888888888888,0.07692307692307693,0.39275435822667654,27,13
6,0.0,0.5,Two-path biologically constrained latent SCM,0.785,0.32425520553467946,0.10897435897435898,0.15159843595078284,0.11485773603649824,0.4027459029065009,0.375,156,0.7716150081566069,0.07766990291262135,0.4038729441312743,613,309,0.8045602605863192,0.11188811188811189,0.4021013094096592,307,143,0.7735849056603774,0.0,0.3979680741490529,53,27,0.8888888888888888,0.07692307692307693,0.393865860569062,27,13
6,0.0,0.5,Two-path latent SCM (counterfactual query),0.813,0.3912695743996248,0.14102564102564102,0.1633544332881079,0.13893717787389728,0.11587372180498615,0.461,156,0.799347471451876,0.15210355987055016,0.12125178837211902,613,309,0.8403908794788274,0.13286713286713286,0.10383898553329746,307,143,0.8113207547169812,0.037037037037037035,0.1394677272192552,53,27,0.8148148148148148,0.23076923076923078,0.0842969419086797,27,13
7,0.0,0.5,Associative latent class model,0.808,0.37883962983954095,0.14193548387096774,0.13669616479768143,0.04856835059699912,0.37125062796243813,0.45,155,0.8107692307692308,0.14114114114114115,0.3708324949421935,650,333,0.815068493150685,0.1360544217687075,0.36774984646867376,292,147,0.717948717948718,0.2777777777777778,0.38488878366921453,39,18,0.7894736842105263,0.25,0.4113625535821173,19,8
7,0.0,0.5,Renal-adjusted associative latent class model,0.81,0.38378854058571416,0.16774193548387098,0.13724892160673408,0.05511085925627675,0.3689472207555177,0.45,155,0.8092307692307692,0.12612612612612611,0.36651049800155744,650,333,0.8253424657534246,0.16326530612244897,0.3695679038714541,292,147,0.717948717948718,0.2777777777777778,0.38497157782295893,39,18,0.7894736842105263,0.25,0.4098777678392292,19,8
7,0.0,0.5,Two-nuisance adjusted associative latent model,0.811,0.3862770734521988,0.16129032258064516,0.13858238472194262,0.06628060408619754,0.3690942844258287,0.441,155,0.8076923076923077,0.11711711711711711,0.36655078731131235,650,333,0.8287671232876712,0.16326530612244897,0.37098194819838604,292,147,0.7435897435897436,0.2222222222222222,0.38044873269820256,39,18,0.7894736842105263,0.125,0.4037917486482654,19,8
7,0.0,0.5,Two-path biologically constrained latent SCM,0.811,0.38627439515159473,0.13548387096774195,0.13658627157716366,0.054312550955230576,0.37073327390544386,0.453,155,0.8123076923076923,0.14714714714714713,0.3704474488489098,650,333,0.8184931506849316,0.1360544217687075,0.367698773551825,292,147,0.7435897435897436,0.2222222222222222,0.3852251343201992,39,18,0.7894736842105263,0.125,0.39740052831746453,19,8
7,0.0,0.5,Two-path latent SCM (counterfactual query),0.808,0.37883881149731014,0.13548387096774195,0.1622627659800509,0.1323582504241081,0.1353589576632491,0.454,155,0.8107692307692308,0.15015015015015015,0.13991662017833256,650,333,0.815068493150685,0.1360544217687075,0.12897689212182825,292,147,0.717948717948718,0.2777777777777778,0.1269181323323902,39,18,0.7894736842105263,0.125,0.09484709930504605,19,8
8,0.0,0.5,Associative latent class model,0.834,0.4456695804081201,0.2119205298013245,0.12135769287426933,0.03258354880232941,0.36282057947011903,0.508,151,0.8520249221183801,0.16012084592145015,0.36287547735870385,642,331,0.7978339350180506,0.22377622377622378,0.36934170885906314,277,143,0.7966101694915254,0.28125,0.34358697891487083,59,32,0.8636363636363636,0.0,0.3306926316315124,22,8
8,0.0,0.5,Renal-adjusted associative latent class model,0.841,0.4645884954206423,0.2119205298013245,0.1211084330429783,0.03300890778768049,0.36225769088990206,0.507,151,0.8535825545171339,0.1540785498489426,0.3622646093237945,642,331,0.8086642599277978,0.22377622377622378,0.3686789870254469,277,143,0.8305084745762712,0.21875,0.34370884501845306,59,32,0.9090909090909091,0.0,0.3309504746312912,22,8
8,0.0,0.5,Two-nuisance adjusted associative latent model,0.837,0.4537296233220595,0.2119205298013245,0.1212047089430001,0.02451623812467478,0.360709883602154,0.505,151,0.8520249221183801,0.15709969788519637,0.36104306181177176,642,331,0.8050541516245487,0.22377622377622378,0.3676380232842401,277,143,0.8135593220338984,0.21875,0.3407874936334371,59,32,0.8636363636363636,0.0,0.317183788404056,22,8
8,0.0,0.5,Two-path biologically constrained latent SCM,0.833,0.442998882785688,0.18543046357615894,0.12168874761663903,0.030043373449000366,0.3619492816705581,0.503,151,0.8473520249221184,0.17220543806646527,0.3621149192139508,642,331,0.8014440433212996,0.1958041958041958,0.36905457879148557,277,143,0.8135593220338984,0.21875,0.34322793213718394,59,32,0.8636363636363636,0.0,0.3178607824484709,22,8
8,0.0,0.5,Two-path latent SCM (counterfactual query),0.836,0.45103492382516325,0.1986754966887417,0.13530611328725256,0.10550412345680081,0.13229235065430914,0.504,151,0.8520249221183801,0.16314199395770393,0.12529495472245217,642,331,0.8014440433212996,0.2097902097902098,0.1520485201743368,277,143,0.8135593220338984,0.21875,0.1198339469646465,59,32,0.8636363636363636,0.0,0.12115212560406298,22,8
9,0.0,0.5,Associative latent class model,0.83,0.4350366572367713,0.14545454545454545,0.12103662960451499,0.03413763922692253,0.403213009663864,0.462,165,0.8356589147286821,0.13109756097560976,0.40066015595251964,645,328,0.8197278911564626,0.14,0.3984646764633744,294,150,0.7941176470588235,0.23529411764705882,0.4337171136751433,34,17,0.8518518518518519,0.2,0.4774893455296993,27,15
9,0.0,0.5,Renal-adjusted associative latent class model,0.824,0.4193247839702188,0.1696969696969697,0.12210361999799689,0.02613534886441872,0.4013476419541364,0.464,165,0.827906976744186,0.13109756097560976,0.39786983154453165,645,328,0.8129251700680272,0.16666666666666666,0.39879946306486724,294,150,0.7941176470588235,0.23529411764705882,0.43440284119818123,34,17,0.8888888888888888,0.2,0.47055043948534525,27,15
9,0.0,0.5,Two-nuisance adjusted associative latent model,0.827,0.4271444863100358,0.15151515151515152,0.12074003792726799,0.02939067868536669,0.39849982716914367,0.465,165,0.8356589147286821,0.13719512195121952,0.3953829283101341,645,328,0.8197278911564626,0.14666666666666667,0.39404192325237547,294,150,0.7647058823529411,0.23529411764705882,0.4352059325703195,34,17,0.7777777777777778,0.2,0.4752781950191824,27,15
9,0.0,0.5,Two-path biologically constrained latent SCM,0.828,0.42976700816393715,0.16363636363636364,0.12113547081184861,0.02725868333148985,0.40044312352914013,0.466,165,0.8372093023255814,0.13414634146341464,0.39663691739066076,645,328,0.8197278911564626,0.16,0.3975624115598862,294,150,0.7647058823529411,0.17647058823529413,0.43723748578511346,34,17,0.7777777777777778,0.2,0.47640327025420254,27,15
9,0.0,0.5,Two-path latent SCM (counterfactual query),0.829,0.43239720309679763,0.15757575757575756,0.1417720498289245,0.11876989587024714,0.11494007984539485,0.471,165,0.8356589147286821,0.14329268292682926,0.10968366085859563,645,328,0.8231292517006803,0.15333333333333332,0.11303675976390114,294,150,0.7941176470588235,0.17647058823529413,0.16093599627659108,34,17,0.7777777777777778,0.2,0.20331434620776487,27,15
10,0.0,0.5,Associative latent class model,0.831,0.43768227240544116,0.10948905109489052,0.11690673143459324,0.030557841430516222,0.36169584778800784,0.476,137,0.8291233283803864,0.16285714285714287,0.364537305294291,673,350,0.8555555555555555,0.09230769230769231,0.3538632944402424,270,130,0.782608695652174,0.2,0.35323968707307346,46,20,0.5454545454545454,0.42857142857142855,0.41546602006573913,11,7
10,0.0,0.5,Renal-adjusted associative latent class model,0.824,0.4193260009934741,0.2773722627737226,0.12253522178135193,0.03143451271161327,0.34596979891340063,0.459,137,0.8187221396731055,0.09142857142857143,0.3505393240259466,673,350,0.8444444444444444,0.2692307692307692,0.33350380606812347,270,130,0.8043478260869565,0.05,0.345363320656527,46,20,0.7272727272727273,0.42857142857142855,0.37491758684954296,11,7
10,0.0,0.5,Two-nuisance adjusted associative latent model,0.821,0.4115770432023709,0.291970802919708,0.12284401490113914,0.03655303623181767,0.34651666641456114,0.468,137,0.8187221396731055,0.10285714285714286,0.35289988719422044,673,350,0.837037037037037,0.2846153846153846,0.33165995859439895,270,130,0.782608695652174,0.05,0.3267182687183811,46,20,0.7272727272727273,0.42857142857142855,0.4034375592106853,11,7
10,0.0,0.5,Two-path biologically constrained latent SCM,0.833,0.4429994190060383,0.11678832116788321,0.11629893931230918,0.020063357742817846,0.361618215363911,0.478,137,0.826151560178306,0.16857142857142857,0.36453944111363823,673,350,0.8629629629629629,0.1,0.35440530654599783,270,130,0.8260869565217391,0.05,0.3489574013227518,46,20,0.5454545454545454,0.42857142857142855,0.41288166056058717,11,7
10,0.0,0.5,Two-path latent SCM (counterfactual query),0.837,0.453730303594776,0.1386861313868613,0.13262855648874486,0.10397638174643084,0.12588114733559272,0.476,137,0.826151560178306,0.15142857142857144,0.1279231120286418,673,350,0.8814814814814815,0.12307692307692308,0.11602864992832566,270,130,0.8043478260869565,0.05,0.14516174273018953,46,20,0.5454545454545454,0.42857142857142855,0.16215611764365165,11,7
11,0.0,0.5,Associative latent class model,0.845,0.47557542983823864,0.11643835616438356,0.11123450829164297,0.023626283136790667,0.33039518103520127,0.487,146,0.8403614457831325,0.14925373134328357,0.33620074040701153,664,335,0.8671586715867159,0.11194029850746269,0.31584291503698037,271,134,0.7608695652173914,0.28,0.3119477948130436,46,25,0.8947368421052632,0.16666666666666666,0.37972951939599986,19,12
11,0.0,0.5,Renal-adjusted associative latent class model,0.845,0.47557534347533414,0.10273972602739725,0.11114729849930194,0.018871537317870418,0.33019276633602074,0.489,146,0.8403614457831325,0.1582089552238806,0.3361122460161424,664,335,0.8634686346863468,0.1044776119402985,0.3152750993987076,271,134,0.7608695652173914,0.28,0.31198581465136427,46,25,0.9473684210526315,0.08333333333333333,0.3801755563310329,19,12
11,0.0,0.5,Two-nuisance adjusted associative latent model,0.842,0.467323458561115,0.10273972602739725,0.11084159665231255,0.02757510033118174,0.3303510052173506,0.482,146,0.8373493975903614,0.15522388059701492,0.3366692473989377,664,335,0.8671586715867159,0.1044776119402985,0.3160730763082698,271,134,0.7391304347826086,0.24,0.30494705407990746,46,25,0.8947368421052632,0.08333333333333333,0.3746977251178478,19,12
11,0.0,0.5,Two-path biologically constrained latent SCM,0.844,0.4728172400501224,0.0684931506849315,0.11151841747266857,0.024508193344927307,0.3297734201128379,0.478,146,0.838855421686747,0.16119402985074627,0.3364506436891724,664,335,0.8671586715867159,0.06716417910447761,0.3142593660845919,271,134,0.7608695652173914,0.24,0.30636746620757227,46,25,0.8947368421052632,0.08333333333333333,0.3743684762502459,19,12
11,0.0,0.5,Two-path latent SCM (counterfactual query),0.845,0.47557542983823864,0.10273972602739725,0.12720316250094146,0.09212347283393031,0.1321412397995781,0.487,146,0.8373493975903614,0.1582089552238806,0.13593520889464825,664,335,0.8745387453874539,0.1044776119402985,0.12350201763411835,271,134,0.7608695652173914,0.24,0.08788139877408094,46,25,0.8947368421052632,0.08333333333333333,0.22992999847778134,19,12
12,0.0,0.5,Associative latent class model,0.826,0.42452843586270733,0.19254658385093168,0.12419972091818508,0.01925545133711872,0.3869142832776672,0.486,161,0.8318042813455657,0.15,0.37604145041650006,654,320,0.8095238095238095,0.19333333333333333,0.4065990228376835,273,150,0.8269230769230769,0.18518518518518517,0.415762814719119,52,27,0.8571428571428571,0.18181818181818182,0.3981892907235399,21,11
12,0.0,0.5,Renal-adjusted associative latent class model,0.83,0.4350351597030634,0.15527950310559005,0.12383258746812939,0.0201072841843565,0.38592310870295443,0.482,161,0.8333333333333334,0.153125,0.3760251017571299,654,320,0.8241758241758241,0.15333333333333332,0.4031972304008007,273,150,0.8076923076923077,0.2222222222222222,0.4139067909187739,52,27,0.8571428571428571,0.18181818181818182,0.40031881555222154,21,11
12,0.0,0.5,Two-nuisance adjusted associative latent model,0.831,0.43768186780767004,0.15527950310559005,0.12387490323766874,0.02116619794505648,0.3825982868378195,0.481,161,0.8348623853211009,0.153125,0.3723835963386997,654,320,0.8168498168498168,0.16,0.4000149360278272,273,150,0.8269230769230769,0.18518518518518517,0.41341211362134184,52,27,0.9047619047619048,0.09090909090909091,0.39799558992396744,21,11
12,0.0,0.5,Two-path biologically constrained latent SCM,0.828,0.4297656739432755,0.18633540372670807,0.12411339215655327,0.0219785936224302,0.38187956446220345,0.486,161,0.8333333333333334,0.153125,0.3708219662628204,654,320,0.8095238095238095,0.19333333333333333,0.40067998683553696,273,150,0.8269230769230769,0.14814814814814814,0.41680444084985246,52,27,0.9047619047619048,0.09090909090909091,0.39535862838214414,21,11
12,0.0,0.5,Two-path latent SCM (counterfactual query),0.826,0.424528538824729,0.18633540372670807,0.14585520414417893,0.11830945508135138,0.12053574955704838,0.484,161,0.8333333333333334,0.153125,0.11256465202559764,654,320,0.8058608058608059,0.19333333333333333,0.13298821646792255,273,150,0.8269230769230769,0.14814814814814814,0.1216947442266215,52,27,0.8571428571428571,0.09090909090909091,0.20402653984668428,21,11
13,0.0,0.5,Associative latent class model,0.829,0.4323965479088294,0.21333333333333335,0.12040347751679456,0.02747477877661011,0.4045286275247249,0.505,150,0.8297872340425532,0.16715542521994134,0.3992247024732601,658,341,0.8315018315018315,0.20863309352517986,0.4227682598950796,273,139,0.7916666666666666,0.2962962962962963,0.39019018204914624,48,27,0.8571428571428571,0.2727272727272727,0.36637664798114494,21,11
13,0.0,0.5,Renal-adjusted associative latent class model,0.813,0.3912674470908309,0.30666666666666664,0.12408624400043691,0.03169683031362428,0.3985014628107513,0.499,150,0.8221884498480243,0.14076246334310852,0.39387600119855654,658,341,0.7948717948717948,0.30935251798561153,0.4157779505050996,273,139,0.7708333333333334,0.2962962962962963,0.3854859979820193,48,27,0.8571428571428571,0.2727272727272727,0.3485878871939021,21,11
13,0.0,0.5,Two-nuisance adjusted associative latent model,0.814,0.39377794607165467,0.30666666666666664,0.12383897090781351,0.02468720143260808,0.396778996259965,0.496,150,0.8206686930091185,0.14076246334310852,0.3920978694909497,658,341,0.7948717948717948,0.30935251798561153,0.41382702171612246,273,139,0.8125,0.2222222222222222,0.3829573391081371,48,27,0.8571428571428571,0.2727272727272727,0.3534223299632406,21,11
13,0.0,0.5,Two-path biologically constrained latent SCM,0.832,0.4403364996726754,0.20666666666666667,0.11954706146053036,0.03280498760696229,0.40250928585926316,0.502,150,0.8297872340425532,0.17008797653958943,0.3968850299757754,658,341,0.8278388278388278,0.2158273381294964,0.4201193445528507,273,139,0.8333333333333334,0.18518518518518517,0.3881286144350639,48,27,0.9523809523809523,0.09090909090909091,0.38267531330436616,21,11
13,0.0,0.5,Two-path latent SCM (counterfactual query),0.837,0.4537298911014803,0.16666666666666666,0.13532245799136505,0.1071362190661854,0.12577943629332858,0.501,150,0.831306990881459,0.17888563049853373,0.11781108171123937,658,341,0.8388278388278388,0.17985611510791366,0.14442313196917508,273,139,0.8333333333333334,0.18518518518518517,0.15043631902201413,48,27,1.0,0.0,0.07672791365198102,21,11
14,0.0,0.5,Associative latent class model,0.833,0.4429989753348509,0.18666666666666668,0.12037119444783714,0.017903124660446,0.35389215129997054,0.485,150,0.8348765432098766,0.15223880597014924,0.3514947766811532,648,335,0.823321554770318,0.18115942028985507,0.3492815852902911,283,138,0.8888888888888888,0.1111111111111111,0.3979590365388556,45,27,0.7916666666666666,0.25,0.3903621137159332,24,12
14,0.0,0.5,Renal-adjusted associative latent class model,0.835,0.44834822741401925,0.26666666666666666,0.12259694514432175,0.02524306830990048,0.34622719140224023,0.489,150,0.8487654320987654,0.11940298507462686,0.34480782992908554,648,335,0.8091872791519434,0.2608695652173913,0.340389734907424,283,138,0.8444444444444444,0.1111111111111111,0.38624293301592383,45,27,0.75,0.3333333333333333,0.3783537768198005,24,12
14,0.0,0.5,Two-nuisance adjusted associative latent model,0.827,0.4271429786196899,0.26,0.12268125823308104,0.022328376796901105,0.34332788068783926,0.491,150,0.8395061728395061,0.14029850746268657,0.3436563118199629,648,335,0.8091872791519434,0.2608695652173913,0.33942834733924976,283,138,0.8,0.07407407407407407,0.34454374554472755,45,27,0.75,0.25,0.37816249091595067,24,12
14,0.0,0.5,Two-path biologically constrained latent SCM,0.824,0.419323175303247,0.24666666666666667,0.12150661215443873,0.026165686995129056,0.3459823266488686,0.49,150,0.8348765432098766,0.14925373134328357,0.3454237252705948,648,335,0.8021201413427562,0.2536231884057971,0.3426747592377138,283,138,0.8222222222222222,0.07407407407407407,0.3572847562658711,45,27,0.7916666666666666,0.16666666666666666,0.3788742407202501,24,12
14,0.0,0.5,Two-path latent SCM (counterfactual query),0.828,0.42976591112388884,0.18,0.14192960615517342,0.11542310024371946,0.12392533149080172,0.48,150,0.8333333333333334,0.1582089552238806,0.12348857722486471,648,335,0.8162544169611308,0.18115942028985507,0.12658193335589135,283,138,0.8444444444444444,0.07407407407407407,0.12399211259908953,45,27,0.7916666666666666,0.16666666666666666,0.10426671843387879,24,12
15,0.0,0.5,Associative latent class model,0.807,0.3763872955719004,0.06060606060606061,0.13120653487161202,0.09724750510955565,0.35347808304865197,0.399,132,0.8125,0.08814589665653495,0.3522565487591911,640,329,0.7916666666666666,0.04838709677419355,0.36105131132097834,288,124,0.8461538461538461,0.13793103448275862,0.3095002539605441,52,29,0.75,0.25,0.3978550488189818,20,8
15,0.0,0.5,Renal-adjusted associative latent class model,0.812,0.38877683830869936,0.06818181818181818,0.12758039377626262,0.08434617157216395,0.35644681125028965,0.408,132,0.8171875,0.0911854103343465,0.35502756607178043,640,329,0.7986111111111112,0.056451612903225805,0.36493677402456015,288,124,0.8461538461538461,0.13793103448275862,0.31189674092926506,52,29,0.75,0.25,0.3954373758477537,20,8
15,0.0,0.5,Two-nuisance adjusted associative latent model,0.812,0.38877476876016875,0.06818181818181818,0.12621767693796943,0.07824228742723927,0.35570457710532005,0.416,132,0.81875,0.1033434650455927,0.3547540240811605,640,329,0.8020833333333334,0.056451612903225805,0.36353075750054153,288,124,0.8269230769230769,0.13793103448275862,0.3079322844475009,52,29,0.7,0.25,0.39763323709756043,20,8
15,0.0,0.5,Two-path biologically constrained latent SCM,0.811,0.3862795845444049,0.08333333333333333,0.12375332283931365,0.07405750047391256,0.3563256393913638,0.419,132,0.8125,0.1033434650455927,0.3542890067738348,640,329,0.8125,0.07258064516129033,0.3669454510594996,288,124,0.8269230769230769,0.13793103448275862,0.30696293988999784,52,29,0.7,0.25,0.3969156138346879,20,8
15,0.0,0.5,Two-path latent SCM (counterfactual query),0.826,0.42453221797679214,0.09848484848484848,0.13652375030463093,0.11170396163873691,0.14283785086952416,0.446,132,0.83125,0.11550151975683891,0.1398338390432492,640,329,0.8194444444444444,0.08870967741935484,0.15808438008707323,288,124,0.8269230769230769,0.13793103448275862,0.08287085748275945,52,29,0.75,0.25,0.17533039138320497,20,8
16,0.0,0.5,Associative latent class model,0.828,0.4297667238115619,0.14393939393939395,0.1225101566821354,0.03321467784317214,0.4136416938911468,0.526,132,0.8320726172465961,0.21005917159763313,0.41211705878238947,661,338,0.8382352941176471,0.12698412698412698,0.427866710472693,272,126,0.78,0.2857142857142857,0.3680225699884901,50,28,0.6470588235294118,0.5,0.37949672282296054,17,6
16,0.0,0.5,Renal-adjusted associative latent class model,0.829,0.43239723585615636,0.21212121212121213,0.12083947404846726,0.027586055876273784,0.4124625745438024,0.525,132,0.8320726172465961,0.1804733727810651,0.41116863985024316,661,338,0.8419117647058824,0.1984126984126984,0.4261484746777126,272,126,0.78,0.2857142857142857,0.3683672836886716,50,28,0.6470588235294118,0.5,0.3734914297658964,17,6
16,0.0,0.5,Two-nuisance adjusted associative latent model,0.829,0.43239723585615636,0.21212121212121213,0.1207711643377465,0.02397195191715836,0.41171621682134335,0.525,132,0.8320726172465961,0.1804733727810651,0.41037590595897666,661,338,0.8419117647058824,0.1984126984126984,0.4253662157247041,272,126,0.78,0.2857142857142857,0.3680448744276978,50,28,0.6470588235294118,0.5,0.37387579905619756,17,6
16,0.0,0.5,Two-path biologically constrained latent SCM,0.831,0.43768176817267507,0.18181818181818182,0.12075552034355698,0.026044555283823954,0.41235727751906387,0.517,132,0.8350983358547656,0.1804733727810651,0.4108121671396294,661,338,0.8419117647058824,0.16666666666666666,0.4262703945802634,272,126,0.78,0.25,0.3690601089991324,50,28,0.6470588235294118,0.5,0.3771695449400355,17,6
16,0.0,0.5,Two-path latent SCM (counterfactual query),0.83,0.43503504840397184,0.18181818181818182,0.14788792833778935,0.12835259845005872,0.0986188253862038,0.516,132,0.8350983358547656,0.1804733727810651,0.09224609396180705,661,338,0.8382352941176471,0.16666666666666666,0.10891329622535775,272,126,0.78,0.25,0.12197568814194294,50,28,0.6470588235294118,0.5,0.112997429238522,17,6
17,0.0,0.5,Associative latent class model,0.84,0.4618616878546355,0.16049382716049382,0.11954993473905537,0.02754089527463388,0.39385784700865667,0.487,162,0.8450704225352113,0.1282051282051282,0.39136827024240817,639,312,0.826530612244898,0.16129032258064516,0.4021041587675672,294,155,0.8301886792452831,0.2962962962962963,0.3810230471434468,53,27,0.9285714285714286,0.14285714285714285,0.38290558196360086,14,7
17,0.0,0.5,Renal-adjusted associative latent class model,0.837,0.4537298911014803,0.08024691358024691,0.1211743626546745,0.02140263015584233,0.38658381948031767,0.482,162,0.8403755868544601,0.16666666666666666,0.38734855290905695,639,312,0.8197278911564626,0.08387096774193549,0.38794002667651206,294,155,0.8490566037735849,0.2962962962962963,0.3734882682820704,53,27,1.0,0.0,0.3727748649704291,14,7
17,0.0,0.5,Two-nuisance adjusted associative latent model,0.829,0.4323969266076595,0.08024691358024691,0.12170878870042054,0.02260654881067185,0.3824110014067381,0.478,162,0.8356807511737089,0.18269230769230768,0.38336953408650876,639,312,0.8163265306122449,0.08387096774193549,0.3823873280443171,294,155,0.8490566037735849,0.18518518518518517,0.38195458290202805,53,27,0.7142857142857143,0.0,0.34088584190159876,14,7
17,0.0,0.5,Two-path biologically constrained latent SCM,0.837,0.45373024001304746,0.14814814814814814,0.1188061092741113,0.021315350823450846,0.3901570607929106,0.478,162,0.8419405320813772,0.13782051282051283,0.38748006029767385,639,312,0.826530612244898,0.15483870967741936,0.3974113412136447,294,155,0.8301886792452831,0.14814814814814814,0.38814173694266857,53,27,0.8571428571428571,0.0,0.36763256342315204,14,7
17,0.0,0.5,Two-path latent SCM (counterfactual query),0.838,0.45643225666959747,0.15432098765432098,0.13381250203527315,0.09833065556348403,0.13045536136851432,0.487,162,0.8403755868544601,0.14743589743589744,0.13035120020452054,639,312,0.826530612244898,0.16129032258064516,0.1283252607945369,294,155,0.8301886792452831,0.14814814814814814,0.14366310726193654,53,27,1.0,0.0,0.12994093423923214,14,7
18,0.0,0.5,Associative latent class model,0.807,0.376372380110846,0.17880794701986755,0.1273369329619414,0.0430730049847924,0.35102144040891337,0.484,151,0.8021806853582555,0.1716867469879518,0.35678309914162726,642,332,0.825938566552901,0.176056338028169,0.344850328591613,293,142,0.75,0.35714285714285715,0.3301297677432301,48,28,0.8235294117647058,0.2222222222222222,0.29878327241005415,17,9
18,0.0,0.5,Renal-adjusted associative latent class model,0.813,0.39126727482091306,0.1986754966887417,0.1281314147891095,0.032182221821406565,0.34884503581148557,0.484,151,0.8037383177570093,0.1566265060240964,0.35498985490055207,642,332,0.8361774744027304,0.19718309859154928,0.34121169466414325,293,142,0.7708333333333334,0.32142857142857145,0.3296594753275153,48,28,0.8823529411764706,0.2222222222222222,0.3025216242950853,17,9
18,0.0,0.5,Two-nuisance adjusted associative latent model,0.817,0.4013572261215564,0.19205298013245034,0.12715664639615726,0.030288561740084572,0.34815226219957257,0.488,151,0.8021806853582555,0.1716867469879518,0.35548541540084894,642,332,0.8430034129692833,0.20422535211267606,0.3392872899524846,293,142,0.8125,0.17857142857142858,0.3245575639347673,48,28,0.9411764705882353,0.0,0.2906286168988685,17,9
18,0.0,0.5,Two-path biologically constrained latent SCM,0.813,0.3912675618593148,0.1390728476821192,0.12694825048594918,0.037193416013645716,0.3524148817714114,0.478,151,0.8052959501557633,0.1746987951807229,0.3587269569300738,642,332,0.8293515358361775,0.14788732394366197,0.3457498533130034,293,142,0.7708333333333334,0.32142857142857145,0.3310553691594718,48,28,0.9411764705882353,0.0,0.28922415776113625,17,9
18,0.0,0.5,Two-path latent SCM (counterfactual query),0.814,0.39377761604412514,0.15894039735099338,0.14900896503582003,0.11859645654339465,0.14212248940391026,0.489,151,0.8068535825545171,0.18072289156626506,0.14539931757739638,642,332,0.8293515358361775,0.16901408450704225,0.1384864481760391,293,142,0.7708333333333334,0.32142857142857145,0.12353841090581852,48,28,0.9411764705882353,0.0,0.13351496942135463,17,9
19,0.0,0.5,Associative latent class model,0.823,0.41673231356590124,0.2119205298013245,0.12450497197211391,0.02421289813687958,0.36090244432883317,0.503,151,0.8225563909774436,0.17417417417417416,0.36989972230774343,665,333,0.8308823529411765,0.2028985507246377,0.33795807683678136,272,138,0.8536585365853658,0.16666666666666666,0.3282957715637046,41,24,0.6818181818181818,0.3076923076923077,0.43338206638487997,22,13
19,0.0,0.5,Renal-adjusted associative latent class model,0.827,0.42714300477593126,0.152317880794702,0.12419730952927452,0.025094720835026667,0.3621840640764965,0.513,151,0.8210526315789474,0.2072072072072072,0.3693607482146371,665,333,0.8529411764705882,0.13768115942028986,0.34335698601421866,272,138,0.8292682926829268,0.20833333333333334,0.32984217131748106,41,24,0.6818181818181818,0.3076923076923077,0.43829714972175415,22,13
19,0.0,0.5,Two-nuisance adjusted associative latent model,0.827,0.42714300477593126,0.152317880794702,0.12418238153547943,0.026143823747126673,0.3581235185935951,0.513,151,0.8225563909774436,0.2042042042042042,0.36543131581392196,665,333,0.8529411764705882,0.13768115942028986,0.33897478797596925,272,138,0.8048780487804879,0.25,0.32427482683448605,41,24,0.6818181818181818,0.3076923076923077,0.43705833398451754,22,13
19,0.0,0.5,Two-path biologically constrained latent SCM,0.823,0.4167325918510018,0.16556291390728478,0.12415540471950683,0.029575660668209963,0.3588160672959332,0.513,151,0.8210526315789474,0.21021021021021022,0.36665416881269525,665,333,0.8455882352941176,0.16666666666666666,0.339144734820763,272,138,0.8048780487804879,0.16666666666666666,0.32839909424150654,41,24,0.6363636363636364,0.15384615384615385,0.4217870136518902,22,13
19,0.0,0.5,Two-path latent SCM (counterfactual query),0.825,0.421921630598519,0.15894039735099338,0.14543194630048953,0.1147263429739463,0.13600449246275634,0.509,151,0.8225563909774436,0.2042042042042042,0.13449505715900092,665,333,0.8492647058823529,0.15942028985507245,0.1332783377984818,272,138,0.8048780487804879,0.16666666666666666,0.1199359944629552,41,24,0.6363636363636364,0.15384615384615385,0.24528162717511434,22,13
0,0.0,1.0,Associative latent class model,0.815,0.39629188508415997,0.10967741935483871,0.1302072085473535,0.04372552026159507,0.38318315850873647,0.434,155,0.8120300751879699,0.13353115727002968,0.3879186437017425,665,337,0.8178438661710037,0.09655172413793103,0.3654619052305658,269,145,0.8444444444444444,0.25925925925925924,0.42394597252113414,45,27,0.8095238095238095,0.3,0.37287805602878443,21,10
0,0.0,1.0,Renal-adjusted associative latent class model,0.791,0.3380481029830192,0.2,0.14438735362799648,0.07749057478660244,0.36800631382957916,0.39,155,0.7684210526315789,0.06824925816023739,0.36450380843956026,665,337,0.828996282527881,0.18620689655172415,0.369890247276001,269,145,0.8888888888888888,0.18518518518518517,0.4267840159915226,45,27,0.8095238095238095,0.4,0.3288344752575644,21,10
0,0.0,1.0,Two-nuisance adjusted associative latent model,0.803,0.3665920589071187,0.2064516129032258,0.14074865922149427,0.07112172663084705,0.37396153934406734,0.402,155,0.7879699248120301,0.07418397626112759,0.3709665582944248,665,337,0.828996282527881,0.2,0.37311250307427607,269,145,0.8666666666666667,0.07407407407407407,0.42248436389776267,45,27,0.8095238095238095,0.3,0.3757008750426308,21,10
0,0.0,1.0,Two-path biologically constrained latent SCM,0.82,0.4090058549368194,0.12258064516129032,0.127529674001458,0.039101902914722576,0.3866623404114083,0.443,155,0.8165413533834587,0.1394658753709199,0.3898873236695904,665,337,0.8215613382899628,0.1103448275862069,0.36961192264836834,269,145,0.8888888888888888,0.18518518518518517,0.4399124631380943,45,27,0.7619047619047619,0.3,0.38883819702406575,21,10
0,0.0,1.0,Two-path latent SCM (counterfactual query),0.822,0.414148658252439,0.12903225806451613,0.1466029305326123,0.11615658393788768,0.13214376620155155,0.459,155,0.8165413533834587,0.1543026706231454,0.14276092437708018,665,337,0.828996282527881,0.11724137931034483,0.10789303352689726,269,145,0.8666666666666667,0.2222222222222222,0.12506194376102925,45,27,0.8095238095238095,0.3,0.12174942870531263,21,10
1,0.0,1.0,Associative latent class model,0.832,0.4402948481067767,0.1897810218978102,0.11827434997007234,0.026800495783612703,0.3934274456909888,0.559,137,0.8226837060702875,0.20068027210884354,0.3977923955600954,626,294,0.8487972508591065,0.17886178861788618,0.3901917781145773,291,123,0.8448275862068966,0.2857142857142857,0.3721283238387569,58,28,0.84,0.2857142857142857,0.37120623425516847,25,14
1,0.0,1.0,Renal-adjusted associative latent class model,0.834,0.44562236973770825,0.145985401459854,0.11978740726208738,0.029412988011488946,0.3923342229423163,0.563,137,0.8258785942492013,0.21768707482993196,0.39404984005117677,626,294,0.852233676975945,0.13008130081300814,0.3951045091955272,291,123,0.8275862068965517,0.35714285714285715,0.36543022982492784,58,28,0.84,0.2857142857142857,0.37954630258141636,25,14
1,0.0,1.0,Two-nuisance adjusted associative latent model,0.836,0.4509816426990105,0.11678832116788321,0.11978746795051932,0.030593875817477245,0.3825207216222977,0.567,137,0.8242811501597445,0.2585034013605442,0.37961665716180076,626,294,0.845360824742268,0.11382113821138211,0.3877557994279916,291,123,0.9137931034482759,0.10714285714285714,0.38368654762091775,58,28,0.84,0.14285714285714285,0.39159747373806786,25,14
1,0.0,1.0,Two-path biologically constrained latent SCM,0.836,0.4509816426990105,0.19708029197080293,0.11640103723012214,0.026226154257600203,0.38661927259890594,0.567,137,0.8258785942492013,0.22108843537414966,0.3875979920165098,626,294,0.845360824742268,0.18699186991869918,0.3841589056293515,291,123,0.9137931034482759,0.10714285714285714,0.38668502222775014,58,28,0.8,0.2857142857142857,0.39059827076880005,25,14
1,0.0,1.0,Two-path latent SCM (counterfactual query),0.837,0.4536935586654098,0.19708029197080293,0.13394553947607032,0.1144015575861177,0.11474791244001883,0.556,137,0.8274760383386581,0.20068027210884354,0.12167849622482996,626,294,0.8487972508591065,0.18699186991869918,0.10323959766302294,291,123,0.896551724137931,0.10714285714285714,0.08980314159229795,58,28,0.8,0.2857142857142857,0.13303474683929284,25,14
2,0.0,1.0,Associative latent class model,0.828,0.4297673322561857,0.2236842105263158,0.1223542989218764,0.03674349591210814,0.3544750388870409,0.531,152,0.8446153846153847,0.18292682926829268,0.35534912822137443,650,328,0.8089887640449438,0.20437956204379562,0.3529307454546872,267,137,0.7924528301886793,0.391304347826087,0.3477365911130037,53,23,0.7,0.4,0.3611852392585584,30,15
2,0.0,1.0,Renal-adjusted associative latent class model,0.828,0.42976761426761156,0.17763157894736842,0.12221919474562087,0.03602083087148197,0.3562614102818153,0.533,152,0.8415384615384616,0.20426829268292682,0.3577663768085734,650,328,0.8239700374531835,0.15328467153284672,0.35286156229493454,267,137,0.7735849056603774,0.43478260869565216,0.3407351402050914,53,23,0.6666666666666666,0.4,0.3813421930875064,30,15
2,0.0,1.0,Two-nuisance adjusted associative latent model,0.828,0.42976761426761156,0.1513157894736842,0.12265941201254377,0.036789403944543886,0.3545891400534952,0.533,152,0.8384615384615385,0.22560975609756098,0.3540957132271378,650,328,0.8202247191011236,0.145985401459854,0.3499242448944445,267,137,0.7924528301886793,0.30434782608695654,0.36732785284180935,53,23,0.7333333333333333,0.2,0.38429256228076597,30,15
2,0.0,1.0,Two-path biologically constrained latent SCM,0.828,0.42976856605411434,0.23684210526315788,0.12057976180703389,0.047218351848740694,0.36036196332855275,0.539,152,0.84,0.1951219512195122,0.35977187493134194,650,328,0.8202247191011236,0.21897810218978103,0.3577264842983324,267,137,0.7924528301886793,0.30434782608695654,0.37192591779544615,53,23,0.7,0.4,0.37617332241223533,30,15
2,0.0,1.0,Two-path latent SCM (counterfactual query),0.83,0.43503585360952113,0.23026315789473684,0.13876892431923504,0.11571532152629568,0.12148947179153842,0.525,152,0.8430769230769231,0.17378048780487804,0.12623359976919074,650,328,0.8239700374531835,0.2116788321167883,0.10266386039499473,267,137,0.7735849056603774,0.30434782608695654,0.1402538711314158,53,23,0.7,0.4,0.15309753487119376,30,15
3,0.0,1.0,Associative latent class model,0.821,0.4115764599788077,0.2,0.12115234229397315,0.03824857644002818,0.3959517762762391,0.475,160,0.8197492163009404,0.12962962962962962,0.3999907492286054,638,324,0.8090614886731392,0.2012987012987013,0.39577642933041474,309,154,0.9090909090909091,0.1875,0.33934907181609225,33,16,0.9,0.16666666666666666,0.363212111767983,20,6
3,0.0,1.0,Renal-adjusted associative latent class model,0.831,0.43768357259554885,0.14375,0.12165960959504246,0.04902686875468044,0.39562599065243315,0.467,160,0.8322884012539185,0.12962962962962962,0.4000005154974631,638,324,0.8122977346278317,0.14935064935064934,0.39439629505353785,309,154,0.9090909090909091,0.1875,0.33774421455134457,33,16,0.95,0.0,0.3705823756657026,20,6
3,0.0,1.0,Two-nuisance adjusted associative latent model,0.826,0.42453326603348723,0.13125,0.12414154971121294,0.056801253593392644,0.3925101449583731,0.452,160,0.8338557993730408,0.12962962962962962,0.39692288353722627,638,324,0.8025889967637541,0.13636363636363635,0.3904652922235703,309,154,0.9393939393939394,0.0,0.34110704994358865,33,16,0.75,0.0,0.3681518658200563,20,6
3,0.0,1.0,Two-path biologically constrained latent SCM,0.823,0.41673731233377576,0.16875,0.12355630082058451,0.05241570938344536,0.3927781260367732,0.453,160,0.822884012539185,0.11728395061728394,0.39603394963906113,638,324,0.8155339805825242,0.17532467532467533,0.39280541226261984,309,154,0.9393939393939394,0.0,0.3409697129737509,33,16,0.75,0.0,0.3739796624884414,20,6
3,0.0,1.0,Two-path latent SCM (counterfactual query),0.829,0.4323963395223391,0.19375,0.1463922080570243,0.12490091248673096,0.11913299985029797,0.485,160,0.835423197492163,0.14506172839506173,0.11910476890051129,638,324,0.8058252427184466,0.2012987012987013,0.12468462202288515,309,154,0.9696969696969697,0.0,0.10901856241286144,33,16,0.75,0.0,0.050949826353791174,20,6
4,0.0,1.0,Associative latent class model,0.844,0.47281680921017316,0.20714285714285716,0.11006820842970642,0.023335025781771983,0.37678056147660083,0.52,140,0.8514548238897397,0.13719512195121952,0.38239501705189005,653,328,0.8421052631578947,0.18253968253968253,0.36986013710435955,285,126,0.8055555555555556,0.375,0.33013339967650546,36,16,0.7307692307692307,0.42857142857142855,0.37621822610076816,26,14
4,0.0,1.0,Renal-adjusted associative latent class model,0.837,0.4537297310434044,0.2642857142857143,0.11143961854852355,0.03335525348149002,0.37205588038680504,0.515,140,0.8453292496171516,0.11585365853658537,0.3794580137834891,653,328,0.8385964912280702,0.23015873015873015,0.36112155518687045,285,126,0.8055555555555556,0.375,0.33795217788817056,36,16,0.6538461538461539,0.5714285714285714,0.3532259905367076,26,14
4,0.0,1.0,Two-nuisance adjusted associative latent model,0.844,0.4728168221921782,0.2357142857142857,0.10954658779571624,0.03389773484720948,0.36913311290191425,0.512,140,0.8483920367534457,0.12195121951219512,0.37456834838532094,653,328,0.8350877192982457,0.23809523809523808,0.35376584535623506,285,126,0.8333333333333334,0.1875,0.37428559479664747,36,16,0.8461538461538461,0.21428571428571427,0.39393977181128653,26,14
4,0.0,1.0,Two-path biologically constrained latent SCM,0.846,0.47834233060035225,0.18571428571428572,0.10882217059575623,0.02736597892655196,0.37441435412412477,0.522,140,0.8529862174578867,0.14939024390243902,0.37789427197795233,653,328,0.8385964912280702,0.18253968253968253,0.3654791623457677,285,126,0.7777777777777778,0.3125,0.363322065276988,36,16,0.8461538461538461,0.21428571428571427,0.40031688092332957,26,14
4,0.0,1.0,Two-path latent SCM (counterfactual query),0.843,0.4700660701950862,0.17857142857142858,0.13279316469433616,0.10337818731916856,0.11597748626673894,0.513,140,0.8529862174578867,0.14329268292682926,0.11369107420583796,653,328,0.8280701754385965,0.1746031746031746,0.11554074522672708,285,126,0.7777777777777778,0.3125,0.1247616604718224,36,16,0.8461538461538461,0.21428571428571427,0.16602625552784306,26,14
5,0.0,1.0,Associative latent class model,0.832,0.44033624258209597,0.189873417721519,0.12058500690603449,0.022620687974907107,0.3648796762094618,0.487,158,0.8454404945904173,0.1402439024390244,0.36543591511107676,647,328,0.8144329896907216,0.16891891891891891,0.36771951119934176,291,148,0.825,0.28,0.33032554436796097,40,25,0.6818181818181818,0.5,0.37378361813037664,22,10
5,0.0,1.0,Renal-adjusted associative latent class model,0.833,0.4429992685558284,0.1962025316455696,0.12089080945091807,0.02810354550383834,0.36028275128166415,0.478,158,0.8454404945904173,0.125,0.3606247947795419,647,328,0.8144329896907216,0.17567567567567569,0.36339565320719386,291,148,0.85,0.24,0.3287207753050544,40,25,0.6818181818181818,0.5,0.3664337710820433,22,10
5,0.0,1.0,Two-nuisance adjusted associative latent model,0.834,0.4456694392372415,0.20253164556962025,0.1195560746618297,0.02534842790314793,0.3538532204932172,0.493,158,0.848531684698609,0.14634146341463414,0.35338381689361414,647,328,0.8144329896907216,0.18243243243243243,0.35646609103556265,291,148,0.85,0.2,0.31898806469445057,40,25,0.6363636363636364,0.5,0.39648799472373314,22,10
5,0.0,1.0,Two-path biologically constrained latent SCM,0.836,0.45103516105699337,0.20253164556962025,0.12070561892451032,0.0349870391144378,0.3524676787261199,0.481,158,0.8377125193199382,0.12804878048780488,0.35236861751564524,647,328,0.8419243986254296,0.18243243243243243,0.3547321361851169,291,148,0.875,0.16,0.3156452071203975,40,25,0.6363636363636364,0.5,0.3923783308551146,22,10
5,0.0,1.0,Two-path latent SCM (counterfactual query),0.839,0.45914286797612064,0.20253164556962025,0.13564599540896954,0.10268058026334817,0.14483091760136824,0.498,158,0.8454404945904173,0.14634146341463414,0.1444356022676809,647,328,0.8384879725085911,0.18243243243243243,0.14704615033401905,291,148,0.85,0.2,0.11416102405147706,40,25,0.6363636363636364,0.5,0.18291873749636636,22,10
6,0.0,1.0,Associative latent class model,0.822,0.41414996497006645,0.16560509554140126,0.1232989505222633,0.027984037747188134,0.3616567059724137,0.492,157,0.8290076335877863,0.17210682492581603,0.36568071460519763,655,337,0.8100358422939068,0.14482758620689656,0.3627375453146741,279,145,0.8048780487804879,0.3888888888888889,0.32653628219995334,41,18,0.8,0.4166666666666667,0.30176300772068215,25,12
6,0.0,1.0,Renal-adjusted associative latent class model,0.819,0.40645116761849015,0.06369426751592357,0.12860573705440792,0.031620298665483035,0.35459491442023494,0.469,157,0.8274809160305343,0.18991097922848665,0.3637440894679265,655,337,0.7921146953405018,0.05517241379310345,0.34116166568019646,279,145,0.8048780487804879,0.3888888888888889,0.3155731296450205,41,18,0.92,0.16666666666666666,0.32879731114089716,25,12
6,0.0,1.0,Two-nuisance adjusted associative latent model,0.817,0.4013575516676237,0.10191082802547771,0.1257131247974792,0.03376342686408262,0.3529047967957367,0.479,157,0.8259541984732824,0.19584569732937684,0.35783372024759086,655,337,0.7885304659498208,0.10344827586206896,0.34342077907258356,279,145,0.8048780487804879,0.2777777777777778,0.34368259142853763,41,18,0.92,0.08333333333333333,0.34473305694975537,25,12
6,0.0,1.0,Two-path biologically constrained latent SCM,0.824,0.41932327003610453,0.12738853503184713,0.12310128396464375,0.026591289426273604,0.3567584546806357,0.486,157,0.8290076335877863,0.18694362017804153,0.35969429818246507,655,337,0.8028673835125448,0.1310344827586207,0.35283680691027586,279,145,0.8292682926829268,0.2222222222222222,0.345946282278979,41,18,0.92,0.08333333333333333,0.34133690678863865,25,12
6,0.0,1.0,Two-path latent SCM (counterfactual query),0.825,0.421921724462629,0.1592356687898089,0.13775854942261065,0.10131040688440755,0.1522401747982385,0.493,157,0.8290076335877863,0.18397626112759644,0.14748801491600794,655,337,0.8064516129032258,0.15862068965517243,0.16569557542922908,279,145,0.8536585365853658,0.16666666666666666,0.15275051305172163,41,18,0.88,0.16666666666666666,0.12574753793511212,25,12
7,0.0,1.0,Associative latent class model,0.828,0.42976556646046027,0.14705882352941177,0.12443743972037562,0.028038739880222263,0.39487033362965374,0.491,136,0.8243451463790447,0.15170278637770898,0.3919593065898969,649,323,0.8382352941176471,0.14634146341463414,0.39590754994618405,272,123,0.7959183673469388,0.23333333333333334,0.4321641227034502,49,30,0.8666666666666667,0.15384615384615385,0.38752826849931543,30,13
7,0.0,1.0,Renal-adjusted associative latent class model,0.82,0.40900897845279044,0.125,0.12728693244468203,0.03292430143572421,0.3926859111199659,0.485,136,0.8228043143297381,0.16408668730650156,0.39028697738448936,649,323,0.8198529411764706,0.12195121951219512,0.392770569878799,272,123,0.7959183673469388,0.23333333333333334,0.4296765022682855,49,30,0.8,0.15384615384615385,0.38339730597510047,30,13
7,0.0,1.0,Two-nuisance adjusted associative latent model,0.807,0.3763730610957755,0.08088235294117647,0.12975168515237198,0.03761781011104511,0.38652282731632204,0.472,136,0.8151001540832049,0.18575851393188855,0.38621479067606834,649,323,0.7941176470588235,0.08943089430894309,0.3860477064970349,272,123,0.7959183673469388,0.2,0.40952448055017815,49,30,0.7666666666666667,0.0,0.35992508178004795,30,13
7,0.0,1.0,Two-path biologically constrained latent SCM,0.834,0.44566957680886343,0.16176470588235295,0.12304871662798936,0.03290813307448048,0.3891782772979984,0.487,136,0.8289676425269645,0.14241486068111456,0.3878737210481942,649,323,0.8419117647058824,0.17073170731707318,0.3914100840655009,272,123,0.8571428571428571,0.1,0.4002984867700353,49,30,0.8333333333333334,0.07692307692307693,0.37900212067241423,30,13
7,0.0,1.0,Two-path latent SCM (counterfactual query),0.831,0.4376815072391657,0.14705882352941177,0.13828930279364288,0.10860096857212537,0.13470605178439682,0.49,136,0.827426810477658,0.15479876160990713,0.13506304812957257,649,323,0.8345588235294118,0.16260162601626016,0.1313050737358935,272,123,0.8367346938775511,0.13333333333333333,0.16968050785331754,49,30,0.8666666666666667,0.0,0.10069362024428626,30,13
8,0.0,1.0,Associative latent class model,0.814,0.39377768016028875,0.2323943661971831,0.1230618723567026,0.03303123112899417,0.3908377836461811,0.514,142,0.8062015503875969,0.18263473053892215,0.3942539255128821,645,334,0.8458781362007168,0.20454545454545456,0.38671881799924185,279,132,0.8095238095238095,0.3125,0.3626826796080892,63,32,0.5384615384615384,0.6,0.44618789640570344,13,10
8,0.0,1.0,Renal-adjusted associative latent class model,0.816,0.39882263279795555,0.2323943661971831,0.12327385171764339,0.03384665979546934,0.3899852259521375,0.512,142,0.8093023255813954,0.17664670658682635,0.3934868606972332,645,334,0.8458781362007168,0.20454545454545456,0.3854901491656116,279,132,0.8095238095238095,0.3125,0.3627923898600747,63,32,0.5384615384615384,0.6,0.44450220184859646,13,10
8,0.0,1.0,Two-nuisance adjusted associative latent model,0.811,0.38627047341331006,0.2676056338028169,0.1237790845532752,0.03728194071420794,0.38003547126469733,0.519,142,0.8062015503875969,0.18562874251497005,0.3845267113914978,645,334,0.8279569892473119,0.25,0.372304378242979,279,132,0.8253968253968254,0.25,0.35660938467251146,63,32,0.6153846153846154,0.5,0.4366484348478361,13,10
8,0.0,1.0,Two-path biologically constrained latent SCM,0.814,0.39377993620089197,0.2605633802816901,0.1228323125194939,0.044358931291055385,0.38095628348908883,0.538,142,0.8046511627906977,0.2155688622754491,0.38533891055522723,645,334,0.8351254480286738,0.25,0.371522777037728,279,132,0.8412698412698413,0.21875,0.3641500430223916,63,32,0.6923076923076923,0.4,0.4474137443869617,13,10
8,0.0,1.0,Two-path latent SCM (counterfactual query),0.82,0.40900975975298903,0.23943661971830985,0.14105173609848184,0.11328636910230137,0.14246132946721615,0.526,142,0.813953488372093,0.19760479041916168,0.15079450508624154,645,334,0.8351254480286738,0.22727272727272727,0.12747014428247355,279,132,0.8412698412698413,0.21875,0.10968149573913527,63,32,0.6923076923076923,0.4,0.20959763078574672,13,10
9,0.0,1.0,Associative latent class model,0.807,0.3763807121159837,0.32653061224489793,0.1327379500891087,0.05878232861955051,0.37559519868018354,0.56,147,0.8142414860681114,0.21036585365853658,0.3846621376478968,646,328,0.8,0.3,0.3623987643237726,275,130,0.82,0.375,0.3330576757541238,50,24,0.6896551724137931,0.5294117647058824,0.372100475272362,29,17
9,0.0,1.0,Renal-adjusted associative latent class model,0.809,0.3813113661764258,0.2925170068027211,0.13146697453230455,0.050468042864869896,0.3771318695967319,0.552,147,0.8126934984520123,0.21036585365853658,0.3849004952236528,646,328,0.8072727272727273,0.2692307692307692,0.3665862124902781,275,130,0.82,0.375,0.3336635464889332,50,24,0.7241379310344828,0.47058823529411764,0.3790263421716915,29,17
9,0.0,1.0,Two-nuisance adjusted associative latent model,0.814,0.3937825185735322,0.2585034013605442,0.12886926115196506,0.04690791819952478,0.37134933970832573,0.547,147,0.8111455108359134,0.21951219512195122,0.37625002552585624,646,328,0.8072727272727273,0.2692307692307692,0.3597700678604202,275,130,0.84,0.25,0.35208776151887833,50,24,0.896551724137931,0.17647058823529413,0.4051953958987296,29,17
9,0.0,1.0,Two-path biologically constrained latent SCM,0.814,0.3937816473761981,0.272108843537415,0.12937698319670204,0.04570554519158714,0.3708931507112817,0.543,147,0.8095975232198143,0.21951219512195122,0.3767660755103557,646,328,0.8,0.2846153846153846,0.3564475340343385,275,130,0.9,0.08333333333333333,0.35378998138152745,50,24,0.896551724137931,0.17647058823529413,0.40654120700249946,29,17
9,0.0,1.0,Two-path latent SCM (counterfactual query),0.816,0.39882372277919376,0.22448979591836735,0.15404237238230456,0.1221557533064596,0.1296517408626316,0.525,147,0.8095975232198143,0.21036585365853658,0.1289192539019351,646,328,0.8145454545454546,0.23076923076923078,0.12890905668437413,275,130,0.9,0.08333333333333333,0.12899757600519476,50,24,0.8275862068965517,0.17647058823529413,0.15413908460410033,29,17
10,0.0,1.0,Associative latent class model,0.827,0.42714310043722065,0.24503311258278146,0.1303371637271539,0.029694089855766166,0.3922476885114545,0.515,151,0.826625386996904,0.14240506329113925,0.3903298940629752,646,316,0.823321554770318,0.23943661971830985,0.40347078715886486,283,142,0.84,0.32,0.3841862005433172,50,25,0.8571428571428571,0.3333333333333333,0.3191921025546633,21,9
10,0.0,1.0,Renal-adjusted associative latent class model,0.825,0.42192187882676246,0.24503311258278146,0.13037759518474978,0.03272538384280766,0.39180216783231764,0.515,151,0.8235294117647058,0.14556962025316456,0.3895666911652416,646,316,0.823321554770318,0.23943661971830985,0.403824006140023,283,142,0.84,0.32,0.3833030427746562,50,25,0.8571428571428571,0.3333333333333333,0.3187971172958201,21,9
10,0.0,1.0,Two-nuisance adjusted associative latent model,0.815,0.3962966401382854,0.2847682119205298,0.1310552237726603,0.0355947784175727,0.38927903380043294,0.521,151,0.8188854489164087,0.1550632911392405,0.3870607541336382,646,316,0.8127208480565371,0.28169014084507044,0.3956174441810776,283,142,0.78,0.28,0.4035972464802817,50,25,0.8095238095238095,0.3333333333333333,0.3380089334687438,21,9
10,0.0,1.0,Two-path biologically constrained latent SCM,0.818,0.40390031584565794,0.24503311258278146,0.12920716780379396,0.02876484993957621,0.39179489043798266,0.522,151,0.8204334365325078,0.17088607594936708,0.3882457170746325,646,316,0.8197879858657244,0.23943661971830985,0.40167981506912315,283,142,0.8,0.28,0.40243757359397087,50,25,0.7619047619047619,0.3333333333333333,0.34242337445283993,21,9
10,0.0,1.0,Two-path latent SCM (counterfactual query),0.815,0.396295992058817,0.23841059602649006,0.15213896599216653,0.1267398267636458,0.1187958805317896,0.509,151,0.8219814241486069,0.15822784810126583,0.11717238559437988,646,316,0.8056537102473498,0.23943661971830985,0.11904461771116576,283,142,0.78,0.28,0.1530986745427551,50,25,0.8095238095238095,0.2222222222222222,0.08371232849631183,21,9
11,0.0,1.0,Associative latent class model,0.813,0.39127628320061025,0.2789115646258503,0.13315630099374107,0.06865094909493931,0.3495528072651156,0.566,147,0.8265460030165912,0.23303834808259588,0.34373856735327135,663,339,0.7857142857142857,0.2867647058823529,0.36451365136592767,280,136,0.7297297297297297,0.47368421052631576,0.33441569572785196,37,19,0.9,0.18181818181818182,0.36084669927532276,20,11
11,0.0,1.0,Renal-adjusted associative latent class model,0.808,0.37884261211587567,0.25170068027210885,0.13524444142394645,0.06880214174811701,0.3463547828552338,0.561,147,0.8250377073906485,0.2448377581120944,0.3398467538410951,663,339,0.775,0.2647058823529412,0.36354403392372675,280,136,0.7297297297297297,0.47368421052631576,0.33030306541609183,37,19,0.85,0.09090909090909091,0.3511421069774462,20,11
11,0.0,1.0,Two-nuisance adjusted associative latent model,0.808,0.3788420743671878,0.24489795918367346,0.1366125251117203,0.07394540767402115,0.33814193624008576,0.559,147,0.8205128205128205,0.2536873156342183,0.3314518487210952,663,339,0.7821428571428571,0.25735294117647056,0.3560139248868934,280,136,0.7567567567567568,0.3157894736842105,0.3323284408315228,37,19,0.85,0.09090909090909091,0.32046546294515943,20,11
11,0.0,1.0,Two-path biologically constrained latent SCM,0.815,0.396303077535974,0.25170068027210885,0.1354446483916948,0.06995137971335172,0.34005361757984437,0.558,147,0.8250377073906485,0.2448377581120944,0.3339045355111457,663,339,0.7928571428571428,0.2647058823529412,0.3572728585728442,280,136,0.7837837837837838,0.21052631578947367,0.3305657119725941,37,19,0.85,0.09090909090909091,0.3203789396286204,20,11
11,0.0,1.0,Two-path latent SCM (counterfactual query),0.811,0.38627099198534254,0.23809523809523808,0.15493304929938892,0.13190440893902447,0.1325495057274255,0.524,147,0.8235294117647058,0.21238938053097345,0.11910166597877815,663,339,0.7785714285714286,0.25,0.16014580203849083,280,136,0.8108108108108109,0.10526315789473684,0.18055911945000416,37,19,0.85,0.09090909090909091,0.10317945965340017,20,11
12,0.0,1.0,Associative latent class model,0.834,0.4456674272444683,0.1258741258741259,0.1168929109018514,0.017613523831591135,0.37508094224986566,0.532,143,0.8460365853658537,0.1864951768488746,0.3667150903007355,656,311,0.8376383763837638,0.1015625,0.3927993095380975,271,128,0.6818181818181818,0.5,0.37662633523512346,44,22,0.7586206896551724,0.3333333333333333,0.3964024612901137,29,15
12,0.0,1.0,Renal-adjusted associative latent class model,0.837,0.453725644118358,0.23076923076923078,0.11609670949232256,0.01606105873375621,0.3760782513896137,0.541,143,0.850609756097561,0.15434083601286175,0.36821507636529455,656,311,0.8450184501845018,0.1953125,0.392402202757516,271,128,0.7045454545454546,0.4090909090909091,0.3858710275105641,44,22,0.6551724137931034,0.5333333333333333,0.3865461771113355,29,15
12,0.0,1.0,Two-nuisance adjusted associative latent model,0.841,0.46458545727288525,0.20279720279720279,0.11371160557340818,0.023808512303984564,0.36733614543800663,0.537,143,0.8490853658536586,0.1607717041800643,0.35830101841691264,656,311,0.8487084870848709,0.1953125,0.38284573884564627,271,128,0.7045454545454546,0.3181818181818182,0.39385072482027894,44,22,0.7931034482758621,0.26666666666666666,0.3865534564568796,29,15
12,0.0,1.0,Two-path biologically constrained latent SCM,0.84,0.4618596849387228,0.1258741258741259,0.11395718442161205,0.021637678685037357,0.366462271334677,0.532,143,0.850609756097561,0.18971061093247588,0.3567144844027183,656,311,0.8339483394833949,0.125,0.38459398352254964,271,128,0.7045454545454546,0.3181818181818182,0.3947270016497701,44,22,0.8620689655172413,0.13333333333333333,0.3746417916997592,29,15
12,0.0,1.0,Two-path latent SCM (counterfactual query),0.838,0.4564324153868672,0.1258741258741259,0.13153927378762612,0.10399246635055448,0.12839838033657872,0.516,143,0.8445121951219512,0.17363344051446947,0.12200477057300704,656,311,0.8339483394833949,0.125,0.1372093715922759,271,128,0.75,0.22727272727272727,0.18545084754978222,44,22,0.8620689655172413,0.13333333333333333,0.10412668437892818,29,15
13,0.0,1.0,Associative latent class model,0.805,0.37148154539043543,0.2706766917293233,0.13538940975012465,0.06437306891587527,0.35758390748837493,0.575,133,0.8032786885245902,0.2543859649122807,0.3546110466523742,671,342,0.8059701492537313,0.2677165354330709,0.3759012450819572,268,127,0.8,0.47058823529411764,0.3093926085828565,40,17,0.8571428571428571,0.3333333333333333,0.3106027218739559,21,6
13,0.0,1.0,Renal-adjusted associative latent class model,0.81,0.3837903878054855,0.2556390977443609,0.13374765596588845,0.055660724406268874,0.358450554874601,0.562,133,0.8077496274217586,0.23391812865497075,0.35512347483327183,671,342,0.8134328358208955,0.25196850393700787,0.3766621084457989,268,127,0.8,0.47058823529411764,0.3155453794654122,40,17,0.8571428571428571,0.3333333333333333,0.3140687152088095,21,6
13,0.0,1.0,Two-nuisance adjusted associative latent model,0.806,0.3739250981341702,0.2556390977443609,0.1342763771766607,0.060875223227014164,0.35276854050012696,0.564,133,0.8017883755588674,0.24269005847953215,0.34899440098339507,671,342,0.8134328358208955,0.25196850393700787,0.3712794894112478,268,127,0.8,0.47058823529411764,0.3127216096778981,40,17,0.8571428571428571,0.3333333333333333,0.3134061852827897,21,6
13,0.0,1.0,Two-path biologically constrained latent SCM,0.802,0.3641874720735827,0.21804511278195488,0.13575905001875155,0.05498055581468189,0.3556644255204173,0.564,133,0.7988077496274217,0.26608187134502925,0.3480507299153124,671,342,0.8134328358208955,0.2204724409448819,0.37426174419476144,268,127,0.775,0.4117647058823529,0.35452663926906547,40,17,0.8095238095238095,0.16666666666666666,0.36377013010876247,21,6
13,0.0,1.0,Two-path latent SCM (counterfactual query),0.805,0.3714728040586341,0.21052631578947367,0.15953212335839992,0.12947609845222235,0.14996262984208858,0.531,133,0.8137108792846498,0.21637426900584794,0.1469415143390059,671,342,0.7910447761194029,0.2125984251968504,0.15242544138271588,268,127,0.775,0.4117647058823529,0.18398270893436386,40,17,0.7619047619047619,0.16666666666666666,0.15026414631776944,21,6
14,0.0,1.0,Associative latent class model,0.824,0.41932281851869624,0.1476510067114094,0.1256486089245559,0.02697268807345045,0.3878713007176028,0.503,149,0.8184663536776213,0.175,0.38650925146320986,639,320,0.8530465949820788,0.13043478260869565,0.38667447948111394,279,138,0.7666666666666667,0.3888888888888889,0.401675602337785,60,36,0.7727272727272727,0.36363636363636365,0.4049624144142605,22,11
14,0.0,1.0,Renal-adjusted associative latent class model,0.817,0.40135682613705315,0.21476510067114093,0.1268096016294165,0.02577373007172572,0.38525002852809137,0.502,149,0.8137715179968701,0.153125,0.38360581105271546,639,320,0.8351254480286738,0.2028985507246377,0.3845711874281064,279,138,0.7666666666666667,0.3888888888888889,0.40447366650081024,60,36,0.8181818181818182,0.36363636363636365,0.38918790831435995,22,11
14,0.0,1.0,Two-nuisance adjusted associative latent model,0.812,0.38876423339440436,0.2684563758389262,0.12492267016281092,0.025395795420687463,0.37995096177592724,0.497,149,0.810641627543036,0.15625,0.3775835880406587,639,320,0.8172043010752689,0.2608695652173913,0.37623331300975293,279,138,0.8166666666666667,0.1388888888888889,0.407131446974942,60,36,0.7727272727272727,0.36363636363636365,0.42173035771494294,22,11
14,0.0,1.0,Two-path biologically constrained latent SCM,0.825,0.42192223470917695,0.19463087248322147,0.12351310807620713,0.028617279619931026,0.38423934228254425,0.52,149,0.8153364632237872,0.2,0.38143400426641216,639,320,0.8458781362007168,0.18115942028985507,0.3804680929328342,279,138,0.85,0.19444444444444445,0.4156126906697902,60,36,0.7727272727272727,0.36363636363636365,0.4279842812663057,22,11
14,0.0,1.0,Two-path latent SCM (counterfactual query),0.827,0.42714265960151987,0.14093959731543623,0.1468179485929753,0.11788925722433977,0.13527893193507315,0.496,149,0.8169014084507042,0.184375,0.13606677020532046,639,320,0.8458781362007168,0.13768115942028986,0.12734941287506982,279,138,0.85,0.19444444444444445,0.16771659617319135,60,36,0.8181818181818182,0.18181818181818182,0.12449017324260975,22,11
15,0.0,1.0,Associative latent class model,0.793,0.34274207445503496,0.24,0.14163939514009358,0.05954394870076639,0.38656706722952505,0.552,150,0.7912087912087912,0.25297619047619047,0.3868897424378394,637,336,0.8131487889273357,0.2158273381294964,0.3984169496937309,289,139,0.7254901960784313,0.56,0.3081546292812868,51,25,0.7391304347826086,0.5454545454545454,0.40260507572989135,23,11
15,0.0,1.0,Renal-adjusted associative latent class model,0.799,0.3569636925455304,0.19333333333333333,0.1424583511038545,0.06175979903000081,0.38546766209619593,0.548,150,0.7974882260596546,0.25892857142857145,0.3848349068674663,637,336,0.8131487889273357,0.17985611510791366,0.39856857720353844,289,139,0.7254901960784313,0.56,0.2999817358145773,51,25,0.8260869565217391,0.36363636363636365,0.4279321340545144,23,11
15,0.0,1.0,Two-nuisance adjusted associative latent model,0.804,0.369034900374271,0.18666666666666668,0.1388352237313972,0.05427458602876517,0.3827261672192457,0.541,150,0.7990580847723705,0.25297619047619047,0.3786111060487955,637,336,0.8131487889273357,0.18705035971223022,0.3932929070285245,289,139,0.7843137254901961,0.44,0.3411615736214118,51,25,0.8695652173913043,0.18181818181818182,0.45608705566205837,23,11
15,0.0,1.0,Two-path biologically constrained latent SCM,0.804,0.3690353492652757,0.2,0.13796433554331566,0.052042456931858,0.3841381745321483,0.545,150,0.7990580847723705,0.25297619047619047,0.3797208676214329,637,336,0.8166089965397924,0.2014388489208633,0.39372727611384967,289,139,0.7647058823529411,0.44,0.35156446597108343,51,25,0.8695652173913043,0.18181818181818182,0.45821788242903133,23,11
15,0.0,1.0,Two-path latent SCM (counterfactual query),0.807,0.376372380110846,0.2,0.16026017592196032,0.13397361307128836,0.13407560730436247,0.516,150,0.8069073783359497,0.20833333333333334,0.1271397324686647,637,336,0.8096885813148789,0.2014388489208633,0.14261325787677143,289,139,0.7647058823529411,0.4,0.14453249058440715,51,25,0.8695652173913043,0.18181818181818182,0.1957047467665816,23,11
16,0.0,1.0,Associative latent class model,0.815,0.396297223989332,0.21476510067114093,0.125055345331135,0.037853971177116114,0.3983558852716807,0.474,149,0.8234398782343988,0.1196319018404908,0.39502439200896367,657,326,0.802158273381295,0.2028985507246377,0.41938746502814206,278,138,0.7857142857142857,0.3,0.3240790158390446,42,20,0.782608695652174,0.36363636363636365,0.3749489469012295,23,11
16,0.0,1.0,Renal-adjusted associative latent class model,0.813,0.39126693789299455,0.174496644295302,0.12429587188201066,0.026380564640700474,0.3957751194568441,0.49,149,0.8188736681887366,0.1656441717791411,0.3932771363550828,657,326,0.8093525179856115,0.15942028985507245,0.4155707209802207,278,138,0.7857142857142857,0.3,0.31548553954503294,42,20,0.7391304347826086,0.36363636363636365,0.37447772948530317,23,11
16,0.0,1.0,Two-nuisance adjusted associative latent model,0.821,0.4115750449323602,0.16778523489932887,0.1225810989455168,0.02180534597039758,0.3879345545192535,0.5,149,0.8249619482496194,0.17791411042944785,0.38491154804429445,657,326,0.8129496402877698,0.17391304347826086,0.40605069533478266,278,138,0.8095238095238095,0.2,0.3242056003949412,42,20,0.8260869565217391,0.09090909090909091,0.3716929971519543,23,11
16,0.0,1.0,Two-path biologically constrained latent SCM,0.818,0.4038997257288921,0.20134228187919462,0.12287324864428993,0.02508515830751041,0.3900298080495878,0.487,149,0.8188736681887366,0.147239263803681,0.38678827053839054,657,326,0.8165467625899281,0.2028985507246377,0.4071370919417333,278,138,0.7857142857142857,0.2,0.33366052138855756,42,20,0.8695652173913043,0.18181818181818182,0.37878525424973536,23,11
16,0.0,1.0,Two-path latent SCM (counterfactual query),0.814,0.39377728575382337,0.19463087248322147,0.1490848961770427,0.1300039164512863,0.12225971069757999,0.495,149,0.817351598173516,0.1687116564417178,0.12279908313205119,657,326,0.8057553956834532,0.2028985507246377,0.12690159195713785,278,138,0.7857142857142857,0.2,0.08181070060098124,42,20,0.8695652173913043,0.09090909090909091,0.12460961263029702,23,11
17,0.0,1.0,Associative latent class model,0.815,0.39629629774808733,0.23270440251572327,0.12214964489235838,0.04144754930052558,0.3622906853934675,0.516,159,0.8341013824884793,0.18429003021148035,0.36275607996433196,651,331,0.7896678966789668,0.22535211267605634,0.3594969246125873,271,142,0.7547169811320755,0.4,0.36186467293007135,53,25,0.72,0.29411764705882354,0.3813593240552962,25,17
17,0.0,1.0,Renal-adjusted associative latent class model,0.814,0.39377801467791546,0.18867924528301888,0.1269666325535786,0.047040545743219093,0.3556158354947606,0.535,159,0.8341013824884793,0.2326283987915408,0.35613576322080426,651,331,0.7822878228782287,0.176056338028169,0.35482809070157556,271,142,0.7735849056603774,0.44,0.34969845308930686,53,25,0.72,0.29411764705882354,0.363160921766271,25,17
17,0.0,1.0,Two-nuisance adjusted associative latent model,0.823,0.41673280894311904,0.18238993710691823,0.12229522506123162,0.03886271822500645,0.3535460463029551,0.524,159,0.837173579109063,0.22356495468277945,0.35471881496999386,651,331,0.7933579335793358,0.18309859154929578,0.35384615604076236,271,142,0.8113207547169812,0.2,0.3544559591325413,53,25,0.8,0.17647058823529413,0.31782494545671175,25,17
17,0.0,1.0,Two-path biologically constrained latent SCM,0.818,0.40389985187745114,0.2138364779874214,0.11982797321020702,0.0322624176044189,0.3570969602732532,0.507,159,0.8356374807987711,0.1903323262839879,0.358356677971034,651,331,0.7859778597785978,0.2112676056338028,0.35611505249825076,271,142,0.7924528301886793,0.2,0.35508246836063445,53,25,0.76,0.23529411764705882,0.3392085145588232,25,17
17,0.0,1.0,Two-path latent SCM (counterfactual query),0.822,0.41415009356109767,0.2138364779874214,0.14065823177289274,0.11717080654014694,0.13703613688128513,0.497,159,0.8341013824884793,0.17522658610271905,0.1359020608990385,651,331,0.7970479704797048,0.2112676056338028,0.1407939835075705,271,142,0.8301886792452831,0.12,0.15607147396852147,53,25,0.76,0.23529411764705882,0.08547750340511186,25,17
18,0.0,1.0,Associative latent class model,0.824,0.41932200993575736,0.11971830985915492,0.12046222566993124,0.023211323364580927,0.35739888715936324,0.461,142,0.8120411160058737,0.15606936416184972,0.35906022159636586,681,346,0.8502024291497976,0.11538461538461539,0.35363898018492784,247,130,0.8163265306122449,0.22580645161290322,0.3775519509698213,49,31,0.9130434782608695,0.16666666666666666,0.305652284740856,23,12
18,0.0,1.0,Renal-adjusted associative latent class model,0.828,0.4297637778351521,0.13380281690140844,0.1215707764757478,0.03500732488038716,0.35618128066645094,0.453,142,0.8135095447870778,0.1329479768786127,0.35703477781589527,681,346,0.8623481781376519,0.13076923076923078,0.3552543458894623,247,130,0.8163265306122449,0.22580645161290322,0.37395552985217606,49,31,0.9130434782608695,0.16666666666666666,0.3029979381031514,23,12
18,0.0,1.0,Two-nuisance adjusted associative latent model,0.829,0.43239519035454527,0.13380281690140844,0.11849762169380572,0.02790757099193622,0.3555452184252112,0.462,142,0.8105726872246696,0.15606936416184972,0.3582592693490016,681,346,0.8663967611336032,0.13076923076923078,0.35463940366666524,247,130,0.8571428571428571,0.0967741935483871,0.33578197126238585,49,31,0.9130434782608695,0.16666666666666666,0.32701768265295267,23,12
18,0.0,1.0,Two-path biologically constrained latent SCM,0.828,0.4297649143770671,0.13380281690140844,0.11826820579918501,0.03410478998902103,0.3560866667890919,0.467,142,0.8164464023494861,0.15895953757225434,0.3584665474338224,681,346,0.854251012145749,0.13076923076923078,0.3539740683522931,247,130,0.8163265306122449,0.16129032258064516,0.3494480928909466,49,31,0.9130434782608695,0.16666666666666666,0.32245202399939576,23,12
18,0.0,1.0,Two-path latent SCM (counterfactual query),0.826,0.42452780040354327,0.13380281690140844,0.13740685666017283,0.11011742197228157,0.13865253483118375,0.469,142,0.8135095447870778,0.16473988439306358,0.13662109848016885,681,346,0.854251012145749,0.13076923076923078,0.14213433005420392,247,130,0.8163265306122449,0.16129032258064516,0.16421907048878592,49,31,0.9130434782608695,0.16666666666666666,0.10694142560216792,23,12
19,0.0,1.0,Associative latent class model,0.842,0.4673249757884761,0.1870967741935484,0.12086961687716738,0.04792108361684214,0.3794710779368955,0.532,155,0.8420245398773006,0.17901234567901234,0.3819606310512735,652,324,0.8394160583941606,0.18181818181818182,0.3912703174305893,274,143,0.84,0.38095238095238093,0.3048050803294951,50,21,0.875,0.25,0.33268439579204,24,12
19,0.0,1.0,Renal-adjusted associative latent class model,0.833,0.4430011756455304,0.27741935483870966,0.12328365672781427,0.04597531398574743,0.37591647430851116,0.535,155,0.8374233128834356,0.15432098765432098,0.3799833536453309,652,324,0.8211678832116789,0.2727272727272727,0.383906885101723,274,143,0.84,0.38095238095238093,0.30892785496575753,50,21,0.8333333333333334,0.3333333333333333,0.3137686860664766,24,12
19,0.0,1.0,Two-nuisance adjusted associative latent model,0.836,0.4510370284617038,0.2709677419354839,0.12350263615729556,0.04858505049105657,0.37572432173143716,0.534,155,0.8420245398773006,0.16049382716049382,0.3769430443009771,652,324,0.8248175182481752,0.2727272727272727,0.3800725004625174,274,143,0.8,0.23809523809523808,0.34323509857207235,50,21,0.875,0.25,0.3606598663277785,24,12
19,0.0,1.0,Two-path biologically constrained latent SCM,0.839,0.45914496188832266,0.2129032258064516,0.12080340773193103,0.0375861986423987,0.3791988239086736,0.533,155,0.8420245398773006,0.18209876543209877,0.37928207786445917,652,324,0.8284671532846716,0.2097902097902098,0.38808304319313697,274,143,0.84,0.23809523809523808,0.3357855013703822,50,21,0.875,0.25,0.36595334323364964,24,12
19,0.0,1.0,Two-path latent SCM (counterfactual query),0.839,0.4591429675544628,0.1870967741935484,0.13335703147071598,0.10618508302523888,0.1512085841182534,0.513,155,0.8404907975460123,0.16358024691358025,0.14783258755998316,652,324,0.8394160583941606,0.18181818181818182,0.16241753017302238,274,143,0.82,0.23809523809523808,0.13292297930942593,50,21,0.8333333333333334,0.25,0.15304936651103804,24,12
0,0.0,1.5,Associative latent class model,0.823,0.4167271332627164,0.15584415584415584,0.12158161618042569,0.030575432795158838,0.39773039676607025,0.447,154,0.8205521472392638,0.12716763005780346,0.3922867188862718,652,346,0.8310344827586207,0.1506849315068493,0.4051061420535826,290,146,0.7906976744186046,0.22727272727272727,0.4125435101617092,43,22,0.8666666666666667,0.25,0.4492869279819025,15,8
0,0.0,1.5,Renal-adjusted associative latent class model,0.821,0.4115716572835154,0.21428571428571427,0.1235541017611306,0.02842711443280062,0.39363737720070197,0.455,154,0.8190184049079755,0.11560693641618497,0.38789958603056823,652,346,0.8275862068965517,0.21232876712328766,0.4013296402996106,290,146,0.7906976744186046,0.22727272727272727,0.41079379580944153,43,22,0.8666666666666667,0.25,0.4451412134718932,15,8
0,0.0,1.5,Two-nuisance adjusted associative latent model,0.822,0.41414897651444454,0.21428571428571427,0.1211998091332272,0.03150002113748767,0.38996857876297825,0.472,154,0.8236196319018405,0.14450867052023122,0.387087294043362,652,346,0.8206896551724138,0.22602739726027396,0.39577521940917565,290,146,0.7674418604651163,0.13636363636363635,0.38257892867006354,43,22,0.9333333333333333,0.0,0.42413036568217044,15,8
0,0.0,1.5,Two-path biologically constrained latent SCM,0.822,0.4141471830845081,0.16883116883116883,0.11990359047083146,0.02005581115466436,0.39317935186203395,0.46,154,0.8251533742331288,0.14739884393063585,0.3899137907487159,652,346,0.8206896551724138,0.1780821917808219,0.39960923060669995,290,146,0.7674418604651163,0.13636363636363635,0.39066254068532374,43,22,0.8666666666666667,0.0,0.41802627789728486,15,8
0,0.0,1.5,Two-path latent SCM (counterfactual query),0.829,0.43239667108428287,0.18181818181818182,0.14220764584578852,0.1210797959734082,0.10919191756392894,0.489,154,0.8297546012269938,0.17341040462427745,0.10949531400512348,652,346,0.8275862068965517,0.1917808219178082,0.10698909714630488,290,146,0.813953488372093,0.13636363636363635,0.10095857356668535,43,22,0.8666666666666667,0.0,0.1621943997861685,15,8
1,0.0,1.5,Associative latent class model,0.817,0.40135685239577,0.19424460431654678,0.12378348489270417,0.024409314753647125,0.3806289036633313,0.469,139,0.8091042584434655,0.14444444444444443,0.3794732157958525,681,360,0.8274509803921568,0.1953125,0.38775740000881204,255,128,0.8333333333333334,0.3157894736842105,0.35637427392735066,42,19,0.9090909090909091,0.18181818181818182,0.3800812363254508,22,11
1,0.0,1.5,Renal-adjusted associative latent class model,0.823,0.4167326005661089,0.1366906474820144,0.12254571036183484,0.01897853497331766,0.38055928071287515,0.479,139,0.8208516886930984,0.16666666666666666,0.3799232189186132,681,360,0.8313725490196079,0.140625,0.3876814827104877,255,128,0.7857142857142857,0.42105263157894735,0.34843395755303447,42,19,0.8636363636363636,0.09090909090909091,0.3790256509498992,22,11
1,0.0,1.5,Two-nuisance adjusted associative latent model,0.836,0.45103498684057575,0.08633093525179857,0.12197021857435973,0.021355762355095693,0.3757277641747747,0.482,139,0.8325991189427313,0.18333333333333332,0.37648310729125856,681,360,0.8509803921568627,0.0859375,0.3792548500720572,255,128,0.8333333333333334,0.21052631578947367,0.35945692537148877,42,19,0.7727272727272727,0.09090909090909091,0.3425268397932079,22,11
1,0.0,1.5,Two-path biologically constrained latent SCM,0.824,0.41932295545140186,0.2014388489208633,0.12248238984038562,0.02618112461047326,0.3724361051388741,0.472,139,0.8149779735682819,0.14722222222222223,0.3722924089522432,681,360,0.8392156862745098,0.2109375,0.37684873760717225,255,128,0.8571428571428571,0.10526315789473684,0.35584299149330556,42,19,0.8636363636363636,0.09090909090909091,0.3574154959022174,22,11
1,0.0,1.5,Two-path latent SCM (counterfactual query),0.832,0.4403362872026222,0.16546762589928057,0.13992604618821355,0.11231316036806496,0.12859016148835922,0.482,139,0.8237885462555066,0.16111111111111112,0.12026432924975385,681,360,0.8470588235294118,0.171875,0.14665921775627064,255,128,0.8571428571428571,0.15789473684210525,0.1445259271778722,42,19,0.8636363636363636,0.09090909090909091,0.14645289999805552,22,11
2,0.0,1.5,Associative latent class model,0.818,0.4038997729485976,0.17159763313609466,0.12419070098210899,0.024872622610821658,0.3701694369592282,0.502,169,0.8187599364069952,0.19626168224299065,0.37214536276468313,629,321,0.8213058419243986,0.1503267973856209,0.3769779376524118,291,153,0.8148148148148148,0.2916666666666667,0.33171551573807956,54,24,0.7692307692307693,0.375,0.326030233597477,26,16
2,0.0,1.5,Renal-adjusted associative latent class model,0.815,0.39629639612143025,0.2781065088757396,0.12564644094344407,0.03747501463847118,0.3716020616815981,0.521,169,0.8187599364069952,0.1806853582554517,0.3740525582075663,629,321,0.8109965635738832,0.2549019607843137,0.37791309908107795,291,153,0.8518518518518519,0.20833333333333334,0.33431102358490866,54,24,0.6923076923076923,0.5,0.3191344408792377,26,16
2,0.0,1.5,Two-nuisance adjusted associative latent model,0.82,0.40900917580327023,0.28402366863905326,0.12523647331193238,0.04383517027328757,0.36277159891706534,0.524,169,0.8251192368839427,0.1806853582554517,0.36725560878908436,629,321,0.8075601374570447,0.2875816993464052,0.36400072170414294,291,153,0.8148148148148148,0.125,0.32634750796450407,54,24,0.8461538461538461,0.25,0.31618636702855435,26,16
2,0.0,1.5,Two-path biologically constrained latent SCM,0.82,0.40900917580327023,0.23076923076923078,0.12285536986792542,0.04021367656986339,0.36476453382058216,0.524,169,0.8187599364069952,0.2087227414330218,0.36787779226833384,629,321,0.8178694158075601,0.23529411764705882,0.36981209940466936,291,153,0.8148148148148148,0.125,0.3269776671578246,54,24,0.8846153846153846,0.1875,0.31143413578918955,26,16
2,0.0,1.5,Two-path latent SCM (counterfactual query),0.826,0.4245284059705005,0.16568047337278108,0.1431550014236642,0.11177610937191937,0.13840316790456522,0.498,169,0.8203497615262321,0.19314641744548286,0.13664607758895458,629,321,0.8350515463917526,0.16993464052287582,0.15384602228350586,291,153,0.8148148148148148,0.125,0.09711940329576453,54,24,0.8846153846153846,0.125,0.09381326302466463,26,16
3,0.0,1.5,Associative latent class model,0.804,0.3690338501270561,0.23809523809523808,0.13997360360239267,0.07590498264329272,0.37321934524869005,0.559,168,0.80625,0.25077399380804954,0.3713389439771687,640,323,0.825503355704698,0.21518987341772153,0.38045991998859746,298,158,0.72,0.5833333333333334,0.31512095770951276,50,24,0.5,0.6,0.5357764217687017,12,10
3,0.0,1.5,Renal-adjusted associative latent class model,0.809,0.3813055299692846,0.14285714285714285,0.1382518617983136,0.0617967570343022,0.3673934744477649,0.534,168,0.80625,0.25386996904024767,0.36708124941975095,640,323,0.8422818791946308,0.12025316455696203,0.3703510443293747,298,158,0.72,0.5833333333333334,0.31078525852015665,50,24,0.5,0.5,0.546466723580232,12,10
3,0.0,1.5,Two-nuisance adjusted associative latent model,0.81,0.38378446915307624,0.125,0.13545681487112426,0.07031314192000675,0.3580148980687628,0.555,168,0.7921875,0.30030959752321984,0.35236583910797875,640,323,0.8590604026845637,0.12025316455696203,0.365379444935373,298,158,0.76,0.5,0.3532696599954269,50,24,0.75,0.2,0.4961836207619892,12,10
3,0.0,1.5,Two-path biologically constrained latent SCM,0.81,0.38378464105086507,0.1488095238095238,0.13587028297024115,0.0773466330031839,0.3588862084004442,0.561,168,0.7921875,0.30340557275541796,0.35107158496646107,640,323,0.8557046979865772,0.14556962025316456,0.3673030540489968,298,158,0.8,0.4166666666666667,0.3805725211923186,50,24,0.6666666666666666,0.2,0.4762881546410112,12,10
3,0.0,1.5,Two-path latent SCM (counterfactual query),0.814,0.3937779505326657,0.13095238095238096,0.1522606846667908,0.12878958503347582,0.12674181824603895,0.531,168,0.7984375,0.26625386996904027,0.12517488078953293,640,323,0.8590604026845637,0.12658227848101267,0.12691801593279556,298,158,0.78,0.3333333333333333,0.13171722573665762,50,24,0.6666666666666666,0.2,0.18520537549432728,12,10
4,0.0,1.5,Associative latent class model,0.822,0.41415008852678475,0.13986013986013987,0.12359937520639684,0.018910521192342416,0.3708295856254863,0.487,143,0.8144796380090498,0.17052023121387283,0.3787107410670504,663,346,0.8576779026217228,0.12403100775193798,0.349694162035028,267,129,0.76,0.4166666666666667,0.3609043621103975,50,24,0.75,0.2857142857142857,0.4165402464579751,20,14
4,0.0,1.5,Renal-adjusted associative latent class model,0.825,0.42192232279000685,0.20279720279720279,0.12475537219297342,0.024910953316584748,0.36679272509901134,0.472,143,0.8205128205128205,0.12427745664739884,0.3739630130944594,663,346,0.846441947565543,0.1937984496124031,0.34554801439926813,267,129,0.78,0.3333333333333333,0.3639811130311813,50,24,0.8,0.2857142857142857,0.41974359606105693,20,14
4,0.0,1.5,Two-nuisance adjusted associative latent model,0.831,0.43768185255410635,0.18181818181818182,0.11977900676729229,0.02727570306176249,0.3598615202619077,0.478,143,0.8190045248868778,0.1531791907514451,0.3687464821312439,663,346,0.850187265917603,0.17829457364341086,0.33966943600611665,267,129,0.9,0.041666666666666664,0.34630196266576213,50,24,0.8,0.21428571428571427,0.368788253098587,20,14
4,0.0,1.5,Two-path biologically constrained latent SCM,0.83,0.43503523972643104,0.16083916083916083,0.11950169904680037,0.025387134684192757,0.36088454048160906,0.477,143,0.8159879336349924,0.16184971098265896,0.369758380190887,663,346,0.850187265917603,0.16279069767441862,0.34050642267866177,267,129,0.9,0.041666666666666664,0.34942590627520503,50,24,0.85,0.14285714285714285,0.36741121230439855,20,14
4,0.0,1.5,Two-path latent SCM (counterfactual query),0.83,0.43503523972643104,0.15384615384615385,0.1394205477469385,0.11120086453086721,0.13319891946832696,0.477,143,0.8174962292609351,0.16473988439306358,0.13918190102736747,663,346,0.850187265917603,0.15503875968992248,0.12148810006070453,267,129,0.9,0.041666666666666664,0.11679457347934324,50,24,0.8,0.14285714285714285,0.1322133848503521,20,14
5,0.0,1.5,Associative latent class model,0.802,0.3641803939886431,0.14788732394366197,0.1423513494340148,0.04652411237036504,0.38632374038693795,0.467,142,0.8066465256797583,0.12218649517684887,0.3863225370590852,662,311,0.8068181818181818,0.14814814814814814,0.4030036069679734,264,135,0.7192982456140351,0.5,0.31462602361287,57,32,0.8235294117647058,0.14285714285714285,0.36774030990264567,17,7
5,0.0,1.5,Renal-adjusted associative latent class model,0.805,0.3714716997063691,0.11971830985915492,0.14213883406360686,0.046100510267997157,0.3845459783759035,0.466,142,0.8096676737160121,0.12540192926045016,0.38581860230353254,662,311,0.8143939393939394,0.11851851851851852,0.3988718915660664,264,135,0.7017543859649122,0.53125,0.30946249394927966,57,32,0.8235294117647058,0.14285714285714285,0.36426600720084934,17,7
5,0.0,1.5,Two-nuisance adjusted associative latent model,0.799,0.3569617047712458,0.14788732394366197,0.1402043804541277,0.05268035550715438,0.3865087954912617,0.444,142,0.8036253776435045,0.1157556270096463,0.3837917928167249,662,311,0.7992424242424242,0.14814814814814814,0.40043700458708265,264,135,0.7719298245614035,0.25,0.36526068257144473,57,32,0.7058823529411765,0.14285714285714285,0.34725885464868556,17,7
5,0.0,1.5,Two-path biologically constrained latent SCM,0.81,0.3837840245893846,0.14084507042253522,0.13858935187771287,0.04334394387624283,0.3871116690021573,0.465,142,0.8187311178247734,0.12861736334405144,0.38631659104194216,662,311,0.803030303030303,0.14074074074074075,0.3980194346616688,264,135,0.7719298245614035,0.3125,0.3566431211099174,57,32,0.7058823529411765,0.14285714285714285,0.3508410046144568,17,7
5,0.0,1.5,Two-path latent SCM (counterfactual query),0.809,0.38130543772316716,0.15492957746478872,0.16430243001465247,0.13728981067472268,0.13089630675153066,0.472,142,0.8172205438066465,0.13504823151125403,0.13282860527396953,662,311,0.803030303030303,0.15555555555555556,0.12957302049407404,264,135,0.7719298245614035,0.3125,0.11878414828685044,57,32,0.7058823529411765,0.14285714285714285,0.11681154102216486,17,7
6,0.0,1.5,Associative latent class model,0.82,0.4090086146203635,0.20134228187919462,0.12302133942875378,0.031768326174210514,0.38732874954621616,0.475,149,0.8222565687789799,0.12979351032448377,0.38377326528573424,647,339,0.8237410071942446,0.19148936170212766,0.3949584722481193,278,141,0.7636363636363637,0.41935483870967744,0.4113086670149772,55,31,0.85,0.375,0.33035074677725806,20,8
6,0.0,1.5,Renal-adjusted associative latent class model,0.821,0.4115752342093673,0.18791946308724833,0.12233047237414955,0.040820340658607575,0.38652950153134324,0.476,149,0.8238021638330757,0.13569321533923304,0.3828754191750703,647,339,0.8201438848920863,0.18439716312056736,0.39377359884320656,278,141,0.7636363636363637,0.41935483870967744,0.41174965042978884,55,31,0.9,0.25,0.3346907036511503,20,8
6,0.0,1.5,Two-nuisance adjusted associative latent model,0.833,0.4429983547083627,0.18120805369127516,0.11824362859921628,0.03485895265255097,0.3750410559487653,0.47,149,0.8346213292117465,0.1504424778761062,0.37302803502400245,647,339,0.8165467625899281,0.19148936170212766,0.3817989625809969,278,141,0.8909090909090909,0.0,0.35956505121233845,55,31,0.85,0.0,0.388786393701999,20,8
6,0.0,1.5,Two-path biologically constrained latent SCM,0.824,0.4193221670052361,0.2348993288590604,0.1200833508659031,0.04350020965301324,0.37267114653075545,0.463,149,0.8222565687789799,0.12684365781710916,0.3699270099676734,647,339,0.8129496402877698,0.23404255319148937,0.3787476405394668,278,141,0.8909090909090909,0.03225806451612903,0.3714836070926353,55,31,0.85,0.25,0.38024643108020306,20,8
6,0.0,1.5,Two-path latent SCM (counterfactual query),0.831,0.4376817357182717,0.22818791946308725,0.1346149540802919,0.10569438280085022,0.14056457276847567,0.486,149,0.8361669242658424,0.1504424778761062,0.14016751760536256,647,339,0.8093525179856115,0.22695035460992907,0.13793937448149932,278,141,0.8909090909090909,0.06451612903225806,0.14889455692106288,55,31,0.8,0.25,0.16699210706454207,20,8
7,0.0,1.5,Associative latent class model,0.811,0.3862702849702507,0.19463087248322147,0.1309920715525259,0.03224300332280783,0.3596198023967745,0.484,149,0.8223583460949464,0.13580246913580246,0.35671314502362056,653,324,0.8049645390070922,0.18571428571428572,0.370453842589887,282,140,0.7307692307692307,0.5,0.3347450671690245,52,26,0.6923076923076923,0.3333333333333333,0.3701070456317566,13,9
7,0.0,1.5,Renal-adjusted associative latent class model,0.807,0.3763739905490216,0.12080536912751678,0.13504297117995254,0.038097090910516385,0.35437090260937876,0.47,149,0.8238897396630934,0.15432098765432098,0.35453229875150427,653,324,0.7872340425531915,0.10714285714285714,0.36073935017724107,282,140,0.7307692307692307,0.5,0.3204616792623813,52,26,0.6923076923076923,0.3333333333333333,0.34375441946312335,13,9
7,0.0,1.5,Two-nuisance adjusted associative latent model,0.809,0.38130588324190307,0.1476510067114094,0.12846893140528318,0.042402795374261934,0.34471590801404084,0.478,149,0.8223583460949464,0.16358024691358025,0.34047060929265294,653,324,0.7836879432624113,0.15,0.3511384607985729,282,140,0.7692307692307693,0.34615384615384615,0.3803801726810963,52,26,0.8461538461538461,0.1111111111111111,0.27598347856337535,13,9
7,0.0,1.5,Two-path biologically constrained latent SCM,0.812,0.3887647037637883,0.174496644295302,0.1261452147188044,0.03386715796452611,0.34833690870978556,0.485,149,0.8162327718223583,0.16049382716049382,0.34275090683054427,653,324,0.8049645390070922,0.17857142857142858,0.35693289584604276,282,140,0.7884615384615384,0.3076923076923077,0.3834870569261711,52,26,0.8461538461538461,0.1111111111111111,0.3018586892842475,13,9
7,0.0,1.5,Two-path latent SCM (counterfactual query),0.808,0.3788343364189768,0.174496644295302,0.15297829063184765,0.13236978432008292,0.12474616409080855,0.507,149,0.8116385911179173,0.19753086419753085,0.1204847183490161,653,324,0.8049645390070922,0.17857142857142858,0.14003473463326566,282,140,0.7692307692307693,0.34615384615384615,0.104358772380602,52,26,0.8461538461538461,0.1111111111111111,0.0887070521945244,13,9
8,0.0,1.5,Associative latent class model,0.837,0.4537337610523038,0.12048192771084337,0.1168405362595574,0.03788905302989836,0.3659378116827486,0.451,166,0.8349514563106796,0.1125,0.37160060968716774,618,320,0.8296529968454258,0.11464968152866242,0.3656818133117708,317,157,0.9069767441860465,0.2,0.2739078287328813,43,20,0.8636363636363636,0.2222222222222222,0.39043015639698453,22,9
8,0.0,1.5,Renal-adjusted associative latent class model,0.831,0.4376870352563433,0.13855421686746988,0.11629466898034466,0.033900532467444316,0.3657305678049286,0.445,166,0.8252427184466019,0.103125,0.37035751768235026,618,320,0.832807570977918,0.12738853503184713,0.3680207673616228,317,157,0.8837209302325582,0.2,0.27638557021128646,43,20,0.8636363636363636,0.3333333333333333,0.37738450475074287,22,9
8,0.0,1.5,Two-nuisance adjusted associative latent model,0.837,0.453735785124883,0.12650602409638553,0.11505334969322809,0.043091756540286325,0.3584317150853188,0.441,166,0.8349514563106796,0.1,0.3613665753759472,618,320,0.8296529968454258,0.12738853503184713,0.3595522679880984,317,157,0.9069767441860465,0.1,0.28538587675462634,43,20,0.8636363636363636,0.1111111111111111,0.4026140841048772,22,9
8,0.0,1.5,Two-path biologically constrained latent SCM,0.842,0.4673294455058945,0.09036144578313253,0.11589501719996818,0.04428778396066875,0.35908507665315675,0.44,166,0.8446601941747572,0.109375,0.3637577023842941,618,320,0.832807570977918,0.09554140127388536,0.35740008928237765,317,157,0.9069767441860465,0.1,0.2838694270061925,43,20,0.7727272727272727,0.0,0.3991183143583168,22,9
8,0.0,1.5,Two-path latent SCM (counterfactual query),0.842,0.4673264045348883,0.10843373493975904,0.12949422664489904,0.0975756849340223,0.13683663387624215,0.456,166,0.843042071197411,0.125,0.14227626681658917,618,320,0.832807570977918,0.10828025477707007,0.13251576080550873,317,157,0.9069767441860465,0.1,0.07807184832971736,43,20,0.8181818181818182,0.1111111111111111,0.16115069682118024,22,9
9,0.0,1.5,Associative latent class model,0.831,0.4376814513814773,0.1746987951807229,0.12059704450782467,0.03336455910357527,0.40053035139876125,0.503,166,0.8542944785276073,0.13559322033898305,0.3889212928114427,652,295,0.7992831541218638,0.16339869281045752,0.42030347515622124,279,153,0.7446808510638298,0.4074074074074074,0.39802963169964595,47,27,0.7272727272727273,0.3076923076923077,0.4991639194196113,22,13
9,0.0,1.5,Renal-adjusted associative latent class model,0.817,0.40135733192406703,0.25903614457831325,0.12953676039513004,0.03260698843088254,0.3969501754214228,0.485,166,0.8220858895705522,0.09491525423728814,0.38332278834410305,652,295,0.8136200716845878,0.23529411764705882,0.42162608445498856,279,153,0.8297872340425532,0.25925925925925924,0.4042576885359128,47,27,0.6818181818181818,0.5384615384615384,0.4722694771335397,22,13
9,0.0,1.5,Two-nuisance adjusted associative latent model,0.821,0.41157605455926244,0.24096385542168675,0.12829361411647255,0.03642265257757578,0.3901967877055159,0.473,166,0.8236196319018405,0.09152542372881356,0.3763122042961403,652,295,0.8136200716845878,0.23529411764705882,0.4141721374874777,279,153,0.8723404255319149,0.1111111111111111,0.3935820352944725,47,27,0.7272727272727273,0.3076923076923077,0.49040220393572354,22,13
9,0.0,1.5,Two-path biologically constrained latent SCM,0.84,0.46186199903838515,0.1746987951807229,0.11965511067353082,0.03650881332317154,0.39200849843686875,0.48,166,0.848159509202454,0.10847457627118644,0.37965875503365504,652,295,0.8136200716845878,0.1830065359477124,0.414152442231064,279,153,0.8723404255319149,0.1111111111111111,0.39400419920078317,47,27,0.8636363636363636,0.07692307692307693,0.4729209731828186,22,13
9,0.0,1.5,Two-path latent SCM (counterfactual query),0.847,0.4811168975517963,0.18674698795180722,0.13531673222922036,0.10894133655680639,0.11100391095859301,0.499,166,0.8558282208588958,0.12203389830508475,0.1072991013316123,652,295,0.8243727598566308,0.1895424836601307,0.116655159037224,279,153,0.8723404255319149,0.1111111111111111,0.12765467570967504,47,27,0.8181818181818182,0.15384615384615385,0.11356080730188976,22,13
10,0.0,1.5,Associative latent class model,0.788,0.33098277759663497,0.3132530120481928,0.14145295852107043,0.12494890625270198,0.37311295645980214,0.603,166,0.7946428571428571,0.33430232558139533,0.3689059885636053,672,344,0.7683397683397684,0.3096774193548387,0.4004077930114901,259,155,0.782608695652174,0.3333333333333333,0.32527709141769545,46,27,0.8260869565217391,0.36363636363636365,0.28433771955953835,23,11
10,0.0,1.5,Renal-adjusted associative latent class model,0.789,0.3332910410143949,0.29518072289156627,0.14335920109805017,0.1294155766884643,0.37021633503524665,0.604,166,0.7916666666666666,0.3430232558139535,0.3652529312411915,672,344,0.7799227799227799,0.2903225806451613,0.39907005925990807,259,155,0.782608695652174,0.3333333333333333,0.3228994147848636,46,27,0.8260869565217391,0.36363636363636365,0.2849498614237391,23,11
10,0.0,1.5,Two-nuisance adjusted associative latent model,0.797,0.35209694535187863,0.28313253012048195,0.1365191220882146,0.11307165326271652,0.3687724994421599,0.59,166,0.7976190476190477,0.32558139534883723,0.3642472637004178,672,344,0.7837837837837838,0.2903225806451613,0.39339807121367965,259,155,0.8260869565217391,0.2222222222222222,0.3178349676070003,46,27,0.8695652173913043,0.18181818181818182,0.32555779483539404,23,11
10,0.0,1.5,Two-path biologically constrained latent SCM,0.798,0.35447330460980914,0.26506024096385544,0.13728402530149758,0.11580297705038134,0.36836185035323626,0.593,166,0.7931547619047619,0.3372093023255814,0.36344464910666946,672,344,0.7953667953667953,0.2709677419354839,0.39425911929097507,259,155,0.8478260869565217,0.2222222222222222,0.3170670214650065,46,27,0.8695652173913043,0.18181818181818182,0.3229935334696306,23,11
10,0.0,1.5,Two-path latent SCM (counterfactual query),0.822,0.4141275421272075,0.25301204819277107,0.15311556938959087,0.13946783172511587,0.11326337175798278,0.549,166,0.8258928571428571,0.24709302325581395,0.10483853453463282,672,344,0.7992277992277992,0.25806451612903225,0.14344539848000704,259,155,0.8695652173913043,0.18518518518518517,0.08115790151739768,46,27,0.8695652173913043,0.18181818181818182,0.08375021193858323,23,11
11,0.0,1.5,Associative latent class model,0.816,0.3988166775451061,0.14383561643835616,0.1254703419396452,0.025008954388525243,0.3982097216715184,0.462,146,0.822289156626506,0.14857142857142858,0.40169513137276924,664,350,0.8226415094339623,0.1259259259259259,0.39789766634757234,265,135,0.7222222222222222,0.4375,0.37410264031001833,54,32,0.7647058823529411,0.36363636363636365,0.343513545950118,17,11
11,0.0,1.5,Renal-adjusted associative latent class model,0.813,0.3912614356210995,0.136986301369863,0.12738387892223266,0.026766774041984773,0.3970738133497034,0.463,146,0.8192771084337349,0.15714285714285714,0.4016348047840869,664,350,0.8188679245283019,0.11851851851851852,0.3943488424677918,265,135,0.7222222222222222,0.4375,0.37104069165577397,54,32,0.7647058823529411,0.36363636363636365,0.3440977864525288,17,11
11,0.0,1.5,Two-nuisance adjusted associative latent model,0.823,0.41672714504516306,0.11643835616438356,0.12165587710495264,0.018894688860191494,0.3886308852083067,0.463,146,0.8207831325301205,0.16857142857142857,0.39119187591081567,664,350,0.8226415094339623,0.1111111111111111,0.38407273027337696,265,135,0.8333333333333334,0.25,0.3885234706388773,54,32,0.8823529411764706,0.18181818181818182,0.35999639215181334,17,11
11,0.0,1.5,Two-path biologically constrained latent SCM,0.831,0.437675562930811,0.13013698630136986,0.11908168413059528,0.01887277759714387,0.3903074183083185,0.461,146,0.8253012048192772,0.15428571428571428,0.39111583240883396,664,350,0.8415094339622642,0.1259259259259259,0.38918425722979855,265,135,0.8333333333333334,0.1875,0.39496537093577505,54,32,0.8823529411764706,0.18181818181818182,0.36144396426025227,17,11
11,0.0,1.5,Two-path latent SCM (counterfactual query),0.829,0.4323916585208553,0.1506849315068493,0.14019796099791584,0.11801574002072346,0.1127530109131888,0.465,146,0.8253012048192772,0.15428571428571428,0.11595798007800003,664,350,0.8339622641509434,0.14814814814814814,0.10286019145732044,265,135,0.8333333333333334,0.1875,0.12729109834704094,54,32,0.8823529411764706,0.18181818181818182,0.09560247614509783,17,11
12,0.0,1.5,Associative latent class model,0.822,0.41415927094152394,0.2716049382716049,0.12620089645748347,0.067064764539593,0.36162980259381494,0.582,162,0.8226059654631083,0.22697368421052633,0.3703101019729936,637,304,0.8373702422145328,0.25675675675675674,0.35686918189754424,289,148,0.75,0.5,0.2895965534531135,48,24,0.7692307692307693,0.42857142857142855,0.3348630578030104,26,14
12,0.0,1.5,Renal-adjusted associative latent class model,0.806,0.3739286767985417,0.41358024691358025,0.13108904204921568,0.060760458933040204,0.36129156401803786,0.586,162,0.8226059654631083,0.19407894736842105,0.37657596403270566,637,304,0.7785467128027682,0.39864864864864863,0.3427282528358903,289,148,0.8125,0.375,0.29960719366977684,48,24,0.6923076923076923,0.5714285714285714,0.30704094474933574,26,14
12,0.0,1.5,Two-nuisance adjusted associative latent model,0.814,0.39378583373639775,0.3888888888888889,0.12850025390838477,0.05830470241405972,0.3495203588985174,0.576,162,0.8273155416012559,0.18092105263157895,0.3634114938338654,637,304,0.7854671280276817,0.38513513513513514,0.32860311355179167,289,148,0.8333333333333334,0.3333333333333333,0.3039852045587775,48,24,0.7692307692307693,0.42857142857142855,0.3257556804252332,26,14
12,0.0,1.5,Two-path biologically constrained latent SCM,0.828,0.42977293210725875,0.2962962962962963,0.12364033549101222,0.059186287949474566,0.3487502981491068,0.574,162,0.8273155416012559,0.21052631578947367,0.3574521797370536,637,304,0.8339100346020761,0.28378378378378377,0.33506463666878256,289,148,0.8541666666666666,0.25,0.31290985752543476,48,24,0.7307692307692307,0.42857142857142855,0.3538425576194094,26,14
12,0.0,1.5,Two-path latent SCM (counterfactual query),0.836,0.4510377466198173,0.20987654320987653,0.13564224884356293,0.11605684579585415,0.12823361287105633,0.548,162,0.8288854003139717,0.20065789473684212,0.13034727576557326,637,304,0.8512110726643599,0.20945945945945946,0.12498514752976125,289,148,0.8541666666666666,0.25,0.10252702242798706,48,24,0.8076923076923077,0.21428571428571427,0.16001513445160573,26,14
13,0.0,1.5,Associative latent class model,0.806,0.3739364272995224,0.041379310344827586,0.13458286417057622,0.10454120689156228,0.40165458426308775,0.388,145,0.8108527131782945,0.06521739130434782,0.40794174220339385,645,322,0.8085106382978723,0.014814814814814815,0.3836422286818802,282,135,0.7735849056603774,0.391304347826087,0.408461642302889,53,23,0.7,0.4,0.4348292505777692,20,10
13,0.0,1.5,Renal-adjusted associative latent class model,0.816,0.3988363457387044,0.06206896551724138,0.129692369031336,0.09029814028364251,0.4062214371356436,0.402,145,0.8124031007751938,0.062111801242236024,0.4104097899953384,645,322,0.8368794326241135,0.037037037037037035,0.3945691009887362,282,135,0.7735849056603774,0.391304347826087,0.40852975834609373,53,23,0.75,0.4,0.42932794587418693,20,10
13,0.0,1.5,Two-nuisance adjusted associative latent model,0.811,0.3862815917031988,0.08275862068965517,0.12526508916432044,0.0848463760810951,0.3997816427968783,0.411,145,0.8077519379844961,0.09627329192546584,0.4036793185198347,645,322,0.8297872340425532,0.05925925925925926,0.385377523849029,282,135,0.8490566037735849,0.08695652173913043,0.4140136733977775,53,23,0.55,0.4,0.43946479680382655,20,10
13,0.0,1.5,Two-path biologically constrained latent SCM,0.81,0.3838033528854302,0.05517241379310345,0.13012249738844678,0.10215703332259571,0.3958377977229023,0.384,145,0.8108527131782945,0.06832298136645963,0.39989942111769067,645,322,0.8262411347517731,0.02962962962962963,0.38048515715328673,282,135,0.8113207547169812,0.08695652173913043,0.41231275121097355,53,23,0.55,0.4,0.43766404852916585,20,10
13,0.0,1.5,Two-path latent SCM (counterfactual query),0.826,0.42453350221475056,0.11724137931034483,0.14641198897500873,0.1289682175156741,0.11991991682843463,0.438,145,0.8201550387596899,0.09937888198757763,0.12055904949512598,645,322,0.851063829787234,0.0962962962962963,0.11786198033978558,282,135,0.8490566037735849,0.08695652173913043,0.11316722419108842,53,23,0.6,0.4,0.14621942830655787,20,10
14,0.0,1.5,Associative latent class model,0.8,0.3593881968135568,0.07333333333333333,0.13073790284156792,0.09804544251669539,0.37468145474895137,0.392,150,0.8207547169811321,0.09034267912772585,0.3813073115354328,636,321,0.7417218543046358,0.0763888888888889,0.36443350945240244,302,144,0.8478260869565217,0.18518518518518517,0.39005665841051973,46,27,0.9375,0.0,0.26052990443166935,16,6
14,0.0,1.5,Renal-adjusted associative latent class model,0.812,0.3887766586348143,0.07333333333333333,0.12643006092802794,0.07585292013860982,0.37723642408824354,0.428,150,0.839622641509434,0.12149532710280374,0.38464440463419763,636,321,0.7483443708609272,0.0763888888888889,0.36543837057383,302,144,0.8043478260869565,0.25925925925925924,0.3928998794947446,46,27,0.9375,0.0,0.26042502317743255,16,6
14,0.0,1.5,Two-nuisance adjusted associative latent model,0.82,0.40901857911805184,0.07333333333333333,0.12322036866533158,0.06534205941617575,0.3671048035173043,0.434,150,0.8459119496855346,0.13707165109034267,0.37538838309421346,636,321,0.7483443708609272,0.0763888888888889,0.35635318890205725,302,144,0.8913043478260869,0.037037037037037035,0.3606446331684344,46,27,0.9375,0.0,0.2593422309509527,16,6
14,0.0,1.5,Two-path biologically constrained latent SCM,0.814,0.3937974157479145,0.07333333333333333,0.12493457906173784,0.08572953878075647,0.3664861057830452,0.408,150,0.8380503144654088,0.1059190031152648,0.3742100146153155,636,321,0.7483443708609272,0.0763888888888889,0.35839485604585164,302,144,0.8695652173913043,0.037037037037037035,0.3500068193560363,46,27,0.9375,0.0,0.2595610169674768,16,6
14,0.0,1.5,Two-path latent SCM (counterfactual query),0.834,0.4456764774577741,0.09333333333333334,0.13645691514480365,0.11932198515040296,0.12405322737814686,0.442,150,0.8443396226415094,0.11838006230529595,0.11151340166743205,636,321,0.7980132450331126,0.09722222222222222,0.15598205610525315,302,144,0.8913043478260869,0.037037037037037035,0.12375724253957836,46,27,0.9375,0.0,0.020705613565813966,16,6
15,0.0,1.5,Associative latent class model,0.824,0.41932326537207604,0.18666666666666668,0.12308068674613828,0.03172016520770715,0.3712384344009492,0.515,150,0.8206686930091185,0.17901234567901234,0.3749011057450092,658,324,0.8409090909090909,0.1619718309859155,0.3758583691666424,264,142,0.8166666666666667,0.37037037037037035,0.33290895657246034,60,27,0.7222222222222222,0.625,0.29735333146622284,18,8
15,0.0,1.5,Renal-adjusted associative latent class model,0.824,0.41932313556124,0.16666666666666666,0.12255662618204931,0.03173239869551482,0.3705200874149795,0.513,150,0.8191489361702128,0.18518518518518517,0.3744787946226293,658,324,0.8409090909090909,0.14788732394366197,0.3740063644266587,264,142,0.8166666666666667,0.37037037037037035,0.3315848966677306,60,27,0.7777777777777778,0.5,0.3044592524770954,18,8
15,0.0,1.5,Two-nuisance adjusted associative latent model,0.819,0.4064508058659244,0.2,0.12507936234277744,0.033217440740707455,0.36963129024510083,0.52,150,0.8115501519756839,0.20987654320987653,0.3707551544275824,658,324,0.8295454545454546,0.20422535211267606,0.3742113525915072,264,142,0.85,0.1111111111111111,0.3421650198655234,60,27,0.8333333333333334,0.125,0.35292779753679493,18,8
15,0.0,1.5,Two-path biologically constrained latent SCM,0.826,0.4245281402895375,0.20666666666666667,0.123711216093386,0.029566146178431982,0.3695509372707701,0.509,150,0.8221884498480243,0.17901234567901234,0.37117158465161354,658,324,0.8257575757575758,0.2112676056338028,0.3735991584050426,264,142,0.85,0.1111111111111111,0.34247674265246164,60,27,0.8888888888888888,0.125,0.3411806773294155,18,8
15,0.0,1.5,Two-path latent SCM (counterfactual query),0.821,0.4115761252360346,0.2,0.1426535160629735,0.1187971714307954,0.13224761925726414,0.522,150,0.8130699088145896,0.20679012345679013,0.12931950595389197,658,324,0.8295454545454546,0.20422535211267606,0.14491586605053453,264,142,0.85,0.14814814814814814,0.1180991352575691,60,27,0.8888888888888888,0.125,0.10064708815599895,18,8
16,0.0,1.5,Associative latent class model,0.824,0.419323606097316,0.14705882352941177,0.12297413843776735,0.024535967769793183,0.35784134307138926,0.475,136,0.8223880597014925,0.1497175141242938,0.3546686761894147,670,354,0.8426966292134831,0.11627906976744186,0.37438801145316836,267,129,0.7804878048780488,0.391304347826087,0.3141816908776035,41,23,0.7272727272727273,0.7142857142857143,0.33501280184107435,22,7
16,0.0,1.5,Renal-adjusted associative latent class model,0.826,0.42452880876772564,0.15441176470588236,0.12294065850154869,0.026151595942655002,0.3564468453072385,0.475,136,0.8253731343283582,0.1440677966101695,0.3529912800013664,670,354,0.8426966292134831,0.12403100775193798,0.3736284589123939,267,129,0.7804878048780488,0.391304347826087,0.3141649534110195,41,23,0.7272727272727273,0.7142857142857143,0.3319602766755457,22,7
16,0.0,1.5,Two-nuisance adjusted associative latent model,0.829,0.4323975123449932,0.10294117647058823,0.12078777920645666,0.0353829331243143,0.3563382305768061,0.458,136,0.8238805970149253,0.15254237288135594,0.34704847663494687,670,354,0.8389513108614233,0.10077519379844961,0.36537403239612154,267,129,0.8780487804878049,0.13043478260869565,0.3658251436002619,41,23,0.7727272727272727,0.14285714285714285,0.5119115315462047,22,7
16,0.0,1.5,Two-path biologically constrained latent SCM,0.828,0.4297668254247841,0.1323529411764706,0.11958395132124128,0.03126659331701877,0.3582092761990486,0.459,136,0.8238805970149253,0.14124293785310735,0.3498717111736343,670,354,0.8389513108614233,0.11627906976744186,0.36919680928999105,267,129,0.8780487804878049,0.17391304347826086,0.3565291093046491,41,23,0.7272727272727273,0.42857142857142855,0.481908552308882,22,7
16,0.0,1.5,Two-path latent SCM (counterfactual query),0.824,0.41932326224410477,0.15441176470588236,0.13820830181387092,0.10705522052609948,0.14261508373772475,0.487,136,0.8194029850746268,0.1751412429378531,0.14061503585803994,670,354,0.8352059925093633,0.13953488372093023,0.1503447233542147,267,129,0.8536585365853658,0.21739130434782608,0.132073574305774,41,23,0.7727272727272727,0.42857142857142855,0.12936145594208767,22,7
17,0.0,1.5,Associative latent class model,0.825,0.4219141903250622,0.20689655172413793,0.12728403332713195,0.07918094131026457,0.358796985585443,0.553,174,0.8271028037383178,0.24846625766871167,0.3624918897310168,642,326,0.8316151202749141,0.18787878787878787,0.3538363612109501,291,165,0.8,0.375,0.38356482937940933,45,24,0.7272727272727273,0.5555555555555556,0.26592699743956,22,9
17,0.0,1.5,Renal-adjusted associative latent class model,0.822,0.41414131333426196,0.20114942528735633,0.12752094414947313,0.0790209157909889,0.3571119027381717,0.556,174,0.82398753894081,0.25766871165644173,0.3608980930627687,642,326,0.8316151202749141,0.18181818181818182,0.3515446823063169,291,165,0.7777777777777778,0.4166666666666667,0.38160999452455074,45,24,0.7272727272727273,0.5555555555555556,0.2701533948696034,22,9
17,0.0,1.5,Two-nuisance adjusted associative latent model,0.826,0.4245239748777989,0.19540229885057472,0.1252675448135494,0.07130982760702852,0.3611837858403994,0.542,174,0.8302180685358256,0.25153374233128833,0.3621490058278834,642,326,0.8281786941580757,0.18787878787878787,0.3541298539850899,291,165,0.7777777777777778,0.16666666666666666,0.38264201901982925,45,24,0.7727272727272727,0.3333333333333333,0.38242935151567203,22,9
17,0.0,1.5,Two-path biologically constrained latent SCM,0.82,0.4090007741974907,0.1839080459770115,0.12580058434683772,0.07413260957397205,0.3580735104604139,0.554,174,0.8177570093457944,0.2791411042944785,0.3592550404239834,642,326,0.8350515463917526,0.17575757575757575,0.3501225275159035,291,165,0.7777777777777778,0.25,0.39454720383460795,45,24,0.7727272727272727,0.3333333333333333,0.3541588558423337,22,9
17,0.0,1.5,Two-path latent SCM (counterfactual query),0.832,0.44033565187313223,0.1839080459770115,0.1432116277522851,0.1209971983933011,0.12225781106382877,0.522,174,0.8348909657320872,0.2147239263803681,0.11998249533136458,642,326,0.8350515463917526,0.17575757575757575,0.12246912089849626,291,165,0.8,0.20833333333333334,0.16335329905257223,45,24,0.7727272727272727,0.3333333333333333,0.1018016555574794,22,9
18,0.0,1.5,Associative latent class model,0.816,0.3988222680146418,0.13953488372093023,0.12594699552163316,0.02042596336999576,0.3884427604173578,0.504,129,0.8116591928251121,0.19197707736389685,0.39429802251838525,669,349,0.8255813953488372,0.1322314049586777,0.389509310982383,258,121,0.7843137254901961,0.4166666666666667,0.3351791025968475,51,24,0.9090909090909091,0.25,0.3213566766665467,22,8
18,0.0,1.5,Renal-adjusted associative latent class model,0.812,0.3887643163852551,0.10852713178294573,0.12871643453234477,0.022255261327696736,0.3873622041383017,0.508,129,0.8131539611360239,0.21203438395415472,0.3932985662102292,669,349,0.810077519379845,0.09917355371900827,0.38798978370454007,258,121,0.7647058823529411,0.4583333333333333,0.32670209398032996,51,24,0.9090909090909091,0.25,0.3401041979495532,22,8
18,0.0,1.5,Two-nuisance adjusted associative latent model,0.814,0.3937772661311626,0.10852713178294573,0.12500590996206754,0.025453898954173725,0.38873272073484055,0.506,129,0.8116591928251121,0.2148997134670487,0.38990665883190273,669,349,0.8217054263565892,0.10743801652892562,0.38504615742234133,258,121,0.7843137254901961,0.3333333333333333,0.3794076172878425,51,24,0.8636363636363636,0.125,0.4178849490751647,22,8
18,0.0,1.5,Two-path biologically constrained latent SCM,0.822,0.41414972039241815,0.14728682170542637,0.12265720883779825,0.027403712179107562,0.3892342536120128,0.508,129,0.8146487294469357,0.19197707736389685,0.3915556536910464,669,349,0.8410852713178295,0.1487603305785124,0.3844084779306964,258,121,0.7843137254901961,0.3333333333333333,0.38130472917732205,51,24,0.9090909090909091,0.125,0.393617854479079,22,8
18,0.0,1.5,Two-path latent SCM (counterfactual query),0.821,0.41157538760063245,0.14728682170542637,0.14412123284711298,0.11339093742852481,0.1312377404543611,0.513,129,0.8116591928251121,0.20057306590257878,0.1286940854698001,669,349,0.8449612403100775,0.1487603305785124,0.13644573024679263,258,121,0.7843137254901961,0.3333333333333333,0.13012413908636067,51,24,0.9090909090909091,0.125,0.15009398990854217,22,8
19,0.0,1.5,Associative latent class model,0.823,0.41673372462571706,0.16,0.12338107747947705,0.02711812492496951,0.3748913157281235,0.526,150,0.8239644970414202,0.2042042042042042,0.37949197556964126,676,333,0.8301158301158301,0.15,0.37338603296852807,259,140,0.7755102040816326,0.5555555555555556,0.305227182296903,49,18,0.8125,0.3,0.418226610728066,16,10
19,0.0,1.5,Renal-adjusted associative latent class model,0.83,0.43503546580251173,0.21333333333333335,0.12360822412815031,0.03566033611248127,0.3773624400183574,0.521,150,0.8328402366863905,0.17117117117117117,0.38094789922747974,676,333,0.833976833976834,0.19285714285714287,0.3787423624616681,259,140,0.8163265306122449,0.3888888888888889,0.310510963487905,49,18,0.6875,0.5,0.4082719407563589,16,10
19,0.0,1.5,Two-nuisance adjusted associative latent model,0.823,0.4167339760910081,0.22,0.12354072331277864,0.03397325686606319,0.36828790369674064,0.528,150,0.8254437869822485,0.1921921921921922,0.36902788988662966,676,333,0.8262548262548263,0.21428571428571427,0.3666581793975346,259,140,0.7959183673469388,0.3333333333333333,0.3516751111826787,49,18,0.75,0.3,0.41428132634163983,16,10
19,0.0,1.5,Two-path biologically constrained latent SCM,0.83,0.4350361153354754,0.16,0.12329618384269356,0.02772287530463379,0.36772212352270683,0.527,150,0.8298816568047337,0.2072072072072072,0.36841603532681994,676,333,0.8378378378378378,0.16428571428571428,0.3659362274058858,259,140,0.7959183673469388,0.3333333333333333,0.35605050920646736,49,18,0.8125,0.1,0.4030578620334543,16,10
19,0.0,1.5,Two-path latent SCM (counterfactual query),0.829,0.43239591150146806,0.16,0.14430539648003776,0.11022126688696218,0.1257901676204031,0.506,150,0.8269230769230769,0.18018018018018017,0.125747356472952,676,333,0.8416988416988417,0.16428571428571428,0.12479763209385006,259,140,0.7959183673469388,0.2777777777777778,0.12612269166665369,49,18,0.8125,0.1,0.1426472525446475,16,10
0,0.5,0.0,Associative latent class model,0.802,0.36418390476929546,0.21014492753623187,0.13569342619204605,0.0612648402740895,0.34491687141474997,0.431,138,0.7854938271604939,0.11730205278592376,0.34792435363409324,648,341,0.8284671532846716,0.2125984251968504,0.3509065481447492,274,127,0.8113207547169812,0.058823529411764705,0.30376514245041897,53,34,0.92,0.18181818181818182,0.2885577407329616,25,11
0,0.5,0.0,Renal-adjusted associative latent class model,0.801,0.36177418137483947,0.057971014492753624,0.14074963383357506,0.07876943194585623,0.344863560713806,0.398,138,0.8055555555555556,0.13196480938416422,0.34767706393633396,648,341,0.7846715328467153,0.05511811023622047,0.3451479226183365,274,127,0.8113207547169812,0.058823529411764705,0.3141017614475968,53,34,0.84,0.09090909090909091,0.3340359651565936,25,11
0,0.5,0.0,Two-nuisance adjusted associative latent model,0.804,0.36904085874946263,0.057971014492753624,0.14110643006162704,0.0804925928908979,0.3432708245038668,0.401,138,0.8055555555555556,0.13196480938416422,0.3465251040273154,648,341,0.7956204379562044,0.05511811023622047,0.34421811446013073,274,127,0.8113207547169812,0.058823529411764705,0.3011738518620098,53,34,0.84,0.09090909090909091,0.33778318333616497,25,11
0,0.5,0.0,Two-path biologically constrained latent SCM,0.808,0.37884046111553765,0.10869565217391304,0.13634819814790536,0.07481690064695135,0.3440640105522938,0.415,138,0.7947530864197531,0.12609970674486803,0.34591519818541555,648,341,0.8357664233576643,0.11023622047244094,0.3503392692864167,274,127,0.8113207547169812,0.058823529411764705,0.2996682442624857,53,34,0.84,0.09090909090909091,0.32142341591018125,25,11
0,0.5,0.0,Two-path latent SCM (counterfactual query),0.818,0.40390222139619153,0.14492753623188406,0.14921911056694967,0.12181989552682145,0.14319807894705253,0.443,138,0.8132716049382716,0.1378299120234604,0.1493738112256999,648,341,0.8248175182481752,0.14173228346456693,0.13596140834463288,274,127,0.8113207547169812,0.058823529411764705,0.11389086694283573,53,34,0.88,0.18181818181818182,0.12456829753597162,25,11
1,0.5,0.0,Associative latent class model,0.795,0.34745279802575363,0.3148148148148148,0.13086549061703887,0.062437113663746255,0.3742856835151823,0.452,162,0.8009478672985783,0.08176100628930817,0.3664482855228149,633,318,0.7810457516339869,0.3161290322580645,0.39256751287886343,306,155,0.782608695652174,0.09523809523809523,0.36290504183487426,46,21,0.8666666666666667,0.2857142857142857,0.36697519426027664,15,7
1,0.5,0.0,Renal-adjusted associative latent class model,0.827,0.42714491314649133,0.19135802469135801,0.11678492641741499,0.0437360059889901,0.38294183604933146,0.468,162,0.8278041074249605,0.11949685534591195,0.37574706216777964,633,318,0.8235294117647058,0.1870967741935484,0.40045588316654274,306,155,0.8260869565217391,0.09523809523809523,0.36753423612958985,46,21,0.8666666666666667,0.2857142857142857,0.376524705746917,15,7
1,0.5,0.0,Two-nuisance adjusted associative latent model,0.827,0.42714491314649133,0.19135802469135801,0.11656970590566669,0.04391226258736967,0.38288569161807406,0.468,162,0.8293838862559242,0.11949685534591195,0.375668563470033,633,318,0.8202614379084967,0.1870967741935484,0.4004346123054323,306,155,0.8260869565217391,0.09523809523809523,0.36733876181617164,46,21,0.8666666666666667,0.2857142857142857,0.377127768835801,15,7
1,0.5,0.0,Two-path biologically constrained latent SCM,0.839,0.4591464119852502,0.10493827160493827,0.11622951427025978,0.0514225029688275,0.38146647143858303,0.458,162,0.8309636650868878,0.1289308176100629,0.37446498120378996,633,318,0.8496732026143791,0.1032258064516129,0.39856784543742696,306,155,0.8478260869565217,0.09523809523809523,0.3646050123203136,46,21,0.9333333333333333,0.14285714285714285,0.37976980439979174,15,7
1,0.5,0.0,Two-path latent SCM (counterfactual query),0.839,0.45914281927948847,0.1419753086419753,0.13691181704148853,0.10706519101738171,0.1344902611014236,0.49,162,0.8357030015797788,0.15723270440251572,0.12652262280658277,633,318,0.8398692810457516,0.14193548387096774,0.15199950459757022,306,155,0.8478260869565217,0.14285714285714285,0.11347311781474975,46,21,0.9333333333333333,0.14285714285714285,0.17798860256811425,15,7
2,0.5,0.0,Associative latent class model,0.85,0.4894901800581933,0.24489795918367346,0.1115532377062547,0.037369275449771054,0.39132072046957656,0.525,147,0.8536953242835595,0.14150943396226415,0.39265672382705114,663,318,0.8255813953488372,0.2536231884057971,0.3942011720186471,258,138,0.8888888888888888,0.13333333333333333,0.3952954554095802,63,30,0.9375,0.1111111111111111,0.2738622812891969,16,9
2,0.5,0.0,Renal-adjusted associative latent class model,0.845,0.4755781293709037,0.09523809523809523,0.11205895831780037,0.04233601455515996,0.3754411236145164,0.54,147,0.832579185520362,0.2358490566037736,0.3778306471169762,663,318,0.8643410852713178,0.10144927536231885,0.3772997731027276,258,138,0.8571428571428571,0.2,0.3768958639412327,63,30,1.0,0.0,0.2407264804474877,16,9
2,0.5,0.0,Two-nuisance adjusted associative latent model,0.845,0.47557843960804924,0.10204081632653061,0.11160906383423419,0.046562375128013374,0.3757170106614404,0.542,147,0.832579185520362,0.2358490566037736,0.37776469065453905,663,318,0.8643410852713178,0.10869565217391304,0.3782363653131009,258,138,0.8571428571428571,0.2,0.3783542370857424,63,30,1.0,0.0,0.23985759814370283,16,9
2,0.5,0.0,Two-path biologically constrained latent SCM,0.85,0.4894915501409712,0.1292517006802721,0.10938595530704252,0.03945736112062037,0.38008453584131985,0.537,147,0.8386123680241327,0.20754716981132076,0.3816063180079798,663,318,0.8682170542635659,0.13768115942028986,0.38361223783276976,258,138,0.8571428571428571,0.2,0.38370869372471283,63,30,1.0,0.0,0.2458713710323592,16,9
2,0.5,0.0,Two-path latent SCM (counterfactual query),0.85,0.4894896938980205,0.14285714285714285,0.12250795205074066,0.1005128265684092,0.1157401761399159,0.519,147,0.8401206636500754,0.1761006289308176,0.1157215902528275,663,318,0.8604651162790697,0.15217391304347827,0.11497666308425118,258,138,0.873015873015873,0.16666666666666666,0.1327531737406035,63,30,1.0,0.0,0.06183329880602709,16,9
3,0.5,0.0,Associative latent class model,0.785,0.32422401887520436,0.4550898203592814,0.14573431498341963,0.05657222773022905,0.3532968125579184,0.513,167,0.8111111111111111,0.12063492063492064,0.36041442067092505,630,315,0.7333333333333333,0.44871794871794873,0.347839876286023,300,156,0.7777777777777778,0.09090909090909091,0.31999765400362573,45,22,0.76,0.5454545454545454,0.29935480877062126,25,11
3,0.5,0.0,Renal-adjusted associative latent class model,0.789,0.33341721486194725,0.3772455089820359,0.1490518555641234,0.06275771668587013,0.3417507595860723,0.487,167,0.7952380952380952,0.11746031746031746,0.347492154419863,630,315,0.78,0.358974358974359,0.33729580486349403,300,156,0.8,0.045454545454545456,0.3126127299253125,45,22,0.72,0.6363636363636364,0.3029755198348535,25,11
3,0.5,0.0,Two-nuisance adjusted associative latent model,0.79,0.33573560116841655,0.3772455089820359,0.14963557825642038,0.06471708072728904,0.34027538076619473,0.486,167,0.7968253968253968,0.11428571428571428,0.3456436495153077,630,315,0.7833333333333333,0.3525641025641026,0.3365177894796176,300,156,0.8,0.045454545454545456,0.31439054217516554,45,22,0.68,0.7272727272727273,0.29667881319132616,25,11
3,0.5,0.0,Two-path biologically constrained latent SCM,0.831,0.43768345157744226,0.1377245508982036,0.12759786577924756,0.03957319281787734,0.35876082689753513,0.467,167,0.8206349206349206,0.14285714285714285,0.35937016133843097,630,315,0.8566666666666667,0.12179487179487179,0.3576095639315309,300,156,0.8444444444444444,0.09090909090909091,0.3452011926701976,45,22,0.76,0.36363636363636365,0.38162809618821997,25,11
3,0.5,0.0,Two-path latent SCM (counterfactual query),0.836,0.45103518743367504,0.1317365269461078,0.14730871976737847,0.12270753663085215,0.12746984743517664,0.482,167,0.8269841269841269,0.1619047619047619,0.1288369776591074,630,315,0.86,0.11538461538461539,0.1272084529587502,300,156,0.8444444444444444,0.09090909090909091,0.11337367184581494,45,22,0.76,0.36363636363636365,0.1215280155700901,25,11
4,0.5,0.0,Associative latent class model,0.802,0.3641872480154534,0.24285714285714285,0.1385411381236624,0.06190730107922054,0.3616716541492991,0.425,140,0.8017751479289941,0.08781869688385269,0.36196374244448337,676,353,0.793233082706767,0.2558139534883721,0.36673043942810474,266,129,0.8,0.1111111111111111,0.3645883766742541,40,18,0.9444444444444444,0.09090909090909091,0.26946290566568276,18,11
4,0.5,0.0,Renal-adjusted associative latent class model,0.806,0.3739199883310752,0.14285714285714285,0.13353639551398794,0.04682859874623956,0.36389158065388993,0.457,140,0.8136094674556213,0.1643059490084986,0.36590357596987094,676,353,0.7744360902255639,0.14728682170542637,0.36545770456558907,266,129,0.825,0.16666666666666666,0.3519423591336934,40,18,0.9444444444444444,0.09090909090909091,0.2917399732479324,18,11
4,0.5,0.0,Two-nuisance adjusted associative latent model,0.807,0.37637454687591376,0.1357142857142857,0.13352085603615563,0.05455044958102525,0.36339062804569205,0.456,140,0.8150887573964497,0.1643059490084986,0.3649760466403974,676,353,0.7744360902255639,0.13953488372093023,0.3641902570323205,266,129,0.825,0.16666666666666666,0.35737396804667815,40,18,0.9444444444444444,0.09090909090909091,0.3054029680177209,18,11
4,0.5,0.0,Two-path biologically constrained latent SCM,0.806,0.3739221014590892,0.15714285714285714,0.13353149637162512,0.044074606496955646,0.3632343576064357,0.441,140,0.8062130177514792,0.1359773371104816,0.3644411400834474,676,353,0.793233082706767,0.16279069767441862,0.36719494709415557,266,129,0.825,0.16666666666666666,0.3547789614072495,40,18,0.9444444444444444,0.09090909090909091,0.2781740292605493,18,11
4,0.5,0.0,Two-path latent SCM (counterfactual query),0.81,0.38378502633866396,0.15714285714285714,0.15450043845820882,0.1269543503327369,0.15019550463565892,0.465,140,0.8121301775147929,0.1643059490084986,0.15356316244740711,676,353,0.793233082706767,0.16279069767441862,0.1493170043402535,266,129,0.825,0.16666666666666666,0.13814096267321957,40,18,0.9444444444444444,0.09090909090909091,0.06349139776530542,18,11
5,0.5,0.0,Associative latent class model,0.812,0.3887646559919308,0.22941176470588234,0.12689786055852903,0.040347953262541106,0.3794956200916825,0.482,170,0.8148148148148148,0.11785714285714285,0.38050682028771426,621,280,0.822742474916388,0.23270440251572327,0.368358529613608,299,159,0.7192982456140351,0.1,0.43434453110826754,57,30,0.8260869565217391,0.18181818181818182,0.3610454811031284,23,11
5,0.5,0.0,Renal-adjusted associative latent class model,0.832,0.4403363282610369,0.11764705882352941,0.12006935274908068,0.040451960618006634,0.36557741368489777,0.484,170,0.8405797101449275,0.15357142857142858,0.36596514130176694,621,280,0.8294314381270903,0.11949685534591195,0.3524771246277738,299,159,0.7894736842105263,0.1,0.44351663544732284,57,30,0.7391304347826086,0.09090909090909091,0.3322588022738572,23,11
5,0.5,0.0,Two-nuisance adjusted associative latent model,0.83,0.43503510840114384,0.11764705882352941,0.1200272439123756,0.04230478345456765,0.36638691933000483,0.486,170,0.8405797101449275,0.15,0.3667376798155693,621,280,0.8260869565217391,0.11949685534591195,0.352420274034874,299,159,0.7543859649122807,0.2,0.44761742665228144,57,30,0.782608695652174,0.09090909090909091,0.33717238734473454,23,11
5,0.5,0.0,Two-path biologically constrained latent SCM,0.83,0.43503445625728643,0.10588235294117647,0.12244925100983238,0.05551013434795583,0.3636961949979233,0.474,170,0.8389694041867954,0.14642857142857144,0.3657715141108395,621,280,0.8327759197324415,0.1069182389937107,0.3489407952601964,299,159,0.7543859649122807,0.1,0.435149023824518,57,30,0.7391304347826086,0.09090909090909091,0.32240402583894406,23,11
5,0.5,0.0,Two-path latent SCM (counterfactual query),0.833,0.4429993218134975,0.13529411764705881,0.14383390253545342,0.12131117868626314,0.12176742696987358,0.497,170,0.8389694041867954,0.16428571428571428,0.12308696205700514,621,280,0.8327759197324415,0.13836477987421383,0.103838739530095,299,159,0.7894736842105263,0.1,0.19376509138410009,57,30,0.782608695652174,0.09090909090909091,0.14078392191657702,23,11
6,0.5,0.0,Associative latent class model,0.793,0.3427418715097103,0.30434782608695654,0.143636015066595,0.06264428868266486,0.36596748720168093,0.462,161,0.7823439878234398,0.109375,0.36988572699697797,657,320,0.8125,0.3116883116883117,0.3636515413238388,288,154,0.7857142857142857,0.0,0.33192103696007585,42,18,0.9230769230769231,0.14285714285714285,0.32924900854443007,13,7
6,0.5,0.0,Renal-adjusted associative latent class model,0.833,0.4429999462240812,0.08074534161490683,0.12301247330742293,0.031489230365423004,0.3746120406400725,0.474,161,0.817351598173516,0.175,0.38300026741761284,657,320,0.8541666666666666,0.08441558441558442,0.3603889336643075,288,154,0.8809523809523809,0.05555555555555555,0.35462418607908985,42,18,1.0,0.0,0.33035663354295974,13,7
6,0.5,0.0,Two-nuisance adjusted associative latent model,0.831,0.4376826379492904,0.08074534161490683,0.12287533817637708,0.033079761629748204,0.37438472311376925,0.474,161,0.8143074581430746,0.175,0.38279489829458396,657,320,0.8541666666666666,0.08441558441558442,0.3596410918454823,288,154,0.8809523809523809,0.1111111111111111,0.35759286745481583,42,18,1.0,0.0,0.33022615766357016,13,7
6,0.5,0.0,Two-path biologically constrained latent SCM,0.831,0.4376828803828153,0.11180124223602485,0.12285820290558584,0.02745004677621577,0.3745301817860188,0.472,161,0.817351598173516,0.159375,0.3814218902219216,657,320,0.8472222222222222,0.11688311688311688,0.36407029488255244,288,154,0.8809523809523809,0.05555555555555555,0.35256160315179474,42,18,1.0,0.0,0.32893597320506596,13,7
6,0.5,0.0,Two-path latent SCM (counterfactual query),0.829,0.4323969266076595,0.10559006211180125,0.14346464999619,0.11547676635642237,0.11843262983174503,0.478,161,0.8127853881278538,0.175,0.12217409111084268,657,320,0.8506944444444444,0.11038961038961038,0.1118249167475814,288,154,0.8809523809523809,0.05555555555555555,0.13730894363543045,42,18,1.0,0.0,0.014746178148451443,13,7
7,0.5,0.0,Associative latent class model,0.822,0.4139654517503433,0.4420289855072464,0.1289817434528404,0.0850590514208071,0.35263068027195915,0.638,138,0.8309636650868878,0.24262295081967214,0.3758312769609336,633,305,0.8106312292358804,0.43548387096774194,0.2985274809886672,301,124,0.8571428571428571,0.23809523809523808,0.39297036579845673,42,21,0.6666666666666666,0.5,0.3486647839401722,24,14
7,0.5,0.0,Renal-adjusted associative latent class model,0.827,0.4269490349762957,0.3695652173913043,0.12574885978543557,0.08134217619088413,0.35519831086367465,0.643,138,0.8293838862559242,0.26885245901639343,0.3703418623514307,633,305,0.8372093023255814,0.3548387096774194,0.3196089076951952,301,124,0.8095238095238095,0.3333333333333333,0.3800047866873036,42,21,0.6666666666666666,0.5,0.358726239087436,24,14
7,0.5,0.0,Two-nuisance adjusted associative latent model,0.826,0.4243362866293125,0.37681159420289856,0.1265969160051365,0.08217093863357064,0.35415021228557125,0.642,138,0.8325434439178515,0.25901639344262295,0.3705908721018205,633,305,0.8338870431893688,0.3629032258064516,0.318616810937198,301,124,0.7619047619047619,0.42857142857142855,0.3639407000072116,42,21,0.6666666666666666,0.5,0.34904253136330526,24,14
7,0.5,0.0,Two-path biologically constrained latent SCM,0.82,0.4087702049606425,0.36231884057971014,0.12982744111452593,0.09940379759403745,0.3514053261616963,0.656,138,0.8199052132701422,0.2983606557377049,0.36271494971735774,633,305,0.840531561461794,0.3467741935483871,0.325337729242617,301,124,0.7619047619047619,0.42857142857142855,0.36196528229952213,42,21,0.6666666666666666,0.5,0.3615651930000518,24,14
7,0.5,0.0,Two-path latent SCM (counterfactual query),0.83,0.4348963556684086,0.2826086956521739,0.1383316053699432,0.12052586738738551,0.12644935890587491,0.622,138,0.8246445497630331,0.26885245901639343,0.13569379843628548,633,305,0.8538205980066446,0.2661290322580645,0.11147076112878013,301,124,0.8095238095238095,0.3333333333333333,0.10906908456549624,42,21,0.7083333333333334,0.42857142857142855,0.10089932684135487,24,14
8,0.5,0.0,Associative latent class model,0.768,0.2865826722414656,0.34810126582278483,0.15069513766053236,0.07634693447414648,0.3429823424406199,0.483,158,0.7774343122102009,0.16049382716049382,0.34286178923052035,647,324,0.7553956834532374,0.3424657534246575,0.35410598292149054,278,146,0.7083333333333334,0.16,0.3049065470284249,48,25,0.7777777777777778,0.4166666666666667,0.29902915921979456,27,12
8,0.5,0.0,Renal-adjusted associative latent class model,0.796,0.34981329211181883,0.25316455696202533,0.13803400282883024,0.05179988224812855,0.35098345105151957,0.501,158,0.8052550231839258,0.1882716049382716,0.3485870691786649,647,324,0.7805755395683454,0.2465753424657534,0.36270952515854293,278,146,0.75,0.2,0.3238496825931765,48,25,0.8148148148148148,0.3333333333333333,0.33591053831022094,27,12
8,0.5,0.0,Two-nuisance adjusted associative latent model,0.796,0.34981339268094325,0.2468354430379747,0.13837272419568777,0.04962724263457501,0.3487221950943099,0.507,158,0.8021638330757341,0.19444444444444445,0.3465250025562638,647,324,0.7841726618705036,0.23972602739726026,0.3604125110426639,278,146,0.7708333333333334,0.28,0.33474054212903476,48,25,0.8148148148148148,0.3333333333333333,0.30586275364270277,27,12
8,0.5,0.0,Two-path biologically constrained latent SCM,0.813,0.39126716134054,0.16455696202531644,0.13447898354276983,0.040762728519849765,0.35766102221665935,0.514,158,0.8129829984544049,0.22530864197530864,0.3552742109624438,647,324,0.8129496402877698,0.15753424657534246,0.36545242641640063,278,146,0.7916666666666666,0.2,0.34142060696615967,48,25,0.8518518518518519,0.25,0.3635053350304877,27,12
8,0.5,0.0,Two-path latent SCM (counterfactual query),0.814,0.3937773069801177,0.17088607594936708,0.16181218472041586,0.12862969048964826,0.13937869938078692,0.497,158,0.8160741885625966,0.19444444444444445,0.13788969872519455,647,324,0.8093525179856115,0.1643835616438356,0.13979871613605088,278,146,0.7916666666666666,0.2,0.13826539190821,48,25,0.8518518518518519,0.25,0.17271416326554853,27,12
9,0.5,0.0,Associative latent class model,0.806,0.3739328909088402,0.4266666666666667,0.1364844800987753,0.07027531236693402,0.3619752755824175,0.579,150,0.8325652841781874,0.20504731861198738,0.3626612243831213,651,317,0.7372262773722628,0.460431654676259,0.3400656887597311,274,139,0.7636363636363637,0.23529411764705882,0.4485197237769066,55,34,1.0,0.0,0.4018117490554675,20,11
9,0.5,0.0,Renal-adjusted associative latent class model,0.8,0.3593891033838932,0.18,0.13775292885089754,0.09605358533281452,0.3521997441402741,0.609,150,0.7864823348694316,0.36908517350157727,0.33812733357658575,651,317,0.8248175182481752,0.19424460431654678,0.366505762743924,274,139,0.7636363636363637,0.3235294117647059,0.4471697289823205,55,34,1.0,0.0,0.35309679480270245,20,11
9,0.5,0.0,Two-nuisance adjusted associative latent model,0.799,0.35698916077483456,0.18,0.13785380502882977,0.09713340714036128,0.3515578453371074,0.606,150,0.7864823348694316,0.36908517350157727,0.33727220630401156,651,317,0.8248175182481752,0.19424460431654678,0.36605896247522574,274,139,0.7818181818181819,0.29411764705882354,0.44945337090613796,55,34,0.9,0.0,0.34867739575731815,20,11
9,0.5,0.0,Two-path biologically constrained latent SCM,0.816,0.39884480258649563,0.32666666666666666,0.13282883932568285,0.08952854889349443,0.35852011404082323,0.597,150,0.82642089093702,0.2618296529968454,0.3506533596321016,651,317,0.781021897810219,0.35251798561151076,0.3563314840844445,274,139,0.8,0.2647058823529412,0.4552773993914511,55,34,1.0,0.0,0.3784846657328734,20,11
9,0.5,0.0,Two-path latent SCM (counterfactual query),0.82,0.4090183867763857,0.2733333333333333,0.14483938421835946,0.12654955484790936,0.13104800830396962,0.565,150,0.8279569892473119,0.2334384858044164,0.1258380209497143,651,317,0.7956204379562044,0.2949640287769784,0.1298101502267308,274,139,0.7818181818181819,0.23529411764705882,0.2156417435507362,55,34,1.0,0.0,0.08495898041454299,20,11
10,0.5,0.0,Associative latent class model,0.803,0.36660329955659987,0.29927007299270075,0.13024496117893833,0.038675435722197546,0.40535360680493693,0.477,137,0.808199121522694,0.1286549707602339,0.41411624759124366,683,342,0.7748091603053435,0.31297709923664124,0.38587626264851915,262,131,0.8205128205128205,0.13043478260869565,0.3890377198872058,39,23,1.0,0.0,0.39000986316278036,16,6
10,0.5,0.0,Renal-adjusted associative latent class model,0.804,0.369032898656142,0.11678832116788321,0.13151016820739447,0.04135761372189172,0.39215408415557446,0.514,137,0.8111273792093704,0.24561403508771928,0.4014279348153307,683,342,0.7938931297709924,0.12213740458015267,0.36821756340356737,262,131,0.7948717948717948,0.2608695652173913,0.3962784519018764,39,23,0.6875,0.0,0.3781839650497395,16,6
10,0.5,0.0,Two-nuisance adjusted associative latent model,0.804,0.36903304796379516,0.11678832116788321,0.1317303549253231,0.03584521475773089,0.39289934109548436,0.516,137,0.8096632503660323,0.24561403508771928,0.4023004826990179,683,342,0.7938931297709924,0.12213740458015267,0.3679624660514964,262,131,0.7948717948717948,0.30434782608695654,0.39924441908793257,39,23,0.75,0.0,0.3844633101333554,16,6
10,0.5,0.0,Two-path biologically constrained latent SCM,0.814,0.3937773330756286,0.19708029197080293,0.1270343247939655,0.027325535789966198,0.40307460542998635,0.492,137,0.8184480234260615,0.1695906432748538,0.41152128850265685,683,342,0.7977099236641222,0.20610687022900764,0.38296016215808026,262,131,0.7948717948717948,0.21739130434782608,0.39316024151378176,39,23,0.9375,0.0,0.3960470923885784,16,6
10,0.5,0.0,Two-path latent SCM (counterfactual query),0.817,0.4013567883613512,0.19708029197080293,0.15342478157900113,0.12814283744623767,0.12176586401397935,0.497,137,0.8199121522693997,0.17251461988304093,0.1249848901484927,683,342,0.8053435114503816,0.20610687022900764,0.11273704942102589,262,131,0.7948717948717948,0.21739130434782608,0.11586735221753529,39,23,0.9375,0.0,0.14657814736038632,16,6
11,0.5,0.0,Associative latent class model,0.825,0.42191757795313845,0.3402777777777778,0.128431981961368,0.025183451015744523,0.39368368716727875,0.552,144,0.8358662613981763,0.1523809523809524,0.3979291565928265,658,315,0.8007246376811594,0.35251798561151076,0.370651736219293,276,139,0.7446808510638298,0.3,0.4978685743770138,47,20,1.0,0.0,0.32350525983970696,19,5
11,0.5,0.0,Renal-adjusted associative latent class model,0.817,0.4013512163547056,0.08333333333333333,0.12886919789274873,0.034458229925453526,0.3809752617212157,0.56,144,0.8267477203647416,0.2761904761904762,0.37626621474095273,658,315,0.8152173913043478,0.08633093525179857,0.383553469447861,276,139,0.7021276595744681,0.6,0.4282878071125563,47,20,0.7894736842105263,0.0,0.38956883788257984,19,5
11,0.5,0.0,Two-nuisance adjusted associative latent model,0.816,0.3988173019808987,0.08333333333333333,0.12933465949446196,0.03532256071638941,0.3809380797687782,0.557,144,0.8282674772036475,0.2761904761904762,0.3755005541330681,658,315,0.8043478260869565,0.08633093525179857,0.38222420499432735,276,139,0.723404255319149,0.55,0.44346779491953797,47,20,0.7894736842105263,0.0,0.3958867478719341,19,5
11,0.5,0.0,Two-path biologically constrained latent SCM,0.847,0.4811097287093789,0.1736111111111111,0.11796477880571264,0.030341955496085076,0.3967728846552239,0.57,144,0.8480243161094225,0.20952380952380953,0.39384215055137495,658,315,0.8586956521739131,0.17985611510791366,0.3927124266980179,276,139,0.7446808510638298,0.5,0.4762999462269436,47,20,0.8947368421052632,0.0,0.36052749216315383,19,5
11,0.5,0.0,Two-path latent SCM (counterfactual query),0.842,0.46731805312073654,0.1736111111111111,0.1346378510517605,0.10973549938976151,0.1130555344251571,0.559,144,0.8465045592705167,0.2,0.10742884810461754,658,315,0.8514492753623188,0.17985611510791366,0.1164747578118337,276,139,0.7021276595744681,0.5,0.19142669058940576,47,20,0.8947368421052632,0.0,0.06438235571318868,19,5
12,0.5,0.0,Associative latent class model,0.773,0.2973396299240758,0.5655172413793104,0.1594228326703406,0.13456227570262758,0.3731615833193602,0.625,145,0.8062593144560357,0.2784090909090909,0.3965251387466545,671,352,0.6926070038910506,0.5769230769230769,0.31833414016339,257,130,0.7755102040816326,0.3103448275862069,0.37423275691564656,49,29,0.6956521739130435,0.4666666666666667,0.30191026563030954,23,15
12,0.5,0.0,Renal-adjusted associative latent class model,0.79,0.33566483778785383,0.3724137931034483,0.14601441863510337,0.12984317211745194,0.3886801402900268,0.626,145,0.7958271236959762,0.33238636363636365,0.39710305120008194,671,352,0.7859922178988327,0.36153846153846153,0.37202360390652967,257,130,0.7755102040816326,0.3448275862068966,0.377027124926002,49,29,0.6956521739130435,0.4666666666666667,0.35389554823563507,23,15
12,0.5,0.0,Two-nuisance adjusted associative latent model,0.781,0.31507253067379776,0.4068965517241379,0.15111609273374219,0.1397043428045242,0.3853928584198231,0.637,145,0.7958271236959762,0.33238636363636365,0.396541973634377,671,352,0.7704280155642024,0.4,0.3665649739107428,257,130,0.673469387755102,0.5172413793103449,0.36363723666630815,49,29,0.6956521739130435,0.4666666666666667,0.31685961823678926,23,15
12,0.5,0.0,Two-path biologically constrained latent SCM,0.788,0.3310286418164484,0.33793103448275863,0.14765092939413452,0.1339666687644211,0.3904102786691345,0.632,145,0.7868852459016393,0.35511363636363635,0.39636922648601824,671,352,0.8054474708171206,0.3230769230769231,0.380391311540889,257,130,0.7551020408163265,0.3793103448275862,0.3761516082089511,49,29,0.6956521739130435,0.4666666666666667,0.35889268820735476,23,15
12,0.5,0.0,Two-path latent SCM (counterfactual query),0.814,0.39376185381531675,0.3103448275862069,0.15585483744222978,0.14406302134359514,0.12112793552455907,0.564,145,0.8226527570789866,0.23863636363636365,0.12652182110453095,671,352,0.8093385214007782,0.2923076923076923,0.10916277973799401,257,130,0.7755102040816326,0.3103448275862069,0.1272132843532348,49,29,0.6956521739130435,0.4666666666666667,0.08450035814981846,23,15
13,0.5,0.0,Associative latent class model,0.8,0.3593553072639124,0.4645161290322581,0.1428195872193064,0.06264566356367,0.3833580916697273,0.544,155,0.8286604361370716,0.15976331360946747,0.3939234449016973,642,338,0.7364620938628159,0.4647887323943662,0.3633677505757176,277,142,0.7924528301886793,0.2413793103448276,0.3920225896337409,53,29,0.7857142857142857,0.46153846153846156,0.32247056724198664,28,13
13,0.5,0.0,Renal-adjusted associative latent class model,0.811,0.38626658870000213,0.3741935483870968,0.13506180383657734,0.06780526417601816,0.39046051624914974,0.543,155,0.8317757009345794,0.17751479289940827,0.39699885808536767,642,338,0.776173285198556,0.36619718309859156,0.3790282049412587,277,142,0.7547169811320755,0.3103448275862069,0.3956132494915168,53,29,0.7857142857142857,0.46153846153846156,0.34389051309159463,28,13
13,0.5,0.0,Two-nuisance adjusted associative latent model,0.81,0.3837798861744757,0.36774193548387096,0.13511883140660164,0.06776331819496985,0.3899374486257089,0.544,155,0.8317757009345794,0.17751479289940827,0.39646661580617526,642,338,0.779783393501805,0.3591549295774648,0.3788912183056466,277,142,0.7169811320754716,0.3793103448275862,0.3946834457712921,53,29,0.7857142857142857,0.46153846153846156,0.3405282564857778,28,13
13,0.5,0.0,Two-path biologically constrained latent SCM,0.806,0.3739116560972293,0.32903225806451614,0.13411133574553494,0.06946783495768183,0.39122462395158075,0.554,155,0.8193146417445483,0.21597633136094674,0.39646455093610383,642,338,0.7870036101083032,0.31690140845070425,0.38455659570637685,277,142,0.7547169811320755,0.3793103448275862,0.3878910437685166,53,29,0.7857142857142857,0.46153846153846156,0.3433564257215806,28,13
13,0.5,0.0,Two-path latent SCM (counterfactual query),0.807,0.37637211268348236,0.27741935483870966,0.15756580235244552,0.13503869088184983,0.12068663251792602,0.519,155,0.8255451713395638,0.1863905325443787,0.11230435690768513,642,338,0.779783393501805,0.2676056338028169,0.13058917324424227,277,142,0.7358490566037735,0.3793103448275862,0.17334313019785594,53,29,0.7857142857142857,0.38461538461538464,0.11524458907323958,28,13
14,0.5,0.0,Associative latent class model,0.766,0.28232438698474477,0.547945205479452,0.1599254031728355,0.06363711143761153,0.4188408039608125,0.581,146,0.7833333333333333,0.2275449101796407,0.4276614917189204,660,334,0.7088122605363985,0.5413533834586466,0.39459697583227354,261,133,0.8928571428571429,0.05263157894736842,0.4005489627263879,56,19,0.6086956521739131,0.6153846153846154,0.48537681832278073,23,13
14,0.5,0.0,Renal-adjusted associative latent class model,0.779,0.31071101267179163,0.3356164383561644,0.14964689295917108,0.09547777391070064,0.4261599967110333,0.616,146,0.7681818181818182,0.3473053892215569,0.421099817702117,660,334,0.7777777777777778,0.3383458646616541,0.43845307074031636,261,133,0.9285714285714286,0.15789473684210525,0.3845891083118728,56,19,0.7391304347826086,0.3076923076923077,0.5330815434325478,23,13
14,0.5,0.0,Two-nuisance adjusted associative latent model,0.785,0.3242586071468631,0.2602739726027397,0.15207731536765115,0.09526284098709425,0.42346745106121236,0.614,146,0.7712121212121212,0.37425149700598803,0.415185590082302,660,334,0.7854406130268199,0.2857142857142857,0.4422405099573297,261,133,0.9285714285714286,0.05263157894736842,0.40418596169880033,56,19,0.8260869565217391,0.0,0.49503368056074865,23,13
14,0.5,0.0,Two-path biologically constrained latent SCM,0.778,0.30850340469428794,0.4178082191780822,0.15521999303809703,0.1148962245626063,0.41892621643861866,0.647,146,0.7712121212121212,0.3592814371257485,0.4172236671705584,660,334,0.7739463601532567,0.40601503759398494,0.42302677539040373,261,133,0.9285714285714286,0.15789473684210525,0.37635342930202914,56,19,0.6521739130434783,0.5384615384615384,0.5249050299235296,23,13
14,0.5,0.0,Two-path latent SCM (counterfactual query),0.787,0.3288158062317389,0.2876712328767123,0.17860126384938177,0.1574361812193466,0.1123706302862529,0.566,146,0.7757575757575758,0.2874251497005988,0.10942014861195756,660,334,0.7777777777777778,0.2932330827067669,0.1256311227567114,261,133,0.9642857142857143,0.05263157894736842,0.04924987025028994,56,19,0.782608695652174,0.23076923076923078,0.2002441925583909,23,13
15,0.5,0.0,Associative latent class model,0.812,0.3887654455348359,0.37681159420289856,0.13103782249974827,0.04407376853113255,0.3593658747606778,0.523,138,0.8294930875576036,0.14414414414414414,0.37179536708677036,651,333,0.7865168539325843,0.373015873015873,0.3210068143485851,267,126,0.7543859649122807,0.2,0.3685184150068877,57,30,0.76,0.4166666666666667,0.42450886802901844,25,12
15,0.5,0.0,Renal-adjusted associative latent class model,0.825,0.42192135423304195,0.32608695652173914,0.12467235998141632,0.03597862152383091,0.3621532732220269,0.502,138,0.8402457757296466,0.11711711711711711,0.37307622013837255,651,333,0.8014981273408239,0.3333333333333333,0.32949620096941407,267,126,0.7543859649122807,0.16666666666666666,0.3657422391044191,57,30,0.84,0.25,0.41831442496643617,25,12
15,0.5,0.0,Two-nuisance adjusted associative latent model,0.824,0.41932276467281754,0.32608695652173914,0.12451840098672344,0.03924738038241812,0.362099026794503,0.503,138,0.8402457757296466,0.12012012012012012,0.37314737293663736,651,333,0.8014981273408239,0.3333333333333333,0.32941214215065606,267,126,0.7368421052631579,0.16666666666666666,0.36300490120317563,57,30,0.84,0.25,0.4214306275978382,25,12
15,0.5,0.0,Two-path biologically constrained latent SCM,0.824,0.41932276467281754,0.2246376811594203,0.11896951383141464,0.02371840714584125,0.37520232536457193,0.497,138,0.8433179723502304,0.14714714714714713,0.3802288466503824,651,333,0.7902621722846442,0.23809523809523808,0.3578023843329965,267,126,0.7368421052631579,0.23333333333333334,0.37515373943371305,57,30,0.88,0.08333333333333333,0.4302538572216521,25,12
15,0.5,0.0,Two-path latent SCM (counterfactual query),0.827,0.4271425714342983,0.2246376811594203,0.13565841540635426,0.10859457825930792,0.13125422012223287,0.5,138,0.8494623655913979,0.14714714714714713,0.1353539935203412,651,333,0.7865168539325843,0.23809523809523808,0.12401280866626702,267,126,0.7368421052631579,0.23333333333333334,0.12294060963569015,57,30,0.88,0.08333333333333333,0.12078942709452561,25,12
16,0.5,0.0,Associative latent class model,0.803,0.36660266200734354,0.33544303797468356,0.13776712439871394,0.04581840808045413,0.36822676143040683,0.515,158,0.8132911392405063,0.12709030100334448,0.3626753621889459,632,299,0.7916666666666666,0.3288590604026846,0.3783106075573718,288,149,0.78125,0.19047619047619047,0.38709479846194683,64,21,0.6875,0.4444444444444444,0.33052565305658715,16,9
16,0.5,0.0,Renal-adjusted associative latent class model,0.813,0.39126471184056505,0.13924050632911392,0.1305652552483624,0.034995177214505624,0.3476083019963935,0.537,158,0.814873417721519,0.2408026755852843,0.34077755895060935,632,299,0.8055555555555556,0.14093959731543623,0.3645567468824729,288,149,0.8125,0.3333333333333333,0.3413969184213351,64,21,0.875,0.1111111111111111,0.3371961786556741,16,9
16,0.5,0.0,Two-nuisance adjusted associative latent model,0.815,0.39629376198118277,0.14556962025316456,0.1304683660461037,0.03650769848869486,0.3473706917074625,0.537,158,0.8180379746835443,0.23411371237458195,0.3405932240642832,632,299,0.8090277777777778,0.14093959731543623,0.36443768820354866,288,149,0.8125,0.3333333333333333,0.3404269379734115,64,21,0.8125,0.2222222222222222,0.3356497416196954,16,9
16,0.5,0.0,Two-path biologically constrained latent SCM,0.811,0.386269167415518,0.16455696202531644,0.12908011317035414,0.03539529516496202,0.352217433014645,0.527,158,0.8085443037974683,0.21739130434782608,0.34471653755581144,632,299,0.8194444444444444,0.15436241610738255,0.3700798679789571,288,149,0.8125,0.2857142857142857,0.35079800070719036,64,21,0.75,0.3333333333333333,0.3326567035107703,16,9
16,0.5,0.0,Two-path latent SCM (counterfactual query),0.811,0.3862689095449416,0.17088607594936708,0.1531627423883645,0.12846296450096495,0.12551754001140553,0.529,158,0.8069620253164557,0.21739130434782608,0.12017786130734616,632,299,0.8229166666666666,0.1610738255033557,0.12737615032097407,288,149,0.8125,0.2857142857142857,0.15893638251634706,64,21,0.75,0.3333333333333333,0.16930449322974953,16,9
17,0.5,0.0,Associative latent class model,0.815,0.3963079554047985,0.4557823129251701,0.13195318083763977,0.08418056554018377,0.3192008163747389,0.591,147,0.8370253164556962,0.19692307692307692,0.3228867697003055,632,325,0.7811447811447811,0.42105263157894735,0.3064691267694313,297,133,0.85,0.1111111111111111,0.3867690579291182,40,18,0.6451612903225806,0.7857142857142857,0.27884790182128977,31,14
17,0.5,0.0,Renal-adjusted associative latent class model,0.829,0.432403733054219,0.14965986394557823,0.12442217720423801,0.058635943928020275,0.3200330155734,0.575,147,0.8132911392405063,0.28,0.3088028559969446,632,325,0.8619528619528619,0.13533834586466165,0.3298706488483309,297,133,0.825,0.2777777777777778,0.36339024865474456,40,18,0.8387096774193549,0.2857142857142857,0.3987876751350642,31,14
17,0.5,0.0,Two-nuisance adjusted associative latent model,0.833,0.4430050413278349,0.16326530612244897,0.12403168900956325,0.0630106496055117,0.31615902105032495,0.569,147,0.8212025316455697,0.2553846153846154,0.30647440890195116,632,325,0.8619528619528619,0.13533834586466165,0.32733867083500107,297,133,0.825,0.3333333333333333,0.3478932186584607,40,18,0.8064516129032258,0.42857142857142855,0.36554453677284177,31,14
17,0.5,0.0,Two-path biologically constrained latent SCM,0.833,0.44300619861106144,0.19047619047619047,0.12273049911396881,0.06131961679453805,0.31964559738765774,0.575,147,0.8212025316455697,0.2553846153846154,0.3096444084491173,632,325,0.8585858585858586,0.17293233082706766,0.3283028263033822,297,133,0.825,0.2777777777777778,0.36424197553859167,40,18,0.8387096774193549,0.35714285714285715,0.3830552520699183,31,14
17,0.5,0.0,Two-path latent SCM (counterfactual query),0.842,0.4673248528146783,0.16326530612244897,0.13460787780491806,0.1102563934551965,0.12974537664244754,0.538,147,0.8338607594936709,0.20615384615384616,0.12104744344781532,632,325,0.8585858585858586,0.14285714285714285,0.1351500168580752,297,133,0.875,0.1111111111111111,0.19959537142292758,40,18,0.8064516129032258,0.35714285714285715,0.16516201676331696,31,14
18,0.5,0.0,Associative latent class model,0.815,0.3962958177275254,0.3624161073825503,0.12490366709324054,0.029478115999270946,0.35518700082623966,0.507,149,0.8201892744479495,0.12037037037037036,0.35989934001166013,634,324,0.788961038961039,0.3732394366197183,0.34020946040322175,308,142,0.8936170212765957,0.08,0.386303993429378,47,25,0.9090909090909091,0.14285714285714285,0.37000161486127836,11,7
18,0.5,0.0,Renal-adjusted associative latent class model,0.836,0.45103554165721405,0.2684563758389262,0.11671148049479708,0.02325368561905003,0.36016337302003704,0.522,149,0.8375394321766562,0.14814814814814814,0.35769376732408303,634,324,0.827922077922078,0.2746478873239437,0.36208175702812617,308,142,0.851063829787234,0.16,0.38764221974902846,47,25,0.9090909090909091,0.14285714285714285,0.3313780948819311,11,7
18,0.5,0.0,Two-nuisance adjusted associative latent model,0.836,0.451035048025359,0.26174496644295303,0.1168908016728448,0.02257142113397916,0.3604932542172401,0.516,149,0.8375394321766562,0.14814814814814814,0.35874849597027625,634,324,0.827922077922078,0.2746478873239437,0.362314480925563,308,142,0.8297872340425532,0.08,0.38381160946769094,47,25,1.0,0.0,0.3104274547300064,11,7
18,0.5,0.0,Two-path biologically constrained latent SCM,0.836,0.451035048025359,0.2348993288590604,0.11542941176956946,0.016425607838797464,0.3614162425454574,0.516,149,0.8359621451104101,0.15432098765432098,0.35741041837533394,634,324,0.827922077922078,0.23943661971830985,0.367238356881039,308,142,0.8723404255319149,0.16,0.3864648892500985,47,25,0.9090909090909091,0.14285714285714285,0.32225214376191214,11,7
18,0.5,0.0,Two-path latent SCM (counterfactual query),0.837,0.4537294518085721,0.22818791946308725,0.13282365278885458,0.0978511147529247,0.137485183307832,0.511,149,0.8375394321766562,0.14814814814814814,0.12934544191896546,634,324,0.8311688311688312,0.2323943661971831,0.146819680659968,308,142,0.851063829787234,0.16,0.19280354661328006,47,25,0.9090909090909091,0.14285714285714285,0.1089040724648723,11,7
19,0.5,0.0,Associative latent class model,0.79,0.3357453177663222,0.26490066225165565,0.14655602988582375,0.0901786226836268,0.3627619727134074,0.415,151,0.7783018867924528,0.04777070063694268,0.36258263511476174,636,314,0.8067796610169492,0.2702702702702703,0.3664405612245175,295,148,0.8727272727272727,0.08333333333333333,0.34530516033229186,55,24,0.6428571428571429,0.0,0.361976242922155,14,3
19,0.5,0.0,Renal-adjusted associative latent class model,0.813,0.3912724364350497,0.1390728476821192,0.12951536055561808,0.07155852403869369,0.37488933279922887,0.434,151,0.809748427672956,0.09872611464968153,0.3796263166482737,636,314,0.823728813559322,0.14189189189189189,0.3774136790526978,295,148,0.8545454545454545,0.125,0.3179013298487302,55,24,0.5714285714285714,0.0,0.3303847820500581,14,3
19,0.5,0.0,Two-nuisance adjusted associative latent model,0.814,0.39378276138872853,0.1390728476821192,0.1298509987871626,0.07337291274132257,0.3740580703272964,0.435,151,0.8081761006289309,0.09872611464968153,0.3788015949714438,636,314,0.823728813559322,0.14189189189189189,0.37709662782093273,295,148,0.8727272727272727,0.125,0.3130810853908033,55,24,0.6428571428571429,0.0,0.33409221584205856,14,3
19,0.5,0.0,Two-path biologically constrained latent SCM,0.808,0.37884294217360925,0.13245033112582782,0.1331363687385077,0.08739514770670159,0.3725666760597246,0.419,151,0.8081761006289309,0.08598726114649681,0.3765929468119335,636,314,0.8135593220338984,0.13513513513513514,0.3759708408539523,295,148,0.8545454545454545,0.125,0.3200895579034466,55,24,0.5,0.0,0.32408843933781756,14,3
19,0.5,0.0,Two-path latent SCM (counterfactual query),0.824,0.4193254549436957,0.1456953642384106,0.146916021030033,0.12717657626806528,0.13743870990061027,0.455,151,0.8223270440251572,0.11146496815286625,0.13777411583774218,636,314,0.8271186440677966,0.14864864864864866,0.14735743035408175,295,148,0.8727272727272727,0.125,0.08583109699780246,55,24,0.6428571428571429,0.0,0.11594428131949851,14,3
0,0.5,0.5,Associative latent class model,0.773,0.29741818145832366,0.5384615384615384,0.15920040797859739,0.0706695991765847,0.3556046247908014,0.574,156,0.8070987654320988,0.1782178217821782,0.3609414190542471,648,303,0.6958041958041958,0.5448275862068965,0.3397901664391722,286,145,0.7916666666666666,0.21428571428571427,0.3986749175290069,48,28,0.7222222222222222,0.45454545454545453,0.29990008892520353,18,11
0,0.5,0.5,Renal-adjusted associative latent class model,0.802,0.3641815004285766,0.38461538461538464,0.1415830185324955,0.04042904616603893,0.3730190273525154,0.543,156,0.8209876543209876,0.1617161716171617,0.37309766208884815,648,303,0.7517482517482518,0.3931034482758621,0.37278652953175107,286,145,0.8333333333333334,0.17857142857142858,0.40486430204528384,48,28,0.8333333333333334,0.2727272727272727,0.28896157637152203,18,11
0,0.5,0.5,Two-nuisance adjusted associative latent model,0.8,0.35936114884289977,0.36538461538461536,0.13681105310447716,0.03848738912146584,0.37389654766188646,0.549,156,0.816358024691358,0.18811881188118812,0.37386732339990036,648,303,0.7587412587412588,0.3793103448275862,0.37794644178499825,286,145,0.7916666666666666,0.14285714285714285,0.38613220948673715,48,28,0.8888888888888888,0.18181818181818182,0.2779718718265624,18,11
0,0.5,0.5,Two-path biologically constrained latent SCM,0.808,0.3788365699180756,0.2564102564102564,0.13419391988633855,0.03727996824932304,0.37724430642817386,0.549,156,0.8148148148148148,0.22772277227722773,0.3743045214392596,648,303,0.7937062937062938,0.2620689655172414,0.38573209906901057,286,145,0.7708333333333334,0.17857142857142858,0.4018910796516497,48,28,0.8888888888888888,0.18181818181818182,0.2824902432509695,18,11
0,0.5,0.5,Two-path latent SCM (counterfactual query),0.808,0.37883469851221696,0.20512820512820512,0.15885456867190334,0.13292867967319463,0.12567424564812105,0.509,156,0.8194444444444444,0.18811881188118812,0.13228358049954536,648,303,0.7832167832167832,0.20689655172413793,0.11456981117043406,286,145,0.7708333333333334,0.17857142857142858,0.12657338423632955,48,28,0.8888888888888888,0.18181818181818182,0.061777613684872765,18,11
1,0.5,0.5,Associative latent class model,0.775,0.3018120423367845,0.47337278106508873,0.1639107880866299,0.07598765225703069,0.3510079792578123,0.563,169,0.804416403785489,0.18181818181818182,0.3605190135171763,634,308,0.7133105802047781,0.4810126582278481,0.3297800588522757,293,158,0.7551020408163265,0.3333333333333333,0.3724449597573667,49,21,0.7916666666666666,0.36363636363636365,0.31514851733728194,24,11
1,0.5,0.5,Renal-adjusted associative latent class model,0.799,0.3569634336209354,0.3668639053254438,0.14213386264466288,0.04890646116834969,0.3736139042321581,0.535,169,0.8186119873817035,0.15584415584415584,0.37648621299677637,634,308,0.7610921501706485,0.3670886075949367,0.36679252827092657,293,158,0.7755102040816326,0.3333333333333333,0.38285577582509256,49,21,0.7916666666666666,0.36363636363636365,0.362145891391285,24,11
1,0.5,0.5,Two-nuisance adjusted associative latent model,0.801,0.36176787762386076,0.34911242603550297,0.14121478492008283,0.04704901690366999,0.3712487339902562,0.533,169,0.8201892744479495,0.1590909090909091,0.3731365856960865,634,308,0.764505119453925,0.35443037974683544,0.36487486503829136,293,158,0.7551020408163265,0.3333333333333333,0.38480227664133493,49,21,0.8333333333333334,0.2727272727272727,0.3715204853038572,24,11
1,0.5,0.5,Two-path biologically constrained latent SCM,0.803,0.3666030797289814,0.24260355029585798,0.13334543714466263,0.03411481175615885,0.3783896516582106,0.521,169,0.8138801261829653,0.19480519480519481,0.37658749016151816,634,308,0.7849829351535836,0.2468354430379747,0.3790025178152188,293,158,0.7755102040816326,0.3333333333333333,0.384050866540373,49,21,0.7916666666666666,0.18181818181818182,0.4069563631446142,24,11
1,0.5,0.5,Two-path latent SCM (counterfactual query),0.804,0.36903265976375005,0.23668639053254437,0.16803582019036517,0.1439271519463443,0.11697433466019916,0.51,169,0.8186119873817035,0.17857142857142858,0.11035954983971143,634,308,0.7849829351535836,0.24050632911392406,0.11839573429242932,293,158,0.7755102040816326,0.3333333333333333,0.13066584025233738,49,21,0.7083333333333334,0.18181818181818182,0.24640848924065853,24,11
2,0.5,0.5,Associative latent class model,0.824,0.4193277184518555,0.2922077922077922,0.1285444721043661,0.05439662453718967,0.35310049716350533,0.453,154,0.8201550387596899,0.062111801242236024,0.34759249190361874,645,322,0.8421052631578947,0.26811594202898553,0.36496251065506646,285,138,0.851063829787234,0.037037037037037035,0.345524910518044,47,27,0.6521739130434783,0.5,0.3760588502012713,23,16
2,0.5,0.5,Renal-adjusted associative latent class model,0.837,0.45372974239355335,0.14285714285714285,0.11286951677509185,0.019403980647552773,0.3655135092955656,0.484,154,0.8294573643410853,0.14596273291925466,0.35801143046864164,645,322,0.8701754385964913,0.11594202898550725,0.37579532959583073,285,138,0.7872340425531915,0.2222222222222222,0.37748822582988945,47,27,0.7391304347826086,0.375,0.42402265628152874,23,16
2,0.5,0.5,Two-nuisance adjusted associative latent model,0.836,0.4510347614195929,0.16233766233766234,0.11136658190994331,0.030736118090067446,0.36401631459983613,0.489,154,0.827906976744186,0.15838509316770186,0.35744990816278066,645,322,0.8666666666666667,0.13768115942028986,0.3741585289801417,285,138,0.851063829787234,0.07407407407407407,0.3597728969322823,47,27,0.6521739130434783,0.375,0.43115725737760374,23,16
2,0.5,0.5,Two-path biologically constrained latent SCM,0.845,0.4755764387485678,0.19480519480519481,0.11493595800485722,0.03921289953470788,0.3608806566377818,0.474,154,0.8372093023255814,0.10869565217391304,0.35484382019954586,645,322,0.8666666666666667,0.17391304347826086,0.3710034344695909,285,138,0.8723404255319149,0.037037037037037035,0.35318860046799444,47,27,0.7391304347826086,0.375,0.4204586766628528,23,16
2,0.5,0.5,Two-path latent SCM (counterfactual query),0.844,0.4728170429115207,0.17532467532467533,0.1286530180004561,0.10353266442397421,0.12310932755691,0.481,154,0.8372093023255814,0.12422360248447205,0.1175755196435971,645,322,0.8701754385964913,0.15217391304347827,0.12758698145729158,285,138,0.8297872340425532,0.1111111111111111,0.12298355607664689,47,27,0.7391304347826086,0.375,0.22306958851562433,23,16
3,0.5,0.5,Associative latent class model,0.806,0.37391750910528115,0.3221476510067114,0.1331097499271765,0.04548610651087668,0.3540109508314473,0.497,149,0.8104265402843602,0.1394658753709199,0.3608215657442817,633,337,0.8075601374570447,0.3,0.3361142708965648,291,140,0.7818181818181819,0.21739130434782608,0.38298581107052904,55,23,0.7142857142857143,0.6666666666666666,0.32082987026369103,21,9
3,0.5,0.5,Renal-adjusted associative latent class model,0.82,0.40900873839923735,0.18120805369127516,0.1238753738432435,0.030966312558793813,0.36137229575766705,0.491,149,0.8167456556082149,0.17210682492581603,0.36693620699122076,633,337,0.8247422680412371,0.17857142857142858,0.3463397987226108,291,140,0.8181818181818182,0.21739130434782608,0.37372605919826823,55,23,0.8571428571428571,0.2222222222222222,0.36961247847808876,21,9
3,0.5,0.5,Two-nuisance adjusted associative latent model,0.819,0.40645020922444447,0.174496644295302,0.1237567594168145,0.03708431548754246,0.3607125619395009,0.49,149,0.8167456556082149,0.17507418397626112,0.36617435468165355,633,337,0.8213058419243986,0.17857142857142858,0.3455797669439456,291,140,0.8,0.21739130434782608,0.3743688149244517,55,23,0.9047619047619048,0.1111111111111111,0.3700094487848174,21,9
3,0.5,0.5,Two-path biologically constrained latent SCM,0.815,0.396295992058817,0.16778523489932887,0.12441356107387663,0.036412609533879606,0.3601877528802661,0.492,149,0.8167456556082149,0.18694362017804153,0.3657626882563555,633,337,0.8109965635738832,0.17857142857142858,0.3442317603875091,291,140,0.8,0.21739130434782608,0.3773282315949743,55,23,0.8571428571428571,0.0,0.3683560096906828,21,9
3,0.5,0.5,Two-path latent SCM (counterfactual query),0.815,0.39629605094351433,0.16778523489932887,0.14737557331713508,0.12120895774423486,0.13343295220115298,0.49,149,0.8167456556082149,0.18397626112759644,0.13912928196666827,633,337,0.8109965635738832,0.17857142857142858,0.11135944007136864,291,140,0.8,0.21739130434782608,0.16641606762860775,55,23,0.8571428571428571,0.0,0.18122075885286973,21,9
4,0.5,0.5,Associative latent class model,0.824,0.4193246555006145,0.41714285714285715,0.13611058432778453,0.05395143982683654,0.36905832584310644,0.54,175,0.8548895899053628,0.12025316455696203,0.37616685389510895,634,316,0.7612903225806451,0.39644970414201186,0.3599409249911224,310,169,0.9090909090909091,0.14285714285714285,0.32864355433549747,44,21,0.5,1.0,0.37721144463312656,12,6
4,0.5,0.5,Renal-adjusted associative latent class model,0.825,0.4219244358321738,0.38285714285714284,0.13146030797854572,0.05820936771001027,0.3669598564651458,0.553,175,0.8533123028391167,0.1550632911392405,0.3714439735883151,634,316,0.7677419354838709,0.3609467455621302,0.3639155928035626,310,169,0.9090909090909091,0.19047619047619047,0.31500481576838496,44,21,0.5,1.0,0.39919429560338937,12,6
4,0.5,0.5,Two-nuisance adjusted associative latent model,0.822,0.4141530234132221,0.3942857142857143,0.13180532466072797,0.05942494006490663,0.36583330559429905,0.556,175,0.8501577287066246,0.16139240506329114,0.3698354140296843,634,316,0.7645161290322581,0.378698224852071,0.3604387655369571,310,169,0.9090909090909091,0.14285714285714285,0.32237161469837355,44,21,0.5,0.8333333333333334,0.4531070613578454,12,6
4,0.5,0.5,Two-path biologically constrained latent SCM,0.82,0.40901036484920217,0.30857142857142855,0.12552448833183708,0.05388468290101324,0.36989490902973915,0.54,175,0.8422712933753943,0.18354430379746836,0.37060640259889244,634,316,0.7709677419354839,0.2958579881656805,0.3702358504965268,310,169,0.9090909090909091,0.19047619047619047,0.3220463267706758,44,21,0.5833333333333334,0.6666666666666666,0.4989414791840275,12,6
4,0.5,0.5,Two-path latent SCM (counterfactual query),0.831,0.43768155840898165,0.24,0.14304135261779852,0.11806851276679876,0.13609631442807682,0.511,175,0.8501577287066246,0.16139240506329114,0.12667091467668593,634,316,0.7838709677419354,0.23668639053254437,0.15340060416176568,310,169,0.9090909090909091,0.14285714285714285,0.10161563537550598,44,21,0.75,0.3333333333333333,0.31347327303235956,12,6
5,0.5,0.5,Associative latent class model,0.802,0.3641756326159577,0.2875816993464052,0.1409100214588838,0.06615259148065643,0.3636380202478265,0.457,153,0.8015267175572519,0.05863192182410423,0.3551177285011485,655,307,0.8166666666666667,0.2789115646258503,0.3744842830803067,300,147,0.6774193548387096,0.23529411764705882,0.45091492220791274,31,17,0.7857142857142857,0.5,0.3365900405026406,14,6
5,0.5,0.5,Renal-adjusted associative latent class model,0.828,0.42976480928004157,0.10457516339869281,0.12278393731798434,0.046338872739270676,0.3721314768860727,0.475,153,0.8320610687022901,0.1237785016286645,0.36310677201543806,655,307,0.8333333333333334,0.10204081632653061,0.3840972636878628,300,147,0.6774193548387096,0.47058823529411764,0.4302675848171162,31,17,0.8571428571428571,0.16666666666666666,0.4092190700193816,14,6
5,0.5,0.5,Two-nuisance adjusted associative latent model,0.827,0.4271425435514088,0.1111111111111111,0.12157267496286273,0.04171906639824266,0.37184266965795315,0.478,153,0.8305343511450382,0.13355048859934854,0.3621112021299898,655,307,0.8333333333333334,0.10884353741496598,0.3828760944552234,300,147,0.7096774193548387,0.35294117647058826,0.45084724185583774,31,17,0.7857142857142857,0.16666666666666666,0.4157671020508465,14,6
5,0.5,0.5,Two-path biologically constrained latent SCM,0.827,0.4271420515777663,0.1568627450980392,0.12313836479514845,0.04987362029739282,0.37108938061127744,0.474,153,0.8305343511450382,0.10423452768729642,0.3604146330550425,655,307,0.83,0.1564625850340136,0.38422307151731827,300,147,0.7096774193548387,0.35294117647058826,0.4519971942540632,31,17,0.8571428571428571,0.16666666666666666,0.40992582022522395,14,6
5,0.5,0.5,Two-path latent SCM (counterfactual query),0.826,0.4245275632580939,0.13725490196078433,0.14317793719222124,0.1208375019782611,0.11625609329073522,0.475,153,0.8305343511450382,0.11726384364820847,0.10905134795323956,655,307,0.8266666666666667,0.1360544217687075,0.12197520346844773,300,147,0.7096774193548387,0.35294117647058826,0.19138285499867722,31,17,0.8571428571428571,0.16666666666666666,0.1644307739907136,14,6
6,0.5,0.5,Associative latent class model,0.807,0.3763943047751479,0.5208333333333334,0.1384452916955061,0.08305174501134045,0.37103319047105426,0.595,144,0.8315132605304212,0.1926605504587156,0.384065876628471,641,327,0.7411347517730497,0.518796992481203,0.34212249965233577,282,133,0.8909090909090909,0.20689655172413793,0.3705304077023083,55,29,0.7272727272727273,0.5454545454545454,0.36314755575539215,22,11
6,0.5,0.5,Renal-adjusted associative latent class model,0.808,0.3788534916174786,0.3819444444444444,0.13146007555447897,0.07452813027598025,0.37566286115913433,0.588,144,0.8159126365054602,0.24464831804281345,0.37675949006933596,641,327,0.7659574468085106,0.39849624060150374,0.3757761354369311,282,133,0.8909090909090909,0.1724137931034483,0.35562238718665795,55,29,0.9090909090909091,0.18181818181818182,0.39236029710041753,22,11
6,0.5,0.5,Two-nuisance adjusted associative latent model,0.809,0.3813226009787893,0.3680555555555556,0.12936329388773413,0.06723142856240873,0.3729315439838855,0.585,144,0.8174726989079563,0.25076452599388377,0.37375428055008303,641,327,0.7659574468085106,0.39097744360902253,0.37333401546632156,282,133,0.9090909090909091,0.10344827586206896,0.35788838878674356,55,29,0.8636363636363636,0.09090909090909091,0.38140892756857736,22,11
6,0.5,0.5,Two-path biologically constrained latent SCM,0.812,0.3887761562999364,0.2638888888888889,0.12917126455643882,0.06883426063126427,0.3773239275208841,0.57,144,0.8143525741029641,0.26605504587155965,0.3746026093428745,641,327,0.7907801418439716,0.2781954887218045,0.38650510106563263,282,133,0.8909090909090909,0.13793103448275862,0.3601530507273449,55,29,0.8181818181818182,0.09090909090909091,0.38185448370860137,22,11
6,0.5,0.5,Two-path latent SCM (counterfactual query),0.819,0.40645134255675713,0.16666666666666666,0.15031827479324641,0.12854905573283287,0.12039328237644698,0.525,144,0.8143525741029641,0.22935779816513763,0.11897901861445645,641,327,0.8120567375886525,0.18045112781954886,0.12617191445727663,282,133,0.8909090909090909,0.13793103448275862,0.1129093293468293,55,29,0.8636363636363636,0.0,0.10623811152512616,22,11
7,0.5,0.5,Associative latent class model,0.777,0.306221087773878,0.3581081081081081,0.15108226282461712,0.0622156769894458,0.36936670207751365,0.479,148,0.7764350453172205,0.09900990099009901,0.3736537791931284,662,303,0.7833935018050542,0.3597122302158273,0.3663990919155346,277,139,0.725,0.19047619047619047,0.3698381913996439,40,21,0.8095238095238095,0.3333333333333333,0.2724678159558966,21,9
7,0.5,0.5,Renal-adjusted associative latent class model,0.817,0.4013585924913069,0.22297297297297297,0.12736534479726544,0.04257931713085757,0.39457953525224754,0.503,148,0.8157099697885196,0.1353135313531353,0.3962946584448422,662,303,0.8267148014440433,0.2158273381294964,0.3967523049744205,277,139,0.775,0.23809523809523808,0.40713215095299454,40,21,0.8095238095238095,0.3333333333333333,0.28794270693941726,21,9
7,0.5,0.5,Two-nuisance adjusted associative latent model,0.814,0.39377907525933864,0.22297297297297297,0.12767655782694767,0.050630985028079806,0.393703506202486,0.5,148,0.8141993957703928,0.13861386138613863,0.3954851099061769,662,303,0.8267148014440433,0.2158273381294964,0.3962135992624869,277,139,0.725,0.19047619047619047,0.3968784723767603,40,21,0.8095238095238095,0.3333333333333333,0.29838369303893486,21,9
7,0.5,0.5,Two-path biologically constrained latent SCM,0.818,0.4039011553043115,0.16891891891891891,0.12493064930890134,0.03941778828994199,0.3983910794517362,0.502,148,0.8308157099697885,0.15841584158415842,0.39926687320360965,662,303,0.7978339350180506,0.15827338129496402,0.4011383747075323,277,139,0.775,0.23809523809523808,0.40924324482928365,40,21,0.7619047619047619,0.3333333333333333,0.31387380018041844,21,9
7,0.5,0.5,Two-path latent SCM (counterfactual query),0.817,0.40135678847652106,0.18243243243243243,0.15189462298938763,0.1320081207735766,0.10844698853164932,0.519,148,0.8323262839879154,0.18151815181518152,0.10733271066897625,662,303,0.7906137184115524,0.17266187050359713,0.11278097280319335,277,139,0.775,0.23809523809523808,0.1088108117644441,40,21,0.7619047619047619,0.3333333333333333,0.08571295865355741,21,9
8,0.5,0.5,Associative latent class model,0.811,0.38627009400820184,0.39705882352941174,0.13882184967536268,0.04830553673948843,0.36093694837756807,0.491,136,0.8187221396731055,0.08656716417910448,0.37133941616854665,673,335,0.7878787878787878,0.4,0.3309382233108851,264,125,0.8478260869565217,0.058823529411764705,0.3653097792223092,46,17,0.7647058823529411,0.36363636363636365,0.4031517939903675,17,11
8,0.5,0.5,Renal-adjusted associative latent class model,0.823,0.41673277138963544,0.2426470588235294,0.12437918987229156,0.038668218028684496,0.3686660416221019,0.483,136,0.8231797919762258,0.11940298507462686,0.37325890650470134,673,335,0.8143939393939394,0.24,0.3579935121671584,264,125,0.8913043478260869,0.058823529411764705,0.35079465539284604,46,17,0.7647058823529411,0.2727272727272727,0.4009385990727769,17,11
8,0.5,0.5,Two-nuisance adjusted associative latent model,0.825,0.42192179519433154,0.2426470588235294,0.12446912731664371,0.03669894873259783,0.3693579545375669,0.489,136,0.8320950965824666,0.1253731343283582,0.3740430847502232,673,335,0.8143939393939394,0.24,0.3575111164386986,264,125,0.8260869565217391,0.058823529411764705,0.36035948347237223,46,17,0.7058823529411765,0.2727272727272727,0.39220514830124326,17,11
8,0.5,0.5,Two-path biologically constrained latent SCM,0.82,0.4090089547752719,0.19852941176470587,0.12476246418009523,0.03989701310810506,0.37343828294590253,0.486,136,0.826151560178306,0.14626865671641792,0.37685937201503983,673,335,0.8106060606060606,0.192,0.36627958158208007,264,125,0.8260869565217391,0.058823529411764705,0.36385418695350114,46,17,0.7058823529411765,0.2727272727272727,0.3751072613088547,17,11
8,0.5,0.5,Two-path latent SCM (counterfactual query),0.82,0.4090088583597146,0.18382352941176472,0.14672285445269773,0.11930351778533516,0.13640118315760816,0.49,136,0.826151560178306,0.1582089552238806,0.14290065697999368,673,335,0.8106060606060606,0.176,0.1260449063660211,264,125,0.8478260869565217,0.058823529411764705,0.10359586582912256,46,17,0.6470588235294118,0.2727272727272727,0.1286927000766585,17,11
9,0.5,0.5,Associative latent class model,0.836,0.4510340415638645,0.22818791946308725,0.11833450021029437,0.019752776292196357,0.3620233648288571,0.529,149,0.8374233128834356,0.15112540192926044,0.3635208629938834,652,311,0.8380281690140845,0.2302158273381295,0.36064915412963733,284,139,0.775,0.2631578947368421,0.3584183178329282,40,19,0.875,0.2,0.3436112362796231,24,10
9,0.5,0.5,Renal-adjusted associative latent class model,0.834,0.4456686664887068,0.2348993288590604,0.11903616043959485,0.02277191811943228,0.3570598251517828,0.529,149,0.8358895705521472,0.15112540192926044,0.358412149668916,652,311,0.8345070422535211,0.23741007194244604,0.35625790956009284,284,139,0.775,0.2631578947368421,0.3534788364078666,40,19,0.875,0.2,0.33577932484452394,24,10
9,0.5,0.5,Two-nuisance adjusted associative latent model,0.836,0.4510336246747219,0.2348993288590604,0.11895110905901837,0.02127678263229209,0.355982571413909,0.533,149,0.8374233128834356,0.15755627009646303,0.3568628496190563,652,311,0.8345070422535211,0.23741007194244604,0.3551668370985214,284,139,0.8,0.21052631578947367,0.3524708529591533,40,19,0.875,0.2,0.34757406699741994,24,10
9,0.5,0.5,Two-path biologically constrained latent SCM,0.832,0.44033415814149385,0.15436241610738255,0.1173447364049143,0.021811365378399863,0.3566541342062535,0.539,149,0.8343558282208589,0.2090032154340836,0.3579933825318587,652,311,0.8345070422535211,0.1510791366906475,0.3525234134837344,284,139,0.775,0.2631578947368421,0.35605477584053313,40,19,0.8333333333333334,0.2,0.3701503471866565,24,10
9,0.5,0.5,Two-path latent SCM (counterfactual query),0.831,0.4376805624530128,0.14093959731543623,0.13817767562905084,0.10544389000326104,0.1289681583453821,0.53,149,0.8374233128834356,0.20257234726688103,0.12991593794358985,652,311,0.8274647887323944,0.1366906474820144,0.12016487721225678,284,139,0.775,0.2631578947368421,0.16102573407710802,40,19,0.7916666666666666,0.2,0.1539630131165118,24,10
10,0.5,0.5,Associative latent class model,0.795,0.34743540024343383,0.22818791946308725,0.1426403226839018,0.07450364726988414,0.37017513372671446,0.466,149,0.7822706065318819,0.09830508474576272,0.3672158266691649,643,295,0.8235294117647058,0.22302158273381295,0.37470420796761333,306,139,0.7941176470588235,0.17647058823529413,0.3616428173621714,34,17,0.7647058823529411,0.3,0.4176478676492924,17,10
10,0.5,0.5,Renal-adjusted associative latent class model,0.8,0.3593447514174973,0.174496644295302,0.13694207146762238,0.0762360399566939,0.3683222715170057,0.463,149,0.8040435458786936,0.11186440677966102,0.3653414766427227,643,295,0.7973856209150327,0.16546762589928057,0.3751000261517434,306,139,0.8235294117647058,0.17647058823529413,0.3557334478198392,34,17,0.6470588235294118,0.3,0.38424451808394006,17,10
10,0.5,0.5,Two-nuisance adjusted associative latent model,0.792,0.3403647961105437,0.15436241610738255,0.13845291925576503,0.0831652284818754,0.36387304918061697,0.449,149,0.80248833592535,0.11864406779661017,0.36273854025843283,643,295,0.7875816993464052,0.1510791366906475,0.3718242312158243,306,139,0.7647058823529411,0.058823529411764705,0.3405799337145669,34,17,0.5294117647058824,0.2,0.31024913506512936,17,10
10,0.5,0.5,Two-path biologically constrained latent SCM,0.795,0.34742013449389963,0.1610738255033557,0.13729929398338517,0.07973213666808204,0.3662400925360968,0.452,149,0.8040435458786936,0.1152542372881356,0.3641495322287815,643,295,0.7875816993464052,0.15827338129496402,0.37335523617159266,306,139,0.8235294117647058,0.058823529411764705,0.3504149131466466,34,17,0.5294117647058824,0.2,0.34889023514687856,17,10
10,0.5,0.5,Two-path latent SCM (counterfactual query),0.811,0.38626839439350286,0.16778523489932887,0.15420249179545853,0.13139471410535702,0.14633413145316018,0.48,149,0.8211508553654744,0.13220338983050847,0.15011714495498735,643,295,0.7941176470588235,0.16546762589928057,0.14057347103450535,306,139,0.8823529411764706,0.058823529411764705,0.12944616353330612,34,17,0.5882352941176471,0.2,0.14071503237719427,17,10
11,0.5,0.5,Associative latent class model,0.803,0.3666026239883106,0.3684210526315789,0.13296441407768253,0.04558013811113491,0.34243582670095146,0.483,152,0.8096676737160121,0.11799410029498525,0.3422610394576628,662,339,0.7789855072463768,0.3669064748201439,0.3513061481384769,276,139,0.8809523809523809,0.043478260869565216,0.2958244282058201,42,23,0.75,0.38461538461538464,0.32369478545572766,20,13
11,0.5,0.5,Renal-adjusted associative latent class model,0.837,0.4537296498057502,0.09868421052631579,0.11760760813373415,0.029388615090864937,0.34498089010066657,0.491,152,0.8217522658610272,0.1976401179941003,0.3412174393825615,662,339,0.8659420289855072,0.07913669064748201,0.36031704032194894,276,139,0.9285714285714286,0.08695652173913043,0.30725728806200076,42,23,0.75,0.3076923076923077,0.33713180009744587,20,13
11,0.5,0.5,Two-nuisance adjusted associative latent model,0.839,0.45914308274064997,0.08552631578947369,0.11709707419622883,0.02883501648221418,0.3484130502634408,0.489,152,0.8262839879154078,0.20058997050147492,0.34515533918005276,662,339,0.8695652173913043,0.07194244604316546,0.3639302328382133,276,139,0.8809523809523809,0.043478260869565216,0.2944323905103156,42,23,0.75,0.23076923076923078,0.35546555307328925,20,13
11,0.5,0.5,Two-path biologically constrained latent SCM,0.838,0.4564325858424712,0.19736842105263158,0.11748956031503713,0.021759098264751482,0.35078675765253536,0.476,152,0.8323262839879154,0.13274336283185842,0.347343744457674,662,339,0.8514492753623188,0.18705035971223022,0.3671480740965783,276,139,0.8809523809523809,0.043478260869565216,0.30028979717199883,42,23,0.75,0.3076923076923077,0.34500794448377803,20,13
11,0.5,0.5,Two-path latent SCM (counterfactual query),0.842,0.46732325415013987,0.18421052631578946,0.13683054326420574,0.10930956110821757,0.1196720345186362,0.49,152,0.8368580060422961,0.1504424778761062,0.11944539035066291,662,339,0.855072463768116,0.17266187050359713,0.1243302264353239,276,139,0.8809523809523809,0.08695652173913043,0.11028241169509588,42,23,0.75,0.3076923076923077,0.08260911595769604,20,13
12,0.5,0.5,Associative latent class model,0.794,0.34508879615114474,0.3142857142857143,0.14382362196247836,0.05224975653020006,0.34953485603296724,0.49,140,0.7930513595166163,0.13719512195121952,0.35154442326746055,662,328,0.8022388059701493,0.3076923076923077,0.3454790769372205,268,130,0.78,0.20833333333333334,0.38027186227038706,50,24,0.75,0.4,0.2605231048606923,20,10
12,0.5,0.5,Renal-adjusted associative latent class model,0.786,0.3265106591261097,0.34285714285714286,0.14346170596242575,0.05743374604482959,0.3505557170145185,0.482,140,0.7930513595166163,0.125,0.35254065834885057,662,328,0.7761194029850746,0.3384615384615385,0.3479387180839471,268,130,0.76,0.20833333333333334,0.37036029396364634,50,24,0.75,0.4,0.270410502144964,20,10
12,0.5,0.5,Two-nuisance adjusted associative latent model,0.79,0.33573574762059605,0.34285714285714286,0.14468560501766747,0.05475136634547923,0.34750874151210326,0.484,140,0.7960725075528701,0.125,0.3497944120861847,662,328,0.7798507462686567,0.34615384615384615,0.3439376329971705,268,130,0.76,0.16666666666666666,0.36664060841876,50,24,0.8,0.3,0.2718762323434606,20,10
12,0.5,0.5,Two-path biologically constrained latent SCM,0.806,0.3739189148688661,0.15,0.1322505694481285,0.039447305917112846,0.3645733764212167,0.472,140,0.8111782477341389,0.16158536585365854,0.36594597433273435,662,328,0.7947761194029851,0.16153846153846155,0.3647566130812823,268,130,0.74,0.20833333333333334,0.37580252801097935,50,24,0.95,0.0,0.28861213533069385,20,10
12,0.5,0.5,Two-path latent SCM (counterfactual query),0.804,0.36903425601791495,0.14285714285714285,0.15940486303508294,0.1348114457048014,0.13098515502328223,0.47,140,0.8066465256797583,0.16463414634146342,0.12952320519686447,662,328,0.7985074626865671,0.15384615384615385,0.1341334837517768,268,130,0.74,0.20833333333333334,0.14609684297466619,50,24,0.95,0.0,0.09940886943742278,20,10
13,0.5,0.5,Associative latent class model,0.792,0.34039542891740426,0.46987951807228917,0.13911082404736277,0.046976713057393614,0.38819688256095924,0.527,166,0.8131868131868132,0.1411042944785276,0.38710793648248926,637,326,0.7394366197183099,0.4594594594594595,0.3958091929062053,284,148,0.9019607843137255,0.13793103448275862,0.3699070891563655,51,29,0.6428571428571429,0.5555555555555556,0.36907338175988086,28,18
13,0.5,0.5,Renal-adjusted associative latent class model,0.814,0.3937741412135121,0.26506024096385544,0.12779476489962907,0.06869863502272341,0.3788311549562557,0.547,166,0.8069073783359497,0.2392638036809816,0.37156404093481843,637,326,0.823943661971831,0.24324324324324326,0.4021347345131406,284,148,0.9019607843137255,0.1724137931034483,0.3429921444091785,51,29,0.7142857142857143,0.4444444444444444,0.37307131836344204,28,18
13,0.5,0.5,Two-nuisance adjusted associative latent model,0.815,0.3962928467630528,0.26506024096385544,0.12618061629525834,0.06589953137882101,0.3773541721317274,0.546,166,0.8069073783359497,0.2392638036809816,0.3695219920957062,637,326,0.8204225352112676,0.25,0.3999897613814641,284,148,0.9215686274509803,0.13793103448275862,0.3375334487437238,51,29,0.75,0.3888888888888889,0.39847732316060075,28,18
13,0.5,0.5,Two-path biologically constrained latent SCM,0.817,0.4013507690648138,0.20481927710843373,0.12759124645029105,0.07683626473432084,0.3771063509300627,0.562,166,0.7990580847723705,0.2883435582822086,0.3678975095653708,637,326,0.8415492957746479,0.19594594594594594,0.4007713590884701,284,148,0.9019607843137255,0.1724137931034483,0.34086731805183923,51,29,0.8214285714285714,0.2777777777777778,0.41258350482686146,28,18
13,0.5,0.5,Two-path latent SCM (counterfactual query),0.821,0.4115748079963179,0.1566265060240964,0.14586664700664495,0.12644294267848324,0.1247194063280375,0.526,166,0.8037676609105181,0.254601226993865,0.1280418786317352,637,326,0.8485915492957746,0.14189189189189189,0.12493534860416591,284,148,0.9215686274509803,0.13793103448275862,0.09637455246397339,51,29,0.75,0.2777777777777778,0.09857101644201559,28,18
14,0.5,0.5,Associative latent class model,0.821,0.41157641186734023,0.27607361963190186,0.12508285381887171,0.045052416987757284,0.38085971584656936,0.49,163,0.8148148148148148,0.07220216606498195,0.3878146647144842,594,277,0.8285714285714286,0.28187919463087246,0.36167951637019635,315,149,0.8307692307692308,0.16129032258064516,0.40106348734478625,65,31,0.8461538461538461,0.21428571428571427,0.40383194892856894,26,14
14,0.5,0.5,Renal-adjusted associative latent class model,0.837,0.45373100299281305,0.12883435582822086,0.11582176621327628,0.04351429904225823,0.3861001671842916,0.498,163,0.8316498316498316,0.12274368231046931,0.3925137766739493,594,277,0.8634920634920635,0.12751677852348994,0.37266360796721365,315,149,0.7692307692307693,0.3548387096774194,0.38416483770051413,65,31,0.8076923076923077,0.14285714285714285,0.4072012646061526,26,14
14,0.5,0.5,Two-nuisance adjusted associative latent model,0.838,0.4564335912407816,0.12883435582822086,0.11520124685049171,0.04762188849282119,0.38588924785939205,0.495,163,0.835016835016835,0.11913357400722022,0.39198104891288627,594,277,0.8634920634920635,0.12751677852348994,0.37218511705703006,315,149,0.7692307692307693,0.3225806451612903,0.3916483944265063,65,31,0.7692307692307693,0.14285714285714285,0.3983479728634727,26,14
14,0.5,0.5,Two-path biologically constrained latent SCM,0.839,0.45914194398724656,0.13496932515337423,0.11597647512213666,0.05218165837178015,0.38672334372361983,0.478,163,0.8333333333333334,0.09747292418772563,0.3920983680473204,594,277,0.8571428571428571,0.14093959731543623,0.3734533357500367,315,149,0.8153846153846154,0.1935483870967742,0.4000606840311777,65,31,0.8076923076923077,0.07142857142857142,0.39135261077782413,26,14
14,0.5,0.5,Two-path latent SCM (counterfactual query),0.838,0.45643330282672095,0.13496932515337423,0.1344495038279794,0.11567864118829385,0.11406722936988752,0.491,163,0.8333333333333334,0.11913357400722022,0.11926338056547511,594,277,0.8571428571428571,0.14093959731543623,0.09530841948136322,315,149,0.8,0.22580645161290322,0.1636347284094041,65,31,0.8076923076923077,0.07142857142857142,0.09870660887517792,26,14
15,0.5,0.5,Associative latent class model,0.787,0.32880461827992963,0.47619047619047616,0.1468871534613694,0.050148944655989965,0.3810389860391759,0.513,147,0.7934272300469484,0.11875,0.3894974675456452,639,320,0.7561837455830389,0.463768115942029,0.37056937303019166,283,138,0.8947368421052632,0.07407407407407407,0.37042807027259017,57,27,0.7142857142857143,0.6666666666666666,0.29355103354412837,21,9
15,0.5,0.5,Renal-adjusted associative latent class model,0.823,0.4167334831470186,0.17687074829931973,0.12293597539664089,0.03282793122090612,0.3995064732105202,0.475,147,0.8231611893583725,0.1375,0.40173412492098487,639,320,0.8021201413427562,0.17391304347826086,0.40329934919792637,283,138,0.9122807017543859,0.1111111111111111,0.361104699348324,57,27,0.8571428571428571,0.2222222222222222,0.38484208095919864,21,9
15,0.5,0.5,Two-nuisance adjusted associative latent model,0.829,0.4323961451858743,0.19727891156462585,0.12189707358430084,0.02888129972190339,0.40090573620259246,0.489,147,0.8231611893583725,0.14375,0.4026094550487029,639,320,0.8303886925795053,0.1956521739130435,0.4034865034361228,283,138,0.8947368421052632,0.07407407407407407,0.370622253899073,57,27,0.8095238095238095,0.2222222222222222,0.39648311818101833,21,9
15,0.5,0.5,Two-path biologically constrained latent SCM,0.819,0.4064512140936143,0.17687074829931973,0.1223738282168674,0.030271095264644086,0.40094021654771783,0.475,147,0.8215962441314554,0.146875,0.40318442383325703,639,320,0.7950530035335689,0.17391304347826086,0.402283958377114,283,138,0.9122807017543859,0.07407407407407407,0.36921034667728525,57,27,0.8095238095238095,0.2222222222222222,0.40066760652085937,21,9
15,0.5,0.5,Two-path latent SCM (counterfactual query),0.821,0.41157565430879667,0.1836734693877551,0.14697658672716932,0.12170955393844528,0.11387141216660011,0.483,147,0.8184663536776213,0.153125,0.11638550704281714,639,320,0.8091872791519434,0.18115942028985507,0.11683977029908514,283,138,0.9122807017543859,0.07407407407407407,0.08863613660426342,57,27,0.8095238095238095,0.2222222222222222,0.06586468500742185,21,9
16,0.5,0.5,Associative latent class model,0.822,0.41414682263893104,0.1592356687898089,0.12903540227343682,0.05781008377888988,0.38060759421300216,0.458,157,0.8009118541033434,0.09933774834437085,0.3857218076062738,658,302,0.8669064748201439,0.1476510067114094,0.36960063507299973,278,149,0.8444444444444444,0.10526315789473684,0.3975035545117994,45,19,0.8421052631578947,0.375,0.3245267528815347,19,8
16,0.5,0.5,Renal-adjusted associative latent class model,0.833,0.4429994190060383,0.07006369426751592,0.1170198437099138,0.029570545499829824,0.3711983630133258,0.493,157,0.8237082066869301,0.17880794701986755,0.3835557933624319,658,302,0.8489208633093526,0.06040268456375839,0.34447073362687264,278,149,0.8888888888888888,0.21052631578947367,0.36861843206983197,45,19,0.7894736842105263,0.25,0.3404188204964543,19,8
16,0.5,0.5,Two-nuisance adjusted associative latent model,0.835,0.4483488139901254,0.07006369426751592,0.1169294053720939,0.030374624278346123,0.3675522064063857,0.495,157,0.8282674772036475,0.17880794701986755,0.3795184843501141,658,302,0.8489208633093526,0.06040268456375839,0.3412818404383193,278,149,0.8666666666666667,0.21052631578947367,0.36720075923461315,45,19,0.7894736842105263,0.25,0.33835041561054363,19,8
16,0.5,0.5,Two-path biologically constrained latent SCM,0.833,0.44299950258945314,0.09554140127388536,0.11688192073667794,0.030927770746339164,0.36640106489795704,0.497,157,0.8221884498480243,0.17549668874172186,0.37527251280568247,658,302,0.8597122302158273,0.087248322147651,0.34530769707223674,278,149,0.8444444444444444,0.15789473684210525,0.3798074850536732,45,19,0.7894736842105263,0.25,0.33604604517478326,19,8
16,0.5,0.5,Two-path latent SCM (counterfactual query),0.836,0.45103554165721405,0.09554140127388536,0.13677784849722063,0.11187727408186635,0.13623280847984143,0.498,157,0.8206686930091185,0.17218543046357615,0.13641788140720904,658,302,0.8741007194244604,0.087248322147651,0.1334246618634536,278,149,0.8444444444444444,0.15789473684210525,0.13945134383898694,45,19,0.7894736842105263,0.25,0.16328821279491515,19,8
17,0.5,0.5,Associative latent class model,0.803,0.3666042461296574,0.3194444444444444,0.135949192182594,0.03721926784716654,0.38898969007875495,0.47,144,0.800302571860817,0.10574018126888217,0.3926180723265517,661,331,0.8074074074074075,0.3076923076923077,0.38814029172755804,270,130,0.8444444444444444,0.08333333333333333,0.3699365270681212,45,24,0.75,0.42857142857142855,0.3343384077665899,24,14
17,0.5,0.5,Renal-adjusted associative latent class model,0.812,0.388765230811823,0.20833333333333334,0.12620705403988103,0.03116387794496516,0.3924356183309536,0.479,144,0.8018154311649016,0.1510574018126888,0.3920267414650732,661,331,0.8296296296296296,0.19230769230769232,0.4028802743143224,270,130,0.8666666666666667,0.125,0.3668491963905204,45,24,0.7916666666666666,0.35714285714285715,0.334168930004153,24,14
17,0.5,0.5,Two-nuisance adjusted associative latent model,0.815,0.39629686022947297,0.19444444444444445,0.12493399572065961,0.023897841139646006,0.39022237058137804,0.478,144,0.8048411497730711,0.1540785498489426,0.3906629821389793,661,331,0.825925925925926,0.19230769230769232,0.40013803939711806,270,130,0.8666666666666667,0.08333333333333333,0.35243269049675374,45,24,0.875,0.21428571428571427,0.3373915699140371,24,14
17,0.5,0.5,Two-path biologically constrained latent SCM,0.82,0.4090091010187384,0.14583333333333334,0.12383081013548526,0.028162833761889584,0.3941879931883338,0.483,144,0.8093797276853253,0.17522658610271905,0.39410856782419273,661,331,0.825925925925926,0.15384615384615385,0.40554575490787176,270,130,0.8666666666666667,0.08333333333333333,0.35435935526460505,45,24,0.9583333333333334,0.07142857142857142,0.34327937685457516,24,14
17,0.5,0.5,Two-path latent SCM (counterfactual query),0.82,0.40900870466893086,0.1527777777777778,0.15064668501768186,0.1271025651049577,0.11190018341020251,0.489,144,0.81089258698941,0.18126888217522658,0.11698236595467087,661,331,0.8222222222222222,0.16153846153846155,0.1124840421865596,270,130,0.8666666666666667,0.08333333333333333,0.05022447738497074,45,24,0.9583333333333334,0.07142857142857142,0.08100194339459559,24,14
18,0.5,0.5,Associative latent class model,0.814,0.39377744153962757,0.3548387096774194,0.1301987871573135,0.026436859550876005,0.3664960171108446,0.492,155,0.8134556574923547,0.10778443113772455,0.36814511051680504,654,334,0.7898550724637681,0.36363636363636365,0.3716154771774955,276,143,0.9333333333333333,0.10526315789473684,0.3572265231381522,45,19,0.88,0.25,0.2835219836259407,25,12
18,0.5,0.5,Renal-adjusted associative latent class model,0.832,0.44033672685753705,0.18064516129032257,0.11704821019835697,0.029638408086002384,0.37203333020015666,0.478,155,0.8256880733944955,0.1347305389221557,0.37310801355978535,654,334,0.8297101449275363,0.18181818181818182,0.382558568143954,276,143,0.8888888888888888,0.21052631578947367,0.339983401086126,45,19,0.92,0.16666666666666666,0.28541085901800356,25,12
18,0.5,0.5,Two-nuisance adjusted associative latent model,0.828,0.4297658915965378,0.2,0.11622368316496104,0.02319717520324887,0.3722848167803467,0.482,155,0.8226299694189603,0.1467065868263473,0.3723721878609994,654,334,0.822463768115942,0.2097902097902098,0.3801609078318281,276,143,0.8666666666666667,0.05263157894736842,0.3583733841304267,45,19,0.96,0.08333333333333333,0.3080877228719754,25,12
18,0.5,0.5,Two-path biologically constrained latent SCM,0.832,0.4403364598345527,0.17419354838709677,0.11576251352130973,0.02499896168124427,0.37275851036138724,0.482,155,0.8256880733944955,0.1497005988023952,0.3732235955716611,654,334,0.822463768115942,0.18181818181818182,0.380563516901784,276,143,0.9111111111111111,0.10526315789473684,0.3548789881386253,45,19,0.96,0.08333333333333333,0.306607749055615,25,12
18,0.5,0.5,Two-path latent SCM (counterfactual query),0.833,0.44299871829742393,0.17419354838709677,0.1342069963426029,0.10792209468719327,0.13991452696796303,0.491,155,0.8241590214067278,0.15868263473053892,0.13899196803697972,654,334,0.8297101449275363,0.18181818181818182,0.14364626490883245,276,143,0.9111111111111111,0.15789473684210525,0.1799519880087576,45,19,0.96,0.08333333333333333,0.05078285186185773,25,12
19,0.5,0.5,Associative latent class model,0.793,0.3427460505986194,0.2876712328767123,0.1448816040467562,0.06576434234299293,0.3780444886853337,0.434,146,0.7807570977917981,0.07120743034055728,0.3744153943414653,634,323,0.821917808219178,0.291970802919708,0.38627875310129844,292,137,0.7543859649122807,0.045454545454545456,0.38479866207342306,57,22,0.8823529411764706,0.2222222222222222,0.3493064134753186,17,9
19,0.5,0.5,Renal-adjusted associative latent class model,0.81,0.3837937861120577,0.06164383561643835,0.13555284496893882,0.07501071658541146,0.387918272974851,0.421,146,0.8186119873817035,0.11764705882352941,0.3930680502293801,634,323,0.7876712328767124,0.06569343065693431,0.3790455528793744,292,137,0.8070175438596491,0.18181818181818182,0.38857009350040994,57,22,0.8823529411764706,0.0,0.34607837406607855,17,9
19,0.5,0.5,Two-nuisance adjusted associative latent model,0.807,0.37638387203220863,0.0684931506849315,0.13529070276066574,0.07532034996832414,0.3873998721090428,0.416,146,0.8170347003154574,0.11764705882352941,0.3918062752356663,634,323,0.7876712328767124,0.072992700729927,0.3803826793672322,292,137,0.7719298245614035,0.09090909090909091,0.388613988247424,57,22,0.8823529411764706,0.0,0.3395267002526699,17,9
19,0.5,0.5,Two-path biologically constrained latent SCM,0.802,0.3641879511870264,0.15753424657534246,0.13080564473264186,0.06119335758852269,0.39295483906129586,0.431,146,0.804416403785489,0.11145510835913312,0.38997063727869485,634,323,0.797945205479452,0.16058394160583941,0.4019562777787189,292,137,0.7719298245614035,0.045454545454545456,0.39205104104575933,57,22,0.8823529411764706,0.1111111111111111,0.35266544562406965,17,9
19,0.5,0.5,Two-path latent SCM (counterfactual query),0.813,0.3912706549317307,0.15753424657534246,0.1482793129555541,0.1254317422016409,0.13046185569535648,0.452,146,0.8186119873817035,0.12693498452012383,0.13449217268974345,634,323,0.797945205479452,0.16058394160583941,0.12493968182867748,292,137,0.8070175438596491,0.045454545454545456,0.12776483258610433,57,22,0.8823529411764706,0.1111111111111111,0.08404915639278607,17,9
0,0.5,1.0,Associative latent class model,0.786,0.3265118079147043,0.5286624203821656,0.15028534243721048,0.04930053755926832,0.3891665128735226,0.531,157,0.8195956454121306,0.11280487804878049,0.4071317882537051,643,328,0.7142857142857143,0.5244755244755245,0.35093237559663654,280,143,0.8148148148148148,0.2916666666666667,0.39940138962724314,54,24,0.6521739130434783,0.5714285714285714,0.3283492530200384,23,14
0,0.5,1.0,Renal-adjusted associative latent class model,0.823,0.41673234397529413,0.14012738853503184,0.12499557943508956,0.027157909470042124,0.41863170698354646,0.498,157,0.8289269051321928,0.17682926829268292,0.4257681871473039,643,328,0.825,0.11888111888111888,0.4093291507450107,280,143,0.7592592592592593,0.5,0.39412052288029326,54,24,0.782608695652174,0.35714285714285715,0.3899170523344028,23,14
0,0.5,1.0,Two-nuisance adjusted associative latent model,0.814,0.3937783937177506,0.08280254777070063,0.1297268557851359,0.020374102170485513,0.4066908274679006,0.475,157,0.8320373250388803,0.19207317073170732,0.4172051130732793,643,328,0.7714285714285715,0.08391608391608392,0.38580560657021995,280,143,0.8148148148148148,0.375,0.400659645975026,54,24,0.8260869565217391,0.07142857142857142,0.381163001716043,23,14
0,0.5,1.0,Two-path biologically constrained latent SCM,0.821,0.4115777278546437,0.3503184713375796,0.12952649240532776,0.044524623586239376,0.4103534081270814,0.54,157,0.8320373250388803,0.16463414634146342,0.41930031001331025,643,328,0.7928571428571428,0.34965034965034963,0.3899357561156413,280,143,0.8518518518518519,0.20833333333333334,0.4253513711846465,54,24,0.782608695652174,0.35714285714285715,0.37357926226836524,23,14
0,0.5,1.0,Two-path latent SCM (counterfactual query),0.827,0.42714397196740456,0.2229299363057325,0.14884684669365583,0.1333353322060773,0.09189074860098528,0.528,157,0.8258164852255054,0.1951219512195122,0.08850404357316091,643,328,0.8321428571428572,0.2097902097902098,0.08849090943739839,280,143,0.8333333333333334,0.25,0.13341592103374247,54,24,0.782608695652174,0.35714285714285715,0.13046670457170417,23,14
1,0.5,1.0,Associative latent class model,0.788,0.33111771869537454,0.574468085106383,0.15235907225848622,0.07056148764640306,0.376564510657258,0.589,141,0.8207831325301205,0.18125,0.3862823672504136,664,320,0.7310606060606061,0.5433070866141733,0.3587846913302018,264,127,0.8125,0.21428571428571427,0.38947594104200506,48,28,0.4583333333333333,0.8571428571428571,0.2774589634080792,24,14
1,0.5,1.0,Renal-adjusted associative latent class model,0.814,0.39377937128845464,0.425531914893617,0.13295857980079753,0.03359997822777939,0.405101415232703,0.539,141,0.8343373493975904,0.121875,0.4082973480774906,664,320,0.7992424242424242,0.3858267716535433,0.40419135124975963,264,127,0.7708333333333334,0.2857142857142857,0.41073300613094227,48,28,0.5,0.7857142857142857,0.31542812854281527,24,14
1,0.5,1.0,Two-nuisance adjusted associative latent model,0.819,0.4064548621968605,0.475177304964539,0.13199726127701186,0.04610520715582069,0.3979457306474578,0.562,141,0.8448795180722891,0.14375,0.40268790788489894,664,320,0.7689393939393939,0.44881889763779526,0.3891938154292984,264,127,0.875,0.10714285714285714,0.3963217893679469,48,28,0.5416666666666666,0.7142857142857143,0.3662644437036949,24,14
1,0.5,1.0,Two-path biologically constrained latent SCM,0.835,0.4483500756498661,0.19858156028368795,0.11868931087109605,0.04007409888162376,0.4203531447137958,0.542,141,0.838855421686747,0.2,0.41191862538263907,664,320,0.8371212121212122,0.18110236220472442,0.4391714274183178,264,127,0.8125,0.21428571428571427,0.41368999717278204,48,28,0.75,0.35714285714285715,0.46003336487475344,24,14
1,0.5,1.0,Two-path latent SCM (counterfactual query),0.839,0.4591441565607384,0.1773049645390071,0.1376111600053399,0.10994202712142742,0.1090863184826787,0.534,141,0.8418674698795181,0.190625,0.10591236517470494,664,320,0.8409090909090909,0.16535433070866143,0.11984582399272566,264,127,0.8125,0.21428571428571427,0.1000093665711657,48,28,0.7916666666666666,0.2857142857142857,0.09669836988246204,24,14
2,0.5,1.0,Associative latent class model,0.804,0.36903896683247567,0.40789473684210525,0.13440412568807597,0.06893708818189367,0.35580734365373806,0.561,152,0.8050314465408805,0.20121951219512196,0.3677641405980106,636,328,0.7965517241379311,0.39568345323741005,0.3227993510084043,290,139,0.875,0.1724137931034483,0.4298930876594014,48,29,0.7307692307692307,0.5384615384615384,0.2947180858967242,26,13
2,0.5,1.0,Renal-adjusted associative latent class model,0.797,0.352189778388026,0.05921052631578947,0.1363409225367887,0.05096878811787315,0.34641293651963007,0.466,152,0.8034591194968553,0.21951219512195122,0.353821230711254,636,328,0.7758620689655172,0.05755395683453238,0.322273200702462,290,139,0.8125,0.27586206896551724,0.41932603466466717,48,29,0.8461538461538461,0.07692307692307693,0.2998367661405576,26,13
2,0.5,1.0,Two-nuisance adjusted associative latent model,0.797,0.3521911474279902,0.039473684210526314,0.13908826286081494,0.05535590966511191,0.33872701318264603,0.456,152,0.8081761006289309,0.23170731707317074,0.34947268009343535,636,328,0.7655172413793103,0.04316546762589928,0.31579905342382136,290,139,0.8541666666666666,0.06896551724137931,0.37918976520237924,48,29,0.7692307692307693,0.0,0.2569059392537977,26,13
2,0.5,1.0,Two-path biologically constrained latent SCM,0.822,0.4141498818944635,0.1118421052631579,0.1169637467285433,0.028976647303358534,0.3581247728791728,0.491,152,0.8081761006289309,0.21341463414634146,0.36309943523872745,636,328,0.8448275862068966,0.11510791366906475,0.3456252840728308,290,139,0.8541666666666666,0.06896551724137931,0.39335998988906073,48,29,0.8461538461538461,0.07692307692307693,0.31080462198255004,26,13
2,0.5,1.0,Two-path latent SCM (counterfactual query),0.828,0.429765381060051,0.125,0.14026172114969762,0.11610702398079,0.1394844968497699,0.499,152,0.809748427672956,0.21036585365853658,0.14358573073155098,636,328,0.8551724137931035,0.12949640287769784,0.128338248259966,290,139,0.8541666666666666,0.06896551724137931,0.1407078431175828,48,29,0.9230769230769231,0.07692307692307693,0.16122706305651466,26,13
3,0.5,1.0,Associative latent class model,0.811,0.3862713196345697,0.3576158940397351,0.1347890336803247,0.04631451067815279,0.38108690115325977,0.531,151,0.8259541984732824,0.15680473372781065,0.37827205563626276,655,338,0.7956989247311828,0.34814814814814815,0.3864793928247914,279,135,0.7608695652173914,0.38095238095238093,0.38251262757098503,46,21,0.65,0.4375,0.39476866225627727,20,16
3,0.5,1.0,Renal-adjusted associative latent class model,0.816,0.3988227447541913,0.2781456953642384,0.12819842470874823,0.025531314885626315,0.3899262646290949,0.514,151,0.8198473282442749,0.15976331360946747,0.38331033467240483,655,338,0.8207885304659498,0.26666666666666666,0.40529917495146384,279,135,0.782608695652174,0.38095238095238093,0.3856108983595708,46,21,0.7,0.375,0.40207121413355285,20,16
3,0.5,1.0,Two-nuisance adjusted associative latent model,0.819,0.40645020922444447,0.2847682119205298,0.12727417708533068,0.024626866359993563,0.38991458174237054,0.509,151,0.8229007633587786,0.15976331360946747,0.38404715303571735,655,338,0.8100358422939068,0.2962962962962963,0.40192341335106274,279,135,0.8043478260869565,0.14285714285714285,0.4071933252152333,46,21,0.85,0.1875,0.3748085609564222,20,16
3,0.5,1.0,Two-path biologically constrained latent SCM,0.819,0.4064501292915235,0.2251655629139073,0.12451347954078468,0.026720888393715697,0.3933228981295937,0.495,151,0.8259541984732824,0.16272189349112426,0.3856435480855558,655,338,0.8028673835125448,0.22962962962962963,0.41097725545337366,279,135,0.8043478260869565,0.19047619047619047,0.4069473333922132,46,21,0.85,0.1875,0.36720712630107866,20,16
3,0.5,1.0,Two-path latent SCM (counterfactual query),0.818,0.4039000059793116,0.18543046357615894,0.1469184012228775,0.12018505657984146,0.13097586712456513,0.482,151,0.8259541984732824,0.16272189349112426,0.12685594186853943,655,338,0.7956989247311828,0.1925925925925926,0.14411990403420263,279,135,0.8043478260869565,0.19047619047619047,0.12973938857226028,46,21,0.9,0.125,0.08538800504026285,20,16
4,0.5,1.0,Associative latent class model,0.796,0.34982133384309155,0.15441176470588236,0.13495671461181513,0.0789729960018619,0.3604018292832526,0.416,136,0.7662538699690402,0.08787878787878788,0.36476522180743626,646,330,0.8741007194244604,0.13821138211382114,0.3437708102630307,278,123,0.7924528301886793,0.18181818181818182,0.38309821033940955,53,22,0.6956521739130435,0.3076923076923077,0.3865654606320677,23,13
4,0.5,1.0,Renal-adjusted associative latent class model,0.817,0.4013579585997101,0.09558823529411764,0.12721352739500022,0.053736161897863656,0.364772794592894,0.471,136,0.8018575851393189,0.16363636363636364,0.37163090934393017,646,330,0.8489208633093526,0.08943089430894309,0.3482001691073888,278,123,0.8490566037735849,0.18181818181818182,0.3731470059997622,53,22,0.782608695652174,0.15384615384615385,0.35316473160320017,23,13
4,0.5,1.0,Two-nuisance adjusted associative latent model,0.814,0.39377821664789275,0.08823529411764706,0.12747402957678744,0.050451721614347536,0.35993668155762737,0.474,136,0.8003095975232198,0.17575757575757575,0.36756617288961035,646,330,0.8489208633093526,0.08943089430894309,0.34369892131585733,278,123,0.7924528301886793,0.18181818181818182,0.372493051371823,53,22,0.8260869565217391,0.07692307692307693,0.3129783488010506,23,13
4,0.5,1.0,Two-path biologically constrained latent SCM,0.806,0.3739205288699526,0.10294117647058823,0.12880340574489305,0.06774934868647998,0.3589014912465485,0.448,136,0.7879256965944272,0.14545454545454545,0.3654351492891602,646,330,0.8489208633093526,0.10569105691056911,0.3442703580862673,278,123,0.7924528301886793,0.13636363636363635,0.3718768543008444,53,22,0.8260869565217391,0.07692307692307693,0.32233704260104323,23,13
4,0.5,1.0,Two-path latent SCM (counterfactual query),0.822,0.414150299488842,0.10294117647058823,0.1454042871276252,0.12125573282776782,0.1302987028873823,0.48,136,0.8065015479876161,0.1696969696969697,0.13578897325942285,646,330,0.8633093525179856,0.10569105691056911,0.12377526106486135,278,123,0.7924528301886793,0.13636363636363635,0.12698180065835352,53,22,0.8260869565217391,0.07692307692307693,0.06258557177699743,23,13
5,0.5,1.0,Associative latent class model,0.808,0.3788371748362551,0.4015748031496063,0.14066017141488626,0.04403056698903307,0.3807688376872326,0.535,127,0.8248175182481752,0.15561959654178675,0.393677825259369,685,347,0.7805907172995781,0.38596491228070173,0.3467024645563954,237,114,0.7450980392156863,0.30434782608695654,0.4169883728489272,51,23,0.7407407407407407,0.5384615384615384,0.2838754173853241,27,13
5,0.5,1.0,Renal-adjusted associative latent class model,0.811,0.3862751408449078,0.2677165354330709,0.13745232955471853,0.04828142731569383,0.3842037183300423,0.548,127,0.8204379562043795,0.2132564841498559,0.3921805047459352,685,347,0.7932489451476793,0.24561403508771928,0.3629908734282191,237,114,0.8235294117647058,0.391304347826087,0.4025627465580359,51,23,0.7037037037037037,0.46153846153846156,0.3333531667455126,27,13
5,0.5,1.0,Two-nuisance adjusted associative latent model,0.805,0.37147556582920044,0.23622047244094488,0.13824393875761434,0.0452117532335185,0.37685246773395326,0.544,127,0.8116788321167884,0.2334293948126801,0.3820645383152796,685,347,0.8016877637130801,0.22807017543859648,0.35487313089338535,237,114,0.7450980392156863,0.30434782608695654,0.4184538719115419,51,23,0.7777777777777778,0.3076923076923077,0.3589696110653989,27,13
5,0.5,1.0,Two-path biologically constrained latent SCM,0.801,0.36177083080877004,0.2677165354330709,0.13918963125875577,0.05057443987186282,0.37604141200471547,0.548,127,0.8131386861313868,0.2334293948126801,0.3815808943970177,685,347,0.7932489451476793,0.2631578947368421,0.35238595417975266,237,114,0.7058823529411765,0.30434782608695654,0.418617068837761,51,23,0.7407407407407407,0.3076923076923077,0.362724358941896,27,13
5,0.5,1.0,Two-path latent SCM (counterfactual query),0.804,0.3690342007763262,0.2440944881889764,0.16417087062147584,0.13537826215122956,0.13644884507122237,0.527,127,0.8204379562043795,0.207492795389049,0.14102131726442327,685,347,0.7974683544303798,0.23684210526315788,0.1256336056206014,237,114,0.6666666666666666,0.30434782608695654,0.1494585980696272,51,23,0.7037037037037037,0.3076923076923077,0.09080332264662624,27,13
6,0.5,1.0,Associative latent class model,0.805,0.37147157540150233,0.3712574850299401,0.1359648247145367,0.029541941146218238,0.3683366876458615,0.479,167,0.8230647709320695,0.0877742946708464,0.3723589270901155,633,319,0.7655172413793103,0.3684210526315789,0.3654678596083755,290,152,0.8301886792452831,0.14285714285714285,0.3659923603903694,53,28,0.75,0.4,0.3020921837791652,24,15
6,0.5,1.0,Renal-adjusted associative latent class model,0.824,0.41932321574345643,0.17365269461077845,0.12133808086970076,0.029443407716531127,0.37529912502453405,0.506,167,0.8230647709320695,0.19435736677115986,0.378433802763938,633,319,0.8241379310344827,0.15789473684210525,0.3742334148933614,290,152,0.8490566037735849,0.25,0.36558028730985714,53,28,0.7916666666666666,0.3333333333333333,0.3269617636860014,24,15
6,0.5,1.0,Two-nuisance adjusted associative latent model,0.825,0.4219218093184272,0.16167664670658682,0.12022899082939728,0.02603884772398222,0.37301725387288626,0.505,167,0.8230647709320695,0.20376175548589343,0.3760486157849075,633,319,0.8275862068965517,0.1513157894736842,0.37138332782997324,290,152,0.8301886792452831,0.17857142857142858,0.36437223724002515,53,28,0.8333333333333334,0.26666666666666666,0.3318994348594268,24,15
6,0.5,1.0,Two-path biologically constrained latent SCM,0.827,0.42714302362164863,0.23952095808383234,0.12149777800126124,0.028721435100647588,0.3747652633449412,0.497,167,0.8325434439178515,0.15047021943573669,0.37746577225221395,633,319,0.8103448275862069,0.23684210526315788,0.3747961959229592,290,152,0.8490566037735849,0.14285714285714285,0.3636383980156894,53,28,0.8333333333333334,0.26666666666666666,0.32773739986667133,24,15
6,0.5,1.0,Two-path latent SCM (counterfactual query),0.835,0.4483484013599134,0.16766467065868262,0.14128622030820145,0.12304102652657031,0.13023442826956308,0.481,167,0.8341232227488151,0.15047021943573669,0.1355103253979753,633,319,0.8310344827586207,0.16447368421052633,0.11933770002735605,290,152,0.8490566037735849,0.14285714285714285,0.11796982164770449,53,28,0.875,0.2,0.14983578072429546,24,15
7,0.5,1.0,Associative latent class model,0.775,0.30182478531507806,0.5102040816326531,0.15517413227619387,0.08447558834669455,0.36858218408405014,0.595,147,0.7914110429447853,0.23125,0.3912289384051156,652,320,0.7347670250896058,0.5109489051094891,0.32218397568557894,279,137,0.782608695652174,0.3103448275862069,0.37971670777157074,46,29,0.782608695652174,0.5,0.2671573247889553,23,10
7,0.5,1.0,Renal-adjusted associative latent class model,0.806,0.37392320255284484,0.3401360544217687,0.13533614681202782,0.04456665927718629,0.3858012084215866,0.55,147,0.8067484662576687,0.190625,0.39550280022738893,652,320,0.8064516129032258,0.3357664233576642,0.368715764128783,279,137,0.782608695652174,0.3103448275862069,0.38371468629422173,46,29,0.8260869565217391,0.4,0.3222090831245368,23,10
7,0.5,1.0,Two-nuisance adjusted associative latent model,0.808,0.37883962123548665,0.32653061224489793,0.13309795080997092,0.0449478994089391,0.3853841097386372,0.548,147,0.808282208588957,0.19375,0.3937836051942608,652,320,0.8064516129032258,0.32116788321167883,0.36884644076440565,279,137,0.8043478260869565,0.27586206896551724,0.38503173880274355,46,29,0.8260869565217391,0.4,0.34859053016451197,23,10
7,0.5,1.0,Two-path biologically constrained latent SCM,0.81,0.3837899468067776,0.2789115646258503,0.13112305297061405,0.037501351614348304,0.38721523629990806,0.554,147,0.803680981595092,0.221875,0.3925234925061112,652,320,0.8207885304659498,0.2773722627737226,0.3767221328696945,279,137,0.8043478260869565,0.27586206896551724,0.3846924110705299,46,29,0.8695652173913043,0.3,0.3690692698275811,23,10
7,0.5,1.0,Two-path latent SCM (counterfactual query),0.811,0.38627356499645454,0.25170068027210885,0.15513407549325944,0.13047729688075657,0.1325585665946614,0.541,147,0.803680981595092,0.2125,0.14283925742692072,652,320,0.8279569892473119,0.25547445255474455,0.11260370285078475,279,137,0.8043478260869565,0.27586206896551724,0.11640063092364436,46,29,0.8260869565217391,0.2,0.1155003754109768,23,10
8,0.5,1.0,Associative latent class model,0.79,0.3357357865871737,0.42657342657342656,0.13984920510565924,0.039892485749671254,0.3918091275016966,0.515,143,0.8085758039816233,0.1,0.39788326592921486,653,300,0.7509578544061303,0.41605839416058393,0.3753874829619541,261,137,0.7681159420289855,0.3055555555555556,0.4276299099132189,69,36,0.7647058823529411,0.6666666666666666,0.2652210595786558,17,6
8,0.5,1.0,Renal-adjusted associative latent class model,0.832,0.4403346654173383,0.17482517482517482,0.12326837543598515,0.02384355437981891,0.39418080939938993,0.535,143,0.8407350689127105,0.17,0.3919456213047415,653,300,0.8275862068965517,0.15328467153284672,0.40151801514906355,261,137,0.782608695652174,0.4166666666666667,0.39136044847326756,69,36,0.7647058823529411,0.6666666666666666,0.37883798757839554,17,6
8,0.5,1.0,Two-nuisance adjusted associative latent model,0.84,0.4618620744336785,0.1888111888111888,0.11946402960872553,0.02876256144253471,0.3890698349427709,0.511,143,0.8422664624808576,0.14666666666666667,0.38473626405031697,653,300,0.8314176245210728,0.17518248175182483,0.39320830617406943,261,137,0.8840579710144928,0.1111111111111111,0.40443555639129747,69,36,0.7058823529411765,0.5,0.4296254832636603,17,6
8,0.5,1.0,Two-path biologically constrained latent SCM,0.83,0.43503507828481136,0.13986013986013987,0.12067468024354616,0.03207133550356163,0.3873140173995897,0.515,143,0.8330781010719756,0.19,0.3820009291494133,653,300,0.8199233716475096,0.12408759124087591,0.3913840569354019,261,137,0.8840579710144928,0.1388888888888889,0.40357320366055766,69,36,0.6470588235294118,0.5,0.46291886778261226,17,6
8,0.5,1.0,Two-path latent SCM (counterfactual query),0.832,0.44033551544507027,0.16783216783216784,0.14146768022966053,0.1164276916372504,0.13103989471207161,0.527,143,0.8346094946401225,0.19333333333333333,0.1182149086794348,653,300,0.8199233716475096,0.15328467153284672,0.15222735530144788,261,137,0.8840579710144928,0.1388888888888889,0.150356776539483,69,36,0.7058823529411765,0.5,0.21997658997049774,17,6
9,0.5,1.0,Associative latent class model,0.813,0.3912675615079828,0.29518072289156627,0.12957735661439032,0.030967107812882318,0.3868591306154931,0.52,166,0.8301282051282052,0.13636363636363635,0.3814983502490409,624,308,0.8122977346278317,0.2679738562091503,0.395786382452435,309,153,0.6739130434782609,0.47368421052631576,0.40643824772067666,46,19,0.6190476190476191,0.6153846153846154,0.3719051660541945,21,13
9,0.5,1.0,Renal-adjusted associative latent class model,0.819,0.40645004113690575,0.21686746987951808,0.1273151182571105,0.026008648361237615,0.37948642396535254,0.506,166,0.8349358974358975,0.1461038961038961,0.3731247687502307,624,308,0.8122977346278317,0.19607843137254902,0.38995525085611277,309,153,0.6956521739130435,0.47368421052631576,0.3959781763071813,46,19,0.7142857142857143,0.46153846153846156,0.37835236383520987,21,13
9,0.5,1.0,Two-nuisance adjusted associative latent model,0.815,0.39629675151954497,0.23493975903614459,0.12592472383163694,0.03529208171051697,0.3772339721608216,0.522,166,0.8269230769230769,0.18506493506493507,0.37075011432368543,624,308,0.8058252427184466,0.23529411764705882,0.38604030603603406,309,153,0.717391304347826,0.21052631578947367,0.40122901064644234,46,19,0.8095238095238095,0.23076923076923078,0.38775770323671555,21,13
9,0.5,1.0,Two-path biologically constrained latent SCM,0.817,0.4013569985462178,0.13253012048192772,0.12576931673147668,0.037894260252351514,0.37786921838476983,0.508,166,0.8189102564102564,0.20454545454545456,0.3702807269752446,624,308,0.8349514563106796,0.13071895424836602,0.388466930519064,309,153,0.6521739130434783,0.3684210526315789,0.4056372373470289,46,19,0.8571428571428571,0.15384615384615385,0.38659287161252953,21,13
9,0.5,1.0,Two-path latent SCM (counterfactual query),0.812,0.3887646052214623,0.16265060240963855,0.1492021070685707,0.12623309737528393,0.1346218267133375,0.513,166,0.8189102564102564,0.20454545454545456,0.13199247430157052,624,308,0.8220064724919094,0.1568627450980392,0.138196365885516,309,153,0.6521739130434783,0.3684210526315789,0.153200097553844,46,19,0.8095238095238095,0.23076923076923078,0.11945910490743859,21,13
10,0.5,1.0,Associative latent class model,0.767,0.28444077970981396,0.5172413793103449,0.15775988756207282,0.05807688208079688,0.40290625404725655,0.523,145,0.7920489296636085,0.15522388059701492,0.40463907932477206,654,335,0.7111111111111111,0.5151515151515151,0.3980427238323951,270,132,0.7777777777777778,0.21875,0.40537659091305156,54,32,0.6818181818181818,0.5384615384615384,0.4050193102183682,22,13
10,0.5,1.0,Renal-adjusted associative latent class model,0.775,0.3018062144268791,0.1310344827586207,0.15190230945638314,0.06504213663403383,0.40628396188049076,0.563,145,0.7813455657492355,0.34328358208955223,0.3997545575811648,654,335,0.774074074074074,0.12121212121212122,0.41826842154665994,270,132,0.6851851851851852,0.5,0.38985553814041213,54,32,0.8181818181818182,0.23076923076923078,0.49362765205584475,22,13
10,0.5,1.0,Two-nuisance adjusted associative latent model,0.778,0.3084478361343808,0.14482758620689656,0.1485184207497568,0.07049438773041611,0.40618290711842236,0.556,145,0.7813455657492355,0.34626865671641793,0.39722776880765187,654,335,0.774074074074074,0.15151515151515152,0.42378736239295445,270,132,0.7962962962962963,0.25,0.4059085742261312,54,32,0.6818181818181818,0.07692307692307693,0.4570134301776915,22,13
10,0.5,1.0,Two-path biologically constrained latent SCM,0.782,0.31741729934325924,0.1724137931034483,0.14613660733208372,0.06861138836571919,0.40742828746177634,0.56,145,0.7874617737003058,0.3283582089552239,0.3980032725496816,654,335,0.7703703703703704,0.17424242424242425,0.4246553130335268,270,132,0.7592592592592593,0.3125,0.4050472140039499,54,32,0.8181818181818182,0.15384615384615385,0.4820301426826834,22,13
10,0.5,1.0,Two-path latent SCM (counterfactual query),0.796,0.3498145320139558,0.2,0.1704521728042869,0.14433945024452632,0.1290188246750862,0.53,145,0.808868501529052,0.25671641791044775,0.12360846853385417,654,335,0.7666666666666667,0.20454545454545456,0.14127631761586942,270,132,0.7777777777777778,0.25,0.09643617988239382,54,32,0.8181818181818182,0.15384615384615385,0.21939667200052604,22,13
11,0.5,1.0,Associative latent class model,0.781,0.31518280878526334,0.2727272727272727,0.15489539085179893,0.09397688511522914,0.38274838921445903,0.386,143,0.7675840978593272,0.041916167664670656,0.37034679447253077,654,334,0.8045112781954887,0.265625,0.4058090027467339,266,128,0.8275862068965517,0.125,0.4073376191894222,58,32,0.7727272727272727,0.3333333333333333,0.4077640448093758,22,15
11,0.5,1.0,Renal-adjusted associative latent class model,0.767,0.28448713409222026,0.11188811188811189,0.15925295871177741,0.13282533462411408,0.38188396972324307,0.344,143,0.7691131498470948,0.06287425149700598,0.3737927937441142,654,334,0.7406015037593985,0.1015625,0.3977943527612598,266,128,0.8448275862068966,0.1875,0.39543737647411653,58,32,0.8181818181818182,0.2,0.3943098611181156,22,15
11,0.5,1.0,Two-nuisance adjusted associative latent model,0.765,0.28023473349774203,0.0979020979020979,0.16008633671360506,0.14252142649643582,0.37563589355404753,0.332,143,0.7660550458715596,0.0688622754491018,0.3698141229084596,654,334,0.7406015037593985,0.1015625,0.39113861163213515,266,128,0.8275862068965517,0.03125,0.374186593088125,58,32,0.8636363636363636,0.06666666666666667,0.3650801853934436,22,15
11,0.5,1.0,Two-path biologically constrained latent SCM,0.766,0.28236135369714327,0.0979020979020979,0.16010863884198057,0.1426049248914965,0.3755741771368715,0.331,143,0.7675840978593272,0.0658682634730539,0.36941481328022374,654,334,0.7443609022556391,0.1015625,0.392015897342028,266,128,0.8103448275862069,0.03125,0.37333829262591156,58,32,0.8636363636363636,0.06666666666666667,0.3657745266510379,22,15
11,0.5,1.0,Two-path latent SCM (counterfactual query),0.798,0.3545859153720632,0.11188811188811189,0.16514681637422582,0.14235762808526925,0.14543273918017996,0.405,143,0.8027522935779816,0.11976047904191617,0.13857849504341171,654,334,0.7744360902255639,0.109375,0.15236750316205863,266,128,0.8275862068965517,0.0625,0.18386993430574147,58,32,0.8636363636363636,0.13333333333333333,0.16400869958855097,22,15
12,0.5,1.0,Associative latent class model,0.807,0.37637367861200766,0.26573426573426573,0.13724684374927745,0.04402749526464022,0.36512352356916056,0.493,143,0.7954887218045112,0.11726384364820847,0.36885581514443194,665,307,0.8352490421455939,0.24603174603174602,0.3597975944994372,261,126,0.8571428571428571,0.2,0.35260093262617775,42,20,0.75,0.4117647058823529,0.3474373488581469,32,17
12,0.5,1.0,Renal-adjusted associative latent class model,0.813,0.39126808557780646,0.13286713286713286,0.12655441500403503,0.043377025409655,0.37284239768688826,0.489,143,0.8015037593984963,0.16286644951140064,0.3768102694224638,665,307,0.8352490421455939,0.1111111111111111,0.36765202778983286,261,126,0.8571428571428571,0.2,0.3434885623215179,42,20,0.8125,0.29411764705882354,0.37124592657186706,32,17
12,0.5,1.0,Two-nuisance adjusted associative latent model,0.813,0.3912685423083135,0.13286713286713286,0.12576792565459896,0.04373750761465931,0.37087515112589076,0.493,143,0.8030075187969925,0.16938110749185667,0.3744376541519464,665,307,0.8314176245210728,0.1111111111111111,0.365425692299716,261,126,0.8571428571428571,0.2,0.34602074945773936,42,20,0.8125,0.29411764705882354,0.37391043585610984,32,17
12,0.5,1.0,Two-path biologically constrained latent SCM,0.823,0.41673419755832636,0.15384615384615385,0.12565902958378736,0.039136752108118913,0.3730647703748684,0.497,143,0.8075187969924812,0.1498371335504886,0.37570100057027084,665,307,0.8582375478927203,0.1349206349206349,0.3680972757954949,261,126,0.8571428571428571,0.2,0.3595293990517061,42,20,0.8125,0.29411764705882354,0.37656191415132856,32,17
12,0.5,1.0,Two-path latent SCM (counterfactual query),0.819,0.406451693689064,0.15384615384615385,0.14593054534701197,0.12052427851600778,0.126498597280606,0.507,143,0.8015037593984963,0.17263843648208468,0.13491204826944675,665,307,0.8582375478927203,0.1349206349206349,0.11762637811742774,261,126,0.8571428571428571,0.2,0.04883185809502434,42,20,0.8125,0.29411764705882354,0.12595820164950816,32,17
13,0.5,1.0,Associative latent class model,0.798,0.3545724807133401,0.4375,0.1401477258045782,0.05733759729045101,0.37401051106176886,0.541,144,0.8098159509202454,0.17804154302670624,0.39244195774717494,652,337,0.7686567164179104,0.40601503759398494,0.3309603512242502,268,133,0.875,0.13333333333333333,0.41044277368422616,56,30,0.625,0.8181818181818182,0.2690077148414627,24,11
13,0.5,1.0,Renal-adjusted associative latent class model,0.811,0.3862700341849469,0.3333333333333333,0.13289831107245845,0.04011693045988381,0.3789590824903652,0.508,144,0.8128834355828221,0.1572700296735905,0.3924046991157472,652,337,0.7985074626865671,0.3082706766917293,0.3470556122149247,268,133,0.8928571428571429,0.1,0.4070875316992308,56,30,0.7083333333333334,0.6363636363636364,0.3043088674225533,24,11
13,0.5,1.0,Two-nuisance adjusted associative latent model,0.79,0.33573896549478055,0.5347222222222222,0.14708443971451032,0.07406206302723581,0.3601690386446064,0.551,144,0.8113496932515337,0.17507418397626112,0.3859209276410023,652,337,0.7238805970149254,0.5338345864661654,0.30110358980477864,268,133,0.875,0.0,0.36334006184020656,56,30,0.75,0.5454545454545454,0.3127411788308625,24,11
13,0.5,1.0,Two-path biologically constrained latent SCM,0.813,0.39126736042888577,0.2361111111111111,0.12675351835315496,0.040430111346302894,0.3842979022263903,0.518,144,0.808282208588957,0.2166172106824926,0.39368882614382095,652,337,0.8022388059701493,0.24812030075187969,0.3578479848447531,268,133,0.875,0.03333333333333333,0.3935567750726718,56,30,0.9166666666666666,0.09090909090909091,0.40293117658981564,24,11
13,0.5,1.0,Two-path latent SCM (counterfactual query),0.819,0.40645026631937486,0.18055555555555555,0.1460870055742663,0.11775868092948573,0.13805183353392902,0.49,144,0.8098159509202454,0.18991097922848665,0.1454844260619139,652,337,0.8208955223880597,0.18796992481203006,0.12648161484850723,268,133,0.875,0.03333333333333333,0.10572749072084313,56,30,0.9166666666666666,0.09090909090909091,0.1407573117414176,24,11
14,0.5,1.0,Associative latent class model,0.84,0.4618602498254141,0.11486486486486487,0.11906676196646014,0.04501946092407784,0.3702791980619234,0.429,148,0.8176197836166924,0.08670520231213873,0.3698369276248689,647,346,0.8915254237288136,0.11267605633802817,0.37324888535991024,295,142,0.8163265306122449,0.2608695652173913,0.3483867831803124,49,23,0.8888888888888888,0.16666666666666666,0.42392581462493173,9,6
14,0.5,1.0,Renal-adjusted associative latent class model,0.821,0.41157241666363076,0.0472972972972973,0.12189894784762041,0.0605410693733794,0.36598365391697585,0.406,148,0.8238021638330757,0.1069364161849711,0.374391004352135,647,346,0.8135593220338984,0.04929577464788732,0.35550156875500766,295,142,0.8163265306122449,0.30434782608695654,0.32628161354661095,49,23,0.8888888888888888,0.0,0.32132358384814674,9,6
14,0.5,1.0,Two-nuisance adjusted associative latent model,0.821,0.41157268744986447,0.0472972972972973,0.12078132845677321,0.052697035902531476,0.36600030506824044,0.41,148,0.8253477588871716,0.11560693641618497,0.3751728127586488,647,346,0.8101694915254237,0.04929577464788732,0.3525004160700129,295,142,0.8163265306122449,0.2608695652173913,0.344819001829632,49,23,0.8888888888888888,0.0,0.2644157092320972,9,6
14,0.5,1.0,Two-path biologically constrained latent SCM,0.825,0.4219186812036129,0.0472972972972973,0.12059639570786954,0.06524045733816586,0.36360807247657373,0.404,148,0.8176197836166924,0.1069364161849711,0.36905588688975244,647,346,0.8338983050847457,0.04929577464788732,0.35550923077655144,295,142,0.8571428571428571,0.17391304347826086,0.3550402010974205,49,23,0.8888888888888888,0.0,0.28408008067195906,9,6
14,0.5,1.0,Two-path latent SCM (counterfactual query),0.844,0.47281550656921434,0.060810810810810814,0.13116385316621684,0.10439237154981215,0.1328326475960613,0.435,148,0.8268933539412674,0.11271676300578035,0.13747316401861945,647,346,0.8847457627118644,0.06338028169014084,0.13064835186119766,295,142,0.8163265306122449,0.2608695652173913,0.10910707504002516,49,23,0.8888888888888888,0.0,0.0,9,6
15,0.5,1.0,Associative latent class model,0.821,0.41157541205266435,0.26573426573426573,0.13251653081526377,0.041104624959464965,0.37563657100008196,0.506,143,0.8149300155520995,0.1572700296735905,0.3843672136849805,643,337,0.8461538461538461,0.2518518518518518,0.3547164548678366,286,135,0.7692307692307693,0.24242424242424243,0.4199838832888637,52,33,0.7894736842105263,0.5,0.2737044514430202,19,8
15,0.5,1.0,Renal-adjusted associative latent class model,0.801,0.36176572101011145,0.08391608391608392,0.13920641795660355,0.03454085341296231,0.3720593256952277,0.514,143,0.7916018662519441,0.2551928783382789,0.37135135843395845,643,337,0.8356643356643356,0.08148148148148149,0.3703797974096768,286,135,0.6730769230769231,0.45454545454545453,0.4097098790904972,52,33,0.9473684210526315,0.125,0.3182561289641607,19,8
15,0.5,1.0,Two-nuisance adjusted associative latent model,0.806,0.37391789759222677,0.1048951048951049,0.13583448145476257,0.04284472505015769,0.36279568052854766,0.515,143,0.7869362363919129,0.26706231454005935,0.3622950537173324,643,337,0.8496503496503497,0.1037037037037037,0.3609649416300465,286,135,0.7692307692307693,0.18181818181818182,0.38209461509845394,52,33,0.8947368421052632,0.125,0.3544772472100034,19,8
15,0.5,1.0,Two-path biologically constrained latent SCM,0.82,0.4090090941968873,0.18181818181818182,0.12940744460690268,0.04716457886429286,0.3653681123282585,0.519,143,0.8055987558320373,0.22255192878338279,0.36908247993312265,643,337,0.8496503496503497,0.18518518518518517,0.3568579667668234,286,135,0.7884615384615384,0.15151515151515152,0.3785501275630197,52,33,0.9473684210526315,0.125,0.33168908435116223,19,8
15,0.5,1.0,Two-path latent SCM (counterfactual query),0.82,0.4090091555935412,0.18181818181818182,0.1501078794178714,0.12228200842517409,0.13656389689075538,0.521,143,0.8040435458786936,0.22551928783382788,0.13937230414885626,643,337,0.8531468531468531,0.18518518518518517,0.13588443448958074,286,135,0.7884615384615384,0.15151515151515152,0.11532511571278073,52,33,0.9473684210526315,0.125,0.10987637062926885,19,8
16,0.5,1.0,Associative latent class model,0.815,0.39630078351669695,0.21794871794871795,0.13214181447175327,0.040998914700094514,0.3962193714207694,0.438,156,0.8055555555555556,0.08982035928143713,0.3856261794063606,648,334,0.8291814946619217,0.2152777777777778,0.42690878684812683,281,144,0.8260869565217391,0.14285714285714285,0.38739793879011053,46,21,0.88,0.25,0.34207731507115985,25,12
16,0.5,1.0,Renal-adjusted associative latent class model,0.814,0.3937797825156565,0.09615384615384616,0.12764729981626421,0.036544392936157244,0.3969191483326268,0.457,156,0.8194444444444444,0.17065868263473055,0.39115832606064255,648,334,0.7935943060498221,0.09722222222222222,0.4171419131352231,281,144,0.8260869565217391,0.23809523809523808,0.3825368306346029,46,21,0.88,0.08333333333333333,0.34539924980564174,25,12
16,0.5,1.0,Two-nuisance adjusted associative latent model,0.826,0.4245308600273039,0.10256410256410256,0.125242079837179,0.030916979135809215,0.3907716745608292,0.453,156,0.8240740740740741,0.15269461077844312,0.3848078510194118,648,334,0.8256227758007118,0.1111111111111111,0.41632470544598865,281,144,0.8260869565217391,0.09523809523809523,0.35639350587732105,46,21,0.88,0.0,0.3213937439828316,25,12
16,0.5,1.0,Two-path biologically constrained latent SCM,0.824,0.4193254549436957,0.10256410256410256,0.1250496335546846,0.028478884283277182,0.39208464033020685,0.455,156,0.8225308641975309,0.15568862275449102,0.3860745605674021,648,334,0.8256227758007118,0.1111111111111111,0.41706784209943626,281,144,0.8043478260869565,0.14285714285714285,0.3605598382159814,46,21,0.88,0.0,0.3250603557861439,25,12
16,0.5,1.0,Two-path latent SCM (counterfactual query),0.821,0.4115763665859519,0.14102564102564102,0.1456064838741931,0.12036859170989686,0.12124260389578455,0.47,156,0.8209876543209876,0.16467065868263472,0.11524400081754485,648,334,0.8149466192170819,0.1527777777777778,0.1382367676301015,281,144,0.8043478260869565,0.14285714285714285,0.11709642967137934,46,21,0.92,0.0,0.09334095588294086,25,12
17,0.5,1.0,Associative latent class model,0.794,0.34508517809393624,0.48026315789473684,0.14053333132796067,0.06486391504979933,0.378579355618204,0.599,152,0.8181818181818182,0.20195439739413681,0.39426356847900074,627,307,0.75,0.4744525547445255,0.3476003566965744,288,137,0.8135593220338984,0.375,0.3817845071173763,59,24,0.6538461538461539,0.5333333333333333,0.33622728974353294,26,15
17,0.5,1.0,Renal-adjusted associative latent class model,0.806,0.37391625852414623,0.17105263157894737,0.13531455478193066,0.045404222100988635,0.3793930484441885,0.567,152,0.8070175438596491,0.2736156351791531,0.3806867011224154,627,307,0.8194444444444444,0.1678832116788321,0.38590585842300873,288,137,0.7627118644067796,0.5,0.35232505087811633,59,24,0.7307692307692307,0.2,0.3374777543384087,26,15
17,0.5,1.0,Two-nuisance adjusted associative latent model,0.811,0.38626869465262903,0.17105263157894737,0.13309203130513542,0.049165704959804886,0.3775794329448447,0.566,152,0.8086124401913876,0.2736156351791531,0.3777405835027779,627,307,0.8229166666666666,0.1678832116788321,0.3831505577857665,288,137,0.8135593220338984,0.375,0.3699853964502213,59,24,0.7307692307692307,0.2,0.3292149252207373,26,15
17,0.5,1.0,Two-path biologically constrained latent SCM,0.814,0.3937748701451662,0.28289473684210525,0.1331457027364131,0.059622119010801417,0.3782842366955449,0.589,152,0.8149920255183413,0.25732899022801303,0.38131600847963537,627,307,0.8159722222222222,0.2773722627737226,0.3733412562438011,288,137,0.847457627118644,0.2916666666666667,0.38608181492404,59,24,0.6923076923076923,0.3333333333333333,0.34223040384924625,26,15
17,0.5,1.0,Two-path latent SCM (counterfactual query),0.828,0.4297651329085454,0.24342105263157895,0.14752482849296197,0.12162228835968042,0.12659042006636081,0.545,152,0.8341307814992025,0.18892508143322476,0.12494340408061017,627,307,0.8194444444444444,0.24817518248175183,0.128234531004645,288,137,0.847457627118644,0.20833333333333334,0.12896044443503835,59,24,0.7307692307692307,0.2,0.14271902141589296,26,15
18,0.5,1.0,Associative latent class model,0.81,0.38378372968523605,0.35542168674698793,0.12903242331920028,0.04000489250401346,0.3480527201396422,0.482,166,0.8214849921011058,0.08411214953271028,0.3484079868171055,633,321,0.7932203389830509,0.33974358974358976,0.34565257464099175,295,156,0.8148148148148148,0.2903225806451613,0.34879880117105866,54,31,0.6666666666666666,0.6,0.3726566501158206,18,10
18,0.5,1.0,Renal-adjusted associative latent class model,0.839,0.45914150113740576,0.10240963855421686,0.11731447787170274,0.026371511228541606,0.3500538668481622,0.447,166,0.8436018957345972,0.11526479750778816,0.35173248549976815,633,321,0.847457627118644,0.08333333333333333,0.3428914800189017,295,156,0.8148148148148148,0.2903225806451613,0.3437317616740369,54,31,0.6111111111111112,0.4,0.42737232171305584,18,10
18,0.5,1.0,Two-nuisance adjusted associative latent model,0.844,0.4728154095840096,0.0963855421686747,0.11550427136111677,0.02690179382896382,0.3478963947846628,0.45,166,0.8451816745655608,0.11526479750778816,0.34918465714662933,633,321,0.8576271186440678,0.08333333333333333,0.3416929393504126,295,156,0.8148148148148148,0.2903225806451613,0.3439370513007822,54,31,0.6666666666666666,0.3,0.41613827401291703,18,10
18,0.5,1.0,Two-path biologically constrained latent SCM,0.837,0.4537286934486259,0.1566265060240964,0.11437628645332355,0.037548747620654556,0.34960276826017644,0.457,166,0.8372827804107424,0.10903426791277258,0.34838204914472254,633,321,0.8508474576271187,0.14102564102564102,0.34828763350815234,295,156,0.8333333333333334,0.25806451612903225,0.34753038648333917,54,31,0.6111111111111112,0.4,0.4203021331423232,18,10
18,0.5,1.0,Two-path latent SCM (counterfactual query),0.842,0.4673230541114401,0.1686746987951807,0.12804642835259086,0.09372997836318599,0.1471557779044666,0.474,166,0.8467614533965245,0.11838006230529595,0.15192488219151065,633,321,0.8508474576271187,0.15384615384615385,0.13574118101083538,295,156,0.8148148148148148,0.2903225806451613,0.11724570413520728,54,31,0.6111111111111112,0.4,0.25624505865237257,18,10
19,0.5,1.0,Associative latent class model,0.807,0.3763737550366049,0.29770992366412213,0.13825460137617246,0.041404383592569795,0.37852286764912585,0.471,131,0.806697108066971,0.1130952380952381,0.3812195833620822,657,336,0.7931034482758621,0.3008130081300813,0.376750416357786,261,123,0.8412698412698413,0.1891891891891892,0.37753393337215235,63,37,0.8947368421052632,0.25,0.31290025833736856,19,8
19,0.5,1.0,Renal-adjusted associative latent class model,0.822,0.4141513237811535,0.183206106870229,0.13179612489806783,0.04097160506022306,0.39293966208287795,0.472,131,0.821917808219178,0.13095238095238096,0.3952792178476372,657,336,0.8160919540229885,0.18699186991869918,0.3925022252844348,261,123,0.8095238095238095,0.24324324324324326,0.3923734909760849,63,37,0.9473684210526315,0.125,0.31992659085523567,19,8
19,0.5,1.0,Two-nuisance adjusted associative latent model,0.824,0.4193242513236974,0.17557251908396945,0.12949256761554176,0.03482591667417348,0.3898265367580612,0.474,131,0.8249619482496194,0.14285714285714285,0.3933304705991581,657,336,0.8122605363984674,0.17886178861788618,0.38896103093930084,261,123,0.8412698412698413,0.16216216216216217,0.3751944007384749,63,37,0.8947368421052632,0.125,0.3290705922491021,19,8
19,0.5,1.0,Two-path biologically constrained latent SCM,0.82,0.4090099534930614,0.16793893129770993,0.12925845406705255,0.03142410030719392,0.3946943937974137,0.474,131,0.8295281582952816,0.15178571428571427,0.398974402949171,657,336,0.7854406130268199,0.17073170731707318,0.3921836208139519,261,123,0.8412698412698413,0.16216216216216217,0.3788697314594287,63,37,0.8947368421052632,0.125,0.3336575234433119,19,8
19,0.5,1.0,Two-path latent SCM (counterfactual query),0.825,0.42192216264302335,0.17557251908396945,0.1507944945049669,0.12256408521631551,0.1264907427092296,0.481,131,0.8310502283105022,0.15178571428571427,0.12885439840221094,657,336,0.8007662835249042,0.17886178861788618,0.1364099421083644,261,123,0.8412698412698413,0.16216216216216217,0.07130706939340427,63,37,0.8947368421052632,0.125,0.09147698404786483,19,8
0,0.5,1.5,Associative latent class model,0.801,0.3617718928108481,0.40993788819875776,0.138381738272629,0.05084542715591184,0.3848351782242661,0.553,161,0.8126984126984127,0.1590909090909091,0.3946734451319535,630,308,0.7807308970099668,0.4161073825503356,0.3661419452706883,301,149,0.7708333333333334,0.3333333333333333,0.4089757709982886,48,27,0.8095238095238095,0.3333333333333333,0.30244501222573217,21,12
0,0.5,1.5,Renal-adjusted associative latent class model,0.821,0.4115753967701446,0.13043478260869565,0.12680406549231993,0.021535953191941994,0.39029739814289194,0.513,161,0.8285714285714286,0.19155844155844157,0.3947918878629452,630,308,0.8205980066445183,0.12751677852348994,0.38784617663349086,301,149,0.6875,0.5185185185185185,0.37597446858860084,48,27,0.9047619047619048,0.16666666666666666,0.3233350062048982,21,12
0,0.5,1.5,Two-nuisance adjusted associative latent model,0.83,0.43503451364600626,0.12422360248447205,0.12247853695391336,0.027559428446806266,0.3869129375857958,0.498,161,0.8301587301587302,0.19155844155844157,0.3898374327768072,630,308,0.8239202657807309,0.1342281879194631,0.38569013422392556,301,149,0.8125,0.1111111111111111,0.38727470148311366,48,27,0.9523809523809523,0.0,0.3158780411341089,21,12
0,0.5,1.5,Two-path biologically constrained latent SCM,0.833,0.4429986458582619,0.13664596273291926,0.12151031506952296,0.02289297048483259,0.38738366321147955,0.509,161,0.8269841269841269,0.18831168831168832,0.38914040181596293,630,308,0.8438538205980066,0.14093959731543623,0.3866429834771141,301,149,0.8125,0.2222222222222222,0.39751282013950423,48,27,0.9047619047619048,0.08333333333333333,0.322145555910252,21,12
0,0.5,1.5,Two-path latent SCM (counterfactual query),0.829,0.43239591728898136,0.13043478260869565,0.14331550355885445,0.11798189384954225,0.13184616426791973,0.505,161,0.8206349206349206,0.19155844155844157,0.13170987824540975,630,308,0.8438538205980066,0.1342281879194631,0.13398151338734676,301,149,0.8125,0.2222222222222222,0.13318436099460407,48,27,0.9047619047619048,0.08333333333333333,0.10226933885615405,21,12
1,0.5,1.5,Associative latent class model,0.78,0.3129332194913547,0.28776978417266186,0.15360242716156922,0.08038207737952058,0.3750654671996697,0.412,139,0.7718518518518519,0.06306306306306306,0.37091293456322894,675,333,0.8093385214007782,0.2740740740740741,0.38096933104797037,257,135,0.7454545454545455,0.15384615384615385,0.41867190020115785,55,26,0.7692307692307693,0.75,0.2894741368536971,13,4
1,0.5,1.5,Renal-adjusted associative latent class model,0.846,0.47834195967362286,0.1366906474820144,0.1224284973941275,0.033172575400995365,0.3969027877264399,0.492,139,0.845925925925926,0.12612612612612611,0.4020624868095614,675,333,0.8599221789883269,0.13333333333333333,0.38766273211285296,257,135,0.7636363636363637,0.4230769230769231,0.3902058130530934,55,26,0.9230769230769231,0.25,0.3399974814663546,13,4
1,0.5,1.5,Two-nuisance adjusted associative latent model,0.841,0.4645883161919978,0.1510791366906475,0.12012076540152342,0.040385918593976694,0.3874116911245996,0.489,139,0.84,0.14114114114114115,0.3909960407737985,675,333,0.8560311284046692,0.14814814814814814,0.3775978641932326,257,135,0.7818181818181819,0.19230769230769232,0.38847929267173925,55,26,0.8461538461538461,0.25,0.39079626212916535,13,4
1,0.5,1.5,Two-path biologically constrained latent SCM,0.836,0.4510353597929497,0.12949640287769784,0.12006445741143582,0.036144863202088845,0.3861795381152983,0.48,139,0.8385185185185186,0.14714714714714713,0.39023666847218363,675,333,0.8404669260700389,0.1259259259259259,0.37346908794686595,257,135,0.7818181818181819,0.15384615384615385,0.3872963510652438,55,26,0.8461538461538461,0.25,0.4220716912031814,13,4
1,0.5,1.5,Two-path latent SCM (counterfactual query),0.84,0.4618613652304978,0.15827338129496402,0.14045129479151142,0.11449105826702508,0.1259831885086453,0.496,139,0.8385185185185186,0.15315315315315314,0.13120436187652604,675,333,0.8560311284046692,0.15555555555555556,0.11380111010738903,257,135,0.7818181818181819,0.15384615384615385,0.10808934520691992,55,26,0.8461538461538461,0.25,0.17141884292389478,13,4
2,0.5,1.5,Associative latent class model,0.807,0.3763675267904038,0.37254901960784315,0.13006131509814878,0.035455860904407804,0.37830243576768124,0.559,153,0.8215434083601286,0.15333333333333332,0.3894556823483728,622,300,0.7922077922077922,0.3611111111111111,0.3593854871352023,308,144,0.7291666666666666,0.48148148148148145,0.3458207925532979,48,27,0.7727272727272727,0.5555555555555556,0.3986760575814875,22,9
2,0.5,1.5,Renal-adjusted associative latent class model,0.814,0.3937764569650011,0.13071895424836602,0.12453108066274401,0.01871978597239473,0.3795875927383679,0.534,153,0.8167202572347267,0.21666666666666667,0.382972508374554,622,300,0.8344155844155844,0.1111111111111111,0.3794837494549439,308,144,0.6875,0.5555555555555556,0.3088845057958387,48,27,0.7272727272727273,0.4444444444444444,0.4396018826851057,22,9
2,0.5,1.5,Two-nuisance adjusted associative latent model,0.817,0.40135666777851453,0.1111111111111111,0.11992042049093209,0.03697508204496118,0.36855070742306106,0.527,153,0.815112540192926,0.21666666666666667,0.3690626171678309,622,300,0.8376623376623377,0.1111111111111111,0.36645939052991305,308,144,0.7291666666666666,0.48148148148148145,0.35384965245219063,48,27,0.7727272727272727,0.1111111111111111,0.41543108835235604,22,9
2,0.5,1.5,Two-path biologically constrained latent SCM,0.827,0.42714216366054547,0.13071895424836602,0.11882050716966927,0.02880402390564554,0.368334187447915,0.531,153,0.8247588424437299,0.20666666666666667,0.36806621584197774,622,300,0.8441558441558441,0.13194444444444445,0.36578992614071104,308,144,0.7708333333333334,0.37037037037037035,0.3722296581670022,48,27,0.7727272727272727,0.1111111111111111,0.40303092503862453,22,9
2,0.5,1.5,Two-path latent SCM (counterfactual query),0.831,0.4376817154883583,0.13725490196078433,0.1384043807405446,0.10260237557125224,0.1404911919726625,0.515,153,0.8231511254019293,0.17666666666666667,0.139598978816777,622,300,0.8538961038961039,0.1388888888888889,0.14059794342359172,308,144,0.8125,0.2962962962962963,0.13385883078532315,48,27,0.7727272727272727,0.1111111111111111,0.17869257711206668,22,9
3,0.5,1.5,Associative latent class model,0.8,0.3593719309498249,0.2684563758389262,0.1388126966570092,0.06544764048309183,0.3709367157367454,0.427,149,0.7940717628705148,0.05214723926380368,0.3693137561670788,641,326,0.822742474916388,0.2553191489361702,0.37799006950277386,299,141,0.75,0.22727272727272727,0.3527452990200126,44,22,0.75,0.5,0.35417338096487505,16,8
3,0.5,1.5,Renal-adjusted associative latent class model,0.826,0.42453982127395395,0.14093959731543623,0.12410069414242744,0.06781699951044323,0.3842894811911481,0.427,149,0.8237129485179407,0.0705521472392638,0.38340269564563056,641,326,0.8361204013377926,0.12056737588652482,0.3899051095803918,299,141,0.8181818181818182,0.22727272727272727,0.35062809048788846,44,22,0.75,0.5,0.40744309601841366,16,8
3,0.5,1.5,Two-nuisance adjusted associative latent model,0.843,0.47006988670755284,0.09395973154362416,0.11851124311944167,0.0481055466417681,0.3853844621740087,0.454,149,0.8471138845553822,0.11349693251533742,0.38688350573686886,641,326,0.8494983277591973,0.09219858156028368,0.3855207070196028,299,141,0.7954545454545454,0.13636363636363635,0.34407118487763905,44,22,0.6875,0.125,0.43639446644989877,16,8
3,0.5,1.5,Two-path biologically constrained latent SCM,0.842,0.4673269764531723,0.10067114093959731,0.11818256449059845,0.048752200398052795,0.38510712195558133,0.455,149,0.8471138845553822,0.11349693251533742,0.3864975669067617,641,326,0.842809364548495,0.09929078014184398,0.38521156029859904,299,141,0.7954545454545454,0.13636363636363635,0.3440578890519148,44,22,0.75,0.125,0.4403361200488568,16,8
3,0.5,1.5,Two-path latent SCM (counterfactual query),0.847,0.4811175862445804,0.12080536912751678,0.12999827518134546,0.103188563554816,0.11829698883498804,0.478,149,0.858034321372855,0.13190184049079753,0.11753056698664971,641,326,0.8361204013377926,0.12056737588652482,0.12543633849673472,299,141,0.7954545454545454,0.13636363636363635,0.06904644338042192,44,22,0.75,0.125,0.1510241673302091,16,8
4,0.5,1.5,Associative latent class model,0.806,0.37391758948469905,0.31690140845070425,0.13224265467188986,0.03054646250194953,0.4129229521622507,0.467,142,0.8056801195814649,0.11764705882352941,0.41561273578072216,669,357,0.7948717948717948,0.31343283582089554,0.40949580119725615,273,134,0.8837209302325582,0.1111111111111111,0.41256225849886047,43,18,0.8,0.375,0.3563667388430477,15,8
4,0.5,1.5,Renal-adjusted associative latent class model,0.823,0.4167328107759084,0.14788732394366197,0.12640137444620364,0.03734025310868762,0.41756106828703715,0.494,142,0.828101644245142,0.19047619047619047,0.42066967955883605,669,357,0.8021978021978022,0.1417910447761194,0.41807552326366526,273,134,0.8604651162790697,0.2777777777777778,0.3832724592095206,43,18,0.8666666666666667,0.25,0.3678479376790536,15,8
4,0.5,1.5,Two-nuisance adjusted associative latent model,0.827,0.42714316248479106,0.14788732394366197,0.12443559921818846,0.031579649773795786,0.40258842667460043,0.486,142,0.828101644245142,0.18487394957983194,0.40403445596401694,669,357,0.8095238095238095,0.14925373134328357,0.40213365153452735,273,134,0.9069767441860465,0.05555555555555555,0.39824880974184246,43,18,0.8666666666666667,0.125,0.3588126631231926,15,8
4,0.5,1.5,Two-path biologically constrained latent SCM,0.827,0.4271430263768704,0.19718309859154928,0.12341747667241289,0.027409459161148772,0.40414325384365735,0.476,142,0.828101644245142,0.15126050420168066,0.40545008116886444,669,357,0.8168498168498168,0.20149253731343283,0.40357655909407847,273,134,0.8604651162790697,0.05555555555555555,0.4030103551715497,43,18,0.8666666666666667,0.125,0.359420242441797,15,8
4,0.5,1.5,Two-path latent SCM (counterfactual query),0.827,0.4271430894163364,0.2112676056338028,0.1496839033469664,0.12118214458343735,0.12410974476622318,0.48,142,0.8310911808669657,0.15126050420168066,0.12634926246681447,669,357,0.8095238095238095,0.21641791044776118,0.12600338603935426,273,134,0.8604651162790697,0.05555555555555555,0.12053869272512951,43,18,0.8666666666666667,0.125,0.0,15,8
5,0.5,1.5,Associative latent class model,0.82,0.4090079474888607,0.3741496598639456,0.12726140376947292,0.06373685378973702,0.3462330516012379,0.542,147,0.8413685847589425,0.1585014409221902,0.34681902046625135,643,347,0.7985611510791367,0.34814814814814815,0.3538997356261179,278,135,0.7407407407407407,0.4166666666666667,0.3348442947372095,54,24,0.68,0.6666666666666666,0.27050812086272746,25,12
5,0.5,1.5,Renal-adjusted associative latent class model,0.825,0.4219215166047426,0.2653061224489796,0.12158279089650045,0.04738270664023077,0.34922029006945726,0.529,147,0.838258164852255,0.1786743515850144,0.3453298453152437,643,347,0.8201438848920863,0.23703703703703705,0.36631937665053094,278,135,0.7407407407407407,0.4166666666666667,0.32831704275704915,54,24,0.72,0.5833333333333334,0.3042917005610944,25,12
5,0.5,1.5,Two-nuisance adjusted associative latent model,0.83,0.43503503101348484,0.20408163265306123,0.11740176508398219,0.033208655383608586,0.3424992403172478,0.516,147,0.8367029548989113,0.1930835734870317,0.337320184233911,643,347,0.8093525179856115,0.21481481481481482,0.3585494734225043,278,135,0.8148148148148148,0.20833333333333334,0.3298350587219915,54,24,0.92,0.08333333333333333,0.32458060289597396,25,12
5,0.5,1.5,Two-path biologically constrained latent SCM,0.83,0.43503451625458417,0.2585034013605442,0.11877253458477892,0.04310317659514812,0.3412119822604324,0.532,147,0.833592534992224,0.1930835734870317,0.3368123595910582,643,347,0.8237410071942446,0.25925925925925924,0.35533403059501495,278,135,0.8148148148148148,0.20833333333333334,0.3275967484169125,54,24,0.84,0.25,0.32674200493818256,25,12
5,0.5,1.5,Two-path latent SCM (counterfactual query),0.834,0.44566983144948974,0.22448979591836735,0.13086050226469997,0.10092498155692624,0.14309521211977574,0.502,147,0.8429237947122862,0.1585014409221902,0.13973722010236356,643,347,0.8129496402877698,0.22962962962962963,0.1630905457465355,278,135,0.8148148148148148,0.20833333333333334,0.08053521888709408,54,24,0.88,0.16666666666666666,0.14224424226064036,25,12
6,0.5,1.5,Associative latent class model,0.817,0.40135731537803104,0.36923076923076925,0.13236213338545183,0.04937213471659719,0.3421522684118479,0.514,130,0.8381240544629349,0.11009174311926606,0.35002406162471933,661,327,0.7765151515151515,0.33613445378151263,0.32070309301369776,264,119,0.8333333333333334,0.26666666666666666,0.3787882474336118,54,30,0.6190476190476191,0.7272727272727273,0.26981817908938965,21,11
6,0.5,1.5,Renal-adjusted associative latent class model,0.839,0.4591431052159979,0.2153846153846154,0.12140506470924922,0.036228497184923276,0.3561474528105787,0.514,130,0.8638426626323752,0.12538226299694188,0.36025429691456223,661,327,0.7992424242424242,0.19327731092436976,0.34078822367107403,264,119,0.7592592592592593,0.4,0.381031434188669,54,30,0.7619047619047619,0.45454545454545453,0.35597971689054236,21,11
6,0.5,1.5,Two-nuisance adjusted associative latent model,0.843,0.47006611699064343,0.2076923076923077,0.1172159278717328,0.03153117446968298,0.3509566287960546,0.518,130,0.8653555219364599,0.1345565749235474,0.3534886720619784,661,327,0.7992424242424242,0.20168067226890757,0.3362929606259909,264,119,0.7777777777777778,0.3333333333333333,0.3780740616575431,54,30,0.8571428571428571,0.2727272727272727,0.38587026801513763,21,11
6,0.5,1.5,Two-path biologically constrained latent SCM,0.837,0.45372957792144103,0.16923076923076924,0.11756594617815631,0.03925038358357201,0.35229045374233414,0.506,130,0.8638426626323752,0.14984709480122324,0.3548116810011854,661,327,0.7840909090909091,0.16806722689075632,0.3381923460600339,264,119,0.7962962962962963,0.23333333333333334,0.37501087492172464,54,30,0.7619047619047619,0.18181818181818182,0.39174123785373827,21,11
6,0.5,1.5,Two-path latent SCM (counterfactual query),0.844,0.47281679970186835,0.19230769230769232,0.1329326554121025,0.106045530637928,0.13162256129432784,0.515,130,0.8638426626323752,0.14678899082568808,0.1311471205956904,661,327,0.803030303030303,0.19327731092436976,0.12214310395589578,264,119,0.7962962962962963,0.2,0.16778524731222821,54,30,0.8571428571428571,0.18181818181818182,0.17276818006474692,21,11
7,0.5,1.5,Associative latent class model,0.795,0.3474494083299331,0.45,0.13760636267327625,0.05698131150086071,0.3778916752744423,0.561,160,0.8187702265372169,0.15306122448979592,0.38742587759205244,618,294,0.752442996742671,0.43790849673202614,0.3629247465377055,307,153,0.8035714285714286,0.28125,0.40788839654918524,56,32,0.6842105263157895,0.7142857142857143,0.22120186993283894,19,7
7,0.5,1.5,Renal-adjusted associative latent class model,0.827,0.42714369809913855,0.18125,0.12453930171905916,0.026681938900853,0.3863111798422958,0.537,160,0.8543689320388349,0.1870748299319728,0.38104636931053026,618,294,0.7915309446254072,0.16993464052287582,0.3967616613058867,307,153,0.7321428571428571,0.4375,0.40821572787079213,56,32,0.7894736842105263,0.42857142857142855,0.3241375171956064,19,7
7,0.5,1.5,Two-nuisance adjusted associative latent model,0.831,0.4376821563270493,0.1625,0.12136220633956193,0.03768938939216473,0.37929275171472476,0.535,160,0.8495145631067961,0.2108843537414966,0.37108047574493336,618,294,0.7947882736156352,0.16339869281045752,0.3917596994527196,307,153,0.8214285714285714,0.21875,0.40281395338224474,56,32,0.8421052631578947,0.14285714285714285,0.375642556998174,19,7
7,0.5,1.5,Two-path biologically constrained latent SCM,0.828,0.42976687651935425,0.2375,0.11962286684491272,0.039102543342714034,0.3813535331074028,0.55,160,0.843042071197411,0.20408163265306123,0.37563118900301407,618,294,0.8013029315960912,0.23529411764705882,0.3913292165737405,307,153,0.8035714285714286,0.1875,0.39822076641313303,56,32,0.8421052631578947,0.2857142857142857,0.35658031032980686,19,7
7,0.5,1.5,Two-path latent SCM (counterfactual query),0.825,0.4219223418074552,0.23125,0.14255054034031767,0.11697854591695006,0.1283169495918868,0.533,160,0.8365695792880259,0.1836734693877551,0.12342445485715307,618,294,0.8045602605863192,0.22875816993464052,0.13763036226272862,307,153,0.8035714285714286,0.1875,0.13009695987522057,56,32,0.8421052631578947,0.2857142857142857,0.13172029065769256,19,7
8,0.5,1.5,Associative latent class model,0.818,0.40390054936333836,0.26875,0.1298734331600142,0.038305030785409214,0.375041161488354,0.467,160,0.8205521472392638,0.0990990990990991,0.38252417757100776,652,333,0.8111888111888111,0.25165562913907286,0.3690245060638233,286,151,0.8421052631578947,0.25,0.3643184555627104,38,20,0.7916666666666666,0.5555555555555556,0.26042865276751764,24,9
8,0.5,1.5,Renal-adjusted associative latent class model,0.817,0.40135777248593396,0.28125,0.13000784398253384,0.036620531474336374,0.3706710600096501,0.472,160,0.8312883435582822,0.0990990990990991,0.379781479503162,652,333,0.7867132867132867,0.26490066225165565,0.3629515373937117,286,151,0.8157894736842105,0.3,0.36053658738240363,38,20,0.7916666666666666,0.5555555555555556,0.2312085566023158,24,9
8,0.5,1.5,Two-nuisance adjusted associative latent model,0.825,0.4219217462604511,0.30625,0.12577807602599642,0.02589303478543382,0.3678608039567514,0.496,160,0.848159509202454,0.11711711711711711,0.37495448054999797,652,333,0.7797202797202797,0.2913907284768212,0.3565770745776604,286,151,0.8157894736842105,0.2,0.3701969553791461,38,20,0.75,0.5555555555555556,0.3059147918555945,24,9
8,0.5,1.5,Two-path biologically constrained latent SCM,0.841,0.4645888847790083,0.1875,0.11717433129798728,0.0362167709026923,0.3691933963344461,0.526,160,0.8512269938650306,0.19519519519519518,0.3764296767535168,652,333,0.8216783216783217,0.17218543046357615,0.35346938227430064,286,151,0.8421052631578947,0.2,0.36177652695641155,38,20,0.7916666666666666,0.4444444444444444,0.37172898901498064,24,9
8,0.5,1.5,Two-path latent SCM (counterfactual query),0.84,0.46186199533720823,0.1875,0.1317249346544721,0.10304825234728192,0.12464615212428445,0.521,160,0.8512269938650306,0.1891891891891892,0.1337387640490011,652,333,0.8216783216783217,0.17218543046357615,0.1104283328621341,286,151,0.8157894736842105,0.2,0.06576737084631035,38,20,0.7916666666666666,0.4444444444444444,0.14028394473356712,24,9
9,0.5,1.5,Associative latent class model,0.82,0.40900966182173043,0.29559748427672955,0.12578530951645592,0.03262239922565373,0.40850196329980926,0.488,159,0.8411214953271028,0.11661807580174927,0.414854631702397,642,343,0.7854545454545454,0.28378378378378377,0.40190774527043477,275,148,0.7666666666666667,0.42857142857142855,0.4139998029400005,60,28,0.782608695652174,0.45454545454545453,0.2956813748304688,23,11
9,0.5,1.5,Renal-adjusted associative latent class model,0.821,0.4115768080791907,0.24528301886792453,0.12280921635499295,0.031856291591689755,0.4069555452271166,0.493,159,0.8348909657320872,0.14285714285714285,0.41269266177922603,642,343,0.8072727272727273,0.22972972972972974,0.40231348829481745,275,148,0.75,0.4642857142857143,0.40370390036058895,60,28,0.782608695652174,0.45454545454545453,0.3108005679192756,23,11
9,0.5,1.5,Two-nuisance adjusted associative latent model,0.826,0.42452808475824577,0.25157232704402516,0.12112530483997586,0.028188778031262098,0.396933203012206,0.482,159,0.839563862928349,0.14285714285714285,0.3998586856084654,642,343,0.8036363636363636,0.24324324324324326,0.38636865684542604,275,148,0.7833333333333333,0.14285714285714285,0.4264105826064395,60,28,0.8260869565217391,0.36363636363636365,0.3646917940301185,23,11
9,0.5,1.5,Two-path biologically constrained latent SCM,0.831,0.43768267199024424,0.1949685534591195,0.12016510377908592,0.03547014928837228,0.4003082251978428,0.491,159,0.839563862928349,0.1749271137026239,0.4019781784463557,642,343,0.8181818181818182,0.19594594594594594,0.3905145843095245,275,148,0.7833333333333333,0.14285714285714285,0.42994761156371014,60,28,0.8695652173913043,0.18181818181818182,0.39347248940611435,23,11
9,0.5,1.5,Two-path latent SCM (counterfactual query),0.832,0.4403363013433706,0.20754716981132076,0.1406712996218752,0.11579121078090465,0.11861791657818585,0.484,159,0.839563862928349,0.15743440233236153,0.11725555838486874,642,343,0.8181818181818182,0.20945945945945946,0.11770737752317424,275,148,0.7833333333333333,0.14285714285714285,0.12919184869378558,60,28,0.9130434782608695,0.18181818181818182,0.13994818933043818,23,11
10,0.5,1.5,Associative latent class model,0.769,0.2887590831817141,0.2631578947368421,0.1568371934048069,0.10047002163148243,0.40479385232746606,0.382,133,0.7510917030567685,0.03283582089552239,0.4024078306864999,687,335,0.8167330677290837,0.25806451612903225,0.4168846034887954,251,124,0.7441860465116279,0.2608695652173913,0.4322163432222808,43,23,0.8421052631578947,0.3333333333333333,0.26928075850499833,19,9
10,0.5,1.5,Renal-adjusted associative latent class model,0.794,0.345111302376993,0.12030075187969924,0.15079511734217207,0.10854483398901692,0.4000860460302511,0.387,133,0.7729257641921398,0.05373134328358209,0.4003950363059815,687,335,0.8406374501992032,0.11290322580645161,0.4075073516034596,251,124,0.813953488372093,0.34782608695652173,0.41139689152261655,43,23,0.8947368421052632,0.2222222222222222,0.2652760263211009,19,9
10,0.5,1.5,Two-nuisance adjusted associative latent model,0.783,0.3197008797757712,0.14285714285714285,0.15381651478098082,0.11322950050924191,0.3781397351583062,0.382,133,0.7641921397379913,0.07164179104477612,0.3768667920883455,687,335,0.8326693227091634,0.1532258064516129,0.3834838593474623,251,124,0.7209302325581395,0.08695652173913043,0.39752133892823666,43,23,0.9473684210526315,0.0,0.309704353867663,19,9
10,0.5,1.5,Two-path biologically constrained latent SCM,0.808,0.37884289795879916,0.09022556390977443,0.1384350356278856,0.07804107019258953,0.3947442523022937,0.429,133,0.7991266375545851,0.12238805970149254,0.4012064405099701,687,335,0.8207171314741036,0.0967741935483871,0.37810092740579276,251,124,0.813953488372093,0.13043478260869565,0.412344782891769,43,23,0.9473684210526315,0.0,0.3411194330918013,19,9
10,0.5,1.5,Two-path latent SCM (counterfactual query),0.82,0.40901057021439124,0.11278195488721804,0.1492578504489918,0.12259010091187268,0.12571371422296776,0.465,133,0.8064046579330422,0.14925373134328357,0.12840046798365332,687,335,0.8446215139442231,0.12096774193548387,0.11357670005168058,251,124,0.8372093023255814,0.13043478260869565,0.15258252824577098,43,23,0.9473684210526315,0.0,0.1280943310872587,19,9
11,0.5,1.5,Associative latent class model,0.811,0.38627233894612656,0.35064935064935066,0.13607878405295917,0.04778057157334428,0.36391476297048236,0.536,154,0.821917808219178,0.16109422492401215,0.3693455127481566,657,329,0.7963636363636364,0.34507042253521125,0.3535593468428181,275,142,0.7708333333333334,0.375,0.3881936557220485,48,24,0.75,0.4166666666666667,0.2696322619255106,20,12
11,0.5,1.5,Renal-adjusted associative latent class model,0.829,0.4323988656294783,0.18181818181818182,0.12703572946061847,0.0371674260071351,0.3665405375303082,0.54,154,0.8280060882800608,0.20364741641337386,0.3666725927635102,657,329,0.8545454545454545,0.16901408450704225,0.37586577624826706,275,142,0.7083333333333334,0.5833333333333334,0.3530594985523632,48,24,0.8,0.3333333333333333,0.26633498429475544,20,12
11,0.5,1.5,Two-nuisance adjusted associative latent model,0.827,0.4271465877543276,0.19480519480519481,0.1255294259043359,0.044608959934661956,0.35372636327183865,0.546,154,0.817351598173516,0.24012158054711247,0.34986972914149217,657,329,0.850909090909091,0.19014084507042253,0.3614577683207594,275,142,0.8333333333333334,0.16666666666666666,0.38888858564122364,48,24,0.8,0.25,0.2897206413445362,20,12
11,0.5,1.5,Two-path biologically constrained latent SCM,0.824,0.4193273482395575,0.19480519480519481,0.12518053819762834,0.04467711359445352,0.35541431429047726,0.549,154,0.817351598173516,0.24012158054711247,0.35197950469549844,657,329,0.850909090909091,0.19014084507042253,0.36320300509381487,275,142,0.7708333333333334,0.2916666666666667,0.3900400701305742,48,24,0.8,0.25,0.27805149692340386,20,12
11,0.5,1.5,Two-path latent SCM (counterfactual query),0.833,0.44300062517657846,0.18181818181818182,0.14720200235340639,0.12872064072534126,0.1192586942915226,0.534,154,0.8249619482496194,0.21580547112462006,0.1179523874553112,657,329,0.8581818181818182,0.176056338028169,0.12709917665661097,275,142,0.8125,0.20833333333333334,0.1204032751565534,48,24,0.8,0.25,0.051617247265027456,20,12
12,0.5,1.5,Associative latent class model,0.801,0.36176573623562963,0.33548387096774196,0.1352704362250352,0.033975597588141684,0.39984814384959305,0.482,155,0.8021472392638037,0.11594202898550725,0.39807351781104106,652,345,0.8107142857142857,0.3146853146853147,0.4053330673614142,280,143,0.7872340425531915,0.4117647058823529,0.4010340261037849,47,17,0.6666666666666666,0.5833333333333334,0.3791596261295416,21,12
12,0.5,1.5,Renal-adjusted associative latent class model,0.824,0.41932286186350415,0.06451612903225806,0.12709374520726374,0.02972546958173816,0.4057860940316056,0.461,155,0.8144171779141104,0.16231884057971013,0.41085730742290855,652,345,0.8464285714285714,0.06293706293706294,0.4022571203772328,280,143,0.7659574468085106,0.6470588235294118,0.354811444163073,47,17,0.9523809523809523,0.08333333333333333,0.4094760957418877,21,12
12,0.5,1.5,Two-nuisance adjusted associative latent model,0.816,0.39882151811984295,0.05161290322580645,0.12716975163898755,0.04943093084549638,0.39423194390796346,0.439,155,0.8098159509202454,0.1681159420289855,0.3983528774637791,652,345,0.8392857142857143,0.055944055944055944,0.38292387734178013,280,143,0.7872340425531915,0.23529411764705882,0.43540376855766666,47,17,0.7619047619047619,0.0,0.32491452493670137,21,12
12,0.5,1.5,Two-path biologically constrained latent SCM,0.828,0.42976492754161877,0.09032258064516129,0.123531795566121,0.025948066876183742,0.3975704415851881,0.449,155,0.8113496932515337,0.15072463768115943,0.39487341123644165,652,345,0.8678571428571429,0.0979020979020979,0.39946272471077904,280,143,0.7659574468085106,0.17647058823529413,0.43953161344057157,47,17,0.9523809523809523,0.0,0.3621632718239588,21,12
12,0.5,1.5,Two-path latent SCM (counterfactual query),0.83,0.4350344080257538,0.08387096774193549,0.1441942579096262,0.12174513030062772,0.12029136828350245,0.455,155,0.8159509202453987,0.1565217391304348,0.1182678208517116,652,345,0.8678571428571429,0.09090909090909091,0.11736335107723532,280,143,0.7446808510638298,0.23529411764705882,0.1511253228407856,47,17,0.9523809523809523,0.0,0.1531486006211274,21,12
13,0.5,1.5,Associative latent class model,0.795,0.34745208981770787,0.3469387755102041,0.14437708140598227,0.04937494085632014,0.3915235504984072,0.455,147,0.7941176470588235,0.08099688473520249,0.38422004353945494,646,321,0.79182156133829,0.31343283582089554,0.4100298938301678,269,134,0.8888888888888888,0.09375,0.38831717729691745,63,32,0.5909090909090909,0.6923076923076923,0.3888808528135616,22,13
13,0.5,1.5,Renal-adjusted associative latent class model,0.802,0.36418493540952573,0.17006802721088435,0.1326648535673617,0.04259276232288108,0.39319110128307744,0.454,147,0.8018575851393189,0.1308411214953271,0.38929201779759537,646,321,0.8141263940520446,0.12686567164179105,0.4024362554579373,269,134,0.8095238095238095,0.28125,0.3792745862946937,63,32,0.6363636363636364,0.6153846153846154,0.43449118777636336,22,13
13,0.5,1.5,Two-nuisance adjusted associative latent model,0.816,0.39883208971447104,0.10204081632653061,0.1300464572805559,0.04991222502374162,0.38234199009819053,0.436,147,0.804953560371517,0.14018691588785046,0.37999158060719546,646,321,0.8215613382899628,0.09701492537313433,0.38759728219223555,269,134,0.9047619047619048,0.0,0.37032040639634234,63,32,0.8181818181818182,0.15384615384615385,0.4215261142391517,22,13
13,0.5,1.5,Two-path biologically constrained latent SCM,0.818,0.40390970969661144,0.10204081632653061,0.12999271931401699,0.04999584439347391,0.3833624935878114,0.434,147,0.8080495356037152,0.13395638629283488,0.3805282216177696,646,321,0.8215613382899628,0.09701492537313433,0.3898193944931924,269,134,0.9047619047619048,0.0,0.37119274627849647,63,32,0.8181818181818182,0.15384615384615385,0.42248646765991754,22,13
13,0.5,1.5,Two-path latent SCM (counterfactual query),0.815,0.39630248812148644,0.1292517006802721,0.1523477816801285,0.12737649063501283,0.11938595512481123,0.447,147,0.8065015479876161,0.14330218068535824,0.1180563414507884,646,321,0.8178438661710037,0.12686567164179105,0.12357496995738804,269,134,0.8888888888888888,0.03125,0.11340882032136698,63,32,0.8181818181818182,0.15384615384615385,0.1243243613099288,22,13
14,0.5,1.5,Associative latent class model,0.804,0.36903320819631996,0.2971014492753623,0.13504427440918254,0.035487262042824964,0.37084552791031034,0.482,138,0.8103975535168195,0.11455108359133127,0.37158305718271595,654,323,0.7924528301886793,0.2846153846153846,0.3754609572797657,265,130,0.819672131147541,0.2571428571428571,0.3634360030255472,61,35,0.7,0.5,0.308172932455892,20,8
14,0.5,1.5,Renal-adjusted associative latent class model,0.807,0.3763719021247641,0.12318840579710146,0.13491856693526133,0.0334651154840484,0.3609891617307686,0.507,138,0.8119266055045872,0.21362229102167182,0.3617193450553534,654,323,0.7962264150943397,0.11538461538461539,0.36754302219548335,265,130,0.8032786885245902,0.34285714285714286,0.33943955697612566,61,35,0.8,0.25,0.31599981036103486,20,8
14,0.5,1.5,Two-nuisance adjusted associative latent model,0.818,0.40389942133793333,0.13768115942028986,0.12969962276982316,0.04063297300897042,0.3525985465007127,0.506,138,0.8149847094801224,0.20123839009287925,0.3510891871552872,654,323,0.8226415094339623,0.13846153846153847,0.3606314632558103,265,130,0.8360655737704918,0.22857142857142856,0.3422482650648093,61,35,0.8,0.125,0.32708680847058746,20,8
14,0.5,1.5,Two-path biologically constrained latent SCM,0.819,0.40645000288327465,0.16666666666666666,0.12869547533881895,0.037645499376581265,0.3539266347806962,0.507,138,0.8149847094801224,0.19195046439628483,0.35238228350951795,654,323,0.8188679245283019,0.16923076923076924,0.36195157690287577,265,130,0.8524590163934426,0.2,0.3445460257601941,61,35,0.85,0.125,0.3267072957418752,20,8
14,0.5,1.5,Two-path latent SCM (counterfactual query),0.819,0.4064500741377956,0.1956521739130435,0.1541434415790111,0.12679784932745622,0.11929450919152317,0.509,138,0.8165137614678899,0.18575851393188855,0.12025965568054069,654,323,0.8113207547169812,0.2,0.12069888757739232,265,130,0.8688524590163934,0.17142857142857143,0.12410692520835095,61,35,0.85,0.125,0.054448336536558936,20,8
15,0.5,1.5,Associative latent class model,0.8,0.3593559728182843,0.2517985611510791,0.14189782976968002,0.0590215102656452,0.3632211610778628,0.474,139,0.7789634146341463,0.10457516339869281,0.36807513166972144,656,306,0.8442028985507246,0.23880597014925373,0.3610534566583168,276,134,0.8301886792452831,0.17391304347826086,0.3357541968192877,53,23,0.8,0.6,0.287876548893855,15,5
15,0.5,1.5,Renal-adjusted associative latent class model,0.795,0.34744654863508595,0.2158273381294964,0.1337658915111217,0.06619856833750186,0.36788050437288017,0.481,139,0.7789634146341463,0.13398692810457516,0.3718574080887318,656,306,0.8369565217391305,0.20149253731343283,0.3674374737711485,276,134,0.7924528301886793,0.2608695652173913,0.3331589229518138,53,23,0.7333333333333333,0.6,0.3247919326259357,15,5
15,0.5,1.5,Two-nuisance adjusted associative latent model,0.808,0.378833031176895,0.2014388489208633,0.1305086572405234,0.05917495667872539,0.36196738537320355,0.478,139,0.788109756097561,0.13071895424836602,0.36574681353092636,656,306,0.8514492753623188,0.19402985074626866,0.359086846661709,276,134,0.8301886792452831,0.043478260869565216,0.32112395849051395,53,23,0.8,0.4,0.39399574788579805,15,5
15,0.5,1.5,Two-path biologically constrained latent SCM,0.813,0.39126697267493454,0.19424460431654678,0.1300070371495773,0.05133497509679574,0.36444614061781955,0.483,139,0.7942073170731707,0.13725490196078433,0.36804459181288046,656,306,0.8514492753623188,0.1865671641791045,0.3608476518842333,276,134,0.8490566037735849,0.0,0.3212968818171595,53,23,0.8,0.4,0.4257467821474738,15,5
15,0.5,1.5,Two-path latent SCM (counterfactual query),0.819,0.4064521076249897,0.17985611510791366,0.14968517212032606,0.12007736912194283,0.13591571827040225,0.505,139,0.8003048780487805,0.16993464052287582,0.14360930365831034,656,306,0.8586956521739131,0.17164179104477612,0.11980683596922398,276,134,0.8490566037735849,0.0,0.12425428486641718,53,23,0.8,0.4,0.1370567496749828,15,5
16,0.5,1.5,Associative latent class model,0.766,0.2822986781298047,0.3067484662576687,0.1539378503695461,0.07946715588507663,0.3817811283490256,0.439,163,0.7418856259659969,0.07586206896551724,0.3892296079671293,647,290,0.8091872791519434,0.27450980392156865,0.36990365666919894,283,153,0.8958333333333334,0.15384615384615385,0.38364624261784175,48,26,0.6363636363636364,0.8,0.31144625051151303,22,10
16,0.5,1.5,Renal-adjusted associative latent class model,0.805,0.37147102110760716,0.1901840490797546,0.13058687979979328,0.03282879019731222,0.38788848992098884,0.522,163,0.7975270479134466,0.19310344827586207,0.39906755478118094,647,290,0.8374558303886925,0.16339869281045752,0.3708674135402361,283,153,0.75,0.4230769230769231,0.3592762696798686,48,26,0.7272727272727273,0.6,0.34050195459291793,22,10
16,0.5,1.5,Two-nuisance adjusted associative latent model,0.815,0.39629586372033426,0.18404907975460122,0.12482801717122397,0.030834620227827562,0.3853538933069852,0.522,163,0.7975270479134466,0.2103448275862069,0.3945231870460404,647,290,0.8268551236749117,0.19607843137254902,0.3673266060526626,283,153,0.9375,0.07692307692307693,0.3833205777919097,48,26,0.9090909090909091,0.0,0.35202609278554137,22,10
16,0.5,1.5,Two-path biologically constrained latent SCM,0.807,0.37637281922392013,0.19631901840490798,0.1261498420882355,0.040493746711621974,0.38576121670018665,0.504,163,0.7882534775888718,0.18620689655172415,0.39531614535056664,647,290,0.823321554770318,0.20261437908496732,0.3666321183495031,283,153,0.9375,0.07692307692307693,0.38180120250713845,48,26,0.8636363636363636,0.1,0.3594692475053661,22,10
16,0.5,1.5,Two-path latent SCM (counterfactual query),0.811,0.3862703717532529,0.19631901840490798,0.15570388711727606,0.12747583445901656,0.1274892877720135,0.514,163,0.794435857805255,0.19655172413793104,0.13323959690431716,647,290,0.823321554770318,0.20261437908496732,0.11334291527503823,283,153,0.9375,0.07692307692307693,0.1306768855184669,48,26,0.8636363636363636,0.1,0.13339695669081972,22,10
17,0.5,1.5,Associative latent class model,0.788,0.33111177442484724,0.3111111111111111,0.14406297183663444,0.06478460847078507,0.3821896243642905,0.434,135,0.7812018489984591,0.06402439024390244,0.3796270505327525,649,328,0.7951388888888888,0.3046875,0.3943622287136207,288,128,0.8541666666666666,0.16,0.3840890157119346,48,25,0.7333333333333333,0.42857142857142855,0.2532715963225673,15,7
17,0.5,1.5,Renal-adjusted associative latent class model,0.8,0.3593644217875774,0.0962962962962963,0.14169331157881185,0.07041648517148735,0.3838702510402457,0.43,135,0.8135593220338984,0.12195121951219512,0.3856774097622989,649,328,0.7673611111111112,0.078125,0.3846217331199763,288,128,0.8333333333333334,0.24,0.3710529616095493,48,25,0.7333333333333333,0.42857142857142855,0.332267387246808,15,7
17,0.5,1.5,Two-nuisance adjusted associative latent model,0.804,0.3690361275701166,0.07407407407407407,0.1402029768373128,0.06498626981958928,0.38277123962929954,0.444,135,0.8243451463790447,0.15853658536585366,0.38635200490950455,649,328,0.7604166666666666,0.078125,0.38053703407115724,288,128,0.8333333333333334,0.08,0.3586299387219576,48,25,0.6666666666666666,0.0,0.347992371458923,15,7
17,0.5,1.5,Two-path biologically constrained latent SCM,0.815,0.39629811732067166,0.17777777777777778,0.1304162744255268,0.04780701793897943,0.39177529087733554,0.455,135,0.8151001540832049,0.11280487804878049,0.38971713326748914,649,328,0.8020833333333334,0.1796875,0.4013127296613735,288,128,0.875,0.12,0.3764768829069752,48,25,0.8666666666666667,0.14285714285714285,0.34666099098164693,15,7
17,0.5,1.5,Two-path latent SCM (counterfactual query),0.815,0.3962971570522857,0.17037037037037037,0.15942301125120978,0.13789434727951327,0.12299342782070417,0.467,135,0.8181818181818182,0.13414634146341464,0.11763601639082186,649,328,0.7986111111111112,0.171875,0.1374797987818334,288,128,0.875,0.12,0.09616015967758218,48,25,0.8,0.14285714285714285,0.16251889795792113,15,7
18,0.5,1.5,Associative latent class model,0.805,0.37147843869779235,0.25675675675675674,0.13467556270728348,0.057391673056272276,0.3666702093665629,0.441,148,0.8015384615384615,0.06769230769230769,0.35973180350337314,650,325,0.8076923076923077,0.24113475177304963,0.3853553492505587,286,141,0.851063829787234,0.23809523809523808,0.38687062971323194,47,21,0.7647058823529411,0.5714285714285714,0.2617639768934536,17,7
18,0.5,1.5,Renal-adjusted associative latent class model,0.817,0.40137031897499464,0.08108108108108109,0.13266374619462493,0.07330885919659506,0.3628561874783378,0.419,148,0.8307692307692308,0.09230769230769231,0.36356261394551415,650,325,0.7797202797202797,0.07092198581560284,0.36358938961561926,286,141,0.851063829787234,0.2857142857142857,0.35966085978981627,47,21,0.8235294117647058,0.2857142857142857,0.3323448572685355,17,7
18,0.5,1.5,Two-nuisance adjusted associative latent model,0.799,0.35698031957093257,0.07432432432432433,0.13693153196838462,0.08678827567856148,0.3615433351992873,0.405,148,0.8292307692307692,0.11076923076923077,0.3624298538821009,650,325,0.7517482517482518,0.07092198581560284,0.3555364066870446,286,141,0.723404255319149,0.14285714285714285,0.3899812319261573,47,21,0.6470588235294118,0.14285714285714285,0.3500823507586805,17,7
18,0.5,1.5,Two-path biologically constrained latent SCM,0.816,0.39883686023552206,0.0945945945945946,0.12994978532897164,0.07734388197090869,0.3690194986421612,0.416,148,0.8261538461538461,0.09230769230769231,0.36549704972619507,650,325,0.8006993006993007,0.0851063829787234,0.3729176391198711,286,141,0.8085106382978723,0.14285714285714285,0.39787589110282245,47,21,0.7058823529411765,0.2857142857142857,0.35834145000110074,17,7
18,0.5,1.5,Two-path latent SCM (counterfactual query),0.829,0.4323988714897295,0.12837837837837837,0.1416898604894737,0.11141079503297543,0.13149394563323738,0.461,148,0.84,0.12307692307692308,0.12944556209667255,650,325,0.8111888111888111,0.12056737588652482,0.13421833329362956,286,141,0.8297872340425532,0.19047619047619047,0.1421194754410276,47,21,0.7058823529411765,0.2857142857142857,0.13460421192316852,17,7
19,0.5,1.5,Associative latent class model,0.799,0.35696031921057986,0.3472222222222222,0.14280820957701304,0.042671440912688166,0.38284143985016683,0.501,144,0.7975646879756468,0.13513513513513514,0.3938534007732153,657,333,0.7881040892193308,0.34328358208955223,0.3766804260542133,269,134,0.8727272727272727,0.2608695652173913,0.2991068322677359,55,23,0.7894736842105263,0.4,0.33167606099239355,19,10
19,0.5,1.5,Renal-adjusted associative latent class model,0.796,0.3498134229204718,0.3680555555555556,0.14198338872264266,0.03937848328587255,0.38144313873769203,0.51,144,0.7990867579908676,0.14414414414414414,0.39256965962376966,657,333,0.7806691449814126,0.3582089552238806,0.37514496332852965,269,134,0.8545454545454545,0.2608695652173913,0.3008920905189519,55,23,0.7368421052631579,0.5,0.31904275005044946,19,10
19,0.5,1.5,Two-nuisance adjusted associative latent model,0.803,0.3666021735680318,0.3472222222222222,0.1408159552858831,0.03667261855463221,0.37283260934782175,0.509,144,0.806697108066971,0.15315315315315314,0.38142523987539867,657,333,0.7732342007434945,0.373134328358209,0.3608230053715275,269,134,0.8363636363636363,0.08695652173913043,0.34123861519776755,55,23,1.0,0.0,0.3371954983614015,19,10
19,0.5,1.5,Two-path biologically constrained latent SCM,0.815,0.3962980166637515,0.2361111111111111,0.13378621223043144,0.03594310027244653,0.3849501638934848,0.531,144,0.8051750380517504,0.2132132132132132,0.3909959187015998,657,333,0.8178438661710037,0.2537313432835821,0.3829255415179066,269,134,0.8727272727272727,0.13043478260869565,0.33679937589329556,55,23,0.9473684210526315,0.0,0.3439425770571395,19,10
19,0.5,1.5,Two-path latent SCM (counterfactual query),0.814,0.39377752022459755,0.2152777777777778,0.15863980619848964,0.13419433063829764,0.11696786604387471,0.512,144,0.8082191780821918,0.19519519519519518,0.12084940548017106,657,333,0.8066914498141264,0.23134328358208955,0.12231398972713532,269,134,0.8727272727272727,0.13043478260869565,0.049944765427691176,55,23,0.9473684210526315,0.0,0.10107270043578345,19,10
0,1.0,0.0,Associative latent class model,0.758,0.2655215049891484,0.6257668711656442,0.1708655961130566,0.08827909912617145,0.3458582242902485,0.484,163,0.8031496062992126,0.05828220858895705,0.35417201787039715,635,326,0.6643109540636042,0.6326530612244898,0.3240955300853176,283,147,0.7678571428571429,0.09090909090909091,0.33770167598903467,56,33,0.6538461538461539,0.5625,0.39725631050059723,26,16
0,1.0,0.0,Renal-adjusted associative latent class model,0.833,0.44299950258945314,0.17791411042944785,0.12223260666017441,0.023978569359440458,0.37976252415505113,0.503,163,0.8409448818897638,0.1901840490797546,0.37338163732696866,635,326,0.8127208480565371,0.1836734693877551,0.3962215226025723,283,147,0.8214285714285714,0.15151515151515152,0.3744203697370353,56,33,0.8846153846153846,0.125,0.3679597250240033,26,16
0,1.0,0.0,Two-nuisance adjusted associative latent model,0.833,0.44299950258945314,0.17177914110429449,0.1223438913755081,0.021522742262823056,0.37929817478829636,0.503,163,0.8393700787401575,0.19325153374233128,0.372933356054067,635,326,0.8162544169611308,0.17687074829931973,0.39582945586472035,283,147,0.8214285714285714,0.15151515151515152,0.3740391911064718,56,33,0.8846153846153846,0.125,0.366137037780212,26,16
0,1.0,0.0,Two-path biologically constrained latent SCM,0.825,0.4219224445683828,0.25766871165644173,0.1236097803154755,0.029050534110018563,0.37722423158388585,0.503,163,0.8377952755905512,0.16257668711656442,0.3714121225150303,635,326,0.7915194346289752,0.272108843537415,0.39223617255804377,283,147,0.8214285714285714,0.15151515151515152,0.36787482382031883,56,33,0.8846153846153846,0.125,0.3759118007298986,26,16
0,1.0,0.0,Two-path latent SCM (counterfactual query),0.83,0.4350355309895596,0.2085889570552147,0.14086003177436585,0.11269259817765334,0.12577283135585093,0.504,163,0.8362204724409449,0.18098159509202455,0.12247161287787565,635,326,0.8127208480565371,0.21768707482993196,0.1371995417850973,283,147,0.8214285714285714,0.15151515151515152,0.12474009814298774,56,33,0.8846153846153846,0.125,0.08424774450807877,26,16
1,1.0,0.0,Associative latent class model,0.709,0.17389549607181895,0.9436619718309859,0.20485340294312404,0.1253242000798661,0.3663327816600691,0.57,142,0.7830769230769231,0.10793650793650794,0.42266179157601613,650,315,0.5576208178438662,0.9444444444444444,0.23248758602011968,269,126,0.7142857142857143,0.15384615384615385,0.38884677523129446,56,26,0.4,0.9375,0.291521483331755,25,16
1,1.0,0.0,Renal-adjusted associative latent class model,0.823,0.4167327874358955,0.09154929577464789,0.12944118554020032,0.02573603672650126,0.39060331772172774,0.51,142,0.823076923076923,0.2126984126984127,0.39390939660047253,650,315,0.8327137546468402,0.06349206349206349,0.3918870187375678,269,126,0.875,0.19230769230769232,0.36189547267177125,56,26,0.6,0.3125,0.35513821685582897,25,16
1,1.0,0.0,Two-nuisance adjusted associative latent model,0.822,0.4141502325682112,0.09154929577464789,0.12931771057770494,0.027943429313568056,0.3904842215107316,0.505,142,0.823076923076923,0.20952380952380953,0.39393292210666686,650,315,0.8327137546468402,0.06349206349206349,0.3914516005655219,269,126,0.8571428571428571,0.15384615384615385,0.36382141932105144,56,26,0.6,0.3125,0.35013368429175545,25,16
1,1.0,0.0,Two-path biologically constrained latent SCM,0.828,0.4297658260208307,0.1619718309859155,0.12493924019548774,0.03249781263570946,0.3954683940625739,0.509,142,0.8276923076923077,0.1746031746031746,0.3975612398721311,650,315,0.8475836431226765,0.14285714285714285,0.3974931182741037,269,126,0.8392857142857143,0.15384615384615385,0.36831354128195315,56,26,0.6,0.3125,0.38009524072661693,25,16
1,1.0,0.0,Two-path latent SCM (counterfactual query),0.831,0.4376817189501618,0.176056338028169,0.1465642820204291,0.12075991523210716,0.11464001534864085,0.512,142,0.8307692307692308,0.16825396825396827,0.11611623101877432,650,315,0.8550185873605948,0.15079365079365079,0.11651885909156426,269,126,0.8392857142857143,0.15384615384615385,0.1110479208693217,56,26,0.56,0.375,0.06408834088498967,25,16
2,1.0,0.0,Associative latent class model,0.777,0.3062227410947946,0.4881889763779528,0.1530461879779434,0.07900873696200911,0.3463354897171729,0.454,127,0.783987915407855,0.0486322188449848,0.349562724022149,662,329,0.7666666666666667,0.5042016806722689,0.3311205483960091,270,119,0.7115384615384616,0.10344827586206896,0.39219051686141565,52,29,0.875,0.25,0.32053196692463687,16,8
2,1.0,0.0,Renal-adjusted associative latent class model,0.84,0.4618618133324147,0.30708661417322836,0.1166679327132066,0.02094466610549788,0.36516101476868723,0.495,127,0.8549848942598187,0.06990881458966565,0.3616184454676847,662,329,0.8185185185185185,0.31932773109243695,0.3699435157560834,270,119,0.75,0.27586206896551724,0.40330798760988323,52,29,0.875,0.125,0.3070524537014652,16,8
2,1.0,0.0,Two-nuisance adjusted associative latent model,0.841,0.4645885486741877,0.2992125984251969,0.11683881700602022,0.023398440645015544,0.3648476104627672,0.492,127,0.8564954682779456,0.0668693009118541,0.3611273002509644,662,329,0.8185185185185185,0.31092436974789917,0.3701682943063523,270,119,0.75,0.27586206896551724,0.4024104434137579,52,29,0.875,0.125,0.30690969852488925,16,8
2,1.0,0.0,Two-path biologically constrained latent SCM,0.841,0.4645885770005373,0.2047244094488189,0.11239877797685105,0.02874305213900172,0.37691969727740443,0.514,127,0.850453172205438,0.1337386018237082,0.3698929960501058,662,329,0.8333333333333334,0.21008403361344538,0.393165023708754,270,119,0.75,0.3103448275862069,0.40161880718605397,52,29,0.875,0.125,0.31323746982475303,16,8
2,1.0,0.0,Two-path latent SCM (counterfactual query),0.846,0.47834235049650187,0.1732283464566929,0.12638521532762237,0.08896986890304884,0.13527894495823695,0.517,127,0.8564954682779456,0.14285714285714285,0.13971407938495944,662,329,0.837037037037037,0.17647058823529413,0.13521431260670977,270,119,0.75,0.3103448275862069,0.09039330687802945,52,29,0.875,0.125,0.09874425274528756,16,8
3,1.0,0.0,Associative latent class model,0.728,0.207144911255886,0.7808219178082192,0.19410269772993918,0.11301045435626897,0.3682240168124765,0.53,146,0.7829457364341085,0.0949367088607595,0.4071619429696067,645,316,0.6028880866425993,0.7785714285714286,0.26889591663184526,277,140,0.7258064516129032,0.125,0.44731920888035454,62,32,0.6875,0.8333333333333334,0.21166273371731897,16,6
3,1.0,0.0,Renal-adjusted associative latent class model,0.818,0.4039105875836137,0.13013698630136986,0.12999563348438903,0.07036546848379199,0.3909493465862196,0.426,146,0.8186046511627907,0.08860759493670886,0.38679866597667895,645,316,0.8194945848375451,0.12857142857142856,0.3919110508305057,277,140,0.8064516129032258,0.125,0.42714186633925666,62,32,0.8125,0.16666666666666666,0.4013781398861022,16,6
3,1.0,0.0,Two-nuisance adjusted associative latent model,0.812,0.38877766142069686,0.13013698630136986,0.13085191465407894,0.07354860021541788,0.38961223019706825,0.42,146,0.8170542635658915,0.08860759493670886,0.3855791417664527,645,316,0.8194945848375451,0.12857142857142856,0.3908772531667875,277,140,0.7258064516129032,0.125,0.42109145930619324,62,32,0.8125,0.16666666666666666,0.4083133845951323,16,6
3,1.0,0.0,Two-path biologically constrained latent SCM,0.817,0.4013753794193594,0.07534246575342465,0.13289368536383847,0.08624706505765277,0.3860570629994717,0.405,146,0.8186046511627907,0.08227848101265822,0.3828982777297952,645,316,0.8194945848375451,0.07142857142857142,0.3832717230646208,277,140,0.8064516129032258,0.125,0.42331808712347074,62,32,0.75,0.16666666666666666,0.4172303233249102,16,6
3,1.0,0.0,Two-path latent SCM (counterfactual query),0.826,0.42453258383758063,0.15753424657534246,0.14569906046656286,0.11383856662307726,0.1250565328220321,0.452,146,0.8248062015503876,0.10443037974683544,0.12363721429922596,645,316,0.8267148014440433,0.15714285714285714,0.12720100942068113,277,140,0.8225806451612904,0.125,0.14307268167421228,62,32,0.875,0.16666666666666666,0.07533398285634696,16,6
4,1.0,0.0,Associative latent class model,0.728,0.20714473147057663,0.618421052631579,0.18781148587696503,0.12066559321591601,0.35389431098350854,0.472,152,0.7648766328011611,0.07878787878787878,0.3647779680092794,689,330,0.6356589147286822,0.6338028169014085,0.32654129410170624,258,142,0.6571428571428571,0.0,0.30681971971132455,35,14,0.7777777777777778,0.4,0.4208859420543586,18,10
4,1.0,0.0,Renal-adjusted associative latent class model,0.822,0.4141586028257233,0.23026315789473684,0.1293726126892489,0.06218777995920889,0.3632114318830701,0.564,152,0.8287373004354136,0.2515151515151515,0.3597998652666067,689,330,0.8062015503875969,0.23943661971830985,0.37050108593674774,258,142,0.7714285714285715,0.07142857142857142,0.37257039045070006,35,14,0.8888888888888888,0.1,0.3711156042734828,18,10
4,1.0,0.0,Two-nuisance adjusted associative latent model,0.822,0.4141586028257233,0.23026315789473684,0.12949915311081714,0.06159989145368172,0.3631869027743182,0.564,152,0.8287373004354136,0.2515151515151515,0.3598647027124023,689,330,0.8062015503875969,0.23943661971830985,0.37049272480310574,258,142,0.7714285714285715,0.07142857142857142,0.37159662791748943,35,14,0.8888888888888888,0.1,0.36928431273108725,18,10
4,1.0,0.0,Two-path biologically constrained latent SCM,0.821,0.41158435015302314,0.23684210526315788,0.12922424438622684,0.058702788999806896,0.36445340990667,0.565,152,0.8272859216255443,0.2515151515151515,0.3614206927424243,689,330,0.8062015503875969,0.24647887323943662,0.37117966387965345,258,142,0.7714285714285715,0.07142857142857142,0.37120300211732454,35,14,0.8888888888888888,0.1,0.37100523622681814,18,10
4,1.0,0.0,Two-path latent SCM (counterfactual query),0.827,0.4271465794887651,0.23026315789473684,0.14662887691184784,0.11998616488252581,0.12308629828235834,0.543,152,0.8359941944847605,0.21212121212121213,0.12448333816907237,689,330,0.8062015503875969,0.23943661971830985,0.1269206087083084,258,142,0.7714285714285715,0.07142857142857142,0.0807308930508542,35,14,0.8888888888888888,0.1,0.09700999890800104,18,10
5,1.0,0.0,Associative latent class model,0.717,0.18754252951948427,0.8431372549019608,0.1959951768605718,0.1238753768841965,0.3573121132754997,0.615,153,0.7795031055900621,0.21114369501466276,0.4013102781969073,644,341,0.5734265734265734,0.852112676056338,0.2555082574671043,286,142,0.7708333333333334,0.2727272727272727,0.41892634796326017,48,22,0.6363636363636364,0.7272727272727273,0.2583848990392317,22,11
5,1.0,0.0,Renal-adjusted associative latent class model,0.801,0.361765677912068,0.09803921568627451,0.14077620702477658,0.057232218802935976,0.36863223725422134,0.541,153,0.7934782608695652,0.30791788856304986,0.3680504770576449,644,341,0.8146853146853147,0.1056338028169014,0.37516574004362796,286,142,0.7916666666666666,0.36363636363636365,0.34509964233296037,48,22,0.8636363636363636,0.0,0.3520702520290172,22,11
5,1.0,0.0,Two-nuisance adjusted associative latent model,0.805,0.3714713530310977,0.10457516339869281,0.14038931852638512,0.0577928829272128,0.3673142551709664,0.547,153,0.7950310559006211,0.30498533724340177,0.36763354171633056,644,341,0.8286713286713286,0.1056338028169014,0.3752489829907047,286,142,0.7708333333333334,0.4090909090909091,0.3202012989359184,48,22,0.8636363636363636,0.09090909090909091,0.3576083100629041,22,11
5,1.0,0.0,Two-path biologically constrained latent SCM,0.816,0.39882275377545645,0.13725490196078433,0.13504794495271064,0.05217589376854348,0.3749966364646992,0.538,153,0.812111801242236,0.26392961876832843,0.3740972649446854,644,341,0.8251748251748252,0.14084507042253522,0.3816513100032835,286,142,0.7916666666666666,0.36363636363636365,0.35403719588521804,48,22,0.8636363636363636,0.09090909090909091,0.36054262622237665,22,11
5,1.0,0.0,Two-path latent SCM (counterfactual query),0.817,0.4013573357630544,0.16339869281045752,0.15534705280813657,0.12898397143001836,0.11809938489719563,0.525,153,0.8152173913043478,0.23460410557184752,0.12204466900350382,644,341,0.8216783216783217,0.16901408450704225,0.11827693174317772,286,142,0.7916666666666666,0.3181818181818182,0.09227348754944624,48,22,0.8636363636363636,0.09090909090909091,0.05664946263713271,22,11
6,1.0,0.0,Associative latent class model,0.726,0.20350993884605095,0.8936170212765957,0.20382340736412702,0.13535077525923833,0.3362593651471539,0.532,141,0.7878315132605305,0.07598784194528875,0.3922876433607794,641,329,0.5734767025089605,0.9224806201550387,0.20906218959895206,279,129,0.7735849056603774,0.03571428571428571,0.3772571019082742,53,28,0.7407407407407407,0.5833333333333334,0.240000313098079,27,12
6,1.0,0.0,Renal-adjusted associative latent class model,0.806,0.37391745864731174,0.14893617021276595,0.13466261656369807,0.027811682859407993,0.39013323800412064,0.508,141,0.8299531981279251,0.22492401215805471,0.38509678412313686,641,329,0.7491039426523297,0.15503875968992248,0.4083206881997564,279,129,0.8301886792452831,0.17857142857142858,0.37415052767476087,53,28,0.7777777777777778,0.08333333333333333,0.3531388669146527,27,12
6,1.0,0.0,Two-nuisance adjusted associative latent model,0.809,0.38130469772976905,0.1276595744680851,0.13443377904670906,0.03367354765756685,0.3890848909947639,0.499,141,0.8346333853354134,0.20972644376899696,0.3845115306435429,641,329,0.7562724014336918,0.13178294573643412,0.4058426811582148,279,129,0.7924528301886793,0.25,0.37241165882195987,53,28,0.7777777777777778,0.08333333333333333,0.3572249589461895,27,12
6,1.0,0.0,Two-path biologically constrained latent SCM,0.818,0.40389931216193486,0.2198581560283688,0.12698998269028094,0.016341806758386375,0.395256810477832,0.5,141,0.8424336973478939,0.1641337386018237,0.3895053168544017,641,329,0.7670250896057348,0.23255813953488372,0.415275457715615,279,129,0.7924528301886793,0.17857142857142858,0.3735521169778661,53,28,0.8148148148148148,0.08333333333333333,0.36754768413618516,27,12
6,1.0,0.0,Two-path latent SCM (counterfactual query),0.819,0.40644992374962796,0.2198581560283688,0.15101857627108228,0.12347665821181741,0.12311743174156271,0.495,141,0.84399375975039,0.15501519756838905,0.12350427983894958,641,329,0.7670250896057348,0.23255813953488372,0.13389651838686123,279,129,0.7924528301886793,0.17857142857142858,0.09817020629910092,53,28,0.8148148148148148,0.08333333333333333,0.05151995559294142,27,12
7,1.0,0.0,Associative latent class model,0.706,0.16895751636722844,0.5714285714285714,0.20797064073010005,0.15580348207660802,0.3370170903633364,0.377,133,0.7001499250374813,0.029239766081871343,0.3407808876414963,667,342,0.720754716981132,0.5669291338582677,0.32690523149193407,265,127,0.7115384615384616,0.06666666666666667,0.34897164779808754,52,30,0.6875,0.6666666666666666,0.30873914222470933,16,6
7,1.0,0.0,Renal-adjusted associative latent class model,0.83,0.43503579926440056,0.16541353383458646,0.12248077316520574,0.021395204053209778,0.40692051269252544,0.475,133,0.8260869565217391,0.13157894736842105,0.4103967376402564,667,342,0.8603773584905661,0.15748031496062992,0.3981157385831335,265,127,0.7692307692307693,0.26666666666666666,0.40895041464149,52,30,0.6875,0.3333333333333333,0.4012372750366592,16,6
7,1.0,0.0,Two-nuisance adjusted associative latent model,0.83,0.4350354242827836,0.16541353383458646,0.12341125950460928,0.021691069473046113,0.40582084760153014,0.479,133,0.8260869565217391,0.1286549707602339,0.40963780678397,667,342,0.8641509433962264,0.15748031496062992,0.39770175762472665,265,127,0.7307692307692307,0.36666666666666664,0.403774907247415,52,30,0.75,0.3333333333333333,0.38782309557524886,16,6
7,1.0,0.0,Two-path biologically constrained latent SCM,0.828,0.42976675104555456,0.18796992481203006,0.12348001988991862,0.029260558489840816,0.40526581857714017,0.473,133,0.8245877061469266,0.11695906432748537,0.4089518676893967,667,342,0.8566037735849057,0.18110236220472442,0.3968690355049014,265,127,0.75,0.3333333333333333,0.40704499050708043,52,30,0.75,0.3333333333333333,0.3848930570715938,16,6
7,1.0,0.0,Two-path latent SCM (counterfactual query),0.828,0.42976599408769006,0.16541353383458646,0.146989307221686,0.12271638098277085,0.10906463710542709,0.481,133,0.823088455772114,0.13450292397660818,0.11494951495563628,667,342,0.8641509433962264,0.15748031496062992,0.09718162476515875,265,127,0.7307692307692307,0.36666666666666664,0.09113152671974166,52,30,0.75,0.3333333333333333,0.11883379236400339,16,6
8,1.0,0.0,Associative latent class model,0.739,0.2277126203293447,0.5789473684210527,0.1861989189324994,0.12189733871726377,0.348321260170031,0.466,152,0.7515432098765432,0.05787781350482315,0.3669059439837726,648,311,0.6967509025270758,0.5899280575539568,0.30548461014136624,277,139,0.8235294117647058,0.041666666666666664,0.34130798023065295,51,24,0.7083333333333334,0.46153846153846156,0.3558443528176918,24,13
8,1.0,0.0,Renal-adjusted associative latent class model,0.819,0.4064502700876399,0.26973684210526316,0.12766891711872247,0.03506845965279099,0.3643652173091395,0.504,152,0.8256172839506173,0.1414790996784566,0.37093636346055436,648,311,0.779783393501805,0.28776978417266186,0.35878205504206073,277,139,0.9411764705882353,0.041666666666666664,0.33269638752542957,51,24,0.8333333333333334,0.07692307692307693,0.31867953234385565,24,13
8,1.0,0.0,Two-nuisance adjusted associative latent model,0.814,0.39377780848004607,0.3026315789473684,0.12895801313548902,0.036009546293249234,0.3634582709732348,0.517,152,0.8240740740740741,0.15434083601286175,0.37107088248024006,648,311,0.7725631768953068,0.3237410071942446,0.3554043759724078,277,139,0.9019607843137255,0.041666666666666664,0.33257564447488785,51,24,0.8333333333333334,0.07692307692307693,0.3164987130609571,24,13
8,1.0,0.0,Two-path biologically constrained latent SCM,0.822,0.41415013113059435,0.25,0.12659819612554582,0.032053082271297495,0.3651887885702562,0.515,152,0.8317901234567902,0.1639871382636656,0.3715219313373728,648,311,0.7870036101083032,0.26618705035971224,0.36152952735991595,277,139,0.9019607843137255,0.041666666666666664,0.33288280596278347,51,24,0.7916666666666666,0.07692307692307693,0.30507812003499846,24,13
8,1.0,0.0,Two-path latent SCM (counterfactual query),0.822,0.4141501798206548,0.25,0.1485772638195379,0.12393460394725762,0.12688950736849103,0.517,152,0.8302469135802469,0.16720257234726688,0.13336115789156625,648,311,0.7870036101083032,0.26618705035971224,0.10779804163995584,277,139,0.9215686274509803,0.041666666666666664,0.16309075490380398,51,24,0.7916666666666666,0.07692307692307693,0.09557462584976369,24,13
9,1.0,0.0,Associative latent class model,0.769,0.2887617683958294,0.7931034482758621,0.1706317664998201,0.10530750422382379,0.3394160574614157,0.604,145,0.8389057750759878,0.13813813813813813,0.38429330353541435,658,333,0.6245487364620939,0.7878787878787878,0.23286363591469608,277,132,0.7619047619047619,0.32,0.3620034933941697,42,25,0.5217391304347826,0.8461538461538461,0.29755173322552686,23,13
9,1.0,0.0,Renal-adjusted associative latent class model,0.828,0.42976823116663304,0.16551724137931034,0.12017523058231991,0.0424362972629393,0.36300005462327456,0.537,145,0.831306990881459,0.2222222222222222,0.35904392677143365,658,333,0.8231046931407943,0.17424242424242425,0.37623565310364926,277,132,0.7857142857142857,0.32,0.3434594688724325,42,25,0.8695652173913043,0.07692307692307693,0.35245987849209415,23,13
9,1.0,0.0,Two-nuisance adjusted associative latent model,0.829,0.4323983833049081,0.16551724137931034,0.12023447708609689,0.045984916258404555,0.3634560703735242,0.534,145,0.8328267477203647,0.21621621621621623,0.35976024956183655,658,333,0.8231046931407943,0.17424242424242425,0.3765276685514649,277,132,0.7857142857142857,0.32,0.33657549567894735,42,25,0.8695652173913043,0.07692307692307693,0.3608474415027888,23,13
9,1.0,0.0,Two-path biologically constrained latent SCM,0.838,0.4564334384238942,0.19310344827586207,0.11791561692055436,0.04077299534220334,0.3657984351747216,0.527,145,0.851063829787234,0.18018018018018017,0.36263513772669687,658,333,0.8086642599277978,0.20454545454545456,0.3758730352244887,277,132,0.7857142857142857,0.32,0.3500811619786407,42,25,0.9130434782608695,0.07692307692307693,0.363664130011684,23,13
9,1.0,0.0,Two-path latent SCM (counterfactual query),0.845,0.4755751419617796,0.18620689655172415,0.13541243243384016,0.1212761761357583,0.12701316433657311,0.506,145,0.8556231003039514,0.15315315315315314,0.12442234088740953,658,333,0.8122743682310469,0.19696969696969696,0.1305199397685583,277,132,0.8809523809523809,0.16,0.13666530268585372,42,25,0.8695652173913043,0.07692307692307693,0.14127382625917995,23,13
10,1.0,0.0,Associative latent class model,0.721,0.19456104719779024,0.75,0.19529543398894525,0.1345841799856148,0.34721142264464416,0.468,148,0.7667682926829268,0.03363914373088685,0.3700470651291663,656,327,0.6199261992619927,0.762962962962963,0.2879495163002797,271,135,0.6938775510204082,0.07692307692307693,0.36611074073896455,49,26,0.6666666666666666,0.6153846153846154,0.3536167794302522,24,13
10,1.0,0.0,Renal-adjusted associative latent class model,0.829,0.4323962740398104,0.08783783783783784,0.11834976075570143,0.026154337946147965,0.3819529468987206,0.486,148,0.8460365853658537,0.1926605504587156,0.3820749318504931,656,327,0.7896678966789668,0.08888888888888889,0.3817912754597258,271,135,0.8571428571428571,0.11538461538461539,0.39913351480647924,49,26,0.75,0.07692307692307693,0.3453672387372491,24,13
10,1.0,0.0,Two-nuisance adjusted associative latent model,0.833,0.44299933252932505,0.0945945945945946,0.1158136890956012,0.031563125260720026,0.3829803310074487,0.48,148,0.850609756097561,0.1743119266055046,0.38214140888332193,656,327,0.7933579335793358,0.0962962962962963,0.38567037657029624,271,135,0.8571428571428571,0.11538461538461539,0.39736452994582044,49,26,0.75,0.07692307692307693,0.34616803175391775,24,13
10,1.0,0.0,Two-path biologically constrained latent SCM,0.859,0.5150385860252766,0.16216216216216217,0.11095054433513804,0.042551831882524455,0.38737259987518574,0.496,148,0.8658536585365854,0.12844036697247707,0.3843521799438202,656,327,0.8487084870848709,0.16296296296296298,0.3953808967344776,271,135,0.8367346938775511,0.11538461538461539,0.39529155979193453,49,26,0.8333333333333334,0.15384615384615385,0.3633358494663093,24,13
10,1.0,0.0,Two-path latent SCM (counterfactual query),0.858,0.5121677299994221,0.14189189189189189,0.12605668108365417,0.10471475263937499,0.10842348151828136,0.495,148,0.864329268292683,0.13761467889908258,0.10576233339011495,656,327,0.8450184501845018,0.14814814814814814,0.1272678880659383,271,135,0.8367346938775511,0.11538461538461539,0.04400734124766022,49,26,0.875,0.07692307692307693,0.09989305947338804,24,13
11,1.0,0.0,Associative latent class model,0.767,0.2844483758455101,0.7210884353741497,0.16915336273377762,0.08829302799159355,0.34240656973834815,0.563,147,0.8154761904761905,0.11419753086419752,0.37569746317684993,672,324,0.6296296296296297,0.7352941176470589,0.2614713378390323,270,136,0.918918918918919,0.047619047619047616,0.32136821017234307,37,21,0.7142857142857143,0.5454545454545454,0.3547614043137844,21,11
11,1.0,0.0,Renal-adjusted associative latent class model,0.833,0.44299871829742393,0.1564625850340136,0.12134619589203541,0.029464733042148295,0.3547019663382689,0.509,147,0.8348214285714286,0.17592592592592593,0.3561564837993402,672,324,0.8222222222222222,0.16911764705882354,0.3592223780224772,270,136,0.8378378378378378,0.19047619047619047,0.3325862832139615,37,21,0.9047619047619048,0.0,0.28900355619651713,21,11
11,1.0,0.0,Two-nuisance adjusted associative latent model,0.833,0.44299871829742393,0.1564625850340136,0.12125033728621619,0.029190434096982857,0.3544463214346964,0.509,147,0.8348214285714286,0.17592592592592593,0.3559329374670524,672,324,0.8222222222222222,0.16911764705882354,0.3590490143193711,270,136,0.8378378378378378,0.19047619047619047,0.33203631521918797,37,21,0.9047619047619048,0.0,0.2871814251189089,21,11
11,1.0,0.0,Two-path biologically constrained latent SCM,0.838,0.45643244215781575,0.16326530612244897,0.12145797038183284,0.036166058597771625,0.3550433725509562,0.516,147,0.8348214285714286,0.17592592592592593,0.35632598744575344,672,324,0.837037037037037,0.17647058823529413,0.3590841545071924,270,136,0.8648648648648649,0.19047619047619047,0.3338927106054708,37,21,0.9047619047619048,0.0,0.2993122370507398,21,11
11,1.0,0.0,Two-path latent SCM (counterfactual query),0.838,0.4564328117221254,0.1836734693877551,0.1390893933198763,0.10885624492533325,0.13443754433129515,0.522,147,0.8348214285714286,0.17592592592592593,0.13507623852052505,672,324,0.837037037037037,0.19852941176470587,0.13897938906410656,270,136,0.8648648648648649,0.19047619047619047,0.11917073671332121,37,21,0.9047619047619048,0.0,0.08250284475241265,21,11
12,1.0,0.0,Associative latent class model,0.633,0.0698223048588547,0.5859375,0.2708053785092824,0.24869402472268387,0.3107033309147072,0.301,128,0.5950540958268934,0.0030581039755351682,0.2946930830325056,647,327,0.7289377289377289,0.576271186440678,0.3565849621342615,273,118,0.5789473684210527,0.0,0.2823783259396732,57,29,0.6956521739130435,0.7,0.28668030223744745,23,10
12,1.0,0.0,Renal-adjusted associative latent class model,0.822,0.41415016423870926,0.109375,0.12640435687814933,0.025322983049657563,0.40895865512215246,0.5,128,0.8299845440494591,0.18042813455657492,0.4130299032028982,647,327,0.8058608058608059,0.1016949152542373,0.38666579570970316,273,118,0.8245614035087719,0.27586206896551724,0.46032831317764134,57,29,0.782608695652174,0.2,0.4317318117392549,23,10
12,1.0,0.0,Two-nuisance adjusted associative latent model,0.822,0.41415016333704147,0.109375,0.12641323773057853,0.026841527796916377,0.4094866311204701,0.496,128,0.8284389489953632,0.17737003058103976,0.41333049210931866,647,327,0.8095238095238095,0.1016949152542373,0.3867800464346278,273,118,0.8245614035087719,0.2413793103448276,0.4641392861938809,57,29,0.782608695652174,0.2,0.4354309015667966,23,10
12,1.0,0.0,Two-path biologically constrained latent SCM,0.828,0.429765773993586,0.1640625,0.12355552184250297,0.021077825900332886,0.4079869451890055,0.51,128,0.8299845440494591,0.16819571865443425,0.41338473021144007,647,327,0.8205128205128205,0.15254237288135594,0.3839300500310478,273,118,0.8421052631578947,0.2413793103448276,0.4603946738686513,57,29,0.8260869565217391,0.3,0.41180976840063327,23,10
12,1.0,0.0,Two-path latent SCM (counterfactual query),0.826,0.42452852819639303,0.1640625,0.15220103728684922,0.12457965441387639,0.1056537820102147,0.516,128,0.8284389489953632,0.17737003058103976,0.10426213889626104,647,327,0.8205128205128205,0.15254237288135594,0.09613184808810664,273,118,0.8245614035087719,0.27586206896551724,0.16157137452237547,57,29,0.8260869565217391,0.3,0.11924414210892569,23,10
13,1.0,0.0,Associative latent class model,0.732,0.21450903761726164,0.6266666666666667,0.1934450133587664,0.12848309282601406,0.35235826124018355,0.443,150,0.767511177347243,0.05763688760806916,0.36476641863356374,671,347,0.6628787878787878,0.6126760563380281,0.31137812896303724,264,142,0.68,0.0,0.393942285462084,50,20,0.5333333333333333,0.875,0.3799369345144135,15,8
13,1.0,0.0,Renal-adjusted associative latent class model,0.823,0.4167328107759084,0.23333333333333334,0.12307179045434351,0.03344675915579645,0.3885870514613256,0.506,150,0.8390461997019374,0.1729106628242075,0.3926902318979911,671,347,0.8106060606060606,0.22535211267605634,0.36654728396176844,264,142,0.74,0.25,0.43530425309324267,50,20,0.6,0.375,0.4372140158136386,15,8
13,1.0,0.0,Two-nuisance adjusted associative latent model,0.82,0.409009092150332,0.22666666666666666,0.12319802754586703,0.025782413673507427,0.38856006121115627,0.495,150,0.834575260804769,0.16714697406340057,0.39285575170985804,671,347,0.8106060606060606,0.2323943661971831,0.3671337166237866,264,142,0.7,0.2,0.4364460753198945,50,20,0.7333333333333333,0.125,0.41388312394447574,15,8
13,1.0,0.0,Two-path biologically constrained latent SCM,0.829,0.43239648370032713,0.15333333333333332,0.12305117925825933,0.032056149886661583,0.3875684133436456,0.498,150,0.8405365126676602,0.1873198847262248,0.39300893875762816,671,347,0.8181818181818182,0.1619718309859155,0.36405232688974587,264,142,0.74,0.25,0.43580480703154834,50,20,0.8,0.0,0.39729071912045494,15,8
13,1.0,0.0,Two-path latent SCM (counterfactual query),0.822,0.41415015930771365,0.17333333333333334,0.14776903902551727,0.12071759841295547,0.1214548013756065,0.485,150,0.8330849478390462,0.17002881844380405,0.11973651282122613,671,347,0.8143939393939394,0.176056338028169,0.12181288736147591,264,142,0.74,0.25,0.13666805523301798,50,20,0.7333333333333333,0.125,0.14130641649888237,15,8
14,1.0,0.0,Associative latent class model,0.765,0.28018040348270906,0.6830985915492958,0.16319266146096773,0.09203646927881814,0.34688685731040303,0.52,142,0.808641975308642,0.10204081632653061,0.37134327035613085,648,343,0.6654804270462633,0.6923076923076923,0.2829264103986015,281,130,0.7872340425531915,0.038461538461538464,0.39031259553242603,47,26,0.7083333333333334,0.5833333333333334,0.3503918669832991,24,12
14,1.0,0.0,Renal-adjusted associative latent class model,0.837,0.45372960997511924,0.176056338028169,0.11804979622088765,0.040683459926570735,0.3841132935601997,0.488,142,0.8317901234567902,0.16034985422740525,0.3770164371449367,648,343,0.8434163701067615,0.18461538461538463,0.3913897258967151,281,130,0.8936170212765957,0.038461538461538464,0.4319085306581301,47,26,0.7916666666666666,0.08333333333333333,0.3969345155154836,24,12
14,1.0,0.0,Two-nuisance adjusted associative latent model,0.833,0.44299887689197337,0.176056338028169,0.11808460416690698,0.04119002546652776,0.38284030361767696,0.488,142,0.8302469135802469,0.16034985422740525,0.3746460527603299,648,343,0.8434163701067615,0.16923076923076924,0.3900462158376157,281,130,0.851063829787234,0.11538461538461539,0.44212916739481634,47,26,0.75,0.25,0.4036084962940334,24,12
14,1.0,0.0,Two-path biologically constrained latent SCM,0.828,0.429765472114705,0.28169014084507044,0.1190011652386214,0.03480431012639113,0.3785739237107386,0.501,142,0.8317901234567902,0.14868804664723032,0.37522850110257466,648,343,0.8291814946619217,0.2846153846153846,0.37872618571274835,281,130,0.8297872340425532,0.038461538461538464,0.40964736702736926,47,26,0.7083333333333334,0.25,0.4062654400292325,24,12
14,1.0,0.0,Two-path latent SCM (counterfactual query),0.837,0.4537295195942464,0.19014084507042253,0.13537907352257036,0.10727949245260254,0.12362683302397753,0.492,142,0.8348765432098766,0.16034985422740525,0.12183328437040353,648,343,0.8398576512455516,0.2,0.1226105244932721,281,130,0.8723404255319149,0.038461538461538464,0.15083738926889956,47,26,0.7916666666666666,0.08333333333333333,0.1306645864045126,24,12
15,1.0,0.0,Associative latent class model,0.707,0.170575793796898,0.7348484848484849,0.21076327461186495,0.14694210777583472,0.33892547065300227,0.434,132,0.7338345864661654,0.04597701149425287,0.3513713893025998,665,348,0.6356589147286822,0.7401574803149606,0.2898398629068937,258,127,0.6935483870967742,0.1724137931034483,0.39995672056198656,62,29,0.8,0.6,0.37916636413010874,15,5
15,1.0,0.0,Renal-adjusted associative latent class model,0.823,0.41673486614847544,0.19696969696969696,0.1293180049896241,0.04550692664561017,0.3944098730301165,0.54,132,0.8165413533834587,0.22988505747126436,0.39522948902295785,665,348,0.8372093023255814,0.1968503937007874,0.3980031614674142,258,127,0.8709677419354839,0.2413793103448276,0.3645410935720921,62,29,0.6666666666666666,0.2,0.4197266246524657,15,5
15,1.0,0.0,Two-nuisance adjusted associative latent model,0.823,0.4167353971295236,0.19696969696969696,0.12960987224297998,0.04678869304372632,0.3943744562589637,0.544,132,0.8165413533834587,0.23563218390804597,0.3950942489891067,665,348,0.8372093023255814,0.1968503937007874,0.3980787611231769,258,127,0.8709677419354839,0.2413793103448276,0.3650254095031511,62,29,0.6666666666666666,0.2,0.42005899481551284,15,5
15,1.0,0.0,Two-path biologically constrained latent SCM,0.824,0.4193258390107296,0.19696969696969696,0.12948052649284428,0.046071499419331745,0.39439669289939033,0.543,132,0.8180451127819549,0.23275862068965517,0.39515052891594066,665,348,0.8372093023255814,0.1968503937007874,0.39809029200058044,258,127,0.8709677419354839,0.2413793103448276,0.3647269975136386,62,29,0.6666666666666666,0.2,0.4200814658863025,15,5
15,1.0,0.0,Two-path latent SCM (counterfactual query),0.825,0.42192228842514073,0.1893939393939394,0.14537087971589063,0.11655531780462594,0.12240232512298276,0.522,132,0.8210526315789474,0.20402298850574713,0.12160870300728274,665,348,0.8333333333333334,0.1889763779527559,0.1340003717041169,258,127,0.8709677419354839,0.2413793103448276,0.09644891023907075,62,29,0.6666666666666666,0.2,0.06537395257701166,15,5
16,1.0,0.0,Associative latent class model,0.744,0.2373812703173076,0.7769784172661871,0.18371098683087927,0.11703973888256192,0.32580726959180883,0.542,139,0.7894736842105263,0.09846153846153846,0.36216568415939254,646,325,0.6395759717314488,0.7674418604651163,0.242963644796394,283,129,0.8235294117647058,0.05,0.34019383062522973,51,20,0.55,0.9,0.28698203927875293,20,10
16,1.0,0.0,Renal-adjusted associative latent class model,0.816,0.39882276233409236,0.1510791366906475,0.12449987388753603,0.031182336245760094,0.3764363939287288,0.536,139,0.8219814241486069,0.23076923076923078,0.3742493636922908,646,325,0.8162544169611308,0.13953488372093023,0.3871479236104625,283,129,0.7647058823529411,0.3,0.3403804817928396,51,20,0.75,0.3,0.387451901515663,20,10
16,1.0,0.0,Two-nuisance adjusted associative latent model,0.818,0.40389983143565417,0.1510791366906475,0.12403201842483064,0.026310592363951953,0.3763384645803039,0.538,139,0.8204334365325078,0.23076923076923078,0.37440423040193477,646,325,0.8162544169611308,0.13953488372093023,0.38717667147749607,283,129,0.8235294117647058,0.3,0.33591647227434474,51,20,0.75,0.3,0.38852968132655213,20,10
16,1.0,0.0,Two-path biologically constrained latent SCM,0.824,0.419323162121078,0.2158273381294964,0.12293255391928548,0.03403041315507074,0.3750126903794953,0.556,139,0.826625386996904,0.2246153846153846,0.37435839855133696,646,325,0.8268551236749117,0.20930232558139536,0.3814682107337075,283,129,0.803921568627451,0.25,0.34223444924519036,51,20,0.75,0.3,0.38838521830938555,20,10
16,1.0,0.0,Two-path latent SCM (counterfactual query),0.82,0.4090089650080533,0.2014388489208633,0.1437814662366404,0.11925027236577458,0.12833584105346293,0.532,139,0.8235294117647058,0.2,0.1299130639986526,646,325,0.823321554770318,0.1937984496124031,0.13041527669650224,283,129,0.7843137254901961,0.25,0.10200829243852733,51,20,0.75,0.3,0.11510277454291613,20,10
17,1.0,0.0,Associative latent class model,0.687,0.1390340076504189,0.9137931034482759,0.23724393096022356,0.1697771061359598,0.3316783118482723,0.576,174,0.7703125,0.11147540983606558,0.3886965048568466,640,305,0.4910394265232975,0.9044585987261147,0.2163039121639578,279,157,0.8541666666666666,0.09090909090909091,0.3571137594776104,48,22,0.48484848484848486,1.0,0.16431202397639327,33,17
17,1.0,0.0,Renal-adjusted associative latent class model,0.775,0.3018180619083673,0.5747126436781609,0.15356783773338537,0.0738880266278154,0.39104586856244,0.578,174,0.8234375,0.15737704918032788,0.40010766278849824,640,305,0.6702508960573477,0.5605095541401274,0.3738218899859262,279,157,0.8333333333333334,0.18181818181818182,0.36429383199020976,48,22,0.6363636363636364,0.7058823529411765,0.3998349435211418,33,17
17,1.0,0.0,Two-nuisance adjusted associative latent model,0.778,0.30846661472202414,0.5862068965517241,0.1554329176476137,0.08615103409683064,0.38658013745338166,0.591,174,0.8328125,0.17049180327868851,0.3956606885610827,640,305,0.6594982078853047,0.5796178343949044,0.36528310578860174,279,157,0.8125,0.13636363636363635,0.3613478168171138,48,22,0.6666666666666666,0.6470588235294118,0.42723075915295056,33,17
17,1.0,0.0,Two-path biologically constrained latent SCM,0.831,0.43768371543002305,0.09770114942528736,0.1240451341657717,0.02985634076993719,0.4084087643853112,0.466,174,0.8328125,0.15737704918032788,0.4109387603417051,640,305,0.8422939068100358,0.09554140127388536,0.40194724202933585,279,157,0.8333333333333334,0.13636363636363635,0.3857581339052351,48,22,0.696969696969697,0.11764705882352941,0.4469177822116369,33,17
17,1.0,0.0,Two-path latent SCM (counterfactual query),0.832,0.4403374064998683,0.10344827586206896,0.14478206235211036,0.11823421929397634,0.1121042375268576,0.473,174,0.83125,0.16393442622950818,0.11394783915701467,640,305,0.8458781362007168,0.10191082802547771,0.11450266900194099,279,157,0.8333333333333334,0.13636363636363635,0.04522004923271152,48,22,0.7272727272727273,0.11764705882352941,0.15335798338353057,33,17
18,1.0,0.0,Associative latent class model,0.723,0.1981139468077472,0.7905405405405406,0.1979007256625981,0.12688866511934566,0.33733468676048906,0.514,148,0.7636080870917574,0.08787878787878788,0.3746093540020665,643,330,0.6284722222222222,0.7794117647058824,0.24758830867203663,288,136,0.8478260869565217,0.04,0.39246884350387296,46,25,0.5217391304347826,0.9166666666666666,0.308777062540676,23,12
18,1.0,0.0,Renal-adjusted associative latent class model,0.811,0.386286408791384,0.0945945945945946,0.13195734712891427,0.07370636103694876,0.38884583711685367,0.416,148,0.8055987558320373,0.11818181818181818,0.3887642376166591,643,330,0.8125,0.09558823529411764,0.380779960629899,288,136,0.9130434782608695,0.04,0.4095170529747565,46,25,0.7391304347826086,0.08333333333333333,0.4507834448300914,23,12
18,1.0,0.0,Two-nuisance adjusted associative latent model,0.812,0.3887796687365893,0.0945945945945946,0.13241644951781326,0.0745824144847622,0.38837524513170313,0.419,148,0.8087091757387247,0.12121212121212122,0.38935976091677665,643,330,0.8090277777777778,0.10294117647058823,0.3808858683971256,288,136,0.8913043478260869,0.04,0.4011335160989091,46,25,0.782608695652174,0.0,0.4291150879692945,23,12
18,1.0,0.0,Two-path biologically constrained latent SCM,0.817,0.40137085103508585,0.12162162162162163,0.13100035700627263,0.07128234520833454,0.3889102250945225,0.422,148,0.8102643856920684,0.10606060606060606,0.3876294543926827,643,330,0.8229166666666666,0.125,0.3842793037523127,288,136,0.8913043478260869,0.04,0.40341405634295013,46,25,0.782608695652174,0.08333333333333333,0.4536956455472065,23,12
18,1.0,0.0,Two-path latent SCM (counterfactual query),0.816,0.39882653692899395,0.14864864864864866,0.15391671009304475,0.12448450587465876,0.13181897410817078,0.457,148,0.8040435458786936,0.14545454545454545,0.13520467143447387,643,330,0.8298611111111112,0.15441176470588236,0.1245105780882047,288,136,0.8913043478260869,0.08,0.11765811554779906,46,25,0.8260869565217391,0.08333333333333333,0.1570021987479295,23,12
19,1.0,0.0,Associative latent class model,0.733,0.21637220887542885,0.726027397260274,0.20293496971329467,0.1356208115575559,0.32100941549459255,0.514,146,0.7808219178082192,0.09009009009009009,0.35818049103063115,657,333,0.6418439716312057,0.7279411764705882,0.22862014888909526,282,136,0.6666666666666666,0.16666666666666666,0.3822293439661977,42,18,0.5789473684210527,0.7,0.27159570811382316,19,10
19,1.0,0.0,Renal-adjusted associative latent class model,0.811,0.3862700189142721,0.1917808219178082,0.13455764269598186,0.03279535451350518,0.391708450882812,0.488,146,0.8234398782343988,0.16516516516516516,0.3874031290293055,657,333,0.7978723404255319,0.18382352941176472,0.40000534035754165,282,136,0.7380952380952381,0.2222222222222222,0.39618032021958005,42,18,0.7368421052631579,0.3,0.40755345686890254,19,10
19,1.0,0.0,Two-nuisance adjusted associative latent model,0.817,0.40135692714096466,0.2054794520547945,0.1340319456649539,0.03425974815254612,0.39079413160810567,0.492,146,0.8280060882800608,0.15615615615615616,0.38724157561994405,657,333,0.8085106382978723,0.19852941176470587,0.39698679416923094,282,136,0.7380952380952381,0.2222222222222222,0.397895718208566,42,18,0.7368421052631579,0.3,0.40602738449050074,19,10
19,1.0,0.0,Two-path biologically constrained latent SCM,0.816,0.39882230019632015,0.2191780821917808,0.1339446131109786,0.02898224640005973,0.3902258199231463,0.495,146,0.8280060882800608,0.15615615615615616,0.3873737755853928,657,333,0.8049645390070922,0.21323529411764705,0.39494185126516324,282,136,0.7380952380952381,0.2222222222222222,0.3974134356474881,42,18,0.7368421052631579,0.3,0.4029622636617253,19,10
19,1.0,0.0,Two-path latent SCM (counterfactual query),0.815,0.39629579713141677,0.2191780821917808,0.1615720429612208,0.13710134220812287,0.1143063562822545,0.494,146,0.8264840182648402,0.15615615615615616,0.11579557783724227,657,333,0.8049645390070922,0.21323529411764705,0.11624557542711973,282,136,0.7380952380952381,0.2222222222222222,0.09700403638566109,42,18,0.7368421052631579,0.3,0.07227578129162086,19,10
0,1.0,0.5,Associative latent class model,0.774,0.2996020530841135,0.5202702702702703,0.15348282058932727,0.06343634219064004,0.36120637001977857,0.454,148,0.7913446676970634,0.04941860465116279,0.36878604654215935,647,344,0.7517482517482518,0.5036496350364964,0.3406568159053279,286,137,0.7391304347826086,0.19230769230769232,0.3883950578481571,46,26,0.6190476190476191,0.7272727272727273,0.34798932843154123,21,11
0,1.0,0.5,Renal-adjusted associative latent class model,0.816,0.3988202595009975,0.060810810810810814,0.13051671910158003,0.046456289451266765,0.3517694352482366,0.438,148,0.8346213292117465,0.1569767441860465,0.3595430681167153,647,344,0.7937062937062938,0.043795620437956206,0.3312743613216521,286,137,0.782608695652174,0.2692307692307692,0.35877540418362125,46,26,0.6190476190476191,0.2727272727272727,0.3760444879182258,21,11
0,1.0,0.5,Two-nuisance adjusted associative latent model,0.811,0.3862689778696453,0.06756756756756757,0.13001642496500318,0.03993230317980479,0.3496458967274309,0.455,148,0.8238021638330757,0.19186046511627908,0.3578048876704403,647,344,0.8006993006993007,0.051094890510948905,0.33117905372281053,286,137,0.8043478260869565,0.19230769230769232,0.34931901240292335,46,26,0.5714285714285714,0.2727272727272727,0.3504881175903686,21,11
0,1.0,0.5,Two-path biologically constrained latent SCM,0.829,0.4323943768962875,0.11486486486486487,0.12295795900154187,0.04256714265777844,0.35777841654477827,0.443,148,0.8361669242658424,0.12790697674418605,0.3601205982839869,647,344,0.8356643356643356,0.10218978102189781,0.3505361160221618,286,137,0.782608695652174,0.19230769230769232,0.355816768350412,46,26,0.6190476190476191,0.2727272727272727,0.38854709183721486,21,11
0,1.0,0.5,Two-path latent SCM (counterfactual query),0.829,0.4323948132549805,0.12837837837837837,0.1442808531022471,0.1200726849424251,0.14079589865929643,0.449,148,0.8361669242658424,0.1308139534883721,0.14525904516129706,647,344,0.8321678321678322,0.11678832116788321,0.1284366604189966,286,137,0.782608695652174,0.19230769230769232,0.1413111867651387,46,26,0.6666666666666666,0.2727272727272727,0.17048080804322888,21,11
1,1.0,0.5,Associative latent class model,0.717,0.18754701043165167,0.7803030303030303,0.2091499016820305,0.13518313565647044,0.35495641463222977,0.541,132,0.75037147102526,0.14803625377643503,0.3978999048169698,673,331,0.6150793650793651,0.768,0.2549649688583008,252,125,0.7884615384615384,0.20689655172413793,0.38169243632704136,52,29,0.6956521739130435,1.0,0.13350434126570052,23,7
1,1.0,0.5,Renal-adjusted associative latent class model,0.776,0.30401150715011155,0.09090909090909091,0.15058940595104078,0.06239843595936468,0.3789045031135349,0.456,132,0.8083209509658247,0.1933534743202417,0.386621737136251,673,331,0.7023809523809523,0.088,0.3497035941217048,252,125,0.75,0.3448275862068966,0.3795724256862668,52,29,0.6956521739130435,0.14285714285714285,0.47152183332532877,23,7
1,1.0,0.5,Two-nuisance adjusted associative latent model,0.78,0.31291712125965926,0.08333333333333333,0.14902234176968998,0.059022437865492126,0.3792998922709521,0.452,132,0.8068350668647846,0.19637462235649547,0.38646216647168247,673,331,0.7142857142857143,0.088,0.3524523212214548,252,125,0.8076923076923077,0.20689655172413793,0.3802454796139074,52,29,0.6521739130434783,0.0,0.46174366729478167,23,7
1,1.0,0.5,Two-path biologically constrained latent SCM,0.786,0.32651823441815225,0.09848484848484848,0.14742525217060867,0.07192611748635248,0.3818515239054119,0.436,132,0.8053491827637445,0.16012084592145015,0.3874602807609575,673,331,0.7420634920634921,0.104,0.36009345961195166,252,125,0.8076923076923077,0.1724137931034483,0.3768640903164379,52,29,0.6521739130434783,0.0,0.4674030623748256,23,7
1,1.0,0.5,Two-path latent SCM (counterfactual query),0.807,0.3763730697340526,0.13636363636363635,0.16664557235091923,0.13854587937483348,0.12764692128715238,0.475,132,0.8068350668647846,0.17220543806646527,0.12903847693227355,673,331,0.8095238095238095,0.128,0.1175195584000241,252,125,0.8269230769230769,0.1724137931034483,0.13533916969497806,52,29,0.7391304347826086,0.2857142857142857,0.18049829438205958,23,7
2,1.0,0.5,Associative latent class model,0.74,0.22961573956901624,0.5802469135802469,0.18570062229581957,0.11522320003575744,0.3393620971202578,0.443,162,0.7570977917981072,0.054878048780487805,0.34891022749621914,634,328,0.6872852233676976,0.5705128205128205,0.3173029851450303,291,156,0.8360655737704918,0.05714285714285714,0.3714579624007935,61,35,0.6428571428571429,0.8333333333333334,0.22563632171447087,14,6
2,1.0,0.5,Renal-adjusted associative latent class model,0.845,0.47556909954357035,0.15432098765432098,0.11904881860009107,0.04106328979397897,0.37671636176644224,0.452,162,0.8580441640378549,0.0975609756097561,0.3782509722851394,634,328,0.8144329896907216,0.16025641025641027,0.37584965543994847,291,156,0.819672131147541,0.2571428571428571,0.36967725276119384,61,35,1.0,0.0,0.35590594187186103,14,6
2,1.0,0.5,Two-nuisance adjusted associative latent model,0.845,0.47557080211860153,0.17901234567901234,0.11791956313182933,0.03981881875899707,0.3716775899541398,0.458,162,0.8564668769716088,0.10060975609756098,0.37258064122887863,634,328,0.8144329896907216,0.1858974358974359,0.37043132457867983,291,156,0.8360655737704918,0.2,0.372504794592187,61,35,1.0,0.0,0.35308253517939614,14,6
2,1.0,0.5,Two-path biologically constrained latent SCM,0.844,0.4728093653702831,0.1419753086419753,0.11799483362591844,0.03481472576305237,0.37257441911720546,0.449,162,0.861198738170347,0.10670731707317073,0.374946821616416,634,328,0.8041237113402062,0.14743589743589744,0.36813600415378145,291,156,0.8360655737704918,0.2,0.37339764085903904,61,35,0.9285714285714286,0.0,0.353807207946139,14,6
2,1.0,0.5,Two-path latent SCM (counterfactual query),0.846,0.4783383561823127,0.15432098765432098,0.13515274349320688,0.10611780667778463,0.12849804591175423,0.461,162,0.8596214511041009,0.11585365853658537,0.1312646551406256,634,328,0.8144329896907216,0.16025641025641027,0.12241205295595686,291,156,0.8360655737704918,0.2,0.1368377333671981,61,35,0.9285714285714286,0.0,0.09337467192964703,14,6
3,1.0,0.5,Associative latent class model,0.684,0.13464438941564058,0.4294478527607362,0.22429767696532352,0.18818924866017728,0.3314515395863043,0.339,163,0.6598101265822784,0.01567398119122257,0.3100542104165061,632,319,0.7532894736842105,0.42105263157894735,0.3613531080343489,304,152,0.5555555555555556,0.06666666666666667,0.4170273331939422,45,15,0.6842105263157895,0.5454545454545454,0.362089671942263,19,11
3,1.0,0.5,Renal-adjusted associative latent class model,0.803,0.36660552463244206,0.2147239263803681,0.13479116893762944,0.03708270487880412,0.39553058226523935,0.462,163,0.8037974683544303,0.11598746081504702,0.40056408779322095,632,319,0.8092105263157895,0.20394736842105263,0.38392925746304896,304,152,0.7555555555555555,0.4,0.4255394194765989,45,15,0.7894736842105263,0.36363636363636365,0.3426479281426264,19,11
3,1.0,0.5,Two-nuisance adjusted associative latent model,0.806,0.3739196378279563,0.2085889570552147,0.13291943942756257,0.0332543321155983,0.393348079011591,0.469,163,0.805379746835443,0.12852664576802508,0.39793740927561405,632,319,0.8125,0.20394736842105263,0.3816076651108212,304,152,0.7555555555555555,0.3333333333333333,0.4309910069317727,45,15,0.8421052631578947,0.2727272727272727,0.33938478125176597,19,11
3,1.0,0.5,Two-path biologically constrained latent SCM,0.813,0.39126701795781355,0.1901840490797546,0.13009878316916393,0.019143560325357193,0.39535841904849583,0.488,163,0.8132911392405063,0.16300940438871472,0.4003634893784624,632,319,0.8125,0.20394736842105263,0.38231477462911834,304,152,0.7333333333333333,0.2,0.4387364646305276,45,15,1.0,0.0,0.334834808720101,19,11
3,1.0,0.5,Two-path latent SCM (counterfactual query),0.807,0.3763719242004427,0.1901840490797546,0.1528826536293873,0.12388479895738828,0.14035544797382016,0.492,163,0.8085443037974683,0.1755485893416928,0.14405295682090802,632,319,0.805921052631579,0.20394736842105263,0.12203637100353389,304,152,0.7111111111111111,0.26666666666666666,0.20469085712826257,45,15,1.0,0.0,0.1580965214294828,19,11
4,1.0,0.5,Associative latent class model,0.728,0.2071424114396001,0.6987179487179487,0.19167772675394001,0.13864729268291,0.31404219916221393,0.502,156,0.7632398753894081,0.07570977917981073,0.3353803856998428,642,317,0.6484641638225256,0.6917808219178082,0.26534475604343105,293,146,0.7954545454545454,0.08695652173913043,0.3717481321292736,44,23,0.6190476190476191,0.8,0.22024096230959606,21,10
4,1.0,0.5,Renal-adjusted associative latent class model,0.843,0.4700666207305299,0.26282051282051283,0.11600780881506162,0.02446760924014223,0.3540697373279368,0.523,156,0.8504672897196262,0.13249211356466878,0.3551605930086547,642,317,0.825938566552901,0.2671232876712329,0.34913382289650813,293,146,0.8181818181818182,0.21739130434782608,0.39357690064554607,44,23,0.9047619047619048,0.2,0.30681156568093126,21,10
4,1.0,0.5,Two-nuisance adjusted associative latent model,0.846,0.47834298032301115,0.2564102564102564,0.1154135090327005,0.02538403391596291,0.35157664751585627,0.524,156,0.8535825545171339,0.13249211356466878,0.3527003303133844,642,317,0.8293515358361775,0.2602739726027397,0.34643373405131783,293,146,0.8181818181818182,0.21739130434782608,0.3931201463929355,44,23,0.9047619047619048,0.2,0.30193642553991706,21,10
4,1.0,0.5,Two-path biologically constrained latent SCM,0.85,0.489491224636487,0.23076923076923078,0.11145525888086825,0.03214696254361947,0.35461551402762764,0.534,156,0.8551401869158879,0.15457413249211358,0.3545837340215843,642,317,0.8395904436860068,0.23972602739726026,0.352314242121201,293,146,0.7954545454545454,0.21739130434782608,0.399316918204201,44,23,0.9523809523809523,0.1,0.29403521158446505,21,10
4,1.0,0.5,Two-path latent SCM (counterfactual query),0.857,0.5093059956196258,0.17307692307692307,0.11900269502024961,0.08612786537014251,0.13580396312324114,0.525,156,0.8582554517133957,0.15772870662460567,0.13768166846351018,642,317,0.856655290102389,0.1780821917808219,0.13043930938749482,293,146,0.7954545454545454,0.21739130434782608,0.18242827701643238,44,23,0.9523809523809523,0.1,0.05556048240040997,21,10
5,1.0,0.5,Associative latent class model,0.726,0.20350751562884958,0.7482517482517482,0.1985945995030315,0.13495131678832956,0.3365717353325741,0.516,143,0.7713864306784661,0.08385093167701864,0.3699069480346002,678,322,0.6307692307692307,0.7441860465116279,0.24772788701089457,260,129,0.7,0.21739130434782608,0.36617625180980046,40,23,0.5,0.7857142857142857,0.3053874486313911,22,14
5,1.0,0.5,Renal-adjusted associative latent class model,0.816,0.398822714529096,0.11188811188811189,0.13079761456788122,0.025207042730642927,0.377595836961239,0.512,143,0.8244837758112095,0.2111801242236025,0.3730815618549559,678,322,0.8038461538461539,0.10077519379844961,0.3905190925822114,260,129,0.75,0.34782608695652173,0.37220840566029467,40,23,0.8181818181818182,0.21428571428571427,0.3737835329905506,22,14
5,1.0,0.5,Two-nuisance adjusted associative latent model,0.814,0.3937776685752561,0.11188811188811189,0.1298557413534291,0.03065072130746292,0.3780382233471131,0.512,143,0.8259587020648967,0.21428571428571427,0.3733590743199428,678,322,0.8,0.10852713178294573,0.39181741997537445,260,129,0.725,0.34782608695652173,0.37608387769326257,40,23,0.7727272727272727,0.14285714285714285,0.3629493934938194,22,14
5,1.0,0.5,Two-path biologically constrained latent SCM,0.82,0.4090099189291141,0.26573426573426573,0.13037975854823308,0.02525095354752108,0.3814016546060675,0.534,143,0.8259587020648967,0.17391304347826086,0.3769167680553535,678,322,0.823076923076923,0.26356589147286824,0.3931940530765974,260,129,0.725,0.30434782608695654,0.3760221703092098,40,23,0.7727272727272727,0.2857142857142857,0.3900338751024593,22,14
5,1.0,0.5,Two-path latent SCM (counterfactual query),0.821,0.411576286551081,0.24475524475524477,0.15451542524687978,0.124873577361821,0.12388775809415875,0.531,143,0.8289085545722714,0.17701863354037267,0.12088900640132351,678,322,0.8192307692307692,0.24031007751937986,0.13488933630864536,260,129,0.725,0.30434782608695654,0.1441965154200135,40,23,0.7727272727272727,0.2857142857142857,0.04936016804604953,22,14
6,1.0,0.5,Associative latent class model,0.781,0.31514814965104854,0.4930555555555556,0.15853608280225293,0.09290077851450826,0.34160009193139446,0.438,144,0.7927382753403933,0.0480225988700565,0.34329511253428024,661,354,0.7427536231884058,0.4888888888888889,0.33496072800528026,276,135,0.8888888888888888,0.08,0.3606366876991411,45,25,0.6666666666666666,0.5555555555555556,0.33356725946202737,18,9
6,1.0,0.5,Renal-adjusted associative latent class model,0.836,0.45102183646904587,0.14583333333333334,0.11159398178334089,0.04395259651043206,0.36161440964933356,0.425,144,0.8350983358547656,0.09322033898305085,0.35469666771748964,661,354,0.8297101449275363,0.14074074074074075,0.37470337842409335,276,135,0.9111111111111111,0.08,0.37158650309381386,45,25,0.7777777777777778,0.2222222222222222,0.3900215113223046,18,9
6,1.0,0.5,Two-nuisance adjusted associative latent model,0.833,0.44298597846660026,0.14583333333333334,0.11174934878482747,0.04993592018938743,0.36095684606495704,0.426,144,0.8350983358547656,0.09322033898305085,0.35392696426970566,661,354,0.8260869565217391,0.14074074074074075,0.3740482693758781,276,135,0.8666666666666667,0.16,0.3719880545072021,45,25,0.7777777777777778,0.2222222222222222,0.3907965490063965,18,9
6,1.0,0.5,Two-path biologically constrained latent SCM,0.845,0.4755596101210978,0.0625,0.11289054424818999,0.046213163468880054,0.36142171278470714,0.416,144,0.8441754916792739,0.1016949152542373,0.35672650951074364,661,354,0.8369565217391305,0.06666666666666667,0.37085142101935903,276,135,0.9111111111111111,0.08,0.36844278679031534,45,25,0.8333333333333334,0.0,0.37169846617768676,18,9
6,1.0,0.5,Two-path latent SCM (counterfactual query),0.842,0.4673186557071872,0.13194444444444445,0.12633504675707447,0.0901193376953361,0.13737646629528344,0.453,144,0.8472012102874432,0.12429378531073447,0.12541462745886006,661,354,0.8260869565217391,0.13333333333333333,0.16114817275808724,276,135,0.8666666666666667,0.16,0.16632933132804023,45,25,0.8333333333333334,0.1111111111111111,0.13976010855461476,18,9
7,1.0,0.5,Associative latent class model,0.777,0.30622199058123867,0.5,0.15697056156488845,0.05187623887515972,0.38584634248072114,0.472,164,0.7961783439490446,0.06153846153846154,0.39522372252171745,628,325,0.7247386759581882,0.5,0.36785548459646994,287,150,0.8548387096774194,0.14285714285714285,0.39703547115492205,62,28,0.6956521739130435,0.5,0.32413571505611466,23,14
7,1.0,0.5,Renal-adjusted associative latent class model,0.803,0.36660250993118454,0.10365853658536585,0.13300661836507807,0.03091474510821482,0.38118519600152906,0.478,164,0.8009554140127388,0.21846153846153846,0.3870398892484487,628,325,0.8013937282229965,0.09333333333333334,0.3768583316262108,287,150,0.8225806451612904,0.2857142857142857,0.34585563761433646,62,28,0.8260869565217391,0.21428571428571427,0.37055455846486657,23,14
7,1.0,0.5,Two-nuisance adjusted associative latent model,0.806,0.37391790265106556,0.10365853658536585,0.13263816585301103,0.02985100157663127,0.379801665565729,0.483,164,0.802547770700637,0.21846153846153846,0.38573380041805516,628,325,0.8083623693379791,0.09333333333333334,0.37690863852873224,287,150,0.8064516129032258,0.32142857142857145,0.3364017464994,62,28,0.8695652173913043,0.21428571428571427,0.37091962445571286,23,14
7,1.0,0.5,Two-path biologically constrained latent SCM,0.818,0.4038999300895309,0.17682926829268292,0.12645626778722846,0.020310375577946255,0.38337418779114646,0.487,164,0.8057324840764332,0.17846153846153845,0.38581271552508434,628,325,0.8397212543554007,0.17333333333333334,0.3859066257326818,287,150,0.8225806451612904,0.21428571428571427,0.3513967864618683,62,28,0.8695652173913043,0.21428571428571427,0.37139130849904234,23,14
7,1.0,0.5,Two-path latent SCM (counterfactual query),0.817,0.40135744943544754,0.18292682926829268,0.14972380873995,0.12017571419247422,0.1305238872789123,0.502,164,0.802547770700637,0.2,0.13393043772791538,628,325,0.8432055749128919,0.18,0.1290432532945925,287,150,0.8225806451612904,0.21428571428571427,0.09766848875694041,62,28,0.8695652173913043,0.21428571428571427,0.14455271249143833,23,14
8,1.0,0.5,Associative latent class model,0.674,0.12022707615251575,0.8918918918918919,0.2385137516370566,0.20374061417661304,0.32078738604305734,0.467,148,0.7065217391304348,0.04804804804804805,0.37453024285360675,644,333,0.5945945945945946,0.8955223880597015,0.20480419263980215,296,134,0.8717948717948718,0.0,0.3473416266146761,39,22,0.42857142857142855,0.8571428571428571,0.258168818380037,21,14
8,1.0,0.5,Renal-adjusted associative latent class model,0.8,0.3593598321333557,0.5067567567567568,0.14090441433247267,0.04153533826962782,0.383467670873306,0.521,148,0.8198757763975155,0.10510510510510511,0.4061225664828816,644,333,0.7533783783783784,0.5074626865671642,0.3284615904197889,296,134,0.8974358974358975,0.09090909090909091,0.4085537043663439,39,22,0.6666666666666666,0.5,0.4174529916088258,21,14
8,1.0,0.5,Two-nuisance adjusted associative latent model,0.806,0.37391818642770247,0.4391891891891892,0.13438155870518861,0.03605308708770968,0.38692832531513377,0.519,148,0.8167701863354038,0.12312312312312312,0.40690136430053303,644,333,0.7736486486486487,0.4552238805970149,0.3391630343223524,296,134,0.8717948717948718,0.09090909090909091,0.3983473303393729,39,22,0.8095238095238095,0.2857142857142857,0.42647822204469676,21,14
8,1.0,0.5,Two-path biologically constrained latent SCM,0.832,0.44033737211716784,0.13513513513513514,0.12199383777579582,0.025754764399786807,0.40956022819914895,0.473,148,0.8291925465838509,0.15015015015015015,0.41780469846320434,644,333,0.8412162162162162,0.12686567164179105,0.39468496165202693,296,134,0.8717948717948718,0.09090909090909091,0.415027584211258,39,22,0.7142857142857143,0.21428571428571427,0.3562465693145829,21,14
8,1.0,0.5,Two-path latent SCM (counterfactual query),0.832,0.4403365763610457,0.16891891891891891,0.1481046651867132,0.12405802923749254,0.10959940004336072,0.481,148,0.8260869565217391,0.14714714714714713,0.11684685054839168,644,333,0.847972972972973,0.16417910447761194,0.10853028191470102,296,134,0.8717948717948718,0.09090909090909091,0.03997964793455482,39,22,0.7142857142857143,0.21428571428571427,0.03170755114273079,21,14
9,1.0,0.5,Associative latent class model,0.728,0.20714256828235889,0.7215189873417721,0.19410350080102887,0.11504485304285349,0.35796694931014145,0.505,158,0.7709923664122137,0.07523510971786834,0.37591567716546725,655,319,0.6123188405797102,0.722972972972973,0.317459605891022,276,148,0.8367346938775511,0.13333333333333333,0.3972575133070907,49,30,0.65,0.7,0.23288556943954206,20,10
9,1.0,0.5,Renal-adjusted associative latent class model,0.81,0.38378328933890604,0.27848101265822783,0.13533825593954768,0.021740414815843205,0.376825718314171,0.499,158,0.815267175572519,0.13166144200626959,0.380269646813577,655,319,0.8115942028985508,0.27702702702702703,0.38015731975627104,276,148,0.7142857142857143,0.4,0.342700405804519,49,30,0.85,0.3,0.30166797570629206,20,10
9,1.0,0.5,Two-nuisance adjusted associative latent model,0.811,0.3862697758428095,0.2911392405063291,0.13386393990116893,0.02245623650243525,0.3761264227249423,0.5,158,0.816793893129771,0.13166144200626959,0.3783957528406506,655,319,0.8043478260869565,0.2905405405405405,0.3777039132512637,276,148,0.7551020408163265,0.3333333333333333,0.36237054529043516,49,30,0.85,0.3,0.313738391886804,20,10
9,1.0,0.5,Two-path biologically constrained latent SCM,0.818,0.40389985187745114,0.14556962025316456,0.12663767899554518,0.020193358360958313,0.3827833581606602,0.485,158,0.816793893129771,0.16927899686520376,0.38540032374890165,655,319,0.8260869565217391,0.14864864864864866,0.38369093958778294,276,148,0.7551020408163265,0.3333333333333333,0.36005506912825064,49,30,0.9,0.1,0.34023741958086295,20,10
9,1.0,0.5,Two-path latent SCM (counterfactual query),0.819,0.4064508980169513,0.14556962025316456,0.14707060059668897,0.1191492386328187,0.13517106498201037,0.478,158,0.8183206106870229,0.15673981191222572,0.13896585743973824,655,319,0.8260869565217391,0.14864864864864866,0.12940785307576144,276,148,0.7551020408163265,0.3333333333333333,0.10164402635636165,49,30,0.9,0.1,0.1725651809304976,20,10
10,1.0,0.5,Associative latent class model,0.73,0.2108114228662684,0.6458333333333334,0.19385951196988643,0.14044550455262256,0.29514686019728376,0.475,144,0.7614814814814815,0.09798270893371758,0.30623912295936945,675,347,0.6666666666666666,0.6356589147286822,0.2598507543660805,252,129,0.7391304347826086,0.05,0.305653733907886,46,20,0.5185185185185185,0.7333333333333333,0.3293700125812701,27,15
10,1.0,0.5,Renal-adjusted associative latent class model,0.811,0.3862700341849469,0.2708333333333333,0.13803828863396464,0.0611297546095158,0.30741655104390836,0.492,144,0.8118518518518518,0.16138328530259366,0.3033295688847934,675,347,0.8174603174603174,0.26356589147286824,0.31506843547515745,252,129,0.8478260869565217,0.05,0.31879346853278745,46,20,0.6666666666666666,0.3333333333333333,0.31879062053425855,27,15
10,1.0,0.5,Two-nuisance adjusted associative latent model,0.807,0.37637230272610084,0.2708333333333333,0.14048232096140345,0.0665377722964526,0.3062686801195309,0.486,144,0.8118518518518518,0.1585014409221902,0.303414389958863,675,347,0.8095238095238095,0.27906976744186046,0.31441446094675546,252,129,0.7608695652173914,0.05,0.3038715799187649,46,20,0.7407407407407407,0.2,0.30568259490565874,27,15
10,1.0,0.5,Two-path biologically constrained latent SCM,0.814,0.39377747562413973,0.2013888888888889,0.13506976852942798,0.06580465843960823,0.3129710809280392,0.497,144,0.8118518518518518,0.1930835734870317,0.3089490720885343,675,347,0.8214285714285714,0.20155038759689922,0.3226681829797341,252,129,0.8478260869565217,0.05,0.3212626210722476,46,20,0.7407407407407407,0.2,0.3088886884467491,27,15
10,1.0,0.5,Two-path latent SCM (counterfactual query),0.82,0.4090088024489098,0.1527777777777778,0.15126495120111685,0.12596509618562582,0.13977606204213397,0.491,144,0.8103703703703704,0.19596541786743515,0.135181928432687,675,347,0.8492063492063492,0.14728682170542637,0.1569284162376689,252,129,0.8478260869565217,0.05,0.11442871082403135,46,20,0.7407407407407407,0.2,0.13772513926934174,27,15
11,1.0,0.5,Associative latent class model,0.739,0.22771467661579092,0.5526315789473685,0.1821124394578145,0.10421869620562411,0.36554707931056485,0.463,152,0.7484472049689441,0.07165109034267912,0.3713687046911519,644,321,0.7202797202797203,0.5588235294117647,0.35080740739410604,286,136,0.7555555555555555,0.09523809523809523,0.3782920088594431,45,21,0.68,0.5,0.3612629830429516,25,16
11,1.0,0.5,Renal-adjusted associative latent class model,0.793,0.34273882668256644,0.42105263157894735,0.14223619515054467,0.04455965777368222,0.39716969791848666,0.483,152,0.8027950310559007,0.08411214953271028,0.39676592941217675,644,321,0.7762237762237763,0.4117647058823529,0.39356209922015994,286,136,0.8222222222222222,0.047619047619047616,0.42088632698824424,45,21,0.68,0.5,0.4061517714243251,25,16
11,1.0,0.5,Two-nuisance adjusted associative latent model,0.806,0.37391738091773263,0.3684210526315789,0.13296645470979213,0.03517836295392858,0.4022967327111022,0.5,152,0.8136645962732919,0.11214953271028037,0.4013128019738345,644,321,0.7937062937062938,0.3602941176470588,0.4004015468558406,286,136,0.8222222222222222,0.09523809523809523,0.4248716107674958,45,21,0.72,0.4375,0.4086889341858014,25,16
11,1.0,0.5,Two-path biologically constrained latent SCM,0.824,0.41932397278611727,0.23684210526315788,0.12201749085198563,0.031234059921586805,0.41106319305016087,0.524,152,0.8214285714285714,0.17757009345794392,0.40508658029497213,644,321,0.8286713286713286,0.2426470588235294,0.4214428268995291,286,136,0.8,0.19047619047619047,0.4244564184714371,45,21,0.88,0.1875,0.42216992062875186,25,16
11,1.0,0.5,Two-path latent SCM (counterfactual query),0.821,0.41157676868443627,0.25,0.15269350808418267,0.13004241563397254,0.1039588128835648,0.529,152,0.8198757763975155,0.1838006230529595,0.10159532341702207,644,321,0.8216783216783217,0.25735294117647056,0.11478400210384775,286,136,0.8,0.19047619047619047,0.10200276498567931,45,21,0.88,0.1875,0.04452302307786327,25,16
12,1.0,0.5,Associative latent class model,0.738,0.22578662040804245,0.7724550898203593,0.18966243783244097,0.1094501470923504,0.34438265121585543,0.54,167,0.8060897435897436,0.1,0.37523711199276943,624,340,0.5912162162162162,0.7643312101910829,0.2851641381296805,296,157,0.8,0.18518518518518517,0.37880667569601784,55,27,0.64,0.9,0.1996696513080368,25,10
12,1.0,0.5,Renal-adjusted associative latent class model,0.83,0.4350315391993835,0.32335329341317365,0.1217686467767679,0.05366920551231784,0.39306877808286883,0.526,167,0.8541666666666666,0.16470588235294117,0.395528904925916,624,340,0.777027027027027,0.31210191082802546,0.3908068967919255,296,157,0.8545454545454545,0.18518518518518517,0.3611789637781814,55,27,0.8,0.5,0.42860227803549106,25,10
12,1.0,0.5,Two-nuisance adjusted associative latent model,0.829,0.4323933047061119,0.32335329341317365,0.12177969923025478,0.05868906287957153,0.3919047093080446,0.525,167,0.8525641025641025,0.16470588235294117,0.39430934495570524,624,340,0.7804054054054054,0.31210191082802546,0.38935594794691647,296,157,0.8363636363636363,0.18518518518518517,0.35916041360822215,55,27,0.8,0.5,0.4340997885978033,25,10
12,1.0,0.5,Two-path biologically constrained latent SCM,0.825,0.42190701756443605,0.2994011976047904,0.1235425798145246,0.07310809698097907,0.39432497910562053,0.545,167,0.844551282051282,0.21176470588235294,0.3957152873901447,624,340,0.7804054054054054,0.2929936305732484,0.39162960695158416,296,157,0.8363636363636363,0.18518518518518517,0.35973246241752527,55,27,0.84,0.4,0.46763962734149395,25,10
12,1.0,0.5,Two-path latent SCM (counterfactual query),0.842,0.46732513380972296,0.19161676646706588,0.1380635521438675,0.10954310887283975,0.11292637457800074,0.496,167,0.8525641025641025,0.17058823529411765,0.11003515917913861,624,340,0.8243243243243243,0.17834394904458598,0.11073656125170059,296,157,0.8363636363636363,0.14814814814814814,0.09982315742606204,55,27,0.8,0.4,0.23984557845125867,25,10
13,1.0,0.5,Associative latent class model,0.734,0.21825193817697283,0.5,0.19694444317107831,0.13695419312781484,0.3224050488097977,0.401,162,0.7488514548238897,0.027522935779816515,0.3094488106326824,653,327,0.7204301075268817,0.4864864864864865,0.36032143622975543,279,148,0.6739130434782609,0.0,0.2738180727824876,46,24,0.5909090909090909,0.6428571428571429,0.3277119732072668,22,14
13,1.0,0.5,Renal-adjusted associative latent class model,0.804,0.3690342055509155,0.25308641975308643,0.13572956785052434,0.05142678805979493,0.3492374870121589,0.459,162,0.8346094946401225,0.11926605504587157,0.3357286537188279,653,327,0.7491039426523297,0.23648648648648649,0.375986612549392,279,148,0.7608695652173914,0.16666666666666666,0.3566803870460343,46,24,0.6818181818181818,0.42857142857142855,0.39541424674392683,22,14
13,1.0,0.5,Two-nuisance adjusted associative latent model,0.802,0.36418122960883975,0.24691358024691357,0.13498949558422368,0.04486768441285183,0.34970971902861214,0.461,162,0.8300153139356815,0.13149847094801223,0.3369459709697772,653,327,0.7562724014336918,0.23648648648648649,0.3767354646457167,279,148,0.7391304347826086,0.125,0.3417117116791215,46,24,0.6818181818181818,0.35714285714285715,0.40254848236150315,22,14
13,1.0,0.5,Two-path biologically constrained latent SCM,0.801,0.36176663269812803,0.19135802469135801,0.13397115247353691,0.04344576524253376,0.35163516697803426,0.464,162,0.8238897396630934,0.1620795107033639,0.3403276902147927,653,327,0.7634408602150538,0.17567567567567569,0.3734746314405579,279,148,0.7608695652173914,0.16666666666666666,0.35579648865053665,46,24,0.6818181818181818,0.35714285714285715,0.4015965735424677,22,14
13,1.0,0.5,Two-path latent SCM (counterfactual query),0.8,0.3593597578551646,0.20987654320987653,0.16396024634458706,0.1410682185209197,0.12893197381971133,0.473,162,0.8223583460949464,0.16819571865443425,0.12281884561744612,653,327,0.7634408602150538,0.19594594594594594,0.14832595386177677,279,148,0.7608695652173914,0.16666666666666666,0.0756546282292767,46,24,0.6818181818181818,0.35714285714285715,0.17582789116075392,22,14
14,1.0,0.5,Associative latent class model,0.743,0.23547033205925438,0.4632352941176471,0.18282053924767783,0.11946165702191568,0.34025971170640934,0.386,136,0.7349397590361446,0.01749271137026239,0.3305562886368691,664,343,0.7745454545454545,0.4375,0.3608953055566213,275,128,0.7555555555555555,0.13636363636363635,0.34669940821611345,45,22,0.5,0.875,0.3701658533582695,16,8
14,1.0,0.5,Renal-adjusted associative latent class model,0.824,0.4193228573949676,0.17647058823529413,0.12426435725736494,0.0399169623545145,0.3772608211837612,0.507,136,0.8283132530120482,0.1836734693877551,0.37617027362308725,664,343,0.8072727272727273,0.1796875,0.38167714593133295,275,128,0.8444444444444444,0.22727272727272727,0.37171112470205053,45,22,0.875,0.125,0.36222148470765225,16,8
14,1.0,0.5,Two-nuisance adjusted associative latent model,0.826,0.4245282321804703,0.18382352941176472,0.12414006738456086,0.048683080666218695,0.3762468782641776,0.511,136,0.8313253012048193,0.18950437317784258,0.3753181437842229,664,343,0.8036363636363636,0.1875,0.38055347362873587,275,128,0.8666666666666667,0.13636363636363635,0.3720720936034561,45,22,0.875,0.125,0.3525113332122282,16,8
14,1.0,0.5,Two-path biologically constrained latent SCM,0.82,0.4090089500283982,0.21323529411764705,0.12383234019290973,0.034969302886538094,0.37771514125548117,0.515,136,0.8253012048192772,0.18658892128279883,0.3767906454806069,664,343,0.8,0.21875,0.3815406417370561,275,128,0.8444444444444444,0.22727272727272727,0.3735166791588855,45,22,0.875,0.125,0.3621391010323718,16,8
14,1.0,0.5,Two-path latent SCM (counterfactual query),0.818,0.40389936448499586,0.22794117647058823,0.14263895513216426,0.11331287180057723,0.13684181264241074,0.505,136,0.822289156626506,0.17201166180758018,0.13405684580107038,664,343,0.8,0.234375,0.14099522767866976,275,128,0.8444444444444444,0.18181818181818182,0.16493260057236064,45,22,0.875,0.125,0.1020257745693485,16,8
15,1.0,0.5,Associative latent class model,0.695,0.1512512709272341,0.8402366863905325,0.22342106150389326,0.16598246328301874,0.31683630521475403,0.516,169,0.7675507020280812,0.06129032258064516,0.34250716436916867,641,310,0.5540540540540541,0.8451612903225807,0.25799655033491586,296,155,0.6976744186046512,0.041666666666666664,0.3407718908079506,43,24,0.45,0.7857142857142857,0.3134521325119944,20,14
15,1.0,0.5,Renal-adjusted associative latent class model,0.815,0.39629781244624296,0.25443786982248523,0.12833396505326913,0.03181649753674831,0.3768448484494379,0.47,169,0.8299531981279251,0.1032258064516129,0.3713844472693025,641,310,0.7972972972972973,0.25161290322580643,0.38608193034581745,296,155,0.7209302325581395,0.16666666666666666,0.38672088174917807,43,24,0.8,0.2857142857142857,0.3939084226119206,20,14
15,1.0,0.5,Two-nuisance adjusted associative latent model,0.821,0.41157678962705063,0.25443786982248523,0.1277179505265646,0.02738887741444934,0.37408514689306516,0.472,169,0.8361934477379095,0.1032258064516129,0.37048566423364193,641,310,0.8006756756756757,0.25161290322580643,0.38317520371672503,296,155,0.7441860465116279,0.08333333333333333,0.35880134161714616,43,24,0.8,0.2857142857142857,0.3877759064806398,20,14
15,1.0,0.5,Two-path biologically constrained latent SCM,0.824,0.41932491850017606,0.20710059171597633,0.124167761932751,0.02329720503503778,0.37568261628965793,0.469,169,0.8346333853354134,0.11935483870967742,0.37283154002723706,641,310,0.8108108108108109,0.2064516129032258,0.383913782946984,296,155,0.7441860465116279,0.08333333333333333,0.35968856268144356,43,24,0.85,0.21428571428571427,0.37962555922948243,20,14
15,1.0,0.5,Two-path latent SCM (counterfactual query),0.824,0.41932491850017606,0.1893491124260355,0.14465591373592723,0.11422107922372635,0.12952938697288544,0.469,169,0.8330733229329174,0.12903225806451613,0.13095669054174608,641,310,0.8141891891891891,0.1870967741935484,0.12437860793896971,296,155,0.7441860465116279,0.08333333333333333,0.15361813413202363,43,24,0.85,0.21428571428571427,0.10822503090070767,20,14
16,1.0,0.5,Associative latent class model,0.741,0.23155043851819213,0.6853932584269663,0.19196398888407118,0.1177972089303831,0.3478699812339755,0.526,178,0.8032,0.09815950920245399,0.3568518697151003,625,326,0.6079734219269103,0.688622754491018,0.3285135488981912,301,167,0.8,0.1935483870967742,0.37807530696471175,55,31,0.631578947368421,0.6363636363636364,0.27162329266437696,19,11
16,1.0,0.5,Renal-adjusted associative latent class model,0.788,0.3310885478490401,0.3651685393258427,0.15092307956310436,0.09196124077006841,0.3765944001099929,0.545,178,0.8144,0.2085889570552147,0.3758021097365448,625,326,0.7408637873754153,0.3652694610778443,0.39033478974777375,301,167,0.7454545454545455,0.41935483870967744,0.3364048397204,55,31,0.7894736842105263,0.36363636363636365,0.3013180855763394,19,11
16,1.0,0.5,Two-nuisance adjusted associative latent model,0.79,0.3357173049046772,0.3707865168539326,0.15077250008015028,0.09106824069448602,0.3689111918207326,0.545,178,0.816,0.2085889570552147,0.3673769391853486,625,326,0.7408637873754153,0.3712574850299401,0.38175705900333845,301,167,0.7818181818181819,0.3548387096774194,0.33914054876945193,55,31,0.7368421052631579,0.36363636363636365,0.30205262566131363,19,11
16,1.0,0.5,Two-path biologically constrained latent SCM,0.788,0.3310866239008388,0.30337078651685395,0.14843710445049546,0.09391247726800273,0.37696540280938995,0.547,178,0.808,0.254601226993865,0.3736142417316473,625,326,0.7541528239202658,0.2994011976047904,0.39249501618128985,301,167,0.7636363636363637,0.3225806451612903,0.3477319104048567,55,31,0.7368421052631579,0.36363636363636365,0.3258024623302609,19,11
16,1.0,0.5,Two-path latent SCM (counterfactual query),0.797,0.3521887349974696,0.2640449438202247,0.16960204115997393,0.14373454957776444,0.1443704057930739,0.514,178,0.8144,0.21779141104294478,0.13619753717623728,625,326,0.7674418604651163,0.25748502994011974,0.15869252448116125,301,167,0.7818181818181819,0.25806451612903225,0.1620379564239598,55,31,0.7368421052631579,0.36363636363636365,0.13517934661990835,19,11
17,1.0,0.5,Associative latent class model,0.73,0.21082142696318562,0.8387096774193549,0.19847247392769618,0.12904858016446774,0.3227213404327747,0.603,155,0.7884914463452566,0.15064102564102563,0.37079447026444884,643,312,0.5778546712802768,0.8402777777777778,0.2256603041765594,289,144,0.926829268292683,0.15,0.3757553910716005,41,20,0.6666666666666666,0.8181818181818182,0.13624804117676895,27,11
17,1.0,0.5,Renal-adjusted associative latent class model,0.799,0.35696375835910654,0.04516129032258064,0.14386263519913522,0.07260160863886832,0.3757778827456678,0.44,155,0.8227060653188181,0.16346153846153846,0.38156658805612825,643,312,0.7474048442906575,0.034722222222222224,0.3553669088988204,289,144,0.8536585365853658,0.3,0.3770540978035404,41,20,0.7037037037037037,0.18181818181818182,0.45445599792122526,27,11
17,1.0,0.5,Two-nuisance adjusted associative latent model,0.798,0.3545730841786486,0.04516129032258064,0.14251210574365977,0.06994564111942307,0.37530454259017976,0.443,155,0.8195956454121306,0.17307692307692307,0.37940653267248703,643,312,0.7508650519031141,0.041666666666666664,0.35789402972739526,289,144,0.8536585365853658,0.25,0.3842818622563614,41,20,0.7037037037037037,0.09090909090909091,0.45034115326083646,27,11
17,1.0,0.5,Two-path biologically constrained latent SCM,0.817,0.40135761078798005,0.11612903225806452,0.12772075273952815,0.037270129582155836,0.3904906310786348,0.476,155,0.8195956454121306,0.16346153846153846,0.3828460119579106,643,312,0.8096885813148789,0.10416666666666667,0.40090282753140444,289,144,0.8780487804878049,0.2,0.4021370034270598,41,20,0.7407407407407407,0.2727272727272727,0.4434115219486254,27,11
17,1.0,0.5,Two-path latent SCM (counterfactual query),0.818,0.4038998371983488,0.14838709677419354,0.1503186628753952,0.11788779053234766,0.13266440266528282,0.487,155,0.8195956454121306,0.16346153846153846,0.132755639645582,643,312,0.8062283737024222,0.1388888888888889,0.12522557444394422,289,144,0.8780487804878049,0.2,0.1276605448186,41,20,0.8148148148148148,0.2727272727272727,0.2177130748633741,27,11
18,1.0,0.5,Associative latent class model,0.719,0.1910352663306279,0.8863636363636364,0.2061913480966772,0.1359757896877186,0.3414693911730481,0.518,132,0.7805232558139535,0.08746355685131195,0.38418235627991987,688,343,0.556910569105691,0.8861788617886179,0.2334220115816826,246,123,0.723404255319149,0.045454545454545456,0.3445587292526111,47,22,0.5789473684210527,0.8888888888888888,0.18609762781561257,19,9
18,1.0,0.5,Renal-adjusted associative latent class model,0.825,0.4219222569518133,0.15151515151515152,0.12449377337884891,0.03937264059484201,0.40664023293650337,0.48,132,0.8241279069767442,0.16034985422740525,0.3994529937171484,688,343,0.8211382113821138,0.14634146341463414,0.41881448309972563,246,123,0.8723404255319149,0.045454545454545456,0.4270347627792294,47,22,0.7894736842105263,0.2222222222222222,0.45881981926047194,19,9
18,1.0,0.5,Two-nuisance adjusted associative latent model,0.823,0.41673289949786374,0.13636363636363635,0.12463008565378507,0.03220822758053679,0.40012852000455323,0.482,132,0.8241279069767442,0.1749271137026239,0.39363963186504486,688,343,0.8211382113821138,0.14634146341463414,0.41359509172620446,246,123,0.8085106382978723,0.0,0.40662620612902917,47,22,0.8421052631578947,0.0,0.44466468572061674,19,9
18,1.0,0.5,Two-path biologically constrained latent SCM,0.815,0.39629575048045124,0.25,0.1254978470125717,0.018165637954413543,0.39987349621963697,0.504,132,0.8226744186046512,0.1749271137026239,0.39392781511375924,688,343,0.8048780487804879,0.2601626016260163,0.4135382631423856,246,123,0.7446808510638298,0.0,0.39445214279309526,47,22,0.8421052631578947,0.1111111111111111,0.45165768300359327,19,9
18,1.0,0.5,Two-path latent SCM (counterfactual query),0.817,0.4013572324558877,0.17424242424242425,0.14520323143479985,0.11551395048896386,0.14034748506736178,0.486,132,0.8226744186046512,0.1749271137026239,0.13133002146401931,688,343,0.8089430894308943,0.18699186991869918,0.16078977503905986,246,123,0.7446808510638298,0.0,0.136565595447264,47,22,0.8947368421052632,0.0,0.21155592918349375,19,9
19,1.0,0.5,Associative latent class model,0.74,0.22962982070594393,0.7342657342657343,0.1890544214307303,0.10851164795771177,0.3611805181735533,0.521,143,0.7822085889570553,0.078125,0.3874132585541733,652,320,0.652014652014652,0.7364341085271318,0.28990810463019456,273,129,0.7547169811320755,0.16666666666666666,0.4167055650573627,53,24,0.5454545454545454,0.7142857142857143,0.3343984583704086,22,14
19,1.0,0.5,Renal-adjusted associative latent class model,0.812,0.3887664721110107,0.06293706293706294,0.13054671517089297,0.052571935208221114,0.36392148679302816,0.451,143,0.8159509202453987,0.153125,0.36562477852450376,652,320,0.8021978021978022,0.046511627906976744,0.3533342262417351,273,129,0.8301886792452831,0.20833333333333334,0.3943622128005792,53,24,0.7727272727272727,0.21428571428571427,0.37148591602851455,22,14
19,1.0,0.5,Two-nuisance adjusted associative latent model,0.81,0.3837865613204716,0.055944055944055944,0.13343166790541738,0.0668966597213665,0.35504798551453326,0.439,143,0.8128834355828221,0.15,0.35874339683361967,652,320,0.7985347985347986,0.05426356589147287,0.34617571847736783,273,129,0.8113207547169812,0.08333333333333333,0.37062894353802145,53,24,0.8636363636363636,0.07142857142857142,0.31809025578076117,22,14
19,1.0,0.5,Two-path biologically constrained latent SCM,0.819,0.40645361526039214,0.07692307692307693,0.13089073069612767,0.06822077927828318,0.35841605412041444,0.434,143,0.8174846625766872,0.121875,0.3592832085910622,652,320,0.8241758241758241,0.06976744186046512,0.35670113512116897,273,129,0.8113207547169812,0.041666666666666664,0.36548778256465986,53,24,0.8181818181818182,0.14285714285714285,0.33696089795617135,22,14
19,1.0,0.5,Two-path latent SCM (counterfactual query),0.822,0.4141503624083096,0.0979020979020979,0.14413768030629262,0.11075941284663818,0.1440275483205818,0.477,143,0.8144171779141104,0.171875,0.14216372974307567,652,320,0.8424908424908425,0.09302325581395349,0.1504222979412287,273,129,0.8113207547169812,0.08333333333333333,0.13989533091965795,53,24,0.8181818181818182,0.14285714285714285,0.12986621142723484,22,14
0,1.0,1.0,Associative latent class model,0.723,0.19811070171378178,0.6050955414012739,0.2012780202441559,0.1412105436069563,0.3334174563551937,0.416,157,0.7554179566563467,0.0182370820668693,0.32616363517892927,646,329,0.6678832116788321,0.5985915492957746,0.341627892153748,274,142,0.7068965517241379,0.12903225806451613,0.37070101935886507,58,31,0.5,0.6666666666666666,0.3458657480301967,22,15
0,1.0,1.0,Renal-adjusted associative latent class model,0.817,0.40135610344558637,0.15286624203821655,0.12805402395690407,0.042874372988401625,0.3768903794767308,0.44,157,0.8142414860681114,0.11246200607902736,0.3644063609568879,646,329,0.8576642335766423,0.11971830985915492,0.3889978477105594,274,142,0.7068965517241379,0.2903225806451613,0.4287352634660568,58,31,0.6818181818181818,0.4666666666666667,0.4559915793116636,22,15
0,1.0,1.0,Two-nuisance adjusted associative latent model,0.818,0.4038984183679544,0.14012738853503184,0.12668818565887158,0.04404909697155809,0.36913892982210444,0.435,157,0.8157894736842105,0.11854103343465046,0.35865248435750086,646,329,0.8576642335766423,0.11971830985915492,0.37974639345852507,274,142,0.7068965517241379,0.1935483870967742,0.4008309898811535,58,31,0.6818181818181818,0.3333333333333333,0.46139616847346193,22,15
0,1.0,1.0,Two-path biologically constrained latent SCM,0.81,0.3837824464423742,0.08280254777070063,0.12649702078631134,0.04030454006828609,0.3697435482730606,0.439,157,0.8173374613003096,0.1580547112462006,0.36430398528819363,646,329,0.8321167883211679,0.07746478873239436,0.3684332833252823,274,142,0.6724137931034483,0.25806451612903225,0.4122994490212959,58,31,0.6818181818181818,0.13333333333333333,0.43359482284204437,22,15
0,1.0,1.0,Two-path latent SCM (counterfactual query),0.816,0.39882177973748906,0.08917197452229299,0.1544019211541485,0.12694230331862402,0.12604933441025898,0.445,157,0.8173374613003096,0.15501519756838905,0.1228954772722956,646,329,0.8467153284671532,0.08450704225352113,0.12928212349136123,274,142,0.6724137931034483,0.25806451612903225,0.11522879069206177,58,31,0.7727272727272727,0.13333333333333333,0.2069220179810662,22,15
1,1.0,1.0,Associative latent class model,0.625,0.06165853595196997,0.684931506849315,0.2708338641456492,0.2382880193835381,0.3221840914379066,0.33,146,0.6042944785276073,0.012269938650306749,0.3060592888094736,652,326,0.6546762589928058,0.6666666666666666,0.36503062868532904,278,135,0.7916666666666666,0.030303030303030304,0.2728523254122066,48,33,0.5,0.9090909090909091,0.3662731245373845,22,11
1,1.0,1.0,Renal-adjusted associative latent class model,0.781,0.3151597372241485,0.1232876712328767,0.14702175843131896,0.031316221238091226,0.4334023126028046,0.478,146,0.808282208588957,0.2116564417177914,0.43440028908540357,652,326,0.7338129496402878,0.1037037037037037,0.42405226244440214,278,135,0.6875,0.42424242424242425,0.4687195981518748,48,33,0.7727272727272727,0.36363636363636365,0.4449206567403476,22,11
1,1.0,1.0,Two-nuisance adjusted associative latent model,0.795,0.34744845020501663,0.14383561643835616,0.1411502016899126,0.03226720106784439,0.4300558044841654,0.474,146,0.808282208588957,0.19325153374233128,0.42824047993145903,652,326,0.7589928057553957,0.14814814814814814,0.42923495870099254,278,135,0.7916666666666666,0.24242424242424243,0.4526563675297736,48,33,0.8636363636363636,0.09090909090909091,0.44491760947950443,22,11
1,1.0,1.0,Two-path biologically constrained latent SCM,0.797,0.3521891836608059,0.2054794520547945,0.13755517309438783,0.020484482530218468,0.4333011339957739,0.474,146,0.8067484662576687,0.17177914110429449,0.4305678678140533,652,326,0.7697841726618705,0.2074074074074074,0.43769892130374866,278,135,0.8125,0.15151515151515152,0.43874212974397153,48,33,0.8181818181818182,0.18181818181818182,0.4468619014026529,22,11
1,1.0,1.0,Two-path latent SCM (counterfactual query),0.797,0.3521887349974696,0.21232876712328766,0.17110037405415485,0.14523823320771126,0.1192103387917836,0.478,146,0.8067484662576687,0.17484662576687116,0.12164808093751317,652,326,0.7697841726618705,0.21481481481481482,0.11274647744682866,278,135,0.8125,0.15151515151515152,0.11805782061287123,48,33,0.8181818181818182,0.18181818181818182,0.13115881367676516,22,11
2,1.0,1.0,Associative latent class model,0.74,0.22960873645423285,0.4840764331210191,0.18503578515977356,0.12580809197379844,0.3649100517593421,0.431,157,0.7340764331210191,0.023809523809523808,0.35947214324699756,628,294,0.7533333333333333,0.4726027397260274,0.36516277155681587,300,146,0.7735849056603774,0.0,0.43269884995903807,53,24,0.631578947368421,0.6363636363636364,0.3515618571238836,19,11
2,1.0,1.0,Renal-adjusted associative latent class model,0.826,0.4245283935984474,0.10828025477707007,0.12453400342208366,0.04817557624950844,0.3703213941898474,0.483,157,0.8264331210191083,0.1360544217687075,0.37223481827838567,628,294,0.83,0.1095890410958904,0.3701088545124224,300,146,0.7735849056603774,0.375,0.38482165777527255,53,24,0.8947368421052632,0.09090909090909091,0.2699854786950025,19,11
2,1.0,1.0,Two-nuisance adjusted associative latent model,0.818,0.4038973518324159,0.11464968152866242,0.12102554061885976,0.05578787636735013,0.3730247182337179,0.469,157,0.8200636942675159,0.1360544217687075,0.3738384598925796,628,294,0.83,0.11643835616438356,0.3729856118770441,300,146,0.6981132075471698,0.20833333333333334,0.4043206107705305,53,24,0.8947368421052632,0.09090909090909091,0.25944681511719275,19,11
2,1.0,1.0,Two-path biologically constrained latent SCM,0.82,0.40900690914989046,0.1337579617834395,0.12115668135767502,0.05491610816559436,0.3748642877100709,0.471,157,0.8168789808917197,0.12585034013605442,0.3750666035141527,628,294,0.8366666666666667,0.136986301369863,0.37576037263064826,300,146,0.7358490566037735,0.20833333333333334,0.4060893860814096,53,24,0.8947368421052632,0.09090909090909091,0.26692691850914807,19,11
2,1.0,1.0,Two-path latent SCM (counterfactual query),0.819,0.4064501863864693,0.15286624203821655,0.14176469805275757,0.11705112065279516,0.1385116737755198,0.482,157,0.8184713375796179,0.1360544217687075,0.13931360704677948,628,294,0.83,0.15753424657534246,0.13430158143547374,300,146,0.7358490566037735,0.20833333333333334,0.17458690219184364,53,24,0.8947368421052632,0.09090909090909091,0.07784991070170837,19,11
3,1.0,1.0,Associative latent class model,0.746,0.2413113006124832,0.48226950354609927,0.17215586125416912,0.11149764907433186,0.32490721917024273,0.43,141,0.746268656716418,0.08163265306122448,0.333276773310312,670,343,0.7215686274509804,0.48872180451127817,0.3077142247556811,255,133,0.8245614035087719,0.07142857142857142,0.3462639497903924,57,28,0.8333333333333334,0.375,0.18931158897681152,18,8
3,1.0,1.0,Renal-adjusted associative latent class model,0.828,0.4297697446753726,0.05673758865248227,0.12259278891397812,0.05813171375181901,0.3433974463347211,0.434,141,0.8253731343283582,0.12244897959183673,0.3517212984307687,670,343,0.8313725490196079,0.06015037593984962,0.32695811449965384,255,133,0.7894736842105263,0.32142857142857145,0.3394432380351801,57,28,1.0,0.0,0.27897736781605903,18,8
3,1.0,1.0,Two-nuisance adjusted associative latent model,0.835,0.4483531097438643,0.05673758865248227,0.12167817536955267,0.05975294945850403,0.34409169357260483,0.427,141,0.8298507462686567,0.12536443148688048,0.35182964311036774,670,343,0.8352941176470589,0.06015037593984962,0.3261861199891734,255,133,0.8596491228070176,0.03571428571428571,0.3373665947193075,57,28,0.9444444444444444,0.0,0.3310264551343723,18,8
3,1.0,1.0,Two-path biologically constrained latent SCM,0.834,0.44567379006668373,0.10638297872340426,0.12247018488814718,0.06692139032072371,0.3446231764691579,0.432,141,0.8119402985074626,0.11370262390670553,0.35032031590340484,670,343,0.8784313725490196,0.11278195488721804,0.33399890750000216,255,133,0.8596491228070176,0.03571428571428571,0.3402162400885403,57,28,0.9444444444444444,0.0,0.29702876201829587,18,8
3,1.0,1.0,Two-path latent SCM (counterfactual query),0.844,0.47281865697578623,0.12056737588652482,0.13269302710544725,0.09887610670292034,0.14877237353112638,0.452,141,0.826865671641791,0.12244897959183673,0.15308361491734312,670,343,0.8745098039215686,0.12781954887218044,0.14317652767937522,255,133,0.8596491228070176,0.03571428571428571,0.13039999183284964,57,28,1.0,0.0,0.12575208021074452,18,8
4,1.0,1.0,Associative latent class model,0.678,0.12586589276872304,0.7195121951219512,0.21814602042119013,0.16765214968436842,0.346178746168843,0.459,164,0.7080745341614907,0.05901639344262295,0.36307063522374144,644,305,0.6068965517241379,0.7070063694267515,0.3139143403086587,290,157,0.723404255319149,0.041666666666666664,0.36935632603914553,47,24,0.631578947368421,1.0,0.20875531954750454,19,7
4,1.0,1.0,Renal-adjusted associative latent class model,0.828,0.42977046800861873,0.24390243902439024,0.12510701448136288,0.04583024793155699,0.37794920180888714,0.553,164,0.8338509316770186,0.20327868852459016,0.38045396212592364,644,305,0.8137931034482758,0.2356687898089172,0.38043179737737454,290,157,0.8297872340425532,0.2916666666666667,0.3617210543058528,47,24,0.8421052631578947,0.42857142857142855,0.29530207410413717,19,7
4,1.0,1.0,Two-nuisance adjusted associative latent model,0.826,0.42453367450701474,0.23170731707317074,0.12442334808201712,0.046681003770912825,0.3731169630512217,0.555,164,0.827639751552795,0.21639344262295082,0.37485081645992024,644,305,0.8172413793103448,0.22929936305732485,0.37539525998794143,290,157,0.8297872340425532,0.2916666666666667,0.36145104858855936,47,24,0.8947368421052632,0.2857142857142857,0.308432240571988,19,7
4,1.0,1.0,Two-path biologically constrained latent SCM,0.826,0.424538495880826,0.2804878048780488,0.1273714707741567,0.061782394443904654,0.3717275739181141,0.575,164,0.8322981366459627,0.22950819672131148,0.37313422319804596,644,305,0.803448275862069,0.2802547770700637,0.3735668703227749,290,157,0.851063829787234,0.20833333333333334,0.364189686491037,47,24,0.8947368421052632,0.2857142857142857,0.31462244841521053,19,7
4,1.0,1.0,Two-path latent SCM (counterfactual query),0.831,0.4376838452467,0.20121951219512196,0.1446348583540168,0.11196404718870005,0.1262505075382349,0.538,164,0.8322981366459627,0.20327868852459016,0.12168806237316297,644,305,0.8206896551724138,0.20382165605095542,0.1356848155015422,290,157,0.8297872340425532,0.20833333333333334,0.14229405858302024,47,24,0.9473684210526315,0.14285714285714285,0.09720937479309255,19,7
5,1.0,1.0,Associative latent class model,0.698,0.155976234859418,0.6036585365853658,0.2074585170150899,0.14871175327013758,0.34174903708266097,0.422,164,0.7076205287713841,0.04776119402985075,0.3458547518628723,643,335,0.6755852842809364,0.59375,0.3283752112036313,299,160,0.6904761904761905,0.26666666666666666,0.4385821425937179,42,15,0.75,1.0,0.17248709350075717,16,4
5,1.0,1.0,Renal-adjusted associative latent class model,0.803,0.36660253186525044,0.14634146341463414,0.13339600650907552,0.02893073395024047,0.37311120394105934,0.489,164,0.7993779160186625,0.2,0.37900716329380707,643,335,0.8127090301003345,0.14375,0.3670142774374819,299,160,0.7380952380952381,0.6,0.32353458565739734,42,15,0.9375,0.25,0.38024227448272524,16,4
5,1.0,1.0,Two-nuisance adjusted associative latent model,0.803,0.36660249238393067,0.16463414634146342,0.13517786218313493,0.033219504097568624,0.37581257184804767,0.493,164,0.8009331259720062,0.21194029850746268,0.37768338182260675,643,335,0.8260869565217391,0.1625,0.36622133998822726,299,160,0.7142857142857143,0.26666666666666666,0.38174563351743995,42,15,0.6875,0.25,0.4642912544936917,16,4
5,1.0,1.0,Two-path biologically constrained latent SCM,0.801,0.3617656281835491,0.18902439024390244,0.13424671665024265,0.03513668422048852,0.37503222079412285,0.499,164,0.7993779160186625,0.21194029850746268,0.3772863691035724,643,335,0.8127090301003345,0.1875,0.3658852870517791,299,160,0.7380952380952381,0.26666666666666666,0.3752240121398276,42,15,0.8125,0.25,0.454873507635695,16,4
5,1.0,1.0,Two-path latent SCM (counterfactual query),0.801,0.36176565470542676,0.1951219512195122,0.1627167569633264,0.13603705233483443,0.13180610037386215,0.493,164,0.7993779160186625,0.2,0.13477192638199478,643,335,0.8127090301003345,0.19375,0.11998799051519464,299,160,0.7380952380952381,0.26666666666666666,0.12648472631732485,42,15,0.8125,0.25,0.247436502554291,16,4
6,1.0,1.0,Associative latent class model,0.67,0.11471521288649654,0.7926829268292683,0.23745982347393363,0.19361341922441588,0.33348187599017476,0.47,164,0.7082018927444795,0.039473684210526314,0.36018405060414543,634,304,0.5993377483443708,0.7843137254901961,0.27992620656388817,302,153,0.7021276595744681,0.05555555555555555,0.33316110969869317,47,18,0.4117647058823529,0.9090909090909091,0.2899353746478708,17,11
6,1.0,1.0,Renal-adjusted associative latent class model,0.824,0.41932477413950325,0.2804878048780488,0.12653361278062503,0.03994004716003679,0.3806760478453173,0.556,164,0.8406940063091483,0.1875,0.37781870206754625,634,304,0.8013245033112583,0.26143790849673204,0.3908286809483351,302,153,0.8085106382978723,0.3333333333333333,0.33900787592648535,47,18,0.6470588235294118,0.5454545454545454,0.4220799364441756,17,11
6,1.0,1.0,Two-nuisance adjusted associative latent model,0.809,0.3813086856031255,0.32926829268292684,0.13025823219058413,0.05116909918302122,0.36327106663918374,0.581,164,0.8280757097791798,0.22697368421052633,0.3592891312960549,634,304,0.7880794701986755,0.3333333333333333,0.3702772617060563,302,153,0.723404255319149,0.3333333333333333,0.3473125119312654,47,18,0.7058823529411765,0.2727272727272727,0.4314315471462659,17,11
6,1.0,1.0,Two-path biologically constrained latent SCM,0.814,0.3937815281549223,0.2926829268292683,0.1305358483322037,0.05842460635517174,0.3629242175116094,0.586,164,0.831230283911672,0.24671052631578946,0.3567782764510141,634,304,0.7947019867549668,0.29411764705882354,0.3743944197026531,302,153,0.7446808510638298,0.3333333333333333,0.3476803599072523,47,18,0.7058823529411765,0.2727272727272727,0.43051168093084335,17,11
6,1.0,1.0,Two-path latent SCM (counterfactual query),0.812,0.3887654791367395,0.21341463414634146,0.1513721412511456,0.13469481439574083,0.11085882711473036,0.54,164,0.8296529968454258,0.2236842105263158,0.10373818688736276,634,304,0.7847682119205298,0.21568627450980393,0.12463662234839873,302,153,0.7659574468085106,0.2222222222222222,0.13785708940507194,47,18,0.7647058823529411,0.18181818181818182,0.05701608687574005,17,11
7,1.0,1.0,Associative latent class model,0.707,0.17056734135894913,0.6729559748427673,0.21159327385804064,0.15352725781184512,0.3387570151717878,0.478,159,0.7352941176470589,0.08227848101265822,0.35572819322997085,646,316,0.6323529411764706,0.6621621621621622,0.29420394872405753,272,148,0.7833333333333333,0.11538461538461539,0.39620406270683095,60,26,0.5909090909090909,0.8181818181818182,0.2345856604487805,22,11
7,1.0,1.0,Renal-adjusted associative latent class model,0.823,0.4167339760910081,0.15723270440251572,0.12095425956435066,0.030199857537867723,0.36934967167855687,0.472,159,0.8204334365325078,0.14240506329113925,0.3675419486779669,646,316,0.8235294117647058,0.14189189189189189,0.36697383548155005,272,148,0.8666666666666667,0.19230769230769232,0.376924552301747,60,26,0.7727272727272727,0.36363636363636365,0.4311462019774458,22,11
7,1.0,1.0,Two-nuisance adjusted associative latent model,0.812,0.38876620682430213,0.1509433962264151,0.12051822126750826,0.03241217592583672,0.3643654468231061,0.471,159,0.8157894736842105,0.16772151898734178,0.3628326422224234,646,316,0.8161764705882353,0.1554054054054054,0.3630327291664488,272,148,0.7833333333333333,0.11538461538461539,0.3728031006308499,60,26,0.7272727272727273,0.09090909090909091,0.40283961710434313,22,11
7,1.0,1.0,Two-path biologically constrained latent SCM,0.817,0.40135791656288333,0.1320754716981132,0.12047267920856017,0.027426194742050755,0.36288063985245317,0.478,159,0.8219814241486069,0.18037974683544303,0.36277510228453586,646,316,0.8125,0.13513513513513514,0.3583870166320641,272,148,0.8333333333333334,0.11538461538461539,0.37413612635509147,60,26,0.6818181818181818,0.09090909090909091,0.3908403487007293,22,11
7,1.0,1.0,Two-path latent SCM (counterfactual query),0.822,0.4141502413594697,0.13836477987421383,0.14771241271378216,0.12185012006021186,0.13853275007067997,0.483,159,0.8235294117647058,0.17721518987341772,0.14361565973223475,646,316,0.8235294117647058,0.14189189189189189,0.1309482315280637,272,148,0.8333333333333334,0.11538461538461539,0.1151042814447443,60,26,0.7272727272727273,0.09090909090909091,0.1469480918790145,22,11
8,1.0,1.0,Associative latent class model,0.74,0.22963739204867467,0.7718120805369127,0.19101825833534394,0.10792954560574583,0.3431884742585804,0.563,149,0.7908396946564885,0.12269938650306748,0.3825230528593894,655,326,0.6258992805755396,0.7647058823529411,0.24983853439844908,278,136,0.8,0.125,0.421153159983381,40,16,0.5925925925925926,0.8461538461538461,0.2346161360583804,27,13
8,1.0,1.0,Renal-adjusted associative latent class model,0.811,0.3862703933210882,0.1476510067114094,0.12556292013398804,0.033785112431078096,0.3729676157144358,0.518,149,0.8061068702290076,0.21779141104294478,0.3708092435177457,655,326,0.8129496402877698,0.13970588235294118,0.38326581636571416,278,136,0.825,0.375,0.3662498466618001,40,16,0.8888888888888888,0.23076923076923078,0.3292470516359948,27,13
8,1.0,1.0,Two-nuisance adjusted associative latent model,0.81,0.3837837420441272,0.14093959731543623,0.12495249390648343,0.030071741091502506,0.3741506831000978,0.515,149,0.8061068702290076,0.22699386503067484,0.3704575525142322,655,326,0.8129496402877698,0.14705882352941177,0.38288199208344437,278,136,0.825,0.1875,0.4027035696270115,40,16,0.8518518518518519,0.07692307692307693,0.33154257848139757,27,13
8,1.0,1.0,Two-path biologically constrained latent SCM,0.817,0.4013577368985712,0.18791946308724833,0.12407570973250405,0.028386195057589915,0.37569364095174124,0.522,149,0.8122137404580153,0.2085889570552147,0.3723948860659847,655,326,0.8165467625899281,0.19852941176470587,0.38334473719186074,278,136,0.85,0.125,0.40513146281968704,40,16,0.8888888888888888,0.07692307692307693,0.3333294491257972,27,13
8,1.0,1.0,Two-path latent SCM (counterfactual query),0.815,0.3962964173369286,0.18791946308724833,0.14765725109375233,0.11706078376360055,0.14471889163920965,0.518,149,0.8091603053435115,0.20552147239263804,0.1403474695561938,655,326,0.8165467625899281,0.19852941176470587,0.15680133368434135,278,136,0.85,0.125,0.13753850302523643,40,16,0.8888888888888888,0.07692307692307693,0.13699956276468064,27,13
9,1.0,1.0,Associative latent class model,0.738,0.22576014135904202,0.5714285714285714,0.182806870593888,0.10379086821143606,0.3450636680461963,0.423,154,0.7544910179640718,0.048295454545454544,0.35052287854856595,668,352,0.6981818181818182,0.564625850340136,0.33437285523559007,275,147,0.7674418604651163,0.08695652173913043,0.3379719818333557,43,23,0.6428571428571429,0.7142857142857143,0.3163610547951925,14,7
9,1.0,1.0,Renal-adjusted associative latent class model,0.821,0.4115630309138425,0.14285714285714285,0.12347448756846498,0.032922264808381854,0.3887376672490071,0.45,154,0.8233532934131736,0.14204545454545456,0.39025645481555465,668,352,0.8218181818181818,0.1360544217687075,0.3784906518658358,275,147,0.7906976744186046,0.30434782608695654,0.4304766035933168,43,23,0.7857142857142857,0.2857142857142857,0.38935230104279056,14,7
9,1.0,1.0,Two-nuisance adjusted associative latent model,0.816,0.3987904728284202,0.09090909090909091,0.1253962280814057,0.049461776133679046,0.37349218299806686,0.423,154,0.8218562874251497,0.15056818181818182,0.3806909977579184,668,352,0.8145454545454546,0.09523809523809523,0.3590674040222813,275,147,0.7441860465116279,0.043478260869565216,0.3699066939691739,43,23,0.7857142857142857,0.0,0.32436232492682254,14,7
9,1.0,1.0,Two-path biologically constrained latent SCM,0.816,0.398768414276791,0.06493506493506493,0.12655065495016826,0.06345147647206775,0.37339463460698175,0.401,154,0.8218562874251497,0.13068181818181818,0.38005506513941834,668,352,0.8072727272727273,0.061224489795918366,0.35479563442684126,275,147,0.7906976744186046,0.043478260869565216,0.4005288617245912,43,23,0.7857142857142857,0.14285714285714285,0.3375936123079669,14,7
9,1.0,1.0,Two-path latent SCM (counterfactual query),0.82,0.4089969640144173,0.12337662337662338,0.14149398086578763,0.11770722798269864,0.1320609810255979,0.451,154,0.8158682634730539,0.17045454545454544,0.13685681789616252,668,352,0.8290909090909091,0.12244897959183673,0.12657554142343966,275,147,0.8372093023255814,0.043478260869565216,0.10448163412935227,43,23,0.7857142857142857,0.14285714285714285,0.09568875085380475,14,7
10,1.0,1.0,Associative latent class model,0.767,0.28444544960406937,0.7034482758620689,0.1692261926487741,0.08436557645156481,0.35383588041107655,0.502,145,0.8234421364985163,0.09042553191489362,0.380078828850913,674,376,0.6459143968871596,0.7,0.27956948023392986,257,130,0.7209302325581395,0.16666666666666666,0.44696925468133186,43,24,0.5769230769230769,0.7333333333333333,0.2536044382363064,26,15
10,1.0,1.0,Renal-adjusted associative latent class model,0.829,0.4323719408655548,0.14482758620689656,0.12802968901135067,0.08193898262286985,0.34881013176767356,0.542,145,0.8249258160237388,0.25,0.3489411214708729,674,376,0.8560311284046692,0.14615384615384616,0.3507530318091635,257,130,0.6744186046511628,0.5833333333333334,0.36564279015653456,43,24,0.9230769230769231,0.13333333333333333,0.2983710286391999,26,15
10,1.0,1.0,Two-nuisance adjusted associative latent model,0.833,0.44299528995411724,0.15862068965517243,0.12445974675112237,0.06821963883733306,0.3428863400107807,0.522,145,0.8234421364985163,0.23670212765957446,0.3416266086946994,674,376,0.8599221789883269,0.16153846153846155,0.3422020743839975,257,130,0.813953488372093,0.20833333333333334,0.4024005676073614,43,24,0.8461538461538461,0.13333333333333333,0.28387877795190025,26,15
10,1.0,1.0,Two-path biologically constrained latent SCM,0.836,0.4510258023764279,0.19310344827586207,0.1235242275801508,0.0731664737407248,0.34305795586101784,0.529,145,0.8264094955489614,0.22872340425531915,0.3421996273712863,674,376,0.8560311284046692,0.2,0.3405277304210263,257,130,0.813953488372093,0.20833333333333334,0.4072043279775965,43,24,0.9230769230769231,0.13333333333333333,0.2842305458280928,26,15
10,1.0,1.0,Two-path latent SCM (counterfactual query),0.845,0.4755787691820674,0.16551724137931034,0.13704984962804798,0.107331669532806,0.12949980696222324,0.506,145,0.8367952522255193,0.19680851063829788,0.1287076435559912,674,376,0.8638132295719845,0.16923076923076924,0.13115672124953787,257,130,0.813953488372093,0.20833333333333334,0.1511726450903321,43,24,0.9230769230769231,0.13333333333333333,0.09781361944114002,26,15
11,1.0,1.0,Associative latent class model,0.728,0.20714288764956415,0.5131578947368421,0.20059476765682355,0.14346958190114226,0.3034519618945049,0.44,152,0.7215384615384616,0.054838709677419356,0.3089143528727411,650,310,0.7473684210526316,0.4928571428571429,0.285056415283476,285,140,0.7727272727272727,0.13636363636363635,0.36424721072745375,44,22,0.5714285714285714,0.75,0.25665128092497824,21,12
11,1.0,1.0,Renal-adjusted associative latent class model,0.79,0.33573563899551273,0.23026315789473684,0.14770848416198185,0.06997212458492001,0.33315944071276904,0.458,152,0.7646153846153846,0.11612903225806452,0.3300940491205193,650,310,0.8491228070175438,0.21428571428571427,0.33197659691265635,285,140,0.7954545454545454,0.22727272727272727,0.3604175114264075,44,22,0.7619047619047619,0.4166666666666667,0.38698134102678483,21,12
11,1.0,1.0,Two-nuisance adjusted associative latent model,0.793,0.3427387150299385,0.25,0.14666896059899373,0.06204684184618692,0.3322871453744755,0.475,152,0.7723076923076924,0.13870967741935483,0.33155545374577244,650,310,0.8421052631578947,0.25,0.3262882330776821,285,140,0.8181818181818182,0.09090909090909091,0.345176935995442,44,22,0.7142857142857143,0.25,0.4093413727992673,21,12
11,1.0,1.0,Two-path biologically constrained latent SCM,0.793,0.34273870137366896,0.18421052631578946,0.14073948095457642,0.06279163223955357,0.3399271638801927,0.471,152,0.7738461538461539,0.15806451612903225,0.3368318169752692,650,310,0.8385964912280702,0.18571428571428572,0.3388855974924443,285,140,0.7954545454545454,0.18181818181818182,0.3575161560660149,44,22,0.7619047619047619,0.16666666666666666,0.41301793781030627,21,12
11,1.0,1.0,Two-path latent SCM (counterfactual query),0.799,0.35696096894030704,0.16447368421052633,0.16085714770959497,0.13370316964794268,0.14290292959497072,0.489,152,0.7815384615384615,0.1870967741935484,0.14552862751764148,650,310,0.8385964912280702,0.16428571428571428,0.13805185200690942,285,140,0.8181818181818182,0.18181818181818182,0.1120983051633142,44,22,0.7619047619047619,0.16666666666666666,0.19201040282612972,21,12
12,1.0,1.0,Associative latent class model,0.726,0.20352540949300096,0.5121951219512195,0.20555515634912772,0.14768571168263805,0.31604652047467585,0.415,164,0.7255813953488373,0.043343653250773995,0.31896226310313386,645,323,0.7128378378378378,0.512987012987013,0.31351317968503434,296,154,0.8292682926829268,0.0,0.27371204350595707,41,20,0.7222222222222222,0.5,0.34965365570222473,18,10
12,1.0,1.0,Renal-adjusted associative latent class model,0.843,0.47007099438813627,0.10975609756097561,0.11471329446912824,0.053358695246000225,0.3825530257694933,0.444,164,0.8465116279069768,0.1021671826625387,0.3854933203019025,645,323,0.8243243243243243,0.1038961038961039,0.38445203664174077,296,154,0.9024390243902439,0.15,0.3312785944426923,41,20,0.8888888888888888,0.2,0.3627560531478097,18,10
12,1.0,1.0,Two-nuisance adjusted associative latent model,0.842,0.46732847111559916,0.08536585365853659,0.11422622649710742,0.04682833380939052,0.37894815461973075,0.443,164,0.8449612403100775,0.1238390092879257,0.3823734930076506,645,323,0.8277027027027027,0.08441558441558442,0.3789756164135154,296,154,0.8780487804878049,0.0,0.32999016275547305,41,20,0.8888888888888888,0.1,0.3672706943567335,18,10
12,1.0,1.0,Two-path biologically constrained latent SCM,0.845,0.47558008088255427,0.08536585365853659,0.11456315691820648,0.04924871041071448,0.3771457276684139,0.446,164,0.8449612403100775,0.12074303405572756,0.3803959547684145,645,323,0.8344594594594594,0.08441558441558442,0.37751545743910436,296,154,0.9024390243902439,0.05,0.3277213136378705,41,20,0.8888888888888888,0.1,0.36717708786994435,18,10
12,1.0,1.0,Two-path latent SCM (counterfactual query),0.853,0.4979358656735591,0.10365853658536585,0.12505705468447445,0.09730590224736319,0.1313926182597519,0.462,164,0.8465116279069768,0.1238390092879257,0.12916375175711636,645,323,0.8547297297297297,0.1038961038961039,0.14000048416702518,296,154,0.9024390243902439,0.05,0.11348350831340198,41,20,0.9444444444444444,0.1,0.1105017345623836,18,10
13,1.0,1.0,Associative latent class model,0.702,0.16238200723803367,0.7021276595744681,0.20289770068777244,0.14377065270213743,0.35072072807436655,0.457,141,0.7193798449612403,0.0634441087613293,0.37346922522832804,645,331,0.6758620689655173,0.6793893129770993,0.28555139927779616,290,131,0.723404255319149,0.15789473684210525,0.457133739886913,47,19,0.4444444444444444,1.0,0.30766034649162094,18,10
13,1.0,1.0,Renal-adjusted associative latent class model,0.835,0.4483508683232772,0.19148936170212766,0.12219228064288012,0.03053114405012878,0.3909957357176893,0.544,141,0.8263565891472868,0.18731117824773413,0.39670649321435286,645,331,0.8793103448275862,0.17557251908396945,0.3753461981426897,290,131,0.7021276595744681,0.5789473684210527,0.38160312320678,47,19,0.7777777777777778,0.4,0.4630168523518343,18,10
13,1.0,1.0,Two-nuisance adjusted associative latent model,0.831,0.43768306201850526,0.18439716312056736,0.12111814495975995,0.02308490661657154,0.3903284205472359,0.534,141,0.8263565891472868,0.1903323262839879,0.3933473224410714,645,331,0.8724137931034482,0.17557251908396945,0.3740133210402516,290,131,0.6808510638297872,0.42105263157894735,0.4209456748085693,47,19,0.7222222222222222,0.3,0.46506043083717075,18,10
13,1.0,1.0,Two-path biologically constrained latent SCM,0.835,0.4483499117518752,0.14893617021276595,0.12167872230178257,0.02672352372826438,0.3897422315522477,0.536,141,0.8294573643410853,0.19939577039274925,0.3921939532333493,645,331,0.8793103448275862,0.13740458015267176,0.3759751409184094,290,131,0.6808510638297872,0.47368421052631576,0.4130738267689607,47,19,0.7222222222222222,0.3,0.46277061068097264,18,10
13,1.0,1.0,Two-path latent SCM (counterfactual query),0.835,0.44834898507016596,0.12056737588652482,0.14366029758827575,0.11334249134150057,0.11959764063473864,0.526,141,0.8294573643410853,0.19637462235649547,0.11929522402899864,645,331,0.8724137931034482,0.12213740458015267,0.11396863005323399,290,131,0.6808510638297872,0.47368421052631576,0.14327183278009617,47,19,0.8333333333333334,0.1,0.1593079044406747,18,10
14,1.0,1.0,Associative latent class model,0.705,0.16728878792104396,0.5918367346938775,0.21207805418128492,0.1585586962347365,0.3367663935541012,0.418,147,0.702954898911353,0.0547112462006079,0.3383242037275049,643,329,0.708029197080292,0.5681818181818182,0.3342996512656137,274,132,0.7857142857142857,0.08,0.3634798932027422,56,25,0.5555555555555556,0.8,0.2692945218956995,27,15
14,1.0,1.0,Renal-adjusted associative latent class model,0.821,0.4115795359266967,0.19727891156462585,0.12901697578979396,0.0376265465702839,0.39319904746581796,0.456,147,0.8133748055987559,0.1094224924012158,0.39379014322580885,643,329,0.8394160583941606,0.16666666666666666,0.39934737476674476,274,132,0.8571428571428571,0.12,0.36016716807077165,56,25,0.7407407407407407,0.4666666666666667,0.3852386397619106,27,15
14,1.0,1.0,Two-nuisance adjusted associative latent model,0.827,0.4271466053875268,0.1836734693877551,0.12775640939914473,0.034604294909171544,0.39092065671018034,0.458,147,0.8211508553654744,0.1094224924012158,0.3913682301366384,643,329,0.8467153284671532,0.16666666666666666,0.39572988875846643,274,132,0.8214285714285714,0.12,0.3630561589089231,56,25,0.7777777777777778,0.3333333333333333,0.38925001161489975,27,15
14,1.0,1.0,Two-path biologically constrained latent SCM,0.826,0.4245298862122419,0.14285714285714285,0.12639249450664405,0.02817018181087566,0.3914125395475073,0.471,147,0.8211508553654744,0.14893617021276595,0.39367547513952644,643,329,0.8394160583941606,0.12878787878787878,0.3926458400722429,274,132,0.8214285714285714,0.12,0.3626549791720963,56,25,0.8148148148148148,0.26666666666666666,0.38465074145777534,27,15
14,1.0,1.0,Two-path latent SCM (counterfactual query),0.823,0.41673424618311616,0.1360544217687075,0.1477373704263671,0.1154383340112162,0.13606506950800396,0.47,147,0.8227060653188181,0.15501519756838905,0.15017883785732006,643,329,0.8248175182481752,0.12121212121212122,0.12169622828159049,274,132,0.8214285714285714,0.12,0.05409779350340399,56,25,0.8148148148148148,0.26666666666666666,0.1157716214963229,27,15
15,1.0,1.0,Associative latent class model,0.735,0.22011966793376617,0.7132867132867133,0.1883316733935477,0.11966431187290688,0.3337562504948951,0.494,143,0.7723823975720789,0.06481481481481481,0.3491850369822681,659,324,0.6455223880597015,0.7014925373134329,0.28631792615179685,268,134,0.7777777777777778,0.08333333333333333,0.4168585161079093,54,24,0.5789473684210527,0.8888888888888888,0.23156563395114443,19,9
15,1.0,1.0,Renal-adjusted associative latent class model,0.804,0.36904803399582625,0.04895104895104895,0.14295186450226638,0.10128462653861141,0.35837810997144953,0.405,143,0.8209408194233687,0.10185185185185185,0.3633095954412408,659,324,0.7723880597014925,0.029850746268656716,0.33477054149542945,268,134,0.7962962962962963,0.25,0.41954749964453913,54,24,0.6842105263157895,0.3333333333333333,0.3464745512679787,19,9
15,1.0,1.0,Two-nuisance adjusted associative latent model,0.828,0.4297670620193529,0.15384615384615385,0.12439444198832007,0.039359716286851115,0.3713903083607624,0.467,143,0.8330804248861912,0.12345679012345678,0.3701990427224574,659,324,0.835820895522388,0.1417910447761194,0.3668063951678053,268,134,0.7777777777777778,0.125,0.41908802662335665,54,24,0.6842105263157895,0.3333333333333333,0.3418037823173654,19,9
15,1.0,1.0,Two-path biologically constrained latent SCM,0.823,0.41673438573621785,0.18181818181818182,0.12475031233590544,0.03718206757210382,0.37016410950939305,0.464,143,0.8285280728376327,0.11419753086419752,0.36862469224277405,659,324,0.8246268656716418,0.17164179104477612,0.3660990697664035,268,134,0.7962962962962963,0.125,0.4209391940260559,54,24,0.6842105263157895,0.3333333333333333,0.3365879024527215,19,9
15,1.0,1.0,Two-path latent SCM (counterfactual query),0.827,0.42714397196740456,0.16083916083916083,0.14360554303690815,0.11698282594903686,0.1282364802211431,0.472,143,0.8300455235204856,0.12962962962962962,0.12677981976302738,659,324,0.832089552238806,0.14925373134328357,0.13298108530121935,268,134,0.8148148148148148,0.125,0.15808392298199087,54,24,0.6842105263157895,0.3333333333333333,0.02700612081861904,19,9
16,1.0,1.0,Associative latent class model,0.722,0.19636582063368413,0.47297297297297297,0.1938895995648106,0.14383088575192454,0.32462400465615604,0.396,148,0.7168674698795181,0.0486322188449848,0.3242038743802016,664,329,0.7216117216117216,0.4785714285714286,0.31924019301519907,273,140,0.7659574468085106,0.0,0.36729659025972156,47,21,0.8125,0.375,0.3085699770216187,16,8
16,1.0,1.0,Renal-adjusted associative latent class model,0.81,0.3838028609317266,0.1554054054054054,0.1337417772931397,0.08462831290910153,0.34397787607248026,0.41,148,0.7966867469879518,0.0790273556231003,0.34433741168525484,664,329,0.8095238095238095,0.15714285714285714,0.3373985375181475,273,140,0.9574468085106383,0.0,0.37884390544950536,47,21,0.9375,0.125,0.3388981509306243,16,8
16,1.0,1.0,Two-nuisance adjusted associative latent model,0.809,0.38132402243929253,0.12837837837837837,0.13107394942086067,0.08233188573617317,0.34587597071282905,0.411,148,0.8087349397590361,0.09422492401215805,0.34916096631952026,664,329,0.8021978021978022,0.1357142857142857,0.33587910880602895,273,140,0.8085106382978723,0.0,0.36405272666091176,47,21,0.9375,0.0,0.3267258887224249,16,8
16,1.0,1.0,Two-path biologically constrained latent SCM,0.81,0.38380199580256114,0.12162162162162163,0.1303017677202975,0.08307324920725992,0.3467275417488404,0.412,148,0.8102409638554217,0.0972644376899696,0.35017038459375394,664,329,0.7948717948717948,0.12857142857142856,0.3355394360213029,273,140,0.851063829787234,0.0,0.36993204975293076,47,21,0.9375,0.0,0.32658337539902194,16,8
16,1.0,1.0,Two-path latent SCM (counterfactual query),0.828,0.4297732996070953,0.12837837837837837,0.14303422539868244,0.12732307945763066,0.13185782002371726,0.44,148,0.8313253012048193,0.1094224924012158,0.13390423803987625,664,329,0.8021978021978022,0.1357142857142857,0.12401481748047892,273,140,0.8936170212765957,0.0,0.14566263255127093,47,21,0.9375,0.0,0.140201066447434,16,8
17,1.0,1.0,Associative latent class model,0.742,0.23348913280883818,0.7028985507246377,0.1848045702708219,0.12085591925914463,0.3281737455038649,0.505,138,0.776255707762557,0.08256880733944955,0.34422968466554427,657,327,0.6628787878787878,0.688,0.2842693505320488,264,125,0.8070175438596491,0.08333333333333333,0.3740835738177172,57,24,0.5,0.8461538461538461,0.2565895650241621,22,13
17,1.0,1.0,Renal-adjusted associative latent class model,0.826,0.4245282321804703,0.15942028985507245,0.1268410728878522,0.03778846623998994,0.3656975122171266,0.501,138,0.8280060882800608,0.1559633027522936,0.3641596810059079,657,327,0.8181818181818182,0.152,0.36697617520126863,264,125,0.8245614035087719,0.375,0.3650763053205028,57,24,0.8636363636363636,0.23076923076923078,0.3978882790837066,22,13
17,1.0,1.0,Two-nuisance adjusted associative latent model,0.824,0.4193232933003894,0.13768115942028986,0.12697720005877403,0.04315027284368526,0.3593146391925703,0.485,138,0.8310502283105022,0.15902140672782875,0.35545839201041557,657,327,0.8106060606060606,0.144,0.35739595325201334,264,125,0.7894736842105263,0.16666666666666666,0.40053927824552427,57,24,0.8636363636363636,0.07692307692307693,0.39069114196367294,22,13
17,1.0,1.0,Two-path biologically constrained latent SCM,0.824,0.419323168404951,0.18840579710144928,0.12542960731305589,0.04157504599949742,0.36201336951851737,0.489,138,0.8264840182648402,0.14678899082568808,0.3571337608676941,657,327,0.821969696969697,0.184,0.36179508340690536,264,125,0.7894736842105263,0.125,0.40414782738688626,57,24,0.8636363636363636,0.23076923076923078,0.4011891112712192,22,13
17,1.0,1.0,Two-path latent SCM (counterfactual query),0.83,0.4350348001818409,0.15942028985507245,0.14202588333983227,0.11744927164879804,0.12395126591218299,0.493,138,0.8295281582952816,0.1559633027522936,0.11433828594090033,657,327,0.8295454545454546,0.16,0.12164982147080125,264,125,0.8070175438596491,0.125,0.22419708363389518,57,24,0.9090909090909091,0.15384615384615385,0.1789193369812692,22,13
18,1.0,1.0,Associative latent class model,0.715,0.18408392515229444,0.7748344370860927,0.20911265392816153,0.14175516060103094,0.32913931056860657,0.505,151,0.749613601236476,0.06230529595015576,0.36202335092191323,647,321,0.6306620209059234,0.7737226277372263,0.26473040049021734,287,137,0.8421052631578947,0.07142857142857142,0.3160438996150408,38,14,0.6071428571428571,0.7857142857142857,0.24724676414516944,28,14
18,1.0,1.0,Renal-adjusted associative latent class model,0.807,0.37637282534270444,0.19205298013245034,0.13087985349678485,0.04173731659004197,0.38123854966534887,0.467,151,0.8191653786707882,0.1277258566978193,0.3823767877752429,647,321,0.7665505226480837,0.1678832116788321,0.4012704902548988,287,137,0.9210526315789473,0.21428571428571427,0.29514761146391694,38,14,0.7857142857142857,0.42857142857142855,0.26644742985649594,28,14
18,1.0,1.0,Two-nuisance adjusted associative latent model,0.799,0.35696098267220444,0.17880794701986755,0.13304382502059195,0.03821210289464831,0.38054534002348683,0.483,151,0.8176197836166924,0.17757009345794392,0.3783400771302778,647,321,0.7630662020905923,0.1678832116788321,0.39484782051550216,287,137,0.8157894736842105,0.07142857142857142,0.3282990178909526,38,14,0.7142857142857143,0.2857142857142857,0.35580796258542113,28,14
18,1.0,1.0,Two-path biologically constrained latent SCM,0.8,0.359359329409759,0.2119205298013245,0.13084878897456062,0.03543855932812134,0.3816337485551959,0.486,151,0.8207109737248841,0.16510903426791276,0.37898143753233227,647,321,0.7560975609756098,0.20437956204379562,0.3991154821311485,287,137,0.8421052631578947,0.07142857142857142,0.3266953697665664,38,14,0.7142857142857143,0.2857142857142857,0.3382925374645653,28,14
18,1.0,1.0,Two-path latent SCM (counterfactual query),0.806,0.3739179211700284,0.23178807947019867,0.15807741110232237,0.12645469956193378,0.13806096987499036,0.516,151,0.8238021638330757,0.19314641744548286,0.13647454723067426,647,321,0.7665505226480837,0.22627737226277372,0.15247965383044543,287,137,0.8421052631578947,0.07142857142857142,0.08266053269598271,38,14,0.75,0.2857142857142857,0.10211346160567662,28,14
19,1.0,1.0,Associative latent class model,0.745,0.2393388838577486,0.7021276595744681,0.18025537462184116,0.11463325124740714,0.32438795681371496,0.49,141,0.7890044576523031,0.05952380952380952,0.3301655520351504,673,336,0.6423076923076924,0.6846153846153846,0.30161805705452716,260,130,0.7777777777777778,0.13636363636363635,0.3902795826018337,45,22,0.5454545454545454,0.9090909090909091,0.2819665564908713,22,11
19,1.0,1.0,Renal-adjusted associative latent class model,0.824,0.4193235806267217,0.3191489361702128,0.12020378805944176,0.040623810439680455,0.3553392923804049,0.519,141,0.8424962852897474,0.13690476190476192,0.343484521380733,673,336,0.7807692307692308,0.3153846153846154,0.3840812470425972,260,130,0.8,0.2727272727272727,0.382452841545303,45,22,0.8181818181818182,0.36363636363636365,0.32285033593443796,22,11
19,1.0,1.0,Two-nuisance adjusted associative latent model,0.833,0.44299933252932505,0.3262411347517731,0.11823335208931103,0.02720154623480861,0.352403824325558,0.52,141,0.8543833580980683,0.12797619047619047,0.3409160767424357,673,336,0.7807692307692308,0.3230769230769231,0.38013186788030584,260,130,0.8222222222222222,0.18181818181818182,0.37560803125457964,45,22,0.8181818181818182,0.36363636363636365,0.32866625557105383,22,11
19,1.0,1.0,Two-path biologically constrained latent SCM,0.842,0.46732327016245245,0.2127659574468085,0.11515456082426001,0.02143038478962853,0.3562641357934285,0.515,141,0.849925705794948,0.15476190476190477,0.3437454105269726,673,336,0.823076923076923,0.2153846153846154,0.3853619715885882,260,130,0.8,0.18181818181818182,0.37228003331745957,45,22,0.9090909090909091,0.18181818181818182,0.36258001802079065,22,11
19,1.0,1.0,Two-path latent SCM (counterfactual query),0.844,0.4728163433028325,0.1702127659574468,0.12971789997088404,0.09867531761757539,0.12201338754111724,0.505,141,0.849925705794948,0.15476190476190477,0.11292264734170114,673,336,0.8307692307692308,0.16923076923076924,0.13983990730010235,260,130,0.8,0.18181818181818182,0.15203761339096783,45,22,0.9090909090909091,0.18181818181818182,0.12801715361510055,22,11
0,1.0,1.5,Associative latent class model,0.682,0.13167927047621644,0.5303030303030303,0.22386475382991045,0.19354716493877155,0.31733539897595897,0.351,132,0.6671490593342981,0.024096385542168676,0.31237639886321716,691,332,0.712,0.5121951219512195,0.3352309119808159,250,123,0.7857142857142857,0.07407407407407407,0.2950854590650752,42,27,0.5882352941176471,0.7777777777777778,0.3107052991493399,17,9
0,1.0,1.5,Renal-adjusted associative latent class model,0.823,0.4167351253179173,0.17424242424242425,0.1278856542031307,0.051399841569104585,0.37525582065066077,0.458,132,0.8219971056439942,0.0963855421686747,0.3734855597269273,691,332,0.84,0.16260162601626016,0.37883052701765313,250,123,0.7619047619047619,0.2962962962962963,0.3685308401032111,42,27,0.7647058823529411,0.3333333333333333,0.41125716709446136,17,9
0,1.0,1.5,Two-nuisance adjusted associative latent model,0.832,0.4403378147851406,0.1590909090909091,0.12124298079606902,0.04446421549410023,0.3725763201970701,0.465,132,0.829232995658466,0.10843373493975904,0.37262005134328285,691,332,0.844,0.16260162601626016,0.37517592750553297,250,123,0.8095238095238095,0.18518518518518517,0.3515059135583457,42,27,0.8235294117647058,0.1111111111111111,0.38462555723693626,17,9
0,1.0,1.5,Two-path biologically constrained latent SCM,0.839,0.45914362086517113,0.12878787878787878,0.11783149709120863,0.03595336582655093,0.37697121586116333,0.476,132,0.8437047756874095,0.12650602409638553,0.3783979751248547,691,332,0.832,0.13008130081300814,0.3775376753592238,250,123,0.8095238095238095,0.18518518518518517,0.35632260701233076,42,27,0.8235294117647058,0.1111111111111111,0.3616615715038188,17,9
0,1.0,1.5,Two-path latent SCM (counterfactual query),0.834,0.44566963212187877,0.12878787878787878,0.13764461216937854,0.109414221484156,0.12562735032375696,0.485,132,0.8350217076700435,0.14759036144578314,0.12648304850449874,691,332,0.836,0.13008130081300814,0.11854228292540785,250,123,0.8095238095238095,0.18518518518518517,0.17558206489507802,42,27,0.8235294117647058,0.1111111111111111,0.07162037354135747,17,9
1,1.0,1.5,Associative latent class model,0.712,0.1789674085227781,0.6571428571428571,0.20331742403404024,0.12544748316420237,0.36340485384801263,0.436,140,0.7319277108433735,0.05454545454545454,0.3747383114783926,664,330,0.6628352490421456,0.6461538461538462,0.326562593486438,261,130,0.7586206896551724,0.03571428571428571,0.41441956041471584,58,28,0.5294117647058824,0.8,0.31232021307918195,17,10
1,1.0,1.5,Renal-adjusted associative latent class model,0.81,0.3837866855306089,0.17142857142857143,0.12768420179599535,0.04662583631846305,0.3857371343614234,0.462,140,0.7951807228915663,0.1303030303030303,0.38923595420031043,664,330,0.8352490421455939,0.16923076923076924,0.38712086357713577,261,130,0.8448275862068966,0.2857142857142857,0.36656655319956033,58,28,0.8823529411764706,0.2,0.2932385466594317,17,10
1,1.0,1.5,Two-nuisance adjusted associative latent model,0.806,0.3739201550005907,0.2,0.1257647948355633,0.048826305647983556,0.375666957411983,0.466,140,0.7951807228915663,0.1484848484848485,0.3817260119748169,664,330,0.8237547892720306,0.2153846153846154,0.37445628873090436,261,130,0.7931034482758621,0.07142857142857142,0.3485281460308468,58,28,1.0,0.0,0.25018597836173245,17,10
1,1.0,1.5,Two-path biologically constrained latent SCM,0.813,0.3912681675551274,0.12142857142857143,0.1231256826438985,0.0409318026506706,0.3786480672770252,0.475,140,0.8012048192771084,0.18181818181818182,0.38298776201647944,664,330,0.8275862068965517,0.13076923076923078,0.3797142927646793,261,130,0.8275862068965517,0.10714285714285714,0.3616631312606335,58,28,1.0,0.0,0.2507236043167552,17,10
1,1.0,1.5,Two-path latent SCM (counterfactual query),0.822,0.41414972039241815,0.17142857142857143,0.14684909138000676,0.11998285594715018,0.12413168029726253,0.508,140,0.8102409638554217,0.19696969696969696,0.1297240530905543,664,330,0.8390804597701149,0.17692307692307693,0.12312263617110941,261,130,0.8448275862068966,0.10714285714285714,0.10103277593922236,58,28,0.9411764705882353,0.1,0.0,17,10
2,1.0,1.5,Associative latent class model,0.738,0.22574381829545445,0.6346153846153846,0.18700986071213332,0.11815848692051503,0.33114405663349394,0.429,156,0.76049766718507,0.03672316384180791,0.33734080250371307,643,354,0.6713286713286714,0.6293706293706294,0.3197339773230443,286,143,0.8888888888888888,0.04,0.3816322481979924,45,25,0.6538461538461539,0.6923076923076923,0.21602122847331012,26,13
2,1.0,1.5,Renal-adjusted associative latent class model,0.764,0.2778652129472795,0.2948717948717949,0.16393632144855158,0.15220871920515294,0.38157408194080084,0.633,156,0.7651632970451011,0.3898305084745763,0.38798851165246073,643,354,0.7902097902097902,0.2727272727272727,0.38986460863060757,286,143,0.6,0.72,0.31171253305433116,45,25,0.7307692307692307,0.5384615384615384,0.25265872663345856,26,13
2,1.0,1.5,Two-nuisance adjusted associative latent model,0.777,0.30610306285532485,0.3269230769230769,0.1520034023632152,0.13084985730433463,0.37895442597587886,0.606,156,0.776049766718507,0.3474576271186441,0.3832724756655188,643,354,0.7762237762237763,0.32867132867132864,0.37694955399171437,286,143,0.7555555555555555,0.32,0.37552207222118406,45,25,0.8461538461538461,0.3076923076923077,0.3001599396679482,26,13
2,1.0,1.5,Two-path biologically constrained latent SCM,0.783,0.31958831417527345,0.391025641025641,0.15070675172747303,0.1274190995116335,0.3795598917368529,0.592,156,0.7931570762052877,0.2909604519774011,0.38977995559387385,643,354,0.7622377622377622,0.3916083916083916,0.367023254558634,286,143,0.7555555555555555,0.32,0.3759527027037021,45,25,0.8076923076923077,0.38461538461538464,0.270956071713695,26,13
2,1.0,1.5,Two-path latent SCM (counterfactual query),0.8,0.359329325929449,0.32051282051282054,0.1671637560971768,0.15117286006157488,0.13607238133660587,0.557,156,0.807153965785381,0.2514124293785311,0.140226663057085,643,354,0.7832167832167832,0.32167832167832167,0.13370754315243036,286,143,0.7777777777777778,0.28,0.13139692435398617,45,25,0.8461538461538461,0.3076923076923077,0.06743915589906625,26,13
3,1.0,1.5,Associative latent class model,0.698,0.15596783931049107,0.7890625,0.20300445744906878,0.15210601418325675,0.36339350374064056,0.457,128,0.7174887892376681,0.04923076923076923,0.3928593351708764,669,325,0.6384615384615384,0.7796610169491526,0.29437568440949113,260,118,0.7916666666666666,0.07692307692307693,0.39533486773760146,48,26,0.6086956521739131,0.9,0.2198633440631154,23,10
3,1.0,1.5,Renal-adjusted associative latent class model,0.8,0.35934881494470877,0.0390625,0.13703597004117338,0.08386141143509446,0.40683478068633144,0.425,128,0.8251121076233184,0.12,0.40544777803350557,669,325,0.7230769230769231,0.0423728813559322,0.4089709420784547,260,118,0.8125,0.3076923076923077,0.37860671743306207,48,26,0.9130434782608695,0.0,0.48194129585787077,23,10
3,1.0,1.5,Two-nuisance adjusted associative latent model,0.81,0.38377578498908177,0.0390625,0.13335584525334337,0.07749744565188646,0.4019325829396042,0.433,128,0.8385650224215246,0.12923076923076923,0.39928615013667307,669,325,0.7423076923076923,0.0423728813559322,0.41062193706730143,260,118,0.8333333333333334,0.15384615384615385,0.3773050592379481,48,26,0.6956521739130435,0.0,0.43207834857609023,23,10
3,1.0,1.5,Two-path biologically constrained latent SCM,0.807,0.37636000922560436,0.046875,0.13303170399398054,0.0940564842728274,0.4049353332495034,0.418,128,0.820627802690583,0.11384615384615385,0.3997891268497248,669,325,0.7653846153846153,0.05084745762711865,0.41866727677363236,260,118,0.8541666666666666,0.07692307692307693,0.37749676295685447,48,26,0.782608695652174,0.0,0.4566552523462639,23,10
3,1.0,1.5,Two-path latent SCM (counterfactual query),0.824,0.4193228272323437,0.125,0.1430940670008701,0.12301372666813915,0.12263075550362487,0.477,128,0.8325859491778774,0.14153846153846153,0.11346934195426822,669,325,0.7961538461538461,0.13559322033898305,0.14619238362859302,260,118,0.8541666666666666,0.15384615384615385,0.1077763027360028,48,26,0.8260869565217391,0.0,0.15376015049813518,23,10
4,1.0,1.5,Associative latent class model,0.766,0.28230710564567474,0.5534591194968553,0.1671745274157969,0.08087942763281056,0.3602128229409006,0.499,159,0.7859375,0.10914454277286136,0.37080968143002807,640,339,0.7198581560283688,0.5306122448979592,0.33488650372534856,282,147,0.8571428571428571,0.12,0.3962768953566935,56,25,0.5454545454545454,0.8333333333333334,0.28477848341634354,22,12
4,1.0,1.5,Renal-adjusted associative latent class model,0.816,0.3988232772685984,0.18867924528301888,0.13053766898843935,0.03529967430218521,0.3676441886264836,0.491,159,0.8046875,0.18289085545722714,0.3711769880650751,640,339,0.8368794326241135,0.1836734693877551,0.36740305491224556,282,147,0.8214285714285714,0.28,0.3338198651110718,56,25,0.8636363636363636,0.25,0.3540610151528321,22,12
4,1.0,1.5,Two-nuisance adjusted associative latent model,0.823,0.4167331240705171,0.18238993710691823,0.12744188472054685,0.030408697231991935,0.36144425709850475,0.49,159,0.809375,0.17699115044247787,0.36524895448410594,640,339,0.8439716312056738,0.1836734693877551,0.3595654382748054,282,147,0.8392857142857143,0.24,0.33140273735229436,56,25,0.9090909090909091,0.16666666666666666,0.35131451561151317,22,12
4,1.0,1.5,Two-path biologically constrained latent SCM,0.822,0.4141505930095924,0.1761006289308176,0.1267233118693983,0.03236736472090494,0.3611134665194503,0.491,159,0.80625,0.1887905604719764,0.36479941048706593,640,339,0.8439716312056738,0.17687074829931973,0.35917905251005255,282,147,0.8571428571428571,0.16,0.33222198442986123,56,25,0.9090909090909091,0.16666666666666666,0.35222363053732053,22,12
4,1.0,1.5,Two-path latent SCM (counterfactual query),0.823,0.41673253967256574,0.18867924528301888,0.14746034324145854,0.11722888614505567,0.13714255779254944,0.482,159,0.809375,0.168141592920354,0.14216450029702082,640,339,0.8404255319148937,0.19047619047619047,0.1312049539076686,282,147,0.8571428571428571,0.16,0.12448496756309717,56,25,0.9090909090909091,0.16666666666666666,0.09937829168000425,22,12
5,1.0,1.5,Associative latent class model,0.747,0.2432803984346027,0.6304347826086957,0.17888224620759957,0.1183852332691296,0.3260857485483554,0.502,138,0.7637195121951219,0.08227848101265822,0.3439212482957383,656,316,0.6923076923076923,0.6240601503759399,0.2817041826176682,273,133,0.8076923076923077,0.09523809523809523,0.38396086301894833,52,21,0.7894736842105263,0.8,0.1895896281443339,19,5
5,1.0,1.5,Renal-adjusted associative latent class model,0.823,0.41673045342516524,0.30434782608695654,0.12346037558766368,0.024985166259199134,0.3697366877986221,0.53,138,0.8338414634146342,0.12974683544303797,0.36999091386919253,656,316,0.8058608058608059,0.2857142857142857,0.3782252383166601,273,133,0.8269230769230769,0.38095238095238093,0.36261120740942665,52,21,0.6842105263157895,0.8,0.2584934449838651,19,5
5,1.0,1.5,Two-nuisance adjusted associative latent model,0.826,0.42452930697006874,0.2753623188405797,0.12469628337876125,0.03802635552560267,0.3640627147887717,0.505,138,0.8414634146341463,0.11392405063291139,0.3611328573786777,656,316,0.8058608058608059,0.2631578947368421,0.369410161917994,273,133,0.8076923076923077,0.14285714285714285,0.3917731291361298,52,21,0.631578947368421,0.6,0.3125464962983194,19,5
5,1.0,1.5,Two-path biologically constrained latent SCM,0.826,0.42452936232583144,0.2246376811594203,0.12373817105333153,0.03825487016419479,0.3665567479846142,0.503,138,0.8399390243902439,0.13291139240506328,0.3632238592550125,656,316,0.8058608058608059,0.21052631578947367,0.3727857080867756,273,133,0.8269230769230769,0.14285714285714285,0.39132259341598213,52,21,0.631578947368421,0.6,0.3243485867371139,19,5
5,1.0,1.5,Two-path latent SCM (counterfactual query),0.828,0.42976620801076854,0.1956521739130435,0.13837009119710977,0.1071885858770061,0.13516752220744044,0.511,138,0.8429878048780488,0.1550632911392405,0.13501852635136588,656,316,0.7985347985347986,0.18796992481203006,0.14427130576226213,273,133,0.8461538461538461,0.14285714285714285,0.10629805680274777,52,21,0.6842105263157895,0.4,0.08851597337389343,19,5
6,1.0,1.5,Associative latent class model,0.741,0.23155544312560766,0.5634920634920635,0.17231081511769272,0.1125880348056694,0.3269109235067616,0.491,126,0.747093023255814,0.12462908011869436,0.3460224275017214,688,337,0.7182539682539683,0.5811965811965812,0.2644616996428903,252,117,0.7608695652173914,0.21739130434782608,0.3838023510509084,46,23,0.7857142857142857,0.3333333333333333,0.32487406623051135,14,9
6,1.0,1.5,Renal-adjusted associative latent class model,0.821,0.4115787904888701,0.1746031746031746,0.12317489960313192,0.050113538696763,0.3446147204239972,0.581,126,0.8183139534883721,0.26112759643916916,0.34703052244017024,688,337,0.8531746031746031,0.1623931623931624,0.3439173356366751,252,117,0.6956521739130435,0.5652173913043478,0.32098739671861687,46,23,0.7857142857142857,0.3333333333333333,0.3160808682615404,14,9
6,1.0,1.5,Two-nuisance adjusted associative latent model,0.824,0.41932709060436263,0.19047619047619047,0.1210536877540826,0.057518651587008814,0.3386435041519364,0.588,126,0.8183139534883721,0.27299703264094954,0.33937753276695615,688,337,0.8492063492063492,0.20512820512820512,0.33311575417576694,252,117,0.7391304347826086,0.391304347826087,0.37239933489355276,46,23,0.9285714285714286,0.0,0.2911587250624191,14,9
6,1.0,1.5,Two-path biologically constrained latent SCM,0.826,0.4245324393975387,0.1984126984126984,0.1210642493712163,0.05697936620272381,0.3378950931607348,0.59,126,0.8197674418604651,0.27002967359050445,0.3392865167233483,688,337,0.8492063492063492,0.21367521367521367,0.3307958827271351,252,117,0.7608695652173914,0.391304347826087,0.3688910299368672,46,23,0.9285714285714286,0.0,0.2954585593383717,14,9
6,1.0,1.5,Two-path latent SCM (counterfactual query),0.832,0.4403385893357657,0.18253968253968253,0.13956319798394115,0.1109770321186151,0.1330975132483377,0.57,126,0.8270348837209303,0.2403560830860534,0.13491939499707853,688,337,0.8571428571428571,0.19658119658119658,0.12737077133622648,252,117,0.7391304347826086,0.34782608695652173,0.12245606640388577,46,23,0.9285714285714286,0.0,0.1816111470742773,14,9
7,1.0,1.5,Associative latent class model,0.721,0.19455840678058658,0.7792207792207793,0.20139333490743666,0.12440819347465791,0.3460884458013516,0.547,154,0.7664576802507836,0.10163934426229508,0.38001797633297796,638,305,0.5959595959595959,0.7814569536423841,0.2750844682395717,297,151,0.8545454545454545,0.16,0.37188378057038757,55,25,0.8,0.6666666666666666,0.14832819023875582,10,3
7,1.0,1.5,Renal-adjusted associative latent class model,0.806,0.37391793201039636,0.2012987012987013,0.13274555763838733,0.03382527450961707,0.3904430674816436,0.496,154,0.8134796238244514,0.1540983606557377,0.38692027250997363,638,305,0.7845117845117845,0.1986754966887417,0.4074578772903987,297,151,0.8181818181818182,0.36,0.35601267331684616,55,25,0.9,0.3333333333333333,0.2992247032605489,10,3
7,1.0,1.5,Two-nuisance adjusted associative latent model,0.815,0.3962962898503441,0.16233766233766234,0.1300077897364009,0.03088587443796143,0.37248596373263315,0.481,154,0.8150470219435737,0.15081967213114755,0.36397802826333103,638,305,0.8047138047138047,0.16556291390728478,0.38740762997854306,297,151,0.8363636363636363,0.16,0.39063658085488534,55,25,1.0,0.0,0.3722903649981969,10,3
7,1.0,1.5,Two-path biologically constrained latent SCM,0.822,0.41415014169701436,0.12337662337662338,0.12983973702625737,0.036968564117436375,0.37207345102185185,0.48,154,0.8197492163009404,0.1540983606557377,0.36400021843668806,638,305,0.8215488215488216,0.12582781456953643,0.3856519644130964,297,151,0.8181818181818182,0.2,0.3904791165622265,55,25,1.0,0.0,0.3826326817632764,10,3
7,1.0,1.5,Two-path latent SCM (counterfactual query),0.827,0.4271431555416356,0.12337662337662338,0.14816477473794845,0.1267525416528736,0.12364082695093079,0.495,154,0.8275862068965517,0.17049180327868851,0.1163618683831028,638,305,0.8215488215488216,0.12582781456953643,0.13848644523289996,297,151,0.8181818181818182,0.2,0.13584108374103382,55,25,1.0,0.0,0.08002210825830425,10,3
8,1.0,1.5,Associative latent class model,0.672,0.1175718264446724,0.436241610738255,0.22403298614174655,0.18639112109130482,0.35356797600659945,0.313,149,0.6382660687593423,0.006134969325153374,0.3317681085696367,669,326,0.7490636704119851,0.43356643356643354,0.40944757530834214,267,143,0.68,0.09090909090909091,0.384329766636254,50,22,0.7857142857142857,0.5,0.21972288816945923,14,6
8,1.0,1.5,Renal-adjusted associative latent class model,0.838,0.45643207749927445,0.12080536912751678,0.11558307799300648,0.025394129116080796,0.4051229150793404,0.491,149,0.8325859491778774,0.15644171779141106,0.4143020561055747,669,326,0.846441947565543,0.1048951048951049,0.39457142245478544,267,143,0.88,0.2727272727272727,0.38116333500389343,50,22,0.7857142857142857,0.5,0.2532930713634644,14,6
8,1.0,1.5,Two-nuisance adjusted associative latent model,0.84,0.4618616934452309,0.10067114093959731,0.1127227184108061,0.030012293430261086,0.3938861755123943,0.513,149,0.8310911808669657,0.19938650306748465,0.4011496176384293,669,326,0.8651685393258427,0.0979020979020979,0.3818434438056439,267,143,0.8,0.22727272727272727,0.3835294437942163,50,22,0.9285714285714286,0.16666666666666666,0.31345783046195247,14,6
8,1.0,1.5,Two-path biologically constrained latent SCM,0.834,0.4456691363661432,0.12751677852348994,0.11223634076293706,0.03078357745292974,0.3953741885821913,0.501,149,0.8295964125560538,0.18098159509202455,0.4018253418428081,669,326,0.850187265917603,0.1258741258741259,0.38523711212786155,267,143,0.78,0.18181818181818182,0.38644572480908046,50,22,0.9285714285714286,0.16666666666666666,0.3123171221971141,14,6
8,1.0,1.5,Two-path latent SCM (counterfactual query),0.832,0.44033584979913176,0.12080536912751678,0.13479084574977054,0.1138663350683942,0.11325953878482002,0.495,149,0.8236173393124065,0.18098159509202455,0.11624341821279957,669,326,0.8539325842696629,0.11888111888111888,0.10397658845804268,267,143,0.8,0.13636363636363635,0.12141458879421453,50,22,0.9285714285714286,0.16666666666666666,0.11858667446064106,14,6
9,1.0,1.5,Associative latent class model,0.734,0.21824212839083715,0.6842105263157895,0.19461448026783779,0.12193063348658369,0.3442965216278355,0.458,133,0.7584683357879234,0.06983240223463687,0.35974385829420097,679,358,0.6653386454183267,0.6747967479674797,0.2984931986670738,251,123,0.7959183673469388,0.16,0.4198811951516831,49,25,0.6190476190476191,0.8,0.2159271627716667,21,10
9,1.0,1.5,Renal-adjusted associative latent class model,0.812,0.3887643446074309,0.09022556390977443,0.13134498114081944,0.06863657763967423,0.38231603327892105,0.414,133,0.8203240058910162,0.09776536312849161,0.37790634878176416,679,358,0.8047808764940239,0.06504065040650407,0.39963518501768547,251,123,0.7346938775510204,0.48,0.3791730463015685,49,25,0.8095238095238095,0.4,0.32522436894701295,21,10
9,1.0,1.5,Two-nuisance adjusted associative latent model,0.823,0.4167323602460012,0.08270676691729323,0.1243157737746878,0.061444285052421166,0.3781428295310869,0.417,133,0.833578792341679,0.11452513966480447,0.3703473615754644,679,358,0.796812749003984,0.07317073170731707,0.3910063137756192,251,123,0.8163265306122449,0.12,0.40480539975232377,49,25,0.8095238095238095,0.2,0.4142343655143965,21,10
9,1.0,1.5,Two-path biologically constrained latent SCM,0.814,0.3937772770941946,0.11278195488721804,0.12470465124927665,0.06967526563103421,0.37935869793684956,0.406,133,0.8159057437407953,0.1005586592178771,0.36877205133604185,679,358,0.8247011952191236,0.10569105691056911,0.40143034680899964,251,123,0.7346938775510204,0.12,0.402858690452409,49,25,0.8095238095238095,0.2,0.4030181999262022,21,10
9,1.0,1.5,Two-path latent SCM (counterfactual query),0.835,0.4483482634979843,0.18796992481203006,0.13767575462447273,0.10869279599050338,0.12868173031333588,0.457,133,0.8394698085419735,0.11173184357541899,0.11595247014969404,679,358,0.8326693227091634,0.17886178861788618,0.15321215867229862,251,123,0.8163265306122449,0.16,0.15855057011918866,49,25,0.7619047619047619,0.3,0.17737015805268624,21,10
10,1.0,1.5,Associative latent class model,0.737,0.22389997268836664,0.6482758620689655,0.19130232511843417,0.1190548255157881,0.31947600262410436,0.485,145,0.7633136094674556,0.11239193083573487,0.339234504013873,676,347,0.6412213740458015,0.6474820143884892,0.27673927889621847,262,139,0.8936170212765957,0.06666666666666667,0.28501292398942685,47,30,0.7333333333333333,0.6666666666666666,0.2834786274942601,15,6
10,1.0,1.5,Renal-adjusted associative latent class model,0.805,0.37147186996042575,0.35172413793103446,0.13346996158870025,0.03284199131227888,0.3616443427762064,0.491,145,0.8106508875739645,0.138328530259366,0.3696821054854307,676,347,0.7786259541984732,0.34532374100719426,0.3487296923076858,262,139,0.8936170212765957,0.16666666666666666,0.3426587947418474,47,30,0.7333333333333333,0.5,0.28447311537165026,15,6
10,1.0,1.5,Two-nuisance adjusted associative latent model,0.804,0.36903338809364844,0.3724137931034483,0.1322244213781067,0.03943478624413088,0.3542947407847904,0.51,145,0.8150887573964497,0.1642651296829971,0.3634378485003074,676,347,0.7709923664122137,0.3669064748201439,0.3418089847639922,262,139,0.851063829787234,0.1,0.30874596376183067,47,30,0.7333333333333333,0.5,0.3030493929073758,15,6
10,1.0,1.5,Two-path biologically constrained latent SCM,0.831,0.437682038193166,0.18620689655172415,0.12126737420901151,0.02821673024976468,0.36651806753279853,0.509,145,0.8210059171597633,0.2017291066282421,0.3734879697434689,676,347,0.8549618320610687,0.17985611510791366,0.35631926334555836,262,139,0.851063829787234,0.1,0.3100944609516685,47,30,0.8,0.3333333333333333,0.407340888329923,15,6
10,1.0,1.5,Two-path latent SCM (counterfactual query),0.83,0.43503542925536914,0.18620689655172415,0.1419914187949452,0.11599953554882492,0.1268234664116147,0.508,145,0.8210059171597633,0.2017291066282421,0.13660353493289623,676,347,0.851145038167939,0.17985611510791366,0.11203322809727996,262,139,0.851063829787234,0.1,0.05648925676349383,47,30,0.8,0.3333333333333333,0.16478506450701977,15,6
11,1.0,1.5,Associative latent class model,0.693,0.14817462292405903,0.5454545454545454,0.2218641256602715,0.1776383167770124,0.331738414634891,0.384,143,0.6849925705794948,0.03636363636363636,0.3341246629890164,673,330,0.7205882352941176,0.5328467153284672,0.313401373454401,272,137,0.6818181818181818,0.05555555555555555,0.4042618175556786,44,18,0.5454545454545454,0.8333333333333334,0.34907480829418697,11,6
11,1.0,1.5,Renal-adjusted associative latent class model,0.826,0.42453051025433325,0.1258741258741259,0.12178018395466117,0.024668017362750212,0.3925472159069178,0.539,143,0.826151560178306,0.21818181818181817,0.38979874443526247,673,330,0.8455882352941176,0.11678832116788321,0.3984637554985917,272,137,0.7045454545454546,0.6666666666666666,0.3812612150029453,44,18,0.8181818181818182,0.3333333333333333,0.4595478132945106,11,6
11,1.0,1.5,Two-nuisance adjusted associative latent model,0.843,0.4700669993419265,0.14685314685314685,0.11745984754810922,0.035146896985241996,0.38323690968495033,0.53,143,0.8380386329866271,0.19090909090909092,0.3772162200336275,673,330,0.8529411764705882,0.145985401459854,0.38698926380729426,272,137,0.8636363636363636,0.2777777777777778,0.4341011812191027,44,18,0.8181818181818182,0.16666666666666666,0.4553510793722239,11,6
11,1.0,1.5,Two-path biologically constrained latent SCM,0.84,0.46186272356220937,0.18181818181818182,0.11773773787890676,0.02718737586470312,0.38448256657423374,0.529,143,0.8380386329866271,0.18787878787878787,0.3781740709440212,673,330,0.8566176470588235,0.18248175182481752,0.38645243808737806,272,137,0.7954545454545454,0.1111111111111111,0.4542315464401154,44,18,0.7272727272727273,0.16666666666666666,0.4427423296159585,11,6
11,1.0,1.5,Two-path latent SCM (counterfactual query),0.845,0.47557549884782885,0.18181818181818182,0.13801500922439708,0.11027182840176991,0.12055342934204402,0.514,143,0.8439821693907875,0.1606060606060606,0.11517239598311192,673,330,0.8566176470588235,0.18248175182481752,0.12454780182620023,272,137,0.8181818181818182,0.05555555555555555,0.1778271667056719,44,18,0.7272727272727273,0.16666666666666666,0.1219099466939694,11,6
12,1.0,1.5,Associative latent class model,0.749,0.24726795011987396,0.7551020408163265,0.18238533756032466,0.09354405516492312,0.3559563649869999,0.58,147,0.8027950310559007,0.14153846153846153,0.39507291361634805,644,325,0.6539792387543253,0.7407407407407407,0.2651932451125702,289,135,0.717391304347826,0.2608695652173913,0.4364688823943644,46,23,0.47619047619047616,0.9166666666666666,0.22909486620943806,21,12
12,1.0,1.5,Renal-adjusted associative latent class model,0.808,0.3788562347720755,0.3197278911564626,0.1388250522610612,0.07922550996098862,0.37777499378593077,0.599,147,0.8183229813664596,0.26461538461538464,0.3764258457809484,644,325,0.8027681660899654,0.28888888888888886,0.3785887448260401,289,135,0.782608695652174,0.43478260869565216,0.3744649062604701,46,23,0.6190476190476191,0.6666666666666666,0.41520076953775065,21,12
12,1.0,1.5,Two-nuisance adjusted associative latent model,0.81,0.38380414193604057,0.2925170068027211,0.13704145564476797,0.08599270381680116,0.37035148455374384,0.597,147,0.812111801242236,0.28,0.3656887389486467,644,325,0.8027681660899654,0.2962962962962963,0.3686619164958497,289,135,0.8260869565217391,0.30434782608695654,0.41097904529084633,46,23,0.8095238095238095,0.25,0.44760032000646854,21,12
12,1.0,1.5,Two-path biologically constrained latent SCM,0.812,0.3887809016677243,0.25170068027210885,0.135565267615272,0.07563770312349379,0.37284803970473546,0.587,147,0.812111801242236,0.28,0.36621699405282887,644,325,0.8062283737024222,0.25925925925925924,0.3761202021647949,289,135,0.8260869565217391,0.30434782608695654,0.41266301515724024,46,23,0.8571428571428571,0.16666666666666666,0.44395516246928174,21,12
12,1.0,1.5,Two-path latent SCM (counterfactual query),0.816,0.3988326050956124,0.23809523809523808,0.1577057827071904,0.13442732221974954,0.12009900273773645,0.569,147,0.8214285714285714,0.25846153846153846,0.11051583575576764,644,325,0.8062283737024222,0.24444444444444444,0.12454771396567184,289,135,0.782608695652174,0.21739130434782608,0.17440225202041393,46,23,0.8571428571428571,0.16666666666666666,0.23381007533351866,21,12
13,1.0,1.5,Associative latent class model,0.709,0.17390068240937037,0.6496815286624203,0.20211887087125072,0.1475178746467551,0.34150041786620444,0.464,157,0.7289719626168224,0.06031746031746032,0.3487115397279123,642,315,0.6610738255033557,0.6375838926174496,0.32605628470827563,298,149,0.775,0.14285714285714285,0.38693079189018154,40,21,0.65,0.875,0.24928024211056732,20,8
13,1.0,1.5,Renal-adjusted associative latent class model,0.795,0.34745722537920176,0.1464968152866242,0.145562189755725,0.07348040202034808,0.3774588740823027,0.43,157,0.7912772585669782,0.10793650793650794,0.3765111425645293,642,315,0.8087248322147651,0.12751677852348994,0.3815497940159385,298,149,0.8,0.3333333333333333,0.370957157635886,40,21,0.7,0.5,0.3599297816844885,20,8
13,1.0,1.5,Two-nuisance adjusted associative latent model,0.803,0.36660944016743013,0.16560509554140126,0.14296671747451017,0.06615267095651196,0.3703984818127915,0.44,157,0.7897196261682243,0.11746031746031746,0.3684183438205913,642,315,0.825503355704698,0.174496644295302,0.3758032267921147,298,149,0.825,0.09523809523809523,0.3827174653483444,40,21,0.85,0.0,0.3287922440993977,20,8
13,1.0,1.5,Two-path biologically constrained latent SCM,0.804,0.3690396024090873,0.16560509554140126,0.14191497646968107,0.06171581383721492,0.37291057133504457,0.441,157,0.7897196261682243,0.11428571428571428,0.3706816879346503,642,315,0.8322147651006712,0.174496644295302,0.37834721745476363,298,149,0.8,0.14285714285714285,0.3850856980430789,40,21,0.85,0.0,0.3391014478878166,20,8
13,1.0,1.5,Two-path latent SCM (counterfactual query),0.805,0.3714735900290856,0.16560509554140126,0.1664394255367176,0.14331134981711102,0.12263762062596699,0.464,157,0.7959501557632399,0.14285714285714285,0.12383019252731013,642,315,0.825503355704698,0.174496644295302,0.11949940725912654,298,149,0.775,0.23809523809523808,0.13059759059013504,40,21,0.85,0.0,0.11519550183043874,20,8
14,1.0,1.5,Associative latent class model,0.771,0.29305719476201064,0.48427672955974843,0.16188942965583927,0.08442659630939017,0.35048547587235646,0.48,159,0.7847113884555382,0.0911854103343465,0.35497238439305234,641,329,0.7420494699646644,0.4527027027027027,0.3499589547129345,283,148,0.875,0.16,0.31347380164917055,56,25,0.45,0.9090909090909091,0.31776302001479445,20,11
14,1.0,1.5,Renal-adjusted associative latent class model,0.819,0.40645040882827316,0.20125786163522014,0.13137332789022127,0.046370827776981385,0.35805365962248803,0.514,159,0.8190327613104524,0.1945288753799392,0.3610603314730478,641,329,0.8303886925795053,0.17567567567567569,0.3597111384697572,283,148,0.8392857142857143,0.32,0.30595916928719147,56,25,0.6,0.5454545454545454,0.3841010740620201,20,11
14,1.0,1.5,Two-nuisance adjusted associative latent model,0.821,0.41157546095672204,0.18238993710691823,0.12875050663282758,0.036983983821708685,0.3504466497355636,0.51,159,0.8190327613104524,0.20364741641337386,0.35292840594873115,641,329,0.823321554770318,0.17567567567567569,0.351175703232897,283,148,0.8571428571428571,0.2,0.30727641802053424,56,25,0.75,0.2727272727272727,0.38146690491836066,20,11
14,1.0,1.5,Two-path biologically constrained latent SCM,0.823,0.4167325918510018,0.1761006289308176,0.12820824473204023,0.03592684664268051,0.3503380440103294,0.508,159,0.8190327613104524,0.20364741641337386,0.35275477868626876,641,329,0.823321554770318,0.17567567567567569,0.3512915830121748,283,148,0.875,0.16,0.30906315192339356,56,25,0.8,0.18181818181818182,0.3749588186137841,20,11
14,1.0,1.5,Two-path latent SCM (counterfactual query),0.822,0.4141499789741031,0.1761006289308176,0.14827184208089203,0.11459423274818828,0.1379547972582711,0.505,159,0.8174726989079563,0.2006079027355623,0.14196254777768655,641,329,0.823321554770318,0.17567567567567569,0.13735496213861914,283,148,0.875,0.16,0.08961970863152809,56,25,0.8,0.18181818181818182,0.15333230820896165,20,11
15,1.0,1.5,Associative latent class model,0.7,0.1592266470755694,0.4117647058823529,0.21894387086365913,0.17843513470411376,0.34170332359187444,0.355,153,0.669683257918552,0.036923076923076927,0.3297343803138891,663,325,0.7610294117647058,0.3916083916083916,0.36576130100382365,272,143,0.8125,0.05263157894736842,0.36959919716427225,48,19,0.5882352941176471,0.7,0.3447996533435827,17,10
15,1.0,1.5,Renal-adjusted associative latent class model,0.799,0.3569611448157658,0.27450980392156865,0.14209379053883953,0.03836870989320789,0.38252794884416447,0.482,153,0.7978883861236803,0.12615384615384614,0.38636855549391147,663,325,0.8051470588235294,0.24475524475524477,0.3887235817460802,272,143,0.8541666666666666,0.3684210526315789,0.2942011760773299,48,19,0.5882352941176471,0.7,0.3830074038267942,17,10
15,1.0,1.5,Two-nuisance adjusted associative latent model,0.804,0.3690329720859784,0.24836601307189543,0.13739778704499883,0.04039852290269087,0.37850494001710966,0.485,153,0.7948717948717948,0.1476923076923077,0.37861595709993257,663,325,0.8088235294117647,0.2517482517482518,0.3810135878286381,272,143,0.875,0.15789473684210525,0.35707606378930706,48,19,0.8823529411764706,0.2,0.39454197109283073,17,10
15,1.0,1.5,Two-path biologically constrained latent SCM,0.813,0.39126701795781355,0.1895424836601307,0.13038016858010826,0.024533387364835645,0.38161229980941574,0.512,153,0.8009049773755657,0.20307692307692307,0.38318810235290157,663,325,0.8161764705882353,0.20279720279720279,0.3845899126478341,272,143,0.8958333333333334,0.15789473684210525,0.3429657226776879,48,19,1.0,0.0,0.38163394239424114,17,10
15,1.0,1.5,Two-path latent SCM (counterfactual query),0.814,0.3937773069801177,0.16993464052287582,0.15143665785482746,0.1238056926166417,0.12903666237234807,0.507,153,0.8009049773755657,0.20307692307692307,0.13063597283319453,663,325,0.8198529411764706,0.18181818181818182,0.12670176628713314,272,143,0.8958333333333334,0.15789473684210525,0.12784367428390128,48,19,1.0,0.0,0.10739032871838938,17,10
16,1.0,1.5,Associative latent class model,0.76,0.26967100768958635,0.581081081081081,0.17752929395166692,0.10909537063412317,0.31013094157021864,0.472,148,0.7753510140405616,0.06006006006006006,0.32325698344813797,641,333,0.7205387205387206,0.574468085106383,0.2749335363987517,297,141,0.8367346938775511,0.12,0.36550515568083625,49,25,0.6153846153846154,0.7142857142857143,0.25832324932092104,13,7
16,1.0,1.5,Renal-adjusted associative latent class model,0.808,0.3788362200660206,0.1554054054054054,0.13457157533762157,0.0460927770214389,0.3303778809834879,0.47,148,0.8190327613104524,0.15615615615615616,0.3268560590739829,641,333,0.7946127946127947,0.15602836879432624,0.3292033841852557,297,141,0.7551020408163265,0.36,0.362905521522677,49,25,0.7692307692307693,0.14285714285714285,0.40825934303329287,13,7
16,1.0,1.5,Two-nuisance adjusted associative latent model,0.817,0.401358127553143,0.17567567567567569,0.13089741630107193,0.04913527359557949,0.3218159986811238,0.475,148,0.8268330733229329,0.16516516516516516,0.3214963704234941,641,333,0.7912457912457912,0.1773049645390071,0.32295126705408395,297,141,0.8775510204081632,0.04,0.31930128062514795,49,25,0.6923076923076923,0.14285714285714285,0.3211181672283722,13,7
16,1.0,1.5,Two-path biologically constrained latent SCM,0.822,0.41415145662631414,0.18243243243243243,0.12945586918242089,0.04710462767457236,0.32358864151639083,0.47,148,0.8237129485179407,0.14714714714714713,0.32244159978945935,641,333,0.8148148148148148,0.18439716312056736,0.32298384257503543,297,141,0.8775510204081632,0.04,0.330530354421982,49,25,0.6923076923076923,0.14285714285714285,0.36779903383728973,13,7
16,1.0,1.5,Two-path latent SCM (counterfactual query),0.825,0.42192266565995157,0.18243243243243243,0.14907527246667712,0.11567038637140198,0.13348766078022994,0.475,148,0.828393135725429,0.15015015015015015,0.12779481586874156,641,333,0.8148148148148148,0.18439716312056736,0.14663714135263053,297,141,0.8775510204081632,0.04,0.14412720393769704,49,25,0.6923076923076923,0.14285714285714285,0.07367075643755049,13,7
17,1.0,1.5,Associative latent class model,0.741,0.2315405209180919,0.46258503401360546,0.18361028606994717,0.12123288242163736,0.33337455434995866,0.432,147,0.7304075235109718,0.04262295081967213,0.3256612749214654,638,305,0.7622377622377622,0.45985401459854014,0.34512779408930705,286,137,0.7358490566037735,0.12,0.3684713991505916,53,25,0.782608695652174,0.5,0.32030989937132726,23,10
17,1.0,1.5,Renal-adjusted associative latent class model,0.823,0.41672202030918515,0.12244897959183673,0.1254869745786541,0.08016615093929995,0.3700697511118736,0.434,147,0.8087774294670846,0.06557377049180328,0.35954349415747966,638,305,0.8531468531468531,0.11678832116788321,0.39351521177566845,286,137,0.7924528301886793,0.24,0.3717809740810155,53,25,0.9130434782608695,0.2,0.3665765063159406,23,10
17,1.0,1.5,Two-nuisance adjusted associative latent model,0.831,0.4376806101972442,0.1292517006802721,0.11813182719072196,0.05046304238093678,0.3766456920227063,0.474,147,0.8275862068965517,0.12786885245901639,0.36738603688547716,638,305,0.8601398601398601,0.12408759124087591,0.3958516898010438,286,137,0.7924528301886793,0.08,0.37045368203029444,53,25,0.6521739130434783,0.2,0.4089466112638164,23,10
17,1.0,1.5,Two-path biologically constrained latent SCM,0.833,0.44299479841154793,0.09523809523809523,0.11988734268522078,0.06774953562414078,0.3743444877297652,0.456,147,0.8322884012539185,0.10163934426229508,0.3647840738155475,638,305,0.8531468531468531,0.08759124087591241,0.39235602805259356,286,137,0.7735849056603774,0.2,0.3770810456180149,53,25,0.7391304347826086,0.2,0.40926648672388605,23,10
17,1.0,1.5,Two-path latent SCM (counterfactual query),0.835,0.44834871847392754,0.1292517006802721,0.13242206181662625,0.10032231856655073,0.13468792428156934,0.49,147,0.8338557993730408,0.1377049180327869,0.13085810637108722,638,305,0.8566433566433567,0.12408759124087591,0.14541072971155086,286,137,0.7735849056603774,0.2,0.11600939337222137,53,25,0.7391304347826086,0.2,0.15062982046019266,23,10
18,1.0,1.5,Associative latent class model,0.741,0.23155586786079377,0.678082191780822,0.18377190910212254,0.11448327707114582,0.350534364964386,0.48,146,0.7861538461538462,0.0658682634730539,0.3639531119628942,650,334,0.6410256410256411,0.6691176470588235,0.31605038630760424,273,136,0.7666666666666667,0.10344827586206896,0.39618281047944326,60,29,0.5294117647058824,0.8,0.23012459398600785,17,10
18,1.0,1.5,Renal-adjusted associative latent class model,0.806,0.373928080387432,0.0684931506849315,0.1414795548686531,0.07213180771480772,0.3548080161357008,0.421,146,0.816923076923077,0.1317365269461078,0.36232459942588013,650,334,0.7802197802197802,0.051470588235294115,0.3300214028919499,273,136,0.8166666666666667,0.27586206896551724,0.3570459224752929,60,29,0.7647058823529411,0.3,0.4575545982858124,17,10
18,1.0,1.5,Two-nuisance adjusted associative latent model,0.808,0.3788415246675667,0.07534246575342465,0.1351379663821505,0.05914896044080164,0.35231482747117204,0.435,146,0.8261538461538461,0.1497005988023952,0.35858372675069633,650,334,0.7838827838827839,0.07352941176470588,0.33283920061320277,273,136,0.7333333333333333,0.2413793103448276,0.34805492775135355,60,29,0.7647058823529411,0.1,0.44041221474905623,17,10
18,1.0,1.5,Two-path biologically constrained latent SCM,0.818,0.4039036969363684,0.0958904109589041,0.1310020565179254,0.05223434047033583,0.3560077673162312,0.449,146,0.8276923076923077,0.1467065868263473,0.35984438731560525,650,334,0.8131868131868132,0.09558823529411764,0.34280608133608886,273,136,0.7333333333333333,0.2413793103448276,0.3476311935543832,60,29,0.8235294117647058,0.1,0.4508813966513256,17,10
18,1.0,1.5,Two-path latent SCM (counterfactual query),0.813,0.39126796987263585,0.11643835616438356,0.154471739514357,0.11950075766958518,0.14543849823995678,0.474,146,0.8215384615384616,0.17964071856287425,0.14067617194066898,650,334,0.8205128205128205,0.10294117647058823,0.14808465267899765,273,136,0.7166666666666667,0.27586206896551724,0.15018326141316454,60,29,0.7058823529411765,0.3,0.26828709484504076,17,10
19,1.0,1.5,Associative latent class model,0.729,0.20897546272892797,0.7034883720930233,0.19251308207328624,0.12160202540360557,0.33309169312841186,0.533,172,0.773524720893142,0.08794788273615635,0.36630407032648293,627,307,0.6245733788395904,0.6987179487179487,0.265014114123192,293,156,0.86,0.11764705882352941,0.3708378203785797,50,17,0.6,0.75,0.2409338192227604,30,16
19,1.0,1.5,Renal-adjusted associative latent class model,0.841,0.46458824913573277,0.13372093023255813,0.1169201159740316,0.024618546999527327,0.34903114437572397,0.491,172,0.8309409888357256,0.14006514657980457,0.3671490786798143,627,307,0.8600682593856656,0.11538461538461539,0.3272203707612228,293,156,0.86,0.4117647058823529,0.2711516742052665,50,17,0.8333333333333334,0.3125,0.3131839900059588,30,16
19,1.0,1.5,Two-nuisance adjusted associative latent model,0.845,0.4755751014370891,0.13372093023255813,0.11617287612569896,0.027356457967234443,0.3406060575890736,0.497,172,0.835725677830941,0.15960912052117263,0.354781828716307,627,307,0.856655290102389,0.12179487179487179,0.3173320736536081,293,156,0.94,0.11764705882352941,0.30330149153597896,50,17,0.7666666666666667,0.25,0.33381596088810045,30,16
19,1.0,1.5,Two-path biologically constrained latent SCM,0.838,0.45643193079041267,0.1744186046511628,0.11704571415225908,0.024722239509131456,0.3442477733657952,0.502,172,0.8325358851674641,0.1563517915309446,0.35653639481545346,627,307,0.8464163822525598,0.16666666666666666,0.32266698167143615,293,156,0.9,0.11764705882352941,0.32055514265790214,50,17,0.7666666666666667,0.25,0.33767570179599754,30,16
19,1.0,1.5,Two-path latent SCM (counterfactual query),0.839,0.45914265414789507,0.1686046511627907,0.13290765452899192,0.10308910904127119,0.1272036176148554,0.503,172,0.8325358851674641,0.15960912052117263,0.1316645507975808,627,307,0.8498293515358362,0.16025641025641027,0.1141418315610462,293,156,0.9,0.11764705882352941,0.14024838823116897,50,17,0.7666666666666667,0.25,0.13979894019424235,30,16
0,1.5,0.0,Associative latent class model,0.482,0.00029158097892559987,0.007194244604316547,0.5114289969793635,0.5047766505706421,0.07665435000892092,0.722,139,0.4745269286754003,1.0,0.0546994558446698,687,361,0.4904214559386973,0.007751937984496124,0.13490266833698017,261,129,0.5294117647058824,1.0,0.053232864619086426,34,16,0.5555555555555556,0.0,0.1142394450351118,18,10
0,1.5,0.0,Renal-adjusted associative latent class model,0.852,0.4951110375815441,0.07194244604316546,0.1090497586710138,0.02931599095712223,0.35500413922159446,0.458,139,0.8369723435225619,0.1329639889196676,0.35718145882887536,687,361,0.896551724137931,0.06201550387596899,0.3503390941410353,261,129,0.8235294117647058,0.1875,0.3575564195213457,34,16,0.8333333333333334,0.2,0.3347252873122834,18,10
0,1.5,0.0,Two-nuisance adjusted associative latent model,0.851,0.49229621820563174,0.07194244604316546,0.10902816610276668,0.029757935043463506,0.3547607928561651,0.457,139,0.8369723435225619,0.1329639889196676,0.35693732981684345,687,361,0.89272030651341,0.06201550387596899,0.35008520754924116,261,129,0.8235294117647058,0.1875,0.35726591592445944,34,16,0.8333333333333334,0.2,0.3347537200116742,18,10
0,1.5,0.0,Two-path biologically constrained latent SCM,0.848,0.4838998072625938,0.07194244604316546,0.1098553646128545,0.033056337338855296,0.3553331535809215,0.454,139,0.8384279475982532,0.1329639889196676,0.35802687548988155,687,361,0.8773946360153256,0.06201550387596899,0.3492657839791908,261,129,0.8235294117647058,0.1875,0.3575047970968023,34,16,0.8333333333333334,0.2,0.33639763330626493,18,10
0,1.5,0.0,Two-path latent SCM (counterfactual query),0.858,0.5121681256535163,0.07913669064748201,0.11986676513777522,0.09363531588072559,0.12152559549369756,0.466,139,0.8471615720524017,0.1329639889196676,0.12838751020030087,687,361,0.89272030651341,0.06976744186046512,0.11282430204847078,261,129,0.8235294117647058,0.1875,0.04529836952753501,34,16,0.8333333333333334,0.2,0.12978269930576605,18,10
1,1.5,0.0,Associative latent class model,0.587,0.029238690524841068,0.9568345323741008,0.3107763172957049,0.3165097494674786,0.2879776709279379,0.392,139,0.5996978851963746,0.019169329073482427,0.34161507330769547,662,313,0.5579710144927537,0.9606299212598425,0.1604261773112492,276,127,0.625,0.043478260869565216,0.34968191471440296,40,23,0.5,0.9166666666666666,0.1619814032619379,22,12
1,1.5,0.0,Renal-adjusted associative latent class model,0.795,0.3474220479358538,0.17985611510791366,0.14255409167393696,0.10027595116774046,0.37004247837339393,0.418,139,0.7990936555891238,0.0670926517571885,0.3701878665866566,662,313,0.7681159420289855,0.1889763779527559,0.369433519259573,276,127,0.825,0.13043478260869565,0.44565542771175937,40,23,0.9545454545454546,0.08333333333333333,0.23582919404157654,22,12
1,1.5,0.0,Two-nuisance adjusted associative latent model,0.796,0.3497878613845782,0.17985611510791366,0.14242924304496296,0.1000482189673792,0.3698616387692002,0.417,139,0.7990936555891238,0.0670926517571885,0.3700738606854991,662,313,0.7681159420289855,0.1889763779527559,0.36927974263444285,276,127,0.85,0.08695652173913043,0.44433462501089027,40,23,0.9545454545454546,0.08333333333333333,0.2353704103571789,22,12
1,1.5,0.0,Two-path biologically constrained latent SCM,0.784,0.32190371513005517,0.1079136690647482,0.14751240147471356,0.11972372585953675,0.3696883743412868,0.397,139,0.8006042296072508,0.08626198083067092,0.37342252176582474,662,313,0.7246376811594203,0.11023622047244094,0.3593983484144434,276,127,0.85,0.08695652173913043,0.4477101317803903,40,23,0.9090909090909091,0.08333333333333333,0.24455979539585515,22,12
1,1.5,0.0,Two-path latent SCM (counterfactual query),0.811,0.3862626914215608,0.15827338129496402,0.15513955818560587,0.13407720917824978,0.1370728231816523,0.452,139,0.8293051359516617,0.10543130990415335,0.13943313405943816,662,313,0.7536231884057971,0.16535433070866143,0.1295675308045117,276,127,0.85,0.13043478260869565,0.19617626762713397,40,23,0.9090909090909091,0.08333333333333333,0.05274541941698425,22,12
2,1.5,0.0,Associative latent class model,0.491,-0.0005955484548571605,0.0,0.49979438442530444,0.4905194750149963,0.09921102152212666,0.719,142,0.48489425981873113,1.0,0.06252793360491346,662,341,0.5254901960784314,0.0,0.1974745863883538,255,134,0.49122807017543857,1.0,0.053160629961251434,57,29,0.3076923076923077,0.0,0.17043669380201473,26,8
2,1.5,0.0,Renal-adjusted associative latent class model,0.805,0.371471983100322,0.176056338028169,0.13114680610712104,0.029178360148483743,0.39979268923404554,0.473,142,0.7990936555891238,0.18181818181818182,0.4047387308615114,662,341,0.8235294117647058,0.17164179104477612,0.3840895256616127,255,134,0.8245614035087719,0.10344827586206896,0.39240254899683236,57,29,0.7307692307692307,0.25,0.44407211796901247,26,8
2,1.5,0.0,Two-nuisance adjusted associative latent model,0.806,0.3739186094925004,0.16901408450704225,0.13069616012045343,0.027513341622563,0.39973533972794584,0.47,142,0.7990936555891238,0.17888563049853373,0.40423160300913813,662,341,0.8235294117647058,0.16417910447761194,0.38375666602613634,255,134,0.8245614035087719,0.10344827586206896,0.3991811222377481,57,29,0.7692307692307693,0.25,0.4431824896799962,26,8
2,1.5,0.0,Two-path biologically constrained latent SCM,0.81,0.38378402882756146,0.15492957746478872,0.13032276752949576,0.03143477880295723,0.40164555709386773,0.478,142,0.8051359516616314,0.1906158357771261,0.40696825825589966,662,341,0.8274509803921568,0.14925373134328357,0.383781979746317,255,134,0.8245614035087719,0.10344827586206896,0.40003281874190616,57,29,0.7307692307692307,0.25,0.4448574855716391,26,8
2,1.5,0.0,Two-path latent SCM (counterfactual query),0.809,0.3813056995830416,0.1619718309859155,0.16294569061510006,0.13828478311489079,0.1096342416364399,0.475,142,0.8021148036253777,0.18475073313782991,0.11034494786687968,662,341,0.8313725490196079,0.15671641791044777,0.11815161292965703,255,134,0.8245614035087719,0.10344827586206896,0.05464327217862048,57,29,0.7307692307692307,0.25,0.12855993605083152,26,8
3,1.5,0.0,Associative latent class model,0.588,0.0301529971299159,0.6879432624113475,0.33051454595537005,0.3222416005184193,0.22267340309126837,0.274,141,0.5477996965098634,0.0,0.19188286136537075,659,335,0.6666666666666666,0.6791044776119403,0.3039548577144848,273,134,0.6666666666666666,0.0,0.17105405868184692,51,32,0.6470588235294118,0.8571428571428571,0.26583319427414637,17,7
3,1.5,0.0,Renal-adjusted associative latent class model,0.834,0.44567217228733996,0.12056737588652482,0.12099201739625706,0.04262862052255345,0.3926598642925491,0.458,141,0.8209408194233687,0.14029850746268657,0.3920964633259162,659,335,0.8461538461538461,0.11940298507462686,0.3957186345416699,273,134,0.9215686274509803,0.0625,0.3828190871126765,51,32,0.8823529411764706,0.14285714285714285,0.39490201694988075,17,7
3,1.5,0.0,Two-nuisance adjusted associative latent model,0.832,0.4403385893357657,0.1347517730496454,0.12036304154251637,0.038525519034034034,0.39160049614796955,0.46,141,0.8194233687405159,0.14626865671641792,0.39200084728439494,659,335,0.8424908424908425,0.13432835820895522,0.3960445000300232,273,134,0.9215686274509803,0.0,0.3568458478592421,51,32,0.8823529411764706,0.14285714285714285,0.40897947285503267,17,7
3,1.5,0.0,Two-path biologically constrained latent SCM,0.837,0.45373355937986837,0.16312056737588654,0.12105008997292782,0.044717441668287436,0.39157963787632083,0.449,141,0.8254931714719271,0.10746268656716418,0.39089612561079284,659,335,0.8424908424908425,0.16417910447761194,0.39695635014475944,273,134,0.9411764705882353,0.03125,0.3725751637675919,51,32,0.8823529411764706,0.14285714285714285,0.388745538655405,17,7
3,1.5,0.0,Two-path latent SCM (counterfactual query),0.833,0.4429994624051222,0.1702127659574468,0.14111265398409523,0.11579025116446312,0.11749219705325666,0.477,141,0.8224582701062215,0.14925373134328357,0.11609261804252433,659,335,0.8388278388278388,0.17164179104477612,0.12394570967794559,273,134,0.9215686274509803,0.0625,0.1013060482211214,51,32,0.8823529411764706,0.14285714285714285,0.1166690918751061,17,7
4,1.5,0.0,Associative latent class model,0.598,0.037459977500752244,0.7607361963190185,0.29743691304538644,0.2870049499994816,0.282082227827645,0.369,163,0.5990566037735849,0.0136986301369863,0.3018186476150235,636,292,0.5986159169550173,0.7549668874172185,0.2446254838396574,289,151,0.6379310344827587,0.0,0.2370103271206216,58,30,0.4117647058823529,0.8333333333333334,0.33424730246076445,17,12
4,1.5,0.0,Renal-adjusted associative latent class model,0.819,0.40645041476614235,0.22085889570552147,0.12292118865615867,0.03308870533393085,0.3634371340797167,0.49,163,0.8223270440251572,0.136986301369863,0.35746540648856606,636,292,0.8200692041522492,0.2185430463576159,0.3571125648539741,289,151,0.8103448275862069,0.06666666666666667,0.42258584055339754,58,30,0.7058823529411765,0.25,0.49256620929959544,17,12
4,1.5,0.0,Two-nuisance adjusted associative latent model,0.816,0.39882283221997156,0.22085889570552147,0.12400707222517932,0.03283792197159168,0.3629524316342288,0.483,163,0.8176100628930818,0.13013698630136986,0.35693211775120387,636,292,0.8200692041522492,0.2185430463576159,0.35582546055517766,289,151,0.8103448275862069,0.06666666666666667,0.42408781511597826,58,30,0.7058823529411765,0.25,0.5007619627817669,17,12
4,1.5,0.0,Two-path biologically constrained latent SCM,0.823,0.4167326780295597,0.1656441717791411,0.12014030060307994,0.026559078764226116,0.3648785045149393,0.496,163,0.8207547169811321,0.1678082191780822,0.3578937438855231,636,292,0.8339100346020761,0.16556291390728478,0.3606344681159813,289,151,0.8103448275862069,0.1,0.43146969026696813,58,30,0.7647058823529411,0.16666666666666666,0.47114588722022704,17,12
4,1.5,0.0,Two-path latent SCM (counterfactual query),0.818,0.4038998461434269,0.17177914110429449,0.14205260096781777,0.12240892171190634,0.12359621068244327,0.495,163,0.8144654088050315,0.17123287671232876,0.11411096543079625,636,292,0.8304498269896193,0.17218543046357615,0.13307471389221975,289,151,0.8103448275862069,0.1,0.1778178269294946,58,30,0.7647058823529411,0.16666666666666666,0.13233002304086153,17,12
5,1.5,0.0,Associative latent class model,0.487,-0.00018568848042343228,0.0072992700729927005,0.5015373277428071,0.49367686670549327,0.08741353245371448,0.708,137,0.4876923076923077,1.0,0.040150894883130804,650,333,0.4746376811594203,0.007575757575757576,0.2019466818475917,276,132,0.5964912280701754,1.0,0.04080185232927573,57,23,0.29411764705882354,0.0,0.19132123570443854,17,5
5,1.5,0.0,Renal-adjusted associative latent class model,0.835,0.44834793237436277,0.16058394160583941,0.11971646734908552,0.01840199014952647,0.3587464112973351,0.504,137,0.8353846153846154,0.16816816816816818,0.35756230809244377,650,333,0.8333333333333334,0.1590909090909091,0.366610908180925,276,132,0.8070175438596491,0.13043478260869565,0.3563127183616765,57,23,0.9411764705882353,0.2,0.28449855486445896,17,5
5,1.5,0.0,Two-nuisance adjusted associative latent model,0.833,0.4429987297633842,0.17518248175182483,0.12032167675773331,0.019242625448453007,0.35893217871595723,0.51,137,0.8353846153846154,0.17417417417417416,0.35740622677944245,650,333,0.8260869565217391,0.17424242424242425,0.3662148244862385,276,132,0.8070175438596491,0.13043478260869565,0.358304236788924,57,23,0.9411764705882353,0.2,0.3011469561264214,17,5
5,1.5,0.0,Two-path biologically constrained latent SCM,0.836,0.4510348917453842,0.145985401459854,0.12032110674579742,0.027265959039804385,0.3586491287903333,0.513,137,0.8369230769230769,0.18618618618618618,0.35721437695555164,650,333,0.8297101449275363,0.14393939393939395,0.3662785395778064,276,132,0.8245614035087719,0.13043478260869565,0.3560077632062973,57,23,0.9411764705882353,0.2,0.29849790252889585,17,5
5,1.5,0.0,Two-path latent SCM (counterfactual query),0.824,0.4193228573949676,0.19708029197080293,0.1387458613806525,0.11103362081337853,0.13222007871285543,0.499,137,0.8276923076923077,0.16216216216216217,0.1323983402940527,650,333,0.8115942028985508,0.19696969696969696,0.13225950806327763,276,132,0.8070175438596491,0.13043478260869565,0.1510247734266245,57,23,0.9411764705882353,0.2,0.06171301240817401,17,5
6,1.5,0.0,Associative latent class model,0.631,0.06774799664210597,0.875,0.2855391213166787,0.28118611297568824,0.2546457199166756,0.4,144,0.6542056074766355,0.021021021021021023,0.28201272565667956,642,333,0.5756457564575646,0.8846153846153846,0.17565579890659297,271,130,0.6491228070175439,0.045454545454545456,0.3233247786494958,57,22,0.6,0.7857142857142857,0.25204387194598016,30,14
6,1.5,0.0,Renal-adjusted associative latent class model,0.808,0.3788428465740121,0.3611111111111111,0.13443035293050373,0.050352293241992606,0.35877931069899094,0.559,144,0.8271028037383178,0.2012012012012012,0.36336072757590776,642,333,0.7712177121771218,0.36923076923076925,0.35579885753927254,271,130,0.8070175438596491,0.2727272727272727,0.341148229277825,57,22,0.7333333333333333,0.2857142857142857,0.32115947110930687,30,14
6,1.5,0.0,Two-nuisance adjusted associative latent model,0.807,0.3763790093327236,0.3333333333333333,0.13297356162804258,0.045597835930428376,0.36065712828500546,0.554,144,0.82398753894081,0.2072072072072072,0.3637479376621535,642,333,0.7749077490774908,0.3384615384615385,0.3619361318917857,271,130,0.8070175438596491,0.2727272727272727,0.33998808798331315,57,22,0.7333333333333333,0.2857142857142857,0.3222313182726698,30,14
6,1.5,0.0,Two-path biologically constrained latent SCM,0.812,0.388770013243188,0.2986111111111111,0.132042663676978,0.048220360462311346,0.36182180301303696,0.549,144,0.82398753894081,0.2072072072072072,0.36405860270730983,642,333,0.7896678966789668,0.3,0.366227527336017,271,130,0.8245614035087719,0.2727272727272727,0.3362851965788677,57,22,0.7333333333333333,0.2857142857142857,0.3226754653962683,30,14
6,1.5,0.0,Two-path latent SCM (counterfactual query),0.818,0.40390501841783394,0.25,0.15401455900748778,0.12557181408152335,0.1418286483635466,0.549,144,0.82398753894081,0.21621621621621623,0.14165783031362708,642,333,0.8081180811808119,0.25384615384615383,0.1437715233606511,271,130,0.8245614035087719,0.3181818181818182,0.14676729966533364,57,22,0.7666666666666667,0.21428571428571427,0.11855007968458509,30,14
7,1.5,0.0,Associative latent class model,0.556,0.011693872816646082,0.9029850746268657,0.3880666834820738,0.3965406011967167,0.13939050315933854,0.291,134,0.5510204081632653,0.0,0.09241360257268312,637,351,0.5929824561403508,0.9126984126984127,0.23817113348470878,285,126,0.3898305084745763,0.0,0.13058751100844418,59,22,0.6842105263157895,0.75,0.25997905936311466,19,8
7,1.5,0.0,Renal-adjusted associative latent class model,0.818,0.40389957526799547,0.27611940298507465,0.1292190252917065,0.022112330036932762,0.37793098466304437,0.509,134,0.8178963893249608,0.1623931623931624,0.38399661078302666,637,351,0.8210526315789474,0.2857142857142857,0.36421289705202214,285,126,0.7966101694915254,0.22727272727272727,0.39836513751229047,59,22,0.8421052631578947,0.125,0.31689078006341787,19,8
7,1.5,0.0,Two-nuisance adjusted associative latent model,0.817,0.4013569985462178,0.27611940298507465,0.1294848470794082,0.02379069845746889,0.3778166990196242,0.508,134,0.8178963893249608,0.1623931623931624,0.3838406672348665,637,351,0.8210526315789474,0.2857142857142857,0.36381857949823954,285,126,0.7796610169491526,0.22727272727272727,0.40095868240859234,59,22,0.8421052631578947,0.125,0.313965082732056,19,8
7,1.5,0.0,Two-path biologically constrained latent SCM,0.81,0.38378662533715563,0.208955223880597,0.13126229059314284,0.04991283944169752,0.3825515267597607,0.541,134,0.8037676609105181,0.24216524216524216,0.3872610467944918,637,351,0.8245614035087719,0.21428571428571427,0.3771727406106697,285,126,0.8135593220338984,0.2727272727272727,0.38026401423135914,59,22,0.7894736842105263,0.125,0.31244379147254336,19,8
7,1.5,0.0,Two-path latent SCM (counterfactual query),0.816,0.3988239677403457,0.208955223880597,0.15099855195732545,0.12064794527767067,0.13267585851305846,0.529,134,0.8131868131868132,0.21652421652421652,0.1302199467018486,637,351,0.8245614035087719,0.21428571428571427,0.13819356316465167,285,126,0.8135593220338984,0.2727272727272727,0.13596111004633157,59,22,0.7894736842105263,0.125,0.1220463931221898,19,8
8,1.5,0.0,Associative latent class model,0.643,0.080885398972595,0.9530201342281879,0.2784594969292092,0.25769504202820714,0.2856527867784878,0.449,149,0.6893939393939394,0.03048780487804878,0.35479261065164475,660,328,0.5092250922509225,0.9568345323741008,0.114715373865742,271,139,0.7777777777777778,0.0,0.40799157851949597,45,21,0.625,0.9,0.08509068322537229,24,10
8,1.5,0.0,Renal-adjusted associative latent class model,0.817,0.4013629079629,0.03355704697986577,0.12619323804945312,0.042914453994181576,0.37836514664466697,0.449,149,0.8166666666666667,0.17682926829268292,0.3783913888140004,660,328,0.8081180811808119,0.03597122302158273,0.3759728149868609,271,139,0.8888888888888888,0.09523809523809523,0.3773009032432911,45,21,0.7916666666666666,0.0,0.40665235500163516,24,10
8,1.5,0.0,Two-nuisance adjusted associative latent model,0.822,0.4141496556976512,0.18791946308724833,0.1204467788284951,0.040234141574388184,0.3824150906215297,0.506,149,0.8090909090909091,0.18292682926829268,0.3792755320373831,660,328,0.8450184501845018,0.18705035971223022,0.38704938333055283,271,139,0.8666666666666667,0.14285714285714285,0.37936353202449896,45,21,0.8333333333333334,0.2,0.4221457355489397,24,10
8,1.5,0.0,Two-path biologically constrained latent SCM,0.819,0.40645241445105357,0.12080536912751678,0.12120469844925,0.04755440259110607,0.38305311493141814,0.467,149,0.8136363636363636,0.16463414634146342,0.3802912782043503,660,328,0.8191881918819188,0.12949640287769784,0.38686075224981686,271,139,0.9111111111111111,0.047619047619047616,0.38027776479650655,45,21,0.7916666666666666,0.0,0.421212835041824,24,10
8,1.5,0.0,Two-path latent SCM (counterfactual query),0.831,0.4376815020464566,0.18791946308724833,0.14439421517787457,0.12386286107162019,0.1311377494531567,0.513,149,0.8212121212121212,0.18597560975609756,0.12565727660557774,660,328,0.8413284132841329,0.18705035971223022,0.14587638558330024,271,139,0.9111111111111111,0.047619047619047616,0.09446129970517486,45,21,0.8333333333333334,0.2,0.18419532973617372,24,10
9,1.5,0.0,Associative latent class model,0.605,0.04313189903762431,0.8251748251748252,0.3002832842926206,0.2979623321074194,0.2617645669294076,0.362,143,0.6141141141141141,0.006289308176100629,0.28101336402745164,666,318,0.5842696629213483,0.8283582089552238,0.21210389654679812,267,134,0.6078431372549019,0.0,0.27177771818883983,51,22,0.5625,0.7777777777777778,0.2573289050936755,16,9
9,1.5,0.0,Renal-adjusted associative latent class model,0.834,0.445668549819061,0.11888111888111888,0.12175057683580139,0.08047617720898047,0.33271269370318796,0.441,143,0.8468468468468469,0.0880503144654088,0.327167829388419,666,318,0.8014981273408239,0.12686567164179105,0.35466425160603304,267,134,0.8235294117647058,0.0,0.3070006665054945,51,22,0.875,0.0,0.27915813499436415,16,9
9,1.5,0.0,Two-nuisance adjusted associative latent model,0.835,0.44834727426498483,0.11888111888111888,0.12236673906287979,0.0811307452997563,0.3326630740164791,0.442,143,0.8468468468468469,0.0880503144654088,0.32779641778181234,666,318,0.8089887640449438,0.12686567164179105,0.35572266646501877,267,134,0.803921568627451,0.0,0.2966754995583617,51,22,0.875,0.0,0.2651410843847256,16,9
9,1.5,0.0,Two-path biologically constrained latent SCM,0.829,0.43239464534359423,0.08391608391608392,0.12441053711622038,0.08877862393525776,0.33016312612248094,0.428,143,0.8483483483483484,0.09119496855345911,0.3275278371954741,666,318,0.7790262172284644,0.08955223880597014,0.3449195589872943,267,134,0.8235294117647058,0.0,0.3091128417825166,51,22,0.875,0.0,0.260706835611205,16,9
9,1.5,0.0,Two-path latent SCM (counterfactual query),0.843,0.4700656187551688,0.1048951048951049,0.13201070817581845,0.10929233983065945,0.13897749442579876,0.46,143,0.8588588588588588,0.1069182389937107,0.1381757674935026,666,318,0.8089887640449438,0.11194029850746269,0.1497704243065242,267,134,0.803921568627451,0.045454545454545456,0.11025333812819542,51,22,0.875,0.0,0.08380060879663126,16,9
10,1.5,0.0,Associative latent class model,0.507,-0.0008920110944674253,0.006711409395973154,0.4853263941015374,0.4829848983622459,0.09251079299609302,0.691,149,0.5139318885448917,1.0,0.06490302227293496,646,314,0.45774647887323944,0.007633587786259542,0.1484087606856461,284,131,0.6136363636363636,1.0,0.08115998761504407,44,17,0.6923076923076923,0.0,0.18708896607660017,26,18
10,1.5,0.0,Renal-adjusted associative latent class model,0.822,0.41413641348262725,0.4228187919463087,0.12408972254885597,0.058368640677669587,0.37660218499121734,0.6,149,0.8498452012383901,0.20063694267515925,0.37531506557900407,646,314,0.7464788732394366,0.4351145038167939,0.3777682633338485,284,131,0.9318181818181818,0.17647058823529413,0.3773397656064626,44,17,0.7692307692307693,0.3333333333333333,0.394596775141669,26,18
10,1.5,0.0,Two-nuisance adjusted associative latent model,0.818,0.40388592289045366,0.4429530201342282,0.12402387153439977,0.055895691776797506,0.37729661200136705,0.6,149,0.8498452012383901,0.19745222929936307,0.3761851794989934,646,314,0.7359154929577465,0.4580152671755725,0.37667971759758556,284,131,0.9318181818181818,0.17647058823529413,0.3890316689423537,44,17,0.7307692307692307,0.3333333333333333,0.39179049283998,26,18
10,1.5,0.0,Two-path biologically constrained latent SCM,0.836,0.45102648821911334,0.2684563758389262,0.11971244299787515,0.04682489018433362,0.38367722395297926,0.582,149,0.846749226006192,0.2197452229299363,0.37483270237550825,646,314,0.8063380281690141,0.2748091603053435,0.4064573767364518,284,131,0.9090909090909091,0.23529411764705882,0.36916391195866205,44,17,0.7692307692307693,0.2222222222222222,0.37916119611798,26,18
10,1.5,0.0,Two-path latent SCM (counterfactual query),0.839,0.45914106338545235,0.22818791946308725,0.13534060896053035,0.10567865832141696,0.11718430277418233,0.543,149,0.848297213622291,0.1751592356687898,0.10750288005514468,646,314,0.8063380281690141,0.2366412213740458,0.1354425159933923,284,131,0.9318181818181818,0.17647058823529413,0.11325458493088031,44,17,0.8076923076923077,0.16666666666666666,0.16494484536448878,26,18
11,1.5,0.0,Associative latent class model,0.629,0.06554389720705052,0.891156462585034,0.2934436288711786,0.29509278614474915,0.24928077395606754,0.433,147,0.6418152350081038,0.003472222222222222,0.30093155372726715,617,288,0.6121794871794872,0.8897058823529411,0.15646043990891614,312,136,0.6122448979591837,0.0,0.2380388828071709,49,25,0.5454545454545454,0.9090909090909091,0.1421110362368407,22,11
11,1.5,0.0,Renal-adjusted associative latent class model,0.84,0.46175741399721665,0.2925170068027211,0.11115014419001969,0.04580417205121875,0.352379730249217,0.596,147,0.8427876823338736,0.2152777777777778,0.3564963146033037,617,288,0.8333333333333334,0.2867647058823529,0.3377081108728848,312,136,0.8571428571428571,0.12,0.37290584395808185,49,25,0.8181818181818182,0.36363636363636365,0.3992812360314757,22,11
11,1.5,0.0,Two-nuisance adjusted associative latent model,0.84,0.4617482789972724,0.29931972789115646,0.11114990758197306,0.046135487065095356,0.35122900406839325,0.6,147,0.8427876823338736,0.2152777777777778,0.35529746389448663,617,288,0.8365384615384616,0.2867647058823529,0.3374092931747305,312,136,0.8571428571428571,0.16,0.3715009356706146,49,25,0.7727272727272727,0.45454545454545453,0.387964705778133,22,11
11,1.5,0.0,Two-path biologically constrained latent SCM,0.834,0.44555266917781533,0.2653061224489796,0.11124840079296681,0.04835090645570326,0.3514074024004352,0.6,147,0.8314424635332253,0.2465277777777778,0.3530026305901248,617,288,0.8301282051282052,0.27205882352941174,0.3406269826167421,312,136,0.8571428571428571,0.12,0.3721926267896582,49,25,0.9090909090909091,0.18181818181818182,0.4132600926005173,22,11
11,1.5,0.0,Two-path latent SCM (counterfactual query),0.849,0.48664056998860955,0.1836734693877551,0.12547752865580936,0.11076764136708485,0.12028159078769853,0.569,147,0.8427876823338736,0.21180555555555555,0.1207790082876111,617,288,0.8557692307692307,0.19117647058823528,0.12072843574168192,312,136,0.8571428571428571,0.08,0.11643281312655523,49,25,0.9090909090909091,0.09090909090909091,0.10856649452893173,22,11
12,1.5,0.0,Associative latent class model,0.571,0.019252504375033355,0.9,0.3244390739971533,0.3387829397621724,0.26828281010380794,0.366,160,0.5882352941176471,0.009345794392523364,0.29819148929015393,663,321,0.5178571428571429,0.8940397350993378,0.19257405948832523,280,151,0.6756756756756757,0.0,0.3210501295944928,37,18,0.55,1.0,0.23911306263543186,20,9
12,1.5,0.0,Renal-adjusted associative latent class model,0.82,0.4090098937167586,0.15625,0.12792408432716607,0.03582536112662689,0.35310675568560496,0.525,160,0.8355957767722474,0.23052959501557632,0.35081933874530097,663,321,0.775,0.15894039735099338,0.37198738057889724,280,151,0.8918918918918919,0.16666666666666666,0.33580913087003256,37,18,0.8,0.1111111111111111,0.19660648465939998,20,9
12,1.5,0.0,Two-nuisance adjusted associative latent model,0.817,0.40135813642118007,0.1375,0.13044915578687474,0.04018894897208196,0.35276845514367167,0.524,160,0.8371040723981901,0.22429906542056074,0.35124451848903193,663,321,0.7821428571428571,0.1390728476821192,0.36980097034121767,280,151,0.7297297297297297,0.5,0.3232336140666706,37,18,0.8,0.1111111111111111,0.21947119847178467,20,9
12,1.5,0.0,Two-path biologically constrained latent SCM,0.815,0.3962995497424368,0.29375,0.12587813160418027,0.03874980113491477,0.35861610723220105,0.54,160,0.8340874811463047,0.19314641744548286,0.35731145415909893,663,321,0.7678571428571429,0.2980132450331126,0.372387137452589,280,151,0.8648648648648649,0.16666666666666666,0.33688138195264106,37,18,0.75,0.2222222222222222,0.24928017528729068,20,9
12,1.5,0.0,Two-path latent SCM (counterfactual query),0.814,0.39377949841206783,0.2625,0.14810209349292588,0.13055435547023672,0.1171564541587947,0.531,160,0.8310708898944194,0.19626168224299065,0.11821392529562229,663,321,0.7678571428571429,0.271523178807947,0.11912624516978788,280,151,0.8648648648648649,0.16666666666666666,0.11945812959347779,37,18,0.8,0.1111111111111111,0.05026611226489118,20,9
13,1.5,0.0,Associative latent class model,0.503,-0.0008215231160140993,0.9862068965517241,0.4094069191367445,0.43256302421663106,0.19028002936876592,0.295,145,0.49382716049382713,0.0,0.20069221548152796,648,316,0.5018587360594795,0.9852941176470589,0.17166088550028252,269,136,0.559322033898305,0.0,0.1767128284554817,59,33,0.625,1.0,0.15119327742860011,24,9
13,1.5,0.0,Renal-adjusted associative latent class model,0.823,0.4167336912615717,0.0896551724137931,0.12697876505934344,0.030194895936772485,0.3911282890656432,0.527,145,0.8117283950617284,0.2563291139240506,0.38811073194121126,648,316,0.8475836431226765,0.09558823529411764,0.39858329963624856,269,136,0.8305084745762712,0.15151515151515152,0.392340511431116,59,33,0.8333333333333334,0.0,0.38606404129798183,24,9
13,1.5,0.0,Two-nuisance adjusted associative latent model,0.823,0.41673391538477067,0.08275862068965517,0.12712940568880163,0.03190244407400382,0.39157952211911085,0.529,145,0.8117283950617284,0.2563291139240506,0.388304640230652,648,316,0.8513011152416357,0.08823529411764706,0.39830409583794174,269,136,0.7966101694915254,0.21212121212121213,0.3985268164798439,59,33,0.875,0.0,0.3875513040388008,24,9
13,1.5,0.0,Two-path biologically constrained latent SCM,0.825,0.4219230940521879,0.1310344827586207,0.12329913035165571,0.024929924724590782,0.3953041743132285,0.529,145,0.8148148148148148,0.23734177215189872,0.3929550136386911,648,316,0.8438661710037175,0.13970588235294118,0.40334010858125235,269,136,0.8305084745762712,0.15151515151515152,0.3878242165165716,59,33,0.875,0.0,0.3870503121884195,24,9
13,1.5,0.0,Two-path latent SCM (counterfactual query),0.831,0.43768356267898967,0.13793103448275862,0.1446132423711892,0.12146475419248709,0.11082154042012596,0.535,145,0.8179012345679012,0.23417721518987342,0.10902920618314638,648,316,0.8550185873605948,0.14705882352941177,0.11851110063698288,269,136,0.8305084745762712,0.15151515151515152,0.09899433204307509,59,33,0.9166666666666666,0.0,0.10210263131488674,24,9
14,1.5,0.0,Associative latent class model,0.663,0.10538140791513273,0.9345238095238095,0.2674270766163494,0.23275561023037106,0.28262883282984924,0.485,168,0.7476038338658147,0.03125,0.33759082384507705,626,320,0.4983164983164983,0.9371069182389937,0.16547404173845542,297,159,0.6206896551724138,0.1,0.3231610661058583,58,30,0.5789473684210527,0.8888888888888888,0.17936025644052275,19,9
14,1.5,0.0,Renal-adjusted associative latent class model,0.782,0.3174076265241824,0.011904761904761904,0.1506539263006005,0.06918849020827655,0.3413835487836429,0.414,168,0.8130990415335463,0.2125,0.36700082043693366,626,320,0.7171717171717171,0.012578616352201259,0.279779761299903,297,159,0.8275862068965517,0.16666666666666666,0.3935442010675458,58,30,0.631578947368421,0.0,0.3010990748491366,19,9
14,1.5,0.0,Two-nuisance adjusted associative latent model,0.78,0.31290708786896515,0.011904761904761904,0.15114866010492242,0.07233976347717853,0.3403282693365002,0.414,168,0.8115015974440895,0.21875,0.3660202735605826,626,320,0.7171717171717171,0.012578616352201259,0.27935915393297056,297,159,0.8103448275862069,0.13333333333333333,0.3941704129351816,58,30,0.631578947368421,0.0,0.2825276536443487,19,9
14,1.5,0.0,Two-path biologically constrained latent SCM,0.826,0.4245249605960854,0.047619047619047616,0.12558640719148054,0.0484829303847467,0.3700217761390514,0.426,168,0.8226837060702875,0.146875,0.37476348844396595,626,320,0.835016835016835,0.050314465408805034,0.3529837227125274,297,159,0.8103448275862069,0.13333333333333333,0.4024521664035051,58,30,0.8421052631578947,0.0,0.3811284776897225,19,9
14,1.5,0.0,Two-path latent SCM (counterfactual query),0.826,0.42452737745527264,0.1130952380952381,0.14176869161102024,0.10940474626987812,0.15657034753178486,0.456,168,0.829073482428115,0.159375,0.16243374347480183,626,320,0.8181818181818182,0.11320754716981132,0.14295123508793403,297,159,0.8275862068965517,0.13333333333333333,0.15334270215896242,58,30,0.8421052631578947,0.1111111111111111,0.18612792474856307,19,9
15,1.5,0.0,Associative latent class model,0.516,0.00019179721837157113,0.0,0.47997219040762534,0.4753547208205401,0.05021697465269216,0.709,152,0.5052950075642966,1.0,0.04268837219460921,661,327,0.5257352941176471,0.0,0.06867640892954739,272,143,0.625,1.0,0.04370531206595734,48,18,0.47368421052631576,0.0,0.06432223284487544,19,9
15,1.5,0.0,Renal-adjusted associative latent class model,0.81,0.3837889050337341,0.05263157894736842,0.12698987947881796,0.05263737494137261,0.35964730005397677,0.451,152,0.8199697428139183,0.1743119266055046,0.3708373331730438,661,327,0.7904411764705882,0.055944055944055944,0.3277794439621063,272,143,0.8125,0.2222222222222222,0.4001923580435646,48,18,0.7368421052631579,0.0,0.3241358359374121,19,9
15,1.5,0.0,Two-nuisance adjusted associative latent model,0.809,0.3813106838054344,0.05263157894736842,0.1265195140365927,0.05032289357518818,0.3580439333282707,0.45,152,0.8199697428139183,0.1712538226299694,0.36910106371396495,661,327,0.7867647058823529,0.055944055944055944,0.3261929743920538,272,143,0.8125,0.2777777777777778,0.38909470591038514,48,18,0.7368421052631579,0.0,0.35089975236856696,19,9
15,1.5,0.0,Two-path biologically constrained latent SCM,0.819,0.4064551608746684,0.08552631578947369,0.12164505373477624,0.05135686310708229,0.3683846322781875,0.452,152,0.8169440242057489,0.14678899082568808,0.3737176844953237,661,327,0.8235294117647058,0.08391608391608392,0.3485480806640448,272,143,0.8333333333333334,0.2222222222222222,0.40230370171907687,48,18,0.7894736842105263,0.1111111111111111,0.3811361686127717,19,9
15,1.5,0.0,Two-path latent SCM (counterfactual query),0.825,0.4219236506719932,0.10526315789473684,0.1385008162238999,0.10127598675919364,0.15415154065455192,0.468,152,0.8199697428139183,0.1529051987767584,0.15778834082962526,661,327,0.8382352941176471,0.0979020979020979,0.14392099909815198,272,143,0.8333333333333334,0.2222222222222222,0.14905489612412512,48,18,0.7894736842105263,0.2222222222222222,0.1869631893428579,19,9
16,1.5,0.0,Associative latent class model,0.461,0.005190999693036245,0.0,0.5314461039794778,0.5274400094137324,0.07954648168266354,0.707,122,0.4817629179331307,1.0,0.07242237243280873,658,341,0.417910447761194,0.0,0.09819704184022819,268,112,0.4489795918367347,1.0,0.07362934168230349,49,27,0.4,0.0,0.07871662665045416,25,10
16,1.5,0.0,Renal-adjusted associative latent class model,0.811,0.3862753930822369,0.16393442622950818,0.1288070821434626,0.04934793618805188,0.38586840661732036,0.561,122,0.7963525835866262,0.2668621700879765,0.38659679493072313,658,341,0.8507462686567164,0.16071428571428573,0.3920820270637808,268,112,0.8163265306122449,0.3333333333333333,0.3789818094773636,49,27,0.76,0.2,0.3135849454168174,25,10
16,1.5,0.0,Two-nuisance adjusted associative latent model,0.81,0.3837883983272825,0.16393442622950818,0.12874940205906452,0.044441573736402035,0.38636313620539636,0.558,122,0.7993920972644377,0.26392961876832843,0.38685799481438615,658,341,0.8395522388059702,0.16071428571428573,0.3937305249146629,268,112,0.8163265306122449,0.3333333333333333,0.37653919666705393,49,27,0.76,0.2,0.3136149721485974,25,10
16,1.5,0.0,Two-path biologically constrained latent SCM,0.817,0.4013623542371644,0.16393442622950818,0.12832716250431958,0.05079941721752843,0.38299168928532756,0.561,122,0.7993920972644377,0.26392961876832843,0.38352808072598765,658,341,0.8544776119402985,0.16964285714285715,0.38791434463732194,268,112,0.8571428571428571,0.25925925925925924,0.38580954437902326,49,27,0.8,0.1,0.31058000521012763,25,10
16,1.5,0.0,Two-path latent SCM (counterfactual query),0.821,0.41157610621783386,0.1557377049180328,0.15235744067733767,0.12469766446201674,0.11781798848392157,0.525,122,0.8069908814589666,0.21114369501466276,0.12345298023141821,658,341,0.8544776119402985,0.16071428571428573,0.11318453403323901,268,112,0.8367346938775511,0.2222222222222222,0.09240450688539484,49,27,0.8,0.1,0.06898606133423932,25,10
17,1.5,0.0,Associative latent class model,0.549,0.008670148846836952,0.7197452229299363,0.3615656709240151,0.36273225983305313,0.22064922948596888,0.288,157,0.514820592823713,0.0,0.18126582464822022,641,312,0.6276595744680851,0.7152777777777778,0.3093825233267562,282,144,0.4444444444444444,0.0,0.2053451899800214,45,18,0.6875,0.7692307692307693,0.24910721122542273,32,13
17,1.5,0.0,Renal-adjusted associative latent class model,0.824,0.4193250961231922,0.21019108280254778,0.1193168322496246,0.043827828197373846,0.34709208294720634,0.551,157,0.8159126365054602,0.22756410256410256,0.35140703498473036,641,312,0.8368794326241135,0.2013888888888889,0.34314547054960104,282,144,0.8444444444444444,0.16666666666666666,0.3011656848363955,45,18,0.84375,0.3076923076923077,0.3600217190427779,32,13
17,1.5,0.0,Two-nuisance adjusted associative latent model,0.824,0.4193252529675764,0.2229299363057325,0.11930515627990586,0.04544140296287735,0.34677277499745085,0.553,157,0.8190327613104524,0.22435897435897437,0.3507814725443115,641,312,0.8297872340425532,0.2152777777777778,0.34226668351967016,282,144,0.8444444444444444,0.16666666666666666,0.30422025212017856,45,18,0.84375,0.3076923076923077,0.3660229687060019,32,13
17,1.5,0.0,Two-path biologically constrained latent SCM,0.816,0.3988251640916587,0.3057324840764331,0.1213135012795168,0.055629433568713145,0.3426853048062958,0.557,157,0.8190327613104524,0.1987179487179487,0.3506715718280355,641,312,0.8085106382978723,0.2916666666666667,0.33538206592336056,282,144,0.8444444444444444,0.2222222222222222,0.2983089013653211,45,18,0.78125,0.46153846153846156,0.3094745035218115,32,13
17,1.5,0.0,Two-path latent SCM (counterfactual query),0.827,0.4271436266839501,0.24203821656050956,0.14102821564781629,0.11571950177855465,0.12611944108324757,0.53,157,0.8237129485179407,0.17307692307692307,0.12301077279547748,641,312,0.8297872340425532,0.2361111111111111,0.1426272874668538,282,144,0.8444444444444444,0.16666666666666666,0.09795885365364325,45,18,0.84375,0.3076923076923077,0.08251538253999349,32,13
18,1.5,0.0,Associative latent class model,0.605,0.04318530390755156,0.8486842105263158,0.28680993055380727,0.27016846484972673,0.2967986401114598,0.382,152,0.6064814814814815,0.018808777429467086,0.3108240971933376,648,319,0.6013513513513513,0.8489208633093526,0.26429204147435703,296,139,0.717948717948718,0.0,0.28957772888407834,39,22,0.35294117647058826,0.8461538461538461,0.34474408395813655,17,13
18,1.5,0.0,Renal-adjusted associative latent class model,0.814,0.39377871351037513,0.13815789473684212,0.12642866819804605,0.04095006761805344,0.37463956923103137,0.473,152,0.8179012345679012,0.16300940438871472,0.37317330337829935,648,319,0.8006756756756757,0.14388489208633093,0.38150220182791317,296,139,0.8205128205128205,0.13636363636363635,0.38962952804428785,39,22,0.8823529411764706,0.07692307692307693,0.27665090041787044,17,13
18,1.5,0.0,Two-nuisance adjusted associative latent model,0.815,0.396297125035544,0.15789473684210525,0.12605155675856086,0.040138789596912215,0.37500713597142143,0.474,152,0.8179012345679012,0.15673981191222572,0.3733982797277326,648,319,0.7972972972972973,0.16546762589928057,0.38286109775957466,296,139,0.8461538461538461,0.09090909090909091,0.3841986282475525,39,22,0.9411764705882353,0.07692307692307693,0.27849525113894946,17,13
18,1.5,0.0,Two-path biologically constrained latent SCM,0.813,0.39127092760152776,0.09868421052631579,0.1283795686940905,0.050302051782091954,0.37330114497097555,0.454,152,0.8179012345679012,0.15673981191222572,0.37274566037815576,648,319,0.7905405405405406,0.1079136690647482,0.37871977506404,296,139,0.8461538461538461,0.09090909090909091,0.3880057813540337,39,22,0.9411764705882353,0.0,0.2663928325980862,17,13
18,1.5,0.0,Two-path latent SCM (counterfactual query),0.812,0.38876443189037263,0.17763157894736842,0.14204945631269392,0.11086407273909282,0.15869083124503983,0.491,152,0.8194444444444444,0.1755485893416928,0.15706161287639633,648,319,0.7905405405405406,0.18705035971223022,0.1557634372633452,296,139,0.8205128205128205,0.13636363636363635,0.23014442877910313,39,22,0.8823529411764706,0.07692307692307693,0.10784093816469137,17,13
19,1.5,0.0,Associative latent class model,0.59,0.03150572102463098,0.8625954198473282,0.31481233367732864,0.3160142056152749,0.25369365680774003,0.331,131,0.5804511278195489,0.009230769230769232,0.2737823657502906,665,325,0.59375,0.859504132231405,0.1994638098984236,256,121,0.7049180327868853,0.0,0.27935310196858837,61,35,0.5,0.9,0.1958393905398047,18,10
19,1.5,0.0,Renal-adjusted associative latent class model,0.809,0.3813053153631134,0.3053435114503817,0.1313488631782554,0.02984702089994187,0.3802381508934594,0.516,131,0.8150375939849624,0.16615384615384615,0.3787191652975105,665,325,0.7890625,0.2975206611570248,0.3842850470100948,256,121,0.8524590163934426,0.14285714285714285,0.3766628776822547,61,35,0.7222222222222222,0.4,0.39091657763406074,18,10
19,1.5,0.0,Two-nuisance adjusted associative latent model,0.808,0.3788349004716295,0.3053435114503817,0.13161091843284975,0.032965971472548046,0.3798909769976402,0.517,131,0.8150375939849624,0.16615384615384615,0.3784050885651591,665,325,0.7890625,0.2975206611570248,0.38378394443565317,256,121,0.8360655737704918,0.17142857142857143,0.3769712051120074,61,35,0.7222222222222222,0.4,0.389314434136093,18,10
19,1.5,0.0,Two-path biologically constrained latent SCM,0.804,0.36903289455928473,0.2595419847328244,0.12995090676228108,0.028651911758765115,0.3829624609421537,0.513,131,0.8135338345864662,0.1753846153846154,0.3794208399649972,665,325,0.78515625,0.256198347107438,0.3925276961302456,256,121,0.7868852459016393,0.2571428571428571,0.3781617491495377,61,35,0.7777777777777778,0.3,0.39403585877588543,18,10
19,1.5,0.0,Two-path latent SCM (counterfactual query),0.811,0.3862699609801586,0.183206106870229,0.1536399296384512,0.1265157495767397,0.13067347546893582,0.492,131,0.8120300751879699,0.1723076923076923,0.11914460765769841,665,325,0.80078125,0.18181818181818182,0.1524745875488635,256,121,0.8360655737704918,0.17142857142857143,0.15949261406226742,61,35,0.8333333333333334,0.2,0.14887597256994406,18,10
0,1.5,0.5,Associative latent class model,0.493,-0.0008553862764691573,0.0,0.5017416471543252,0.49675495278371085,0.06147465074480678,0.707,152,0.4756838905775076,1.0,0.053140893737368154,658,345,0.5144927536231884,0.0,0.07858451846709356,276,142,0.5714285714285714,1.0,0.06396654703788936,49,21,0.5882352941176471,0.0,0.09907380963789007,17,10
0,1.5,0.5,Renal-adjusted associative latent class model,0.821,0.4115742080140864,0.34868421052631576,0.13131853291435067,0.05981099498623003,0.3916715228949596,0.547,152,0.8449848024316109,0.1826086956521739,0.38543448692547705,658,345,0.7789855072463768,0.3380281690140845,0.39720017568536126,276,142,0.7755102040816326,0.2857142857142857,0.43265361167824273,49,21,0.7058823529411765,0.5,0.42519735509424006,17,10
0,1.5,0.5,Two-nuisance adjusted associative latent model,0.819,0.4064490709776207,0.3355263157894737,0.13089146044533204,0.05979805333996547,0.3917057886874882,0.547,152,0.8434650455927052,0.19420289855072465,0.384559294511026,658,345,0.7753623188405797,0.3380281690140845,0.39741927166859564,276,142,0.7346938775510204,0.23809523809523808,0.43748823535998466,49,21,0.8235294117647058,0.3,0.4435959050624411,17,10
0,1.5,0.5,Two-path biologically constrained latent SCM,0.819,0.406449442781036,0.21052631578947367,0.13023455486379082,0.05211609987973638,0.3971295938141757,0.541,152,0.8252279635258358,0.24057971014492754,0.38658700424230413,658,345,0.8115942028985508,0.2112676056338028,0.411465415768021,276,142,0.7755102040816326,0.23809523809523808,0.4393274097304118,49,21,0.8235294117647058,0.2,0.4508145408220944,17,10
0,1.5,0.5,Two-path latent SCM (counterfactual query),0.832,0.4403364598345527,0.21052631578947367,0.14885918417554625,0.12540415385186146,0.1274705396655665,0.508,152,0.8465045592705167,0.17681159420289855,0.1213606573106669,658,345,0.8115942028985508,0.2112676056338028,0.13849039928629164,276,142,0.7551020408163265,0.19047619047619047,0.15098767799850263,49,21,0.8235294117647058,0.2,0.11726357236497321,17,10
1,1.5,0.5,Associative latent class model,0.636,0.07302494520206403,0.9,0.2744740184280686,0.25727240053459144,0.29931990790990953,0.431,170,0.6923076923076923,0.024390243902439025,0.34391825164460754,637,328,0.5050847457627119,0.9012345679012346,0.1980363923088983,295,162,0.7115384615384616,0.0,0.35581410615728176,52,29,0.5625,0.875,0.20755702256192896,16,8
1,1.5,0.5,Renal-adjusted associative latent class model,0.822,0.414149650766647,0.2,0.12296939044584715,0.03670916834241302,0.3926175039239846,0.481,170,0.82574568288854,0.17073170731707318,0.3896466427982632,637,328,0.8067796610169492,0.19753086419753085,0.3920531823953339,295,162,0.9038461538461539,0.10344827586206896,0.40310941685502055,52,29,0.6875,0.25,0.4872008736504,16,8
1,1.5,0.5,Two-nuisance adjusted associative latent model,0.824,0.4193236845199212,0.19411764705882353,0.12344443717325186,0.04138337517177866,0.39479831970305873,0.487,170,0.8273155416012559,0.18292682926829268,0.3927360753681774,637,328,0.8135593220338984,0.2037037037037037,0.3950687635847825,295,162,0.8846153846153846,0.06896551724137931,0.40156666913892275,52,29,0.6875,0.0,0.4499179775496799,16,8
1,1.5,0.5,Two-path biologically constrained latent SCM,0.824,0.41932439799336185,0.2529411764705882,0.12364735066623402,0.04148392084142335,0.393113301944446,0.497,170,0.8241758241758241,0.1676829268292683,0.3902050328395055,637,328,0.8135593220338984,0.24691358024691357,0.3922949810980814,295,162,0.9230769230769231,0.06896551724137931,0.4048929460724565,52,29,0.6875,0.375,0.4857027128737036,16,8
1,1.5,0.5,Two-path latent SCM (counterfactual query),0.826,0.424528886487348,0.20588235294117646,0.14655305636869656,0.11843105856524122,0.11858134186745832,0.487,170,0.82574568288854,0.17073170731707318,0.11385341119616528,637,328,0.823728813559322,0.2037037037037037,0.11753122820192731,295,162,0.9038461538461539,0.10344827586206896,0.15305937718698115,52,29,0.625,0.25,0.21411993763809192,16,8
2,1.5,0.5,Associative latent class model,0.601,0.03988508165797542,0.900709219858156,0.3096703139849167,0.3018700064097929,0.2386930363424764,0.387,141,0.6109422492401215,0.03927492447129909,0.26766794380068293,658,331,0.5884476534296029,0.889763779527559,0.1677641087709592,277,127,0.6511627906976745,0.0,0.3006573592336338,43,22,0.36363636363636365,1.0,0.1440274884102312,22,14
2,1.5,0.5,Renal-adjusted associative latent class model,0.804,0.36903790370148915,0.1347517730496454,0.1354908598818167,0.05511960229510518,0.3443313656785796,0.55,141,0.790273556231003,0.27492447129909364,0.33989608690565165,658,331,0.8447653429602888,0.12598425196850394,0.34898165988272084,277,127,0.7209302325581395,0.45454545454545453,0.36162199240063986,43,22,0.8636363636363636,0.21428571428571427,0.3846397742690733,22,14
2,1.5,0.5,Two-nuisance adjusted associative latent model,0.808,0.3788392121442967,0.11347517730496454,0.13685866490955137,0.05870620409914916,0.3422427134719402,0.548,141,0.7933130699088146,0.27492447129909364,0.3374969170719787,658,331,0.8483754512635379,0.11023622047244094,0.3475167922358316,277,127,0.7209302325581395,0.45454545454545453,0.3592093213624124,43,22,0.9090909090909091,0.14285714285714285,0.3846177168485974,22,14
2,1.5,0.5,Two-path biologically constrained latent SCM,0.814,0.3937837802016184,0.18439716312056736,0.13148309699792748,0.058466718079436736,0.3438591190182896,0.556,141,0.7978723404255319,0.2598187311178248,0.34110846961732255,658,331,0.855595667870036,0.1732283464566929,0.341984463878744,277,127,0.7906976744186046,0.2727272727272727,0.37879511727079945,43,22,0.8181818181818182,0.2857142857142857,0.38144815786522046,22,14
2,1.5,0.5,Two-path latent SCM (counterfactual query),0.818,0.40390175278642104,0.14184397163120568,0.15621698243529675,0.13034558603233098,0.12335191767384138,0.534,141,0.7993920972644377,0.24169184290030213,0.12648659436117501,658,331,0.8592057761732852,0.13385826771653545,0.10898294850049756,277,127,0.813953488372093,0.22727272727272727,0.15310190479029015,43,22,0.8636363636363636,0.21428571428571427,0.15236727016217763,22,14
3,1.5,0.5,Associative latent class model,0.494,-0.0006999777397846408,0.0,0.49928386506228084,0.49257945997777586,0.07086647163496289,0.7,148,0.4954268292682927,1.0,0.05198326591111727,656,331,0.4928571428571429,0.0,0.1138597349025907,280,138,0.4772727272727273,1.0,0.061372506148498054,44,23,0.5,0.0,0.1092166577005321,20,10
3,1.5,0.5,Renal-adjusted associative latent class model,0.83,0.43503491471457534,0.20945945945945946,0.12260444833005743,0.04371481449365806,0.39356175254148035,0.514,148,0.8384146341463414,0.16314199395770393,0.3898212294472693,656,331,0.8214285714285714,0.1956521739130435,0.4011688404630187,280,138,0.7727272727272727,0.34782608695652173,0.4016476262543543,44,23,0.8,0.4,0.3919627569617469,20,10
3,1.5,0.5,Two-nuisance adjusted associative latent model,0.829,0.43239634043232406,0.20945945945945946,0.12224161802786272,0.04349213226886374,0.3941592810888125,0.515,148,0.836890243902439,0.1661631419939577,0.38995093111329343,656,331,0.8178571428571428,0.2028985507246377,0.4012796725195019,280,138,0.7727272727272727,0.34782608695652173,0.40887131632315926,44,23,0.85,0.3,0.4001412027406235,20,10
3,1.5,0.5,Two-path biologically constrained latent SCM,0.825,0.4219225580057279,0.20270270270270271,0.12289817780422825,0.03296288341205136,0.3935130783368432,0.523,148,0.8338414634146342,0.18731117824773413,0.3893142931704671,656,331,0.8142857142857143,0.1956521739130435,0.40120005916236434,280,138,0.7727272727272727,0.34782608695652173,0.40213500680382563,44,23,0.8,0.3,0.4046472576093225,20,10
3,1.5,0.5,Two-path latent SCM (counterfactual query),0.827,0.42714259865593085,0.19594594594594594,0.14975099224278904,0.13236667612396763,0.10334859120669201,0.503,148,0.8353658536585366,0.15709969788519637,0.10557270829984944,656,331,0.8178571428571428,0.18840579710144928,0.0963095652380514,280,138,0.7727272727272727,0.34782608695652173,0.11187450716327976,44,23,0.8,0.3,0.11018689900760426,20,10
4,1.5,0.5,Associative latent class model,0.545,0.007169186228844814,0.8794326241134752,0.4045999339669677,0.4147600750583513,0.12286397638678469,0.28,141,0.5319148936170213,0.0,0.030662059856086627,658,350,0.5833333333333334,0.8740740740740741,0.33592642529054395,288,135,0.5116279069767442,0.0,0.04662155743099057,43,22,0.45454545454545453,1.0,0.35789123166094877,11,6
4,1.5,0.5,Renal-adjusted associative latent class model,0.817,0.40135741488457277,0.12056737588652482,0.12638960347903058,0.054104741892393546,0.34338870998894616,0.518,141,0.8206686930091185,0.22857142857142856,0.3408215921720488,658,350,0.8333333333333334,0.1111111111111111,0.35167104291707324,288,135,0.6744186046511628,0.45454545454545453,0.34052461408454426,43,22,0.7272727272727273,0.3333333333333333,0.29129850672596125,11,6
4,1.5,0.5,Two-nuisance adjusted associative latent model,0.816,0.39882285326958355,0.12056737588652482,0.12602921993951446,0.05249866788067584,0.3430795587667949,0.517,141,0.8191489361702128,0.2342857142857143,0.3402390507104697,658,350,0.8298611111111112,0.11851851851851852,0.3515020969432237,288,135,0.6976744186046512,0.36363636363636365,0.34506100812839585,43,22,0.7272727272727273,0.16666666666666666,0.28473055728512187,11,6
4,1.5,0.5,Two-path biologically constrained latent SCM,0.819,0.4064506308131514,0.1702127659574468,0.12301534407738254,0.050546848180404905,0.3444693814362544,0.522,141,0.8252279635258358,0.21714285714285714,0.3417818376892839,658,350,0.8229166666666666,0.17037037037037037,0.3523165348392032,288,135,0.7209302325581395,0.36363636363636365,0.3466849564484764,43,22,0.7272727272727273,0.16666666666666666,0.29111973415732084,11,6
4,1.5,0.5,Two-path latent SCM (counterfactual query),0.823,0.41673254640526763,0.1347517730496454,0.14214671625050887,0.11701934021509744,0.13584876572586005,0.502,141,0.8328267477203647,0.19714285714285715,0.13644621657291098,658,350,0.8229166666666666,0.13333333333333333,0.12883949791030833,288,135,0.6976744186046512,0.36363636363636365,0.18342423273856068,43,22,0.7272727272727273,0.16666666666666666,0.09764889226888579,11,6
5,1.5,0.5,Associative latent class model,0.518,0.0004179731511115989,0.0,0.4780954393847517,0.4725197771108003,0.05662797714321678,0.695,165,0.49608763693270735,1.0,0.057123632025489264,639,322,0.5531914893617021,0.0,0.05494449081697037,282,156,0.6428571428571429,1.0,0.06830117842632931,56,20,0.391304347826087,0.0,0.03507669028995899,23,9
5,1.5,0.5,Renal-adjusted associative latent class model,0.829,0.43239717557893337,0.26666666666666666,0.11498423520097215,0.035807054260790915,0.3699783795838097,0.526,165,0.837245696400626,0.16770186335403728,0.3664867879574707,639,322,0.8156028368794326,0.25,0.3817299231443394,282,156,0.8571428571428571,0.2,0.3611577586229225,56,20,0.6956521739130435,0.5555555555555556,0.3443760551912416,23,9
5,1.5,0.5,Two-nuisance adjusted associative latent model,0.828,0.429766645949206,0.26666666666666666,0.1152824341324492,0.03263218383589989,0.36349224252803697,0.527,165,0.838810641627543,0.16459627329192547,0.36055020658738607,639,322,0.8156028368794326,0.24358974358974358,0.3758414139088176,282,156,0.8392857142857143,0.3,0.34825758339781404,56,20,0.6521739130434783,0.6666666666666666,0.33091117939709525,23,9
5,1.5,0.5,Two-path biologically constrained latent SCM,0.831,0.4376818157724599,0.17575757575757575,0.11559724265136076,0.03920289298585722,0.35985564962571753,0.518,165,0.837245696400626,0.19875776397515527,0.3562223256605308,639,322,0.8226950354609929,0.16025641025641027,0.36826963671822643,282,156,0.8571428571428571,0.2,0.35460472272578664,56,20,0.6956521739130435,0.4444444444444444,0.3704209348458462,23,9
5,1.5,0.5,Two-path latent SCM (counterfactual query),0.829,0.4323959683938109,0.17575757575757575,0.13397013683316414,0.1146485072255487,0.12627768376633114,0.504,165,0.8356807511737089,0.18012422360248448,0.13193903480205743,639,322,0.8226950354609929,0.16025641025641027,0.11713394179353101,282,156,0.8392857142857143,0.2,0.11200098506574108,56,20,0.6956521739130435,0.4444444444444444,0.11586146862431429,23,9
6,1.5,0.5,Associative latent class model,0.555,0.011174588486729201,0.8872180451127819,0.3556534933629123,0.36106597017328423,0.22172141133563542,0.305,133,0.5375375375375375,0.003048780487804878,0.20716368706732255,666,328,0.5671641791044776,0.8837209302325582,0.258770756963338,268,129,0.6304347826086957,0.0,0.2300388554057659,46,27,0.8,1.0,0.19090227669793913,20,4
6,1.5,0.5,Renal-adjusted associative latent class model,0.814,0.39377785401347715,0.16541353383458646,0.12962228324136083,0.03480765272053842,0.4135168725481079,0.518,133,0.8183183183183184,0.19207317073170732,0.41860212811378816,666,328,0.8208955223880597,0.16279069767441862,0.40852479922394397,268,129,0.6956521739130435,0.4074074074074074,0.41144085771831507,46,27,0.85,0.25,0.31584647886328054,20,4
6,1.5,0.5,Two-nuisance adjusted associative latent model,0.815,0.3962964922493058,0.15789473684210525,0.12934525880282127,0.034477539225427276,0.41176314699400746,0.521,133,0.8153153153153153,0.20121951219512196,0.41617322871010476,666,328,0.8246268656716418,0.16279069767441862,0.4063866699057089,268,129,0.717391304347826,0.37037037037037035,0.4159025802887461,46,27,0.9,0.0,0.32743152225326694,20,4
6,1.5,0.5,Two-path biologically constrained latent SCM,0.809,0.3813058089293114,0.15037593984962405,0.13023505979878802,0.04825244717327658,0.41257663341994666,0.527,133,0.8078078078078078,0.22560975609756098,0.4165959478310287,666,328,0.8171641791044776,0.15503875968992248,0.40669607558803156,268,129,0.7391304347826086,0.3333333333333333,0.4187121098318654,46,27,0.9,0.0,0.3434213427311621,20,4
6,1.5,0.5,Two-path latent SCM (counterfactual query),0.814,0.39377772214630935,0.14285714285714285,0.1559451147644043,0.12954961040046759,0.12974160043010297,0.514,133,0.8153153153153153,0.20121951219512196,0.13182486063165716,666,328,0.8208955223880597,0.14728682170542637,0.12440061251145382,268,129,0.717391304347826,0.3333333333333333,0.1370327256298017,46,27,0.9,0.0,0.11516868586894055,20,4
7,1.5,0.5,Associative latent class model,0.484,0.00018025772809507657,0.9932885906040269,0.47710711678505524,0.4909774280531631,0.09370579989172095,0.286,149,0.4851190476190476,0.0,0.0678198659229089,672,326,0.4684014869888476,1.0,0.15608108247765323,269,143,0.4634146341463415,0.0,0.07463086412446945,41,19,0.7222222222222222,0.8333333333333334,0.17139852088523463,18,6
7,1.5,0.5,Renal-adjusted associative latent class model,0.823,0.41673559630327267,0.24161073825503357,0.12687774765304896,0.03126833585367054,0.37368028397964687,0.541,149,0.8244047619047619,0.20245398773006135,0.3719281888185925,672,326,0.8215613382899628,0.23076923076923078,0.3816232146679966,269,143,0.8536585365853658,0.21052631578947367,0.3473051727486139,41,19,0.7222222222222222,0.5,0.3804657925093574,18,6
7,1.5,0.5,Two-nuisance adjusted associative latent model,0.823,0.41673497196324577,0.2348993288590604,0.12689126796847036,0.03214483226931952,0.37384796513473534,0.537,149,0.8244047619047619,0.19938650306748465,0.37161744544340375,672,326,0.8252788104089219,0.23076923076923078,0.3810632523343148,269,143,0.8292682926829268,0.21052631578947367,0.3486336241868291,41,19,0.7222222222222222,0.3333333333333333,0.4067249070654049,18,6
7,1.5,0.5,Two-path biologically constrained latent SCM,0.82,0.40901112987762767,0.22818791946308725,0.12676706564195184,0.022948091620248,0.37379191883508495,0.536,149,0.8229166666666666,0.20552147239263804,0.3710740597197927,672,326,0.8215613382899628,0.22377622377622378,0.381919533581179,269,143,0.8292682926829268,0.21052631578947367,0.34833132126884925,41,19,0.6666666666666666,0.3333333333333333,0.41178955544579277,18,6
7,1.5,0.5,Two-path latent SCM (counterfactual query),0.821,0.4115765425795754,0.22818791946308725,0.14700406631655694,0.12629953636828173,0.11709945507070589,0.527,149,0.8244047619047619,0.19325153374233128,0.1164732577239208,672,326,0.8178438661710037,0.22377622377622378,0.1158928267183142,269,143,0.8536585365853658,0.15789473684210525,0.10252076456463245,41,19,0.6666666666666666,0.3333333333333333,0.1917168969919261,18,6
8,1.5,0.5,Associative latent class model,0.607,0.04481348135552054,0.8873239436619719,0.28944831246108127,0.2719989683970894,0.3014336324521686,0.402,142,0.6289120715350224,0.031545741324921134,0.3332990851309994,671,317,0.55893536121673,0.8787878787878788,0.2126356047018767,263,132,0.6458333333333334,0.05,0.376729129346051,48,20,0.3888888888888889,1.0,0.2102102268924444,18,10
8,1.5,0.5,Renal-adjusted associative latent class model,0.814,0.3937757005419706,0.14084507042253522,0.1336919180598479,0.06494290041524833,0.35784593255805064,0.463,142,0.8017883755588674,0.12302839116719243,0.3638865023995918,671,317,0.8479087452471483,0.13636363636363635,0.34741440950839986,263,132,0.8333333333333334,0.25,0.3347616904582941,48,20,0.7222222222222222,0.2,0.3466410336231836,18,10
8,1.5,0.5,Two-nuisance adjusted associative latent model,0.815,0.3962940890432323,0.14788732394366197,0.13366799647191072,0.06732175168979512,0.3572241673055349,0.462,142,0.8017883755588674,0.12302839116719243,0.362999327993524,671,317,0.8479087452471483,0.14393939393939395,0.3465283335483356,263,132,0.8541666666666666,0.15,0.3436675499444206,48,20,0.7222222222222222,0.2,0.3343680056297692,18,10
8,1.5,0.5,Two-path biologically constrained latent SCM,0.819,0.40644705893754396,0.1056338028169014,0.13313128050072692,0.064144934363966,0.3589755858404932,0.454,142,0.8047690014903129,0.12302839116719243,0.3655120950513571,671,317,0.8555133079847909,0.09848484848484848,0.34751997468458357,263,132,0.8541666666666666,0.15,0.34317728174558143,48,20,0.7222222222222222,0.2,0.32481706639995805,18,10
8,1.5,0.5,Two-path latent SCM (counterfactual query),0.818,0.4038993906321878,0.14084507042253522,0.14986889842983203,0.12825475464172836,0.13410078371887005,0.477,142,0.8077496274217586,0.138801261829653,0.1406678188440325,671,317,0.8479087452471483,0.13636363636363635,0.12601195890037659,263,132,0.8333333333333334,0.25,0.1156494630944182,48,20,0.7222222222222222,0.2,0.05668654751072798,18,10
9,1.5,0.5,Associative latent class model,0.492,-0.0006027118386366662,0.0,0.5012021020549982,0.49931010433554146,0.08440043776799946,0.699,149,0.4921135646687697,1.0,0.08250246053474776,634,322,0.49454545454545457,0.0,0.08960345095137509,275,136,0.47692307692307695,1.0,0.07617365250911529,65,34,0.5,0.0,0.09621697554802847,26,13
9,1.5,0.5,Renal-adjusted associative latent class model,0.823,0.4167343611994136,0.2348993288590604,0.12990867876658835,0.03487870691025489,0.39788763962910084,0.532,149,0.8343848580441641,0.18633540372670807,0.3888624491859438,634,322,0.8109090909090909,0.23529411764705882,0.42889892199750274,275,136,0.7384615384615385,0.35294117647058826,0.36212239277843356,65,34,0.8846153846153846,0.23076923076923078,0.37937260635773196,26,13
9,1.5,0.5,Two-nuisance adjusted associative latent model,0.823,0.41673524485969804,0.24161073825503357,0.12951134348921436,0.035449466207626706,0.3971252961151844,0.538,149,0.8359621451104101,0.1956521739130435,0.38734950739626506,634,322,0.8072727272727273,0.2426470588235294,0.4273007789075322,275,136,0.7538461538461538,0.3235294117647059,0.36807975054092085,65,34,0.8461538461538461,0.23076923076923078,0.38895424773927323,26,13
9,1.5,0.5,Two-path biologically constrained latent SCM,0.824,0.41932481259659027,0.20134228187919462,0.1294644699562528,0.03867224596488772,0.39840282003430355,0.531,149,0.8375394321766562,0.20186335403726707,0.38787929592075837,634,322,0.8072727272727273,0.19852941176470587,0.42980116498882426,275,136,0.7538461538461538,0.3235294117647059,0.36905140990988833,65,34,0.8461538461538461,0.23076923076923078,0.3962955540182063,26,13
9,1.5,0.5,Two-path latent SCM (counterfactual query),0.821,0.411575588311001,0.22818791946308725,0.15034429795899332,0.12202912600171711,0.12028000618408075,0.516,149,0.832807570977918,0.17701863354037267,0.11154185616792489,634,322,0.8,0.22794117647058823,0.14020392303845966,275,136,0.7846153846153846,0.2647058823529412,0.12911917765293865,65,34,0.8461538461538461,0.23076923076923078,0.10052476886919044,26,13
10,1.5,0.5,Associative latent class model,0.613,0.050156645190688895,0.8670886075949367,0.2866913681997165,0.2774653011724738,0.2884010654078595,0.395,158,0.6367781155015197,0.024922118380062305,0.31714192913400974,658,321,0.5245283018867924,0.8873239436619719,0.22463302693659654,265,142,0.7755102040816326,0.0,0.2951524963580346,49,29,0.6071428571428571,0.6875,0.2046946992121174,28,16
10,1.5,0.5,Renal-adjusted associative latent class model,0.837,0.4537301842082454,0.12025316455696203,0.1205228558010005,0.02534239717112826,0.36258448870822824,0.477,158,0.817629179331307,0.1557632398753894,0.3706016964320946,658,321,0.8716981132075472,0.11971830985915492,0.3475634915351462,265,142,0.8775510204081632,0.1724137931034483,0.377827885342178,49,29,0.8928571428571429,0.125,0.2896671720474818,28,16
10,1.5,0.5,Two-nuisance adjusted associative latent model,0.834,0.4456703738431085,0.13924050632911392,0.11988637016521506,0.02636941917272317,0.36214652824256705,0.474,158,0.8145896656534954,0.1557632398753894,0.3712759970158721,658,321,0.8566037735849057,0.14788732394366197,0.349430304350937,265,142,0.9183673469387755,0.06896551724137931,0.3563397464591543,49,29,0.9285714285714286,0.0625,0.2781158563080851,28,16
10,1.5,0.5,Two-path biologically constrained latent SCM,0.838,0.4564328117221254,0.12658227848101267,0.11979508355882433,0.02887445825989103,0.3625230563834921,0.478,158,0.8191489361702128,0.1557632398753894,0.37108138215289616,658,321,0.8679245283018868,0.1267605633802817,0.3478308971890499,265,142,0.8979591836734694,0.13793103448275862,0.37157366905298017,49,29,0.8928571428571429,0.125,0.2846146210068617,28,16
10,1.5,0.5,Two-path latent SCM (counterfactual query),0.842,0.4673232375485732,0.11392405063291139,0.13823035980768988,0.10987466876656811,0.12630093016161467,0.486,158,0.8252279635258358,0.16510903426791276,0.13951965771531655,658,321,0.8679245283018868,0.11971830985915492,0.09759546703353036,265,142,0.8775510204081632,0.1724137931034483,0.11473687651134586,49,29,0.9285714285714286,0.0625,0.10757463114267456,28,16
11,1.5,0.5,Associative latent class model,0.521,0.0004481540742165666,0.9548872180451128,0.38898756844302546,0.40074743216865794,0.20951312384962376,0.307,133,0.5029850746268657,0.006349206349206349,0.21404153798601602,670,315,0.550561797752809,0.9523809523809523,0.19668331967662642,267,126,0.5777777777777777,0.0,0.23235693336366434,45,24,0.6111111111111112,1.0,0.17415472466493748,18,7
11,1.5,0.5,Renal-adjusted associative latent class model,0.8,0.3593491249372207,0.13533834586466165,0.13675093164876964,0.07289711493981586,0.38079079691349854,0.454,133,0.7985074626865671,0.11746031746031746,0.37713239867210335,670,315,0.8089887640449438,0.12698412698412698,0.3861707784781931,267,126,0.7555555555555555,0.3333333333333333,0.389362424396952,45,24,0.8333333333333334,0.2857142857142857,0.41573238064715917,18,7
11,1.5,0.5,Two-nuisance adjusted associative latent model,0.803,0.3665929773642086,0.15037593984962405,0.13446818154907778,0.06772667736790167,0.3802771093247947,0.455,133,0.7970149253731343,0.12380952380952381,0.3757458485800338,670,315,0.8239700374531835,0.14285714285714285,0.38561991293002806,267,126,0.8,0.125,0.3894529765806008,45,24,0.7222222222222222,0.2857142857142857,0.4467494487626406,18,7
11,1.5,0.5,Two-path biologically constrained latent SCM,0.796,0.34979095770930946,0.12030075187969924,0.1385242291237042,0.08587435682650975,0.37904280051882666,0.434,133,0.7985074626865671,0.11428571428571428,0.3756212785870274,670,315,0.7940074906367042,0.1111111111111111,0.3804384386879906,267,126,0.8,0.125,0.3924913548539518,45,24,0.7222222222222222,0.2857142857142857,0.45207609818872135,18,7
11,1.5,0.5,Two-path latent SCM (counterfactual query),0.808,0.37883310120581587,0.12781954887218044,0.15772377957711134,0.13859496906972849,0.13765781973848076,0.476,133,0.8134328358208955,0.14603174603174604,0.13174060019009443,670,315,0.8127340823970037,0.11904761904761904,0.15022875202009703,267,126,0.7333333333333333,0.2916666666666667,0.14504684157459502,45,24,0.7222222222222222,0.2857142857142857,0.15296849727193276,18,7
12,1.5,0.5,Associative latent class model,0.472,0.0022969848392538077,0.0,0.5143040193646927,0.5017213193152537,0.10757942686202646,0.716,131,0.48024316109422494,1.0,0.1253837240031508,658,341,0.462406015037594,0.0,0.06925501547059718,266,123,0.423728813559322,1.0,0.10188852965498069,59,34,0.47058823529411764,0.0,0.03786347665473703,17,8
12,1.5,0.5,Renal-adjusted associative latent class model,0.799,0.3569615764834242,0.1297709923664122,0.1419187009955454,0.043485053438512736,0.36509511065237304,0.523,131,0.7993920972644377,0.25513196480938416,0.3717159150690149,658,341,0.7969924812030075,0.12195121951219512,0.34862315321132437,266,123,0.7966101694915254,0.3235294117647059,0.3733071954905847,59,34,0.8235294117647058,0.25,0.33806795581202753,17,8
12,1.5,0.5,Two-nuisance adjusted associative latent model,0.795,0.3474478750608956,0.09923664122137404,0.1436454121772561,0.043612555267764,0.36455791807154003,0.521,131,0.7963525835866262,0.2785923753665689,0.37111329734399484,658,341,0.7969924812030075,0.10569105691056911,0.3479854099553764,266,123,0.7627118644067796,0.23529411764705882,0.38146265855590117,59,34,0.8235294117647058,0.0,0.31146779507430034,17,8
12,1.5,0.5,Two-path biologically constrained latent SCM,0.798,0.35457151389375374,0.20610687022900764,0.13809120911711464,0.046582056744821444,0.36897161762842773,0.526,131,0.8024316109422492,0.2375366568914956,0.37467124856537687,658,341,0.793233082706767,0.2032520325203252,0.35301213785364066,266,123,0.7796610169491526,0.2647058823529412,0.3855908483188094,59,34,0.7647058823529411,0.25,0.34040278544303265,17,8
12,1.5,0.5,Two-path latent SCM (counterfactual query),0.805,0.3714711932967404,0.21374045801526717,0.15855545271440644,0.12516253328412888,0.15065548443888052,0.511,131,0.8100303951367781,0.20234604105571846,0.15417753568195885,658,341,0.8007518796992481,0.21138211382113822,0.13557362298657033,266,123,0.7627118644067796,0.2647058823529412,0.16105094962393368,59,34,0.8235294117647058,0.25,0.21423977752422316,17,8
13,1.5,0.5,Associative latent class model,0.514,-0.0001459411022310753,0.9931506849315068,0.39142399626144503,0.41346856727077275,0.2217952500030166,0.315,146,0.5242424242424243,0.0,0.24660181764730016,660,322,0.4870848708487085,1.0,0.15174083712401237,271,139,0.46,0.0,0.3033611160487103,50,21,0.6842105263157895,0.8571428571428571,0.14464356277660925,19,7
13,1.5,0.5,Renal-adjusted associative latent class model,0.787,0.328806256777002,0.0547945205479452,0.1434145728121972,0.05545707058565928,0.38388700790447444,0.464,146,0.8015151515151515,0.20496894409937888,0.39388508127473254,660,322,0.7564575645756457,0.05755395683453238,0.3586529380460549,271,139,0.76,0.42857142857142855,0.42589050667323014,50,21,0.7894736842105263,0.0,0.285967511526765,19,7
13,1.5,0.5,Two-nuisance adjusted associative latent model,0.779,0.3106763768575042,0.0410958904109589,0.1473922598094901,0.0631262464523866,0.3781832451182829,0.462,146,0.793939393939394,0.2329192546583851,0.38946055353426046,660,322,0.7343173431734318,0.04316546762589928,0.3464454992284861,271,139,0.82,0.23809523809523808,0.43466378236635334,50,21,0.7894736842105263,0.0,0.2904926513912414,19,7
13,1.5,0.5,Two-path biologically constrained latent SCM,0.801,0.3617690049165593,0.13013698630136986,0.1376958025488877,0.06134903787727812,0.39654874388002576,0.448,146,0.8075757575757576,0.14906832298136646,0.39849972814003864,660,322,0.7822878228782287,0.1366906474820144,0.3907896705910082,271,139,0.82,0.047619047619047616,0.44347640272789063,50,21,0.7894736842105263,0.0,0.28742644426539843,19,7
13,1.5,0.5,Two-path latent SCM (counterfactual query),0.807,0.3763721789104686,0.1780821917808219,0.16285213987831298,0.13750532924669787,0.12508428671445343,0.49,146,0.8106060606060606,0.17391304347826086,0.1253831091868364,660,322,0.7933579335793358,0.18705035971223022,0.11139315990027826,271,139,0.8,0.19047619047619047,0.2047550406221999,50,21,0.8947368421052632,0.0,0.10032296247663171,19,7
14,1.5,0.5,Associative latent class model,0.494,-0.0007106171085174518,0.0,0.495087162563205,0.48711856592411046,0.12707007889216546,0.698,146,0.4969418960244648,1.0,0.1602018851485164,654,329,0.46785714285714286,0.0,0.05156417460791762,280,131,0.5227272727272727,1.0,0.1342543139119547,44,21,0.6818181818181818,0.0,0.08876760466785424,22,15
14,1.5,0.5,Renal-adjusted associative latent class model,0.841,0.464589341810844,0.18493150684931506,0.108826537487438,0.03154539274396199,0.38102321526272137,0.475,146,0.863914373088685,0.1033434650455927,0.3868445186989334,654,329,0.7821428571428571,0.19083969465648856,0.3716426300483457,280,131,0.8409090909090909,0.19047619047619047,0.39130334132587646,44,21,0.9090909090909091,0.13333333333333333,0.3068007546247102,22,15
14,1.5,0.5,Two-nuisance adjusted associative latent model,0.846,0.4783424871601771,0.2602739726027397,0.1086076089565475,0.02467437255796994,0.376091046332587,0.518,146,0.8593272171253823,0.1337386018237082,0.383879035940922,654,329,0.8107142857142857,0.2748091603053435,0.36137742284088786,280,131,0.8409090909090909,0.09523809523809523,0.38986723888325164,44,21,0.9090909090909091,0.13333333333333333,0.3042872691323782,22,15
14,1.5,0.5,Two-path biologically constrained latent SCM,0.838,0.4564323223159708,0.18493150684931506,0.10790978540016007,0.036303285719990884,0.38088467499401474,0.486,146,0.8577981651376146,0.1276595744680851,0.38713609809644345,654,329,0.7821428571428571,0.19083969465648856,0.3706498256686344,280,131,0.8636363636363636,0.14285714285714285,0.39397863440961717,44,21,0.9090909090909091,0.13333333333333333,0.29912071534999707,22,15
14,1.5,0.5,Two-path latent SCM (counterfactual query),0.843,0.47006628673916384,0.19863013698630136,0.12375899391615121,0.09408417379635041,0.13263784770651435,0.481,146,0.8593272171253823,0.1094224924012158,0.13601732021360036,654,329,0.7964285714285714,0.20610687022900764,0.12583214986427263,280,131,0.8636363636363636,0.09523809523809523,0.15150647544138618,44,21,0.9090909090909091,0.13333333333333333,0.08105606388192678,22,15
15,1.5,0.5,Associative latent class model,0.626,0.06256601829410453,0.9761904761904762,0.2871885453137089,0.2666588659410352,0.270768296934568,0.479,168,0.6919504643962848,0.06422018348623854,0.3325631521779576,646,327,0.476027397260274,0.9745222929936306,0.13969263266064255,292,157,0.7441860465116279,0.07692307692307693,0.3176815742431897,43,26,0.42105263157894735,1.0,0.07799706306539898,19,11
15,1.5,0.5,Renal-adjusted associative latent class model,0.803,0.36659411894282534,0.1488095238095238,0.13736182844612016,0.06670416256804956,0.3315813425585369,0.432,168,0.8142414860681114,0.1437308868501529,0.3250186613273508,646,327,0.7773972602739726,0.12738853503184713,0.3354375907089332,292,157,0.8837209302325582,0.11538461538461539,0.3576876469220232,43,26,0.631578947368421,0.45454545454545453,0.4363653703375163,19,11
15,1.5,0.5,Two-nuisance adjusted associative latent model,0.799,0.3569552781935918,0.19047619047619047,0.13485368430464661,0.06241215888652876,0.333758678611892,0.444,168,0.8126934984520123,0.14678899082568808,0.32490689901374087,646,327,0.7671232876712328,0.16560509554140126,0.3439168016295794,292,157,0.8837209302325582,0.11538461538461539,0.3592878813955255,43,26,0.631578947368421,0.5454545454545454,0.42082825648266686,19,11
15,1.5,0.5,Two-path biologically constrained latent SCM,0.808,0.3788324172779218,0.22023809523809523,0.13192937889452502,0.05336785057850163,0.33996416369477883,0.461,168,0.8142414860681114,0.14678899082568808,0.3282983577339432,646,327,0.7945205479452054,0.19745222929936307,0.3581597839127735,292,157,0.8604651162790697,0.07692307692307693,0.35740901590789803,43,26,0.6842105263157895,0.5454545454545454,0.41748315853063245,19,11
15,1.5,0.5,Two-path latent SCM (counterfactual query),0.813,0.39126557846644705,0.22023809523809523,0.15396770663557788,0.12903892150703594,0.13020935711268805,0.466,168,0.8219814241486069,0.14678899082568808,0.12493761679312308,646,327,0.7945205479452054,0.19745222929936307,0.13164694868836482,292,157,0.8837209302325582,0.07692307692307693,0.1506164304725717,43,26,0.631578947368421,0.5454545454545454,0.24117058615828538,19,11
16,1.5,0.5,Associative latent class model,0.517,0.0003190991876614365,0.9513888888888888,0.43890733964600903,0.4514014833913187,0.10503164247562279,0.294,144,0.5138036809815951,0.0,0.06846810800555529,652,335,0.5490909090909091,0.9465648854961832,0.19124172179002977,275,131,0.3829787234042553,0.0,0.07924331332073949,47,18,0.5,1.0,0.15671257067953048,26,13
16,1.5,0.5,Renal-adjusted associative latent class model,0.798,0.3545708473779126,0.08333333333333333,0.13445369338060909,0.042026116173601656,0.3891928678650089,0.481,144,0.8144171779141104,0.2208955223880597,0.39132966281972786,652,335,0.7490909090909091,0.06870229007633588,0.38893873969358506,275,131,0.8723404255319149,0.2222222222222222,0.3730817003291656,47,18,0.7692307692307693,0.23076923076923078,0.36742055289767817,26,13
16,1.5,0.5,Two-nuisance adjusted associative latent model,0.795,0.34744803742706276,0.0763888888888889,0.13376704685803428,0.048519798960770126,0.39086849910240723,0.478,144,0.8113496932515337,0.22686567164179106,0.3912345106273923,652,335,0.7490909090909091,0.07633587786259542,0.39062128395634005,275,131,0.851063829787234,0.16666666666666666,0.40578200495567,47,18,0.7692307692307693,0.07692307692307693,0.3573458020168249,26,13
16,1.5,0.5,Two-path biologically constrained latent SCM,0.819,0.40644988629531165,0.18055555555555555,0.12439148146286949,0.033967244212097396,0.4003762610006076,0.502,144,0.8312883435582822,0.18208955223880596,0.3980325342753996,652,335,0.7890909090909091,0.16793893129770993,0.40682156545294734,275,131,0.8723404255319149,0.16666666666666666,0.41030704533196005,47,18,0.7307692307692307,0.3076923076923077,0.3730264239570944,26,13
16,1.5,0.5,Two-path latent SCM (counterfactual query),0.821,0.41157500719769513,0.19444444444444445,0.14977113538496026,0.12624151013854776,0.11249835748495922,0.5,144,0.8343558282208589,0.1701492537313433,0.10995040678057524,652,335,0.7927272727272727,0.183206106870229,0.12403423756332137,275,131,0.851063829787234,0.16666666666666666,0.07748767460598441,47,18,0.7307692307692307,0.3076923076923077,0.11766754721651972,26,13
17,1.5,0.5,Associative latent class model,0.508,-0.0005878832006641516,1.0,0.4567715791639137,0.46778284404834175,0.09449457458831406,0.3,147,0.5068702290076336,0.0,0.10818658313091263,655,332,0.5283687943262412,1.0,0.06427002836949616,282,133,0.5111111111111111,0.0,0.09669114511122535,45,23,0.2222222222222222,1.0,0.06428406152017946,18,14
17,1.5,0.5,Renal-adjusted associative latent class model,0.796,0.3498430809460788,0.2585034013605442,0.1409332604934254,0.09636469364980618,0.3675550963552295,0.608,147,0.7816793893129771,0.3373493975903614,0.3710641971732292,655,332,0.8475177304964538,0.23308270676691728,0.34704900856650683,282,133,0.7777777777777778,0.30434782608695654,0.4070940379253034,45,23,0.5555555555555556,0.5,0.46227750468725987,18,14
17,1.5,0.5,Two-nuisance adjusted associative latent model,0.798,0.35459438028691403,0.22448979591836735,0.13871715413943062,0.08845581159472443,0.36755726616173584,0.598,147,0.783206106870229,0.33433734939759036,0.3704379342560978,655,332,0.851063829787234,0.20300751879699247,0.3474106555331551,282,133,0.7555555555555555,0.30434782608695654,0.41050874949257976,45,23,0.6111111111111112,0.42857142857142855,0.4709844798042229,18,14
17,1.5,0.5,Two-path biologically constrained latent SCM,0.803,0.36662266377261366,0.17006802721088435,0.13813361943810135,0.07967997821757282,0.3690196661218903,0.591,147,0.7816793893129771,0.34036144578313254,0.37086413126862344,655,332,0.8687943262411347,0.15037593984962405,0.3516021455613689,282,133,0.7555555555555555,0.30434782608695654,0.4114801334247063,45,23,0.6666666666666666,0.35714285714285715,0.4686249493624514,18,14
17,1.5,0.5,Two-path latent SCM (counterfactual query),0.822,0.4141540456672831,0.12244897959183673,0.1501960577474598,0.12677156548076182,0.14168929538646605,0.544,147,0.8,0.2710843373493976,0.14038358376174576,655,332,0.875886524822695,0.11278195488721804,0.13304587670664447,282,133,0.8222222222222222,0.17391304347826086,0.17063775695703004,45,23,0.7777777777777778,0.21428571428571427,0.25224509601013945,18,14
18,1.5,0.5,Associative latent class model,0.638,0.07525095223329761,0.9751552795031055,0.2885771288227468,0.26802210479113564,0.26865666273241334,0.499,161,0.7003205128205128,0.053156146179401995,0.3512549970915831,624,301,0.5132450331125827,0.9735099337748344,0.09884938183518649,302,151,0.6666666666666666,0.04,0.3430568987648614,54,25,0.5,1.0,0.054797934986834586,20,10
18,1.5,0.5,Renal-adjusted associative latent class model,0.814,0.39377775809683496,0.2236024844720497,0.12798378403987298,0.02885997395756242,0.3548564040050435,0.485,161,0.8108974358974359,0.12956810631229235,0.35519676214736756,624,301,0.8311258278145696,0.2052980132450331,0.3507173161706492,302,151,0.7962962962962963,0.16,0.37850133272850867,54,25,0.7,0.5,0.3428961487105286,20,10
18,1.5,0.5,Two-nuisance adjusted associative latent model,0.815,0.39629625396206725,0.2236024844720497,0.12777520856499433,0.0339848118264702,0.3545279786327965,0.486,161,0.8125,0.12956810631229235,0.3547839347268578,624,301,0.8311258278145696,0.2052980132450331,0.35012330663735347,302,151,0.7962962962962963,0.16,0.38075165687539775,54,25,0.7,0.5,0.3422487643742495,20,10
18,1.5,0.5,Two-path biologically constrained latent SCM,0.826,0.4245289701853793,0.14285714285714285,0.12597496680535866,0.03937109195234754,0.3528453342383999,0.471,161,0.8173076923076923,0.132890365448505,0.35243460339339533,624,301,0.847682119205298,0.1390728476821192,0.34854183898436836,302,151,0.7962962962962963,0.12,0.3733260818245331,54,25,0.85,0.2,0.37534489645585933,20,10
18,1.5,0.5,Two-path latent SCM (counterfactual query),0.832,0.44033636468063536,0.14906832298136646,0.14449908323722138,0.11328191509085778,0.12861565670518033,0.483,161,0.8269230769230769,0.13953488372093023,0.12457150172326578,624,301,0.847682119205298,0.1390728476821192,0.13707380150240914,302,151,0.8148148148148148,0.12,0.13334782054420022,54,25,0.8,0.3,0.11429846333740538,20,10
19,1.5,0.5,Associative latent class model,0.655,0.09519531626120435,0.9433962264150944,0.26478262637207467,0.23956154547243802,0.26130238964385505,0.483,159,0.713166144200627,0.031545741324921134,0.3106482801525543,638,317,0.5377049180327869,0.94,0.15657335921097698,305,150,0.6842105263157895,0.05555555555555555,0.350852533748521,38,18,0.5263157894736842,1.0,0.10639558235440195,19,9
19,1.5,0.5,Renal-adjusted associative latent class model,0.811,0.38627009971502485,0.12578616352201258,0.12579777589357322,0.03598525561975352,0.36639820696471465,0.487,159,0.835423197492163,0.17034700315457413,0.35838017936104666,638,317,0.7901639344262295,0.12,0.37629546256304686,305,150,0.631578947368421,0.6111111111111112,0.4163411222731217,38,18,0.6842105263157895,0.2222222222222222,0.3768723054873167,19,9
19,1.5,0.5,Two-nuisance adjusted associative latent model,0.819,0.4064508393996141,0.22012578616352202,0.12233999349957117,0.021163286520966353,0.36895367424337294,0.521,159,0.835423197492163,0.17350157728706625,0.3606778734249944,638,317,0.819672131147541,0.21333333333333335,0.3764280574370504,305,150,0.631578947368421,0.4444444444444444,0.43718379918668654,38,18,0.631578947368421,0.3333333333333333,0.39040258478063383,19,9
19,1.5,0.5,Two-path biologically constrained latent SCM,0.821,0.4115772693445814,0.2578616352201258,0.12204185758109364,0.03255720949447767,0.3667880750536786,0.533,159,0.841692789968652,0.167192429022082,0.36020434876091384,638,317,0.819672131147541,0.24666666666666667,0.3703858344658531,305,150,0.6052631578947368,0.5,0.43492836502780835,38,18,0.5789473684210527,0.4444444444444444,0.39382858742492804,19,9
19,1.5,0.5,Two-path latent SCM (counterfactual query),0.821,0.411575961166278,0.22012578616352202,0.1466749104520198,0.11858908108751272,0.1250622529330049,0.521,159,0.8385579937304075,0.17034700315457413,0.12204540041892357,638,317,0.819672131147541,0.21333333333333335,0.1170238966216496,305,150,0.631578947368421,0.4444444444444444,0.18925896647432341,38,18,0.631578947368421,0.3333333333333333,0.22700833000548823,19,9
0,1.5,1.0,Associative latent class model,0.52,0.0006708507018573507,0.0,0.4713978269971126,0.4611107328005485,0.08735484244700728,0.704,152,0.5264750378214826,1.0,0.09797027395096887,661,313,0.5017667844522968,0.0,0.06317050956152984,283,142,0.46511627906976744,1.0,0.08426374397846308,43,23,0.7692307692307693,0.0,0.08429970526384717,13,10
0,1.5,1.0,Renal-adjusted associative latent class model,0.786,0.326513085684348,0.23684210526315788,0.14863663564497878,0.057433897459030915,0.4091616533274431,0.45,152,0.7866868381240545,0.09584664536741214,0.40721573197429084,661,313,0.8056537102473498,0.2112676056338028,0.4163828750838567,283,142,0.7209302325581395,0.43478260869565216,0.4099734302815511,43,23,0.5384615384615384,0.6,0.3482187185845118,13,10
0,1.5,1.0,Two-nuisance adjusted associative latent model,0.794,0.3450905915731362,0.24342105263157895,0.14233721588430143,0.047692555461421884,0.41107600387392473,0.46,152,0.7957639939485628,0.11182108626198083,0.40932259584626995,661,313,0.7950530035335689,0.2323943661971831,0.41540729638683727,283,142,0.7906976744186046,0.21739130434782608,0.4186633809827084,43,23,0.6923076923076923,0.4,0.38084444306222065,13,10
0,1.5,1.0,Two-path biologically constrained latent SCM,0.809,0.38130512761730795,0.17763157894736842,0.13281817757606398,0.026991228525492017,0.4189623662062313,0.491,152,0.8245083207261724,0.16293929712460065,0.41832021973155936,661,313,0.7773851590106007,0.16901408450704225,0.42075755923617314,283,142,0.7906976744186046,0.30434782608695654,0.4242850926141062,43,23,0.7692307692307693,0.3,0.39492713210976405,13,10
0,1.5,1.0,Two-path latent SCM (counterfactual query),0.818,0.40389979252073804,0.20394736842105263,0.15842266980994163,0.13316605856139263,0.10872432385475102,0.512,152,0.8245083207261724,0.16932907348242812,0.10754054915340829,661,313,0.8091872791519434,0.19718309859154928,0.10370692960756156,283,142,0.7906976744186046,0.30434782608695654,0.15207451449932252,43,23,0.7692307692307693,0.3,0.13475043553364205,13,10
1,1.5,1.0,Associative latent class model,0.651,0.09030003110813012,0.9577464788732394,0.2684457506977207,0.25068237860783904,0.2534666681630497,0.457,142,0.7019667170953101,0.03880597014925373,0.3004068801507993,661,335,0.5223880597014925,0.9552238805970149,0.13924089765385547,268,134,0.673469387755102,0.14285714285714285,0.3018279973484695,49,21,0.6363636363636364,1.0,0.12689036100286846,22,8
1,1.5,1.0,Renal-adjusted associative latent class model,0.826,0.4245312384093648,0.28169014084507044,0.12484182641061065,0.039556214858655465,0.3262570723422569,0.538,142,0.8290468986384266,0.1701492537313433,0.31890658395944876,661,335,0.8208955223880597,0.27611940298507465,0.35637645077171304,268,134,0.7959183673469388,0.38095238095238093,0.28265384352306044,49,21,0.8636363636363636,0.375,0.2773133275278321,22,8
1,1.5,1.0,Two-nuisance adjusted associative latent model,0.826,0.42453058477210165,0.2746478873239437,0.12468046494900205,0.034655494031723307,0.32503781600493686,0.534,142,0.8320726172465961,0.16716417910447762,0.31577166949403274,661,335,0.8283582089552238,0.27611940298507465,0.3529560438557321,268,134,0.7142857142857143,0.38095238095238093,0.30766975488661924,49,21,0.8636363636363636,0.25,0.30203203302730475,22,8
1,1.5,1.0,Two-path biologically constrained latent SCM,0.82,0.40900955441566106,0.20422535211267606,0.12201816360405765,0.04259043556626445,0.328019465000521,0.522,142,0.8290468986384266,0.1880597014925373,0.3166105232355671,661,335,0.8097014925373134,0.208955223880597,0.36159821439321177,268,134,0.7346938775510204,0.38095238095238093,0.30403250738451837,49,21,0.8636363636363636,0.125,0.31518158284495396,22,8
1,1.5,1.0,Two-path latent SCM (counterfactual query),0.823,0.41673267522426855,0.15492957746478872,0.14231861950677074,0.10878259915532354,0.14605738922206501,0.515,142,0.8290468986384266,0.19402985074626866,0.1431926278094818,661,335,0.8208955223880597,0.16417910447761194,0.1588288266880632,268,134,0.7346938775510204,0.38095238095238093,0.10539890619363752,49,21,0.8636363636363636,0.0,0.16710864927765254,22,8
2,1.5,1.0,Associative latent class model,0.5,-0.0008775409585067723,0.9536423841059603,0.4416848916768433,0.4591680046068298,0.13034359108684976,0.296,151,0.486697965571205,0.0,0.0895768546905182,639,311,0.5335689045936396,0.9496402877697842,0.2325759256775648,283,139,0.5172413793103449,0.0,0.052017796393489336,58,30,0.4,1.0,0.21339808910176955,20,12
2,1.5,1.0,Renal-adjusted associative latent class model,0.788,0.33111286350918395,0.07947019867549669,0.140891921286724,0.07362038237465757,0.33730874782120884,0.556,151,0.7902973395931142,0.3311897106109325,0.3365137967152065,639,311,0.784452296819788,0.08633093525179857,0.3380533196929862,283,139,0.7241379310344828,0.5,0.36424847052277615,58,30,0.95,0.0,0.27404654783779014,20,12
2,1.5,1.0,Two-nuisance adjusted associative latent model,0.8,0.3593625802191749,0.08609271523178808,0.1343635487477167,0.05928393625599641,0.33493423297409586,0.544,151,0.7965571205007824,0.31189710610932475,0.3323083202742779,639,311,0.7950530035335689,0.09352517985611511,0.3360702774430644,283,139,0.8103448275862069,0.26666666666666666,0.3965701968744977,58,30,0.95,0.0,0.2240128191862074,20,12
2,1.5,1.0,Two-path biologically constrained latent SCM,0.819,0.4064509442637384,0.13245033112582782,0.12326944474034246,0.027984306042652667,0.3461704328215224,0.523,151,0.809076682316119,0.2379421221864952,0.344483071994713,639,311,0.8268551236749117,0.14388489208633093,0.3453047896841299,283,139,0.8448275862068966,0.13333333333333333,0.4008208451503976,58,30,0.95,0.0,0.2538442658784445,20,12
2,1.5,1.0,Two-path latent SCM (counterfactual query),0.823,0.41673268925072426,0.1390728476821192,0.146855821729874,0.1220851509560123,0.1293592268874111,0.515,151,0.8153364632237872,0.21543408360128619,0.12466907547999645,639,311,0.833922261484099,0.1510791366906475,0.13182342509020212,283,139,0.8103448275862069,0.13333333333333333,0.17930693450393836,58,30,0.95,0.0,0.09949280769688598,20,12
3,1.5,1.0,Associative latent class model,0.513,-0.0002013118570111239,0.0,0.4829381943906283,0.48064501446694435,0.06928919220671674,0.696,155,0.5118110236220472,1.0,0.07867223056208815,635,310,0.5107142857142857,0.0,0.045687162671289895,280,143,0.5409836065573771,1.0,0.09161519241420076,61,28,0.5,0.0,0.039641396440139594,24,12
3,1.5,1.0,Renal-adjusted associative latent class model,0.803,0.36660944016743013,0.3096774193548387,0.13298260757787375,0.047241573819146586,0.3767490770512585,0.56,155,0.8,0.20967741935483872,0.378949398815732,635,310,0.8178571428571428,0.2867132867132867,0.37521005443262073,280,143,0.8032786885245902,0.42857142857142855,0.35741517517647065,61,28,0.7083333333333334,0.5833333333333334,0.3856278281820895,24,12
3,1.5,1.0,Two-nuisance adjusted associative latent model,0.808,0.37883995706230394,0.27741935483870966,0.12889026753790087,0.04599698974250219,0.3714196949168923,0.553,155,0.7952755905511811,0.22580645161290322,0.3690588447748207,635,310,0.8285714285714286,0.26573426573426573,0.3695013260338067,280,143,0.8852459016393442,0.21428571428571427,0.3730203274950561,61,28,0.7083333333333334,0.4166666666666667,0.45219655075903553,24,12
3,1.5,1.0,Two-path biologically constrained latent SCM,0.814,0.3937816046909631,0.2,0.12656215460048073,0.03650411203917359,0.3732993921640339,0.547,155,0.8,0.24516129032258063,0.3673560238559735,635,310,0.8428571428571429,0.1888111888111888,0.37857271705504875,280,143,0.8852459016393442,0.21428571428571427,0.3738742212112021,61,28,0.6666666666666666,0.3333333333333333,0.4675678644247409,24,12
3,1.5,1.0,Two-path latent SCM (counterfactual query),0.811,0.3862715557779399,0.2,0.15147187778092908,0.12748927831909834,0.12751063699736556,0.53,155,0.7968503937007874,0.22580645161290322,0.12738154887158532,635,310,0.8428571428571429,0.1888111888111888,0.11490924540010317,280,143,0.8688524590163934,0.17857142857142858,0.1461517539685731,61,28,0.6666666666666666,0.3333333333333333,0.23056282332487632,24,12
4,1.5,1.0,Associative latent class model,0.631,0.06779175594084763,0.636986301369863,0.29283076963831944,0.2786315953278573,0.2521596810800314,0.336,146,0.6202143950995406,0.01238390092879257,0.24402443051422001,653,323,0.6459854014598541,0.6357142857142857,0.2652166140756562,274,140,0.6363636363636364,0.08333333333333333,0.28897885030002723,55,24,0.7777777777777778,0.6666666666666666,0.2360299406119113,18,6
4,1.5,1.0,Renal-adjusted associative latent class model,0.804,0.3690347389287291,0.2945205479452055,0.13844648361278192,0.060535772291109645,0.34482702249885955,0.467,146,0.8116385911179173,0.09287925696594428,0.34925710695863194,653,323,0.7883211678832117,0.29285714285714287,0.3429424063040049,274,140,0.7818181818181819,0.20833333333333334,0.3241473242895232,55,24,0.8333333333333334,0.3333333333333333,0.2759894162028775,18,6
4,1.5,1.0,Two-nuisance adjusted associative latent model,0.8,0.3593610914090051,0.3150684931506849,0.14016157048978767,0.05809192554747856,0.3426488249643081,0.467,146,0.8147013782542113,0.09597523219814241,0.347456666984282,653,323,0.7737226277372263,0.32142857142857145,0.3379744389562401,274,140,0.7272727272727273,0.125,0.3176145688102209,55,24,0.8888888888888888,0.16666666666666666,0.31587910361111277,18,6
4,1.5,1.0,Two-path biologically constrained latent SCM,0.824,0.4193238453867373,0.15753424657534246,0.12717361379346578,0.04785312137481113,0.35084882778466636,0.477,146,0.8300153139356815,0.14241486068111456,0.3553421824222303,653,323,0.8175182481751825,0.15714285714285714,0.345394277157214,274,140,0.7818181818181819,0.16666666666666666,0.32922690667526483,55,24,0.8333333333333334,0.16666666666666666,0.33693726970742977,18,6
4,1.5,1.0,Two-path latent SCM (counterfactual query),0.824,0.41932317175634987,0.15753424657534246,0.1446081148040925,0.10802157513875803,0.14734664711160203,0.487,146,0.8315467075038285,0.15789473684210525,0.14588598700114414,653,323,0.8138686131386861,0.15714285714285714,0.16142081241548506,274,140,0.8,0.16666666666666666,0.10603883905163422,55,24,0.7777777777777778,0.16666666666666666,0.11231438056511994,18,6
5,1.5,1.0,Associative latent class model,0.482,0.00044244907523868977,0.972972972972973,0.4730118459995903,0.4884120229264976,0.10611763296775818,0.278,148,0.4750733137829912,0.0,0.08401554253134715,682,324,0.48484848484848486,0.9714285714285714,0.16648856296343925,264,140,0.5555555555555556,0.0,0.0542004475370257,36,20,0.5555555555555556,1.0,0.161935345983253,18,8
5,1.5,1.0,Renal-adjusted associative latent class model,0.813,0.39127496187584915,0.07432432432432433,0.12922781584926052,0.07221084513498807,0.36637259747624895,0.433,148,0.8049853372434017,0.12962962962962962,0.373792017069015,682,324,0.821969696969697,0.07857142857142857,0.3402795733013553,264,140,0.8611111111111112,0.15,0.40379460615117047,36,20,0.8888888888888888,0.0,0.3931127034544876,18,8
5,1.5,1.0,Two-nuisance adjusted associative latent model,0.816,0.3988297174174161,0.08108108108108109,0.12772266584091538,0.07019896566952155,0.36566555043686494,0.436,148,0.8137829912023461,0.12962962962962962,0.3732128941621202,682,324,0.8257575757575758,0.08571428571428572,0.34173542606510987,264,140,0.8055555555555556,0.1,0.38881024317995544,36,20,0.7777777777777778,0.0,0.3843908545906418,18,8
5,1.5,1.0,Two-path biologically constrained latent SCM,0.816,0.39882799647257755,0.07432432432432433,0.12698414462251237,0.06347409954149091,0.36565243746662157,0.444,148,0.8123167155425219,0.14506172839506173,0.3735860793373277,682,324,0.8295454545454546,0.07857142857142857,0.34074049268521234,264,140,0.8055555555555556,0.1,0.38973174491439955,36,20,0.7777777777777778,0.0,0.3822721373749794,18,8
5,1.5,1.0,Two-path latent SCM (counterfactual query),0.82,0.40901167713740844,0.10135135135135136,0.149280361050885,0.13085081031909365,0.12204256745798901,0.458,148,0.8181818181818182,0.14814814814814814,0.12909651221981,682,324,0.8295454545454546,0.10714285714285714,0.10180774136898439,264,140,0.8055555555555556,0.1,0.1373943232905878,36,20,0.7777777777777778,0.0,0.1208503757891967,18,8
6,1.5,1.0,Associative latent class model,0.494,-0.001844920299810577,0.0,0.49886186907198427,0.49236280782039,0.07743307652744542,0.735,148,0.4713656387665198,1.0,0.07934067381374939,681,360,0.563265306122449,0.0,0.07625529852056549,245,138,0.46296296296296297,1.0,0.05703450005469112,54,29,0.5,0.0,0.08198332598951116,20,10
6,1.5,1.0,Renal-adjusted associative latent class model,0.817,0.40133319235784426,0.0945945945945946,0.12653538686558197,0.028637079318543337,0.35905445775910094,0.45,148,0.8091042584434655,0.18055555555555555,0.3634128990186519,681,360,0.8326530612244898,0.09420289855072464,0.35359477612806994,245,138,0.8333333333333334,0.20689655172413793,0.3512426466825847,54,29,0.85,0.1,0.29862252275811324,20,10
6,1.5,1.0,Two-nuisance adjusted associative latent model,0.825,0.42191638394667036,0.08783783783783784,0.1273116775328017,0.034241330928735256,0.35423729466669013,0.472,148,0.8164464023494861,0.2111111111111111,0.3590699514377553,681,360,0.8326530612244898,0.08695652173913043,0.3472098039742609,245,138,0.8888888888888888,0.10344827586206896,0.34590873833489155,54,29,0.85,0.1,0.2982591946900327,20,10
6,1.5,1.0,Two-path biologically constrained latent SCM,0.819,0.40644080302727204,0.12162162162162163,0.1265924025257282,0.025869922660911288,0.3557840775381702,0.466,148,0.8105726872246696,0.19722222222222222,0.3592170779661728,681,360,0.8285714285714286,0.12318840579710146,0.35316851226989443,245,138,0.8703703703703703,0.10344827586206896,0.34617937377898267,54,29,0.85,0.1,0.29686378765086974,20,10
6,1.5,1.0,Two-path latent SCM (counterfactual query),0.819,0.4064285782481002,0.13513513513513514,0.15250459742808112,0.12369566508775198,0.13218798460540346,0.452,148,0.8120411160058737,0.17222222222222222,0.13477928114812035,681,360,0.8326530612244898,0.13768115942028986,0.1311164918166069,245,138,0.8333333333333334,0.10344827586206896,0.13760528447385173,54,29,0.85,0.1,0.042453414343841624,20,10
7,1.5,1.0,Associative latent class model,0.504,-0.0007995543875617912,0.0,0.4915295037800124,0.4866365970780754,0.05846130034099762,0.707,145,0.5066666666666667,1.0,0.04903229120273056,675,333,0.4981684981684982,0.0,0.07985369045334911,273,136,0.53125,1.0,0.06888151455941682,32,15,0.45,0.0,0.0680118909744423,20,9
7,1.5,1.0,Renal-adjusted associative latent class model,0.809,0.3813090255412414,0.30344827586206896,0.129897816747758,0.042506993142576215,0.36177967583723963,0.546,145,0.8296296296296296,0.19519519519519518,0.3546001004251521,675,333,0.7692307692307693,0.2867647058823529,0.38582377304712534,273,136,0.78125,0.4,0.31148967673939376,32,15,0.7,0.5555555555555556,0.3563524176368061,20,9
7,1.5,1.0,Two-nuisance adjusted associative latent model,0.816,0.3988262614367813,0.2896551724137931,0.12969856488016837,0.05552478397000233,0.3569958295111605,0.545,145,0.8266666666666667,0.2012012012012012,0.3519001895019798,675,333,0.7728937728937729,0.3088235294117647,0.37386508773877425,273,136,0.875,0.13333333333333333,0.32634195328671717,32,15,0.95,0.0,0.34775450697318866,20,9
7,1.5,1.0,Two-path biologically constrained latent SCM,0.818,0.4039017727693673,0.2206896551724138,0.1279859043217334,0.038803557952268475,0.3591592216048959,0.535,145,0.8251851851851851,0.21021021021021022,0.3516995977459917,675,333,0.7875457875457875,0.23529411764705882,0.38339640862023433,273,136,0.875,0.2,0.3250640579409273,32,15,0.9,0.0,0.3346361859458903,20,9
7,1.5,1.0,Two-path latent SCM (counterfactual query),0.818,0.40389974430713776,0.2206896551724138,0.14679647001242194,0.12156298284560604,0.12836088595105094,0.513,145,0.8251851851851851,0.18018018018018017,0.11946924964654289,675,333,0.7875457875457875,0.23529411764705882,0.14839570007084896,273,136,0.875,0.13333333333333333,0.14109215674716255,32,15,0.9,0.0,0.1346083652191755,20,9
8,1.5,1.0,Associative latent class model,0.605,0.04316734734175215,0.8690476190476191,0.3037151705315553,0.29506414189157937,0.2762096669517165,0.41,168,0.6372093023255814,0.0189873417721519,0.3027536894691902,645,316,0.5104895104895105,0.8734177215189873,0.211235225815925,286,158,0.6976744186046512,0.17391304347826086,0.392416036053065,43,23,0.6923076923076923,0.8,0.14024511963278521,26,10
8,1.5,1.0,Renal-adjusted associative latent class model,0.814,0.3937894810646644,0.005952380952380952,0.1397958928568844,0.07456247688460452,0.33223459546127027,0.421,168,0.8186046511627907,0.13924050632911392,0.33893145366714017,645,316,0.8146853146853147,0.006329113924050633,0.3035734249766371,286,158,0.7209302325581395,0.5217391304347826,0.3791077947711781,43,23,0.8461538461538461,0.0,0.40385281259561406,26,10
8,1.5,1.0,Two-nuisance adjusted associative latent model,0.82,0.409021652275785,0.005952380952380952,0.1380166799370733,0.07019568443181534,0.3313919194697805,0.417,168,0.8232558139534883,0.14240506329113925,0.3356924950747069,645,316,0.8251748251748252,0.006329113924050633,0.306572934897752,286,158,0.813953488372093,0.2608695652173913,0.4024882954777724,43,23,0.6923076923076923,0.0,0.3801309253958981,26,10
8,1.5,1.0,Two-path biologically constrained latent SCM,0.799,0.35696893037335636,0.16666666666666666,0.1325146603798701,0.05796328017392941,0.3438116293851116,0.436,168,0.7953488372093023,0.12341772151898735,0.3377386221731253,645,316,0.7972027972027972,0.17088607594936708,0.34338817891023937,286,158,0.8372093023255814,0.21739130434782608,0.4060640831001491,43,23,0.8461538461538461,0.1,0.3961708977619604,26,10
8,1.5,1.0,Two-path latent SCM (counterfactual query),0.802,0.3641831121315073,0.20238095238095238,0.15135143742683543,0.12581890000429188,0.14769022676080043,0.459,168,0.8077519379844961,0.13291139240506328,0.13847297085367977,645,316,0.7832167832167832,0.2088607594936709,0.15888693402593426,286,158,0.813953488372093,0.2608695652173913,0.1630989514920609,43,23,0.8461538461538461,0.1,0.22770163517696823,26,10
9,1.5,1.0,Associative latent class model,0.614,0.051034032197711444,0.8456375838926175,0.29120655384820004,0.2742453208113755,0.27756371700095067,0.394,149,0.6323076923076923,0.018867924528301886,0.2958559964596861,650,318,0.5865724381625441,0.8405797101449275,0.23611914529501443,283,138,0.5454545454545454,0.0,0.316131097177109,44,17,0.5652173913043478,0.9090909090909091,0.19677534382055728,23,11
9,1.5,1.0,Renal-adjusted associative latent class model,0.807,0.3763723297207816,0.26174496644295303,0.1388314191864771,0.06381861940056868,0.3360903977039742,0.469,149,0.8076923076923077,0.09433962264150944,0.3373614701124298,650,318,0.8197879858657244,0.2463768115942029,0.3297840292931524,283,138,0.7272727272727273,0.23529411764705882,0.3606304481438045,44,17,0.782608695652174,0.45454545454545453,0.3308183531567521,23,11
9,1.5,1.0,Two-nuisance adjusted associative latent model,0.807,0.376372360914632,0.28187919463087246,0.1355599392888813,0.0653361330400803,0.335116620138383,0.479,149,0.8107692307692308,0.10377358490566038,0.33546029140767464,650,318,0.8127208480565371,0.26811594202898553,0.3279459703188547,283,138,0.7272727272727273,0.17647058823529413,0.365713551594483,44,17,0.782608695652174,0.45454545454545453,0.3551010805652756,23,11
9,1.5,1.0,Two-path biologically constrained latent SCM,0.817,0.40135732977423416,0.14093959731543623,0.12786617055410326,0.05824404858998224,0.3439188867292919,0.473,149,0.823076923076923,0.14150943396226415,0.3435081856373336,650,318,0.8268551236749117,0.13768115942028986,0.3363444773460319,283,138,0.7045454545454546,0.23529411764705882,0.3691013794946325,44,17,0.7391304347826086,0.18181818181818182,0.4005486207971377,23,11
9,1.5,1.0,Two-path latent SCM (counterfactual query),0.821,0.4115755597836473,0.14093959731543623,0.15181657513544008,0.1342197457444575,0.11678036134796278,0.477,149,0.8246153846153846,0.14150943396226415,0.12063748556091812,650,318,0.8303886925795053,0.13768115942028986,0.0972379233272507,283,138,0.7272727272727273,0.23529411764705882,0.1381465187378122,44,17,0.782608695652174,0.18181818181818182,0.20735724379523193,23,11
10,1.5,1.0,Associative latent class model,0.562,0.014138417461823214,0.9375,0.3406750987236024,0.34936419221968834,0.22747624584950898,0.335,160,0.584518167456556,0.002932551319648094,0.22687646885302434,633,341,0.5161290322580645,0.9310344827586207,0.23686874310128522,279,145,0.5454545454545454,0.0,0.2093141905805397,55,28,0.5454545454545454,1.0,0.18984185631382888,33,15
10,1.5,1.0,Renal-adjusted associative latent class model,0.825,0.421903572534105,0.31875,0.1282668279849754,0.07886420907161301,0.3891214188183504,0.56,160,0.8436018957345972,0.20821114369501467,0.3922485702920214,633,341,0.8028673835125448,0.296551724137931,0.38814453750410494,279,145,0.7636363636363637,0.35714285714285715,0.40520471860663837,55,28,0.7575757575757576,0.5333333333333333,0.310590555651225,33,15
10,1.5,1.0,Two-nuisance adjusted associative latent model,0.827,0.4271262405232504,0.3125,0.12703104142951432,0.07818000093882115,0.386821732166735,0.558,160,0.8420221169036335,0.21700879765395895,0.3888320031863309,633,341,0.8028673835125448,0.296551724137931,0.38362061319023927,279,145,0.8,0.21428571428571427,0.4077907222722576,55,28,0.7878787878787878,0.4666666666666667,0.3403767680223231,33,15
10,1.5,1.0,Two-path biologically constrained latent SCM,0.828,0.42974139208246936,0.3125,0.12969859489006855,0.09282505419140524,0.3863129547984372,0.569,160,0.8420221169036335,0.2316715542521994,0.38758291782604115,633,341,0.8028673835125448,0.296551724137931,0.3841449092289276,279,145,0.8181818181818182,0.21428571428571427,0.40744477333236245,55,28,0.7878787878787878,0.4666666666666667,0.3450628971637097,33,15
10,1.5,1.0,Two-path latent SCM (counterfactual query),0.832,0.44033188726866557,0.2375,0.1348529792915375,0.10241213022262577,0.13678711777763164,0.533,160,0.8404423380726699,0.20821114369501467,0.13153672241130784,633,341,0.8279569892473119,0.21379310344827587,0.14735202576442116,279,145,0.8,0.21428571428571427,0.1328784992434684,55,28,0.7575757575757576,0.4666666666666667,0.15469211650331793,33,15
11,1.5,1.0,Associative latent class model,0.53,0.0026726796665955677,0.9735099337748344,0.3874363854781071,0.4035726016412787,0.187762084750592,0.315,151,0.5391566265060241,0.002967359050445104,0.19683637267603793,664,337,0.5093632958801498,0.9703703703703703,0.16303729165385183,267,135,0.5952380952380952,0.0,0.23447834469368814,42,23,0.4074074074074074,1.0,0.13643281277738653,27,16
11,1.5,1.0,Renal-adjusted associative latent class model,0.805,0.37147493693603173,0.1456953642384106,0.13274467427729564,0.04632929915946331,0.39517307705380994,0.446,151,0.8102409638554217,0.13353115727002968,0.39124948473459936,664,337,0.7902621722846442,0.14814814814814814,0.39270860709163563,267,135,0.7380952380952381,0.391304347826087,0.4223289996042135,42,23,0.9259259259259259,0.125,0.473792707896012,27,16
11,1.5,1.0,Two-nuisance adjusted associative latent model,0.808,0.37883785503916984,0.1456953642384106,0.1307303048179667,0.04152500735017755,0.39702384502826843,0.449,151,0.8132530120481928,0.1394658753709199,0.39302369652203023,664,337,0.797752808988764,0.15555555555555556,0.39428128305883353,267,135,0.7619047619047619,0.30434782608695654,0.44062021227525183,42,23,0.8518518518518519,0.0625,0.45470218686560243,27,16
11,1.5,1.0,Two-path biologically constrained latent SCM,0.805,0.3714746613641045,0.23178807947019867,0.13257084886605822,0.0352631059267454,0.3930489728952649,0.448,151,0.8072289156626506,0.11275964391691394,0.3869292225804195,664,337,0.7827715355805244,0.24444444444444444,0.39303376969510284,267,135,0.8333333333333334,0.17391304347826086,0.4402900326688736,42,23,0.9259259259259259,0.125,0.47021374893263623,27,16
11,1.5,1.0,Two-path latent SCM (counterfactual query),0.799,0.3569612721553111,0.2251655629139073,0.16191622902061517,0.14415229193453355,0.11876375016896394,0.478,151,0.8102409638554217,0.1543026706231454,0.11811344125085893,664,337,0.7790262172284644,0.23703703703703705,0.11622118009437173,267,135,0.7142857142857143,0.391304347826087,0.13033078452887917,42,23,0.8518518518518519,0.125,0.14190656085123796,27,16
12,1.5,1.0,Associative latent class model,0.675,0.1216218941121919,0.9635036496350365,0.249216825809672,0.21488159380620458,0.2898117764763534,0.511,137,0.7223926380368099,0.07570977917981073,0.35473467306886686,652,317,0.5514705882352942,0.9606299212598425,0.13577304760181214,272,127,0.7692307692307693,0.07692307692307693,0.36887806347901225,52,26,0.5833333333333334,1.0,0.10053505778544423,24,10
12,1.5,1.0,Renal-adjusted associative latent class model,0.836,0.45102926061673915,0.2116788321167883,0.11968093186387758,0.035758335627186465,0.3418394609292604,0.568,137,0.8282208588957055,0.20504731861198738,0.34862352933113344,652,317,0.875,0.1889763779527559,0.3505984699019232,272,127,0.75,0.46153846153846156,0.2466362117741712,52,26,0.7916666666666666,0.5,0.26454387415755454,24,10
12,1.5,1.0,Two-nuisance adjusted associative latent model,0.84,0.4618539029155352,0.20437956204379562,0.11930675175643518,0.04858033853842794,0.33653048104208394,0.58,137,0.8282208588957055,0.22397476340694006,0.3425422414013461,652,317,0.875,0.2047244094488189,0.34108078209539333,272,127,0.7692307692307693,0.4230769230769231,0.26159346246285603,52,26,0.9166666666666666,0.2,0.2840044529329479,24,10
12,1.5,1.0,Two-path biologically constrained latent SCM,0.841,0.4645812764285459,0.1678832116788321,0.11959835981749356,0.045208172737229504,0.3370402689408028,0.577,137,0.8282208588957055,0.2334384858044164,0.34093217752056004,652,317,0.875,0.1732283464566929,0.3451298061310187,272,127,0.7692307692307693,0.4230769230769231,0.2644505171798297,52,26,0.9583333333333334,0.1,0.296906459850391,24,10
12,1.5,1.0,Two-path latent SCM (counterfactual query),0.841,0.46458278033690653,0.17518248175182483,0.13254628208055722,0.09884559682245123,0.13692318722464056,0.569,137,0.8266871165644172,0.21766561514195584,0.14106892789997755,652,317,0.8786764705882353,0.18110236220472442,0.13704588725861944,272,127,0.7692307692307693,0.4230769230769231,0.09394650827433243,52,26,0.9583333333333334,0.1,0.11602276955189324,24,10
13,1.5,1.0,Associative latent class model,0.597,0.03669510728370466,0.96875,0.31332900573230155,0.31548412935686865,0.2544728943765493,0.422,160,0.6419753086419753,0.0220125786163522,0.30780331426312196,648,318,0.493006993006993,0.9666666666666667,0.13685723022739293,286,150,0.6097560975609756,0.0,0.31785305548965415,41,21,0.6,1.0,0.11372814455744265,25,10
13,1.5,1.0,Renal-adjusted associative latent class model,0.83,0.4350458401087715,0.06875,0.12548150978205824,0.07501860947667607,0.3539089111545156,0.429,160,0.8379629629629629,0.10062893081761007,0.353000753486171,648,318,0.8181818181818182,0.06666666666666667,0.3464733819886393,286,150,0.7560975609756098,0.2857142857142857,0.41382714288901107,41,21,0.88,0.1,0.36424491153106026,25,10
13,1.5,1.0,Two-nuisance adjusted associative latent model,0.832,0.44034580680631963,0.0875,0.12266396888822123,0.0715424368811195,0.35148525906167516,0.433,160,0.8395061728395061,0.10377358490566038,0.349076801873084,648,318,0.8286713286713286,0.08666666666666667,0.3464859119815667,286,150,0.7560975609756098,0.14285714285714285,0.4124106901347765,41,21,0.8,0.1,0.3711872930265128,25,10
13,1.5,1.0,Two-path biologically constrained latent SCM,0.838,0.4564410576911586,0.1,0.12223211047388068,0.07368985449273532,0.3535750069964688,0.435,160,0.8410493827160493,0.09119496855345911,0.35022261884057115,648,318,0.8356643356643356,0.1,0.35063999444263183,286,150,0.7804878048780488,0.14285714285714285,0.416976486665682,41,21,0.88,0.1,0.3700670249557227,25,10
13,1.5,1.0,Two-path latent SCM (counterfactual query),0.841,0.4645914739977377,0.1125,0.1331967025844614,0.11272319081966202,0.12698182761149784,0.46,160,0.8379629629629629,0.11635220125786164,0.127687529655174,648,318,0.8566433566433567,0.11333333333333333,0.12299115260004315,286,150,0.7560975609756098,0.19047619047619047,0.13747542588479375,41,21,0.88,0.1,0.1371338516022487,25,10
14,1.5,1.0,Associative latent class model,0.649,0.08789522600255675,0.8933333333333333,0.26594267759038404,0.24848101725979554,0.2731920403619397,0.451,150,0.6847826086956522,0.03481012658227848,0.3218259091096016,644,316,0.5618374558303887,0.8920863309352518,0.16729211347317932,283,139,0.7021276595744681,0.0,0.33560041019259135,47,22,0.6153846153846154,0.9090909090909091,0.10843336551518322,26,11
14,1.5,1.0,Renal-adjusted associative latent class model,0.81,0.3837857378454121,0.17333333333333334,0.1291146212123291,0.053585295293344826,0.349175046448605,0.454,150,0.796583850931677,0.11708860759493671,0.3524079661975699,644,316,0.8374558303886925,0.1510791366906475,0.3574403069363988,283,139,0.8297872340425532,0.13636363636363635,0.3242707343745399,47,22,0.8076923076923077,0.45454545454545453,0.22415326302944905,26,11
14,1.5,1.0,Two-nuisance adjusted associative latent model,0.81,0.38378503413332754,0.18,0.12597057777414683,0.04655052753304331,0.3506215758104156,0.462,150,0.8012422360248447,0.12658227848101267,0.3528571207777461,644,316,0.833922261484099,0.15827338129496402,0.35620355336886184,283,139,0.7872340425531915,0.13636363636363635,0.3198588732547615,47,22,0.8076923076923077,0.45454545454545453,0.2901006685840549,26,11
14,1.5,1.0,Two-path biologically constrained latent SCM,0.815,0.39629811732067166,0.14,0.12650547317970157,0.05433211150430328,0.3501488651954819,0.455,150,0.8059006211180124,0.12658227848101267,0.35172017726143834,644,316,0.8374558303886925,0.1223021582733813,0.3549815533307805,283,139,0.7872340425531915,0.13636363636363635,0.32039925454964857,47,22,0.8461538461538461,0.36363636363636365,0.31240486471812445,26,11
14,1.5,1.0,Two-path latent SCM (counterfactual query),0.82,0.40900943685258623,0.16,0.1457836941547466,0.12170371537752062,0.14434802692744803,0.474,150,0.8183229813664596,0.13924050632911392,0.1425703220496616,644,316,0.8303886925795053,0.1366906474820144,0.15938615875231704,283,139,0.7872340425531915,0.13636363636363635,0.11946698556402094,47,22,0.8076923076923077,0.45454545454545453,0.06967339534812435,26,11
15,1.5,1.0,Associative latent class model,0.658,0.09886339667838324,0.8873239436619719,0.26060318024120316,0.23633396132043866,0.267381994384447,0.4,142,0.6861198738170347,0.025,0.2951255354842732,634,360,0.603448275862069,0.8914728682170543,0.20103611405875899,290,129,0.6923076923076923,0.03571428571428571,0.30583343876573127,52,28,0.5,0.8461538461538461,0.2528580414399862,24,13
15,1.5,1.0,Renal-adjusted associative latent class model,0.83,0.4350059850873059,0.09859154929577464,0.12310041589581724,0.04164634603223983,0.36414579631035104,0.428,142,0.8548895899053628,0.12222222222222222,0.3654147479411148,634,360,0.7793103448275862,0.08527131782945736,0.3715010927706831,290,129,0.8461538461538461,0.21428571428571427,0.3158432798333326,52,28,0.75,0.23076923076923078,0.3464032775355374,24,13
15,1.5,1.0,Two-nuisance adjusted associative latent model,0.834,0.44564890785341715,0.09859154929577464,0.1215997826435155,0.03986026859121945,0.36047945457004493,0.438,142,0.8564668769716088,0.1388888888888889,0.3614993792135148,634,360,0.7793103448275862,0.10852713178294573,0.3683088965102275,290,129,0.8653846153846154,0.10714285714285714,0.31336714605312704,52,28,0.8333333333333334,0.0,0.34100735691449807,24,13
15,1.5,1.0,Two-path biologically constrained latent SCM,0.835,0.4483311075519084,0.1619718309859155,0.11731035292287277,0.031139397681650992,0.36265908597545954,0.443,142,0.8454258675078864,0.11944444444444445,0.3624219292028561,634,360,0.8068965517241379,0.16279069767441862,0.37252461504640655,290,129,0.8846153846153846,0.10714285714285714,0.31637398196464106,52,28,0.7916666666666666,0.15384615384615385,0.34999989313456314,24,13
15,1.5,1.0,Two-path latent SCM (counterfactual query),0.84,0.4618513974163942,0.1619718309859155,0.13105499003444993,0.10098058752505276,0.13495109078340944,0.454,142,0.8548895899053628,0.125,0.13113865708560074,634,360,0.8068965517241379,0.16279069767441862,0.1466296710376358,290,129,0.8653846153846154,0.14285714285714285,0.10814801942327477,52,28,0.7916666666666666,0.15384615384615385,0.15262002417558004,24,13
16,1.5,1.0,Associative latent class model,0.558,0.012569697172964772,0.958904109589041,0.36188701390018024,0.37541029497833145,0.19905802227487746,0.338,146,0.5681114551083591,0.0029940119760479044,0.22500604745759792,646,334,0.5352112676056338,0.9635036496350365,0.1399027186242898,284,137,0.5,0.0,0.22529877000863277,46,22,0.6666666666666666,0.8888888888888888,0.15033333781557426,24,9
16,1.5,1.0,Renal-adjusted associative latent class model,0.8,0.3593650441864975,0.1506849315068493,0.13832054560573892,0.04956622134537737,0.38811676081414065,0.55,146,0.7941176470588235,0.2904191616766467,0.39080126609255805,646,334,0.8169014084507042,0.1386861313868613,0.3884438200281857,284,137,0.782608695652174,0.3181818181818182,0.3691099743865954,46,22,0.7916666666666666,0.3333333333333333,0.3484183003566657,24,9
16,1.5,1.0,Two-nuisance adjusted associative latent model,0.8,0.3593678233986016,0.18493150684931506,0.13784401120140669,0.048934028432054244,0.3860925828845649,0.56,146,0.7910216718266254,0.2994011976047904,0.3862092468090109,646,334,0.8169014084507042,0.18248175182481752,0.3863806308474135,284,137,0.8260869565217391,0.18181818181818182,0.38600915706105415,46,22,0.7916666666666666,0.2222222222222222,0.37970371085291427,24,9
16,1.5,1.0,Two-path biologically constrained latent SCM,0.8,0.35937489764787567,0.2465753424657534,0.13821260663294174,0.06997455889501333,0.38571807578002704,0.58,146,0.7910216718266254,0.2994011976047904,0.38714109642339456,646,334,0.8169014084507042,0.24817518248175183,0.38501743405276423,284,137,0.8043478260869565,0.22727272727272727,0.3869282996700706,46,22,0.8333333333333334,0.2222222222222222,0.3533864347794123,24,9
16,1.5,1.0,Two-path latent SCM (counterfactual query),0.812,0.3887684144530781,0.2191780821917808,0.15632569401283802,0.12792462335370627,0.13309891588087674,0.542,146,0.8080495356037152,0.23952095808383234,0.13299950884916115,646,334,0.8169014084507042,0.21897810218978103,0.13647250273818842,284,137,0.8260869565217391,0.18181818181818182,0.11681834401525512,46,22,0.8333333333333334,0.2222222222222222,0.12705827341547404,24,9
17,1.5,1.0,Associative latent class model,0.566,0.016507140331141132,0.8860759493670886,0.3395804706363632,0.3470464895767359,0.23039108619353563,0.341,158,0.5799373040752351,0.003067484662576687,0.2303248130242762,638,326,0.5387323943661971,0.896551724137931,0.2258039872121883,284,145,0.5535714285714286,0.04,0.24995073811404897,56,25,0.5454545454545454,0.7692307692307693,0.24174008097269006,22,13
17,1.5,1.0,Renal-adjusted associative latent class model,0.8,0.35936868894467533,0.189873417721519,0.1350599218305862,0.052477232463297885,0.38167275865726263,0.425,158,0.8025078369905956,0.10122699386503067,0.37141048916657216,638,326,0.7887323943661971,0.1724137931034483,0.41027202744060665,284,145,0.8392857142857143,0.16,0.3647516041499719,56,25,0.7727272727272727,0.38461538461538464,0.35316004288449393,22,13
17,1.5,1.0,Two-nuisance adjusted associative latent model,0.807,0.37637844497553524,0.17721518987341772,0.13306637410741468,0.047853035222461246,0.38493295315284737,0.438,158,0.8087774294670846,0.12269938650306748,0.37445246945560856,638,326,0.795774647887324,0.1793103448275862,0.409994847394749,284,145,0.8214285714285714,0.08,0.3808755853320088,56,25,0.8636363636363636,0.15384615384615385,0.37566855461217563,22,13
17,1.5,1.0,Two-path biologically constrained latent SCM,0.813,0.3912716642967142,0.1962025316455696,0.13352080709931902,0.0441091841471339,0.3851311353277907,0.446,158,0.8150470219435737,0.1165644171779141,0.37396426282549217,638,326,0.8028169014084507,0.2,0.4119087672453271,284,145,0.8214285714285714,0.08,0.38028869297228773,56,25,0.8636363636363636,0.15384615384615385,0.3756217700457102,22,13
17,1.5,1.0,Two-path latent SCM (counterfactual query),0.806,0.37392124098506235,0.17088607594936708,0.1559990383803663,0.13307937106178272,0.12346093591000644,0.453,158,0.8072100313479624,0.15030674846625766,0.11947578779630824,638,326,0.7922535211267606,0.1724137931034483,0.1386026101546083,284,145,0.8392857142857143,0.08,0.09808478096933047,56,25,0.8636363636363636,0.15384615384615385,0.10815883080775049,22,13
18,1.5,1.0,Associative latent class model,0.53,0.002595838074438084,0.7045454545454546,0.4075665873286665,0.4101342082974512,0.1606118559550002,0.234,132,0.4752623688155922,0.0031746031746031746,0.10579918234246426,667,315,0.6536964980544747,0.6942148760330579,0.3074862470910523,257,121,0.6271186440677966,0.0,0.0748100538185977,59,37,0.47058823529411764,0.8181818181818182,0.38859074440463504,17,11
18,1.5,1.0,Renal-adjusted associative latent class model,0.815,0.39629631075613453,0.20454545454545456,0.13349295076351778,0.03309529926537208,0.4051724533265061,0.501,132,0.823088455772114,0.1492063492063492,0.41121889124444944,667,315,0.8132295719844358,0.18181818181818182,0.38474802608703573,257,121,0.7796610169491526,0.2972972972972973,0.4050076617637438,59,37,0.6470588235294118,0.45454545454545453,0.47727988929584103,17,11
18,1.5,1.0,Two-nuisance adjusted associative latent model,0.807,0.376372384429994,0.19696969696969696,0.12914930527416055,0.030666253632320416,0.40460756788763624,0.507,132,0.815592203898051,0.19047619047619047,0.410802502153976,667,315,0.8015564202334631,0.19834710743801653,0.3868442944653771,257,121,0.7796610169491526,0.16216216216216217,0.39307717405602366,59,37,0.6470588235294118,0.18181818181818182,0.47010364729570236,17,11
18,1.5,1.0,Two-path biologically constrained latent SCM,0.811,0.3862702750521917,0.20454545454545456,0.12895394301051902,0.024786901243466233,0.4051796455801574,0.513,132,0.8215892053973014,0.17777777777777778,0.4107967517464855,667,315,0.8015564202334631,0.19834710743801653,0.3858874508474373,257,121,0.7457627118644068,0.2702702702702703,0.4016172863092598,59,37,0.7647058823529411,0.2727272727272727,0.4888069061890536,17,11
18,1.5,1.0,Two-path latent SCM (counterfactual query),0.813,0.39126727482091306,0.1893939393939394,0.154538367131682,0.13306171654327983,0.11457447643722067,0.511,132,0.8215892053973014,0.17777777777777778,0.11162788237949069,667,315,0.8093385214007782,0.18181818181818182,0.11135841819409222,257,121,0.7457627118644068,0.2702702702702703,0.1316742337015385,59,37,0.7647058823529411,0.2727272727272727,0.21945797798987793,17,11
19,1.5,1.0,Associative latent class model,0.523,0.0009585159367886392,0.9642857142857143,0.37543761711893386,0.3932573667273209,0.2298910332101791,0.325,168,0.554364471669219,0.002932551319648094,0.23379787823167067,653,341,0.4659498207885305,0.9612903225806452,0.20389842278494963,279,155,0.4666666666666667,0.0,0.33844219817748583,45,15,0.43478260869565216,1.0,0.22188955869175525,23,13
19,1.5,1.0,Renal-adjusted associative latent class model,0.823,0.41672885817045024,0.17857142857142858,0.12941886276518322,0.02300434078249271,0.37975474778063983,0.461,168,0.8223583460949464,0.14076246334310852,0.3873524564939545,653,341,0.8279569892473119,0.14193548387096774,0.38315531637559375,279,155,0.8888888888888888,0.2,0.24268286076795348,45,15,0.6521739130434783,0.6153846153846154,0.3909796385538681,23,13
19,1.5,1.0,Two-nuisance adjusted associative latent model,0.818,0.4039006289227273,0.25595238095238093,0.13304312498830478,0.04241875179130332,0.37436213302899846,0.496,168,0.8192955589586524,0.16422287390029325,0.37514554537649764,653,341,0.8172043010752689,0.24516129032258063,0.37796415395144517,279,155,0.8222222222222222,0.13333333333333333,0.3054044366242431,45,15,0.782608695652174,0.38461538461538464,0.4433431868522343,23,13
19,1.5,1.0,Two-path biologically constrained latent SCM,0.825,0.4219201363311658,0.14285714285714285,0.12838511097975194,0.035350879222747746,0.37356003302463403,0.471,168,0.8192955589586524,0.17008797653958943,0.3775476443177842,653,341,0.8315412186379928,0.14193548387096774,0.372026267797531,279,155,0.8222222222222222,0.2,0.2883292132550699,45,15,0.9130434782608695,0.15384615384615385,0.4457077379622453,23,13
19,1.5,1.0,Two-path latent SCM (counterfactual query),0.826,0.4245258035652187,0.13095238095238096,0.1483170327760664,0.12356874221798977,0.12563955852050182,0.466,168,0.8208269525267994,0.16715542521994134,0.12496078129171319,653,341,0.8315412186379928,0.12903225806451613,0.12336894973955316,279,155,0.8222222222222222,0.2,0.11148353125156711,45,15,0.9130434782608695,0.15384615384615385,0.20015097623292408,23,13
0,1.5,1.5,Associative latent class model,0.594,0.03441688395230896,0.9202898550724637,0.3178647599700478,0.320174443195233,0.25653944049545174,0.346,138,0.616519174041298,0.011527377521613832,0.2846304205671903,678,347,0.5515873015873016,0.9112903225806451,0.18045541768639586,252,124,0.6274509803921569,0.037037037037037035,0.306713393328102,51,27,0.2631578947368421,1.0,0.12857194916798756,19,14
0,1.5,1.5,Renal-adjusted associative latent class model,0.804,0.36903523545443173,0.06521739130434782,0.14031637023593155,0.05791728933512415,0.37237797267975986,0.452,138,0.8141592920353983,0.18155619596541786,0.3721301539223602,678,347,0.7619047619047619,0.06451612903225806,0.3732393636078471,252,124,0.8235294117647058,0.2962962962962963,0.3817535568092922,51,27,0.9473684210526315,0.07142857142857142,0.34463038389201284,19,14
0,1.5,1.5,Two-nuisance adjusted associative latent model,0.808,0.3788368045899016,0.07246376811594203,0.13505427243892887,0.050748358065065516,0.35893318571096144,0.454,138,0.8112094395280236,0.19020172910662825,0.3576238352844794,678,347,0.7817460317460317,0.07258064516129033,0.3668790387738356,252,124,0.8431372549019608,0.1111111111111111,0.3781296409089589,51,27,0.9473684210526315,0.07142857142857142,0.24874189109057337,19,14
0,1.5,1.5,Two-path biologically constrained latent SCM,0.809,0.38130698650207573,0.10144927536231885,0.1307729373822258,0.044385746366207963,0.3642285315635521,0.457,138,0.803834808259587,0.18155619596541786,0.36029817654364016,678,347,0.8134920634920635,0.10483870967741936,0.3792243021169556,252,124,0.803921568627451,0.1111111111111111,0.3741607534456425,51,27,0.9473684210526315,0.07142857142857142,0.2789287004086051,19,14
0,1.5,1.5,Two-path latent SCM (counterfactual query),0.814,0.39377821664789275,0.13043478260869565,0.15246146636830202,0.11964655866454976,0.144072561731434,0.474,138,0.8141592920353983,0.1873198847262248,0.14353175951268876,678,347,0.8015873015873016,0.13709677419354838,0.14567543091048915,252,124,0.8235294117647058,0.1111111111111111,0.18022471223771672,51,27,0.9473684210526315,0.07142857142857142,0.04507157201390457,19,14
1,1.5,1.5,Associative latent class model,0.506,-0.0010525192968035004,0.993103448275862,0.4096621667807507,0.4339844883619527,0.1779947643990445,0.319,145,0.4873417721518987,0.0,0.17217150735126036,632,302,0.5420875420875421,0.9927007299270073,0.1823264464599142,297,137,0.5272727272727272,0.0,0.2171813239880325,55,28,0.5,1.0,0.19290277094447883,16,8
1,1.5,1.5,Renal-adjusted associative latent class model,0.782,0.3174142382607118,0.041379310344827586,0.15153146647931898,0.05480899623867718,0.37124420158562393,0.507,145,0.810126582278481,0.26490066225165565,0.3864411233813168,632,302,0.7272727272727273,0.0364963503649635,0.3476987207343605,297,137,0.7454545454545455,0.5,0.3142875617944262,55,28,0.8125,0.125,0.40381722823957644,16,8
1,1.5,1.5,Two-nuisance adjusted associative latent model,0.782,0.31741443523887625,0.041379310344827586,0.14730035366240968,0.05470407390833076,0.3672273819996134,0.499,145,0.8069620253164557,0.26490066225165565,0.3797911534305817,632,302,0.7373737373737373,0.043795620437956206,0.34228188063471926,297,137,0.7636363636363637,0.35714285714285715,0.3675680341960246,55,28,0.6875,0.0,0.33283828763705287,16,8
1,1.5,1.5,Two-path biologically constrained latent SCM,0.819,0.4064492871397981,0.07586206896551724,0.12978226346562735,0.051350767177773475,0.39399766564949595,0.476,145,0.8180379746835443,0.15562913907284767,0.3977438585086524,632,302,0.8249158249158249,0.072992700729927,0.3843336447851697,297,137,0.8,0.2857142857142857,0.3983661701365782,55,28,0.8125,0.125,0.4103947008325296,16,8
1,1.5,1.5,Two-path latent SCM (counterfactual query),0.818,0.40389950210176984,0.07586206896551724,0.15600181288677964,0.12618007821528154,0.1380906310665074,0.481,145,0.8212025316455697,0.16556291390728478,0.15166295041846645,632,302,0.8148148148148148,0.072992700729927,0.10921067529678397,297,137,0.8,0.2857142857142857,0.15640154257949707,55,28,0.8125,0.125,0.0751244373137153,16,8
2,1.5,1.5,Associative latent class model,0.633,0.06986342418262811,0.8835616438356164,0.28530048278353254,0.27413999672855366,0.2654111139154099,0.395,146,0.6453125,0.00911854103343465,0.2925328641666346,640,329,0.5827586206896552,0.8768115942028986,0.21275352340370482,290,138,0.7843137254901961,0.034482758620689655,0.26446075140561026,51,29,0.5789473684210527,1.0,0.1581084600001705,19,8
2,1.5,1.5,Renal-adjusted associative latent class model,0.792,0.3403958173623213,0.2808219178082192,0.1355975676069573,0.04268279945086113,0.3774975666884307,0.504,146,0.7875,0.17325227963525835,0.3815230247893922,640,329,0.8068965517241379,0.26811594202898553,0.3735238376400049,290,138,0.7647058823529411,0.3448275862068966,0.3798886830049699,51,29,0.7894736842105263,0.5,0.29613658286130606,19,8
2,1.5,1.5,Two-nuisance adjusted associative latent model,0.804,0.3690330472354653,0.2465753424657534,0.1327457865400591,0.029628338218020918,0.381449839213149,0.516,146,0.7953125,0.2127659574468085,0.38673477256534106,640,329,0.8137931034482758,0.2536231884057971,0.3777658206560172,290,138,0.8235294117647058,0.06896551724137931,0.3571217441129716,51,29,0.8947368421052632,0.125,0.32496251743811644,19,8
2,1.5,1.5,Two-path biologically constrained latent SCM,0.802,0.36418053797161515,0.21232876712328766,0.13209239373866455,0.03312726160746152,0.38379253381367734,0.52,146,0.796875,0.22492401215805471,0.3868350649297523,640,329,0.803448275862069,0.21739130434782608,0.3822343875379949,290,138,0.8235294117647058,0.20689655172413793,0.3817166732507305,51,29,0.8947368421052632,0.125,0.3106615545700042,19,8
2,1.5,1.5,Two-path latent SCM (counterfactual query),0.798,0.35457031390969856,0.21232876712328766,0.16445831699957467,0.14257593427543266,0.12199727393992686,0.512,146,0.79375,0.2188449848024316,0.12808903954902218,640,329,0.7965517241379311,0.21739130434782608,0.12174137191361678,290,138,0.8235294117647058,0.20689655172413793,0.0809819054293831,51,29,0.8947368421052632,0.125,0.030800715616066367,19,8
3,1.5,1.5,Associative latent class model,0.61,0.04748022631150422,0.9266666666666666,0.2917588459390465,0.2814052186675429,0.2788676213318996,0.406,150,0.6552748885586924,0.024024024024024024,0.30678906106367615,673,333,0.5150375939849624,0.920863309352518,0.21025138776904803,266,139,0.5714285714285714,0.058823529411764705,0.30451921119436004,42,17,0.42105263157894735,1.0,0.1937845904902943,19,11
3,1.5,1.5,Renal-adjusted associative latent class model,0.791,0.33810153451657027,0.09333333333333334,0.14067154153288064,0.10226388045437688,0.37256461058556645,0.377,150,0.787518573551263,0.07507507507507508,0.3672649088559681,673,333,0.8157894736842105,0.07194244604316546,0.37427701265200547,266,139,0.7142857142857143,0.23529411764705882,0.43210031269951255,42,17,0.7368421052631579,0.36363636363636365,0.4047067592993164,19,11
3,1.5,1.5,Two-nuisance adjusted associative latent model,0.81,0.38380317111949475,0.12666666666666668,0.13472717206807935,0.07842725998898731,0.3660718824732738,0.41,150,0.8023774145616642,0.09009009009009009,0.3610291484596063,673,333,0.8458646616541353,0.1366906474820144,0.37626756261022026,266,139,0.6666666666666666,0.058823529411764705,0.37667040823216025,42,17,0.8947368421052632,0.0,0.3785229873626034,19,11
3,1.5,1.5,Two-path biologically constrained latent SCM,0.791,0.3381083254582403,0.05333333333333334,0.1439750422840944,0.11474174355744149,0.3605964348718073,0.367,150,0.7979197622585439,0.08708708708708708,0.3615488908623617,673,333,0.7857142857142857,0.05755395683453238,0.35498085466150564,266,139,0.6666666666666666,0.058823529411764705,0.3884974256027085,42,17,0.8947368421052632,0.0,0.3438016897980896,19,11
3,1.5,1.5,Two-path latent SCM (counterfactual query),0.811,0.3862882732828037,0.09333333333333334,0.15934903381610155,0.14188420445011699,0.13343453693895363,0.413,150,0.8068350668647846,0.10810810810810811,0.1345216558792943,673,333,0.8233082706766918,0.10071942446043165,0.13267820881281261,266,139,0.7619047619047619,0.058823529411764705,0.111746226019461,42,17,0.8947368421052632,0.0,0.15345881553489815,19,11
4,1.5,1.5,Associative latent class model,0.512,-0.0003722650908436073,0.9259259259259259,0.44537043151233,0.460671453577932,0.10922299231246714,0.299,162,0.5115919629057187,0.0,0.05982986368983512,647,330,0.5290102389078498,0.92,0.22130570071554614,293,150,0.4883720930232558,0.0,0.06302079398489537,43,21,0.29411764705882354,1.0,0.174153297302253,17,12
4,1.5,1.5,Renal-adjusted associative latent class model,0.804,0.3690330125487546,0.15432098765432098,0.1375859882842998,0.032821501902750086,0.3792145654071183,0.485,162,0.8160741885625966,0.19393939393939394,0.3858474899628154,647,330,0.7849829351535836,0.13333333333333333,0.36518788298278276,293,150,0.7906976744186046,0.38095238095238093,0.36018919408481,43,21,0.7058823529411765,0.4166666666666667,0.41665025538673545,17,12
4,1.5,1.5,Two-nuisance adjusted associative latent model,0.797,0.3521880081615459,0.15432098765432098,0.1367911562076738,0.03704569780279378,0.3702622063659666,0.506,162,0.7990726429675425,0.2515151515151515,0.37437506365487616,647,330,0.7849829351535836,0.16,0.3588370844622837,293,150,0.7906976744186046,0.14285714285714285,0.37885014238538617,43,21,0.9411764705882353,0.08333333333333333,0.38892460654358896,17,12
4,1.5,1.5,Two-path biologically constrained latent SCM,0.805,0.3714712706850841,0.19753086419753085,0.1351358218780768,0.02940297733144729,0.3738195904051378,0.502,162,0.8021638330757341,0.21212121212121213,0.37769668576730003,647,330,0.8054607508532423,0.2,0.3619935203223016,293,150,0.813953488372093,0.14285714285714285,0.37998716270299027,43,21,0.8823529411764706,0.16666666666666666,0.41448736841362854,17,12
4,1.5,1.5,Two-path latent SCM (counterfactual query),0.802,0.36418011330065964,0.19753086419753085,0.16224410210937534,0.13445755982668672,0.13595392233254386,0.513,162,0.8021638330757341,0.23030303030303031,0.13413370702174826,647,330,0.7986348122866894,0.2,0.13427130093951767,293,150,0.7906976744186046,0.19047619047619047,0.16596199346356552,43,21,0.8823529411764706,0.16666666666666666,0.15832688207416265,17,12
5,1.5,1.5,Associative latent class model,0.509,-0.0008324416051417285,0.0,0.4841019000384813,0.4816710882982213,0.08889798082986798,0.726,152,0.48748159057437407,1.0,0.08250400638467016,679,348,0.5758754863813229,0.0,0.10652948403894065,257,148,0.5531914893617021,1.0,0.08614986768170915,47,21,0.23529411764705882,0.0,0.08533172444875568,17,4
5,1.5,1.5,Renal-adjusted associative latent class model,0.804,0.36903141199922235,0.06578947368421052,0.1377416320864528,0.048006743124461064,0.3932709771656056,0.533,152,0.8203240058910162,0.29310344827586204,0.4052650948136843,679,348,0.7859922178988327,0.060810810810810814,0.36367993623780565,257,148,0.7021276595744681,0.6190476190476191,0.3769882957407515,47,21,0.7058823529411765,0.25,0.40657554554015196,17,4
5,1.5,1.5,Two-nuisance adjusted associative latent model,0.815,0.3962953091348608,0.10526315789473684,0.1292429194536878,0.04356583875562115,0.4023624578253035,0.528,152,0.8188512518409425,0.28160919540229884,0.40438872296293343,679,348,0.8171206225680934,0.10810810810810811,0.3909466272443124,257,148,0.7872340425531915,0.14285714285714285,0.42499653734935494,47,21,0.7058823529411765,0.0,0.43143496919197966,17,4
5,1.5,1.5,Two-path biologically constrained latent SCM,0.83,0.4350354242827836,0.13157894736842105,0.12082624931379271,0.03961069943470855,0.41915226482044,0.505,152,0.833578792341679,0.21264367816091953,0.41957407560714666,679,348,0.8443579766536965,0.12837837837837837,0.41471562638012877,257,148,0.7659574468085106,0.19047619047619047,0.4367528536804052,47,21,0.6470588235294118,0.25,0.4207157282656039,17,4
5,1.5,1.5,Two-path latent SCM (counterfactual query),0.831,0.4376821052655234,0.17763157894736842,0.14425931554666432,0.11842899300298343,0.10450301394973838,0.498,152,0.8379970544918999,0.1867816091954023,0.10604545210837775,679,348,0.8287937743190662,0.17567567567567569,0.10334958795065623,257,148,0.7872340425531915,0.09523809523809523,0.09777456413953188,47,21,0.7058823529411765,0.25,0.07893549119254413,17,4
6,1.5,1.5,Associative latent class model,0.568,0.017596832542842385,0.9060402684563759,0.3411060866621425,0.3441413466946174,0.2220742766460685,0.337,149,0.5712074303405573,0.008902077151335312,0.2300346399307791,646,337,0.5602836879432624,0.9111111111111111,0.19884056943595943,282,135,0.5681818181818182,0.0,0.23685339373352915,44,21,0.5714285714285714,0.8571428571428571,0.24918961948461987,28,14
6,1.5,1.5,Renal-adjusted associative latent class model,0.797,0.35220533475315474,0.174496644295302,0.13896909979300223,0.06838324078159982,0.380909346330831,0.408,149,0.7848297213622291,0.08011869436201781,0.3758827994180071,646,337,0.8333333333333334,0.16296296296296298,0.39215684933564915,282,135,0.7272727272727273,0.2857142857142857,0.3853195561289187,44,21,0.8214285714285714,0.2857142857142857,0.3766702115883212,28,14
6,1.5,1.5,Two-nuisance adjusted associative latent model,0.799,0.3569764893214495,0.19463087248322147,0.13798134619827987,0.06831568378570577,0.36581334847990976,0.412,149,0.7910216718266254,0.08605341246290801,0.3627135033913789,646,337,0.8226950354609929,0.2,0.3742446841867966,282,135,0.7954545454545454,0.09523809523809523,0.3555546550252695,44,21,0.75,0.14285714285714285,0.36853641168894397,28,14
6,1.5,1.5,Two-path biologically constrained latent SCM,0.813,0.3912812845789456,0.10067114093959731,0.1331390067937569,0.0609701172533947,0.3740712873078941,0.414,149,0.8080495356037152,0.10979228486646884,0.37474943327580684,646,337,0.8226950354609929,0.1111111111111111,0.37571488106780293,282,135,0.8181818181818182,0.09523809523809523,0.3625822019482491,44,21,0.8214285714285714,0.0,0.3599264308885509,28,14
6,1.5,1.5,Two-path latent SCM (counterfactual query),0.814,0.39378504281576604,0.10067114093959731,0.1571553318791897,0.1241026738087602,0.13614952014883647,0.437,149,0.8080495356037152,0.1394658753709199,0.14027100803234563,646,337,0.8297872340425532,0.1111111111111111,0.13338596947741505,282,135,0.7954545454545454,0.14285714285714285,0.08662904058299951,44,21,0.8214285714285714,0.0,0.14671170648779136,28,14
7,1.5,1.5,Associative latent class model,0.588,0.03002289058862209,0.6973684210526315,0.33000814458834465,0.3243791999306824,0.21478789259607067,0.291,152,0.5799086757990868,0.0058997050147492625,0.17669622428598875,657,339,0.6183206106870229,0.6857142857142857,0.29656781213541333,262,140,0.5370370370370371,0.041666666666666664,0.27279351506563554,54,24,0.5925925925925926,0.8333333333333334,0.23210580174642348,27,12
7,1.5,1.5,Renal-adjusted associative latent class model,0.781,0.31516194626883043,0.32894736842105265,0.15489592029020932,0.08568572310897908,0.3748095325551209,0.398,152,0.7777777777777778,0.035398230088495575,0.36163576939185493,657,339,0.7748091603053435,0.32142857142857145,0.4064422677881565,262,140,0.8518518518518519,0.16666666666666666,0.39046506326655317,54,24,0.7777777777777778,0.4166666666666667,0.35710535139931054,27,12
7,1.5,1.5,Two-nuisance adjusted associative latent model,0.791,0.33806308242552263,0.3157894736842105,0.14111627249362713,0.05900760194218241,0.38507353359420615,0.436,152,0.7975646879756468,0.0855457227138643,0.3775279632377224,657,339,0.7748091603053435,0.32142857142857145,0.40186382970088325,262,140,0.7777777777777778,0.125,0.39319459348048336,54,24,0.8148148148148148,0.25,0.3895122339794436,27,12
7,1.5,1.5,Two-path biologically constrained latent SCM,0.804,0.3690336275823137,0.29605263157894735,0.13550986177192242,0.05018981708553232,0.3914421311929987,0.449,152,0.8112633181126332,0.0943952802359882,0.3852891717773972,657,339,0.7862595419847328,0.3,0.4057137980686547,262,140,0.8148148148148148,0.125,0.3955154982663541,54,24,0.7777777777777778,0.25,0.39452938277326327,27,12
7,1.5,1.5,Two-path latent SCM (counterfactual query),0.819,0.40645085154177774,0.21052631578947367,0.15290011406042261,0.1283702542561052,0.12306549048023693,0.456,152,0.8188736681887366,0.12094395280235988,0.11993529581820747,657,339,0.8206106870229007,0.21428571428571427,0.13237225503984856,262,140,0.8333333333333334,0.125,0.12422482586599264,54,24,0.7777777777777778,0.16666666666666666,0.1066048040915068,27,12
8,1.5,1.5,Associative latent class model,0.654,0.0939810548597186,0.7412587412587412,0.2654676080864975,0.23934685355421734,0.2603017414765535,0.359,143,0.6579754601226994,0.008571428571428572,0.2579533711813837,652,350,0.6363636363636364,0.7318840579710145,0.2576096426597647,286,138,0.6818181818181818,0.0,0.34988684607122894,44,20,0.7222222222222222,1.0,0.16915357991469648,18,5
8,1.5,1.5,Renal-adjusted associative latent class model,0.801,0.36176895334678083,0.17482517482517482,0.14046798060509,0.0615836177871323,0.33006178831723443,0.436,143,0.7944785276073619,0.11714285714285715,0.33407696127981457,652,350,0.8181818181818182,0.15942028985507245,0.321671049035528,286,138,0.7954545454545454,0.4,0.32541572539291763,44,20,0.7777777777777778,0.6,0.32929986785255133,18,5
8,1.5,1.5,Two-nuisance adjusted associative latent model,0.805,0.37147314795117814,0.20279720279720279,0.1339279154755185,0.05230683564995023,0.33734174469715156,0.452,143,0.8052147239263804,0.13714285714285715,0.33957661330788014,652,350,0.8111888111888111,0.1956521739130435,0.3252876788498427,286,138,0.8409090909090909,0.15,0.3543208850570813,44,20,0.6111111111111112,0.4,0.4064109848248419,18,5
8,1.5,1.5,Two-path biologically constrained latent SCM,0.805,0.37147299450550086,0.2097902097902098,0.1339399077197454,0.05153243032508094,0.3367775250902844,0.454,143,0.8052147239263804,0.13714285714285715,0.33932512219442473,652,350,0.8111888111888111,0.1956521739130435,0.32444370058628025,286,138,0.8409090909090909,0.15,0.3526003999390485,44,20,0.6111111111111112,0.6,0.4017905252514016,18,5
8,1.5,1.5,Two-path latent SCM (counterfactual query),0.803,0.3666033478114225,0.20279720279720279,0.15884483542646566,0.133865676986523,0.13252766014987127,0.466,143,0.8021472392638037,0.15714285714285714,0.13383608789808754,652,350,0.8111888111888111,0.18840579710144928,0.12356824376161935,286,138,0.8409090909090909,0.2,0.16460412528467963,44,20,0.6111111111111112,0.6,0.14907953399828588,18,5
9,1.5,1.5,Associative latent class model,0.533,0.003431689392050396,0.9235668789808917,0.3675338329600921,0.3789558615262669,0.2374526960075415,0.312,157,0.5483870967741935,0.0,0.2205454633412105,651,335,0.5160142348754448,0.9246575342465754,0.26916495178386685,281,146,0.4375,0.0,0.3013583335420447,48,19,0.5,0.9090909090909091,0.18885239555643604,20,11
9,1.5,1.5,Renal-adjusted associative latent class model,0.823,0.4167347665052631,0.18471337579617833,0.1322786577208754,0.043301954088570224,0.3948172660641147,0.456,157,0.8218125960061444,0.11641791044776119,0.38707211058736885,651,335,0.8291814946619217,0.1506849315068493,0.4054322313468098,281,146,0.8958333333333334,0.21052631578947367,0.41573080253704314,48,19,0.6,0.6363636363636364,0.4475893270753016,20,11
9,1.5,1.5,Two-nuisance adjusted associative latent model,0.823,0.4167347665052631,0.18471337579617833,0.12993878361426528,0.028805550767944835,0.3896241087194813,0.456,157,0.8202764976958525,0.12238805970149254,0.3810020799523861,651,335,0.8220640569395018,0.1780821917808219,0.3992057775907984,281,146,0.875,0.10526315789473684,0.42005089354120845,48,19,0.8,0.2727272727272727,0.4626244138742793,20,11
9,1.5,1.5,Two-path biologically constrained latent SCM,0.827,0.42714535386851576,0.16560509554140126,0.12904990138655656,0.032154693739909264,0.3901920314896199,0.454,157,0.8233486943164362,0.1253731343283582,0.3820144347916607,651,335,0.8291814946619217,0.1643835616438356,0.3984524433442313,281,146,0.875,0.05263157894736842,0.4228116996530817,48,19,0.8,0.18181818181818182,0.46202681385859384,20,11
9,1.5,1.5,Two-path latent SCM (counterfactual query),0.826,0.4245298603057934,0.17197452229299362,0.14729235768635765,0.11502651390292584,0.13612220754754345,0.463,157,0.8218125960061444,0.13432835820895522,0.12714679837825707,651,335,0.8256227758007118,0.17123287671232876,0.14401486754083204,281,146,0.875,0.10526315789473684,0.15343355946824958,48,19,0.85,0.18181818181818182,0.27583265849241495,20,11
10,1.5,1.5,Associative latent class model,0.501,-0.0008754383858808391,0.0,0.49020333172177427,0.4823220243453632,0.07338823983092987,0.678,160,0.5031948881789138,1.0,0.06944196297222888,626,309,0.4965986394557823,0.0,0.07910787248519974,294,146,0.48148148148148145,1.0,0.07865015354234307,54,28,0.5384615384615384,0.0,0.09279800801459048,26,14
10,1.5,1.5,Renal-adjusted associative latent class model,0.839,0.4591506534975395,0.2875,0.11645709034687085,0.06335093460097609,0.40552378136888684,0.562,160,0.8626198083067093,0.15210355987055016,0.4045312940364938,626,309,0.8401360544217688,0.2465753424657534,0.40890568535415683,294,146,0.6851851851851852,0.6071428571428571,0.38537859708269173,54,28,0.5769230769230769,0.7142857142857143,0.4330182909790111,26,14
10,1.5,1.5,Two-nuisance adjusted associative latent model,0.847,0.48111951086119187,0.24375,0.10850798553003273,0.04829517625054331,0.3925796020575232,0.538,160,0.8594249201277955,0.1553398058252427,0.3853375257980389,626,309,0.8333333333333334,0.23972602739726026,0.3913257207082731,294,146,0.8333333333333334,0.25,0.44412884261066005,54,28,0.7307692307692307,0.2857142857142857,0.474061212259342,26,14
10,1.5,1.5,Two-path biologically constrained latent SCM,0.857,0.509306772734223,0.15,0.1081691968219429,0.0446057830358117,0.39278321431340074,0.532,160,0.8626198083067093,0.1779935275080906,0.3838033945801651,626,309,0.8571428571428571,0.1506849315068493,0.39752181978134316,294,146,0.8333333333333334,0.25,0.4428766927862345,54,28,0.7692307692307693,0.14285714285714285,0.451366649232531,26,14
10,1.5,1.5,Two-path latent SCM (counterfactual query),0.856,0.5064502959883403,0.1625,0.11695455834296696,0.0923881040223872,0.11155499579345675,0.513,160,0.8594249201277955,0.1488673139158576,0.1128451973688943,626,309,0.8537414965986394,0.1643835616438356,0.10636057628531888,294,146,0.8518518518518519,0.17857142857142858,0.11306492611144854,54,28,0.8076923076923077,0.14285714285714285,0.1360918001010375,26,14
11,1.5,1.5,Associative latent class model,0.61,0.04747675827238601,0.903448275862069,0.29142395373333696,0.28440070602785084,0.259636341680544,0.377,145,0.6270928462709284,0.017391304347826087,0.27448947964818576,657,345,0.5709219858156028,0.8962962962962963,0.21267016263443414,282,135,0.65,0.09523809523809523,0.40233383578496484,40,21,0.5238095238095238,1.0,0.1538292503512808,21,10
11,1.5,1.5,Renal-adjusted associative latent class model,0.809,0.38130664370507583,0.2620689655172414,0.13193351006456475,0.04338421793319072,0.355774088523112,0.536,145,0.817351598173516,0.2028985507246377,0.35298161648435006,657,345,0.8120567375886525,0.23703703703703705,0.36811424303385265,282,135,0.725,0.5238095238095238,0.30162874926200567,40,21,0.6666666666666666,0.6,0.3805619041365424,21,10
11,1.5,1.5,Two-nuisance adjusted associative latent model,0.817,0.4013581621039355,0.23448275862068965,0.12787133875693632,0.040051727628307235,0.3516242646888932,0.53,145,0.8203957382039574,0.21159420289855072,0.3458092515102385,657,345,0.8120567375886525,0.24444444444444444,0.360706246290499,282,135,0.85,0.23809523809523808,0.3650138294221332,40,21,0.7142857142857143,0.1,0.386089134088592,21,10
11,1.5,1.5,Two-path biologically constrained latent SCM,0.817,0.40135944474170143,0.27586206896551724,0.12920720614537973,0.04631664245222945,0.35277227538830974,0.544,145,0.8203957382039574,0.20869565217391303,0.34759649556625577,657,345,0.8156028368794326,0.26666666666666666,0.3606492096249511,282,135,0.825,0.3333333333333333,0.35168489974199335,40,21,0.7142857142857143,0.4,0.4109954617792262,21,10
11,1.5,1.5,Two-path latent SCM (counterfactual query),0.821,0.4115756656291718,0.2,0.14572026193956317,0.1150998233503051,0.1429629255477747,0.518,145,0.821917808219178,0.19710144927536233,0.1387281516513306,657,345,0.8297872340425532,0.1925925925925926,0.1405829235032988,282,135,0.825,0.3333333333333333,0.18672683926487207,40,21,0.6666666666666666,0.3,0.22405104353930466,21,10
12,1.5,1.5,Associative latent class model,0.474,0.0010070295409482565,0.0,0.5202883775972018,0.5155217060374785,0.0613356037289369,0.72,144,0.45252225519287836,1.0,0.038853625013007105,674,369,0.5,0.0,0.11453526698797106,258,129,0.5434782608695652,1.0,0.03929375031009736,46,21,0.6818181818181818,0.0,0.17230223059132302,22,15
12,1.5,1.5,Renal-adjusted associative latent class model,0.8,0.35936153679872873,0.1111111111111111,0.13704766955986458,0.05554761013783983,0.40642293409298763,0.504,144,0.798219584569733,0.24661246612466126,0.41309472080428056,674,369,0.8255813953488372,0.10077519379844961,0.39785560119518415,258,129,0.6739130434782609,0.5714285714285714,0.36781324379399477,46,21,0.8181818181818182,0.2,0.38322445218278617,22,15
12,1.5,1.5,Two-nuisance adjusted associative latent model,0.808,0.37883618819880177,0.09027777777777778,0.1314776418705053,0.04271092614377025,0.3987322739090647,0.49,144,0.798219584569733,0.23848238482384823,0.40431818111077134,674,369,0.8333333333333334,0.10077519379844961,0.3903605103387845,258,129,0.7391304347826086,0.3333333333333333,0.3964079757486271,46,21,0.9545454545454546,0.0,0.3306382403891644,22,15
12,1.5,1.5,Two-path biologically constrained latent SCM,0.817,0.4013563921768726,0.125,0.12794521112298718,0.046200724926468574,0.40174945985542865,0.481,144,0.8130563798219584,0.2032520325203252,0.40674014892607696,674,369,0.8255813953488372,0.13953488372093023,0.393927696050158,258,129,0.7608695652173914,0.2857142857142857,0.4056124380186403,46,21,0.9545454545454546,0.0,0.3325037158842991,22,15
12,1.5,1.5,Two-path latent SCM (counterfactual query),0.825,0.42192031816598785,0.1527777777777778,0.1476434625156125,0.1257776746784999,0.11750540243120565,0.479,144,0.8249258160237388,0.17886178861788618,0.1233712360141301,674,369,0.8255813953488372,0.17054263565891473,0.11080893317420143,258,129,0.7608695652173914,0.2857142857142857,0.10641936998395879,46,21,0.9545454545454546,0.0,0.03950879906708601,22,15
13,1.5,1.5,Associative latent class model,0.516,8.041880669532385e-05,0.9849624060150376,0.39985952085584425,0.42328164394996143,0.18495604077944425,0.291,133,0.5030395136778115,0.0,0.17539033913296656,658,330,0.5514705882352942,0.9838709677419355,0.21226492463822938,272,124,0.48,0.0,0.17584536901151707,50,24,0.55,1.0,0.1510434838889,20,9
13,1.5,1.5,Renal-adjusted associative latent class model,0.777,0.30622568720851484,0.015037593984962405,0.15250656170969001,0.039661093947648746,0.41412439300729853,0.564,133,0.7796352583586627,0.3696969696969697,0.4195299001891844,658,330,0.7720588235294118,0.008064516129032258,0.40679167269945204,272,124,0.72,0.5416666666666666,0.3516231018543563,50,24,0.9,0.1111111111111111,0.4922614307923242,20,9
13,1.5,1.5,Two-nuisance adjusted associative latent model,0.78,0.31291538889349346,0.022556390977443608,0.14425387078619517,0.04604589530686607,0.4134402403316428,0.555,133,0.776595744680851,0.3575757575757576,0.4155042643223912,658,330,0.7867647058823529,0.024193548387096774,0.4058235992221108,272,124,0.76,0.4166666666666667,0.3977824505974798,50,24,0.85,0.0,0.48826464446106443,20,9
13,1.5,1.5,Two-path biologically constrained latent SCM,0.815,0.396297759175454,0.24812030075187969,0.12524406644799752,0.03346917628767287,0.4367964383216201,0.546,133,0.8161094224924013,0.20606060606060606,0.4415010510294252,658,330,0.8345588235294118,0.22580645161290322,0.42036204681742606,272,124,0.74,0.3333333333333333,0.44877289408201415,50,24,0.7,0.5555555555555556,0.4755812652908847,20,9
13,1.5,1.5,Two-path latent SCM (counterfactual query),0.816,0.39882450207417713,0.20300751879699247,0.15439737284746827,0.12713514176436155,0.12492299090542068,0.549,133,0.8100303951367781,0.22727272727272727,0.1338806224997431,658,330,0.8455882352941176,0.18548387096774194,0.1006551648829126,272,124,0.76,0.3333333333333333,0.11322736293456018,50,24,0.75,0.4444444444444444,0.189498415285474,20,9
14,1.5,1.5,Associative latent class model,0.485,-0.000327185193305136,0.95625,0.4402181523216411,0.45735336093909085,0.16915588481284327,0.317,160,0.4606918238993711,0.0,0.1635769594604717,636,286,0.5117845117845118,0.9539473684210527,0.19123687698179412,297,152,0.5957446808510638,0.0,0.12419645017436952,47,28,0.6,1.0,0.12431764870975356,20,8
14,1.5,1.5,Renal-adjusted associative latent class model,0.766,0.282306276896714,0.49375,0.16300359066487988,0.05629973307717188,0.41278986205209184,0.516,160,0.7845911949685535,0.08041958041958042,0.4289395851211228,636,286,0.734006734006734,0.4868421052631579,0.3819883650196401,297,152,0.723404255319149,0.35714285714285715,0.44910927800040723,47,28,0.75,0.625,0.2712802719102741,20,8
14,1.5,1.5,Two-nuisance adjusted associative latent model,0.778,0.3084454551829671,0.43125,0.15667333944995626,0.04197373972646976,0.4022728710069386,0.506,160,0.7830188679245284,0.0944055944055944,0.4146024451148746,636,286,0.7643097643097643,0.42105263157894735,0.37556475947453327,297,152,0.8085106382978723,0.17857142857142858,0.43452056369347036,47,28,0.75,0.625,0.3310257928174432,20,8
14,1.5,1.5,Two-path biologically constrained latent SCM,0.805,0.37147099498902253,0.19375,0.13456253097926765,0.04138765872267226,0.42797542774925024,0.481,160,0.7987421383647799,0.13636363636363635,0.4312386282150605,636,286,0.8249158249158249,0.19736842105263158,0.4186696047591518,297,152,0.7872340425531915,0.17857142857142858,0.4457418001533027,47,28,0.75,0.125,0.42064614918991916,20,8
14,1.5,1.5,Two-path latent SCM (counterfactual query),0.807,0.3763722062650893,0.175,0.16820837050538964,0.1423044320127263,0.11743210863018613,0.483,160,0.800314465408805,0.14685314685314685,0.10758287906040312,636,286,0.8249158249158249,0.17763157894736842,0.12451849841487085,297,152,0.8085106382978723,0.17857142857142858,0.19202522387191254,47,28,0.75,0.125,0.1501108998286611,20,8
15,1.5,1.5,Associative latent class model,0.564,0.015481645467350766,0.9139072847682119,0.3387923792282998,0.33908331386476515,0.26251909952207614,0.347,151,0.5835820895522388,0.01834862385321101,0.2846704778320188,670,327,0.5225563909774437,0.9136690647482014,0.20618737042812338,266,139,0.6122448979591837,0.0,0.2702316800583773,49,27,0.26666666666666666,0.9166666666666666,0.24684576785881604,15,12
15,1.5,1.5,Renal-adjusted associative latent class model,0.809,0.3813051847901233,0.19205298013245034,0.13818787731058382,0.056765848879007826,0.3642733312321409,0.486,151,0.8074626865671641,0.1559633027522936,0.3646178353610899,670,327,0.8308270676691729,0.17985611510791366,0.35174753647347956,266,139,0.7346938775510204,0.4074074074074074,0.4310552574057508,49,27,0.7333333333333333,0.3333333333333333,0.3528552816922222,15,12
15,1.5,1.5,Two-nuisance adjusted associative latent model,0.822,0.41414964084828415,0.19205298013245034,0.13352222400643138,0.044110971043467395,0.35226081608844406,0.497,151,0.8283582089552238,0.1651376146788991,0.3525605196052672,670,327,0.8233082706766918,0.19424460431654678,0.33942835461691545,266,139,0.7346938775510204,0.25925925925925924,0.4304273156875316,49,27,0.8,0.16666666666666666,0.3110924770751022,15,12
15,1.5,1.5,Two-path biologically constrained latent SCM,0.822,0.41414962394198296,0.17880794701986755,0.13280739995014038,0.04763368862621117,0.35059411738677015,0.501,151,0.8253731343283582,0.17737003058103976,0.35111768895960127,670,327,0.8308270676691729,0.17985611510791366,0.33757904804313654,266,139,0.7346938775510204,0.25925925925925924,0.43039693833617654,49,27,0.8,0.16666666666666666,0.29731926839269074,15,12
15,1.5,1.5,Two-path latent SCM (counterfactual query),0.819,0.40644999226360895,0.1986754966887417,0.15013134820501012,0.12229037910432422,0.13299650540158495,0.506,151,0.8238805970149253,0.18042813455657492,0.13533220234943028,670,327,0.8233082706766918,0.2014388489208633,0.11624945216329587,266,139,0.7346938775510204,0.25925925925925924,0.2082315472117338,49,27,0.8,0.16666666666666666,0.0798819825770011,15,12
16,1.5,1.5,Associative latent class model,0.603,0.041478266576342335,0.9798657718120806,0.3082224490850563,0.30319630523432345,0.2792920962543581,0.452,149,0.6442006269592476,0.05263157894736842,0.36088639541766343,638,304,0.506993006993007,0.9791666666666666,0.0800328846724246,286,144,0.6129032258064516,0.15625,0.4041356822250241,62,32,0.6428571428571429,1.0,0.07862561883027479,14,5
16,1.5,1.5,Renal-adjusted associative latent class model,0.784,0.3219460478577605,0.15436241610738255,0.1477183101715967,0.05413621541428217,0.3664506113227554,0.525,149,0.780564263322884,0.24671052631578946,0.36777489999990465,638,304,0.8041958041958042,0.1597222222222222,0.3568050439069785,286,144,0.6774193548387096,0.46875,0.39102743972857523,62,32,1.0,0.0,0.3943058073034792,14,5
16,1.5,1.5,Two-nuisance adjusted associative latent model,0.782,0.31741339125330925,0.1476510067114094,0.14622654591420386,0.054922193258504705,0.3610301243292814,0.513,149,0.7899686520376176,0.24013157894736842,0.36106315817122664,638,304,0.7832167832167832,0.1527777777777778,0.3501708874223759,286,144,0.6774193548387096,0.40625,0.40537709628082147,62,32,0.8571428571428571,0.0,0.384969688844885,14,5
16,1.5,1.5,Two-path biologically constrained latent SCM,0.789,0.3334179661781892,0.2550335570469799,0.14483179270769184,0.04674409123173506,0.3625125812088548,0.548,149,0.7899686520376176,0.24013157894736842,0.3631955502547718,638,304,0.8006993006993007,0.2638888888888889,0.34886796366821504,286,144,0.6774193548387096,0.34375,0.41317737180486813,62,32,1.0,0.0,0.38575610609279387,14,5
16,1.5,1.5,Two-path latent SCM (counterfactual query),0.793,0.3427387245134588,0.20134228187919462,0.17036852531587038,0.13867613702299636,0.15288345803866982,0.514,149,0.7915360501567398,0.21052631578947367,0.15132615990359397,638,304,0.8111888111888111,0.20833333333333334,0.14476789777543633,286,144,0.6935483870967742,0.28125,0.19323300496129078,62,32,0.9285714285714286,0.0,0.21095021062871824,14,5
17,1.5,1.5,Associative latent class model,0.617,0.053801593918500326,0.9407407407407408,0.28022865376718764,0.26703431153931456,0.3098147924930199,0.413,135,0.6504424778761062,0.03067484662576687,0.3572751260054471,678,326,0.5390625,0.944,0.1774567676501243,256,125,0.6122448979591837,0.09523809523809523,0.38086590921062957,49,21,0.47058823529411764,0.9,0.2053467642102436,17,10
17,1.5,1.5,Renal-adjusted associative latent class model,0.811,0.3862704166206458,0.2222222222222222,0.12653136536720333,0.037026389471777395,0.3970340965831697,0.493,135,0.8171091445427728,0.12883435582822086,0.3982210730379442,678,326,0.8203125,0.2,0.3964392794668703,256,125,0.7142857142857143,0.47619047619047616,0.40714110773711437,49,21,0.7058823529411765,0.5,0.3295199553415341,17,10
17,1.5,1.5,Two-nuisance adjusted associative latent model,0.815,0.39629602771483824,0.34074074074074073,0.1291380581455049,0.02281268701126383,0.3927915440472622,0.525,135,0.8303834808259587,0.1441717791411043,0.39514311517241757,678,326,0.7890625,0.328,0.38273040774759526,256,125,0.7755102040816326,0.14285714285714285,0.42280756063101554,49,21,0.7058823529411765,0.5,0.36399747682698996,17,10
17,1.5,1.5,Two-path biologically constrained latent SCM,0.826,0.4245286008971559,0.2074074074074074,0.12290833723148034,0.026525716181312033,0.39781343576799555,0.512,135,0.831858407079646,0.16257668711656442,0.39701414639211724,678,326,0.8203125,0.208,0.3955597433979403,256,125,0.7755102040816326,0.14285714285714285,0.4282295637819613,49,21,0.8235294117647058,0.2,0.37595891640889423,17,10
17,1.5,1.5,Two-path latent SCM (counterfactual query),0.827,0.4271430677051932,0.21481481481481482,0.14373463353528745,0.10977977576171909,0.13639183291347767,0.519,135,0.831858407079646,0.1687116564417178,0.1363058690086713,678,326,0.8203125,0.216,0.1380832134886858,256,125,0.7959183673469388,0.14285714285714285,0.1134881054573528,49,21,0.8235294117647058,0.2,0.18036670029909999,17,10
18,1.5,1.5,Associative latent class model,0.541,0.00574401591863304,0.9861111111111112,0.4207378439433521,0.4311338301668003,0.10157730274075129,0.31,144,0.531055900621118,0.0,0.05697801244531411,644,342,0.5492957746478874,0.9846153846153847,0.20038553458543856,284,130,0.6590909090909091,0.0,0.03793572157929794,44,29,0.5,1.0,0.22517139836483355,28,14
18,1.5,1.5,Renal-adjusted associative latent class model,0.817,0.40135754306829824,0.1527777777777778,0.12637808029903597,0.03271046703828604,0.3984334825180609,0.468,144,0.8245341614906833,0.15204678362573099,0.40111182979356536,644,342,0.7992957746478874,0.14615384615384616,0.3906919142052482,284,130,0.7954545454545454,0.3103448275862069,0.43360499390466245,44,29,0.8571428571428571,0.21428571428571427,0.36008359874675583,28,14
18,1.5,1.5,Two-nuisance adjusted associative latent model,0.821,0.4115755175586306,0.18055555555555555,0.122471588899725,0.023924020773114587,0.3871554520401672,0.502,144,0.8229813664596274,0.20175438596491227,0.3913334423223324,644,342,0.7992957746478874,0.19230769230769232,0.3821681006796831,284,130,0.8863636363636364,0.10344827586206896,0.39634258023806035,44,29,0.8928571428571429,0.07142857142857142,0.3272107521814465,28,14
18,1.5,1.5,Two-path biologically constrained latent SCM,0.819,0.406450391928183,0.14583333333333334,0.12343149530765285,0.02484217892040485,0.3862311578675742,0.498,144,0.8198757763975155,0.20760233918128654,0.38969662126186494,644,342,0.8028169014084507,0.15384615384615385,0.3816220561901387,284,130,0.8636363636363636,0.1724137931034483,0.4044225454076837,44,29,0.8928571428571429,0.07142857142857142,0.3246884935355588,28,14
18,1.5,1.5,Two-path latent SCM (counterfactual query),0.819,0.406450394782928,0.14583333333333334,0.14629122120788657,0.12368228163628056,0.11921605909569191,0.496,144,0.8214285714285714,0.2046783625730994,0.12227401706769185,644,342,0.7992957746478874,0.15384615384615385,0.10866043312493891,284,130,0.8636363636363636,0.1724137931034483,0.13004524092003458,44,29,0.8928571428571429,0.07142857142857142,0.13892994629050745,28,14
19,1.5,1.5,Associative latent class model,0.533,0.0034073070594095715,0.9102564102564102,0.35746457474110044,0.3693756969605954,0.24069410697635152,0.331,156,0.5255023183925811,0.0031847133757961785,0.23506749826174622,647,314,0.5609756097560976,0.9130434782608695,0.24662974895365708,287,138,0.5384615384615384,0.0,0.28140131983109573,39,18,0.4074074074074074,0.8888888888888888,0.2536313399218314,27,18
19,1.5,1.5,Renal-adjusted associative latent class model,0.805,0.3714754437829927,0.28205128205128205,0.12925927458813913,0.049990434231029564,0.3819764331598418,0.563,156,0.8068006182380216,0.23248407643312102,0.3879179799710151,647,314,0.8153310104529616,0.2463768115942029,0.3734604359844025,287,138,0.8205128205128205,0.3333333333333333,0.3436584009346012,39,18,0.6296296296296297,0.5555555555555556,0.3854695316526694,27,18
19,1.5,1.5,Two-nuisance adjusted associative latent model,0.816,0.398824729194682,0.22435897435897437,0.12438699844680241,0.04166966502693389,0.3831074778795091,0.546,156,0.8052550231839258,0.23248407643312102,0.38843323746950126,647,314,0.818815331010453,0.2463768115942029,0.37495743014163585,287,138,0.8717948717948718,0.05555555555555555,0.3347097425323453,39,18,0.9629629629629629,0.05555555555555555,0.4120263269381815,27,18
19,1.5,1.5,Two-path biologically constrained latent SCM,0.817,0.4013601804391446,0.24358974358974358,0.1247060753891974,0.044412651337191356,0.3823700315776829,0.555,156,0.8098918083462133,0.2356687898089172,0.3874232898562687,647,314,0.818815331010453,0.2463768115942029,0.37324844748317326,287,138,0.8974358974358975,0.05555555555555555,0.3412414227850659,39,18,0.8518518518518519,0.2222222222222222,0.41764604164402575,27,18
19,1.5,1.5,Two-path latent SCM (counterfactual query),0.819,0.40645189386284025,0.21153846153846154,0.15147034967946102,0.1200407406184762,0.1291345084705945,0.541,156,0.8114374034003091,0.22611464968152867,0.1369116791851015,647,314,0.8153310104529616,0.2246376811594203,0.11368034591997024,287,138,0.8974358974358975,0.05555555555555555,0.08621796616560613,39,18,0.9259259259259259,0.1111111111111111,0.16903303993865681,27,18
