repeat,method,renal_effect_sd,bic_k1,bic_k2,delta_bic_k2_minus_k1,selected_k2,k2_converged,k2_minimum_effective_class_fraction
0,Associative latent class model,1.5,8122.826814808679,7838.360902062614,-284.46591274606544,True,True,0.33863704874945
0,Renal-adjusted associative latent class model,1.5,6810.932574626884,6836.122373092963,25.189798466079083,False,True,0.3064132067002594
0,Biologically constrained latent SCM,1.5,6798.996100144218,6823.923865881333,24.927765737114896,False,True,0.3297112896316887
1,Associative latent class model,1.5,8022.920908831416,7771.402306039682,-251.51860279173434,True,True,0.3077143690751775
1,Renal-adjusted associative latent class model,1.5,6767.9855552701065,6791.74911990241,23.763564632303314,False,True,0.3806055342429178
1,Biologically constrained latent SCM,1.5,6755.035941363693,6779.337811620511,24.301870256817892,False,True,0.3734259333247722
2,Associative latent class model,1.5,8256.878701449696,7974.556924429932,-282.32177701976343,True,True,0.30765512355986735
2,Renal-adjusted associative latent class model,1.5,6963.000809290559,6990.2907512110705,27.28994192051141,False,True,0.27464732010548554
2,Biologically constrained latent SCM,1.5,6950.012323110518,6981.114063047988,31.101739937469574,False,True,0.49733589017338176
3,Associative latent class model,1.5,8155.619831512543,7859.047892647285,-296.57193886525783,True,True,0.263039238918005
3,Renal-adjusted associative latent class model,1.5,6914.189366634702,6937.825127867183,23.635761232480945,False,True,0.44826158725082776
3,Biologically constrained latent SCM,1.5,6904.632654918344,6932.713105954604,28.080451036259547,False,True,0.4356317251961421
4,Associative latent class model,1.5,8124.024218738224,7874.883474938073,-249.14074380015063,True,True,0.3470276849708855
4,Renal-adjusted associative latent class model,1.5,6849.1506045704045,6878.908625310505,29.75802074010062,False,True,0.49115558682541033
4,Biologically constrained latent SCM,1.5,6838.2264779433,6866.088183962925,27.861706019624762,False,True,0.49623578128267765
5,Associative latent class model,1.5,8153.7923363234395,7915.461058458166,-238.33127786527348,True,True,0.2959969026450539
5,Renal-adjusted associative latent class model,1.5,6876.641614765733,6908.7616907616675,32.12007599593471,False,True,0.4902493357371639
5,Biologically constrained latent SCM,1.5,6868.91240387422,6896.741626343661,27.829222469440538,False,True,0.3566568836794501
6,Associative latent class model,1.5,8168.1448263981565,7884.708263460943,-283.43656293721324,True,True,0.32263642622869704
6,Renal-adjusted associative latent class model,1.5,6855.573451211047,6885.317644130531,29.744192919484703,False,True,0.29741252316030825
6,Biologically constrained latent SCM,1.5,6845.4088386212925,6874.18594310257,28.777104481277092,False,True,0.3367613813409773
7,Associative latent class model,1.5,8154.409639693214,7868.337741795665,-286.0718978975483,True,True,0.3082830527476824
7,Renal-adjusted associative latent class model,1.5,6857.895080073406,6887.8965644113,30.001484337894,False,True,0.49206848021718896
7,Biologically constrained latent SCM,1.5,6847.546759009774,6873.937808042054,26.391049032279625,False,True,0.4050653604060812
8,Associative latent class model,1.5,8156.8040832521365,7801.2504591920315,-355.553624060105,True,True,0.2851212794773002
8,Renal-adjusted associative latent class model,1.5,6819.87299067489,6839.801466650149,19.92847597525906,False,True,0.18104427807335668
8,Biologically constrained latent SCM,1.5,6811.4038992092765,6833.922548741232,22.518649531955816,False,True,0.46686398959582903
9,Associative latent class model,1.5,8204.035373853414,7924.225503419535,-279.80987043387904,True,True,0.313966919346469
9,Renal-adjusted associative latent class model,1.5,6948.121469223238,6972.061417963893,23.93994874065538,False,True,0.4094240700466507
9,Biologically constrained latent SCM,1.5,6937.85925615914,6964.57983088179,26.72057472264987,False,True,0.3433663263212101
10,Associative latent class model,1.5,8203.007666935266,7874.117898941156,-328.8897679941092,True,True,0.32411747332158297
10,Renal-adjusted associative latent class model,1.5,6844.073143758611,6876.953216214373,32.880072455762274,False,True,0.49875778376034263
10,Biologically constrained latent SCM,1.5,6831.49411503508,6863.912779006164,32.41866397108424,False,True,0.4976153506138851
11,Associative latent class model,1.5,8059.749375965313,7818.391665831013,-241.35771013430076,True,True,0.27970281844971157
11,Renal-adjusted associative latent class model,1.5,6866.951648570922,6896.403086828347,29.451438257425252,False,True,0.4273382729787305
11,Biologically constrained latent SCM,1.5,6856.826400216334,6886.913288075645,30.08688785931099,False,True,0.3858489508705382
12,Associative latent class model,1.5,8220.805163858808,7861.020491752302,-359.78467210650524,True,True,0.33745120205247103
12,Renal-adjusted associative latent class model,1.5,6826.312485043552,6848.46905432966,22.156569286107697,False,True,0.43425090968212343
12,Biologically constrained latent SCM,1.5,6813.681116398803,6835.600027032979,21.918910634175518,False,True,0.35960976737630274
13,Associative latent class model,1.5,8107.502471640292,7769.8469976625765,-337.6554739777157,True,True,0.33497044888326655
13,Renal-adjusted associative latent class model,1.5,6748.912362413133,6775.964601534333,27.05223912119982,False,True,0.47059669788635267
13,Biologically constrained latent SCM,1.5,6736.46423581467,6764.1098333763575,27.645597561687282,False,True,0.34282131219030054
14,Associative latent class model,1.5,7974.326011711709,7692.906364283195,-281.4196474285136,True,True,0.2891263671266418
14,Renal-adjusted associative latent class model,1.5,6716.811955909333,6738.225465275361,21.413509366027938,False,True,0.4835817265109324
14,Biologically constrained latent SCM,1.5,6704.171756846738,6732.923402599451,28.751645752712648,False,True,0.4701663708897824
15,Associative latent class model,1.5,8006.435605774802,7689.688573151914,-316.7470326228877,True,True,0.308556521321498
15,Renal-adjusted associative latent class model,1.5,6687.282665818038,6714.990440589289,27.707774771251025,False,True,0.4627336335808158
15,Biologically constrained latent SCM,1.5,6674.027971943301,6701.7089344413,27.680962497998735,False,True,0.475714098311777
16,Associative latent class model,1.5,8147.829275674115,7891.199466538104,-256.6298091360104,True,True,0.3110532297469546
16,Renal-adjusted associative latent class model,1.5,6893.770916204045,6926.257449115765,32.48653291172013,False,True,0.4915836466442839
16,Biologically constrained latent SCM,1.5,6882.534651059528,6913.934807106654,31.400156047126075,False,True,0.3709575394533519
17,Associative latent class model,1.5,8090.49347097217,7794.726975579742,-295.7664953924277,True,True,0.2907647348968403
17,Renal-adjusted associative latent class model,1.5,6793.0905162636345,6822.820315490684,29.729799227049625,False,True,0.3768651883769016
17,Biologically constrained latent SCM,1.5,6780.319562207408,6811.820464322984,31.500902115575627,False,True,0.4329084762240559
18,Associative latent class model,1.5,8122.615258365471,7846.330932993056,-276.28432537241497,True,True,0.2972575782832845
18,Renal-adjusted associative latent class model,1.5,6846.184053051248,6878.113851985406,31.92979893415759,False,True,0.49002849621924893
18,Biologically constrained latent SCM,1.5,6836.394009514263,6866.407450573668,30.013441059404613,False,True,0.4951027813938778
19,Associative latent class model,1.5,8129.4399535956,7889.777954339547,-239.6619992560527,True,True,0.31447069308107095
19,Renal-adjusted associative latent class model,1.5,6928.169538728554,6954.986413578109,26.81687484955546,False,True,0.3440864726764636
19,Biologically constrained latent SCM,1.5,6919.240551105472,6944.359471401748,25.118920296275974,False,True,0.3033839034064339
20,Associative latent class model,1.5,8154.831432577974,7892.6986189732825,-262.13281360469136,True,True,0.3211457506793163
20,Renal-adjusted associative latent class model,1.5,6878.305259660701,6909.064640775343,30.759381114641656,False,True,0.4921107838539712
20,Biologically constrained latent SCM,1.5,6865.702367828316,6896.217445057322,30.515077229006238,False,True,0.4911301890362648
21,Associative latent class model,1.5,8099.375589926748,7810.1292797441465,-289.2463101826015,True,True,0.2769424983898139
21,Renal-adjusted associative latent class model,1.5,6812.050956540391,6834.785224897805,22.734268357414294,False,True,0.2744862308700111
21,Biologically constrained latent SCM,1.5,6807.611671822982,6825.593935463754,17.982263640771635,False,True,0.2656563754998704
22,Associative latent class model,1.5,8096.020239239254,7818.832735377314,-277.18750386194006,True,True,0.30902194184138554
22,Renal-adjusted associative latent class model,1.5,6811.424882911917,6843.00770593454,31.582823022623415,False,True,0.4967774330839197
22,Biologically constrained latent SCM,1.5,6798.945270793334,6830.393396493579,31.448125700244418,False,True,0.4581949693881884
23,Associative latent class model,1.5,8150.769231654656,7907.75476193877,-243.01446971588666,True,True,0.3316001058183323
23,Renal-adjusted associative latent class model,1.5,6913.095582537314,6939.475229652571,26.379647115257285,False,True,0.39904573145212024
23,Biologically constrained latent SCM,1.5,6906.376344063388,6928.901895671097,22.52555160770862,False,True,0.3940806877151718
24,Associative latent class model,1.5,8063.02664319606,7793.58459150795,-269.44205168811004,True,True,0.31310775286684256
24,Renal-adjusted associative latent class model,1.5,6822.827448972625,6847.375268511842,24.547819539217016,False,True,0.4163644500331064
24,Biologically constrained latent SCM,1.5,6809.620645604121,6837.617938223933,27.99729261981247,False,True,0.46145465710056427
25,Associative latent class model,1.5,7972.634142395389,7665.118895412376,-307.51524698301273,True,True,0.302639607369515
25,Renal-adjusted associative latent class model,1.5,6682.53416392235,6709.4928057687275,26.95864184637776,False,True,0.48651180852958276
25,Biologically constrained latent SCM,1.5,6671.687965381728,6698.72589881139,27.03793342966219,False,True,0.4905600652387871
26,Associative latent class model,1.5,8137.948777380581,7879.407273343803,-258.54150403677795,True,True,0.33478930298388676
26,Renal-adjusted associative latent class model,1.5,6848.814077170009,6873.729006413782,24.91492924377326,False,True,0.3085659014993293
26,Biologically constrained latent SCM,1.5,6835.966213507362,6865.467485242785,29.50127173542296,False,True,0.3891630891456198
27,Associative latent class model,1.5,8128.414948872306,7839.745081099751,-288.66986777255534,True,True,0.3109236827645526
27,Renal-adjusted associative latent class model,1.5,6828.835488868783,6858.20075610829,29.365267239507375,False,True,0.38494555585553053
27,Biologically constrained latent SCM,1.5,6817.000768292074,6846.33374059803,29.33297230595599,False,True,0.39367295029727495
28,Associative latent class model,1.5,8060.516409962489,7799.946116701838,-260.57029326065094,True,True,0.2723453797227796
28,Renal-adjusted associative latent class model,1.5,6837.096651386832,6869.7942297805275,32.69757839369595,False,True,0.49364397594161147
28,Biologically constrained latent SCM,1.5,6824.250347318935,6856.374868749283,32.12452143034807,False,True,0.494582567455449
29,Associative latent class model,1.5,8224.19191311006,7980.158753924798,-244.03315918526278,True,True,0.27375226795256113
29,Renal-adjusted associative latent class model,1.5,7017.286325203848,7047.220835222237,29.93451001838912,False,True,0.45484973444935795
29,Biologically constrained latent SCM,1.5,7007.047215391086,7033.857711418104,26.810496027018416,False,True,0.3041469837954903
30,Associative latent class model,1.5,8096.368953545303,7874.247930653239,-222.1210228920645,True,True,0.25534683178997064
30,Renal-adjusted associative latent class model,1.5,6904.1380289792305,6932.577640030846,28.43961105161543,False,True,0.3091326752495902
30,Biologically constrained latent SCM,1.5,6892.334081631236,6923.858090378842,31.524008747605876,False,True,0.37599669698903704
31,Associative latent class model,1.5,8222.37384764371,7946.441624299703,-275.93222334400707,True,True,0.32703635618399557
31,Renal-adjusted associative latent class model,1.5,6949.6347949436495,6976.587550788203,26.952755844553394,False,True,0.48999030720573145
31,Biologically constrained latent SCM,1.5,6936.836219251515,6964.345921047405,27.50970179588967,False,True,0.37381706003637605
32,Associative latent class model,1.5,8250.235281998044,7956.725828340168,-293.5094536578763,True,True,0.33599685894426073
32,Renal-adjusted associative latent class model,1.5,6959.550969715219,6981.107723758478,21.55675404325848,False,True,0.3427679888054328
32,Biologically constrained latent SCM,1.5,6946.7778722469175,6972.722092468102,25.944220221184878,False,True,0.2866347085483075
33,Associative latent class model,1.5,8178.257254520654,7923.691106528642,-254.5661479920118,True,True,0.28274211947860195
33,Renal-adjusted associative latent class model,1.5,6949.7976413467,6970.092786266017,20.295144919316954,False,True,0.49060247493685083
33,Biologically constrained latent SCM,1.5,6936.465922059721,6958.343390895126,21.877468835404215,False,True,0.494666473583173
34,Associative latent class model,1.5,8251.645839366234,8025.240713694187,-226.40512567204678,True,True,0.2949396130360345
34,Renal-adjusted associative latent class model,1.5,7022.214475828254,7045.617503391099,23.403027562844727,False,True,0.43824307496665016
34,Biologically constrained latent SCM,1.5,7010.576691550976,7037.254295893602,26.677604342626182,False,True,0.3754868217991968
35,Associative latent class model,1.5,8236.424602440706,7942.063261458377,-294.36134098232833,True,True,0.30623950082981344
35,Renal-adjusted associative latent class model,1.5,6931.864106577553,6958.181853563196,26.31774698564277,False,True,0.3016329458650513
35,Biologically constrained latent SCM,1.5,6919.093566957527,6946.3592298715475,27.26566291402014,False,True,0.30811578025559067
36,Associative latent class model,1.5,8146.290942738679,7874.355302331876,-271.93564040680303,True,True,0.314663725283581
36,Renal-adjusted associative latent class model,1.5,6880.592117957682,6907.072242228458,26.480124270776287,False,True,0.47094282809172955
36,Biologically constrained latent SCM,1.5,6867.25098880351,6893.741162211896,26.490173408386,False,True,0.4707808692679911
37,Associative latent class model,1.5,7918.333090509757,7646.182367929814,-272.15072257994325,True,True,0.31847271730659343
37,Renal-adjusted associative latent class model,1.5,6648.38723642747,6675.26856001245,26.881323584979327,False,True,0.4961031580547257
37,Biologically constrained latent SCM,1.5,6638.6508921702125,6662.748475392215,24.097583222002868,False,True,0.40596790831085655
38,Associative latent class model,1.5,8171.368139798139,7887.481604904819,-283.88653489332046,True,True,0.33765620924758316
38,Renal-adjusted associative latent class model,1.5,6894.750661217706,6916.216897791116,21.466236573410242,False,True,0.4581094115033521
38,Biologically constrained latent SCM,1.5,6889.70413905851,6911.809597792341,22.105458733831256,False,True,0.46778227897894553
39,Associative latent class model,1.5,8100.989424118133,7813.859144125176,-287.1302799929572,True,True,0.31161832363296427
39,Renal-adjusted associative latent class model,1.5,6811.503535923865,6835.550779601475,24.047243677610822,False,True,0.4715437833236149
39,Biologically constrained latent SCM,1.5,6798.525336639543,6822.345660689456,23.820324049913324,False,True,0.47874279080711474
40,Associative latent class model,1.5,8096.214968954357,7852.923226136601,-243.29174281775522,True,True,0.3034136918078893
40,Renal-adjusted associative latent class model,1.5,6844.413259613402,6868.396195178094,23.982935564691616,False,True,0.33386246381718054
40,Biologically constrained latent SCM,1.5,6831.791167483215,6858.354346504116,26.56317902090086,False,True,0.4192822794829527
41,Associative latent class model,1.5,8115.733654982742,7803.216325876007,-312.5173291067349,True,True,0.31515527913153063
41,Renal-adjusted associative latent class model,1.5,6798.73935553465,6830.108827454615,31.36947191996478,False,True,0.4777869905869344
41,Biologically constrained latent SCM,1.5,6785.5414667329305,6818.064630864132,32.523164131201156,False,True,0.4847718868221895
42,Associative latent class model,1.5,8074.197172695062,7837.218705868869,-236.97846682619365,True,True,0.2904213687545804
42,Renal-adjusted associative latent class model,1.5,6845.587737703583,6873.692931444677,28.1051937410939,False,True,0.3772632522335026
42,Biologically constrained latent SCM,1.5,6833.663316706659,6861.133065052147,27.46974834548746,False,True,0.4664605946247961
43,Associative latent class model,1.5,8152.606510908115,7877.403260879155,-275.2032500289597,True,True,0.32948389437249576
43,Renal-adjusted associative latent class model,1.5,6847.503443578258,6877.523319693055,30.019876114796716,False,True,0.42181969704178457
43,Biologically constrained latent SCM,1.5,6834.642384859333,6865.300396137032,30.658011277699188,False,True,0.47969528461913513
44,Associative latent class model,1.5,8168.688295742265,7912.869536901942,-255.81875884032252,True,True,0.3165347767922362
44,Renal-adjusted associative latent class model,1.5,6903.833526314705,6928.030243845419,24.196717530714523,False,True,0.49901287929083493
44,Biologically constrained latent SCM,1.5,6892.774438578443,6914.7601910424355,21.985752463992867,False,True,0.4926599924319211
45,Associative latent class model,1.5,8137.884336954937,7865.071648576586,-272.8126883783507,True,True,0.315812942252052
45,Renal-adjusted associative latent class model,1.5,6860.400898904042,6890.234025089293,29.833126185250876,False,True,0.3859052795459724
45,Biologically constrained latent SCM,1.5,6850.096518710268,6879.892009999013,29.795491288744415,False,True,0.38011181429868546
46,Associative latent class model,1.5,8125.561997714681,7894.735112519268,-230.82688519541261,True,True,0.2973733020063196
46,Renal-adjusted associative latent class model,1.5,6932.760692736017,6954.952310539651,22.191617803634472,False,True,0.39742784007873394
46,Biologically constrained latent SCM,1.5,6920.688062007372,6945.991504261528,25.303442254155925,False,True,0.47335824668830284
47,Associative latent class model,1.5,7979.673369500292,7740.305128063697,-239.36824143659487,True,True,0.2826039158817266
47,Renal-adjusted associative latent class model,1.5,6763.162301099232,6788.629284844103,25.46698374487096,False,True,0.3713976725178963
47,Biologically constrained latent SCM,1.5,6750.516530493849,6779.124443528039,28.60791303418955,False,True,0.4975477093143414
48,Associative latent class model,1.5,8214.034513350156,7888.694597456501,-325.3399158936554,True,True,0.33256319842164805
48,Renal-adjusted associative latent class model,1.5,6850.709326660882,6879.111756010318,28.402429349435806,False,True,0.4169411491858226
48,Biologically constrained latent SCM,1.5,6838.97740753404,6865.737496422018,26.760088887977872,False,True,0.2321101748085973
49,Associative latent class model,1.5,8114.136966203998,7874.446265592911,-239.69070061108687,True,True,0.28825622822128105
49,Renal-adjusted associative latent class model,1.5,6886.291164206123,6914.36430504788,28.073140841757777,False,True,0.4472679324334012
49,Biologically constrained latent SCM,1.5,6875.818830097421,6902.801757411485,26.982927314064,False,True,0.4513149974660994
50,Associative latent class model,1.5,8116.310711997443,7806.473999466004,-309.83671253143893,True,True,0.31701852544619336
50,Renal-adjusted associative latent class model,1.5,6807.141479355419,6839.843586339919,32.70210698450046,False,True,0.4853556639588419
50,Biologically constrained latent SCM,1.5,6794.005209579674,6826.480842170584,32.47563259091021,False,True,0.4419344077337847
51,Associative latent class model,1.5,8298.347187104406,8051.082627103603,-247.2645600008027,True,True,0.30829986016738464
51,Renal-adjusted associative latent class model,1.5,7040.653972081787,7067.239152056041,26.58517997425406,False,True,0.4932041033324859
51,Biologically constrained latent SCM,1.5,7027.585959841256,7054.222586068461,26.636626227204943,False,True,0.4820046405608556
52,Associative latent class model,1.5,8198.708660134433,7970.323519247213,-228.38514088721968,True,True,0.29458656327795674
52,Renal-adjusted associative latent class model,1.5,6995.702164455324,7019.461463631527,23.759299176203058,False,True,0.36291525287218546
52,Biologically constrained latent SCM,1.5,6984.936540524505,7008.669096521876,23.732555997370582,False,True,0.382703682725252
53,Associative latent class model,1.5,8107.248168174104,7816.918625221961,-290.32954295214313,True,True,0.30664823910332994
53,Renal-adjusted associative latent class model,1.5,6816.493890141524,6837.4374772207975,20.94358707927313,False,True,0.3365628672279016
53,Biologically constrained latent SCM,1.5,6807.502554540217,6827.160799600599,19.658245060381887,False,True,0.3606864662947921
54,Associative latent class model,1.5,8188.016226258341,7903.416521539466,-284.5997047188748,True,True,0.3555122357297683
54,Renal-adjusted associative latent class model,1.5,6922.497820355757,6945.4180772963155,22.92025694055883,False,True,0.3734238815158907
54,Biologically constrained latent SCM,1.5,6912.7251830822,6933.242800937404,20.517617855204662,False,True,0.3618436936521152
55,Associative latent class model,1.5,8036.511456291863,7775.330699075733,-261.1807572161306,True,True,0.3295947148061996
55,Renal-adjusted associative latent class model,1.5,6767.531818764686,6792.855954169743,25.32413540505695,False,True,0.4295178888162527
55,Biologically constrained latent SCM,1.5,6756.782760019778,6780.857451642249,24.07469162247071,False,True,0.4906152366019035
56,Associative latent class model,1.5,8060.57298362606,7869.3654075354625,-191.20757609059729,True,True,0.27282914482986986
56,Renal-adjusted associative latent class model,1.5,6914.890027762483,6942.778796396104,27.888768633620202,False,True,0.4159893379882062
56,Biologically constrained latent SCM,1.5,6901.854570071228,6930.115684436874,28.26111436564588,False,True,0.33209628811746006
57,Associative latent class model,1.5,8214.976018634594,7964.390395494418,-250.5856231401758,True,True,0.3243817420240386
57,Renal-adjusted associative latent class model,1.5,6962.549021832021,6987.964237084384,25.41521525236294,False,True,0.4644378316444657
57,Biologically constrained latent SCM,1.5,6949.394641607957,6980.34007516885,30.945433560892525,False,True,0.4986650553305712
58,Associative latent class model,1.5,8098.797320565559,7850.300339976467,-248.49698058909235,True,True,0.2940028925678459
58,Renal-adjusted associative latent class model,1.5,6871.671096569421,6898.038480042502,26.367383473080736,False,True,0.36985856559269287
58,Biologically constrained latent SCM,1.5,6858.60115652886,6884.834083768115,26.232927239255332,False,True,0.3280637628873655
59,Associative latent class model,1.5,8149.981895094891,7885.1019007565355,-264.8799943383556,True,True,0.3274074557475437
59,Renal-adjusted associative latent class model,1.5,6890.770777933103,6914.851448350819,24.080670417715737,False,True,0.2812412954839935
59,Biologically constrained latent SCM,1.5,6879.221107496322,6903.869064117131,24.647956620809055,False,True,0.28073101848470094
60,Associative latent class model,1.5,8175.349698773768,7898.237920916545,-277.1117778572234,True,True,0.32092913456659905
60,Renal-adjusted associative latent class model,1.5,6881.013571921148,6909.528226918717,28.514654997569778,False,True,0.3921147641840369
60,Biologically constrained latent SCM,1.5,6867.7350049714705,6896.087750474337,28.352745502866128,False,True,0.4184416071483214
61,Associative latent class model,1.5,8192.225007124482,7912.504382671185,-279.7206244532963,True,True,0.30865075093134636
61,Renal-adjusted associative latent class model,1.5,6906.454961393874,6930.070981217812,23.616019823937677,False,True,0.43771286753090904
61,Biologically constrained latent SCM,1.5,6903.378683685752,6918.29684327556,14.918159589808056,False,True,0.34632934800950993
62,Associative latent class model,1.5,8135.498515468292,7871.324924926934,-264.17359054135795,True,True,0.274552688362288
62,Renal-adjusted associative latent class model,1.5,6912.683358354651,6936.247470233684,23.56411187903268,False,True,0.40824756108391924
62,Biologically constrained latent SCM,1.5,6900.985956654903,6928.797722028916,27.811765374012793,False,True,0.44387699327398217
63,Associative latent class model,1.5,8158.957038736446,7896.697078033725,-262.2599607027205,True,True,0.2981114130054995
63,Renal-adjusted associative latent class model,1.5,6899.031193714109,6922.292298186575,23.261104472466286,False,True,0.35526369034840116
63,Biologically constrained latent SCM,1.5,6886.775678092514,6911.527085095033,24.751407002519045,False,True,0.3578899101945883
64,Associative latent class model,1.5,8181.493022124452,7881.530301125926,-299.9627209985265,True,True,0.2973579724103396
64,Renal-adjusted associative latent class model,1.5,6896.544149804371,6920.121163764005,23.577013959634314,False,True,0.3456277033256628
64,Biologically constrained latent SCM,1.5,6883.184188392707,6909.046798619285,25.862610226578,False,True,0.36683977926537265
65,Associative latent class model,1.5,8020.262353017716,7785.068459463259,-235.19389355445674,True,True,0.29690125516943006
65,Renal-adjusted associative latent class model,1.5,6775.831456690301,6807.910144181389,32.0786874910882,False,True,0.4699423865638553
65,Biologically constrained latent SCM,1.5,6765.715224442093,6794.593699795129,28.878475353036265,False,True,0.373974311587977
66,Associative latent class model,1.5,8124.0485501980065,7873.845861029993,-250.20268916801342,True,True,0.3234379982080789
66,Renal-adjusted associative latent class model,1.5,6860.315955047083,6877.199247436573,16.883292389490634,False,True,0.3652251569642209
66,Biologically constrained latent SCM,1.5,6848.370166273718,6864.575497637659,16.205331363941696,False,True,0.36061514225497987
67,Associative latent class model,1.5,8270.662011045808,7973.841220646253,-296.82079039955534,True,True,0.3342136396946158
67,Renal-adjusted associative latent class model,1.5,6951.628231922035,6980.334708060134,28.70647613809888,False,True,0.35800459342674884
67,Biologically constrained latent SCM,1.5,6938.5152106378855,6967.6425300277015,29.127319389815966,False,True,0.3597352221194099
68,Associative latent class model,1.5,8173.344432491652,7919.533843606773,-253.8105888848786,True,True,0.3008158385153558
68,Renal-adjusted associative latent class model,1.5,6942.6782959899865,6963.638500847997,20.96020485801091,False,True,0.41355862198462034
68,Biologically constrained latent SCM,1.5,6929.375384056188,6951.912845330241,22.537461274053385,False,True,0.11676736796603912
69,Associative latent class model,1.5,8120.665115262255,7821.944553942276,-298.7205613199794,True,True,0.3147638334810746
69,Renal-adjusted associative latent class model,1.5,6827.30478530757,6860.03188776331,32.72710245574035,False,True,0.480980045106226
69,Biologically constrained latent SCM,1.5,6819.870438196811,6845.902902657648,26.032464460837218,False,True,0.47453661705529365
70,Associative latent class model,1.5,8262.765768374495,7995.8343588646985,-266.93140950979614,True,True,0.31571248902580434
70,Renal-adjusted associative latent class model,1.5,7018.93946352433,7044.752247010752,25.81278348642263,False,True,0.2947373395523097
70,Biologically constrained latent SCM,1.5,7006.095247301925,7032.303685951715,26.20843864978997,False,True,0.2976991357385809
71,Associative latent class model,1.5,8230.841144267148,7942.216395991201,-288.62474827594633,True,True,0.32742100737948837
71,Renal-adjusted associative latent class model,1.5,6929.188222370265,6952.723533692964,23.535311322699272,False,True,0.4121341968828588
71,Biologically constrained latent SCM,1.5,6915.948921666227,6946.944018567572,30.995096901345278,False,True,0.47441128808961175
72,Associative latent class model,1.5,8167.953743770741,7884.116491657553,-283.8372521131887,True,True,0.3139757414516489
72,Renal-adjusted associative latent class model,1.5,6868.06024261467,6892.036158139714,23.975915525044,False,True,0.39375777174734383
72,Biologically constrained latent SCM,1.5,6856.977222035698,6883.1184198510455,26.14119781534737,False,True,0.40208923425056686
73,Associative latent class model,1.5,8161.742853377174,7899.4014018864345,-262.341451490739,True,True,0.3006523193116668
73,Renal-adjusted associative latent class model,1.5,6911.385596243601,6941.695186358742,30.309590115140963,False,True,0.41058985712360524
73,Biologically constrained latent SCM,1.5,6900.144894609707,6930.19366765126,30.048773041552522,False,True,0.48363541198702614
74,Associative latent class model,1.5,8016.662592233842,7754.988508286697,-261.67408394714494,True,True,0.2918056103059001
74,Renal-adjusted associative latent class model,1.5,6770.362892540953,6795.987446358239,25.62455381728614,False,True,0.4508949452672333
74,Biologically constrained latent SCM,1.5,6758.2047735040605,6783.7621068067965,25.55733330273597,False,True,0.4512560332932916
75,Associative latent class model,1.5,8028.9414529401165,7720.023943897991,-308.91750904212586,True,True,0.30411958291725577
75,Renal-adjusted associative latent class model,1.5,6719.414221765135,6743.8000082002345,24.385786435099362,False,True,0.3183715513549295
75,Biologically constrained latent SCM,1.5,6708.800988228989,6737.940318077348,29.13932984835901,False,True,0.3903651619386103
76,Associative latent class model,1.5,8021.97521507813,7718.745781292184,-303.22943378594573,True,True,0.3276851159661421
76,Renal-adjusted associative latent class model,1.5,6694.244978770327,6725.150151393603,30.905172623275575,False,True,0.475942542355271
76,Biologically constrained latent SCM,1.5,6684.3112295263245,6710.3510979183375,26.039868392012977,False,True,0.25180756112874986
77,Associative latent class model,1.5,8028.836946849481,7778.661135255932,-250.17581159354904,True,True,0.2988796136212899
77,Renal-adjusted associative latent class model,1.5,6811.020662555735,6832.458725339048,21.4380627833134,False,True,0.4691549782214713
77,Biologically constrained latent SCM,1.5,6800.055117764572,6822.259497742278,22.204379977705685,False,True,0.4707280665712388
78,Associative latent class model,1.5,8225.961969990673,7971.499265371052,-254.46270461962013,True,True,0.3057996806050201
78,Renal-adjusted associative latent class model,1.5,6977.010571468333,7002.706603611768,25.696032143434422,False,True,0.4867271086544596
78,Biologically constrained latent SCM,1.5,6963.7460315642065,6993.192937501854,29.446905937647898,False,True,0.49415906648753377
79,Associative latent class model,1.5,8193.103237334188,7914.154768930356,-278.9484684038316,True,True,0.32650722646048025
79,Renal-adjusted associative latent class model,1.5,6905.434845931079,6936.033729447154,30.598883516075148,False,True,0.491332339367068
79,Biologically constrained latent SCM,1.5,6892.427052366801,6922.736820583414,30.30976821661261,False,True,0.4505046279150713
80,Associative latent class model,1.5,8206.21917046707,7909.899731467131,-296.31943899993894,True,True,0.3040340744019977
80,Renal-adjusted associative latent class model,1.5,6897.6374145644295,6921.9719957459665,24.334581181537033,False,True,0.23056451727094324
80,Biologically constrained latent SCM,1.5,6885.437837158543,6910.393524879217,24.955687720674177,False,True,0.23523423893167866
81,Associative latent class model,1.5,8060.8670066293125,7771.4908809378185,-289.37612569149405,True,True,0.32243094296317487
81,Renal-adjusted associative latent class model,1.5,6752.745953816669,6780.595710701434,27.849756884765156,False,True,0.47614003854744835
81,Biologically constrained latent SCM,1.5,6739.9905793100015,6767.972862216147,27.982282906145883,False,True,0.4757975401842646
82,Associative latent class model,1.5,8195.698342881122,7946.222610636928,-249.47573224419375,True,True,0.2883899192883649
82,Renal-adjusted associative latent class model,1.5,6949.24478810824,6981.175779909894,31.930991801654272,False,True,0.4090650752400893
82,Biologically constrained latent SCM,1.5,6936.493387364744,6964.530035571678,28.036648206933933,False,True,0.45376648418890136
83,Associative latent class model,1.5,8121.236886142976,7852.081411466968,-269.15547467600754,True,True,0.3235422476474403
83,Renal-adjusted associative latent class model,1.5,6840.988491402322,6867.3012810818445,26.31278967952221,False,True,0.46071319718165177
83,Biologically constrained latent SCM,1.5,6828.046893102032,6854.21657755864,26.169684456607683,False,True,0.3996993574170926
84,Associative latent class model,1.5,8207.158390688437,7954.430194024353,-252.72819666408395,True,True,0.36010034495086374
84,Renal-adjusted associative latent class model,1.5,6936.443057058574,6959.190068624736,22.747011566162655,False,True,0.4857850408626627
84,Biologically constrained latent SCM,1.5,6924.379787564899,6948.174723776006,23.794936211107597,False,True,0.4965345499252753
85,Associative latent class model,1.5,8155.943437004793,7892.339131561108,-263.604305443685,True,True,0.2624715425809965
85,Renal-adjusted associative latent class model,1.5,6924.725917017142,6952.773756540135,28.047839522992945,False,True,0.2824911372694093
85,Biologically constrained latent SCM,1.5,6912.016179812764,6939.35700642684,27.340826614075922,False,True,0.2797546428906151
86,Associative latent class model,1.5,7850.193240623267,7592.073518663668,-258.1197219595988,True,True,0.2775665365312651
86,Renal-adjusted associative latent class model,1.5,6627.749071782317,6659.457188358454,31.7081165761374,False,True,0.49047384663056
86,Biologically constrained latent SCM,1.5,6618.517793018856,6647.1256095803965,28.607816561540858,False,True,0.3960237921715591
87,Associative latent class model,1.5,8240.211295888563,7958.8672798929765,-281.34401599558623,True,True,0.33256594946475604
87,Renal-adjusted associative latent class model,1.5,6924.2599041362455,6948.294168196929,24.0342640606832,False,True,0.3369350865717435
87,Biologically constrained latent SCM,1.5,6915.8486398907435,6935.465907842692,19.617267951948634,False,True,0.23407125576847007
88,Associative latent class model,1.5,8148.056332290675,7887.001008964957,-261.05532332571784,True,True,0.3548832512509749
88,Renal-adjusted associative latent class model,1.5,6858.3749006151265,6884.662247405124,26.287346789997173,False,True,0.37260258450415745
88,Biologically constrained latent SCM,1.5,6845.395336926764,6871.919641026474,26.524304099710207,False,True,0.3650613306357012
89,Associative latent class model,1.5,8265.701162864263,7997.833630453753,-267.86753241050974,True,True,0.2734359336272842
89,Renal-adjusted associative latent class model,1.5,7006.649109550717,7039.287839357674,32.63872980695669,False,True,0.4935149870037589
89,Biologically constrained latent SCM,1.5,6998.555151144324,7023.945201108847,25.390049964523314,False,True,0.45451908802602037
90,Associative latent class model,1.5,8220.320728380899,7975.081624506833,-245.23910387406613,True,True,0.2867754369500697
90,Renal-adjusted associative latent class model,1.5,6991.181545988335,7017.553727028559,26.37218104022395,False,True,0.4968873360492442
90,Biologically constrained latent SCM,1.5,6982.206145881274,7003.531176186247,21.325030304972643,False,True,0.46940040836290153
91,Associative latent class model,1.5,8159.0666684254265,7886.627635379409,-272.43903304601736,True,True,0.31296198905270456
91,Renal-adjusted associative latent class model,1.5,6886.733664604779,6916.0111839148185,29.27751931003968,False,True,0.3821882590726418
91,Biologically constrained latent SCM,1.5,6877.668056983887,6904.721752385818,27.05369540193078,False,True,0.3716702244156014
92,Associative latent class model,1.5,8118.112055715425,7845.708005043901,-272.4040506715246,True,True,0.29121866369684346
92,Renal-adjusted associative latent class model,1.5,6871.252580584032,6903.185128261548,31.932547677515686,False,True,0.43642656584496153
92,Biologically constrained latent SCM,1.5,6857.908632771307,6890.085622981407,32.176990210100485,False,True,0.4843415185664029
93,Associative latent class model,1.5,8193.065873951386,7944.169819130021,-248.8960548213645,True,True,0.30320314558354755
93,Renal-adjusted associative latent class model,1.5,6961.500970034951,6988.927081246094,27.426111211142597,False,True,0.49039147442916403
93,Biologically constrained latent SCM,1.5,6948.794362317796,6975.873131304528,27.07876898673203,False,True,0.46236855270932326
94,Associative latent class model,1.5,8086.87766473226,7817.92075669503,-268.9569080372303,True,True,0.3127296426952789
94,Renal-adjusted associative latent class model,1.5,6802.326265176291,6825.484207477328,23.15794230103711,False,True,0.49346563910063507
94,Biologically constrained latent SCM,1.5,6790.341693907571,6813.574615307519,23.232921399947372,False,True,0.4907140695474103
95,Associative latent class model,1.5,8153.1709180573935,7821.234174993806,-331.9367430635875,True,True,0.33106654300712024
95,Renal-adjusted associative latent class model,1.5,6797.937070749758,6823.360531627817,25.423460878058904,False,True,0.4155462332740585
95,Biologically constrained latent SCM,1.5,6787.160432947054,6814.5251191881,27.364686241046,False,True,0.3920760398597292
96,Associative latent class model,1.5,8097.758943150969,7787.937803295494,-309.82113985547494,True,True,0.3107281606833147
96,Renal-adjusted associative latent class model,1.5,6802.484024169531,6835.025704631711,32.54168046218001,False,True,0.48704217180737663
96,Biologically constrained latent SCM,1.5,6790.052844218133,6821.402912735517,31.35006851738399,False,True,0.401299681096254
97,Associative latent class model,1.5,8286.283521535479,8016.8548547278515,-269.42866680762745,True,True,0.34321279972200097
97,Renal-adjusted associative latent class model,1.5,6990.282794978047,7018.572401485807,28.289606507760254,False,True,0.48229404623674876
97,Biologically constrained latent SCM,1.5,6977.372764376432,7007.263727387453,29.890963011021086,False,True,0.48627242609806587
98,Associative latent class model,1.5,8057.2371222556085,7808.232378989577,-249.00474326603126,True,True,0.29295490459429774
98,Renal-adjusted associative latent class model,1.5,6807.836205160134,6833.139637972497,25.3034328123631,False,True,0.42027342499683035
98,Biologically constrained latent SCM,1.5,6794.507451159255,6823.79725263685,29.289801477595574,False,True,0.47831403426806973
99,Associative latent class model,1.5,8150.8638903615765,7910.342486246196,-240.5214041153804,True,True,0.30132837335405127
99,Renal-adjusted associative latent class model,1.5,6921.878533517822,6951.716812701297,29.838279183475606,False,True,0.42648964835556846
99,Biologically constrained latent SCM,1.5,6909.379191315095,6941.944604744389,32.565413429293585,False,True,0.37065788434761443
100,Associative latent class model,1.5,8107.079089866921,7823.856698642565,-283.2223912243562,True,True,0.35089840687835105
100,Renal-adjusted associative latent class model,1.5,6785.283839883323,6814.872396617513,29.588556734190206,False,True,0.4940040957871766
100,Biologically constrained latent SCM,1.5,6779.434976096506,6805.303315927838,25.868339831332378,False,True,0.48258816905926566
101,Associative latent class model,1.5,7911.95290673873,7665.98396370778,-245.96894303094996,True,True,0.26559373864637387
101,Renal-adjusted associative latent class model,1.5,6704.801477257384,6730.023368388429,25.221891131044686,False,True,0.4473370681260152
101,Biologically constrained latent SCM,1.5,6695.799189498847,6717.529030588433,21.729841089585534,False,True,0.240680543980872
102,Associative latent class model,1.5,8102.856543490045,7843.872909508644,-258.983633981401,True,True,0.2843467941334691
102,Renal-adjusted associative latent class model,1.5,6860.122562903977,6885.246788153898,25.124225249920528,False,True,0.18016734279527113
102,Biologically constrained latent SCM,1.5,6847.1153704596245,6876.74084667067,29.62547621104568,False,True,0.4217720428906238
103,Associative latent class model,1.5,8048.137148744717,7758.512678507854,-289.6244702368631,True,True,0.27762620670627736
103,Renal-adjusted associative latent class model,1.5,6794.183640250638,6821.922041514765,27.73840126412688,False,True,0.31979738377461714
103,Biologically constrained latent SCM,1.5,6781.0625884208575,6808.874669517027,27.812081096169095,False,True,0.33495902322751847
104,Associative latent class model,1.5,8253.220897120185,7951.710817362975,-301.5100797572104,True,True,0.3330840369307904
104,Renal-adjusted associative latent class model,1.5,6913.745469258975,6944.114443633929,30.368974374953723,False,True,0.311773689163002
104,Biologically constrained latent SCM,1.5,6901.085492496905,6931.496214143037,30.410721646131606,False,True,0.3782772824378874
105,Associative latent class model,1.5,8123.08562911985,7825.599617211787,-297.4860119080631,True,True,0.28322638130192096
105,Renal-adjusted associative latent class model,1.5,6865.167525258612,6893.015251805451,27.847726546839112,False,True,0.26620008433833925
105,Biologically constrained latent SCM,1.5,6854.288350033283,6884.518438543587,30.230088510304086,False,True,0.39523100008543804
106,Associative latent class model,1.5,8234.099733587636,7977.652588130827,-256.44714545680927,True,True,0.27498802061004246
106,Renal-adjusted associative latent class model,1.5,7019.169097737355,7043.6899091174255,24.52081138007088,False,True,0.3646758842846842
106,Biologically constrained latent SCM,1.5,7006.661207669241,7032.544165838542,25.882958169300764,False,True,0.2897960464159629
107,Associative latent class model,1.5,8134.231654266746,7828.6326671616725,-305.5989871050733,True,True,0.3063293271457543
107,Renal-adjusted associative latent class model,1.5,6821.051953556795,6850.170934381058,29.118980824263417,False,True,0.3792594773618186
107,Biologically constrained latent SCM,1.5,6807.710606321422,6837.30501741082,29.59441108939791,False,True,0.38911312162673484
108,Associative latent class model,1.5,8185.1874980963685,7913.3669248446095,-271.820573251759,True,True,0.31305321268822356
108,Renal-adjusted associative latent class model,1.5,6898.326794221497,6917.656310512683,19.329516291186337,False,True,0.47386663953259656
108,Biologically constrained latent SCM,1.5,6890.565267621898,6918.098216522815,27.53294890091729,False,True,0.3722688786398793
109,Associative latent class model,1.5,8119.280976436319,7797.7911468778075,-321.4898295585117,True,True,0.3054850436415628
109,Renal-adjusted associative latent class model,1.5,6786.247095069782,6816.945308079948,30.698213010166,False,True,0.3825069390937547
109,Biologically constrained latent SCM,1.5,6773.776124803738,6803.06420482692,29.288080023182374,False,True,0.4353709508628923
110,Associative latent class model,1.5,8039.611981800051,7760.019439883713,-279.5925419163377,True,True,0.30994073784346166
110,Renal-adjusted associative latent class model,1.5,6762.492784286615,6790.582161526105,28.089377239490204,False,True,0.3220127569138805
110,Biologically constrained latent SCM,1.5,6750.10892955243,6778.304407146452,28.195477594022123,False,True,0.28571056079774926
111,Associative latent class model,1.5,8151.399829543148,7899.976578256217,-251.4232512869312,True,True,0.3082690774041847
111,Renal-adjusted associative latent class model,1.5,6890.910775044255,6920.178326450814,29.267551406558596,False,True,0.3504082825888783
111,Biologically constrained latent SCM,1.5,6879.278830770271,6908.2573143367235,28.97848356645227,False,True,0.3951091562390221
112,Associative latent class model,1.5,8063.595792738053,7783.437709836853,-280.15808290120003,True,True,0.2921323863373441
112,Renal-adjusted associative latent class model,1.5,6796.385595235151,6829.589938454748,33.20434321959692,False,True,0.4867601173008282
112,Biologically constrained latent SCM,1.5,6789.144630096367,6816.163785728369,27.019155632001457,False,True,0.48984136526458744
113,Associative latent class model,1.5,8136.7137706981475,7835.149071672178,-301.5646990259693,True,True,0.3171766359267699
113,Renal-adjusted associative latent class model,1.5,6829.642210390477,6852.377104546873,22.734894156395967,False,True,0.29080735626306387
113,Biologically constrained latent SCM,1.5,6816.565944361612,6839.217133965643,22.65118960403106,False,True,0.3035682616653261
114,Associative latent class model,1.5,8089.519746479778,7830.06811071738,-259.45163576239884,True,True,0.31349894813426343
114,Renal-adjusted associative latent class model,1.5,6827.566549658448,6855.122169065111,27.555619406663027,False,True,0.44125202556772747
114,Biologically constrained latent SCM,1.5,6816.067880646294,6842.769892409537,26.70201176324281,False,True,0.4463142234851767
115,Associative latent class model,1.5,8158.4201768492485,7889.353158022111,-269.0670188271379,True,True,0.31993081908311516
115,Renal-adjusted associative latent class model,1.5,6903.294011154022,6928.2645663950325,24.970555241010516,False,True,0.37910148339935956
115,Biologically constrained latent SCM,1.5,6890.368266138787,6915.8052870994725,25.437020960685913,False,True,0.3751806205608439
116,Associative latent class model,1.5,8189.6281578561275,7899.724562969543,-289.90359488658487,True,True,0.31434761373453673
116,Renal-adjusted associative latent class model,1.5,6894.112414081415,6916.3707754836105,22.258361402195078,False,True,0.3030223343851064
116,Biologically constrained latent SCM,1.5,6882.192279030506,6907.1763586543075,24.984079623801335,False,True,0.31820090467679485
117,Associative latent class model,1.5,8061.275312986887,7825.2965619296865,-235.9787510572005,True,True,0.29706307544487204
117,Renal-adjusted associative latent class model,1.5,6817.876224847354,6850.589239702154,32.71301485480035,False,True,0.4821893076417764
117,Biologically constrained latent SCM,1.5,6806.749847761111,6837.25015478016,30.500307019049615,False,True,0.49596143496214273
118,Associative latent class model,1.5,8129.905981454322,7889.370361676967,-240.53561977735444,True,True,0.3245539811474634
118,Renal-adjusted associative latent class model,1.5,6891.7860552529355,6903.682691332608,11.896636079672135,False,True,0.21968351555242677
118,Biologically constrained latent SCM,1.5,6880.458300065324,6903.298146792032,22.839846726707947,False,True,0.37964632468218473
119,Associative latent class model,1.5,8144.603251445906,7832.925008583801,-311.6782428621045,True,True,0.3548379830159513
119,Renal-adjusted associative latent class model,1.5,6794.119651495434,6815.647241870375,21.52759037494161,False,True,0.28257793656920144
119,Biologically constrained latent SCM,1.5,6780.832120708622,6802.619710971334,21.787590262712,False,True,0.28130781019096907
120,Associative latent class model,1.5,8163.261593589155,7876.118598620198,-287.1429949689573,True,True,0.29279383782605267
120,Renal-adjusted associative latent class model,1.5,6899.849541291592,6925.992359666577,26.142818374984927,False,True,0.4625206273011973
120,Biologically constrained latent SCM,1.5,6889.517034106421,6914.871580719607,25.354546613185448,False,True,0.46544242235654293
121,Associative latent class model,1.5,8153.726407699999,7899.294441106702,-254.43196659329715,True,True,0.29039005167416393
121,Renal-adjusted associative latent class model,1.5,6920.805792855495,6952.700597663745,31.89480480824932,False,True,0.39650842885030557
121,Biologically constrained latent SCM,1.5,6907.584353862033,6939.732019666844,32.14766580481137,False,True,0.4134120531910881
122,Associative latent class model,1.5,8036.992443999997,7747.352818684145,-289.63962531585184,True,True,0.2834798156602359
122,Renal-adjusted associative latent class model,1.5,6772.958572748636,6804.330898469934,31.372325721298694,False,True,0.4845422001365188
122,Biologically constrained latent SCM,1.5,6763.189827697493,6792.773888583804,29.584060886311818,False,True,0.37987262322356896
123,Associative latent class model,1.5,8150.720799984433,7865.609291958689,-285.1115080257441,True,True,0.34438871252881603
123,Renal-adjusted associative latent class model,1.5,6832.790101845228,6852.663280870045,19.873179024817546,False,True,0.3632737288374225
123,Biologically constrained latent SCM,1.5,6820.578796972657,6840.173570714978,19.594773742321195,False,True,0.039475464162089274
124,Associative latent class model,1.5,8107.460072444111,7881.192312705445,-226.26775973866552,True,True,0.31740684647388195
124,Renal-adjusted associative latent class model,1.5,6913.296330679357,6942.767823830463,29.471493151106188,False,True,0.4801658990352618
124,Biologically constrained latent SCM,1.5,6900.7833853917855,6929.414278298141,28.630892906355257,False,True,0.46647129477189636
125,Associative latent class model,1.5,8080.14142534053,7834.520069718181,-245.62135562234926,True,True,0.3000524462133787
125,Renal-adjusted associative latent class model,1.5,6838.6629465295355,6869.153350579851,30.490404050315192,False,True,0.49730597792419884
125,Biologically constrained latent SCM,1.5,6825.862483531984,6856.313098248453,30.450614716468408,False,True,0.4964342203947338
126,Associative latent class model,1.5,8122.235728018541,7802.750354843808,-319.48537317473256,True,True,0.32633668902299123
126,Renal-adjusted associative latent class model,1.5,6791.165862456537,6819.017131190998,27.851268734460973,False,True,0.4916489113329102
126,Biologically constrained latent SCM,1.5,6777.956000002211,6807.9340197560905,29.97801975387938,False,True,0.48055688920215717
127,Associative latent class model,1.5,8013.496711745336,7763.647674763311,-249.8490369820247,True,True,0.2817139513600565
127,Renal-adjusted associative latent class model,1.5,6775.035594933905,6803.816471725527,28.780876791622177,False,True,0.44111981138303336
127,Biologically constrained latent SCM,1.5,6761.75187880557,6794.191163134149,32.43928432857865,False,True,0.4901459113147584
128,Associative latent class model,1.5,8137.737598701911,7821.478365546254,-316.25923315565706,True,True,0.2910797733716005
128,Renal-adjusted associative latent class model,1.5,6828.067029993368,6854.331192022752,26.264162029383442,False,True,0.4486136647043925
128,Biologically constrained latent SCM,1.5,6818.114063500354,6845.2248827011335,27.110819200779588,False,True,0.49346485603341533
129,Associative latent class model,1.5,8216.306787996085,7888.254121273289,-328.05266672279686,True,True,0.31332044822436983
129,Renal-adjusted associative latent class model,1.5,6868.644848170039,6897.324528008035,28.679679837995536,False,True,0.40485285837846774
129,Biologically constrained latent SCM,1.5,6855.281526349597,6883.879136352963,28.597610003365844,False,True,0.3954261159957168
130,Associative latent class model,1.5,8115.995241530481,7894.804149904194,-221.19109162628683,True,True,0.3459273461127861
130,Renal-adjusted associative latent class model,1.5,6920.6030012092815,6947.129343085656,26.526341876374318,False,True,0.4618761627951997
130,Biologically constrained latent SCM,1.5,6910.282085999835,6934.60730783383,24.325221833995784,False,True,0.482779981638068
131,Associative latent class model,1.5,8104.9626062786065,7806.012047508539,-298.9505587700678,True,True,0.32557734515245534
131,Renal-adjusted associative latent class model,1.5,6783.241312277394,6810.062885109805,26.82157283241122,False,True,0.49452206303233454
131,Biologically constrained latent SCM,1.5,6775.042523330322,6797.527982322539,22.48545899221699,False,True,0.490216720914312
132,Associative latent class model,1.5,8114.0022221553545,7829.624636089381,-284.37758606597345,True,True,0.3009612346196521
132,Renal-adjusted associative latent class model,1.5,6840.187298025834,6870.192577041096,30.005279015262204,False,True,0.48093236743071943
132,Biologically constrained latent SCM,1.5,6830.497572140048,6859.56354298279,29.06597084274199,False,True,0.3790076745586967
133,Associative latent class model,1.5,8089.253368689868,7790.163454836864,-299.08991385300396,True,True,0.31372397817179126
133,Renal-adjusted associative latent class model,1.5,6799.7672127132555,6820.549237982428,20.782025269172664,False,True,0.26559105223037976
133,Biologically constrained latent SCM,1.5,6788.113585514041,6806.67785019889,18.56426468484915,False,True,0.4546527150873247
134,Associative latent class model,1.5,8212.755444599261,7904.95336234664,-307.8020822526214,True,True,0.3016804199552445
134,Renal-adjusted associative latent class model,1.5,6908.818645906866,6933.856275554824,25.037629647958056,False,True,0.3267885424054333
134,Biologically constrained latent SCM,1.5,6898.546867768599,6925.080805506759,26.533937738159693,False,True,0.31482112677324553
135,Associative latent class model,1.5,8159.4453547359,7824.2186206917195,-335.2267340441804,True,True,0.2856129633997852
135,Renal-adjusted associative latent class model,1.5,6832.827519018319,6857.351678953164,24.524159934844647,False,True,0.43851435728305577
135,Biologically constrained latent SCM,1.5,6820.53195653947,6845.1568013513015,24.62484481183128,False,True,0.43717256959912915
136,Associative latent class model,1.5,8130.995113933131,7835.013301097719,-295.9818128354118,True,True,0.301890473012775
136,Renal-adjusted associative latent class model,1.5,6843.8838710977625,6869.248703488252,25.364832390489937,False,True,0.27680536551924506
136,Biologically constrained latent SCM,1.5,6831.416017014856,6856.836324979237,25.42030796438121,False,True,0.24377842150935713
137,Associative latent class model,1.5,8147.850231106607,7860.235360686484,-287.6148704201232,True,True,0.30205587592613126
137,Renal-adjusted associative latent class model,1.5,6875.605127090186,6906.543788522392,30.938661432205663,False,True,0.4170267560935427
137,Biologically constrained latent SCM,1.5,6862.900659048976,6893.286848009674,30.386188960697837,False,True,0.42266358607740573
138,Associative latent class model,1.5,7956.3545239685745,7702.670598200386,-253.6839257681886,True,True,0.3232570103133987
138,Renal-adjusted associative latent class model,1.5,6741.326622145074,6769.500308736873,28.173686591799196,False,True,0.3905577842010861
138,Biologically constrained latent SCM,1.5,6731.695037451812,6758.435214879526,26.740177427714116,False,True,0.39232798483938097
139,Associative latent class model,1.5,8183.076437301358,7945.4981836915895,-237.57825360976858,True,True,0.3110285954055561
139,Renal-adjusted associative latent class model,1.5,6948.607063088585,6977.056854014301,28.449790925716115,False,True,0.4242627527445282
139,Biologically constrained latent SCM,1.5,6936.287242444577,6962.695527948002,26.40828550342485,False,True,0.490917490969905
140,Associative latent class model,1.5,8047.718328941181,7836.815406292929,-210.90292264825257,True,True,0.3325201231540122
140,Renal-adjusted associative latent class model,1.5,6848.2591961829985,6878.912110816291,30.652914633292312,False,True,0.4535096859609658
140,Biologically constrained latent SCM,1.5,6835.748735606482,6866.715211408133,30.96647580165063,False,True,0.46008911235182964
141,Associative latent class model,1.5,8130.3165399196805,7821.95362182993,-308.36291808975056,True,True,0.27805020536729064
141,Renal-adjusted associative latent class model,1.5,6852.537097420996,6877.828301099978,25.29120367898122,False,True,0.43798078856968176
141,Biologically constrained latent SCM,1.5,6841.8595662423195,6870.090431310075,28.230865067755076,False,True,0.3711328555789754
142,Associative latent class model,1.5,8043.52937963858,7746.399466728759,-297.12991290982154,True,True,0.2886384572178391
142,Renal-adjusted associative latent class model,1.5,6762.119053073175,6783.11134627105,20.99229319787537,False,True,0.06937011505360864
142,Biologically constrained latent SCM,1.5,6750.616916956719,6771.58662227473,20.96970531801071,False,True,0.06762422180367696
143,Associative latent class model,1.5,8159.6987752101095,7931.848958023493,-227.84981718661675,True,True,0.30929001354976227
143,Renal-adjusted associative latent class model,1.5,6928.075525363867,6951.2236640390465,23.148138675179325,False,True,0.3347722442208705
143,Biologically constrained latent SCM,1.5,6914.709990454981,6939.732318958311,25.022328503329845,False,True,0.4646022253900622
144,Associative latent class model,1.5,8188.013921111731,7933.072903170003,-254.9410179417282,True,True,0.32528733996365117
144,Renal-adjusted associative latent class model,1.5,6907.905219840276,6936.961496200977,29.056276360701304,False,True,0.49782744564487075
144,Biologically constrained latent SCM,1.5,6895.5381398170875,6921.570100873951,26.03196105686311,False,True,0.48533886709091123
145,Associative latent class model,1.5,8162.640346713627,7938.744171160337,-223.89617555329005,True,True,0.29479449557802295
145,Renal-adjusted associative latent class model,1.5,6940.388135970954,6969.126685215097,28.738549244142632,False,True,0.36319890739302196
145,Biologically constrained latent SCM,1.5,6933.092687971587,6959.80308979125,26.710401819663275,False,True,0.3756518606861329
146,Associative latent class model,1.5,8050.5973110110035,7743.8416040582215,-306.755706952782,True,True,0.3033594532011796
146,Renal-adjusted associative latent class model,1.5,6785.8904670733855,6812.09705177666,26.20658470327453,False,True,0.4077917529119951
146,Biologically constrained latent SCM,1.5,6775.251028461805,6799.551355573637,24.300327111832303,False,True,0.388771234450378
147,Associative latent class model,1.5,8077.036920566195,7815.38234219486,-261.65457837133454,True,True,0.2827378700490997
147,Renal-adjusted associative latent class model,1.5,6835.6339976286,6864.516276786089,28.882279157489393,False,True,0.4984369660177495
147,Biologically constrained latent SCM,1.5,6822.486346694916,6852.506072135535,30.01972544061846,False,True,0.435358364853709
148,Associative latent class model,1.5,8161.030184199564,7885.270407123375,-275.7597770761895,True,True,0.32554673266195466
148,Renal-adjusted associative latent class model,1.5,6871.474595006558,6904.312623622021,32.83802861546337,False,True,0.49601542962649225
148,Biologically constrained latent SCM,1.5,6858.60065686235,6891.159382592457,32.55872573010765,False,True,0.49540371147544554
149,Associative latent class model,1.5,8060.863957318571,7789.799965464368,-271.06399185420287,True,True,0.3229965556467094
149,Renal-adjusted associative latent class model,1.5,6796.8435241212665,6830.188046785073,33.344522663806856,False,True,0.49658587831507867
149,Biologically constrained latent SCM,1.5,6790.901664332704,6817.03321550799,26.131551175285495,False,True,0.3808664578270482
150,Associative latent class model,1.5,8012.883835748385,7742.7830937568415,-270.10074199154315,True,True,0.28022041747119303
150,Renal-adjusted associative latent class model,1.5,6763.394387592363,6792.04620798456,28.651820392196896,False,True,0.4498768086038285
150,Biologically constrained latent SCM,1.5,6759.330017786156,6780.845350823128,21.51533303697215,False,True,0.4912503583508384
151,Associative latent class model,1.5,8217.55423472567,7888.74437875659,-328.8098559690807,True,True,0.32651824320854594
151,Renal-adjusted associative latent class model,1.5,6866.621682644629,6897.990480542675,31.36879789804607,False,True,0.49858921648130733
151,Biologically constrained latent SCM,1.5,6854.517849165368,6885.661849593423,31.144000428054824,False,True,0.4963293355377402
152,Associative latent class model,1.5,8249.776748744876,7961.862692439734,-287.91405630514237,True,True,0.31127901415171744
152,Renal-adjusted associative latent class model,1.5,6956.037816783743,6982.841118581326,26.803301797582208,False,True,0.46063961651480395
152,Biologically constrained latent SCM,1.5,6943.966680089585,6969.585671218276,25.61899112869105,False,True,0.49805505006578316
153,Associative latent class model,1.5,8098.767552570079,7820.230813769174,-278.53673880090446,True,True,0.3088198781203611
153,Renal-adjusted associative latent class model,1.5,6813.875607519197,6844.5419684187455,30.666360899548636,False,True,0.4810091640116187
153,Biologically constrained latent SCM,1.5,6806.735674038424,6832.310251089151,25.574577050727385,False,True,0.37608390101811623
154,Associative latent class model,1.5,8189.570450568658,7873.365857017253,-316.2045935514052,True,True,0.33196700132735407
154,Renal-adjusted associative latent class model,1.5,6856.480351179529,6884.938243517572,28.457892338043166,False,True,0.213033820249251
154,Biologically constrained latent SCM,1.5,6854.72065274941,6875.792356787038,21.07170403762848,False,True,0.4958212647996055
155,Associative latent class model,1.5,8165.936173753317,7856.25403769361,-309.68213605970686,True,True,0.319893270676644
155,Renal-adjusted associative latent class model,1.5,6848.255168466789,6868.63123194879,20.376063482000973,False,True,0.46775048643549383
155,Biologically constrained latent SCM,1.5,6835.980511481613,6860.963392324491,24.98288084287833,False,True,0.3748551655470653
156,Associative latent class model,1.5,8241.444931193653,7940.005539787868,-301.4393914057855,True,True,0.3450085051216154
156,Renal-adjusted associative latent class model,1.5,6920.508128766876,6948.07754258498,27.569413818103385,False,True,0.4051199455178669
156,Biologically constrained latent SCM,1.5,6908.20763170195,6936.052687035193,27.84505533324318,False,True,0.3394631394656905
157,Associative latent class model,1.5,8148.484360353527,7852.584838236337,-295.8995221171899,True,True,0.2787447848682193
157,Renal-adjusted associative latent class model,1.5,6897.926011837672,6925.327063068817,27.401051231144265,False,True,0.35429933775816047
157,Biologically constrained latent SCM,1.5,6888.237813699192,6916.316534862242,28.07872116305043,False,True,0.490069051281755
158,Associative latent class model,1.5,8228.243424455713,7963.668260564735,-264.57516389097873,True,True,0.28307861526390127
158,Renal-adjusted associative latent class model,1.5,6990.600905211086,7020.858100392148,30.257195181062343,False,True,0.48988146967756635
158,Biologically constrained latent SCM,1.5,6980.314469929003,7009.866646166122,29.552176237119056,False,True,0.47449053798758917
159,Associative latent class model,1.5,8188.823232329713,7920.739886387596,-268.0833459421174,True,True,0.2974216373813758
159,Renal-adjusted associative latent class model,1.5,6901.119891035971,6925.1493559888295,24.02946495285869,False,True,0.4989362119512235
159,Biologically constrained latent SCM,1.5,6888.127559257027,6913.804013800842,25.676454543814543,False,True,0.44214611945702403
160,Associative latent class model,1.5,8211.58882439904,7910.548760327121,-301.0400640719181,True,True,0.31679968533217534
160,Renal-adjusted associative latent class model,1.5,6892.162498258835,6920.271432507374,28.1089342485393,False,True,0.4974460073757939
160,Biologically constrained latent SCM,1.5,6879.113978715393,6909.294695371108,30.180716655714605,False,True,0.4799821050086287
161,Associative latent class model,1.5,8072.059546361776,7798.404327811853,-273.6552185499222,True,True,0.2932706432969398
161,Renal-adjusted associative latent class model,1.5,6800.862812056919,6834.181226003651,33.31841394673211,False,True,0.49835157244641837
161,Biologically constrained latent SCM,1.5,6787.967707107174,6820.924954732655,32.957247625481614,False,True,0.36652014875751293
162,Associative latent class model,1.5,8016.83917784167,7784.857333781036,-231.9818440606341,True,True,0.2895982278002456
162,Renal-adjusted associative latent class model,1.5,6801.2531635884825,6830.957631398551,29.70446781006831,False,True,0.47976005624219703
162,Biologically constrained latent SCM,1.5,6789.6615851068045,6814.848895407224,25.187310300419085,False,True,0.39027964410494786
163,Associative latent class model,1.5,8090.997293750413,7764.9520027236285,-326.04529102678407,True,True,0.3367122016589106
163,Renal-adjusted associative latent class model,1.5,6753.64769350411,6778.899559501796,25.251865997685854,False,True,0.3300744309803065
163,Biologically constrained latent SCM,1.5,6740.697721799275,6765.6910372768925,24.993315477617216,False,True,0.33647517844492475
164,Associative latent class model,1.5,8106.770210722297,7816.505306942252,-290.26490378004473,True,True,0.2943042753178242
164,Renal-adjusted associative latent class model,1.5,6834.846896076568,6863.46194359191,28.615047515342667,False,True,0.3316324990034836
164,Biologically constrained latent SCM,1.5,6824.88404716153,6852.0317568579085,27.147709696378115,False,True,0.37512791175078974
165,Associative latent class model,1.5,8185.618412079482,7848.49396769033,-337.1244443891528,True,True,0.3384359583783271
165,Renal-adjusted associative latent class model,1.5,6819.473542167365,6844.799257299495,25.325715132130426,False,True,0.44679981671291213
165,Biologically constrained latent SCM,1.5,6806.183202217319,6836.685828351686,30.502626134366437,False,True,0.39968761484020177
166,Associative latent class model,1.5,8202.454021065658,7935.598257800446,-266.85576326521186,True,True,0.33993655878909323
166,Renal-adjusted associative latent class model,1.5,6908.233149035239,6935.662519882873,27.429370847634345,False,True,0.3181173915438082
166,Biologically constrained latent SCM,1.5,6895.975820432829,6923.646855353503,27.671034920674174,False,True,0.31623981738131535
167,Associative latent class model,1.5,8212.326287513932,7910.785822350317,-301.5404651636145,True,True,0.34090253696405415
167,Renal-adjusted associative latent class model,1.5,6903.304241843106,6922.413189926881,19.10894808377543,False,True,0.38519066586702794
167,Biologically constrained latent SCM,1.5,6894.824278170811,6917.370370455041,22.546092284229417,False,True,0.37731699755666326
168,Associative latent class model,1.5,8075.793297017287,7817.193083189686,-258.6002138276008,True,True,0.2719104675086542
168,Renal-adjusted associative latent class model,1.5,6830.867661693155,6848.776099456304,17.908437763148868,False,True,0.32463170172829137
168,Biologically constrained latent SCM,1.5,6817.510423882278,6846.293349697861,28.78292581558344,False,True,0.2645893995532462
169,Associative latent class model,1.5,8035.305500473289,7754.600228550123,-280.70527192316604,True,True,0.27494836146040863
169,Renal-adjusted associative latent class model,1.5,6795.406402048033,6818.500679757939,23.094277709906237,False,True,0.4475513352797105
169,Biologically constrained latent SCM,1.5,6782.592490770158,6806.712938806643,24.12044803648496,False,True,0.44629035641620646
170,Associative latent class model,1.5,8111.707717446785,7783.1198786569275,-328.5878387898574,True,True,0.3162352398745768
170,Renal-adjusted associative latent class model,1.5,6782.465353037198,6810.092576304664,27.627223267466434,False,True,0.34876708291686953
170,Biologically constrained latent SCM,1.5,6771.559275381805,6801.262579880069,29.703304498264515,False,True,0.4938267263915152
171,Associative latent class model,1.5,8196.415342963657,7942.441219682643,-253.97412328101382,True,True,0.32094641128605206
171,Renal-adjusted associative latent class model,1.5,6911.391750549867,6943.263007354173,31.87125680430654,False,True,0.40317723018608975
171,Biologically constrained latent SCM,1.5,6899.408943845507,6930.069484249847,30.66054040434028,False,True,0.3628035400447023
172,Associative latent class model,1.5,8119.488995825534,7864.333696614885,-255.155299210649,True,True,0.2978257880073729
172,Renal-adjusted associative latent class model,1.5,6871.685378534274,6892.108003945671,20.422625411397348,False,True,0.12447894113083718
172,Biologically constrained latent SCM,1.5,6859.152752677622,6885.656109549476,26.50335687185452,False,True,0.3741279921480072
173,Associative latent class model,1.5,8184.6509188483205,7912.296244734496,-272.35467411382433,True,True,0.29070834400067846
173,Renal-adjusted associative latent class model,1.5,6905.914904926003,6935.819469744146,29.904564818142717,False,True,0.37758226249476934
173,Biologically constrained latent SCM,1.5,6897.363967668549,6924.375887146658,27.01191947810912,False,True,0.4951858501377017
174,Associative latent class model,1.5,8154.250457786372,7870.509986484902,-283.7404713014703,True,True,0.30135817395250625
174,Renal-adjusted associative latent class model,1.5,6871.202546873438,6900.460783779391,29.2582369059528,False,True,0.49441070936879156
174,Biologically constrained latent SCM,1.5,6861.184646402692,6887.77516290757,26.590516504877996,False,True,0.46353221076000706
175,Associative latent class model,1.5,8136.69495606736,7841.591335533057,-295.10362053430345,True,True,0.3006045117757512
175,Renal-adjusted associative latent class model,1.5,6865.650774507298,6896.058458013917,30.407683506618923,False,True,0.4812572014876222
175,Biologically constrained latent SCM,1.5,6859.818195927667,6886.240702938017,26.422507010350273,False,True,0.45133576804103287
176,Associative latent class model,1.5,8138.914533587339,7915.60558029416,-223.308953293179,True,True,0.30865724586772675
176,Renal-adjusted associative latent class model,1.5,6968.118323156055,6994.757588591998,26.639265435942434,False,True,0.49321499673212765
176,Biologically constrained latent SCM,1.5,6956.042321276175,6982.81881014916,26.776488872984373,False,True,0.4256851562059314
177,Associative latent class model,1.5,8103.633243619568,7829.027492644689,-274.6057509748789,True,True,0.3172304193629519
177,Renal-adjusted associative latent class model,1.5,6824.663657154711,6856.025366390123,31.36170923541249,False,True,0.33357096968426775
177,Biologically constrained latent SCM,1.5,6811.848944584572,6843.5174473568295,31.668502772257852,False,True,0.3359110383219385
178,Associative latent class model,1.5,8137.339135028933,7831.354486236258,-305.9846487926752,True,True,0.35687381641370897
178,Renal-adjusted associative latent class model,1.5,6822.932760065938,6846.953642477639,24.020882411700768,False,True,0.47644150002532504
178,Biologically constrained latent SCM,1.5,6812.057680257487,6835.949972717361,23.892292459873715,False,True,0.45303078917341466
179,Associative latent class model,1.5,8141.036201130438,7831.698025072094,-309.3381760583434,True,True,0.28822093462274845
179,Renal-adjusted associative latent class model,1.5,6853.585090862455,6875.005872911276,21.42078204882091,False,True,0.1775580058977843
179,Biologically constrained latent SCM,1.5,6852.487094874837,6872.375773898436,19.888679023599252,False,True,0.39642453500660374
180,Associative latent class model,1.5,8114.891618106751,7817.830735956788,-297.0608821499627,True,True,0.2828639563281121
180,Renal-adjusted associative latent class model,1.5,6840.47739840677,6870.123870268542,29.646471861772625,False,True,0.4904518135904104
180,Biologically constrained latent SCM,1.5,6835.51867944945,6858.823056738596,23.304377289146032,False,True,0.4546269793614546
181,Associative latent class model,1.5,7987.19992230709,7716.631655765363,-270.5682665417271,True,True,0.297212190091247
181,Renal-adjusted associative latent class model,1.5,6731.418061784123,6759.6822915608045,28.264229776681532,False,True,0.41871756313275504
181,Biologically constrained latent SCM,1.5,6720.498047801174,6745.66568529592,25.167637494746486,False,True,0.3724245902748537
182,Associative latent class model,1.5,8109.768062938199,7864.478026060317,-245.2900368778828,True,True,0.29896922324033953
182,Renal-adjusted associative latent class model,1.5,6877.871795608249,6909.731175638692,31.85938003044248,False,True,0.45458614131709996
182,Biologically constrained latent SCM,1.5,6866.5217603136125,6897.803170801225,31.281410487612447,False,True,0.38729962615703073
183,Associative latent class model,1.5,8134.163075653487,7836.172861881078,-297.99021377240933,True,True,0.29643117490208754
183,Renal-adjusted associative latent class model,1.5,6828.146321993524,6858.070812383126,29.924490389602397,False,True,0.4614322799047576
183,Biologically constrained latent SCM,1.5,6815.27364425094,6843.450754746906,28.17711049596528,False,True,0.4782921352467157
184,Associative latent class model,1.5,8131.917197716798,7893.159282788724,-238.75791492807366,True,True,0.25242806696303083
184,Renal-adjusted associative latent class model,1.5,6945.19748328182,6971.241862352775,26.044379070955074,False,True,0.47138112190971104
184,Biologically constrained latent SCM,1.5,6932.127308470744,6960.729052597908,28.60174412716424,False,True,0.464091362767994
185,Associative latent class model,1.5,8152.559089861971,7871.03949252424,-281.5195973377313,True,True,0.3391602942209487
185,Renal-adjusted associative latent class model,1.5,6865.1802424488105,6893.944639811516,28.764397362705495,False,True,0.44669267822023173
185,Biologically constrained latent SCM,1.5,6854.753077379807,6882.2684617820505,27.5153844022434,False,True,0.46946809577910065
186,Associative latent class model,1.5,8025.195309955617,7767.9179471583075,-257.27736279730925,True,True,0.27458184272613484
186,Renal-adjusted associative latent class model,1.5,6765.974998621696,6791.202586668513,25.22758804681689,False,True,0.24917919810377134
186,Biologically constrained latent SCM,1.5,6755.626671832362,6778.833159584772,23.206487752409885,False,True,0.25158507409740755
187,Associative latent class model,1.5,8187.301357055573,7903.436682010945,-283.8646750446278,True,True,0.3121800443307075
187,Renal-adjusted associative latent class model,1.5,6889.8129264740055,6917.705013497573,27.89208702356791,False,True,0.39741989621587165
187,Biologically constrained latent SCM,1.5,6877.167538332723,6906.194245030172,29.0267066974493,False,True,0.46734793080536263
188,Associative latent class model,1.5,8160.019171973115,7876.518737806071,-283.50043416704375,True,True,0.2805298399355854
188,Renal-adjusted associative latent class model,1.5,6875.199974134883,6898.037120181727,22.837146046844282,False,True,0.29452359465739486
188,Biologically constrained latent SCM,1.5,6862.194550671146,6891.034862459046,28.840311787899736,False,True,0.4923726376564095
189,Associative latent class model,1.5,8098.031862249273,7812.225762727716,-285.80609952155737,True,True,0.29895461836198217
189,Renal-adjusted associative latent class model,1.5,6819.9004894408445,6849.981300514245,30.080811073400582,False,True,0.4562308770053808
189,Biologically constrained latent SCM,1.5,6807.287806475641,6838.275072964516,30.98726648887441,False,True,0.47731611443159244
190,Associative latent class model,1.5,8158.669100808325,7911.60657735628,-247.06252345204575,True,True,0.2971602282075451
190,Renal-adjusted associative latent class model,1.5,6909.3145680653115,6929.67149051908,20.356922453768675,False,True,0.45404858294401523
190,Biologically constrained latent SCM,1.5,6896.787186591253,6917.120704886052,20.333518294799433,False,True,0.4574518586776561
191,Associative latent class model,1.5,8112.516837996847,7816.155549175917,-296.36128882093,True,True,0.3083866287310989
191,Renal-adjusted associative latent class model,1.5,6831.67206074755,6856.1310009464505,24.458940198900564,False,True,0.3307196559188995
191,Biologically constrained latent SCM,1.5,6819.008239986799,6846.10417020823,27.095930221431445,False,True,0.2932668515508735
192,Associative latent class model,1.5,8033.305719004076,7791.625240569674,-241.68047843440218,True,True,0.2827582235746875
192,Renal-adjusted associative latent class model,1.5,6824.720645549215,6854.107746136707,29.38710058749166,False,True,0.48638962691188553
192,Biologically constrained latent SCM,1.5,6811.798992523803,6841.360676011645,29.561683487842856,False,True,0.3647950205522524
193,Associative latent class model,1.5,7967.154118370406,7688.7579624658065,-278.39615590459925,True,True,0.31256704267747476
193,Renal-adjusted associative latent class model,1.5,6699.152604416906,6728.461247638397,29.308643221491366,False,True,0.44743775923139106
193,Biologically constrained latent SCM,1.5,6686.204726116659,6719.223460784395,33.01873466773577,False,True,0.3691772382956855
194,Associative latent class model,1.5,8099.520309601835,7789.12273923784,-310.3975703639953,True,True,0.2724315692136343
194,Renal-adjusted associative latent class model,1.5,6815.77596416924,6849.152261522582,33.376297353342125,False,True,0.49035906466728646
194,Biologically constrained latent SCM,1.5,6805.4439547907705,6835.594651262287,30.150696471516312,False,True,0.4778643968068133
195,Associative latent class model,1.5,8106.2104894619415,7861.5287449786265,-244.68174448331501,True,True,0.33227337829837617
195,Renal-adjusted associative latent class model,1.5,6851.169735770611,6881.174688515017,30.004952744406182,False,True,0.4494805862553949
195,Biologically constrained latent SCM,1.5,6837.922674551258,6868.198565025223,30.275890473964864,False,True,0.4612411486728903
196,Associative latent class model,1.5,8113.551903878001,7892.13879521668,-221.41310866132153,True,True,0.33559917193419353
196,Renal-adjusted associative latent class model,1.5,6888.373267133205,6914.834032790259,26.460765657053344,False,True,0.40859713160350203
196,Biologically constrained latent SCM,1.5,6875.0321732035745,6901.778501491523,26.746328287948018,False,True,0.4071830762752097
197,Associative latent class model,1.5,7979.80062890274,7737.226832055982,-242.57379684675743,True,True,0.32023356992763624
197,Renal-adjusted associative latent class model,1.5,6740.755804484743,6771.779440081204,31.023635596460736,False,True,0.4793668109334945
197,Biologically constrained latent SCM,1.5,6730.811332962405,6759.503681755003,28.69234879259784,False,True,0.46976428470345305
198,Associative latent class model,1.5,8232.165062476979,7995.533558554605,-236.63150392237367,True,True,0.3087906254938516
198,Renal-adjusted associative latent class model,1.5,6986.519505315557,7019.935313681894,33.41580836633693,False,True,0.49673311618768196
198,Biologically constrained latent SCM,1.5,6982.782757841084,7001.9471551598035,19.16439731871924,False,True,0.3703337416427504
199,Associative latent class model,1.5,8122.677559142639,7827.746162227546,-294.9313969150935,True,True,0.29061695881667987
199,Renal-adjusted associative latent class model,1.5,6837.314407746987,6864.500534274518,27.186126527531087,False,True,0.4339148895904533
199,Biologically constrained latent SCM,1.5,6825.245180388466,6852.415788805125,27.17060841665898,False,True,0.431049525307008
200,Associative latent class model,1.5,8214.260387813802,7929.151802589813,-285.1085852239885,True,True,0.32970128871295545
200,Renal-adjusted associative latent class model,1.5,6922.840292616364,6952.681358467619,29.841065851254825,False,True,0.3517174511565787
200,Biologically constrained latent SCM,1.5,6912.083246584254,6940.040631985328,27.957385401074134,False,True,0.3508114408741532
201,Associative latent class model,1.5,8109.1676529748875,7863.709593274705,-245.45805970018228,True,True,0.2925107605681188
201,Renal-adjusted associative latent class model,1.5,6870.59887142358,6900.269240788157,29.6703693645768,False,True,0.4999384622584445
201,Biologically constrained latent SCM,1.5,6861.013191441887,6887.004437523448,25.991246081561258,False,True,0.3707287538853912
202,Associative latent class model,1.5,8261.599773380787,7973.448416756051,-288.15135662473585,True,True,0.30695367658159617
202,Renal-adjusted associative latent class model,1.5,6987.098235076859,7011.812542864034,24.71430778717513,False,True,0.3907424911174063
202,Biologically constrained latent SCM,1.5,6974.708348698753,7000.550456925733,25.84210822697969,False,True,0.4057647503643498
203,Associative latent class model,1.5,8049.327153642089,7750.954962071412,-298.3721915706765,True,True,0.26662329187045236
203,Renal-adjusted associative latent class model,1.5,6810.020108396114,6843.048446541842,33.02833814572841,False,True,0.487631123311684
203,Biologically constrained latent SCM,1.5,6796.952425898913,6830.035948896599,33.08352299768558,False,True,0.49576976222138563
204,Associative latent class model,1.5,8067.637000631062,7784.611131356243,-283.02586927481843,True,True,0.3065651270742953
204,Renal-adjusted associative latent class model,1.5,6781.8896878780415,6812.38076525311,30.491077375068926,False,True,0.4833023090190984
204,Biologically constrained latent SCM,1.5,6769.745463588618,6800.259967581697,30.514503993079416,False,True,0.4775418752901156
205,Associative latent class model,1.5,8185.7186953449545,7906.498280181627,-279.22041516332774,True,True,0.3339457757157181
205,Renal-adjusted associative latent class model,1.5,6889.572794148469,6918.592849831102,29.02005568263303,False,True,0.252498809901571
205,Biologically constrained latent SCM,1.5,6878.773508137344,6906.430165941021,27.656657803677263,False,True,0.30329362492741907
206,Associative latent class model,1.5,8067.71102934178,7808.001109816364,-259.7099195254159,True,True,0.29441071933659724
206,Renal-adjusted associative latent class model,1.5,6839.755555882713,6865.296833504524,25.541277621810877,False,True,0.20721758547864025
206,Biologically constrained latent SCM,1.5,6829.268416435717,6857.777537841424,28.509121405707447,False,True,0.4919449374494464
207,Associative latent class model,1.5,8118.762523909357,7857.294069869467,-261.46845403988937,True,True,0.3381071549688018
207,Renal-adjusted associative latent class model,1.5,6826.544200022621,6844.384303726251,17.84010370363012,False,True,0.44491473390648845
207,Biologically constrained latent SCM,1.5,6813.298480899208,6841.361025382892,28.062544483684178,False,True,0.4798632248163429
208,Associative latent class model,1.5,8252.294707394187,7916.545663974018,-335.7490434201691,True,True,0.3305543864176468
208,Renal-adjusted associative latent class model,1.5,6882.889293323326,6906.237734120467,23.348440797141848,False,True,0.4686790745589655
208,Biologically constrained latent SCM,1.5,6872.649879115419,6892.794840407256,20.144961291836808,False,True,0.33827598125612424
209,Associative latent class model,1.5,7945.453532142765,7698.41679302455,-247.03673911821443,True,True,0.2538954944337554
209,Renal-adjusted associative latent class model,1.5,6744.726549796491,6772.494973572413,27.7684237759222,False,True,0.46221379828112114
209,Biologically constrained latent SCM,1.5,6732.548418272289,6758.668906198853,26.120487926563328,False,True,0.37158391806723856
210,Associative latent class model,1.5,8015.851415868799,7727.160796249049,-288.6906196197506,True,True,0.2753180258740825
210,Renal-adjusted associative latent class model,1.5,6768.034976202227,6797.9428957878135,29.90791958558657,False,True,0.4621095666200589
210,Biologically constrained latent SCM,1.5,6754.727337172196,6784.556816892744,29.82947972054808,False,True,0.4601751077064573
211,Associative latent class model,1.5,8186.600155301918,7834.316143575418,-352.28401172649956,True,True,0.33009883163049153
211,Renal-adjusted associative latent class model,1.5,6803.274969831296,6819.633182820907,16.358212989610365,False,True,0.28250880319164373
211,Biologically constrained latent SCM,1.5,6790.844122605496,6817.569810537528,26.725687932032088,False,True,0.2794052399262796
212,Associative latent class model,1.5,8186.549826343281,7875.847853431658,-310.70197291162276,True,True,0.32205055139591904
212,Renal-adjusted associative latent class model,1.5,6890.375513893838,6915.6363043006095,25.260790406771775,False,True,0.4966436436423684
212,Biologically constrained latent SCM,1.5,6879.068149717958,6904.267088709899,25.19893899194176,False,True,0.49169021069526536
213,Associative latent class model,1.5,8121.896477285942,7819.532479359657,-302.36399792628436,True,True,0.3128068048648741
213,Renal-adjusted associative latent class model,1.5,6811.915023758744,6840.479908555833,28.56488479708969,False,True,0.48893936108965236
213,Biologically constrained latent SCM,1.5,6800.984886604537,6827.316424994724,26.331538390187234,False,True,0.47846897795959165
214,Associative latent class model,1.5,8114.10941109585,7815.9521152847665,-298.1572958110837,True,True,0.2852867422437501
214,Renal-adjusted associative latent class model,1.5,6829.114653537326,6856.587932334064,27.47327879673776,False,True,0.4921126228534839
214,Biologically constrained latent SCM,1.5,6816.6885068218635,6843.803697659221,27.11519083735766,False,True,0.49086244713457333
215,Associative latent class model,1.5,8230.962199327274,7970.433283610179,-260.5289157170946,True,True,0.2826921814113688
215,Renal-adjusted associative latent class model,1.5,6984.104418556774,7013.660867848601,29.55644929182654,False,True,0.48722738114269903
215,Biologically constrained latent SCM,1.5,6972.262224527408,7002.197072869689,29.93484834228093,False,True,0.485377109093142
216,Associative latent class model,1.5,8102.378581171403,7776.172520848788,-326.2060603226155,True,True,0.31806696941576784
216,Renal-adjusted associative latent class model,1.5,6780.760901593108,6812.308295916483,31.547394323374647,False,True,0.4340918028285655
216,Biologically constrained latent SCM,1.5,6771.402433362445,6800.19376153578,28.791328173335387,False,True,0.45876730653297626
217,Associative latent class model,1.5,8161.624806004999,7889.046821937653,-272.57798406734673,True,True,0.28432706103767863
217,Renal-adjusted associative latent class model,1.5,6926.752070845578,6955.090580403148,28.338509557570433,False,True,0.4402512346821253
217,Biologically constrained latent SCM,1.5,6915.513565577075,6941.78648047839,26.272914901315744,False,True,0.49425806748209067
218,Associative latent class model,1.5,8154.411328997785,7924.01752782798,-230.39380116980465,True,True,0.31968067971414177
218,Renal-adjusted associative latent class model,1.5,6922.166882657198,6944.118753947234,21.95187129003625,False,True,0.44729499011496543
218,Biologically constrained latent SCM,1.5,6909.322791374822,6931.581885443271,22.259094068448576,False,True,0.4999159476608777
219,Associative latent class model,1.5,8073.352005612881,7811.967408994806,-261.3845966180752,True,True,0.27127450719587665
219,Renal-adjusted associative latent class model,1.5,6847.940310109212,6873.878910084719,25.938599975506804,False,True,0.4349775343232919
219,Biologically constrained latent SCM,1.5,6839.675765011846,6863.104731036117,23.428966024271176,False,True,0.4828642646554331
220,Associative latent class model,1.5,8082.6389119348905,7778.646248473145,-303.9926634617459,True,True,0.28607380136201377
220,Renal-adjusted associative latent class model,1.5,6807.791442472659,6839.098418033327,31.306975560668434,False,True,0.4933404433876426
220,Biologically constrained latent SCM,1.5,6794.472486617784,6824.300760862283,29.82827424449897,False,True,0.4944054252058159
221,Associative latent class model,1.5,8162.709871270832,7888.1893794259195,-274.5204918449126,True,True,0.2735143689049249
221,Renal-adjusted associative latent class model,1.5,6905.7689040575715,6930.899150017393,25.130245959821877,False,True,0.3328646074972283
221,Biologically constrained latent SCM,1.5,6892.4879011841895,6917.6849286777015,25.197027493511996,False,True,0.3312694291286719
222,Associative latent class model,1.5,8140.233065810793,7857.863755544808,-282.3693102659854,True,True,0.2910265706708855
222,Renal-adjusted associative latent class model,1.5,6870.84188099221,6903.485985510821,32.64410451861113,False,True,0.4099871968387872
222,Biologically constrained latent SCM,1.5,6857.781413793514,6883.205573244254,25.424159450740262,False,True,0.0996733113161474
223,Associative latent class model,1.5,8222.646675535936,7943.077321334766,-279.5693542011704,True,True,0.2879660210732381
223,Renal-adjusted associative latent class model,1.5,6956.595514060921,6983.273696520231,26.678182459309937,False,True,0.4715785483666006
223,Biologically constrained latent SCM,1.5,6948.50835838398,6972.832385527915,24.324027143935382,False,True,0.45795011161221166
224,Associative latent class model,1.5,8199.745506780164,7908.255115840391,-291.4903909397726,True,True,0.2939474595951982
224,Renal-adjusted associative latent class model,1.5,6923.291911731843,6952.596933753222,29.305022021379045,False,True,0.39400260508137236
224,Biologically constrained latent SCM,1.5,6911.013827459751,6940.024482939241,29.010655479490197,False,True,0.38270575760606257
225,Associative latent class model,1.5,8149.89269122996,7867.369505632196,-282.5231855977645,True,True,0.2919918678046896
225,Renal-adjusted associative latent class model,1.5,6879.284848425348,6898.217923898959,18.933075473611098,False,True,0.0872458699104795
225,Biologically constrained latent SCM,1.5,6867.484903326518,6886.53027610993,19.04537278341195,False,True,0.07988455791701933
226,Associative latent class model,1.5,8225.411728871704,7909.135593113932,-316.27613575777195,True,True,0.2584417356903945
226,Renal-adjusted associative latent class model,1.5,6942.547884960983,6952.558624763607,10.010739802624812,False,True,0.26901060495197376
226,Biologically constrained latent SCM,1.5,6930.494074731478,6940.254985657404,9.76091092592651,False,True,0.2687564771538565
227,Associative latent class model,1.5,8130.736327422449,7793.711535805546,-337.0247916169028,True,True,0.30997743034524744
227,Renal-adjusted associative latent class model,1.5,6791.062175359985,6812.975349568497,21.91317420851192,False,True,0.3478775070152821
227,Biologically constrained latent SCM,1.5,6778.951043558498,6800.13867299745,21.18762943895217,False,True,0.3665222170557307
228,Associative latent class model,1.5,8136.211795459792,7841.057525948036,-295.15426951175596,True,True,0.3148500077386385
228,Renal-adjusted associative latent class model,1.5,6831.027517468027,6859.289277801526,28.261760333498387,False,True,0.4117959174930577
228,Biologically constrained latent SCM,1.5,6822.472483169046,6847.944676822016,25.47219365296951,False,True,0.27739682426870405
229,Associative latent class model,1.5,8123.310854300481,7806.995616467635,-316.3152378328459,True,True,0.2933350010205133
229,Renal-adjusted associative latent class model,1.5,6812.187448409539,6843.897325311411,31.70987690187212,False,True,0.49518832980473815
229,Biologically constrained latent SCM,1.5,6799.3641539507635,6830.885924535538,31.52177058477446,False,True,0.4953569187124873
230,Associative latent class model,1.5,8213.45010059595,7858.157855504629,-355.2922450913211,True,True,0.307638721812306
230,Renal-adjusted associative latent class model,1.5,6849.9572220389055,6880.807456912562,30.850234873656518,False,True,0.4967761621684454
230,Biologically constrained latent SCM,1.5,6840.551713015183,6869.767586324542,29.215873309359267,False,True,0.38304000009518335
231,Associative latent class model,1.5,8112.861705573609,7840.498325063789,-272.36338050981976,True,True,0.2829645585195385
231,Renal-adjusted associative latent class model,1.5,6873.960916133452,6901.641030017809,27.680113884356615,False,True,0.2630441567058684
231,Biologically constrained latent SCM,1.5,6861.22868560921,6888.898907190858,27.670221581648548,False,True,0.2629007424907672
232,Associative latent class model,1.5,8135.201975808532,7831.3775484420285,-303.8244273665032,True,True,0.26905460137950077
232,Renal-adjusted associative latent class model,1.5,6876.279826452855,6899.471123988288,23.191297535433478,False,True,0.15484161232398752
232,Biologically constrained latent SCM,1.5,6863.665763803626,6887.685611355248,24.01984755162175,False,True,0.1590083613927078
233,Associative latent class model,1.5,8002.545320491823,7711.508549096631,-291.03677139519186,True,True,0.31698797502157583
233,Renal-adjusted associative latent class model,1.5,6721.296768651668,6749.1409102050275,27.844141553359805,False,True,0.4742920688331486
233,Biologically constrained latent SCM,1.5,6707.931125256747,6737.100154750771,29.16902949402447,False,True,0.452243746394718
234,Associative latent class model,1.5,7987.367596540173,7726.789659344864,-260.57793719530855,True,True,0.2840606940024422
234,Renal-adjusted associative latent class model,1.5,6758.03181486472,6785.4785793059045,27.446764441184314,False,True,0.4715552742139593
234,Biologically constrained latent SCM,1.5,6745.273349193438,6772.901295219384,27.627946025946585,False,True,0.4739417165542724
235,Associative latent class model,1.5,7975.338203393366,7752.185864895899,-223.1523384974671,True,True,0.3059992778572814
235,Renal-adjusted associative latent class model,1.5,6802.521131925234,6830.669282561653,28.148150636418904,False,True,0.48124572994673726
235,Biologically constrained latent SCM,1.5,6790.74138475345,6818.148733099733,27.40734834628347,False,True,0.4447812836285807
236,Associative latent class model,1.5,8149.258713723487,7859.235302474999,-290.0234112484877,True,True,0.32093825880393145
236,Renal-adjusted associative latent class model,1.5,6864.264536665745,6891.90262105271,27.638084386964692,False,True,0.49348362303273435
236,Biologically constrained latent SCM,1.5,6851.655828507762,6882.054943326791,30.39911481902891,False,True,0.4794157750714197
237,Associative latent class model,1.5,8081.94782989281,7811.222211945209,-270.72561794760077,True,True,0.31922969718647415
237,Renal-adjusted associative latent class model,1.5,6811.566474185112,6839.561035455722,27.994561270609665,False,True,0.3903309577293312
237,Biologically constrained latent SCM,1.5,6798.860318342034,6827.46326858746,28.602950245426655,False,True,0.3765763796043678
238,Associative latent class model,1.5,8177.318594815097,7901.093562355026,-276.2250324600709,True,True,0.31248068917888583
238,Renal-adjusted associative latent class model,1.5,6893.516182619835,6922.690658319118,29.174475699282993,False,True,0.4297239167410424
238,Biologically constrained latent SCM,1.5,6882.385444793887,6910.362550876765,27.97710608287889,False,True,0.47066814694850917
239,Associative latent class model,1.5,8116.767305756685,7819.696501192764,-297.07080456392123,True,True,0.31232876774890905
239,Renal-adjusted associative latent class model,1.5,6810.888120223866,6843.178883359971,32.29076313610494,False,True,0.4978429170555528
239,Biologically constrained latent SCM,1.5,6798.890283848489,6830.321899986497,31.431616138007485,False,True,0.49694078419626564
240,Associative latent class model,1.5,8168.0576951307985,7856.878294816561,-311.1794003142377,True,True,0.329495116561001
240,Renal-adjusted associative latent class model,1.5,6849.277501948287,6874.913061787406,25.635559839119196,False,True,0.38439567036705585
240,Biologically constrained latent SCM,1.5,6836.7611701268515,6865.577234338829,28.81606421197739,False,True,0.3425404436837001
241,Associative latent class model,1.5,8196.422940943314,7936.012449159627,-260.41049178368667,True,True,0.2852704466910733
241,Renal-adjusted associative latent class model,1.5,6956.196716590775,6979.948879691738,23.752163100962207,False,True,0.4893033037785037
241,Biologically constrained latent SCM,1.5,6943.514603863016,6966.56837458093,23.05377071791372,False,True,0.4910308787124666
242,Associative latent class model,1.5,8037.182927217781,7793.438734384798,-243.74419283298266,True,True,0.32842941694151107
242,Renal-adjusted associative latent class model,1.5,6767.202155736257,6796.935500230096,29.733344493839468,False,True,0.4783000408082916
242,Biologically constrained latent SCM,1.5,6755.288135554251,6785.770185632365,30.48205007811339,False,True,0.345354478658709
243,Associative latent class model,1.5,8228.794512248714,7964.028324455368,-264.76618779334603,True,True,0.2986209842606252
243,Renal-adjusted associative latent class model,1.5,6970.249358504313,6997.0833586618655,26.83400015755251,False,True,0.4941736872415501
243,Biologically constrained latent SCM,1.5,6957.471339593372,6989.505472081007,32.03413248763445,False,True,0.48318411863557686
244,Associative latent class model,1.5,8118.567888096083,7818.936949466057,-299.6309386300263,True,True,0.3255991562560922
244,Renal-adjusted associative latent class model,1.5,6785.02679159062,6811.928468343838,26.901676753218453,False,True,0.4943543712671476
244,Biologically constrained latent SCM,1.5,6772.199988957343,6798.823991904548,26.624002947205554,False,True,0.49674428486034666
245,Associative latent class model,1.5,8046.530664252567,7801.14986482257,-245.38079942999684,True,True,0.3104236020897669
245,Renal-adjusted associative latent class model,1.5,6795.088594547437,6822.458018821164,27.36942427372651,False,True,0.424511577260234
245,Biologically constrained latent SCM,1.5,6785.232170320031,6809.938492108407,24.706321788376044,False,True,0.3668900173375475
246,Associative latent class model,1.5,8047.585175205301,7766.024343519484,-281.560831685817,True,True,0.2585377887845122
246,Renal-adjusted associative latent class model,1.5,6827.940451615816,6857.181680116268,29.241228500452053,False,True,0.48994417134586554
246,Biologically constrained latent SCM,1.5,6815.517350290381,6845.1542887085525,29.636938418171667,False,True,0.48070911637551655
247,Associative latent class model,1.5,8190.48853755238,7883.227835605738,-307.26070194664226,True,True,0.3126805356695812
247,Renal-adjusted associative latent class model,1.5,6883.03213244889,6910.9570037072845,27.924871258394887,False,True,0.4293417066582883
247,Biologically constrained latent SCM,1.5,6874.800162084091,6898.7623950260295,23.962232941938055,False,True,0.4861618208719067
248,Associative latent class model,1.5,8159.1154698493365,7910.23265164897,-248.88281820036627,True,True,0.2953188720457948
248,Renal-adjusted associative latent class model,1.5,6932.964005210452,6965.391201053803,32.427195843351,False,True,0.4849495892352628
248,Biologically constrained latent SCM,1.5,6920.12242969058,6952.12522378338,32.00279409279938,False,True,0.4944426997563518
249,Associative latent class model,1.5,8241.270854082302,7904.974893417744,-336.29596066455815,True,True,0.33282522022634514
249,Renal-adjusted associative latent class model,1.5,6885.71355320721,6914.440409937106,28.7268567298961,False,True,0.46157186914049647
249,Biologically constrained latent SCM,1.5,6882.719295301536,6902.41725037439,19.69795507285471,False,True,0.3473514674195586
250,Associative latent class model,1.5,8144.3733463813105,7802.9611642781,-341.4121821032104,True,True,0.3255289223082448
250,Renal-adjusted associative latent class model,1.5,6772.355016623713,6802.801182555098,30.44616593138562,False,True,0.3937736891989784
250,Biologically constrained latent SCM,1.5,6764.762665274599,6792.14087070586,27.37820543126054,False,True,0.48786824639939835
251,Associative latent class model,1.5,8147.206517841649,7797.949890356773,-349.25662748487593,True,True,0.3060399705495254
251,Renal-adjusted associative latent class model,1.5,6800.62654284985,6822.597245991361,21.970703141510967,False,True,0.37634338075642726
251,Biologically constrained latent SCM,1.5,6788.60053057468,6810.838189353115,22.237658778434707,False,True,0.37781699275434505
252,Associative latent class model,1.5,8097.690900665825,7808.039861470324,-289.65103919550165,True,True,0.32508010915217367
252,Renal-adjusted associative latent class model,1.5,6805.78597308622,6835.1475812649105,29.361608178690403,False,True,0.49762196187431906
252,Biologically constrained latent SCM,1.5,6799.633156787336,6824.033964017493,24.400807230157625,False,True,0.3977078306274675
253,Associative latent class model,1.5,8062.435543441968,7791.789167806561,-270.6463756354069,True,True,0.31741249841146285
253,Renal-adjusted associative latent class model,1.5,6778.118793617475,6810.95980005845,32.841006440975434,False,True,0.44768929659229684
253,Biologically constrained latent SCM,1.5,6766.968764843409,6798.126582518085,31.157817674676153,False,True,0.36596447903488594
254,Associative latent class model,1.5,8208.19686077389,7915.3642717957955,-292.8325889780954,True,True,0.31255311732706326
254,Renal-adjusted associative latent class model,1.5,6904.756493535817,6933.217149209493,28.46065567367623,False,True,0.4762710263220732
254,Biologically constrained latent SCM,1.5,6892.536338528461,6922.670021426389,30.133682897928338,False,True,0.42882017298401187
255,Associative latent class model,1.5,8155.244457913217,7907.985379478782,-247.25907843443474,True,True,0.2894175174545562
255,Renal-adjusted associative latent class model,1.5,6931.902858858312,6949.719446350924,17.81658749261169,False,True,0.29160350767050697
255,Biologically constrained latent SCM,1.5,6918.798285137943,6946.386404900222,27.588119762279348,False,True,0.4886378675849457
256,Associative latent class model,1.5,8120.331664723404,7807.95826613153,-312.3733985918743,True,True,0.28068296519319086
256,Renal-adjusted associative latent class model,1.5,6838.214089691689,6866.477276154178,28.263186462489102,False,True,0.4047606854382205
256,Biologically constrained latent SCM,1.5,6832.34459717629,6858.455635553701,26.111038377410296,False,True,0.47816269418696905
257,Associative latent class model,1.5,8099.0159496012575,7793.176789937195,-305.8391596640622,True,True,0.32970149364934725
257,Renal-adjusted associative latent class model,1.5,6792.457535627803,6820.112700685237,27.655165057433805,False,True,0.3708818333956887
257,Biologically constrained latent SCM,1.5,6779.119979880753,6810.58415688923,31.464177008477236,False,True,0.4984351513593485
258,Associative latent class model,1.5,8133.504334499609,7868.818755671615,-264.6855788279945,True,True,0.2880318585288119
258,Renal-adjusted associative latent class model,1.5,6908.530683749079,6932.0863745413935,23.555690792314635,False,True,0.4491035245536613
258,Biologically constrained latent SCM,1.5,6897.805282897086,6920.836736923514,23.031454026428037,False,True,0.47162700373420735
259,Associative latent class model,1.5,8207.497595297902,7864.861310432019,-342.63628486588277,True,True,0.3122903052788469
259,Renal-adjusted associative latent class model,1.5,6875.726634641969,6893.663927429457,17.937292787487422,False,True,0.2578096133113791
259,Biologically constrained latent SCM,1.5,6866.516826993262,6887.562478527483,21.04565153422118,False,True,0.34674837941538383
260,Associative latent class model,1.5,8180.620800715689,7883.349430025959,-297.27137068973025,True,True,0.3515910556770159
260,Renal-adjusted associative latent class model,1.5,6875.282544454085,6898.787218053341,23.50467359925642,False,True,0.46160671268133024
260,Biologically constrained latent SCM,1.5,6863.553923652004,6887.4222822651545,23.86835861315012,False,True,0.45392749974124846
261,Associative latent class model,1.5,8003.716128005848,7732.671402689297,-271.0447253165512,True,True,0.31366186132314794
261,Renal-adjusted associative latent class model,1.5,6712.459518021758,6742.711392766823,30.251874745064924,False,True,0.3920680384190025
261,Biologically constrained latent SCM,1.5,6700.842119830601,6730.548377417215,29.7062575866139,False,True,0.49326367695680545
262,Associative latent class model,1.5,8041.478939137774,7808.51989429349,-232.9590448442841,True,True,0.31977558766307895
262,Renal-adjusted associative latent class model,1.5,6807.4697594714435,6838.495309444181,31.02554997273728,False,True,0.4873109724394866
262,Biologically constrained latent SCM,1.5,6799.21257318946,6826.730089077083,27.51751588762272,False,True,0.4120088001235963
263,Associative latent class model,1.5,8126.83598034166,7846.322742517232,-280.51323782442796,True,True,0.29196401089234686
263,Renal-adjusted associative latent class model,1.5,6882.466715347769,6911.1387202738115,28.672004926042064,False,True,0.42473373230983796
263,Biologically constrained latent SCM,1.5,6872.283130519445,6897.313247119269,25.030116599824396,False,True,0.40468475217908734
264,Associative latent class model,1.5,8192.440104119441,7940.03761272171,-252.40249139773186,True,True,0.34022303593300796
264,Renal-adjusted associative latent class model,1.5,6901.168375573521,6927.611309977741,26.44293440422007,False,True,0.4929277630253809
264,Biologically constrained latent SCM,1.5,6888.677568854632,6915.224881959953,26.547313105320427,False,True,0.49003117399552515
265,Associative latent class model,1.5,7952.064261064671,7664.037458981238,-288.0268020834328,True,True,0.33564735580996824
265,Renal-adjusted associative latent class model,1.5,6642.122130275577,6673.340752294195,31.21862201861859,False,True,0.4950762568242311
265,Biologically constrained latent SCM,1.5,6629.498266746495,6660.245315679959,30.74704893346461,False,True,0.4958056330429102
266,Associative latent class model,1.5,8064.636270669436,7782.006490641135,-282.62978002830096,True,True,0.2777055707516486
266,Renal-adjusted associative latent class model,1.5,6810.213272548142,6838.70766587726,28.494393329117884,False,True,0.48838386290819635
266,Biologically constrained latent SCM,1.5,6797.185420154743,6825.891243063741,28.705822908998016,False,True,0.4928566687942127
267,Associative latent class model,1.5,8249.25590944514,7928.7774766662,-320.47843277894117,True,True,0.31383084978073733
267,Renal-adjusted associative latent class model,1.5,6908.61650185398,6936.610770845951,27.994268991971694,False,True,0.4012767883485396
267,Biologically constrained latent SCM,1.5,6896.41936079339,6923.8435983789295,27.42423758553923,False,True,0.40815956228383543
268,Associative latent class model,1.5,8293.75962805697,8056.354448627363,-237.40517942960741,True,True,0.3039228307938494
268,Renal-adjusted associative latent class model,1.5,7047.143589620856,7079.024480712108,31.880891091252124,False,True,0.49528162109346213
268,Biologically constrained latent SCM,1.5,7034.700433194065,7066.605365776276,31.904932582210677,False,True,0.49888251633090475
269,Associative latent class model,1.5,8161.956240474431,7912.228694987161,-249.7275454872697,True,True,0.3032725940887328
269,Renal-adjusted associative latent class model,1.5,6912.914143899033,6945.97744074878,33.06329684974753,False,True,0.48871616511634125
269,Biologically constrained latent SCM,1.5,6901.645482698205,6933.023538045373,31.3780553471679,False,True,0.37034051373222965
270,Associative latent class model,1.5,8016.852589627481,7697.41905622546,-319.43353340202157,True,True,0.28585129571916595
270,Renal-adjusted associative latent class model,1.5,6715.638659933367,6736.977777358226,21.33911742485907,False,True,0.37147970270514996
270,Biologically constrained latent SCM,1.5,6702.5616447084985,6723.7581017281245,21.196457019625996,False,True,0.3705160042441254
271,Associative latent class model,1.5,8115.011471796092,7858.32145672614,-256.6900150699521,True,True,0.32703235961890775
271,Renal-adjusted associative latent class model,1.5,6859.657073171423,6891.748712606504,32.09163943508156,False,True,0.467306238450948
271,Biologically constrained latent SCM,1.5,6849.484545757791,6877.98630814514,28.501762387349117,False,True,0.4003124170369379
272,Associative latent class model,1.5,8105.970799841359,7819.591038487406,-286.37976135395274,True,True,0.297414525719373
272,Renal-adjusted associative latent class model,1.5,6828.654394437901,6860.829049005557,32.174654567656034,False,True,0.4806521839407769
272,Biologically constrained latent SCM,1.5,6816.404725937845,6847.634351604422,31.229625666576794,False,True,0.49231387276373245
273,Associative latent class model,1.5,8034.979672955708,7764.603194455318,-270.3764785003905,True,True,0.2823755721247993
273,Renal-adjusted associative latent class model,1.5,6800.216820201371,6819.077970005919,18.861149804548404,False,True,0.42928923725115503
273,Biologically constrained latent SCM,1.5,6789.175454909669,6807.945283267118,18.769828357449114,False,True,0.3747796195987823
274,Associative latent class model,1.5,8075.281505493976,7774.762295439787,-300.519210054189,True,True,0.29224245807454285
274,Renal-adjusted associative latent class model,1.5,6796.682756170096,6827.001159375353,30.31840320525771,False,True,0.49967934525262053
274,Biologically constrained latent SCM,1.5,6783.363801528217,6812.431740160417,29.067938632199912,False,True,0.4504271518548408
275,Associative latent class model,1.5,8164.433710655067,7817.479722496656,-346.95398815841145,True,True,0.31728878721361375
275,Renal-adjusted associative latent class model,1.5,6816.203849976029,6838.379444363498,22.175594387468664,False,True,0.3972778980792712
275,Biologically constrained latent SCM,1.5,6803.828237766423,6826.48305823931,22.654820472886968,False,True,0.3602112543254466
276,Associative latent class model,1.5,7998.963432994567,7742.6387325547,-256.3247004398663,True,True,0.2671038269652907
276,Renal-adjusted associative latent class model,1.5,6798.510324255385,6822.500757254784,23.990432999398763,False,True,0.4781669646067413
276,Biologically constrained latent SCM,1.5,6785.590177596124,6815.661494974991,30.071317378867207,False,True,0.48772703213887303
277,Associative latent class model,1.5,8181.073862519108,7884.421034885207,-296.6528276339013,True,True,0.3205117204055609
277,Renal-adjusted associative latent class model,1.5,6864.7883757599075,6889.858764082355,25.070388322447798,False,True,0.3076860283300744
277,Biologically constrained latent SCM,1.5,6852.211077587128,6879.535280826275,27.32420323914721,False,True,0.370680024088497
278,Associative latent class model,1.5,8250.556322494283,8000.00588588527,-250.55043660901356,True,True,0.2949347928580883
278,Renal-adjusted associative latent class model,1.5,6991.1124113959295,7020.084603189051,28.972191793121965,False,True,0.371344121268759
278,Biologically constrained latent SCM,1.5,6979.034483729869,7007.92504351301,28.890559783140816,False,True,0.3879347457785315
279,Associative latent class model,1.5,8227.499744840801,7937.5929139011205,-289.90683093968073,True,True,0.3093697273890778
279,Renal-adjusted associative latent class model,1.5,6923.0525624432075,6951.214512603279,28.161950160071683,False,True,0.3736568258585512
279,Biologically constrained latent SCM,1.5,6912.326861344704,6940.748177651176,28.421316306471454,False,True,0.3607226017129902
280,Associative latent class model,1.5,8108.725869233754,7843.044638668527,-265.68123056522654,True,True,0.29441355177172024
280,Renal-adjusted associative latent class model,1.5,6880.509171084269,6908.289678653812,27.78050756954326,False,True,0.4850621865857036
280,Biologically constrained latent SCM,1.5,6867.262732781012,6895.494789207214,28.23205642620178,False,True,0.47975283556069387
281,Associative latent class model,1.5,8069.888593004695,7834.849162279043,-235.03943072565198,True,True,0.33990852093203927
281,Renal-adjusted associative latent class model,1.5,6837.820159982293,6862.881965317909,25.061805335615645,False,True,0.3656200341242338
281,Biologically constrained latent SCM,1.5,6828.538627162355,6853.67999118552,25.141364023164897,False,True,0.36643433350824495
282,Associative latent class model,1.5,8022.588656785018,7730.7009296959,-291.887727089118,True,True,0.2848967403817529
282,Renal-adjusted associative latent class model,1.5,6762.657925328016,6786.142065232938,23.484139904921904,False,True,0.4602316442672641
282,Biologically constrained latent SCM,1.5,6750.928694835108,6776.817910270974,25.88921543586548,False,True,0.38786426696582815
283,Associative latent class model,1.5,8107.016119585443,7833.222101533648,-273.7940180517953,True,True,0.3039894831740883
283,Renal-adjusted associative latent class model,1.5,6861.431631173235,6893.364077978447,31.93244680521275,False,True,0.48607077674514515
283,Biologically constrained latent SCM,1.5,6852.208551940434,6880.234762806624,28.026210866190013,False,True,0.3918791863695159
284,Associative latent class model,1.5,7954.735517083609,7710.788708534856,-243.94680854875332,True,True,0.26929186643327163
284,Renal-adjusted associative latent class model,1.5,6785.746424564336,6817.92520931339,32.1787847490541,False,True,0.48599908349886023
284,Biologically constrained latent SCM,1.5,6774.588416077766,6803.699511281523,29.11109520375703,False,True,0.35362258332796737
285,Associative latent class model,1.5,8183.409777910169,7927.770934052978,-255.6388438571912,True,True,0.2946198501896755
285,Renal-adjusted associative latent class model,1.5,6935.711060951096,6963.467768973487,27.75670802239074,False,True,0.4405892788847892
285,Biologically constrained latent SCM,1.5,6924.949651590631,6951.631158332707,26.681506742075726,False,True,0.4993299203931753
286,Associative latent class model,1.5,8174.4334621354055,7929.783437545835,-244.65002458957042,True,True,0.336203436740847
286,Renal-adjusted associative latent class model,1.5,6952.7434779606065,6976.066119439893,23.322641479286176,False,True,0.358061461832458
286,Biologically constrained latent SCM,1.5,6939.785150954068,6963.822989705235,24.037838751167328,False,True,0.3592748136511423
287,Associative latent class model,1.5,8095.716106820132,7829.612091619964,-266.10401520016785,True,True,0.29575724239547835
287,Renal-adjusted associative latent class model,1.5,6842.4767925614815,6873.021358832046,30.544566270564246,False,True,0.4812798669434342
287,Biologically constrained latent SCM,1.5,6829.4576366683605,6859.888534744387,30.430898076026097,False,True,0.4806006198524138
288,Associative latent class model,1.5,8109.677648600414,7862.515267697147,-247.16238090326715,True,True,0.2610528280666696
288,Renal-adjusted associative latent class model,1.5,6889.528865172011,6918.956660062582,29.427794890571022,False,True,0.26874861805848044
288,Biologically constrained latent SCM,1.5,6877.413094309714,6905.886218233816,28.473123924101856,False,True,0.26414687268579273
289,Associative latent class model,1.5,8161.460310509343,7910.691155574865,-250.76915493447814,True,True,0.30502157049033
289,Renal-adjusted associative latent class model,1.5,6936.934023781572,6955.116471472811,18.18244769123885,False,True,0.4488548366317521
289,Biologically constrained latent SCM,1.5,6923.816347534852,6946.613802470638,22.797454935785936,False,True,0.40209752516550024
290,Associative latent class model,1.5,8168.670445008699,7888.658437708651,-280.012007300048,True,True,0.2982919484628981
290,Renal-adjusted associative latent class model,1.5,6886.109064403444,6915.621565590214,29.51250118677035,False,True,0.4882964283997945
290,Biologically constrained latent SCM,1.5,6875.174314439532,6906.187072009169,31.01275756963696,False,True,0.4682006863562876
291,Associative latent class model,1.5,7994.288190830563,7785.045679119241,-209.24251171132164,True,True,0.315971774017127
291,Renal-adjusted associative latent class model,1.5,6805.973034628984,6827.589118533807,21.616083904822517,False,True,0.3245719172112072
291,Biologically constrained latent SCM,1.5,6793.87713578443,6816.961566221875,23.084430437445008,False,True,0.33110421488250524
292,Associative latent class model,1.5,8192.296858095126,7949.333415569524,-242.96344252560175,True,True,0.2849486736330302
292,Renal-adjusted associative latent class model,1.5,6944.316268737963,6971.985010638253,27.668741900290115,False,True,0.39030654301105533
292,Biologically constrained latent SCM,1.5,6933.23526509284,6959.512998900111,26.277733807271034,False,True,0.43207426898017576
293,Associative latent class model,1.5,8089.402974002131,7836.928810023275,-252.47416397885536,True,True,0.30638140430506844
293,Renal-adjusted associative latent class model,1.5,6823.006774178378,6852.2759034290575,29.269129250679725,False,True,0.3776264967754975
293,Biologically constrained latent SCM,1.5,6810.2762515649765,6843.072988861643,32.796737296666834,False,True,0.3624395328309625
294,Associative latent class model,1.5,8129.487009731871,7843.439876409206,-286.0471333226651,True,True,0.27188635328738203
294,Renal-adjusted associative latent class model,1.5,6867.430587379118,6892.771643806038,25.34105642691975,False,True,0.22944271641051472
294,Biologically constrained latent SCM,1.5,6858.91539647198,6886.681741769111,27.76634529713101,False,True,0.38594002650513803
295,Associative latent class model,1.5,8179.371131737606,7912.386186040941,-266.9849456966658,True,True,0.34506660600024675
295,Renal-adjusted associative latent class model,1.5,6914.626873595578,6943.185815026996,28.558941431418134,False,True,0.4687240888966646
295,Biologically constrained latent SCM,1.5,6902.741423998185,6931.13179925109,28.39037525290496,False,True,0.4667795183058518
296,Associative latent class model,1.5,8093.074884782444,7874.207777780024,-218.8671070024202,True,True,0.31097701924937765
296,Renal-adjusted associative latent class model,1.5,6866.958863489798,6895.666056679684,28.707193189885402,False,True,0.37564443324598373
296,Biologically constrained latent SCM,1.5,6854.18518403004,6884.046500868143,29.86131683810345,False,True,0.24981905258400766
297,Associative latent class model,1.5,8035.2334760667445,7711.920760639446,-323.3127154272988,True,True,0.2977771941670922
297,Renal-adjusted associative latent class model,1.5,6735.825888397595,6754.460694028194,18.63480563059875,False,True,0.4447539738174086
297,Biologically constrained latent SCM,1.5,6729.304797803322,6745.632980865026,16.328183061704294,False,True,0.3765110181479864
298,Associative latent class model,1.5,8046.469108411365,7808.809096235678,-237.66001217568646,True,True,0.2892608804084828
298,Renal-adjusted associative latent class model,1.5,6803.413590264065,6831.163199713959,27.749609449894706,False,True,0.45238899948979566
298,Biologically constrained latent SCM,1.5,6794.049686641213,6821.729708494854,27.680021853640937,False,True,0.4440756833423549
299,Associative latent class model,1.5,8101.932828584559,7872.042717000458,-229.89011158410085,True,True,0.3058968646182955
299,Renal-adjusted associative latent class model,1.5,6889.341609852689,6922.562183997979,33.22057414529081,False,True,0.454990989689831
299,Biologically constrained latent SCM,1.5,6876.585345281562,6909.381615143692,32.79626986213043,False,True,0.3732802339134568
300,Associative latent class model,1.5,8063.307511470645,7762.929937909425,-300.37757356122074,True,True,0.30814182603820284
300,Renal-adjusted associative latent class model,1.5,6804.726101257404,6834.000327853874,29.274226596470726,False,True,0.482643295219335
300,Biologically constrained latent SCM,1.5,6793.394038410167,6820.63166456002,27.237626149852986,False,True,0.49038018257390853
301,Associative latent class model,1.5,8095.181777623535,7790.313803851388,-304.8679737721468,True,True,0.2933475022387971
301,Renal-adjusted associative latent class model,1.5,6790.725189772375,6821.809434389921,31.084244617545664,False,True,0.41607945931821283
301,Biologically constrained latent SCM,1.5,6778.555630618245,6805.563314875516,27.00768425727074,False,True,0.4787614468256048
302,Associative latent class model,1.5,8184.237457582478,7892.377406449086,-291.8600511333916,True,True,0.29009887419722613
302,Renal-adjusted associative latent class model,1.5,6887.169501371458,6919.010426948215,31.8409255767574,False,True,0.496378478925558
302,Biologically constrained latent SCM,1.5,6877.009553250929,6897.398204139428,20.388650888499797,False,True,0.26297056367022853
303,Associative latent class model,1.5,8106.659297269713,7778.45922374485,-328.200073524863,True,True,0.3035408824414532
303,Renal-adjusted associative latent class model,1.5,6767.75106330714,6790.725059252124,22.97399594498438,False,True,0.39290641615958594
303,Biologically constrained latent SCM,1.5,6758.64918850521,6782.268978771332,23.619790266121527,False,True,0.408398483822495
304,Associative latent class model,1.5,8237.381371712601,7904.384291327079,-332.99708038552217,True,True,0.3365968459549552
304,Renal-adjusted associative latent class model,1.5,6872.283422458357,6900.018126959685,27.73470450132845,False,True,0.4989271739109431
304,Biologically constrained latent SCM,1.5,6862.112170441433,6887.189261601442,25.07709116000933,False,True,0.3645422951740002
305,Associative latent class model,1.5,8121.583810594505,7873.189014328335,-248.39479626616958,True,True,0.2981886706646653
305,Renal-adjusted associative latent class model,1.5,6891.429141066101,6913.293752132192,21.86461106609113,False,True,0.45583800884592124
305,Biologically constrained latent SCM,1.5,6878.366910640428,6900.121846928194,21.754936287766213,False,True,0.4695910721228117
306,Associative latent class model,1.5,8076.149295963802,7841.662310044043,-234.4869859197588,True,True,0.3126930884602537
306,Renal-adjusted associative latent class model,1.5,6855.282973593998,6885.075764075445,29.7927904814469,False,True,0.32412518399706064
306,Biologically constrained latent SCM,1.5,6842.349266538585,6875.4021145572015,33.052848018616714,False,True,0.3686428633468303
307,Associative latent class model,1.5,8195.623608142094,7907.875485914098,-287.74812222799574,True,True,0.29929358541099504
307,Renal-adjusted associative latent class model,1.5,6904.549247945856,6934.145708705162,29.596460759305955,False,True,0.4970960381378891
307,Biologically constrained latent SCM,1.5,6892.653618493522,6921.937071263224,29.283452769702308,False,True,0.49341433279989877
308,Associative latent class model,1.5,8261.591863451393,7981.598081851355,-279.99378160003744,True,True,0.3444813214053815
308,Renal-adjusted associative latent class model,1.5,6990.251569619527,7019.627089642863,29.37552002333632,False,True,0.4467571799374279
308,Biologically constrained latent SCM,1.5,6977.485745266672,7007.459942712434,29.974197445762,False,True,0.36671748176286245
309,Associative latent class model,1.5,8101.6417613001395,7859.254536753132,-242.38722454700746,True,True,0.32163379283037097
309,Renal-adjusted associative latent class model,1.5,6840.461444136006,6865.319601367373,24.85815723136693,False,True,0.4438505326869848
309,Biologically constrained latent SCM,1.5,6827.478747581653,6860.370793287804,32.89204570615129,False,True,0.49281260844851643
310,Associative latent class model,1.5,8119.204860069544,7790.51820652132,-328.68665354822406,True,True,0.29431262900605143
310,Renal-adjusted associative latent class model,1.5,6816.607100492953,6837.3687652166955,20.761664723742797,False,True,0.3433043207068518
310,Biologically constrained latent SCM,1.5,6803.6861822632945,6824.354047060252,20.667864796957474,False,True,0.34006771051330303
311,Associative latent class model,1.5,8176.773685117033,7897.714235453037,-279.059449663996,True,True,0.32575001283728355
311,Renal-adjusted associative latent class model,1.5,6872.788573822157,6898.9848245969915,26.19625077483488,False,True,0.15567669895126973
311,Biologically constrained latent SCM,1.5,6859.539125378932,6885.527263846876,25.988138467943827,False,True,0.121543637023494
312,Associative latent class model,1.5,8052.271757326775,7748.845402352826,-303.42635497394895,True,True,0.2869364378920862
312,Renal-adjusted associative latent class model,1.5,6758.752763135611,6782.12099696076,23.36823382514922,False,True,0.35383521367472526
312,Biologically constrained latent SCM,1.5,6746.93939874108,6771.080669451086,24.1412707100053,False,True,0.3427313457730808
313,Associative latent class model,1.5,7977.864220829561,7668.847566486337,-309.0166543432242,True,True,0.2926385105854586
313,Renal-adjusted associative latent class model,1.5,6682.384749236074,6711.403944888197,29.019195652123017,False,True,0.49281373296054753
313,Biologically constrained latent SCM,1.5,6671.291734690348,6698.604388790209,27.312654099860993,False,True,0.396277817454464
314,Associative latent class model,1.5,8096.841180812223,7851.740362615068,-245.1008181971547,True,True,0.2640570917945663
314,Renal-adjusted associative latent class model,1.5,6908.33410374023,6937.138836734892,28.804732994662118,False,True,0.3901032789026447
314,Biologically constrained latent SCM,1.5,6899.249765926091,6927.429633366693,28.17986744060272,False,True,0.444941424185315
315,Associative latent class model,1.5,8076.177705643766,7786.174038366828,-290.00366727693745,True,True,0.32439889163068264
315,Renal-adjusted associative latent class model,1.5,6761.387598170634,6794.110067103547,32.722468932913216,False,True,0.4904862171283224
315,Biologically constrained latent SCM,1.5,6748.434936024696,6780.215728621822,31.780792597125583,False,True,0.453263971016315
316,Associative latent class model,1.5,8013.972650970231,7771.321677519081,-242.6509734511501,True,True,0.3258253383548659
316,Renal-adjusted associative latent class model,1.5,6770.632176124693,6803.352094690183,32.719918565489934,False,True,0.48662960883547596
316,Biologically constrained latent SCM,1.5,6762.7243781403895,6790.240762146896,27.516384006506087,False,True,0.4716489870465596
317,Associative latent class model,1.5,8188.271896468964,7859.2093108820445,-329.06258558691934,True,True,0.29343142532431793
317,Renal-adjusted associative latent class model,1.5,6871.387564299512,6898.545035872018,27.157471572506438,False,True,0.3305286848696875
317,Biologically constrained latent SCM,1.5,6867.168287183866,6887.825707253983,20.65742007011704,False,True,0.2773316489251321
318,Associative latent class model,1.5,8195.989128466637,7909.075295820996,-286.9138326456414,True,True,0.30763581898972847
318,Renal-adjusted associative latent class model,1.5,6897.148598608069,6920.545619647706,23.397021039637366,False,True,0.3420696345244077
318,Biologically constrained latent SCM,1.5,6886.665349791126,6915.781516597315,29.11616680618954,False,True,0.37454350166944084
319,Associative latent class model,1.5,8203.206309618503,7919.543983825995,-283.66232579250754,True,True,0.28493444820824576
319,Renal-adjusted associative latent class model,1.5,6923.392906894199,6951.648924939094,28.256018044895427,False,True,0.4799710938954687
319,Biologically constrained latent SCM,1.5,6910.953567757413,6932.585719502418,21.632151745005103,False,True,0.18334637215136618
320,Associative latent class model,1.5,8244.85908527969,7968.49316200655,-276.36592327313974,True,True,0.31123568626789005
320,Renal-adjusted associative latent class model,1.5,6983.820751209875,7013.0522777116075,29.231526501732333,False,True,0.3858385947453492
320,Biologically constrained latent SCM,1.5,6971.866741739359,7001.9146584629525,30.047916723593517,False,True,0.48693151005381957
321,Associative latent class model,1.5,8097.530077556226,7806.700984368878,-290.829093187348,True,True,0.2844178740740434
321,Renal-adjusted associative latent class model,1.5,6818.957592291309,6849.89687873068,30.939286439371244,False,True,0.48357156603673146
321,Biologically constrained latent SCM,1.5,6806.842298433016,6836.851347200452,30.00904876743607,False,True,0.4800162204087205
322,Associative latent class model,1.5,8186.155181689508,7902.670522365252,-283.4846593242564,True,True,0.2996195214467569
322,Renal-adjusted associative latent class model,1.5,6911.538614175572,6943.775723732929,32.237109557357144,False,True,0.4879342262785464
322,Biologically constrained latent SCM,1.5,6898.214236478703,6930.759534567204,32.54529808850111,False,True,0.4933319063076847
323,Associative latent class model,1.5,8048.216375398375,7778.475543901341,-269.7408314970344,True,True,0.2584308414457184
323,Renal-adjusted associative latent class model,1.5,6857.032123031116,6882.671815791275,25.63969276015905,False,True,0.4107523809956271
323,Biologically constrained latent SCM,1.5,6844.136226558257,6869.2727857647815,25.136559206524907,False,True,0.4023984831151229
324,Associative latent class model,1.5,8189.060696182398,7864.179489773271,-324.8812064091271,True,True,0.30209046042420057
324,Renal-adjusted associative latent class model,1.5,6866.466813548455,6893.659516155333,27.1927026068779,False,True,0.4142033756752666
324,Biologically constrained latent SCM,1.5,6855.368339573096,6880.352893203344,24.98455363024823,False,True,0.36434234219351697
325,Associative latent class model,1.5,8144.872021589253,7835.8185608063395,-309.05346078291313,True,True,0.30305571352191196
325,Renal-adjusted associative latent class model,1.5,6858.934191191911,6881.521887376338,22.58769618442693,False,True,0.3580350836592994
325,Biologically constrained latent SCM,1.5,6850.821380288788,6879.062117020625,28.240736731837387,False,True,0.4682017955431169
326,Associative latent class model,1.5,8015.601999399545,7774.8700435013325,-240.73195589821262,True,True,0.28820985013063777
326,Renal-adjusted associative latent class model,1.5,6777.444823640177,6807.051043830561,29.606220190384192,False,True,0.4003898189364834
326,Biologically constrained latent SCM,1.5,6764.526266582059,6794.112767807876,29.58650122581639,False,True,0.41207402375574714
327,Associative latent class model,1.5,8230.685780390173,7959.949459236002,-270.7363211541706,True,True,0.3192601819477839
327,Renal-adjusted associative latent class model,1.5,6942.8459195096075,6974.682646588744,31.836727079136836,False,True,0.4973058912724275
327,Biologically constrained latent SCM,1.5,6930.787620156866,6961.403143786245,30.615523629378913,False,True,0.4543023069354921
328,Associative latent class model,1.5,8218.201092526955,7903.3692417317925,-314.8318507951626,True,True,0.32764862195482686
328,Renal-adjusted associative latent class model,1.5,6873.649829355799,6900.588275006244,26.93844565044492,False,True,0.42052822756121855
328,Biologically constrained latent SCM,1.5,6860.371218895317,6892.536553466465,32.16533457114838,False,True,0.49012704788322536
329,Associative latent class model,1.5,8201.707709062443,7951.82120508003,-249.88650398241225,True,True,0.32084887130472256
329,Renal-adjusted associative latent class model,1.5,6936.129468432708,6964.78522719187,28.65575875916238,False,True,0.40950427230193304
329,Biologically constrained latent SCM,1.5,6924.361210013402,6954.750601022481,30.38939100907828,False,True,0.49822627267593683
330,Associative latent class model,1.5,8207.449531818213,7959.7368823521765,-247.71264946603605,True,True,0.3041258795972274
330,Renal-adjusted associative latent class model,1.5,6961.570224454644,6984.059016234374,22.48879177973049,False,True,0.23530244049169496
330,Biologically constrained latent SCM,1.5,6950.212614022923,6975.377588620375,25.164974597451874,False,True,0.40677812479979947
331,Associative latent class model,1.5,8187.707048350281,7883.021085333951,-304.6859630163299,True,True,0.29184264367379475
331,Renal-adjusted associative latent class model,1.5,6867.259517546285,6892.1739981704,24.91448062411564,False,True,0.4624517392248812
331,Biologically constrained latent SCM,1.5,6854.358468893216,6879.270588386278,24.912119493062164,False,True,0.200904912512607
332,Associative latent class model,1.5,8156.326818015356,7880.910819768493,-275.41599824686364,True,True,0.3154714067024571
332,Renal-adjusted associative latent class model,1.5,6851.764923066223,6884.709020320886,32.944097254663575,False,True,0.498791544113368
332,Biologically constrained latent SCM,1.5,6838.740864439594,6871.513883516978,32.77301907738456,False,True,0.4978452156607179
333,Associative latent class model,1.5,8216.078440397052,7924.124632704955,-291.95380769209714,True,True,0.305754722677298
333,Renal-adjusted associative latent class model,1.5,6916.444523364921,6943.447430239277,27.002906874356086,False,True,0.47996630360115317
333,Biologically constrained latent SCM,1.5,6904.773891076528,6935.049786308606,30.275895232077346,False,True,0.48007970361311336
334,Associative latent class model,1.5,8256.378253456825,7988.805695652052,-267.57255780477317,True,True,0.35812708688795103
334,Renal-adjusted associative latent class model,1.5,6962.08997815491,6990.8329456194915,28.742967464581852,False,True,0.3484065640381516
334,Biologically constrained latent SCM,1.5,6953.533334986242,6978.3988578636345,24.865522877392323,False,True,0.3666118230832808
335,Associative latent class model,1.5,8138.686728452206,7867.522582223159,-271.1641462290472,True,True,0.27703431012605345
335,Renal-adjusted associative latent class model,1.5,6881.813596649288,6905.303292066471,23.489695417182702,False,True,0.3171646400575585
335,Biologically constrained latent SCM,1.5,6871.827792867128,6894.86021640691,23.03242353978203,False,True,0.33199479300125156
336,Associative latent class model,1.5,8147.279171950359,7874.937970826822,-272.34120112353776,True,True,0.2865571522597776
336,Renal-adjusted associative latent class model,1.5,6933.230302239404,6965.555938661474,32.32563642206969,False,True,0.47430300488979604
336,Biologically constrained latent SCM,1.5,6922.028636454233,6952.812232978153,30.783596523920096,False,True,0.3943642535067164
337,Associative latent class model,1.5,8114.02843924869,7879.810299942604,-234.2181393060864,True,True,0.3019183013721918
337,Renal-adjusted associative latent class model,1.5,6914.32889600206,6941.939336901396,27.610440899336027,False,True,0.35852988502894234
337,Biologically constrained latent SCM,1.5,6902.51993140198,6930.168823840016,27.648892438035546,False,True,0.36341679441518776
338,Associative latent class model,1.5,8115.8468388854635,7824.548027463503,-291.29881142196064,True,True,0.3266067059629955
338,Renal-adjusted associative latent class model,1.5,6812.681600417447,6844.537860669345,31.856260251897766,False,True,0.438215628645915
338,Biologically constrained latent SCM,1.5,6799.9990660962585,6832.00627299862,32.00720690236176,False,True,0.4806600983219431
339,Associative latent class model,1.5,8167.84368437345,7839.467241824375,-328.37644254907445,True,True,0.27776419674623765
339,Renal-adjusted associative latent class model,1.5,6861.936475200766,6888.48185577338,26.545380572613794,False,True,0.4705224827551669
339,Biologically constrained latent SCM,1.5,6848.827205906905,6877.71782223388,28.89061632697485,False,True,0.3345870983866279
340,Associative latent class model,1.5,8259.389663968128,8010.311759140122,-249.07790482800556,True,True,0.3003114270316632
340,Renal-adjusted associative latent class model,1.5,6996.645889284897,7025.009990270701,28.364100985803816,False,True,0.2700260936009837
340,Biologically constrained latent SCM,1.5,6983.727831942549,7012.393620871431,28.665788928882648,False,True,0.2851910812436914
341,Associative latent class model,1.5,8084.121061058069,7823.112586314607,-261.0084747434621,True,True,0.3007182026493978
341,Renal-adjusted associative latent class model,1.5,6864.676915142109,6891.748996846305,27.072081704196535,False,True,0.49201438079207166
341,Biologically constrained latent SCM,1.5,6851.97967445674,6878.234407763874,26.254733307133392,False,True,0.47116927206066256
342,Associative latent class model,1.5,7979.663727558694,7709.5117475842235,-270.1519799744701,True,True,0.3535243505666398
342,Renal-adjusted associative latent class model,1.5,6730.948061700221,6757.027654355571,26.079592655350098,False,True,0.49794645843905166
342,Biologically constrained latent SCM,1.5,6718.883136243543,6743.705059590425,24.821923346881704,False,True,0.49440746576202593
343,Associative latent class model,1.5,8129.73899204725,7825.677851434985,-304.06114061226435,True,True,0.3135866301035298
343,Renal-adjusted associative latent class model,1.5,6838.043356184893,6868.81724661364,30.77389042874711,False,True,0.467448526426447
343,Biologically constrained latent SCM,1.5,6825.433684957594,6856.325324545416,30.891639587822283,False,True,0.3867074296986506
344,Associative latent class model,1.5,8113.136751428307,7814.4905847227155,-298.6461667055919,True,True,0.30168596612251153
344,Renal-adjusted associative latent class model,1.5,6815.85934582775,6846.268595798096,30.409249970345627,False,True,0.4982819912623712
344,Biologically constrained latent SCM,1.5,6808.848572132311,6835.51795675518,26.669384622869075,False,True,0.3852439479098125
345,Associative latent class model,1.5,8105.326421146715,7826.649720069471,-278.6767010772437,True,True,0.33575703196720785
345,Renal-adjusted associative latent class model,1.5,6836.909751132583,6857.677707956378,20.76795682379543,False,True,0.44379136203273845
345,Biologically constrained latent SCM,1.5,6824.291628209958,6844.979923941919,20.68829573196126,False,True,0.4425253996575783
346,Associative latent class model,1.5,8207.820216463042,7912.4667348953135,-295.3534815677285,True,True,0.30281414831238324
346,Renal-adjusted associative latent class model,1.5,6917.675473361056,6948.023025155493,30.347551794437095,False,True,0.4060081214836383
346,Biologically constrained latent SCM,1.5,6906.332044852478,6936.203062623168,29.871017770689832,False,True,0.3938996582271717
347,Associative latent class model,1.5,8178.885040541329,7915.963431387796,-262.9216091535327,True,True,0.2739445492928392
347,Renal-adjusted associative latent class model,1.5,6957.989172591682,6990.988721297614,32.999548705931375,False,True,0.49903827703860965
347,Biologically constrained latent SCM,1.5,6947.208613318345,6978.158388338467,30.949775020122615,False,True,0.3836039128467752
348,Associative latent class model,1.5,8047.05426119074,7738.832746533615,-308.2215146571252,True,True,0.3044929379922116
348,Renal-adjusted associative latent class model,1.5,6725.186923205201,6737.241546800795,12.054623595593512,False,True,0.3628681960034562
348,Biologically constrained latent SCM,1.5,6712.970547773568,6724.892558859094,11.92201108552581,False,True,0.3637791370748213
349,Associative latent class model,1.5,8061.9426900046155,7778.524764681455,-283.4179253231605,True,True,0.26966720245135223
349,Renal-adjusted associative latent class model,1.5,6814.001096919045,6845.067772219758,31.06667530071263,False,True,0.44432082514723376
349,Biologically constrained latent SCM,1.5,6803.975877976526,6831.356269448537,27.38039147201107,False,True,0.36431467688757985
350,Associative latent class model,1.5,8193.42810621116,7895.6174464288215,-297.8106597823389,True,True,0.3134165928996573
350,Renal-adjusted associative latent class model,1.5,6870.948706602812,6891.021935654715,20.073229051902672,False,True,0.4915042050218314
350,Biologically constrained latent SCM,1.5,6859.9593469393385,6880.453725444698,20.494378505359236,False,True,0.49069597402796605
351,Associative latent class model,1.5,8162.336120239211,7846.591557468257,-315.74456277095396,True,True,0.3280276463411516
351,Renal-adjusted associative latent class model,1.5,6854.4334864029315,6877.952357144615,23.518870741683713,False,True,0.44376146748928413
351,Biologically constrained latent SCM,1.5,6841.374463088878,6870.950668978694,29.576205889816265,False,True,0.4955502875372602
352,Associative latent class model,1.5,8189.828805741462,7922.207969654809,-267.62083608665307,True,True,0.30178157004413064
352,Renal-adjusted associative latent class model,1.5,6933.552205117138,6963.5615236072035,30.009318490065198,False,True,0.49987688316435647
352,Biologically constrained latent SCM,1.5,6922.249551259932,6952.278757275505,30.029206015573436,False,True,0.38888361114106984
353,Associative latent class model,1.5,8228.403265338473,7930.9998785533935,-297.4033867850794,True,True,0.28800551243238537
353,Renal-adjusted associative latent class model,1.5,6939.181184700618,6961.232262874954,22.051078174336,False,True,0.49665781653807173
353,Biologically constrained latent SCM,1.5,6927.44336126182,6954.137208149306,26.69384688748596,False,True,0.456828506126826
354,Associative latent class model,1.5,8104.111766349698,7873.041853136956,-231.069913212742,True,True,0.3038735873670841
354,Renal-adjusted associative latent class model,1.5,6878.566955766868,6906.930199797385,28.363244030517308,False,True,0.25254429536660644
354,Biologically constrained latent SCM,1.5,6865.718669743714,6893.790301901029,28.071632157315435,False,True,0.24808738383730847
355,Associative latent class model,1.5,8302.421683827515,7995.124521802599,-307.29716202491636,True,True,0.3184294831169627
355,Renal-adjusted associative latent class model,1.5,6992.628185686201,7023.73274685105,31.104561164849656,False,True,0.46238455658236044
355,Biologically constrained latent SCM,1.5,6980.396331088948,7010.342120223055,29.945789134107144,False,True,0.49413364776740293
356,Associative latent class model,1.5,8121.545730967872,7854.483552034779,-267.0621789330935,True,True,0.33022373653555903
356,Renal-adjusted associative latent class model,1.5,6877.068451514528,6900.511867782183,23.443416267655266,False,True,0.34043967359914395
356,Biologically constrained latent SCM,1.5,6865.900108581903,6888.7771853415215,22.87707675961883,False,True,0.45302672182474557
357,Associative latent class model,1.5,8140.243772141513,7829.86404570334,-310.37972643817284,True,True,0.30501118377180536
357,Renal-adjusted associative latent class model,1.5,6829.102064050243,6857.922064821463,28.820000771220293,False,True,0.47769192262600946
357,Biologically constrained latent SCM,1.5,6816.822421070051,6845.992654208572,29.170233138521326,False,True,0.24935589397395977
358,Associative latent class model,1.5,8080.7667267393035,7809.470688370256,-271.2960383690479,True,True,0.29111411184232533
358,Renal-adjusted associative latent class model,1.5,6831.519099373307,6855.023825693826,23.504726320519694,False,True,0.4687848128005177
358,Biologically constrained latent SCM,1.5,6820.774144036805,6848.387939986441,27.61379594963546,False,True,0.3799461461883751
359,Associative latent class model,1.5,8161.612235954915,7868.860704609254,-292.75153134566153,True,True,0.3090521021366348
359,Renal-adjusted associative latent class model,1.5,6871.980613716505,6896.988306875625,25.00769315912021,False,True,0.4861091496247324
359,Biologically constrained latent SCM,1.5,6860.293328942428,6886.10021283854,25.806883896111685,False,True,0.49067135561784025
360,Associative latent class model,1.5,8209.383330581808,7924.839655620552,-284.54367496125633,True,True,0.34458998274035835
360,Renal-adjusted associative latent class model,1.5,6883.519253861435,6899.8182981814025,16.299044319967834,False,True,0.4148507359611213
360,Biologically constrained latent SCM,1.5,6870.575403536494,6893.178621549145,22.60321801265036,False,True,0.1583632014271533
361,Associative latent class model,1.5,8169.2529990320145,7845.364315453777,-323.88868357823776,True,True,0.27312013552708825
361,Renal-adjusted associative latent class model,1.5,6875.913985206498,6903.1619212182095,27.247936011711317,False,True,0.4939647611956529
361,Biologically constrained latent SCM,1.5,6868.620027291902,6895.570642344589,26.95061505268677,False,True,0.4900939030082549
362,Associative latent class model,1.5,8149.951535570509,7904.024050532015,-245.92748503849361,True,True,0.3088080266100273
362,Renal-adjusted associative latent class model,1.5,6891.6126815351545,6913.039521604216,21.426840069061655,False,True,0.458082070069773
362,Biologically constrained latent SCM,1.5,6879.909294712926,6905.829122027255,25.919827314329268,False,True,0.36954480124098593
363,Associative latent class model,1.5,8116.778241343927,7784.18402233144,-332.594219012487,True,True,0.3178572920536908
363,Renal-adjusted associative latent class model,1.5,6765.31149989179,6791.466945967693,26.155446075903455,False,True,0.4410758189426478
363,Biologically constrained latent SCM,1.5,6752.9045894817245,6779.135783369938,26.231193888213056,False,True,0.3857079558441954
364,Associative latent class model,1.5,8063.776228386403,7802.353777651121,-261.4224507352819,True,True,0.320728139188341
364,Renal-adjusted associative latent class model,1.5,6801.669816231066,6830.80229060633,29.132474375263882,False,True,0.4141240541803905
364,Biologically constrained latent SCM,1.5,6789.034063531662,6817.803330933222,28.769267401560683,False,True,0.4526544297021647
365,Associative latent class model,1.5,8157.802514370268,7879.546608896065,-278.25590547420325,True,True,0.3024402555194537
365,Renal-adjusted associative latent class model,1.5,6871.831165451728,6900.047660231145,28.21649477941628,False,True,0.3822130967026052
365,Biologically constrained latent SCM,1.5,6859.741261624014,6889.350316113085,29.60905448907033,False,True,0.4652777884831724
366,Associative latent class model,1.5,8192.149971998646,7951.044993061274,-241.10497893737192,True,True,0.31189069086726157
366,Renal-adjusted associative latent class model,1.5,6956.111180407769,6983.83938388042,27.72820347265133,False,True,0.31538758159737235
366,Biologically constrained latent SCM,1.5,6942.976173021515,6970.736090459973,27.759917438457705,False,True,0.3162628429038768
367,Associative latent class model,1.5,8060.636573118563,7766.564138777891,-294.07243434067277,True,True,0.3092837904747935
367,Renal-adjusted associative latent class model,1.5,6832.359795678334,6858.844893086825,26.48509740849113,False,True,0.29215084981494166
367,Biologically constrained latent SCM,1.5,6834.194491367396,6845.973131103676,11.778639736279729,False,True,0.4646996805766202
368,Associative latent class model,1.5,8209.436644093463,7981.884463563481,-227.55218052998134,True,True,0.30568799117595447
368,Renal-adjusted associative latent class model,1.5,7025.7167678729365,7045.633970533396,19.917202660459225,False,True,0.37797126198025394
368,Biologically constrained latent SCM,1.5,7016.083777635384,7034.91589907907,18.832121443686447,False,True,0.38661402142282086
369,Associative latent class model,1.5,8142.527784948,7864.564749741878,-277.9630352061222,True,True,0.3056307174076523
369,Renal-adjusted associative latent class model,1.5,6849.157120927921,6870.713441987662,21.556321059741094,False,True,0.11060820738866677
369,Biologically constrained latent SCM,1.5,6838.261422842695,6858.671976114259,20.410553271564822,False,True,0.11378283570431069
370,Associative latent class model,1.5,8169.786308580164,7901.520854124023,-268.265454456141,True,True,0.31827104158466457
370,Renal-adjusted associative latent class model,1.5,6879.5014790611385,6900.689148500334,21.187669439195815,False,True,0.3112990470849927
370,Biologically constrained latent SCM,1.5,6866.90525315296,6892.489653730194,25.58440057723419,False,True,0.38069289073649826
371,Associative latent class model,1.5,8204.648872132448,7898.50201039415,-306.14686173829796,True,True,0.3359495281196149
371,Renal-adjusted associative latent class model,1.5,6859.954474675744,6887.172360182298,27.217885506554012,False,True,0.4862777156633269
371,Biologically constrained latent SCM,1.5,6848.143786919971,6874.167376253712,26.023589333741256,False,True,0.4881659107909234
372,Associative latent class model,1.5,8251.042483356649,7988.556791553239,-262.4856918034093,True,True,0.3076791281833897
372,Renal-adjusted associative latent class model,1.5,6990.489254600452,7019.07997361546,28.59071901500829,False,True,0.1727389078041233
372,Biologically constrained latent SCM,1.5,6977.856029197358,7010.348662262634,32.492633065276095,False,True,0.36905904304844583
373,Associative latent class model,1.5,8092.888738801676,7811.924076543593,-280.96466225808217,True,True,0.3517851934193436
373,Renal-adjusted associative latent class model,1.5,6794.390132647189,6814.531578696153,20.1414460489641,False,True,0.30720730433542787
373,Biologically constrained latent SCM,1.5,6782.73736962694,6805.876472762003,23.139103135063124,False,True,0.29981680884816375
374,Associative latent class model,1.5,8107.118489133149,7840.450625341229,-266.66786379191944,True,True,0.332162994010362
374,Renal-adjusted associative latent class model,1.5,6816.914788246583,6849.144452532868,32.22966428628479,False,True,0.49434702565387556
374,Biologically constrained latent SCM,1.5,6807.043229381285,6836.131266990195,29.08803760891078,False,True,0.494746862784866
375,Associative latent class model,1.5,8164.663631028711,7873.998512353564,-290.6651186751469,True,True,0.29389072579977354
375,Renal-adjusted associative latent class model,1.5,6888.7199484377725,6915.996502772577,27.276554334804132,False,True,0.40813146757738716
375,Biologically constrained latent SCM,1.5,6875.750423143999,6903.534100500448,27.783677356449516,False,True,0.4859467087207896
376,Associative latent class model,1.5,8079.367296001391,7829.664838176279,-249.7024578251121,True,True,0.343368227210651
376,Renal-adjusted associative latent class model,1.5,6806.023595555665,6828.412079983788,22.388484428122865,False,True,0.4823595265184944
376,Biologically constrained latent SCM,1.5,6799.427264838432,6821.552324288927,22.12505945049452,False,True,0.4602790702223446
377,Associative latent class model,1.5,8167.75792059717,7877.235761196794,-290.52215940037604,True,True,0.3342515416800723
377,Renal-adjusted associative latent class model,1.5,6849.372016566065,6880.605989595446,31.23397302938065,False,True,0.4951357962301165
377,Biologically constrained latent SCM,1.5,6837.319077298278,6867.262504698899,29.94342740062075,False,True,0.3655570134486249
378,Associative latent class model,1.5,8166.785689198518,7938.069559871536,-228.7161293269828,True,True,0.2879388895556822
378,Renal-adjusted associative latent class model,1.5,6973.320514680581,6998.7748934139945,25.45437873341325,False,True,0.43971649119666945
378,Biologically constrained latent SCM,1.5,6961.520316535344,6990.003572771033,28.483256235688714,False,True,0.47823238117011413
379,Associative latent class model,1.5,8162.705409878232,7832.872198458965,-329.8332114192672,True,True,0.3076324645531702
379,Renal-adjusted associative latent class model,1.5,6831.428443664583,6851.284547809558,19.85610414497478,False,True,0.293343160178705
379,Biologically constrained latent SCM,1.5,6822.729743207597,6841.701382407955,18.971639200358368,False,True,0.4524733846003734
380,Associative latent class model,1.5,8190.197019116886,7893.860077351753,-296.3369417651329,True,True,0.2861828311794703
380,Renal-adjusted associative latent class model,1.5,6921.235284134413,6950.862132179618,29.626848045205406,False,True,0.4501440164015309
380,Biologically constrained latent SCM,1.5,6910.027822852956,6939.980787896307,29.95296504335147,False,True,0.38489735225132876
381,Associative latent class model,1.5,8073.309724402769,7814.319778949965,-258.9899454528031,True,True,0.33428030978006484
381,Renal-adjusted associative latent class model,1.5,6818.975535198886,6847.801498887096,28.825963688210322,False,True,0.46244580465619234
381,Biologically constrained latent SCM,1.5,6812.522322036276,6836.603823393317,24.081501357040906,False,True,0.3662429673552748
382,Associative latent class model,1.5,8230.554756083327,7922.494482779073,-308.0602733042542,True,True,0.3304605185043623
382,Renal-adjusted associative latent class model,1.5,6880.923071845289,6906.431389740732,25.508317895442815,False,True,0.3378653921322376
382,Biologically constrained latent SCM,1.5,6870.483495350919,6897.98895745786,27.505462106941195,False,True,0.47695041320672926
383,Associative latent class model,1.5,8138.893418168737,7883.091684182702,-255.8017339860353,True,True,0.289892523102378
383,Renal-adjusted associative latent class model,1.5,6893.350365129112,6925.099366897272,31.74900176816027,False,True,0.45364929399431764
383,Biologically constrained latent SCM,1.5,6879.997276396901,6911.92953522773,31.932258830829596,False,True,0.45566913125732994
384,Associative latent class model,1.5,8100.86799955828,7832.609035837995,-268.25896372028456,True,True,0.2694195869958815
384,Renal-adjusted associative latent class model,1.5,6873.378450571028,6898.712830759576,25.334380188547584,False,True,0.43679095299655174
384,Biologically constrained latent SCM,1.5,6868.583248829614,6887.738466968827,19.155218139213503,False,True,0.3970913381383007
385,Associative latent class model,1.5,8190.95465239189,7934.998778432604,-255.95587395928578,True,True,0.2747610551388835
385,Renal-adjusted associative latent class model,1.5,6978.828452840345,7000.9477774099505,22.11932456960585,False,True,0.46764677028262275
385,Biologically constrained latent SCM,1.5,6966.389320485144,6992.7636636399375,26.374343154793678,False,True,0.496717393857516
386,Associative latent class model,1.5,8210.69366267875,7942.564092949844,-268.12956972890606,True,True,0.2869377723927738
386,Renal-adjusted associative latent class model,1.5,6962.395467402945,6994.6492715637005,32.25380416075586,False,True,0.4816723822785345
386,Biologically constrained latent SCM,1.5,6959.960129408249,6981.294932953624,21.334803545375507,False,True,0.45697160268227754
387,Associative latent class model,1.5,8141.405165469537,7857.899409163662,-283.50575630587446,True,True,0.3130623767552853
387,Renal-adjusted associative latent class model,1.5,6836.734270472842,6864.845549045235,28.11127857239353,False,True,0.42103694848338846
387,Biologically constrained latent SCM,1.5,6825.999419575627,6854.716661972123,28.71724239649575,False,True,0.45717582562502473
388,Associative latent class model,1.5,8071.105266542104,7766.504295677875,-304.60097086422866,True,True,0.28983344681513734
388,Renal-adjusted associative latent class model,1.5,6805.205681376077,6833.371896576284,28.166215200206352,False,True,0.4696821452923882
388,Biologically constrained latent SCM,1.5,6796.224265820153,6822.543451879144,26.319186058991363,False,True,0.4640088512979905
389,Associative latent class model,1.5,8186.351775250419,7891.331612633216,-295.0201626172038,True,True,0.3071633587948762
389,Renal-adjusted associative latent class model,1.5,6888.968039114461,6918.456087937549,29.48804882308741,False,True,0.4104021408948324
389,Biologically constrained latent SCM,1.5,6880.431636660435,6907.317389145409,26.885752484973636,False,True,0.3661142828112191
390,Associative latent class model,1.5,8081.300856090836,7798.12760039797,-283.1732556928655,True,True,0.3078363901491754
390,Renal-adjusted associative latent class model,1.5,6788.112693605979,6808.005479281284,19.892785675305277,False,True,0.29919446561332635
390,Biologically constrained latent SCM,1.5,6781.87528381135,6798.370341192314,16.49505738096468,False,True,0.3252297152283869
391,Associative latent class model,1.5,8070.728917260022,7810.6984840497325,-260.03043321028963,True,True,0.27261224565657083
391,Renal-adjusted associative latent class model,1.5,6815.970346859514,6846.967957607149,30.997610747635008,False,True,0.48229118758717904
391,Biologically constrained latent SCM,1.5,6803.419228958326,6832.712879726549,29.293650768222506,False,True,0.34736079883091747
392,Associative latent class model,1.5,8120.077247531219,7818.937697775008,-301.1395497562107,True,True,0.3538671717430002
392,Renal-adjusted associative latent class model,1.5,6774.485140719513,6801.928124554667,27.442983835154337,False,True,0.45763081549830587
392,Biologically constrained latent SCM,1.5,6761.1194009641995,6788.863621072425,27.744220108225818,False,True,0.4598500776669083
393,Associative latent class model,1.5,8140.366980398618,7910.711653570905,-229.655326827713,True,True,0.3647408968576654
393,Renal-adjusted associative latent class model,1.5,6865.050826012517,6893.46123953813,28.410413525612967,False,True,0.2625323310085341
393,Biologically constrained latent SCM,1.5,6853.962042593069,6881.082717361905,27.12067476883658,False,True,0.298956452473421
394,Associative latent class model,1.5,8117.069095822239,7810.846780310054,-306.22231551218556,True,True,0.3396232702527936
394,Renal-adjusted associative latent class model,1.5,6777.014097469593,6809.099346618916,32.08524914932241,False,True,0.46657643381063596
394,Biologically constrained latent SCM,1.5,6769.151101751829,6796.259375654281,27.10827390245231,False,True,0.37005839490916514
395,Associative latent class model,1.5,8256.88497416734,7946.263194543187,-310.62177962415353,True,True,0.32005674191857636
395,Renal-adjusted associative latent class model,1.5,6924.356124917519,6953.921342291471,29.565217373951782,False,True,0.40598503366518907
395,Biologically constrained latent SCM,1.5,6915.884800077939,6941.556626654031,25.671826576091917,False,True,0.35568314926788197
396,Associative latent class model,1.5,8220.908140068379,7943.575637744869,-277.3325023235102,True,True,0.349401799485869
396,Renal-adjusted associative latent class model,1.5,6891.009509083752,6915.662255041755,24.652745958002924,False,True,0.4188613702599848
396,Biologically constrained latent SCM,1.5,6884.163377113629,6900.409583527207,16.246206413577966,False,True,0.4971512911962912
397,Associative latent class model,1.5,8128.594760875776,7881.462418072299,-247.1323428034766,True,True,0.2916918449773212
397,Renal-adjusted associative latent class model,1.5,6896.589392888064,6921.562295578938,24.972902690873525,False,True,0.40677527756330306
397,Biologically constrained latent SCM,1.5,6883.511747402482,6913.5615800036,30.049832601118396,False,True,0.4684013113731402
398,Associative latent class model,1.5,8118.011166362276,7879.645417246322,-238.3657491159538,True,True,0.31630204918617133
398,Renal-adjusted associative latent class model,1.5,6916.457434792371,6938.549378659208,22.091943866837028,False,True,0.2969788517113328
398,Biologically constrained latent SCM,1.5,6905.244134481591,6927.0309557639885,21.786821282397796,False,True,0.31356575608018683
399,Associative latent class model,1.5,8002.587241687244,7724.529217821297,-278.0580238659477,True,True,0.30857698394867195
399,Renal-adjusted associative latent class model,1.5,6723.605734413057,6752.456356289674,28.85062187661697,False,True,0.45835708489056143
399,Biologically constrained latent SCM,1.5,6713.395374924958,6741.318566241958,27.9231913170006,False,True,0.4805970176639755
400,Associative latent class model,1.5,8239.690222582336,7942.699014524209,-296.9912080581271,True,True,0.3028720750234121
400,Renal-adjusted associative latent class model,1.5,6950.653696532307,6980.9355877588205,30.281891226513835,False,True,0.4000670511011551
400,Biologically constrained latent SCM,1.5,6937.589655982173,6967.79677398267,30.20711800049685,False,True,0.4012882343633569
401,Associative latent class model,1.5,8036.864414854168,7802.993584738981,-233.87083011518735,True,True,0.30795297931908266
401,Renal-adjusted associative latent class model,1.5,6793.915554576646,6824.191092771847,30.27553819520108,False,True,0.4887619669153498
401,Biologically constrained latent SCM,1.5,6781.99168997094,6809.142653986843,27.1509640159029,False,True,0.4435584226961843
402,Associative latent class model,1.5,8081.21769713438,7822.877789234668,-258.33990789971176,True,True,0.3049284917969629
402,Renal-adjusted associative latent class model,1.5,6842.92589806998,6869.697245418992,26.771347349012103,False,True,0.49671523537821294
402,Biologically constrained latent SCM,1.5,6830.803901972637,6860.300914787187,29.497012814550544,False,True,0.37737621997578247
403,Associative latent class model,1.5,8106.635121904181,7833.95122814402,-272.6838937601606,True,True,0.30701690185617814
403,Renal-adjusted associative latent class model,1.5,6836.322018667834,6859.128246074961,22.806227407127153,False,True,0.46424359089197137
403,Biologically constrained latent SCM,1.5,6823.540428338059,6842.625823498414,19.085395160354892,False,True,0.1752659168169953
404,Associative latent class model,1.5,8157.19086100083,7900.538877979671,-256.65198302115914,True,True,0.2750863140749433
404,Renal-adjusted associative latent class model,1.5,6952.283076896254,6983.865273552836,31.5821966565818,False,True,0.49072777606237616
404,Biologically constrained latent SCM,1.5,6940.415890842428,6968.326720552122,27.910829709694553,False,True,0.43382422602185255
405,Associative latent class model,1.5,8184.932923609276,7896.258113833252,-288.67480977602463,True,True,0.3230309683704492
405,Renal-adjusted associative latent class model,1.5,6871.543137470839,6898.350482394921,26.807344924081917,False,True,0.4420345296190947
405,Biologically constrained latent SCM,1.5,6860.98375836695,6887.87811977761,26.894361410660167,False,True,0.4626659219584731
406,Associative latent class model,1.5,8308.187562453078,7972.513756816839,-335.6738056362392,True,True,0.33051017102793834
406,Renal-adjusted associative latent class model,1.5,6941.856904040236,6965.427569050136,23.57066500990004,False,True,0.4253762126266939
406,Biologically constrained latent SCM,1.5,6928.757099858721,6960.532327102869,31.775227244148482,False,True,0.4935199669228828
407,Associative latent class model,1.5,8238.875290938293,7957.828585167271,-281.04670577102206,True,True,0.3561664722858232
407,Renal-adjusted associative latent class model,1.5,6916.121796211423,6944.6600540171685,28.53825780574516,False,True,0.3977783291484995
407,Biologically constrained latent SCM,1.5,6903.9067943630025,6931.743909240701,27.837114877698696,False,True,0.3513858979184644
408,Associative latent class model,1.5,8070.699426708227,7767.737944580719,-302.96148212750813,True,True,0.28258387543317803
408,Renal-adjusted associative latent class model,1.5,6768.737660028866,6791.939945090791,23.202285061925068,False,True,0.48020513913845525
408,Biologically constrained latent SCM,1.5,6756.554130017178,6778.9693561167915,22.415226099613392,False,True,0.47901004618925813
409,Associative latent class model,1.5,8271.227647006112,7978.768335333917,-292.4593116721944,True,True,0.30831359485411136
409,Renal-adjusted associative latent class model,1.5,6958.326010814254,6973.051402502322,14.725391688068157,False,True,0.41374276184728975
409,Biologically constrained latent SCM,1.5,6947.482903352086,6961.844002197585,14.361098845498418,False,True,0.40907540101551476
410,Associative latent class model,1.5,8128.825362904438,7831.546153018711,-297.27920988572714,True,True,0.3455834382635367
410,Renal-adjusted associative latent class model,1.5,6820.753277694218,6841.227090154705,20.473812460487352,False,True,0.41375406570059253
410,Biologically constrained latent SCM,1.5,6813.053925833482,6828.060490927288,15.006565093805875,False,True,0.4140139146619488
411,Associative latent class model,1.5,8170.668318746771,7901.100292041437,-269.568026705334,True,True,0.30529865179540416
411,Renal-adjusted associative latent class model,1.5,6916.195761822947,6945.3824964627975,29.18673463985033,False,True,0.30988218871457013
411,Biologically constrained latent SCM,1.5,6908.601383377189,6930.881050791673,22.27966741448381,False,True,0.44972165326113583
412,Associative latent class model,1.5,8309.540936334934,8038.551329811868,-270.98960652306596,True,True,0.3228016165969948
412,Renal-adjusted associative latent class model,1.5,7027.68817445914,7048.927485736699,21.239311277558954,False,True,0.44700384103347296
412,Biologically constrained latent SCM,1.5,7019.125141628724,7037.3901934016085,18.265051772884362,False,True,0.35831788058364256
413,Associative latent class model,1.5,8094.750146731399,7805.871560304602,-288.8785864267966,True,True,0.337325648206384
413,Renal-adjusted associative latent class model,1.5,6818.1712880850355,6846.187561626782,28.01627354174616,False,True,0.4027153693141548
413,Biologically constrained latent SCM,1.5,6807.636563683686,6833.513152868101,25.876589184415025,False,True,0.2262751947743057
414,Associative latent class model,1.5,8145.635991482689,7916.742182914035,-228.8938085686541,True,True,0.2805010298737273
414,Renal-adjusted associative latent class model,1.5,6937.907328126703,6963.948079638278,26.040751511574854,False,True,0.44015355588554333
414,Biologically constrained latent SCM,1.5,6926.852805018182,6955.652479050835,28.799674032652547,False,True,0.4787611876454686
415,Associative latent class model,1.5,8152.768131888476,7875.179776274455,-277.58835561402066,True,True,0.33714496706667363
415,Renal-adjusted associative latent class model,1.5,6862.215261227533,6888.656456789177,26.441195561644236,False,True,0.4428611717290096
415,Biologically constrained latent SCM,1.5,6849.836169749699,6874.88518025675,25.049010507050298,False,True,0.32253608209963475
416,Associative latent class model,1.5,8187.262223081168,7947.281254585279,-239.9809684958882,True,True,0.28644227716651033
416,Renal-adjusted associative latent class model,1.5,6954.326031514904,6966.849201307215,12.52316979231091,False,True,0.3076234338107005
416,Biologically constrained latent SCM,1.5,6942.221106877297,6960.384222082903,18.16311520560612,False,True,0.36619145837602646
417,Associative latent class model,1.5,8022.963392540472,7760.7216676608,-262.2417248796719,True,True,0.295355849917741
417,Renal-adjusted associative latent class model,1.5,6782.9078502823995,6812.23916827223,29.331317989830495,False,True,0.4354502370418074
417,Biologically constrained latent SCM,1.5,6770.9249735227495,6803.003137122378,32.07816359962817,False,True,0.3764378947656066
418,Associative latent class model,1.5,8118.676151262662,7847.41144667076,-271.26470459190205,True,True,0.30714337285616133
418,Renal-adjusted associative latent class model,1.5,6902.571489695496,6929.28084599425,26.709356298753846,False,True,0.4709358480377719
418,Biologically constrained latent SCM,1.5,6891.036813670719,6919.017287431436,27.98047376071645,False,True,0.35674605271434656
419,Associative latent class model,1.5,8061.420463946445,7824.44141808227,-236.97904586417553,True,True,0.3116398761372887
419,Renal-adjusted associative latent class model,1.5,6853.753949457997,6879.267014139271,25.513064681274045,False,True,0.3654339032991706
419,Biologically constrained latent SCM,1.5,6842.106775087647,6866.506752061302,24.399976973654702,False,True,0.3830353017653822
420,Associative latent class model,1.5,8249.175995257587,8000.0047158624875,-249.1712793950992,True,True,0.31703150313862344
420,Renal-adjusted associative latent class model,1.5,6983.2874947503915,7014.968219615512,31.680724865120283,False,True,0.48105894905918506
420,Biologically constrained latent SCM,1.5,6972.49789293989,7001.810795682307,29.312902742416554,False,True,0.3678996354878437
421,Associative latent class model,1.5,8255.80161872159,8009.795568984693,-246.0060497368977,True,True,0.3129624286678732
421,Renal-adjusted associative latent class model,1.5,6995.980363309429,7011.780444723683,15.800081414254237,False,True,0.39128642592616053
421,Biologically constrained latent SCM,1.5,6983.753537021519,6997.731638830477,13.978101808957945,False,True,0.09013372541593288
422,Associative latent class model,1.5,8090.515347467563,7828.263224788632,-262.2521226789304,True,True,0.2826047024868226
422,Renal-adjusted associative latent class model,1.5,6861.315999055258,6888.1417327276,26.82573367234272,False,True,0.3108907478543108
422,Biologically constrained latent SCM,1.5,6852.041188245067,6880.069786586113,28.028598341045836,False,True,0.4833104152990992
423,Associative latent class model,1.5,8065.702783135969,7818.165557427699,-247.53722570826994,True,True,0.32060900035993734
423,Renal-adjusted associative latent class model,1.5,6810.863711564681,6836.25719649881,25.393484934129447,False,True,0.30126457593320405
423,Biologically constrained latent SCM,1.5,6800.736381943772,6829.727282123868,28.990900180095196,False,True,0.4882425238374384
424,Associative latent class model,1.5,8148.707132566066,7864.143411951054,-284.56372061501224,True,True,0.33780253826495427
424,Renal-adjusted associative latent class model,1.5,6877.083657613759,6897.864798338401,20.781140724641773,False,True,0.4308311564889377
424,Biologically constrained latent SCM,1.5,6863.8247074876535,6890.101297114585,26.276589626931127,False,True,0.4871622708805758
425,Associative latent class model,1.5,8105.010952920153,7827.286369327333,-277.7245835928197,True,True,0.31479207184485786
425,Renal-adjusted associative latent class model,1.5,6823.383307646335,6855.379150385146,31.995842738811007,False,True,0.4857644872019761
425,Biologically constrained latent SCM,1.5,6810.027883583542,6840.015330957589,29.987447374047406,False,True,0.49874755863133724
426,Associative latent class model,1.5,8007.641698458391,7676.102911590122,-331.5387868682692,True,True,0.2989918844727743
426,Renal-adjusted associative latent class model,1.5,6687.925899965065,6710.771505137904,22.845605172838987,False,True,0.3548586579710318
426,Biologically constrained latent SCM,1.5,6674.764736045997,6697.78635953743,23.021623491433274,False,True,0.3534294858681744
427,Associative latent class model,1.5,8122.480217787943,7801.163392457402,-321.3168253305412,True,True,0.30551006155444893
427,Renal-adjusted associative latent class model,1.5,6810.564840007559,6838.739542693336,28.174702685777447,False,True,0.46282300885878447
427,Biologically constrained latent SCM,1.5,6798.694492088779,6829.709600982476,31.01510889369729,False,True,0.4019439673118159
428,Associative latent class model,1.5,8080.5197243627335,7763.560922894119,-316.9588014686142,True,True,0.32328683245441403
428,Renal-adjusted associative latent class model,1.5,6753.099741640814,6776.091079951814,22.991338311000618,False,True,0.3948437576196808
428,Biologically constrained latent SCM,1.5,6742.756284605208,6765.084525841547,22.328241236338727,False,True,0.29783031139718474
429,Associative latent class model,1.5,8077.9140539600385,7801.172836450116,-276.74121750992254,True,True,0.31314798501411767
429,Renal-adjusted associative latent class model,1.5,6809.582204764551,6835.2430475419405,25.660842777389917,False,True,0.46604388278547726
429,Biologically constrained latent SCM,1.5,6798.76700629439,6821.801767403121,23.03476110873089,False,True,0.4553903561425108
430,Associative latent class model,1.5,8093.16374733054,7831.734510474573,-261.42923685596725,True,True,0.2748335724093655
430,Renal-adjusted associative latent class model,1.5,6878.601345243027,6905.086211265928,26.48486602290086,False,True,0.3224024419345979
430,Biologically constrained latent SCM,1.5,6868.194488885632,6894.8069018559545,26.61241297032211,False,True,0.4832306726550499
431,Associative latent class model,1.5,8119.304420816751,7781.188430265625,-338.11599055112583,True,True,0.28349455257595896
431,Renal-adjusted associative latent class model,1.5,6806.845913397686,6837.463327613111,30.617414215425015,False,True,0.4364212943383094
431,Biologically constrained latent SCM,1.5,6794.708030677048,6825.120169006057,30.412138329009395,False,True,0.4638046159895694
432,Associative latent class model,1.5,8141.343531240276,7822.718837750521,-318.6246934897554,True,True,0.31755481741759234
432,Renal-adjusted associative latent class model,1.5,6799.35592852077,6826.042803613993,26.686875093222625,False,True,0.3411712750757292
432,Biologically constrained latent SCM,1.5,6787.841875646666,6813.057123962123,25.215248315456847,False,True,0.3575736175414764
433,Associative latent class model,1.5,8161.916751582548,7902.028826069067,-259.8879255134816,True,True,0.2798487771246983
433,Renal-adjusted associative latent class model,1.5,6943.136180653288,6967.716769430148,24.580588776860168,False,True,0.41195562789973067
433,Biologically constrained latent SCM,1.5,6932.392157628426,6953.887425711588,21.495268083162046,False,True,0.11835060467627756
434,Associative latent class model,1.5,8202.387838138213,7921.892258726832,-280.4955794113812,True,True,0.36543346929128845
434,Renal-adjusted associative latent class model,1.5,6897.448638040176,6928.80677303936,31.358134999184585,False,True,0.4525855715761295
434,Biologically constrained latent SCM,1.5,6884.420229713389,6915.3513315344535,30.931101821064658,False,True,0.4195597579154745
435,Associative latent class model,1.5,8204.324126653899,7904.296319893512,-300.02780676038674,True,True,0.3095700030757836
435,Renal-adjusted associative latent class model,1.5,6919.903921473238,6944.485975159198,24.58205368595918,False,True,0.4457300683552711
435,Biologically constrained latent SCM,1.5,6906.7538507692525,6931.333455923304,24.579605154051933,False,True,0.44064196310625137
436,Associative latent class model,1.5,8148.142950176572,7891.3734982696005,-256.7694519069719,True,True,0.30412118381864145
436,Renal-adjusted associative latent class model,1.5,6890.624995116303,6915.977038185154,25.352043068851344,False,True,0.24330078783893166
436,Biologically constrained latent SCM,1.5,6878.183275830671,6903.6939833940505,25.510707563379583,False,True,0.2295262705351401
437,Associative latent class model,1.5,8234.63744503732,7957.563494862462,-277.0739501748585,True,True,0.3140243900932675
437,Renal-adjusted associative latent class model,1.5,6933.189578672804,6963.258311442645,30.068732769841517,False,True,0.37597703639941826
437,Biologically constrained latent SCM,1.5,6924.500431802889,6951.0817058030825,26.581274000193844,False,True,0.33763114374470055
438,Associative latent class model,1.5,8005.780944705976,7785.683405649224,-220.09753905675188,True,True,0.2783287434276824
438,Renal-adjusted associative latent class model,1.5,6784.313898954502,6809.719305225787,25.405406271284846,False,True,0.24668087872298028
438,Biologically constrained latent SCM,1.5,6772.115403934346,6796.456651247639,24.341247313292115,False,True,0.24750597397028712
439,Associative latent class model,1.5,8051.446931903286,7786.117611203665,-265.32932069962135,True,True,0.28382653667200086
439,Renal-adjusted associative latent class model,1.5,6810.8304569275015,6833.020118125814,22.189661198312933,False,True,0.20719471235342646
439,Biologically constrained latent SCM,1.5,6799.880527188909,6826.89175938567,27.01123219676174,False,True,0.4979943022277751
440,Associative latent class model,1.5,8239.354894725058,7915.142784884047,-324.2121098410116,True,True,0.3080874478809582
440,Renal-adjusted associative latent class model,1.5,6924.159626357261,6957.310467802232,33.150841444970865,False,True,0.48538709049866063
440,Biologically constrained latent SCM,1.5,6910.849202309892,6943.980887045701,33.13168473580936,False,True,0.4861625440189096
441,Associative latent class model,1.5,8287.843690921638,8053.084031652965,-234.7596592686732,True,True,0.33038337826400094
441,Renal-adjusted associative latent class model,1.5,7036.257255667175,7066.5566233567615,30.29936768958669,False,True,0.45746703220270574
441,Biologically constrained latent SCM,1.5,7024.664104648898,7054.6755209442945,30.011416295396884,False,True,0.37947536510930463
442,Associative latent class model,1.5,8212.056198407898,7939.198269531461,-272.85792887643674,True,True,0.2949657948783359
442,Renal-adjusted associative latent class model,1.5,6929.005585415807,6939.136404469583,10.130819053775667,False,True,0.45464452893204826
442,Biologically constrained latent SCM,1.5,6918.161762164069,6927.233307595989,9.07154543191973,False,True,0.46088012641754283
443,Associative latent class model,1.5,8111.148301645041,7833.764137440803,-277.384164204238,True,True,0.30420280984962544
443,Renal-adjusted associative latent class model,1.5,6823.246253919664,6844.1399441067015,20.893690187037464,False,True,0.4170488376712166
443,Biologically constrained latent SCM,1.5,6810.364735948962,6833.018662716716,22.653926767753546,False,True,0.38318101986923225
444,Associative latent class model,1.5,7947.251194256592,7636.375379781186,-310.8758144754056,True,True,0.3045825399557996
444,Renal-adjusted associative latent class model,1.5,6647.538474764267,6678.2177870837,30.67931231943294,False,True,0.3920234504601442
444,Biologically constrained latent SCM,1.5,6640.246049664948,6667.330712774283,27.084663109334542,False,True,0.37778464819759344
445,Associative latent class model,1.5,8165.698821578983,7888.552741691419,-277.14607988756416,True,True,0.29687882360664636
445,Renal-adjusted associative latent class model,1.5,6885.696004655213,6912.753407434151,27.057402778938012,False,True,0.29899815006242003
445,Biologically constrained latent SCM,1.5,6876.422521289661,6901.681855029457,25.259333739796602,False,True,0.2587967608810417
446,Associative latent class model,1.5,8168.574411104543,7878.190976315018,-290.3834347895254,True,True,0.35683848439832305
446,Renal-adjusted associative latent class model,1.5,6834.021949116488,6860.238374496486,26.216425379998327,False,True,0.38343191591236
446,Biologically constrained latent SCM,1.5,6821.236196547895,6849.334149573468,28.09795302557268,False,True,0.3714788376769122
447,Associative latent class model,1.5,8038.292712367806,7817.831525458978,-220.4611869088285,True,True,0.2640466958905475
447,Renal-adjusted associative latent class model,1.5,6873.32166560711,6899.555161964523,26.23349635741306,False,True,0.24569469017034648
447,Biologically constrained latent SCM,1.5,6863.957387985369,6889.74484697374,25.787458988371327,False,True,0.2724966605530465
448,Associative latent class model,1.5,8149.498742388751,7837.73867431906,-311.76006806969144,True,True,0.2994623613436687
448,Renal-adjusted associative latent class model,1.5,6841.788021139433,6868.676259279462,26.88823814002899,False,True,0.4542805267191328
448,Biologically constrained latent SCM,1.5,6830.202175198885,6857.445860575354,27.24368537646933,False,True,0.4525386496057607
449,Associative latent class model,1.5,8110.898376260291,7833.63355013894,-277.2648261213508,True,True,0.30891518599041395
449,Renal-adjusted associative latent class model,1.5,6836.958855004774,6864.871341204569,27.91248619979524,False,True,0.46292779386353616
449,Biologically constrained latent SCM,1.5,6825.946539015617,6853.796688268101,27.85014925248379,False,True,0.46899245001671347
450,Associative latent class model,1.5,8147.85613003081,7853.162179021771,-294.69395100903876,True,True,0.3065756950341752
450,Renal-adjusted associative latent class model,1.5,6853.41220836184,6884.145220799306,30.73301243746573,False,True,0.46808209397434797
450,Biologically constrained latent SCM,1.5,6841.229179623387,6870.576210188739,29.347030565352725,False,True,0.429376874274357
451,Associative latent class model,1.5,8213.993122808099,7919.350588038137,-294.64253476996146,True,True,0.3136376794737718
451,Renal-adjusted associative latent class model,1.5,6908.4141070674605,6939.685331014722,31.271223947261205,False,True,0.4574879926258044
451,Biologically constrained latent SCM,1.5,6895.047625618735,6924.069222443423,29.02159682468846,False,True,0.4081199577480063
452,Associative latent class model,1.5,8138.669035931048,7904.059848147073,-234.60918778397445,True,True,0.3251395780226518
452,Renal-adjusted associative latent class model,1.5,6932.811248751896,6954.7661050348415,21.95485628294591,False,True,0.40081069005517506
452,Biologically constrained latent SCM,1.5,6919.715470409476,6942.288498279666,22.573027870189435,False,True,0.3964980837905429
453,Associative latent class model,1.5,8146.034678805782,7866.554807963985,-279.4798708417975,True,True,0.2920022630775675
453,Renal-adjusted associative latent class model,1.5,6877.96740257929,6908.761410790307,30.79400821101717,False,True,0.4408259894647786
453,Biologically constrained latent SCM,1.5,6864.748775967372,6895.755363825348,31.00658785797532,False,True,0.4987326755538126
454,Associative latent class model,1.5,8179.919183736917,7891.656112542064,-288.2630711948532,True,True,0.3473994634412213
454,Renal-adjusted associative latent class model,1.5,6849.955569838473,6881.40373089111,31.44816105263726,False,True,0.495430619005551
454,Biologically constrained latent SCM,1.5,6839.316099835326,6867.867594191148,28.551494355821887,False,True,0.3856797477916454
455,Associative latent class model,1.5,8193.50918011615,7958.0572531331945,-235.45192698295614,True,True,0.2779497741316461
455,Renal-adjusted associative latent class model,1.5,6993.95848970999,7022.394338111498,28.435848401507428,False,True,0.4891970023465516
455,Biologically constrained latent SCM,1.5,6980.675451031902,7009.022869610844,28.34741857894187,False,True,0.4843121218227789
456,Associative latent class model,1.5,8105.351717766991,7856.507968731712,-248.84374903527896,True,True,0.28100636680602514
456,Renal-adjusted associative latent class model,1.5,6889.8515556528655,6921.609703969817,31.75814831695152,False,True,0.48468292289981885
456,Biologically constrained latent SCM,1.5,6877.761628135968,6905.369777982461,27.60814984649278,False,True,0.2940881816770228
457,Associative latent class model,1.5,8117.7046097615685,7854.388548398063,-263.31606136350547,True,True,0.2612229809024564
457,Renal-adjusted associative latent class model,1.5,6876.620995816483,6902.30860641395,25.687610597467028,False,True,0.4774406867399562
457,Biologically constrained latent SCM,1.5,6863.298261642275,6891.337840863539,28.03957922126392,False,True,0.47504078425033897
458,Associative latent class model,1.5,8104.909954047726,7794.130012245296,-310.7799418024306,True,True,0.283503015348529
458,Renal-adjusted associative latent class model,1.5,6830.965886826745,6863.645106370309,32.679219543563704,False,True,0.49163583588978155
458,Biologically constrained latent SCM,1.5,6820.520797863305,6848.888138030021,28.36734016671562,False,True,0.47430975111587614
459,Associative latent class model,1.5,8263.291339809337,7980.665597661462,-282.6257421478749,True,True,0.31423250165831484
459,Renal-adjusted associative latent class model,1.5,6973.932069788016,7003.25695208307,29.324882295054522,False,True,0.43906582187659277
459,Biologically constrained latent SCM,1.5,6960.859014354565,6990.100517164525,29.241502809959456,False,True,0.4404576382944475
460,Associative latent class model,1.5,8184.634137792597,7973.953346089531,-210.68079170306646,True,True,0.2971366200989303
460,Renal-adjusted associative latent class model,1.5,6974.82720157917,7000.658090424649,25.83088884547942,False,True,0.4113783187838294
460,Biologically constrained latent SCM,1.5,6962.356049492915,6988.049507178426,25.69345768551102,False,True,0.41062233008526067
461,Associative latent class model,1.5,8054.116279038581,7792.475215113753,-261.6410639248279,True,True,0.28207646058485575
461,Renal-adjusted associative latent class model,1.5,6821.36309028233,6852.272359292356,30.909269010026037,False,True,0.42302299722556647
461,Biologically constrained latent SCM,1.5,6809.1164633860435,6839.87934653559,30.762883149546724,False,True,0.4122917776996317
462,Associative latent class model,1.5,8059.56719053016,7826.897764632169,-232.66942589799055,True,True,0.3598012759705446
462,Renal-adjusted associative latent class model,1.5,6829.1230020078965,6858.686370951296,29.563368943399837,False,True,0.4930826598464532
462,Biologically constrained latent SCM,1.5,6815.794887013061,6845.331825386552,29.536938373490557,False,True,0.49344294815923406
463,Associative latent class model,1.5,8115.331726224525,7813.331949943593,-301.99977628093166,True,True,0.31007005093553386
463,Renal-adjusted associative latent class model,1.5,6825.097557990577,6857.482770913685,32.385212923108156,False,True,0.4946424744278042
463,Biologically constrained latent SCM,1.5,6813.987502076524,6844.4461260506905,30.458623974166585,False,True,0.4928031743434188
464,Associative latent class model,1.5,8129.086336938789,7840.746863243936,-288.33947369485304,True,True,0.2954331234214928
464,Renal-adjusted associative latent class model,1.5,6868.608109701731,6897.830075410415,29.221965708683456,False,True,0.49525705769475786
464,Biologically constrained latent SCM,1.5,6856.418223842115,6883.553099832453,27.134875990337605,False,True,0.41510182536493473
465,Associative latent class model,1.5,8048.736008814337,7800.610962470635,-248.1250463437018,True,True,0.3006367004540276
465,Renal-adjusted associative latent class model,1.5,6812.171960623459,6842.4563549931745,30.2843943697153,False,True,0.33603819153798936
465,Biologically constrained latent SCM,1.5,6799.4975289828635,6829.746130430531,30.24860144766717,False,True,0.3300022669897571
466,Associative latent class model,1.5,8003.141299261216,7707.546800457421,-295.5944988037945,True,True,0.2609442095907999
466,Renal-adjusted associative latent class model,1.5,6763.958138654279,6796.128710151711,32.17057149743232,False,True,0.4935398342752906
466,Biologically constrained latent SCM,1.5,6752.463043391924,6783.088044052927,30.62500066100347,False,True,0.47450136526460013
467,Associative latent class model,1.5,8013.429049790259,7717.459966648075,-295.969083142184,True,True,0.2865551012772621
467,Renal-adjusted associative latent class model,1.5,6735.95048115398,6753.303210067272,17.352728913291685,False,True,0.47618648358526067
467,Biologically constrained latent SCM,1.5,6723.925450847055,6742.356411407234,18.4309605601793,False,True,0.49000343935145646
468,Associative latent class model,1.5,8254.501726079197,8013.584050211651,-240.91767586754668,True,True,0.33350874902882766
468,Renal-adjusted associative latent class model,1.5,7016.967056121002,7033.773199797495,16.806143676492866,False,True,0.41844730447699147
468,Biologically constrained latent SCM,1.5,7004.602961339808,7021.286905280128,16.683943940320205,False,True,0.4195919076502929
469,Associative latent class model,1.5,8189.468683645326,7880.782717980331,-308.6859656649949,True,True,0.3030871945666891
469,Renal-adjusted associative latent class model,1.5,6875.105694748403,6904.9214768119355,29.815782063532424,False,True,0.41105596330302174
469,Biologically constrained latent SCM,1.5,6862.204965631251,6894.979945649786,32.774980018534734,False,True,0.4771600834781235
470,Associative latent class model,1.5,8080.350371818353,7829.684019680011,-250.6663521383416,True,True,0.27717389319394586
470,Renal-adjusted associative latent class model,1.5,6861.01307957301,6890.411972014395,29.398892441385215,False,True,0.39007069728878496
470,Biologically constrained latent SCM,1.5,6848.575644664734,6878.235264996356,29.659620331622136,False,True,0.4799356412525765
471,Associative latent class model,1.5,8080.311413585315,7836.251995456956,-244.05941812835863,True,True,0.27377544102289014
471,Renal-adjusted associative latent class model,1.5,6881.604311018904,6909.02685332174,27.42254230283652,False,True,0.46075982573631563
471,Biologically constrained latent SCM,1.5,6868.373620611063,6898.04951595119,29.67589534012677,False,True,0.4512386896521628
472,Associative latent class model,1.5,8221.018872228471,7979.88587313338,-241.13299909509078,True,True,0.30963259271651367
472,Renal-adjusted associative latent class model,1.5,6952.575021375767,6984.827042553474,32.25202117770641,False,True,0.46121590835546766
472,Biologically constrained latent SCM,1.5,6939.2500764254755,6971.570824292321,32.32074786684552,False,True,0.46633941402339424
473,Associative latent class model,1.5,8213.427170775061,7989.432948355886,-223.99422241917546,True,True,0.3360729103113896
473,Renal-adjusted associative latent class model,1.5,6964.678176116413,6990.92820178375,26.250025667337468,False,True,0.4219945147404431
473,Biologically constrained latent SCM,1.5,6952.14241075879,6978.725308869174,26.58289811038412,False,True,0.3395800782180753
474,Associative latent class model,1.5,8235.791603016694,7941.0794439498395,-294.71215906685484,True,True,0.32282685058459604
474,Renal-adjusted associative latent class model,1.5,6924.062667605241,6957.485726243581,33.42305863834008,False,True,0.35564400560769743
474,Biologically constrained latent SCM,1.5,6912.739346649118,6943.625569527543,30.886222878425542,False,True,0.36312135587676214
475,Associative latent class model,1.5,8198.008876584348,7909.643675627004,-288.3652009573443,True,True,0.318016315479776
475,Renal-adjusted associative latent class model,1.5,6882.103504680877,6911.477437277224,29.373932596347004,False,True,0.38863771309774436
475,Biologically constrained latent SCM,1.5,6869.712362053453,6896.204714592219,26.492352538765772,False,True,0.4819062995881497
476,Associative latent class model,1.5,8164.292554932271,7858.608737471013,-305.6838174612576,True,True,0.3041554677518109
476,Renal-adjusted associative latent class model,1.5,6862.867628578568,6882.145881867698,19.27825328913059,False,True,0.4020637456891465
476,Biologically constrained latent SCM,1.5,6849.913978340081,6869.934894511411,20.0209161713301,False,True,0.40278461833152013
477,Associative latent class model,1.5,8089.79864393986,7811.62008092371,-278.1785630161503,True,True,0.28599908809681873
477,Renal-adjusted associative latent class model,1.5,6823.797654669625,6846.290691842777,22.493037173151606,False,True,0.35380538183465604
477,Biologically constrained latent SCM,1.5,6811.983709642259,6833.840232401664,21.85652275940538,False,True,0.3372341950738222
478,Associative latent class model,1.5,8157.24755973065,7878.630001244482,-278.6175584861685,True,True,0.30983142195806024
478,Renal-adjusted associative latent class model,1.5,6901.543949532683,6926.354075648293,24.81012611560982,False,True,0.22870484092653767
478,Biologically constrained latent SCM,1.5,6888.252234403467,6914.553359195761,26.301124792294104,False,True,0.4992771426583698
479,Associative latent class model,1.5,8152.908537898451,7904.104698173327,-248.8038397251239,True,True,0.3013936755907301
479,Renal-adjusted associative latent class model,1.5,6923.09716026029,6956.427287458437,33.33012719814633,False,True,0.49875642151096833
479,Biologically constrained latent SCM,1.5,6910.219314353428,6943.179855136136,32.96054078270845,False,True,0.48047218225094535
480,Associative latent class model,1.5,8084.112750647293,7802.127474381993,-281.98527626529994,True,True,0.3508113924830853
480,Renal-adjusted associative latent class model,1.5,6786.55497829562,6809.389684179324,22.834705883704373,False,True,0.31583862048690436
480,Biologically constrained latent SCM,1.5,6775.692342356948,6804.393763514994,28.701421158046287,False,True,0.38406786910281826
481,Associative latent class model,1.5,8111.803504599639,7842.822937945268,-268.9805666543716,True,True,0.2863685231315662
481,Renal-adjusted associative latent class model,1.5,6859.720160672567,6892.529790493537,32.80962982097026,False,True,0.45163713743147993
481,Biologically constrained latent SCM,1.5,6847.383795135108,6879.637856978254,32.25406184314579,False,True,0.3756770453820401
482,Associative latent class model,1.5,8125.4233856343335,7792.30993855081,-333.11344708352317,True,True,0.2917534074942338
482,Renal-adjusted associative latent class model,1.5,6807.149988158539,6837.372147615206,30.222159456667214,False,True,0.3907817225393678
482,Biologically constrained latent SCM,1.5,6794.18653791112,6827.087756365756,32.901218454636364,False,True,0.4937637149887975
483,Associative latent class model,1.5,8024.6946036808395,7751.78584148864,-272.9087621921999,True,True,0.2705038387877305
483,Renal-adjusted associative latent class model,1.5,6786.949969453436,6819.487446138017,32.537476684580724,False,True,0.4662571121112242
483,Biologically constrained latent SCM,1.5,6775.126112417299,6800.358781981287,25.232669563988566,False,True,0.30747733265171306
484,Associative latent class model,1.5,8258.322438495687,7966.59228179653,-291.7301566991564,True,True,0.34846322530989854
484,Renal-adjusted associative latent class model,1.5,6965.957272010492,6991.143574599107,25.186302588615035,False,True,0.4966604785542853
484,Biologically constrained latent SCM,1.5,6953.330632051066,6979.57282367624,26.2421916251742,False,True,0.49098624593385964
485,Associative latent class model,1.5,8122.341863759785,7881.995354869114,-240.34650889067143,True,True,0.35287199904709354
485,Renal-adjusted associative latent class model,1.5,6861.677222538243,6894.607941538845,32.93071900060204,False,True,0.4945767667029333
485,Biologically constrained latent SCM,1.5,6853.974317334486,6882.055385136002,28.08106780151593,False,True,0.482855375258335
486,Associative latent class model,1.5,8191.3283500393145,7858.456354301114,-332.8719957382009,True,True,0.3350833542632201
486,Renal-adjusted associative latent class model,1.5,6825.104551978048,6849.902494164426,24.79794218637744,False,True,0.26292847443512496
486,Biologically constrained latent SCM,1.5,6812.092544499552,6838.633813155757,26.54126865620492,False,True,0.38236263949015536
487,Associative latent class model,1.5,8241.782717932203,7991.492463660665,-250.2902542715383,True,True,0.2929852784086441
487,Renal-adjusted associative latent class model,1.5,7003.098695363949,7019.767434082185,16.668738718235545,False,True,0.26742259591988626
487,Biologically constrained latent SCM,1.5,6992.768972140533,7008.470131495009,15.701159354475749,False,True,0.286965259109102
488,Associative latent class model,1.5,8009.382919199195,7688.913640052652,-320.46927914654316,True,True,0.3098270696961726
488,Renal-adjusted associative latent class model,1.5,6688.261463512235,6718.655529990607,30.394066478371315,False,True,0.4563267564312885
488,Biologically constrained latent SCM,1.5,6675.629239051162,6707.095655289794,31.46641623863252,False,True,0.4899578535370041
489,Associative latent class model,1.5,8083.391555206445,7807.4746239286915,-275.916931277754,True,True,0.3003981978254717
489,Renal-adjusted associative latent class model,1.5,6808.178555900756,6835.440441158571,27.261885257815266,False,True,0.40254271490282284
489,Biologically constrained latent SCM,1.5,6794.895332407231,6822.066648189746,27.171315782515194,False,True,0.40131571622251855
490,Associative latent class model,1.5,8151.971634400153,7907.067038714535,-244.904595685618,True,True,0.3345239989410368
490,Renal-adjusted associative latent class model,1.5,6923.449584667771,6953.006818980479,29.557234312707806,False,True,0.46053976111265277
490,Biologically constrained latent SCM,1.5,6910.228319511192,6940.3423790118795,30.11405950068729,False,True,0.47831746064244796
491,Associative latent class model,1.5,8157.661148865157,7816.747569800738,-340.9135790644186,True,True,0.3020184095422045
491,Renal-adjusted associative latent class model,1.5,6809.248055295076,6841.106000989939,31.8579456948637,False,True,0.41068347885622375
491,Biologically constrained latent SCM,1.5,6797.400555069831,6829.235447602415,31.83489253258358,False,True,0.49570318512729444
492,Associative latent class model,1.5,8132.443534595309,7825.398422300278,-307.0451122950308,True,True,0.3233882525746658
492,Renal-adjusted associative latent class model,1.5,6824.327170536864,6850.848813377781,26.521642840916684,False,True,0.39644956850827
492,Biologically constrained latent SCM,1.5,6810.968713067051,6841.657108501593,30.688395434542144,False,True,0.47917044008282467
493,Associative latent class model,1.5,8229.485392181721,7984.622336200581,-244.86305598113995,True,True,0.30238788296228686
493,Renal-adjusted associative latent class model,1.5,6975.701875828537,7002.493030819874,26.791154991336953,False,True,0.47103584358844514
493,Biologically constrained latent SCM,1.5,6965.586184231936,6990.659483310164,25.073299078228047,False,True,0.47757240912838717
494,Associative latent class model,1.5,8198.594026159732,7903.6969810106875,-294.89704514904406,True,True,0.2965781515551518
494,Renal-adjusted associative latent class model,1.5,6936.45731306734,6966.794286732358,30.336973665018377,False,True,0.48591912306789964
494,Biologically constrained latent SCM,1.5,6923.104336224386,6953.745810141987,30.641473917600706,False,True,0.4868369328042491
495,Associative latent class model,1.5,8177.468191099389,7902.950426334508,-274.51776476488067,True,True,0.29219000822481056
495,Renal-adjusted associative latent class model,1.5,6898.330821284386,6925.843151995301,27.512330710915194,False,True,0.2882374867061511
495,Biologically constrained latent SCM,1.5,6886.326829116526,6912.525587172522,26.198758055996223,False,True,0.2867795457528063
496,Associative latent class model,1.5,8112.855436867578,7817.383911765729,-295.4715251018488,True,True,0.3087424448959713
496,Renal-adjusted associative latent class model,1.5,6816.684441342804,6845.584695779808,28.90025443700324,False,True,0.47320861802928876
496,Biologically constrained latent SCM,1.5,6809.062497618308,6831.61710903338,22.55461141507203,False,True,0.19164394163192974
497,Associative latent class model,1.5,8080.262217627062,7786.234616393331,-294.0276012337308,True,True,0.2846067461286539
497,Renal-adjusted associative latent class model,1.5,6819.360706964769,6841.273716976841,21.913010012071936,False,True,0.4878484150615063
497,Biologically constrained latent SCM,1.5,6806.250658108113,6829.083801796176,22.83314368806259,False,True,0.4830898154752826
498,Associative latent class model,1.5,7984.60964794924,7783.200150781986,-201.4094971672539,True,True,0.3047534319343421
498,Renal-adjusted associative latent class model,1.5,6803.229193467204,6830.098988756093,26.86979528888878,False,True,0.3937197033305743
498,Biologically constrained latent SCM,1.5,6790.791936612263,6818.064191596064,27.27225498380085,False,True,0.381455577805885
499,Associative latent class model,1.5,8143.5422152989395,7873.820259973689,-269.72195532525075,True,True,0.3312632083389002
499,Renal-adjusted associative latent class model,1.5,6874.298351026395,6902.532902171553,28.234551145158548,False,True,0.43995381987644194
499,Biologically constrained latent SCM,1.5,6865.772822305369,6890.006401854986,24.23357954961648,False,True,0.3666819438904949
