repeat,method,converged,iterations,best_start,log_likelihood,minimum_effective_class_fraction,anchor_margin
0,Pooled associative latent class model,True,27,0,-7973.666683824475,0.4604936242160641,1.8402905867637438
0,Target-calibrated associative latent model,True,25,1,-7760.943239869411,0.4527651914936485,1.9480216689722574
0,Modular causal latent SCM,True,25,1,-7766.389202713353,0.4523482957867799,1.9299812770565667
1,Pooled associative latent class model,True,26,3,-8035.815824270679,0.4588626857940536,2.0462001184008947
1,Target-calibrated associative latent model,True,22,2,-7782.635994770202,0.4796042296620764,2.062824884493496
1,Modular causal latent SCM,True,17,3,-7786.169622877675,0.48104910409082347,2.0564995065426337
2,Pooled associative latent class model,True,20,0,-7997.74503139704,0.4870420787485686,1.8478372471593678
2,Target-calibrated associative latent model,True,20,0,-7773.467763390875,0.4996860131413699,1.8368951055489924
2,Modular causal latent SCM,True,11,3,-7778.11087485978,0.4976880328190076,1.8034575374450736
3,Pooled associative latent class model,True,23,0,-8015.793345193438,0.45949733966883793,2.004224329496494
3,Target-calibrated associative latent model,True,25,2,-7791.994412188802,0.4349858505226474,2.156269121979294
3,Modular causal latent SCM,True,27,1,-7806.460487353796,0.43031396616730944,2.114550621498941
4,Pooled associative latent class model,True,42,2,-7956.202581615335,0.42331044296874976,1.8507734621303569
4,Target-calibrated associative latent model,True,33,2,-7735.636715034174,0.4371908854632356,1.88212392666104
4,Modular causal latent SCM,True,32,0,-7741.300614214673,0.4391079839608036,1.8963190696619106
5,Pooled associative latent class model,True,20,3,-8039.344533738229,0.49344153436330934,1.870798026384782
5,Target-calibrated associative latent model,True,19,1,-7812.737036669525,0.4809455746946638,1.8580561381424059
5,Modular causal latent SCM,True,19,1,-7809.412241498277,0.48045641975027115,1.8748089615291088
6,Pooled associative latent class model,True,24,2,-8018.058152282468,0.4828343923780687,1.8874783898133538
6,Target-calibrated associative latent model,True,14,3,-7788.956889045801,0.48881677553645914,1.955787020054311
6,Modular causal latent SCM,True,23,3,-7791.72611852593,0.48557624674112754,1.9712844334018715
7,Pooled associative latent class model,True,27,1,-7924.772231772216,0.4496165485679566,1.8759284068099586
7,Target-calibrated associative latent model,True,23,1,-7700.148780990046,0.45435686833204403,1.8814808343011906
7,Modular causal latent SCM,True,23,1,-7702.714412547682,0.4549150598696285,1.8767973664706323
8,Pooled associative latent class model,True,24,1,-7986.562199266955,0.48276248140398076,1.8932036499766158
8,Target-calibrated associative latent model,True,17,3,-7783.69259791904,0.49224458796015036,1.9974028357932303
8,Modular causal latent SCM,True,18,3,-7787.090339410893,0.4943728838039288,2.003843836367098
9,Pooled associative latent class model,True,21,2,-8001.591367884622,0.4764748393137295,1.90667922250951
9,Target-calibrated associative latent model,True,13,2,-7808.955454530483,0.48326505684303267,2.0455116013873473
9,Modular causal latent SCM,True,17,0,-7812.389128920195,0.4828286298258628,2.03963122287985
10,Pooled associative latent class model,True,15,0,-7926.237173257406,0.4960640789321964,2.188841419057444
10,Target-calibrated associative latent model,True,19,1,-7717.190079948122,0.4873114180724051,2.16880913669045
10,Modular causal latent SCM,True,19,1,-7721.03370463065,0.48700896251703235,2.167602927325489
11,Pooled associative latent class model,True,15,3,-8095.691101286898,0.4951422732262334,1.8153220123398133
11,Target-calibrated associative latent model,True,22,2,-7860.517744569153,0.4970129095817284,1.9416328190339065
11,Modular causal latent SCM,True,22,3,-7859.907195131431,0.4969223482042406,1.943430467605416
12,Pooled associative latent class model,True,21,2,-8065.758173345405,0.4979697986822658,2.108627103674011
12,Target-calibrated associative latent model,True,23,1,-7859.539575185265,0.4878458636790076,2.054637034139635
12,Modular causal latent SCM,True,17,0,-7863.889886740396,0.49319278249971227,2.1011084246418044
13,Pooled associative latent class model,True,13,0,-7905.441824184273,0.49917891891910143,2.2407767135551344
13,Target-calibrated associative latent model,True,14,0,-7655.87283831592,0.49574308098121456,2.319978745223909
13,Modular causal latent SCM,True,15,2,-7663.991290237689,0.4969772528788758,2.3211831028844925
14,Pooled associative latent class model,True,24,1,-8034.859514165597,0.47200925503210145,1.9130489676192013
14,Target-calibrated associative latent model,True,23,2,-7815.084229923952,0.4999126833982656,2.023195194009736
14,Modular causal latent SCM,True,20,3,-7817.603575228486,0.4971016505949148,2.0272725871665864
15,Pooled associative latent class model,True,25,2,-7949.8582602756815,0.4948267309965477,1.835905823928558
15,Target-calibrated associative latent model,True,28,2,-7722.03093692962,0.49724498074937645,1.9011663630589504
15,Modular causal latent SCM,True,19,2,-7724.911453713888,0.4989094203355883,1.8591361562268514
16,Pooled associative latent class model,True,17,0,-8074.421488276248,0.48623638285226345,1.9424397693406092
16,Target-calibrated associative latent model,True,18,0,-7825.0785109493845,0.48998465085616405,2.069709606308305
16,Modular causal latent SCM,True,18,0,-7831.919426525414,0.4916815218220862,2.0665857920899957
17,Pooled associative latent class model,True,22,0,-8050.061320438021,0.4852120368856251,1.946516728618848
17,Target-calibrated associative latent model,True,22,2,-7857.805988622364,0.48059889490163643,2.096686291270973
17,Modular causal latent SCM,True,19,1,-7864.29507670475,0.4881129498025063,2.079675912490404
18,Pooled associative latent class model,True,38,2,-7982.10261533696,0.42674018715644835,2.176041656480856
18,Target-calibrated associative latent model,True,36,3,-7782.311342361681,0.42167831148372115,2.1748268100804626
18,Modular causal latent SCM,True,39,2,-7789.998453684628,0.41438910762265824,2.1719587908032003
19,Pooled associative latent class model,True,20,0,-7975.745665458161,0.49195476222751117,2.038074796873384
19,Target-calibrated associative latent model,True,24,2,-7757.419578247758,0.48827407379465804,2.117385813064331
19,Modular causal latent SCM,True,20,0,-7761.3851923936945,0.49028589353342406,2.1116594326268197
20,Pooled associative latent class model,True,23,1,-7975.763000486597,0.4823156071691276,2.122305444130824
20,Target-calibrated associative latent model,True,15,0,-7752.464858016532,0.49149325411372213,2.169240909367386
20,Modular causal latent SCM,True,15,0,-7757.515547005698,0.49149546072575523,2.160941163417946
21,Pooled associative latent class model,True,22,3,-8044.215134998758,0.4961928344182098,1.6776033816239817
21,Target-calibrated associative latent model,True,23,3,-7817.579018683686,0.48807355845675443,1.8403906399081578
21,Modular causal latent SCM,True,21,3,-7820.324419140283,0.48928885883550277,1.8326932329266525
22,Pooled associative latent class model,True,32,1,-7954.643654355353,0.4608849690079637,1.9106545109428748
22,Target-calibrated associative latent model,True,24,3,-7732.214399108629,0.4759177907443333,2.0644226531105527
22,Modular causal latent SCM,True,30,1,-7737.637064743763,0.47256259403884754,2.051212658346837
23,Pooled associative latent class model,True,20,0,-7910.40387708182,0.4721211128873193,2.108436691293135
23,Target-calibrated associative latent model,True,18,0,-7674.875273200598,0.48160708044041645,2.163971703325673
23,Modular causal latent SCM,True,19,3,-7678.4032327013465,0.47760658083912,2.169552990520955
24,Pooled associative latent class model,True,27,2,-7949.554705429242,0.45966787000700365,2.098444645400833
24,Target-calibrated associative latent model,True,32,1,-7756.717423672666,0.464397643515155,2.108057433163176
24,Modular causal latent SCM,True,32,1,-7761.908130017933,0.4644232975448384,2.1002108203867205
25,Pooled associative latent class model,True,24,1,-7993.761544873729,0.4685811275908129,1.7817793275588172
25,Target-calibrated associative latent model,True,19,1,-7741.634424499647,0.47986843707527416,1.823057551088732
25,Modular causal latent SCM,True,20,1,-7747.569309881653,0.47902323196561686,1.8292359622325405
26,Pooled associative latent class model,True,23,1,-7977.349132444879,0.48287776538276717,2.0274015436479482
26,Target-calibrated associative latent model,True,21,3,-7778.630939014343,0.4985666661501167,2.0928265791907337
26,Modular causal latent SCM,True,16,0,-7779.695475871411,0.4977055033745941,2.123465313622164
27,Pooled associative latent class model,True,21,1,-8092.651323719525,0.48938136084461376,2.0842457533898706
27,Target-calibrated associative latent model,True,20,1,-7838.842062633563,0.4734157578336717,2.107071642905078
27,Modular causal latent SCM,True,20,1,-7840.428021596502,0.4735961490982975,2.1122967632303316
28,Pooled associative latent class model,True,21,0,-7931.707709920973,0.4996004761995025,1.8289934293257875
28,Target-calibrated associative latent model,True,23,0,-7704.025516799989,0.4788819518014783,1.895926749034035
28,Modular causal latent SCM,True,27,2,-7711.145865908718,0.4813204232651716,1.8946128099171196
29,Pooled associative latent class model,True,14,0,-7961.872758298359,0.4941481634381895,2.126795539399695
29,Target-calibrated associative latent model,True,15,0,-7735.30690730821,0.4919397624231375,2.1862906847311265
29,Modular causal latent SCM,True,15,0,-7737.209971160547,0.49148863900828316,2.1940771965679957
30,Pooled associative latent class model,True,33,2,-8035.829696676052,0.4401539110331941,2.006042590454006
30,Target-calibrated associative latent model,True,26,2,-7791.993727499456,0.45293549687004503,2.097827445082606
30,Modular causal latent SCM,True,26,0,-7798.811467348925,0.4489216790273723,2.0940329617429305
31,Pooled associative latent class model,True,23,3,-8080.558886530451,0.4746486722040786,1.91098772571172
31,Target-calibrated associative latent model,True,20,0,-7855.047951698099,0.4969100232835912,1.9103098351057728
31,Modular causal latent SCM,True,13,3,-7860.490936505084,0.49988730792001834,1.8897111951170622
32,Pooled associative latent class model,True,19,0,-8108.825066147054,0.4862711662783297,1.9495374065541808
32,Target-calibrated associative latent model,True,19,1,-7842.02106605392,0.49449008021543556,2.004104787392608
32,Modular causal latent SCM,True,19,3,-7850.415809523267,0.4933580105302435,1.9895364880265574
33,Pooled associative latent class model,True,19,1,-8071.543187643012,0.4959025902120124,1.7460813818716323
33,Target-calibrated associative latent model,True,19,1,-7843.74391364656,0.4758941012694116,1.7681524783749336
33,Modular causal latent SCM,True,19,1,-7847.471232061047,0.47445134075985684,1.773011988470984
34,Pooled associative latent class model,True,23,3,-7981.879318344358,0.47614622601958995,1.891630753345878
34,Target-calibrated associative latent model,True,24,1,-7768.313291577935,0.46571048691687705,1.9348777173579208
34,Modular causal latent SCM,True,22,0,-7777.312332827367,0.4655941413669077,1.9480822212860063
35,Pooled associative latent class model,True,23,1,-8006.188543437425,0.4680375570874138,1.9691396536695704
35,Target-calibrated associative latent model,True,23,0,-7798.57574352445,0.45990074565250855,2.0076344574283036
35,Modular causal latent SCM,True,25,1,-7797.713782700599,0.462217565941812,1.99275441599942
36,Pooled associative latent class model,True,32,3,-8076.591179810101,0.4416257170487986,2.133911002631419
36,Target-calibrated associative latent model,True,21,2,-7823.283954441102,0.47676973893086355,2.1489746723396617
36,Modular causal latent SCM,True,22,2,-7828.035856764036,0.472632608292648,2.1569694022606454
37,Pooled associative latent class model,True,23,0,-7969.599138487127,0.4675012018033419,1.9422631432091124
37,Target-calibrated associative latent model,True,22,2,-7737.570866101365,0.4650008871752061,1.9588169361706245
37,Modular causal latent SCM,True,21,2,-7744.411781585724,0.4647023675105258,1.9662802882944062
38,Pooled associative latent class model,True,23,2,-8011.630811294409,0.4799714141366302,1.9994479549563433
38,Target-calibrated associative latent model,True,21,3,-7751.7975110367315,0.4996474172181253,2.1119912335721356
38,Modular causal latent SCM,True,21,2,-7757.428858797175,0.4944670970628275,2.090635383461557
39,Pooled associative latent class model,True,14,0,-7947.651288865929,0.4931093716991782,2.0588662031182605
39,Target-calibrated associative latent model,True,29,3,-7740.378067428821,0.4920906778480885,2.1254916671702744
39,Modular causal latent SCM,True,25,2,-7743.495121508184,0.48984501013657533,2.1249879210695575
40,Pooled associative latent class model,True,20,2,-7954.72571522735,0.4937672028155378,2.0918436043525768
40,Target-calibrated associative latent model,True,16,2,-7753.825535253911,0.49382124449861836,2.194392479846554
40,Modular causal latent SCM,True,13,2,-7762.400885620182,0.4961179853508304,2.17137192217782
41,Pooled associative latent class model,True,25,1,-7956.363231132984,0.4762800912471603,1.8868137724952778
41,Target-calibrated associative latent model,True,22,1,-7751.812724740848,0.4887504961346255,1.9515484003362737
41,Modular causal latent SCM,True,21,1,-7755.57425814389,0.4896265876941497,1.9545494992807457
42,Pooled associative latent class model,True,23,1,-7934.631807226066,0.4896747380354336,2.2128892947428174
42,Target-calibrated associative latent model,True,21,2,-7712.320019696146,0.49861383706099976,2.296117273036931
42,Modular causal latent SCM,True,21,2,-7714.5009918239975,0.4986620597586927,2.2969139912282444
43,Pooled associative latent class model,True,23,1,-8058.777149763774,0.4679099764329319,1.9389032961165944
43,Target-calibrated associative latent model,True,23,1,-7813.162313666798,0.4710516086898388,1.9909731854184631
43,Modular causal latent SCM,True,23,1,-7817.497691409507,0.46966696886599923,1.9707243630537137
44,Pooled associative latent class model,True,23,1,-7968.817283103099,0.4660753389727976,2.1072959303083842
44,Target-calibrated associative latent model,True,26,1,-7737.946520078904,0.4594512105145187,2.0657081061149825
44,Modular causal latent SCM,True,26,1,-7735.309454068183,0.45656155500788714,2.071367870422926
45,Pooled associative latent class model,True,17,0,-8007.150268444231,0.4748653372681898,2.085439654535355
45,Target-calibrated associative latent model,True,22,3,-7751.877015854477,0.477314354986852,2.128018685146025
45,Modular causal latent SCM,True,18,0,-7757.2865441573185,0.48203436239061975,2.13440480822345
46,Pooled associative latent class model,True,20,0,-7994.81414982435,0.47268399715502224,2.2649419841587175
46,Target-calibrated associative latent model,True,20,2,-7751.724188390238,0.47124883158172975,2.2698192836739723
46,Modular causal latent SCM,True,18,0,-7757.008302187481,0.4731309562967147,2.283117490609973
47,Pooled associative latent class model,True,15,3,-8040.2558539424135,0.4988287138737327,1.881471356850546
47,Target-calibrated associative latent model,True,16,2,-7824.337147090504,0.49877550342004623,1.9270388711346986
47,Modular causal latent SCM,True,17,3,-7825.764201379545,0.4974189035850014,1.9395561479377021
48,Pooled associative latent class model,True,19,3,-7928.262751893134,0.4836115008957766,2.1129986287082927
48,Target-calibrated associative latent model,True,18,2,-7684.247947042954,0.4739610612227671,2.2195737190551377
48,Modular causal latent SCM,True,18,0,-7687.699299329352,0.477078225022913,2.213681786878444
49,Pooled associative latent class model,True,26,1,-7992.507996375674,0.45107972474435537,2.1511797939597623
49,Target-calibrated associative latent model,True,24,1,-7773.597022245028,0.46403152177204376,2.1668622150799624
49,Modular causal latent SCM,True,24,1,-7777.130456172936,0.4630479744136673,2.1672162834881865
50,Pooled associative latent class model,True,30,1,-7972.604360298689,0.4635118527807309,1.8833814294834916
50,Target-calibrated associative latent model,True,22,1,-7738.0729539424065,0.48101277597347375,1.9517453430969143
50,Modular causal latent SCM,True,22,1,-7745.43025876888,0.48224940886906237,1.9625473041400494
51,Pooled associative latent class model,True,26,1,-8042.596165384078,0.47784697636883455,1.8529400006516616
51,Target-calibrated associative latent model,True,20,3,-7781.0056310732325,0.4940213316849406,1.9332667762108762
51,Modular causal latent SCM,True,20,0,-7785.60752858979,0.49280387732249414,1.9615170645672535
52,Pooled associative latent class model,True,20,1,-7983.887474160014,0.4687081702730499,1.8706091513929406
52,Target-calibrated associative latent model,True,19,1,-7765.378385438547,0.48675302169060236,1.936658574685965
52,Modular causal latent SCM,True,21,2,-7771.759245417791,0.49114030206677867,1.9722208761630515
53,Pooled associative latent class model,True,20,2,-7999.742874347672,0.4948257478977842,1.8596193925494218
53,Target-calibrated associative latent model,True,22,2,-7778.1402261333915,0.4776074759099712,1.9235074091117061
53,Modular causal latent SCM,True,20,0,-7782.156368882063,0.47750114241274977,1.9178624165508853
54,Pooled associative latent class model,True,23,2,-7997.757572490127,0.4847340330121144,1.8936262526386423
54,Target-calibrated associative latent model,True,16,2,-7770.2378772556685,0.4991961909228135,1.9464796592112772
54,Modular causal latent SCM,True,19,3,-7774.745673596979,0.49657317180965177,1.9442452030004649
55,Pooled associative latent class model,True,25,3,-7881.829640581454,0.49964980306586465,1.8817648430913418
55,Target-calibrated associative latent model,True,22,1,-7643.745169485412,0.4814989862536941,1.9177871632794892
55,Modular causal latent SCM,True,22,1,-7653.725977927424,0.48536649078807687,1.914107308466108
56,Pooled associative latent class model,True,27,3,-8043.200079917626,0.4937331328741139,2.05911939944668
56,Target-calibrated associative latent model,True,19,1,-7814.020185368695,0.4867421764127457,2.1389397601754885
56,Modular causal latent SCM,True,18,1,-7821.1237022312935,0.48586806622867107,2.1177845748858246
57,Pooled associative latent class model,True,34,3,-8055.545228620713,0.44578204222423135,1.9042998879699606
57,Target-calibrated associative latent model,True,27,0,-7798.5471339271235,0.44861213461485167,2.027544382306008
57,Modular causal latent SCM,True,28,3,-7806.726526515155,0.4435736792210086,2.020255672920951
58,Pooled associative latent class model,True,30,1,-8044.60761051236,0.4583059339166812,1.7443272821809273
58,Target-calibrated associative latent model,True,31,0,-7821.771451345603,0.4487527973493386,1.7780912661085178
58,Modular causal latent SCM,True,32,0,-7821.900540592998,0.4465288749405195,1.778338132993083
59,Pooled associative latent class model,True,22,0,-8011.766883935236,0.4855200938797941,1.7784942427293837
59,Target-calibrated associative latent model,True,22,2,-7805.0536842182255,0.47639791145596944,1.8540403888954449
59,Modular causal latent SCM,True,23,2,-7805.987082451889,0.47560603960747344,1.86479179762298
60,Pooled associative latent class model,True,18,1,-8027.294057576805,0.48741712494789896,1.7423937223883135
60,Target-calibrated associative latent model,True,25,3,-7824.614039707723,0.4753542783231069,1.80932053856626
60,Modular causal latent SCM,True,16,1,-7829.8029965496025,0.47645094881722,1.795694572575237
61,Pooled associative latent class model,True,24,1,-8047.3052904411525,0.4813104923837174,1.9133863398665523
61,Target-calibrated associative latent model,True,19,3,-7768.190910438185,0.4988696792246303,2.0082389304785497
61,Modular causal latent SCM,True,16,3,-7774.191139688988,0.49645226372068235,2.0102092803736595
62,Pooled associative latent class model,True,23,2,-8009.705008882467,0.48071380525145413,2.026357721622775
62,Target-calibrated associative latent model,True,20,1,-7785.597241660984,0.48852609060908936,2.003075084616535
62,Modular causal latent SCM,True,15,3,-7790.897143053967,0.4950345096440544,2.037904350062788
63,Pooled associative latent class model,True,18,0,-8006.025293948007,0.4755458133738969,1.9210429005311036
63,Target-calibrated associative latent model,True,20,0,-7740.993794333446,0.4756098721969065,1.878821788642735
63,Modular causal latent SCM,True,19,0,-7747.512031863644,0.4753979225184468,1.888947511714393
64,Pooled associative latent class model,True,24,1,-8047.363646350681,0.47191422323676585,1.9955186056803011
64,Target-calibrated associative latent model,True,20,3,-7762.335579818271,0.48673426506152073,2.0762362489684776
64,Modular causal latent SCM,True,20,3,-7767.671435668214,0.4879879652118855,2.07853559809564
65,Pooled associative latent class model,True,23,2,-8043.915665862948,0.49865322605129975,1.9659633758547714
65,Target-calibrated associative latent model,True,28,3,-7784.148060025425,0.4744573453259872,2.0172819108882427
65,Modular causal latent SCM,True,23,2,-7787.269512052749,0.47740526080856877,1.9719805115760685
66,Pooled associative latent class model,True,20,3,-8035.683985336234,0.48399290664804323,2.1506306332347886
66,Target-calibrated associative latent model,True,21,3,-7777.811910773886,0.4723918905095061,2.2447416748035502
66,Modular causal latent SCM,True,22,2,-7782.508341670841,0.4679971938689116,2.2784115476546294
67,Pooled associative latent class model,True,25,2,-8018.994391485237,0.4852920652556462,1.8834217514130973
67,Target-calibrated associative latent model,True,24,2,-7800.082693135398,0.49748549001434966,1.9796771486950302
67,Modular causal latent SCM,True,22,1,-7802.935792543232,0.49834607580644474,1.933664182465536
68,Pooled associative latent class model,True,28,1,-7992.40251609215,0.48070129389326527,2.000457211365321
68,Target-calibrated associative latent model,True,14,3,-7731.888823579764,0.49572098584610325,2.1745674860895754
68,Modular causal latent SCM,True,17,3,-7741.431857931018,0.49842872113650893,2.1685441842068185
69,Pooled associative latent class model,True,19,0,-8047.877495903722,0.49517973924299236,1.8127029792570155
69,Target-calibrated associative latent model,True,20,3,-7813.220472046649,0.48324682722937895,1.9737279858652792
69,Modular causal latent SCM,True,23,3,-7818.641633150999,0.4818937459630298,1.9726049808898198
70,Pooled associative latent class model,True,14,0,-8026.164159347135,0.4988463948689537,2.2669625065051235
70,Target-calibrated associative latent model,True,19,1,-7786.324099354653,0.4828340775259896,2.2234700040202138
70,Modular causal latent SCM,True,19,3,-7791.971069542131,0.4819361319466227,2.2307042195982483
71,Pooled associative latent class model,True,24,2,-7855.689572004702,0.474659066189743,2.054228477018553
71,Target-calibrated associative latent model,True,18,3,-7670.215323291028,0.49858604182776617,2.1312980813990325
71,Modular causal latent SCM,True,17,0,-7673.628037106777,0.4927005438642393,2.1228976312127945
72,Pooled associative latent class model,True,26,2,-7966.486059969933,0.47675733400762327,1.9336649004118764
72,Target-calibrated associative latent model,True,23,1,-7741.704914191952,0.4663919545292064,1.935162853948186
72,Modular causal latent SCM,True,23,0,-7744.028039880794,0.4702229090037479,1.954608526823355
73,Pooled associative latent class model,True,23,3,-7961.683055501523,0.475544074064234,1.7454002280751344
73,Target-calibrated associative latent model,True,23,3,-7744.115936873255,0.47254240008461795,1.843833552828043
73,Modular causal latent SCM,True,26,2,-7750.6775500903805,0.4751936556665832,1.8413555171997773
74,Pooled associative latent class model,True,24,1,-8032.740965665516,0.45766677689304786,1.8958074109724843
74,Target-calibrated associative latent model,True,19,1,-7822.177815271555,0.46923983856395957,1.9397579723076552
74,Modular causal latent SCM,True,19,1,-7822.939748295064,0.46936749066555905,1.9423639740808043
75,Pooled associative latent class model,True,24,3,-8025.377904831319,0.4933497327354578,1.8888382040650449
75,Target-calibrated associative latent model,True,15,0,-7821.505075410076,0.4862706115870504,2.0459882415325303
75,Modular causal latent SCM,True,14,0,-7825.222150540202,0.48803300588148646,2.041493859940624
76,Pooled associative latent class model,True,20,1,-7989.315907148,0.488804662221201,2.0823680536153955
76,Target-calibrated associative latent model,True,18,1,-7785.968700721116,0.48345734911967525,2.136683857899327
76,Modular causal latent SCM,True,18,1,-7790.863401643904,0.48454397031927154,2.129682945476429
77,Pooled associative latent class model,True,25,1,-8024.829897873624,0.48152028514607753,2.028062450773408
77,Target-calibrated associative latent model,True,20,1,-7781.733295671109,0.47765795162389485,2.16354864895069
77,Modular causal latent SCM,True,20,1,-7785.1669864395335,0.47787627120724185,2.156153297342401
78,Pooled associative latent class model,True,29,1,-8033.1390733088065,0.4756155188405823,1.9257809259943817
78,Target-calibrated associative latent model,True,28,3,-7810.57334592619,0.4805688866568766,1.935673549453239
78,Modular causal latent SCM,True,27,3,-7811.05012545271,0.47752345243779587,1.9391363636053458
79,Pooled associative latent class model,True,18,1,-8023.5943151152605,0.48504533089732244,2.0246807723497304
79,Target-calibrated associative latent model,True,21,2,-7783.431455258804,0.49028917031420105,2.067637971710398
79,Modular causal latent SCM,True,20,3,-7788.661569209585,0.49034653510588355,2.0668464000530724
80,Pooled associative latent class model,True,20,1,-7948.991244493502,0.48497564267157056,1.9938689394734448
80,Target-calibrated associative latent model,True,20,1,-7698.565811603546,0.4780089977701746,2.020868528828677
80,Modular causal latent SCM,True,19,1,-7698.932742263962,0.4808267629925564,2.019737126268993
81,Pooled associative latent class model,True,22,3,-8065.179417616887,0.48867033556908074,1.9464891410690504
81,Target-calibrated associative latent model,True,23,3,-7842.322365151345,0.4674746911992362,2.027204670405701
81,Modular causal latent SCM,True,27,3,-7846.1796834900015,0.4652370733776422,2.0244276285453355
82,Pooled associative latent class model,True,25,1,-7949.69718687031,0.47836330565928087,2.0238656862112507
82,Target-calibrated associative latent model,True,20,1,-7744.179649070175,0.4855277058731665,2.156459202808305
82,Modular causal latent SCM,True,19,1,-7749.8303920317485,0.48571015485210683,2.1433933978156574
83,Pooled associative latent class model,True,24,2,-7881.271386048917,0.4875587901064415,1.7733331622501147
83,Target-calibrated associative latent model,True,24,3,-7696.112781636657,0.4751722824124474,1.8946377764936533
83,Modular causal latent SCM,True,21,1,-7702.132659922774,0.48047758447475053,1.8706212257852648
84,Pooled associative latent class model,True,31,1,-8067.613451987918,0.49053125359560074,1.8932330218520748
84,Target-calibrated associative latent model,True,25,1,-7837.841000990873,0.47810607404316147,1.9729570980208955
84,Modular causal latent SCM,True,25,1,-7843.209911764459,0.47700783057194096,1.9656388648949052
85,Pooled associative latent class model,True,26,1,-7947.774642685095,0.4736574990765376,1.9941091063498495
85,Target-calibrated associative latent model,True,23,2,-7735.598804132352,0.49251088433570567,1.9705087936958159
85,Modular causal latent SCM,True,23,1,-7744.130561348041,0.4872158561430462,1.9519013407185226
86,Pooled associative latent class model,True,16,0,-8026.3979845568865,0.4883096418342316,2.043763022380828
86,Target-calibrated associative latent model,True,16,3,-7798.25687250345,0.48102083624240105,2.110321102313451
86,Modular causal latent SCM,True,18,2,-7800.122728770688,0.47946377623227676,2.1007053819023938
87,Pooled associative latent class model,True,39,2,-7999.364840440828,0.4494978468119129,1.982716769586351
87,Target-calibrated associative latent model,True,21,2,-7766.298576757108,0.4823009655077878,2.0485996980606673
87,Modular causal latent SCM,True,24,2,-7773.268577522171,0.4720614805968143,2.058797449708745
88,Pooled associative latent class model,True,24,2,-7974.6071954832305,0.4772615395104993,1.9147531025641586
88,Target-calibrated associative latent model,True,24,3,-7739.307083512348,0.4783872758145616,1.9566457539957447
88,Modular causal latent SCM,True,21,1,-7744.908567076627,0.4853605123895059,1.9407077807990352
89,Pooled associative latent class model,True,19,2,-7933.540403067804,0.4935621071017237,1.9153818177597688
89,Target-calibrated associative latent model,True,25,3,-7718.976358300178,0.499044537874232,1.9818123482166474
89,Modular causal latent SCM,True,17,0,-7723.137922286365,0.4995166511073632,1.9894406081963445
90,Pooled associative latent class model,True,27,2,-7897.669575921338,0.47592238561915606,1.8060033074923523
90,Target-calibrated associative latent model,True,20,0,-7710.886005099613,0.4867480523615788,1.9160595505931655
90,Modular causal latent SCM,True,20,0,-7713.208486439376,0.4882304308955546,1.9135399095098689
91,Pooled associative latent class model,True,18,2,-8045.4162426262465,0.4885391677685151,2.023572116414777
91,Target-calibrated associative latent model,True,14,0,-7794.361423726688,0.4892583491420372,2.21615112294901
91,Modular causal latent SCM,True,14,0,-7800.211721154158,0.4911156774433098,2.215287441677062
92,Pooled associative latent class model,True,21,1,-8039.642369677886,0.4795419700337347,1.878392552884782
92,Target-calibrated associative latent model,True,26,0,-7799.565300205558,0.44757081770768736,1.9595070444728089
92,Modular causal latent SCM,True,26,1,-7809.363859596981,0.45408509974018696,1.9611871956568412
93,Pooled associative latent class model,True,19,3,-8077.130315680487,0.48398383711279236,2.01620365685925
93,Target-calibrated associative latent model,True,21,1,-7831.5891336358145,0.48197238955599736,2.050900441841783
93,Modular causal latent SCM,True,21,1,-7832.780162343124,0.4794322312475879,2.0753818237073443
94,Pooled associative latent class model,True,17,0,-7889.797934048546,0.4883773336948144,2.0553074071928426
94,Target-calibrated associative latent model,True,22,1,-7655.761585258559,0.484522566177742,2.1279818566654143
94,Modular causal latent SCM,True,15,3,-7658.004780052101,0.4873683794299717,2.1265217775019964
95,Pooled associative latent class model,True,16,0,-8008.249434194884,0.49118036562836676,2.059662735218388
95,Target-calibrated associative latent model,True,16,0,-7790.134086943957,0.49258301719159114,2.0776908147109605
95,Modular causal latent SCM,True,16,0,-7794.442861995816,0.4931212232118408,2.0770002603116247
96,Pooled associative latent class model,True,19,1,-8070.331064194075,0.4682939083496707,1.7338791944083616
96,Target-calibrated associative latent model,True,23,3,-7827.485839092235,0.4685871086829031,1.8750250837162015
96,Modular causal latent SCM,True,23,0,-7840.834177888593,0.46401626969722987,1.86313900213499
97,Pooled associative latent class model,True,22,0,-7995.781219759443,0.4872231553901574,1.76280588209851
97,Target-calibrated associative latent model,True,10,3,-7758.230070717026,0.4982611085928311,1.7234656693801007
97,Modular causal latent SCM,True,17,2,-7761.357520816357,0.49905633090701307,1.7506809024489258
98,Pooled associative latent class model,True,43,3,-7999.15586706112,0.43173341471604987,2.0948377827140634
98,Target-calibrated associative latent model,True,25,1,-7773.711156496481,0.4612138737977584,2.0974967447767003
98,Modular causal latent SCM,True,25,2,-7776.7938527655515,0.4587504526970311,2.1129700765089656
99,Pooled associative latent class model,True,21,1,-7923.88412781132,0.4582048611019782,1.875422140908499
99,Target-calibrated associative latent model,True,24,3,-7681.593786731006,0.4642640066919249,1.8851251794748345
99,Modular causal latent SCM,True,23,2,-7690.803764354693,0.4631997312008343,1.8946580831047644
100,Pooled associative latent class model,True,27,2,-8030.442104250418,0.47256333312012017,1.8783738069926201
100,Target-calibrated associative latent model,True,20,0,-7810.538727303315,0.4872390051594467,1.9169073638910135
100,Modular causal latent SCM,True,23,3,-7813.860756660512,0.48740227794334334,1.9119087305427955
101,Pooled associative latent class model,True,26,0,-8040.780358416227,0.48610378447768476,1.8112525589588582
101,Target-calibrated associative latent model,True,23,3,-7797.703334893738,0.490269448038986,1.8956004492280925
101,Modular causal latent SCM,True,23,2,-7799.691018125615,0.49239405451466534,1.8970949371110555
102,Pooled associative latent class model,True,18,3,-7986.352358075243,0.49784698592026644,2.1205619462994885
102,Target-calibrated associative latent model,True,20,2,-7776.336161606499,0.48565991217115734,2.1422382104239333
102,Modular causal latent SCM,True,20,2,-7783.343350596321,0.48728564867875246,2.1622961915867513
103,Pooled associative latent class model,True,22,2,-8074.667741677368,0.4799622588000678,2.0979528943160686
103,Target-calibrated associative latent model,True,25,1,-7846.992012710107,0.46173404043504257,2.137266182830773
103,Modular causal latent SCM,True,24,1,-7852.764750862578,0.4659972519105213,2.1148185379669346
104,Pooled associative latent class model,True,23,3,-7972.752767501003,0.49897933079488976,1.904796557103892
104,Target-calibrated associative latent model,True,14,3,-7780.142484914972,0.49798287865848717,1.9511431484883297
104,Modular causal latent SCM,True,18,0,-7783.75636228503,0.49459027798126565,1.9677953397098316
105,Pooled associative latent class model,True,25,3,-7930.543681499552,0.4864200173262283,1.9602040590218837
105,Target-calibrated associative latent model,True,19,3,-7731.28969746373,0.48577966043416193,2.0344916951288137
105,Modular causal latent SCM,True,15,3,-7735.754531669534,0.48691129527092925,2.0283206615952882
106,Pooled associative latent class model,True,32,3,-7930.531059412881,0.44408438892094243,2.037749528275553
106,Target-calibrated associative latent model,True,27,3,-7686.801217992364,0.4566258812047046,2.1289936115550923
106,Modular causal latent SCM,True,28,1,-7691.167134151562,0.45710758574887583,2.120872904933991
107,Pooled associative latent class model,True,25,1,-8046.76919914075,0.48485155739542035,1.9674900570308913
107,Target-calibrated associative latent model,True,16,0,-7803.6664853258435,0.4991091335480165,2.0785605096618482
107,Modular causal latent SCM,True,20,3,-7804.799640069337,0.49698344033041064,2.045180094870337
108,Pooled associative latent class model,True,36,2,-7968.268380283833,0.4204596543019549,2.0260589232168282
108,Target-calibrated associative latent model,True,30,2,-7769.579041082896,0.4470591570153254,2.00608760366578
108,Modular causal latent SCM,True,29,3,-7771.267889309276,0.4520037561084949,2.0039823398753565
109,Pooled associative latent class model,True,32,1,-7991.602808407769,0.42958604538608325,1.936980617518731
109,Target-calibrated associative latent model,True,29,0,-7795.758749846738,0.4277541204141865,1.944223220434864
109,Modular causal latent SCM,True,29,0,-7798.526434721432,0.427102555484482,1.9496494144707786
110,Pooled associative latent class model,True,33,2,-8099.069452511077,0.444159537363993,2.091261751215
110,Target-calibrated associative latent model,True,21,2,-7873.731302986464,0.45329702778454023,2.166667477773472
110,Modular causal latent SCM,True,22,0,-7880.08798039653,0.454594187676547,2.155623285466538
111,Pooled associative latent class model,True,20,1,-8010.3274837592,0.48012867593920416,1.8681957935751319
111,Target-calibrated associative latent model,True,24,2,-7785.930748009362,0.47423139022473376,2.0199928895210624
111,Modular causal latent SCM,True,25,2,-7795.080444310104,0.47644444605492053,2.005025779126661
112,Pooled associative latent class model,True,19,1,-7976.593699160412,0.4826529653855947,2.0961957444019506
112,Target-calibrated associative latent model,True,19,3,-7769.119186127419,0.4985523609056347,2.145175942171679
112,Modular causal latent SCM,True,16,3,-7776.68471108809,0.49422566142228497,2.1384962089409907
113,Pooled associative latent class model,True,13,2,-8006.610137663456,0.4956447710603668,1.838509758407902
113,Target-calibrated associative latent model,True,24,3,-7809.837576717045,0.49670831587453296,1.9350340118508451
113,Modular causal latent SCM,True,13,2,-7811.309044639855,0.4969713296016478,1.917112011176172
114,Pooled associative latent class model,True,19,0,-7960.210476543396,0.47494566198114624,2.088239047553736
114,Target-calibrated associative latent model,True,20,2,-7722.097668170101,0.48211639853821,2.181071388075086
114,Modular causal latent SCM,True,15,0,-7722.566885414886,0.48456617599805746,2.180661757252661
115,Pooled associative latent class model,True,16,3,-8021.11550468101,0.4981332051502703,2.0405747843607545
115,Target-calibrated associative latent model,True,20,3,-7779.472768579661,0.4934974004090346,2.1599915377337595
115,Modular causal latent SCM,True,18,3,-7782.280309299977,0.4944733937329686,2.161773496658347
116,Pooled associative latent class model,True,36,0,-8018.463844036166,0.41296590924617427,1.8510443520177822
116,Target-calibrated associative latent model,True,28,0,-7772.6483752426575,0.4448082269614996,1.9009020034832926
116,Modular causal latent SCM,True,31,2,-7774.321763019163,0.4405503406100169,1.8888688221293068
117,Pooled associative latent class model,True,23,0,-8031.560917752149,0.4642543058984605,2.1341014117341994
117,Target-calibrated associative latent model,True,25,1,-7795.425683643061,0.45456425417280427,2.284185531700542
117,Modular causal latent SCM,True,38,2,-7801.312583764173,0.4533553385206184,2.2788332277387076
118,Pooled associative latent class model,True,32,3,-8030.763008955237,0.4848387670708839,2.0043327950947534
118,Target-calibrated associative latent model,True,21,2,-7792.514556549051,0.477187211951238,2.0235316276579938
118,Modular causal latent SCM,True,19,0,-7800.196753306207,0.4793457621299483,2.0176717946394023
119,Pooled associative latent class model,True,25,2,-7964.682842924489,0.4616492198833788,1.9330615633759183
119,Target-calibrated associative latent model,True,23,1,-7725.488418113449,0.461027929789747,1.9576912839004428
119,Modular causal latent SCM,True,23,1,-7730.3742318793065,0.46101881424756924,1.956105585814868
120,Pooled associative latent class model,True,21,1,-7989.937822691714,0.4676747378608593,1.75395400348798
120,Target-calibrated associative latent model,True,25,3,-7772.213128675543,0.49953532103127934,1.8585312102235303
120,Modular causal latent SCM,True,15,3,-7782.037479843651,0.4911923881638494,1.8224932990030394
121,Pooled associative latent class model,True,27,1,-8025.738613323576,0.4693819896387943,1.8852574954955046
121,Target-calibrated associative latent model,True,24,1,-7827.955309483585,0.47195883268801103,1.9496438418814388
121,Modular causal latent SCM,True,23,1,-7831.398195489429,0.4731197222246623,1.9494406386414682
122,Pooled associative latent class model,True,16,3,-8052.184544038379,0.49763763615837775,1.703048982373851
122,Target-calibrated associative latent model,True,15,2,-7818.056237142026,0.49606072262577927,1.8731645588256136
122,Modular causal latent SCM,True,21,2,-7821.29990546208,0.49969264332727953,1.8890397847284826
123,Pooled associative latent class model,True,27,1,-7919.513955755892,0.4488904441853356,2.126298523088433
123,Target-calibrated associative latent model,True,20,1,-7675.7152184504,0.4738602055397502,2.128464051526501
123,Modular causal latent SCM,True,19,1,-7685.4228601101795,0.47720042525141965,2.134351209162749
124,Pooled associative latent class model,True,21,1,-7894.406658546073,0.48283917605547383,2.027123691326046
124,Target-calibrated associative latent model,True,17,1,-7658.196415094479,0.4811854750345444,2.066538421618252
124,Modular causal latent SCM,True,17,1,-7664.670183142569,0.4834350577815213,2.0635905130492436
125,Pooled associative latent class model,True,20,1,-7903.715293764481,0.4724706212209604,1.843638386991474
125,Target-calibrated associative latent model,True,19,1,-7715.410260123477,0.46128363382664184,1.9741591957376747
125,Modular causal latent SCM,True,20,1,-7717.444304075772,0.4585967972131749,1.971077201962533
126,Pooled associative latent class model,True,27,1,-7917.289725751973,0.44942031878760585,2.080127689074854
126,Target-calibrated associative latent model,True,30,2,-7717.1164856037885,0.44527409149376324,2.087016380126698
126,Modular causal latent SCM,True,28,1,-7722.977176869119,0.4403941799880625,2.08343387547382
127,Pooled associative latent class model,True,20,1,-7982.537435042865,0.4615372136381072,1.9289171846940603
127,Target-calibrated associative latent model,True,13,2,-7756.340533849531,0.4965385634387539,2.1014291159310377
127,Modular causal latent SCM,True,22,3,-7762.191470358035,0.49827331752672954,2.09970297538498
128,Pooled associative latent class model,True,23,3,-8033.211933176458,0.4617513628136856,1.9380890168226474
128,Target-calibrated associative latent model,True,23,0,-7804.235253596878,0.45593635775590086,2.0180742434825634
128,Modular causal latent SCM,True,28,1,-7808.75457847564,0.45412139187053313,2.02492208018327
129,Pooled associative latent class model,True,25,1,-8019.976407182923,0.44462862564102795,1.9891660741185522
129,Target-calibrated associative latent model,True,24,1,-7801.99373547986,0.44956392855493077,2.0399851247065337
129,Modular causal latent SCM,True,25,1,-7803.17422750678,0.4463292525756639,2.041519843883555
130,Pooled associative latent class model,True,29,2,-7988.064573370601,0.4599931312940127,1.9814302551857406
130,Target-calibrated associative latent model,True,27,2,-7813.061612057141,0.45758636423780774,2.0439673696466967
130,Modular causal latent SCM,True,25,1,-7814.839691094483,0.4534650335002464,2.0386125534088357
131,Pooled associative latent class model,True,18,3,-7988.808752125929,0.49402022604736867,2.0441861113533966
131,Target-calibrated associative latent model,True,19,0,-7738.267665561894,0.49309032288415555,2.0465810311007555
131,Modular causal latent SCM,True,16,2,-7744.170310190428,0.4942927188980101,2.049012063816848
132,Pooled associative latent class model,True,27,3,-8034.9084916961065,0.47317126226542805,1.7690842987936644
132,Target-calibrated associative latent model,True,24,3,-7820.106270265673,0.48144322157612524,1.759109078910313
132,Modular causal latent SCM,True,23,3,-7825.556563807802,0.48165039375649527,1.7534335189950938
133,Pooled associative latent class model,True,31,1,-7918.331998676371,0.4552797940861673,2.1498411488655034
133,Target-calibrated associative latent model,True,21,2,-7694.945473612786,0.47793565797844395,2.19353558274429
133,Modular causal latent SCM,True,21,3,-7694.655773569462,0.47580598168231786,2.194201880912858
134,Pooled associative latent class model,True,26,1,-8050.076779516737,0.4801993590087826,1.9985852223296292
134,Target-calibrated associative latent model,True,24,1,-7814.1846248596685,0.48582760747240383,1.9630115622107178
134,Modular causal latent SCM,True,24,1,-7817.94502040644,0.4914014655922818,1.9664138771816386
135,Pooled associative latent class model,True,20,2,-7947.025567901375,0.48349292934077664,1.9783432970931922
135,Target-calibrated associative latent model,True,21,1,-7731.030200694718,0.4964548765994511,2.0306400627636587
135,Modular causal latent SCM,True,14,3,-7735.669428727083,0.4962939540223269,2.045676658319882
136,Pooled associative latent class model,True,23,1,-7959.442482675093,0.46762503141982714,1.9355303497968657
136,Target-calibrated associative latent model,True,20,1,-7723.864084358456,0.46842586493714583,1.958594193068368
136,Modular causal latent SCM,True,20,1,-7730.16182871326,0.4675827482862294,1.9600888911589747
137,Pooled associative latent class model,True,27,1,-7901.138541674669,0.46608405038480877,1.955410287324678
137,Target-calibrated associative latent model,True,19,1,-7706.497398162283,0.4588078440386332,2.033659981948988
137,Modular causal latent SCM,True,20,1,-7710.122043317356,0.4570597087031022,2.0330132083958836
138,Pooled associative latent class model,True,21,1,-7924.205984853758,0.48680344456654806,1.8418916639851712
138,Target-calibrated associative latent model,True,19,1,-7730.297064323403,0.46969558181920207,1.9775334267917928
138,Modular causal latent SCM,True,19,1,-7741.194407281097,0.47209028578570533,1.9572509480740972
139,Pooled associative latent class model,True,22,0,-8015.449158472334,0.4998817728207791,1.83198170804352
139,Target-calibrated associative latent model,True,14,3,-7803.6683095596345,0.4962031256281231,1.9113838720571803
139,Modular causal latent SCM,True,30,3,-7806.354403728001,0.49419010207195785,1.9272869584154
140,Pooled associative latent class model,True,20,0,-7966.935913301584,0.49502906253852935,1.8343896858926299
140,Target-calibrated associative latent model,True,20,0,-7712.81357792183,0.488720894772365,1.9081368292073435
140,Modular causal latent SCM,True,24,2,-7716.13021040819,0.4876970662429795,1.8916454368444169
141,Pooled associative latent class model,True,21,1,-8046.774728539682,0.4746835737561054,2.0033691787754546
141,Target-calibrated associative latent model,True,23,2,-7803.361236631248,0.46868428900686376,2.120816444929563
141,Modular causal latent SCM,True,19,1,-7811.620615250142,0.4689520940910011,2.0989273267445787
142,Pooled associative latent class model,True,23,1,-7969.061611827356,0.4751308498331633,1.9188714127805762
142,Target-calibrated associative latent model,True,21,1,-7736.120207165417,0.46904493380964773,1.9469589023859202
142,Modular causal latent SCM,True,20,1,-7737.441909280149,0.46991097407626586,1.9505336684479966
143,Pooled associative latent class model,True,15,0,-7997.868148819596,0.4934799411301589,2.227560421151199
143,Target-calibrated associative latent model,True,14,0,-7760.69744925749,0.4973536505175578,2.311188669877264
143,Modular causal latent SCM,True,18,1,-7762.614393265495,0.4955117935148665,2.2797697095044036
144,Pooled associative latent class model,True,24,0,-8033.636218796295,0.4620611020958712,1.8310152979055756
144,Target-calibrated associative latent model,True,23,0,-7799.909825656498,0.46718316487632855,1.794895362188359
144,Modular causal latent SCM,True,23,0,-7802.567281328066,0.46907721984385714,1.7831269734782151
145,Pooled associative latent class model,True,25,1,-8004.756206400553,0.4581403672114877,2.0382575431100816
145,Target-calibrated associative latent model,True,26,1,-7749.912039461903,0.4266550980502111,2.0965124120546763
145,Modular causal latent SCM,True,26,1,-7754.324079709416,0.425379807840138,2.0948392099521644
146,Pooled associative latent class model,True,20,3,-7824.130027079143,0.4961059193418264,2.0656692287204748
146,Target-calibrated associative latent model,True,20,3,-7599.912878099907,0.48244936336951155,2.133748795909673
146,Modular causal latent SCM,True,23,1,-7605.286611797199,0.48064120533980986,2.0981747702603535
147,Pooled associative latent class model,True,16,0,-8138.1382236986765,0.4929524951924939,1.945483170132262
147,Target-calibrated associative latent model,True,25,3,-7915.532476901907,0.4642030126140652,2.0059857426717684
147,Modular causal latent SCM,True,25,3,-7918.818160639319,0.4616551523937325,2.0153396151215572
148,Pooled associative latent class model,True,25,1,-7983.651287181421,0.48771187102878116,2.0324939828191075
148,Target-calibrated associative latent model,True,20,2,-7762.897859450676,0.4953177949845417,2.1106420166931645
148,Modular causal latent SCM,True,18,3,-7765.551949985951,0.49808248737616445,2.0845702187043784
149,Pooled associative latent class model,True,16,0,-7984.539591854898,0.49364973886411717,2.0543504293483896
149,Target-calibrated associative latent model,True,18,3,-7757.211502770086,0.4950706004822388,2.1460707390442253
149,Modular causal latent SCM,True,19,2,-7764.541941621479,0.49363838544826344,2.1403623395871954
150,Pooled associative latent class model,True,18,0,-8012.915089673259,0.4900593571092798,1.846885843619007
150,Target-calibrated associative latent model,True,23,3,-7789.9327499895235,0.4961996768822459,1.9192322513228945
150,Modular causal latent SCM,True,23,3,-7793.290549504888,0.4935471290162581,1.921535301043039
151,Pooled associative latent class model,True,14,3,-8021.048389590749,0.4997582557473163,2.088224590758836
151,Target-calibrated associative latent model,True,18,3,-7793.699569170558,0.4938105230294006,2.1818270902361996
151,Modular causal latent SCM,True,16,3,-7798.291923129037,0.49304016724728095,2.18264337700069
152,Pooled associative latent class model,True,29,2,-8017.136289165776,0.447378136391078,1.940134391671903
152,Target-calibrated associative latent model,True,29,2,-7774.689030291673,0.44694575548634424,2.062885459661425
152,Modular causal latent SCM,True,27,3,-7778.44599100978,0.447025494742667,2.0531403405274204
153,Pooled associative latent class model,True,24,1,-7943.018114340836,0.48066168640969326,1.9368378781685998
153,Target-calibrated associative latent model,True,23,1,-7727.298079782127,0.45022375611926085,1.9593912175531747
153,Modular causal latent SCM,True,23,1,-7731.261816317343,0.45281245377978835,1.9568447636251942
154,Pooled associative latent class model,True,17,2,-8009.183854313962,0.4726411938034099,2.139507767291845
154,Target-calibrated associative latent model,True,16,0,-7770.058907312664,0.4887623482739682,2.160746609761005
154,Modular causal latent SCM,True,16,0,-7772.332586971325,0.4843912368009008,2.1684357199116686
155,Pooled associative latent class model,True,16,2,-8046.0867213573,0.4914311175456328,2.1429249495730245
155,Target-calibrated associative latent model,True,15,0,-7832.465638427958,0.48216153068544987,2.211522319571424
155,Modular causal latent SCM,True,16,0,-7837.236099702331,0.4793967185185165,2.209349794017697
156,Pooled associative latent class model,True,24,1,-7966.718083582604,0.46173414955792097,2.0073206276546056
156,Target-calibrated associative latent model,True,23,1,-7731.7380928487855,0.46288781058194656,2.0967602402419576
156,Modular causal latent SCM,True,23,1,-7738.325649687189,0.46192396579802153,2.0991053406607594
157,Pooled associative latent class model,True,31,1,-8037.510476963291,0.45356982198212886,2.036858446788851
157,Target-calibrated associative latent model,True,29,1,-7817.762381318424,0.4632782777497343,2.116738691943912
157,Modular causal latent SCM,True,29,1,-7824.165004115015,0.46124766725796,2.112599907316258
158,Pooled associative latent class model,True,30,2,-8068.477896743205,0.47171631938062547,1.9420094616208348
158,Target-calibrated associative latent model,True,25,1,-7828.270229172902,0.45669553302290977,1.9866321325661844
158,Modular causal latent SCM,True,25,1,-7833.512198433676,0.45878420407244686,2.013366453644312
159,Pooled associative latent class model,True,20,1,-7995.185985442912,0.4771042457413781,1.8602347650739204
159,Target-calibrated associative latent model,True,12,2,-7771.215520141761,0.4984158916401002,1.932535591766571
159,Modular causal latent SCM,True,10,3,-7778.364292569666,0.4984460536692463,1.9155543683772547
160,Pooled associative latent class model,True,25,2,-8042.476522647985,0.4799383501973766,1.9451976526427472
160,Target-calibrated associative latent model,True,22,0,-7831.768777437638,0.4697931012106264,2.011116761110547
160,Modular causal latent SCM,True,24,1,-7834.165331138504,0.47339250204181615,1.9925626579536937
161,Pooled associative latent class model,True,35,0,-8052.1141483441925,0.43101814284299217,1.7711787278637376
161,Target-calibrated associative latent model,True,30,1,-7820.366547496748,0.4359234907266683,1.8605189934523827
161,Modular causal latent SCM,True,31,1,-7823.026254730278,0.43368491088078914,1.8613069080551805
162,Pooled associative latent class model,True,25,2,-8011.495624184232,0.4511656433174454,1.9490530727920774
162,Target-calibrated associative latent model,True,18,2,-7777.566278684129,0.49451857961137896,1.943403438020845
162,Modular causal latent SCM,True,17,0,-7781.287343318882,0.491425065584035,1.9503311012622042
163,Pooled associative latent class model,True,15,2,-8069.998578008986,0.49299915854232823,1.908432421672615
163,Target-calibrated associative latent model,True,21,1,-7859.56632200071,0.48623292264902274,1.8957102649091624
163,Modular causal latent SCM,True,18,0,-7861.495130493304,0.48413411174104803,1.9157642053971782
164,Pooled associative latent class model,True,24,1,-8024.97247272174,0.47456160740688297,1.7771511382565945
164,Target-calibrated associative latent model,True,19,0,-7786.145523059871,0.49158542286317275,1.8635475456026747
164,Modular causal latent SCM,True,23,2,-7787.935053174653,0.49019400247688494,1.8596889393555673
165,Pooled associative latent class model,True,20,3,-8055.015198782998,0.48963073241673216,2.0189671164300536
165,Target-calibrated associative latent model,True,19,3,-7811.036433680096,0.4895015276144267,2.1115244845207597
165,Modular causal latent SCM,True,21,2,-7818.311573298825,0.4920716164724416,2.107273554446079
166,Pooled associative latent class model,True,27,2,-8048.885061028512,0.4770957452432817,1.9789578252944025
166,Target-calibrated associative latent model,True,21,0,-7820.121811227926,0.46998105799127476,2.014621780966053
166,Modular causal latent SCM,True,25,2,-7824.380079397647,0.4717260733038102,2.011208968862678
167,Pooled associative latent class model,True,16,0,-7970.379870148891,0.48220454529185963,2.0593804093382952
167,Target-calibrated associative latent model,True,20,3,-7745.902522750972,0.48056457192267205,2.0992229290878175
167,Modular causal latent SCM,True,19,2,-7749.039210716743,0.48073872559698694,2.092035977578056
168,Pooled associative latent class model,True,31,2,-8058.514453666303,0.4379094698154467,2.031081442243168
168,Target-calibrated associative latent model,True,17,0,-7809.674050383395,0.4890735636689196,2.0146177871302067
168,Modular causal latent SCM,True,27,2,-7819.235872463286,0.4754943755942179,2.033841082623532
169,Pooled associative latent class model,True,24,1,-7939.72083539197,0.4642145311944326,1.7451091905633453
169,Target-calibrated associative latent model,True,21,0,-7719.474320928999,0.4783766136854122,1.8681153399270505
169,Modular causal latent SCM,True,21,0,-7723.631512096939,0.47510904740854565,1.8760031001235307
170,Pooled associative latent class model,True,46,2,-8055.40234505887,0.3894638110069583,2.043907809702291
170,Target-calibrated associative latent model,True,34,3,-7815.116067088593,0.4247283647964812,2.122689161478407
170,Modular causal latent SCM,True,35,1,-7816.783284411658,0.423207724893438,2.1207209924831063
171,Pooled associative latent class model,True,20,2,-8064.578685432555,0.45746982866856384,1.986345683278873
171,Target-calibrated associative latent model,True,28,2,-7825.694875760675,0.45950138114227795,2.0170145809551103
171,Modular causal latent SCM,True,22,1,-7829.7683518001595,0.4567358569637146,2.0077117650642062
172,Pooled associative latent class model,True,21,2,-7978.655394361236,0.49084131039814033,2.1907228233829823
172,Target-calibrated associative latent model,True,26,3,-7771.453194173598,0.47609236190068727,2.194331701730837
172,Modular causal latent SCM,True,21,2,-7773.95339730163,0.480193871865719,2.1807300747613887
173,Pooled associative latent class model,True,18,2,-7998.717386974474,0.4867596373501403,1.8974896565654555
173,Target-calibrated associative latent model,True,23,3,-7754.138952073497,0.4822056487908557,1.9870928949172364
173,Modular causal latent SCM,True,17,0,-7758.096601415272,0.4866932919887206,1.9955055805019866
174,Pooled associative latent class model,True,30,1,-8120.211785431711,0.4602334779441181,1.8600686888150906
174,Target-calibrated associative latent model,True,25,2,-7870.792770362945,0.4783199307402279,1.952808864981225
174,Modular causal latent SCM,True,24,1,-7872.893405265263,0.47747495359834613,1.9474036401942865
175,Pooled associative latent class model,True,16,0,-7948.943538454185,0.49796665592281697,2.09783432236579
175,Target-calibrated associative latent model,True,20,1,-7713.023151647585,0.4868072508095659,2.151198294286718
175,Modular causal latent SCM,True,20,1,-7715.730024053962,0.48585667088505147,2.1584700727944597
176,Pooled associative latent class model,True,19,1,-7966.442735255874,0.48205171419693643,1.8284569964663144
176,Target-calibrated associative latent model,True,17,1,-7729.56927759381,0.49163400879461794,2.0137057925335764
176,Modular causal latent SCM,True,17,1,-7733.97591551935,0.49215689942099156,2.0065505493671156
177,Pooled associative latent class model,True,24,2,-8071.087041561087,0.4984357082133394,2.13428754453575
177,Target-calibrated associative latent model,True,18,3,-7841.888971568149,0.49423280188306484,2.2006215285373756
177,Modular causal latent SCM,True,15,3,-7848.301558165014,0.49431830217164713,2.2022258360594824
178,Pooled associative latent class model,True,19,0,-8094.671847180362,0.48930952618865203,1.9584124917837527
178,Target-calibrated associative latent model,True,17,0,-7881.537531439938,0.49529332017098116,2.0945387137212963
178,Modular causal latent SCM,True,19,2,-7888.766115862742,0.49608975313810555,2.0760719747313647
179,Pooled associative latent class model,True,24,0,-8034.915779199584,0.4758831988448124,1.7676840888150067
179,Target-calibrated associative latent model,True,24,1,-7802.822204038574,0.47026252251387085,1.8797695956093659
179,Modular causal latent SCM,True,20,3,-7804.294124487192,0.473847411659192,1.8862165861675688
180,Pooled associative latent class model,True,24,3,-8063.05581846288,0.4689705371989136,2.2569349322690475
180,Target-calibrated associative latent model,True,17,2,-7795.446467095209,0.481817949104975,2.3418204073959457
180,Modular causal latent SCM,True,19,2,-7798.564001551344,0.4811338818159057,2.352287859161778
181,Pooled associative latent class model,True,24,2,-8044.041334662536,0.4841226387220824,2.0444720534970875
181,Target-calibrated associative latent model,True,21,0,-7813.4196680522,0.47351805803014985,2.112147152794993
181,Modular causal latent SCM,True,20,3,-7817.967057911847,0.47289385200898715,2.1219116132013993
182,Pooled associative latent class model,True,19,3,-8043.903619877323,0.489676437538215,1.9243471303644024
182,Target-calibrated associative latent model,True,20,0,-7839.515719238584,0.4927278764305653,1.9200588381371997
182,Modular causal latent SCM,True,20,0,-7851.905903125365,0.49234842831789616,1.9135241103139764
183,Pooled associative latent class model,True,22,2,-7971.668911201989,0.48269413765628466,1.8975475542514992
183,Target-calibrated associative latent model,True,19,0,-7758.279958463785,0.49763156688715626,1.9671109438865564
183,Modular causal latent SCM,True,14,2,-7767.632683257047,0.49926485476727794,1.940353523350281
184,Pooled associative latent class model,True,25,1,-7954.844135877299,0.45999410743474567,1.9230669978262358
184,Target-calibrated associative latent model,True,15,1,-7740.159671471423,0.4742758495328951,1.9369654894052521
184,Modular causal latent SCM,True,15,1,-7742.535005187461,0.4748610057214776,1.9326581244662688
185,Pooled associative latent class model,True,20,1,-8006.508512331326,0.48211077315101214,2.0283841031320113
185,Target-calibrated associative latent model,True,22,2,-7800.738818044364,0.496600440988,2.106104834581166
185,Modular causal latent SCM,True,16,0,-7801.758605394303,0.49548741179611866,2.1190898119924264
186,Pooled associative latent class model,True,25,3,-8024.584001528774,0.4737387723023824,2.12223354169387
186,Target-calibrated associative latent model,True,23,3,-7754.733094800775,0.467931736295877,2.1704760297247874
186,Modular causal latent SCM,True,24,3,-7761.386442720707,0.4647187083686971,2.16898376344255
187,Pooled associative latent class model,True,23,0,-8046.747288179529,0.4630551473678589,1.9494790118133098
187,Target-calibrated associative latent model,True,21,1,-7812.132972893965,0.46463476399895637,2.0411721015484545
187,Modular causal latent SCM,True,24,3,-7811.943686140801,0.45879308127795715,2.059343762078279
188,Pooled associative latent class model,True,21,2,-7993.21997589947,0.49798045219669096,1.8988193290332962
188,Target-calibrated associative latent model,True,20,3,-7748.9567700403095,0.49698689946398733,2.0222880303939457
188,Modular causal latent SCM,True,18,0,-7749.956497569046,0.49030902282228017,2.0220473033953588
189,Pooled associative latent class model,True,17,2,-8028.63341558285,0.4930493043393544,1.7882553142645912
189,Target-calibrated associative latent model,True,19,1,-7801.365146805336,0.4794122777203812,1.8285534907152436
189,Modular causal latent SCM,True,19,1,-7804.180578933507,0.47847287204580025,1.8249984386044762
190,Pooled associative latent class model,True,36,2,-7893.532378077315,0.4048701307328692,2.0416500342607526
190,Target-calibrated associative latent model,True,26,2,-7639.277916040515,0.44473156468590863,2.04121323438969
190,Modular causal latent SCM,True,25,0,-7640.709947157204,0.44698792418238514,2.0338939117483767
191,Pooled associative latent class model,True,45,3,-7929.16061139325,0.3951193418992918,2.234175880611028
191,Target-calibrated associative latent model,True,39,3,-7698.512951908859,0.3959161134829374,2.2288451204784736
191,Modular causal latent SCM,True,34,3,-7709.103504729728,0.39481470203596847,2.2237081171634103
192,Pooled associative latent class model,True,17,2,-8029.67772782631,0.4845980242475599,1.8982497032636307
192,Target-calibrated associative latent model,True,17,0,-7793.029554493149,0.48768126180093707,1.977538801447527
192,Modular causal latent SCM,True,17,0,-7794.7487014408825,0.4866809995579288,1.9795423334273572
193,Pooled associative latent class model,True,28,1,-8021.297760020532,0.45126882724417006,1.9271848350248424
193,Target-calibrated associative latent model,True,30,1,-7782.743877068489,0.43861283032329007,1.9772022972622203
193,Modular causal latent SCM,True,34,2,-7786.169844728033,0.4413884023029146,1.9888234687257527
194,Pooled associative latent class model,True,28,1,-8063.4340721438875,0.439137895576048,1.9678613539764407
194,Target-calibrated associative latent model,True,27,3,-7809.771414570385,0.44037646935058133,2.0741748431159577
194,Modular causal latent SCM,True,25,0,-7816.5955597766815,0.4440851279705298,2.0568678283297532
195,Pooled associative latent class model,True,20,1,-8006.800427615142,0.4942439273019934,1.9197575840701497
195,Target-calibrated associative latent model,True,19,1,-7793.995195278,0.48079024419672894,1.9282783364721545
195,Modular causal latent SCM,True,19,1,-7802.959874546566,0.48002295541047124,1.9232853541252428
196,Pooled associative latent class model,True,26,1,-7964.045874212028,0.4684228485784081,2.313241878842228
196,Target-calibrated associative latent model,True,22,3,-7731.72771904259,0.4809155728764716,2.2601309977111077
196,Modular causal latent SCM,True,23,1,-7745.0045829429,0.47673581853340097,2.2595437099733084
197,Pooled associative latent class model,True,18,0,-7936.322897848772,0.47748875506848754,1.8444590820409152
197,Target-calibrated associative latent model,True,16,2,-7709.214939364477,0.4946153254687838,1.8730864821282158
197,Modular causal latent SCM,True,19,1,-7713.795916345622,0.49319289074388006,1.8611316501071524
198,Pooled associative latent class model,True,27,3,-8009.7995453515805,0.47765584311956266,1.8343254484715321
198,Target-calibrated associative latent model,True,27,1,-7817.241100828296,0.45549933871939213,1.8375273617385206
198,Modular causal latent SCM,True,27,1,-7817.93601888657,0.457322383942499,1.841662047660821
199,Pooled associative latent class model,True,23,1,-8005.267064621615,0.45516866369677383,1.9237567763832615
199,Target-calibrated associative latent model,True,19,1,-7777.3404090384265,0.47184218505805503,1.947541309015675
199,Modular causal latent SCM,True,19,1,-7784.072749065587,0.4750816910261618,1.9535294141485076
200,Pooled associative latent class model,True,30,0,-7974.94289816564,0.47424142822439436,1.8986269355178669
200,Target-calibrated associative latent model,True,26,1,-7700.371429892081,0.46532440091146554,1.9933024968883648
200,Modular causal latent SCM,True,26,1,-7700.5694163589615,0.4632613916546918,1.973708419232553
201,Pooled associative latent class model,True,15,3,-7890.983822487057,0.4992816221419451,1.9494379350262765
201,Target-calibrated associative latent model,True,19,0,-7687.4403411686235,0.48745209812155976,2.0247446767372406
201,Modular causal latent SCM,True,19,0,-7691.58783917164,0.49139101536455926,2.0204441421647417
202,Pooled associative latent class model,True,22,1,-7980.710895102886,0.4671277824973784,1.8854298976358965
202,Target-calibrated associative latent model,True,19,1,-7747.3252764456465,0.47894810193543386,2.04337026893278
202,Modular causal latent SCM,True,19,1,-7748.78999352022,0.4827771765099329,2.0538851881236098
203,Pooled associative latent class model,True,19,3,-7923.311142513638,0.4948534305664496,1.953155318768677
203,Target-calibrated associative latent model,True,20,3,-7689.219387318541,0.4962188526053016,2.0058490321749174
203,Modular causal latent SCM,True,21,2,-7691.410803765064,0.4954154977642083,2.008451940513418
204,Pooled associative latent class model,True,16,3,-7984.468350483289,0.498597793375979,1.9167066768574799
204,Target-calibrated associative latent model,True,26,2,-7773.68194592966,0.4853396685375357,1.9707275424289727
204,Modular causal latent SCM,True,18,1,-7776.936450523193,0.4887795972983291,1.932715780143694
205,Pooled associative latent class model,True,14,3,-7908.309055241036,0.493262248711775,2.0898285825471428
205,Target-calibrated associative latent model,True,19,1,-7631.372003891295,0.45995591925431956,2.129262331024322
205,Modular causal latent SCM,True,19,1,-7643.381687443888,0.46775384300235057,2.11943401195445
206,Pooled associative latent class model,True,27,3,-7978.199715777326,0.48162396065784296,1.883052656190133
206,Target-calibrated associative latent model,True,22,1,-7751.652325619226,0.4719997082223171,1.9261578478683616
206,Modular causal latent SCM,True,22,1,-7755.510006529952,0.4704182764203873,1.9120443377581662
207,Pooled associative latent class model,True,28,2,-7984.710148522632,0.4658066421745796,1.8885841201589868
207,Target-calibrated associative latent model,True,25,3,-7759.570711500375,0.4789346578910762,1.9253082210857377
207,Modular causal latent SCM,True,21,0,-7763.3670650192325,0.48520848854949894,1.9236392186335456
208,Pooled associative latent class model,True,17,2,-7968.241373462392,0.4941883133670311,1.9648508045430164
208,Target-calibrated associative latent model,True,27,3,-7735.641101505505,0.49443963226048315,2.0195137036630673
208,Modular causal latent SCM,True,20,3,-7745.213455152616,0.4967873032158141,2.0132690828639497
209,Pooled associative latent class model,True,32,3,-7978.147010630215,0.4872428375594605,1.643172289440951
209,Target-calibrated associative latent model,True,32,2,-7737.355549674432,0.4336971737216291,1.6906194013523619
209,Modular causal latent SCM,True,34,3,-7746.8501534511815,0.4330741060889213,1.6982005933414202
210,Pooled associative latent class model,True,23,1,-7980.709626949771,0.49135844223219577,1.9397946622854338
210,Target-calibrated associative latent model,True,15,2,-7740.445654218021,0.4957173230403145,1.8927914922135238
210,Modular causal latent SCM,True,19,1,-7744.838338269154,0.4934212223477812,1.8873447599375415
211,Pooled associative latent class model,True,36,0,-8096.2288763878005,0.4299412698167179,1.7282953406415718
211,Target-calibrated associative latent model,True,32,0,-7865.307146144362,0.44137791535008936,1.7259056584677666
211,Modular causal latent SCM,True,34,3,-7873.241186616678,0.4436188298900888,1.729459287070994
212,Pooled associative latent class model,True,14,0,-7984.008890020492,0.4883019225861397,2.168366150604116
212,Target-calibrated associative latent model,True,15,0,-7756.106058986398,0.4897338931443847,2.213672211792378
212,Modular causal latent SCM,True,15,0,-7762.286004546986,0.48822040619544005,2.2122076004253843
213,Pooled associative latent class model,True,30,1,-7978.938185127046,0.4385553225893505,1.9457925296523377
213,Target-calibrated associative latent model,True,28,2,-7763.695514396752,0.4529723117916866,1.9547569692702562
213,Modular causal latent SCM,True,28,2,-7767.37046773546,0.4602309051904422,1.9439835929929952
214,Pooled associative latent class model,True,16,0,-8031.601125072062,0.4989062828720316,1.9610197453732088
214,Target-calibrated associative latent model,True,24,1,-7822.445978754651,0.4596281759474298,1.917086525195828
214,Modular causal latent SCM,True,24,1,-7825.486429129021,0.46591841383429783,1.921574740095641
215,Pooled associative latent class model,True,19,0,-7932.469243116051,0.48190171794229664,1.9934334809624237
215,Target-calibrated associative latent model,True,18,3,-7736.352015411761,0.4906702192497415,2.0973264734883736
215,Modular causal latent SCM,True,19,2,-7740.054237211887,0.4881397453257244,2.092013363671726
216,Pooled associative latent class model,True,19,0,-7931.7960860702,0.49010429039877534,1.902473312776911
216,Target-calibrated associative latent model,True,27,2,-7710.973162948647,0.4825057795638084,2.0188501805812944
216,Modular causal latent SCM,True,18,0,-7717.382712625818,0.4844817539578309,2.0438212641388493
217,Pooled associative latent class model,True,24,1,-8019.055482805719,0.4658251434852259,1.9296623437991585
217,Target-calibrated associative latent model,True,25,3,-7798.959315263236,0.4632194038275632,1.9323703617515076
217,Modular causal latent SCM,True,24,2,-7806.932023266107,0.4636059395504345,1.935257745966731
218,Pooled associative latent class model,True,23,0,-7959.396364065768,0.46776785604798277,1.9797111605044662
218,Target-calibrated associative latent model,True,18,3,-7748.119177398823,0.48193754407885586,1.9879050218604393
218,Modular causal latent SCM,True,22,3,-7753.39995533665,0.47735422000182215,1.990879182919521
219,Pooled associative latent class model,True,34,1,-7979.3429861502955,0.4654906207275418,1.9313233836513035
219,Target-calibrated associative latent model,True,23,3,-7763.029986945071,0.47690979117619614,1.968632111164735
219,Modular causal latent SCM,True,18,0,-7765.780986937176,0.4791006593680329,1.964822640690539
220,Pooled associative latent class model,True,20,1,-8018.278779042526,0.47603669556549927,1.926973414394057
220,Target-calibrated associative latent model,True,25,2,-7796.877278586326,0.46447786980275724,1.993378891734151
220,Modular causal latent SCM,True,20,1,-7799.6842043756715,0.46334258802320455,1.979477194765816
221,Pooled associative latent class model,True,28,1,-8023.248857382143,0.4512918421476316,1.8504683057947675
221,Target-calibrated associative latent model,True,24,1,-7773.189873304473,0.46946088906684674,1.9807687769667885
221,Modular causal latent SCM,True,24,1,-7777.51882909367,0.47188627773201713,1.9755231561501922
222,Pooled associative latent class model,True,24,1,-8025.875728625652,0.4828109918921,1.7740413821696097
222,Target-calibrated associative latent model,True,14,2,-7834.937415329297,0.4993066846326759,1.8843483601972988
222,Modular causal latent SCM,True,20,1,-7839.281709300618,0.494871804883808,1.8517330522997792
223,Pooled associative latent class model,True,24,1,-7986.054537191508,0.46202441847851966,2.0806586040579935
223,Target-calibrated associative latent model,True,22,0,-7762.965404038547,0.46292980981832166,2.0872167781887145
223,Modular causal latent SCM,True,24,2,-7772.021360510558,0.46290440645052755,2.101264605107541
224,Pooled associative latent class model,True,15,0,-8007.754207323034,0.4944681416330458,1.9822829734098848
224,Target-calibrated associative latent model,True,24,1,-7763.72990167555,0.48579828807919373,1.9729150882262099
224,Modular causal latent SCM,True,25,1,-7770.366188546221,0.48264024693062235,1.965941185775381
225,Pooled associative latent class model,True,25,1,-8022.895975515641,0.4728209986618314,1.769275319871184
225,Target-calibrated associative latent model,True,22,1,-7768.268664797815,0.4807510520805603,1.732556642269524
225,Modular causal latent SCM,True,22,1,-7774.266861728783,0.4819575732010806,1.7379902776556158
226,Pooled associative latent class model,True,15,3,-8038.733476416369,0.49260889508788674,1.8223523341724177
226,Target-calibrated associative latent model,True,19,2,-7801.643317872511,0.4905411335463393,1.964054350479422
226,Modular causal latent SCM,True,22,2,-7806.3444125740625,0.4937539405751393,1.9478691860962818
227,Pooled associative latent class model,True,28,3,-8130.651490112245,0.45669289928381396,1.975200572909357
227,Target-calibrated associative latent model,True,33,2,-7896.430758806386,0.4265269022400371,1.9480137662318497
227,Modular causal latent SCM,True,33,0,-7908.239695799552,0.4292003089190089,1.9431868488327124
228,Pooled associative latent class model,True,24,1,-8016.932897613293,0.4904601460694375,2.012134759879537
228,Target-calibrated associative latent model,True,18,0,-7810.596004523812,0.4970722463922421,2.121910162381181
228,Modular causal latent SCM,True,15,2,-7818.034787985411,0.4998684287382796,2.098800281189237
229,Pooled associative latent class model,True,17,2,-7967.767609843533,0.49913984148391705,2.0178608585615603
229,Target-calibrated associative latent model,True,20,3,-7752.251537709616,0.491438926176499,2.1301038096268865
229,Modular causal latent SCM,True,20,3,-7758.408237947181,0.4882845208123491,2.138160184651813
230,Pooled associative latent class model,True,20,1,-8030.423854438665,0.4721607047689447,1.958849133578032
230,Target-calibrated associative latent model,True,18,2,-7782.208932795436,0.4883381530942253,1.9798750539606496
230,Modular causal latent SCM,True,17,3,-7784.005377039322,0.48805244540025977,1.986061938237334
231,Pooled associative latent class model,True,20,3,-7924.633157449536,0.4936063082638652,1.986436989858643
231,Target-calibrated associative latent model,True,18,2,-7693.3793652877575,0.4998927067947874,2.0631954910777615
231,Modular causal latent SCM,True,14,3,-7695.912593383475,0.4984889838223055,2.0388720413685224
232,Pooled associative latent class model,True,18,1,-7963.4771330819685,0.4756516928847092,2.062580194180592
232,Target-calibrated associative latent model,True,36,3,-7769.403592147379,0.43765438907261417,2.1082885873057187
232,Modular causal latent SCM,True,37,3,-7773.028507997648,0.4377240084854102,2.1127029083430395
233,Pooled associative latent class model,True,16,0,-8049.497342623317,0.4868751856188629,2.01366361087381
233,Target-calibrated associative latent model,True,15,0,-7802.160068803505,0.4845810329427031,2.0710703585165717
233,Modular causal latent SCM,True,16,0,-7803.024195021308,0.48557536077748314,2.070357260326716
234,Pooled associative latent class model,True,23,1,-7971.283897004256,0.47615420932162755,1.9656858851972836
234,Target-calibrated associative latent model,True,19,1,-7743.178166606403,0.4723643995604764,2.0542997359855466
234,Modular causal latent SCM,True,20,1,-7745.459601529529,0.4707319735941792,2.0413837295981567
235,Pooled associative latent class model,True,25,1,-7942.479386241916,0.4705679742491726,2.0307947747545994
235,Target-calibrated associative latent model,True,22,1,-7725.085087560095,0.46830070788889633,2.1281572262835136
235,Modular causal latent SCM,True,22,1,-7727.469843426436,0.47016040719490815,2.123709425125992
236,Pooled associative latent class model,True,20,1,-8010.65161976564,0.4836879318556377,1.7798851992855935
236,Target-calibrated associative latent model,True,17,2,-7772.422885096638,0.4989420236118157,1.8831382786126514
236,Modular causal latent SCM,True,19,0,-7781.662546587025,0.49998904919130344,1.9214666161913287
237,Pooled associative latent class model,True,23,1,-7995.97785770711,0.4668164567349565,2.143952059591694
237,Target-calibrated associative latent model,True,20,2,-7732.874181306706,0.4792303726048115,2.198835833524827
237,Modular causal latent SCM,True,20,2,-7733.455531773071,0.47977786366122366,2.1963013154605306
238,Pooled associative latent class model,True,28,1,-7996.136315921104,0.4667437437490805,2.1344053846420654
238,Target-calibrated associative latent model,True,26,3,-7772.49412605581,0.4598700816552911,2.1783714739290283
238,Modular causal latent SCM,True,26,1,-7777.679832491083,0.4613944826959179,2.1739074833967686
239,Pooled associative latent class model,True,30,1,-8029.5472102955355,0.4630584240998114,2.0749580764579467
239,Target-calibrated associative latent model,True,25,1,-7841.576712130962,0.4854126028019144,2.031585293706149
239,Modular causal latent SCM,True,21,0,-7847.612211481939,0.48685273182703337,2.076257503867062
240,Pooled associative latent class model,True,20,1,-7905.03827870882,0.4848220341067827,1.8964618983649517
240,Target-calibrated associative latent model,True,20,1,-7683.540816651098,0.4695715501421682,1.9878903018020793
240,Modular causal latent SCM,True,20,1,-7690.358112331272,0.47020572318530146,1.9718927883624155
241,Pooled associative latent class model,True,18,1,-7917.263479248793,0.48040494403289713,1.7804576421431944
241,Target-calibrated associative latent model,True,17,3,-7712.081793041807,0.4902884468219911,1.9190680814416365
241,Modular causal latent SCM,True,19,0,-7720.00820441494,0.4946979690476487,1.9285055431169331
242,Pooled associative latent class model,True,17,2,-7984.006460625558,0.4946210897133469,2.173694114721692
242,Target-calibrated associative latent model,True,16,1,-7760.182045123105,0.48737542845585874,2.1908097268387783
242,Modular causal latent SCM,True,16,1,-7760.556665272739,0.4862462888724215,2.1753081290422527
243,Pooled associative latent class model,True,15,3,-7957.824862808862,0.48707745127513374,1.8120389581312086
243,Target-calibrated associative latent model,True,23,0,-7728.413044993815,0.47832918770915245,1.9114403307894516
243,Modular causal latent SCM,True,23,2,-7730.640247892165,0.4757123504622872,1.9123928465821765
244,Pooled associative latent class model,True,32,3,-7923.490315109719,0.455501796382753,2.2080339464210366
244,Target-calibrated associative latent model,True,23,1,-7697.861876981709,0.4622369770501762,2.209656828834796
244,Modular causal latent SCM,True,23,1,-7695.959147169226,0.46149064734802636,2.2123175348153223
245,Pooled associative latent class model,True,24,2,-8022.304960894717,0.462334333566423,1.8267135476992833
245,Target-calibrated associative latent model,True,26,3,-7778.915344219372,0.48827432326985193,1.840401830976987
245,Modular causal latent SCM,True,20,0,-7783.364522363038,0.4859191693075454,1.843507366373042
246,Pooled associative latent class model,True,26,1,-8005.143028060149,0.4678297511556034,1.7578687611099308
246,Target-calibrated associative latent model,True,22,1,-7779.4048912745,0.4765229170734337,1.8816274619430264
246,Modular causal latent SCM,True,22,1,-7785.722394351286,0.47623066394611985,1.8847504612119856
247,Pooled associative latent class model,True,27,3,-8001.021978389448,0.4725378564353224,1.9406465023920052
247,Target-calibrated associative latent model,True,22,1,-7775.155530065531,0.45596109591721884,1.9463877562808833
247,Modular causal latent SCM,True,22,1,-7777.63020336425,0.45701185057559274,1.945559808344675
248,Pooled associative latent class model,True,16,0,-7952.478158826123,0.49760560225904327,2.131798325071557
248,Target-calibrated associative latent model,True,21,3,-7743.170500597336,0.49040933116525154,2.1323622416818413
248,Modular causal latent SCM,True,19,0,-7745.856848489566,0.48896729824072466,2.1279292942073087
249,Pooled associative latent class model,True,31,0,-7988.744582979327,0.4401903871070118,1.8576385388747547
249,Target-calibrated associative latent model,True,22,0,-7763.337861513873,0.4590053802227588,1.9115614071917295
249,Modular causal latent SCM,True,22,0,-7764.82876294358,0.4641675192148924,1.914535039886958
250,Pooled associative latent class model,True,22,3,-7985.367053390372,0.48164648474090616,1.917403740289265
250,Target-calibrated associative latent model,True,18,1,-7765.310719690691,0.4828099247088457,1.9836910990081833
250,Modular causal latent SCM,True,18,1,-7770.513916241797,0.48377521750404345,1.9753641431021935
251,Pooled associative latent class model,True,23,1,-7934.517811546638,0.48501023216472794,1.8193829675001705
251,Target-calibrated associative latent model,True,21,1,-7686.397143218217,0.48911700105780986,1.9604401871671806
251,Modular causal latent SCM,True,21,1,-7697.386978716137,0.4891827251522496,1.9739729772755363
252,Pooled associative latent class model,True,28,2,-7967.010339927152,0.4799749171946754,1.7615222733872788
252,Target-calibrated associative latent model,True,17,3,-7717.4252698385235,0.48782692577128123,1.8837858202464663
252,Modular causal latent SCM,True,19,1,-7723.016949700917,0.4827707624394154,1.8945733253731036
253,Pooled associative latent class model,True,21,2,-7939.7479193123645,0.4871624041504721,2.032093812296599
253,Target-calibrated associative latent model,True,20,2,-7696.425889430189,0.4867129742558132,2.0473258757962434
253,Modular causal latent SCM,True,17,0,-7701.355049651051,0.48814004839415087,2.0434049321347914
254,Pooled associative latent class model,True,23,1,-7952.371422339576,0.4866356179225098,1.9328288421339637
254,Target-calibrated associative latent model,True,13,0,-7708.343320132504,0.4933237494548707,2.034881371960935
254,Modular causal latent SCM,True,13,0,-7713.4668320087685,0.49219251842375583,2.0330403775745247
255,Pooled associative latent class model,True,14,3,-8105.792996168621,0.495355351294914,1.9475840742812807
255,Target-calibrated associative latent model,True,21,3,-7857.7162785962055,0.4815530450997912,2.0841477212050927
255,Modular causal latent SCM,True,18,1,-7859.071990898357,0.4888693020746825,2.031660841969845
256,Pooled associative latent class model,True,23,1,-8009.630402455385,0.48763226878488514,1.905036738308557
256,Target-calibrated associative latent model,True,20,3,-7773.285630407607,0.4995231193466062,2.0954398216941197
256,Modular causal latent SCM,True,15,2,-7779.094968228368,0.4974386326363669,2.0559721969814744
257,Pooled associative latent class model,True,27,1,-7898.833425809749,0.4848275560973291,1.7530349233561302
257,Target-calibrated associative latent model,True,24,2,-7685.137488310652,0.4834971981357612,1.846497540549339
257,Modular causal latent SCM,True,24,1,-7688.562349447595,0.4869897306751391,1.8063091694211775
258,Pooled associative latent class model,True,23,1,-7972.59868699736,0.47703635382142107,2.263645476554517
258,Target-calibrated associative latent model,True,21,2,-7731.049779217998,0.4746741312333227,2.3127360201159926
258,Modular causal latent SCM,True,20,1,-7734.802582099168,0.4764464738083995,2.315635936498076
259,Pooled associative latent class model,True,33,2,-8095.9399666297995,0.45427281034289857,1.9428854802126325
259,Target-calibrated associative latent model,True,15,0,-7854.584796317116,0.49119890581681225,2.0309613747262265
259,Modular causal latent SCM,True,15,0,-7857.010018444058,0.49050346490314706,2.030772193056305
260,Pooled associative latent class model,True,15,0,-8062.231560013863,0.49380919536978424,2.1393308602338603
260,Target-calibrated associative latent model,True,19,1,-7814.362412602547,0.4838070700829968,2.122231532693685
260,Modular causal latent SCM,True,19,1,-7814.568760806765,0.48426910096004044,2.1234146117840567
261,Pooled associative latent class model,True,28,1,-7935.918112046464,0.4384255366630495,1.8486614333457085
261,Target-calibrated associative latent model,True,21,2,-7705.531284902336,0.4702798634087375,2.0331039879723436
261,Modular causal latent SCM,True,24,2,-7710.539270725656,0.46968966830994835,2.0192059258021215
262,Pooled associative latent class model,True,14,0,-7932.147370585429,0.4991782001178302,2.0964604764623003
262,Target-calibrated associative latent model,True,18,3,-7741.729738395787,0.47212993541796944,2.11150570950517
262,Modular causal latent SCM,True,18,2,-7745.178015481495,0.47569380724645327,2.131337442420686
263,Pooled associative latent class model,True,20,0,-8016.912733906989,0.477329091015456,1.9434640596740462
263,Target-calibrated associative latent model,True,26,3,-7794.907166839043,0.48165341820425245,1.9357769171650758
263,Modular causal latent SCM,True,23,2,-7795.698093130067,0.4809097754431588,1.9437037674754627
264,Pooled associative latent class model,True,11,3,-8040.00370921623,0.49037879752441754,1.9606460476682968
264,Target-calibrated associative latent model,True,20,1,-7805.754886374088,0.4655141452284993,1.9577047953440512
264,Modular causal latent SCM,True,20,1,-7808.325775408196,0.4658190561053926,1.9596941976986768
265,Pooled associative latent class model,True,22,1,-8029.874721812155,0.4938128614962987,1.8572393163492051
265,Target-calibrated associative latent model,True,19,0,-7825.211355069145,0.49815106560208033,1.8882908478470202
265,Modular causal latent SCM,True,18,3,-7830.62295187913,0.4999339625217277,1.8627795004786587
266,Pooled associative latent class model,True,14,0,-7912.013034738733,0.4959537897869158,2.1805007371905356
266,Target-calibrated associative latent model,True,12,0,-7714.102732016145,0.4950015460993919,2.2618923768426678
266,Modular causal latent SCM,True,12,0,-7720.246610438824,0.4949456231389265,2.2710565005531667
267,Pooled associative latent class model,True,21,1,-7920.868493060934,0.4866802955572772,1.9858813849971075
267,Target-calibrated associative latent model,True,18,1,-7703.971677387334,0.49527924088651454,2.0671134585644415
267,Modular causal latent SCM,True,14,2,-7707.251862939517,0.4974028373676104,2.0668210946529126
268,Pooled associative latent class model,True,29,1,-7927.509707127864,0.4634646451713856,2.012830232104433
268,Target-calibrated associative latent model,True,17,0,-7709.771444334929,0.48404116255503304,2.081842879045823
268,Modular causal latent SCM,True,18,0,-7719.987642443491,0.47834467697264116,2.080390466128418
269,Pooled associative latent class model,True,22,2,-8029.937204945505,0.4803593947312437,1.9384707382333604
269,Target-calibrated associative latent model,True,15,0,-7797.446972459653,0.49981116313607443,2.091941457999496
269,Modular causal latent SCM,True,19,3,-7803.456117139231,0.496850202395395,2.0844656548827514
270,Pooled associative latent class model,True,24,1,-7974.855642290307,0.46448749360622016,2.253492218817688
270,Target-calibrated associative latent model,True,20,1,-7751.082125655199,0.4873268181949066,2.292763054329776
270,Modular causal latent SCM,True,20,1,-7757.406664105165,0.48427306448094803,2.2762931600610825
271,Pooled associative latent class model,True,35,1,-7991.362134699298,0.4380019960735232,1.9411571864818917
271,Target-calibrated associative latent model,True,30,1,-7780.722606608933,0.4398398573973672,2.0130372561441248
271,Modular causal latent SCM,True,30,1,-7783.353992705004,0.44011973906157237,2.0111198040459666
272,Pooled associative latent class model,True,15,2,-8058.722114071658,0.4987948973879264,1.9198289626909533
272,Target-calibrated associative latent model,True,22,1,-7808.131069833285,0.48187356420503413,1.9531803924901547
272,Modular causal latent SCM,True,22,1,-7817.242709183016,0.48403001961979136,1.9734569983524655
273,Pooled associative latent class model,True,25,1,-8063.613087876332,0.4709814316145764,1.804278516444458
273,Target-calibrated associative latent model,True,21,1,-7850.946730777088,0.4815133652273518,1.938256633617531
273,Modular causal latent SCM,True,21,1,-7852.162446701361,0.4836805345889522,1.9601635214287603
274,Pooled associative latent class model,True,20,1,-7988.066789663129,0.475768617011511,2.1169834304825113
274,Target-calibrated associative latent model,True,18,0,-7796.010138024043,0.4942080845386473,2.167340135084701
274,Modular causal latent SCM,True,23,3,-7799.768153089142,0.49266547125247057,2.175456288262417
275,Pooled associative latent class model,True,20,1,-7912.435648732408,0.4579437914137741,1.7715697953361444
275,Target-calibrated associative latent model,True,16,1,-7681.3493569114,0.49320670160851965,1.9537807948788646
275,Modular causal latent SCM,True,22,2,-7688.878591961725,0.4971367911109597,1.9798292836457865
276,Pooled associative latent class model,True,18,0,-7986.501205391009,0.4954998210182098,1.977584180389882
276,Target-calibrated associative latent model,True,20,0,-7756.673871215777,0.47634741139540404,2.0418946855519056
276,Modular causal latent SCM,True,20,0,-7758.835746928211,0.476257631976821,2.0452388965924326
277,Pooled associative latent class model,True,29,1,-8016.022493399298,0.44068532021252943,1.8267864291658444
277,Target-calibrated associative latent model,True,22,1,-7760.412312521083,0.46229070543229833,1.9304029877431796
277,Modular causal latent SCM,True,22,1,-7760.631434241997,0.46203650147750175,1.959984644220218
278,Pooled associative latent class model,True,30,2,-7977.7382717977325,0.4760262170212003,1.8449458297223869
278,Target-calibrated associative latent model,True,19,1,-7766.319202565242,0.4836361983225586,1.9192039349040988
278,Modular causal latent SCM,True,19,1,-7772.28290380491,0.4822839316229335,1.9149391631246822
279,Pooled associative latent class model,True,19,0,-8071.750326906372,0.47812839781445865,1.861493101208574
279,Target-calibrated associative latent model,True,24,3,-7836.727272907163,0.4690503264167925,1.9284922647973444
279,Modular causal latent SCM,True,24,2,-7847.502694171469,0.4773387557123018,1.9157648776080443
280,Pooled associative latent class model,True,28,1,-8013.4071201804045,0.4932752196660026,1.9668882066300126
280,Target-calibrated associative latent model,True,20,2,-7787.722603289007,0.4785438973380777,2.0053588963420825
280,Modular causal latent SCM,True,18,0,-7795.3725610738,0.48352003391473963,2.005387376704047
281,Pooled associative latent class model,True,20,0,-7923.483589229304,0.48580894229389854,1.7948384895388552
281,Target-calibrated associative latent model,True,25,3,-7720.463290279472,0.48698237296727787,1.8214118457634891
281,Modular causal latent SCM,True,24,3,-7721.3868035462565,0.48696673310318905,1.8190667297171295
282,Pooled associative latent class model,True,15,0,-8077.086807368366,0.4929395948815726,2.089421003280091
282,Target-calibrated associative latent model,True,18,3,-7800.749988135936,0.49703384502969855,2.1400728920344143
282,Modular causal latent SCM,True,15,0,-7805.808401198601,0.49578221679422946,2.138843474096655
283,Pooled associative latent class model,True,12,3,-8110.431707610393,0.4984957094740422,1.9736518630451876
283,Target-calibrated associative latent model,True,17,1,-7889.6894125659655,0.49021309107683225,1.944434123505353
283,Modular causal latent SCM,True,13,2,-7892.210074303848,0.4913516543920204,1.9484927963660184
284,Pooled associative latent class model,True,26,1,-8019.563938668946,0.4572926730968749,1.979360696664671
284,Target-calibrated associative latent model,True,24,1,-7787.169975135506,0.46026208109520084,2.0252357511827466
284,Modular causal latent SCM,True,24,1,-7789.857894961862,0.4573628211595262,2.026094106689534
285,Pooled associative latent class model,True,23,1,-7987.039569093493,0.45883507587355743,1.8446805127869994
285,Target-calibrated associative latent model,True,18,1,-7741.853192530712,0.49683126718778176,1.8214679482010427
285,Modular causal latent SCM,True,9,3,-7748.845960161152,0.4973313618878765,1.83481286063495
286,Pooled associative latent class model,True,25,1,-8071.996189988094,0.48082146375561435,1.9925089337368096
286,Target-calibrated associative latent model,True,23,1,-7848.076055744787,0.4761478702199883,2.1543077281048184
286,Modular causal latent SCM,True,22,1,-7852.957797380485,0.48224379309596827,2.160341656696664
287,Pooled associative latent class model,True,16,0,-7975.503735271823,0.4852442127790748,2.014911424931449
287,Target-calibrated associative latent model,True,14,0,-7745.664241708004,0.4960318943087336,2.139595828800496
287,Modular causal latent SCM,True,14,0,-7751.905969194059,0.49673611134935386,2.1375200832736887
288,Pooled associative latent class model,True,24,2,-8030.026481556761,0.4800655027421385,1.8615821603632319
288,Target-calibrated associative latent model,True,25,2,-7821.86418044168,0.4876476172390144,1.917689628413065
288,Modular causal latent SCM,True,17,0,-7824.861054379329,0.4929161298508784,1.9187910624416835
289,Pooled associative latent class model,True,27,1,-7992.207840372884,0.4872436955043003,1.8496743153139974
289,Target-calibrated associative latent model,True,25,1,-7790.14136522375,0.4828597223056079,1.9093790276141356
289,Modular causal latent SCM,True,24,3,-7791.2251510563865,0.48360621308250085,1.9460089650396148
290,Pooled associative latent class model,True,37,1,-8029.653280792288,0.45138407796196234,1.9523991100911968
290,Target-calibrated associative latent model,True,21,2,-7812.272739516111,0.47076717713807253,1.9888300606609723
290,Modular causal latent SCM,True,21,3,-7820.020104914378,0.4706955327649272,1.989528800030182
291,Pooled associative latent class model,True,27,1,-7912.649907242894,0.4634334183127059,1.7973864750712039
291,Target-calibrated associative latent model,True,27,1,-7691.26442795011,0.4585389851177835,1.9161686907602664
291,Modular causal latent SCM,True,28,0,-7693.455603624559,0.4564416469079443,1.9131743709404136
292,Pooled associative latent class model,True,18,0,-7997.4168261091145,0.48982272995447035,1.9500179834317566
292,Target-calibrated associative latent model,True,20,0,-7777.253407903943,0.47735053828150587,2.014032578603064
292,Modular causal latent SCM,True,20,0,-7780.784628284257,0.4750082697420882,2.0208246853362675
293,Pooled associative latent class model,True,18,3,-7944.282705310834,0.4987338092152721,2.01460647436895
293,Target-calibrated associative latent model,True,19,1,-7729.917903922707,0.4836078555430864,2.098976422969203
293,Modular causal latent SCM,True,19,3,-7735.689392712064,0.4816234104915345,2.108278010513237
294,Pooled associative latent class model,True,31,1,-7993.849458129884,0.46930316023187624,2.03530863592609
294,Target-calibrated associative latent model,True,24,2,-7754.909969126598,0.47650720828194393,2.085487853867445
294,Modular causal latent SCM,True,27,1,-7757.526133128236,0.47547054407515904,2.0886809426598023
295,Pooled associative latent class model,True,23,3,-8014.605778993766,0.4759441006481,2.017910609316929
295,Target-calibrated associative latent model,True,20,0,-7749.630115756208,0.4910725371788969,2.0046247687242
295,Modular causal latent SCM,True,20,0,-7750.5375630754,0.48998666699600624,2.0092357739249307
296,Pooled associative latent class model,True,23,2,-8018.4717346028065,0.4715661723977146,2.0422406463659306
296,Target-calibrated associative latent model,True,19,0,-7786.109589514214,0.4813637436100596,2.0072072335247535
296,Modular causal latent SCM,True,18,3,-7797.831186813594,0.48029640918031236,1.9923420244307248
297,Pooled associative latent class model,True,22,0,-8031.410361641265,0.4741033768524023,1.7304863468235956
297,Target-calibrated associative latent model,True,24,3,-7833.215556418701,0.49105602406748716,1.7657828447484203
297,Modular causal latent SCM,True,20,0,-7842.087160368117,0.4919285968523771,1.7870168900419086
298,Pooled associative latent class model,True,19,1,-7941.742158828089,0.4850727079480244,1.9932407215271812
298,Target-calibrated associative latent model,True,15,0,-7736.737201512216,0.4952284445849357,2.1127448396774327
298,Modular causal latent SCM,True,19,2,-7746.2128108864,0.4923982955979897,2.104372419324039
299,Pooled associative latent class model,True,18,0,-8074.4232930255685,0.48216998555264606,1.9933065686161378
299,Target-calibrated associative latent model,True,26,1,-7811.248576209132,0.47518272458531996,1.9296057239660616
299,Modular causal latent SCM,True,27,1,-7813.779187067432,0.47278472969186575,1.9444595437261847
300,Pooled associative latent class model,True,22,1,-7960.334002859472,0.48813857827844004,1.9579512478229073
300,Target-calibrated associative latent model,True,19,3,-7735.042129519528,0.49996853529669866,2.047687654496935
300,Modular causal latent SCM,True,28,3,-7739.23753940228,0.4970736556555175,2.0383622375524784
301,Pooled associative latent class model,True,22,3,-8037.73959612999,0.4984044929874511,1.9412247822971387
301,Target-calibrated associative latent model,True,18,1,-7794.6346530531055,0.47929092984519267,1.9713224800551754
301,Modular causal latent SCM,True,19,1,-7800.298205023809,0.47886304377896804,1.9634778708316314
302,Pooled associative latent class model,True,26,1,-8011.966217556856,0.4700455325145959,1.9192969150299026
302,Target-calibrated associative latent model,True,23,1,-7776.965194260854,0.4793489648875585,1.9491435198599556
302,Modular causal latent SCM,True,22,1,-7781.376965064445,0.4804419869337181,1.9475454422584009
303,Pooled associative latent class model,True,29,2,-7988.05586701106,0.4800615012716241,2.0726707957157418
303,Target-calibrated associative latent model,True,16,0,-7755.855150353405,0.49559292652238035,2.1601175193921685
303,Modular causal latent SCM,True,17,0,-7762.816801329216,0.4955343196118843,2.1425595600047034
304,Pooled associative latent class model,True,21,0,-8117.768333645381,0.49261638919323825,2.0581708298343075
304,Target-calibrated associative latent model,True,23,2,-7891.217069451941,0.48402057974178686,2.114342650457869
304,Modular causal latent SCM,True,21,2,-7894.1258575739885,0.4833075817907962,2.1143517709241135
305,Pooled associative latent class model,True,37,1,-7935.338491472738,0.41715577486701505,2.1286129346252736
305,Target-calibrated associative latent model,True,31,3,-7705.483341689712,0.43141845266986345,2.12302725578412
305,Modular causal latent SCM,True,30,1,-7706.254312346618,0.4303594256519898,2.125941424176625
306,Pooled associative latent class model,True,35,1,-7981.515862393895,0.410644898964154,1.9243352794532533
306,Target-calibrated associative latent model,True,30,3,-7755.389642518401,0.42415066736286927,2.0369718598462416
306,Modular causal latent SCM,True,37,3,-7761.977151112287,0.42090025452363544,2.0285988099412995
307,Pooled associative latent class model,True,18,3,-8071.964669013834,0.4819554958383811,2.062493992033902
307,Target-calibrated associative latent model,True,20,3,-7858.45161858069,0.47398092237648065,2.143800958379461
307,Modular causal latent SCM,True,20,1,-7862.399778018013,0.47633775325208305,2.168056236725085
308,Pooled associative latent class model,True,27,1,-7974.901984770312,0.4578841445137875,1.8037494785677994
308,Target-calibrated associative latent model,True,18,1,-7745.177933962237,0.4870757587724557,1.8673021204019695
308,Modular causal latent SCM,True,18,1,-7747.536343287748,0.48691885426364034,1.8741661155863691
309,Pooled associative latent class model,True,23,1,-7962.064497174114,0.45952686096507867,2.024645750102668
309,Target-calibrated associative latent model,True,21,3,-7771.38066585466,0.46127295766228454,2.077574009930155
309,Modular causal latent SCM,True,29,3,-7778.613388761551,0.4622747782585132,2.0650512400515657
310,Pooled associative latent class model,True,38,0,-8002.024706112998,0.4047064346750431,2.1073688678716955
310,Target-calibrated associative latent model,True,32,3,-7752.743611015854,0.4229412804968962,2.08603811960808
310,Modular causal latent SCM,True,34,3,-7755.81187186803,0.4237803394151721,2.0827083499175703
311,Pooled associative latent class model,True,28,2,-7954.823770605654,0.4608991004218448,1.8862277178046074
311,Target-calibrated associative latent model,True,26,3,-7770.590359375695,0.47252697232483887,2.002603054326674
311,Modular causal latent SCM,True,26,3,-7774.099808548302,0.4745903808081872,1.998185296849262
312,Pooled associative latent class model,True,48,1,-7963.007617247626,0.4455150851129498,2.1113578234835195
312,Target-calibrated associative latent model,True,26,3,-7770.140826740064,0.453965394656941,2.131217038438639
312,Modular causal latent SCM,True,23,0,-7773.519635333106,0.45737000153960133,2.1206177831259883
313,Pooled associative latent class model,True,22,1,-8008.439679434812,0.48774935481497184,1.8371118080535858
313,Target-calibrated associative latent model,True,15,0,-7790.3625436132,0.49799948029802094,1.995079548365228
313,Modular causal latent SCM,True,18,2,-7795.351194537901,0.4983371513050774,1.9935608668513742
314,Pooled associative latent class model,True,20,3,-8092.211890451316,0.49693801066171894,1.8900851895777937
314,Target-calibrated associative latent model,True,18,3,-7855.212957125395,0.49459465859436735,1.95524504339346
314,Modular causal latent SCM,True,20,2,-7859.0282365697685,0.49398904140173877,1.9553857092805906
315,Pooled associative latent class model,True,23,2,-7883.93673414755,0.4848745424259776,1.9166038157238936
315,Target-calibrated associative latent model,True,17,1,-7682.17753943457,0.4870381174809506,1.9210940260307103
315,Modular causal latent SCM,True,18,1,-7684.261259631623,0.4861536937796726,1.9171025493350293
316,Pooled associative latent class model,True,29,1,-7981.387669871987,0.47588248700698754,1.6524147242278218
316,Target-calibrated associative latent model,True,23,1,-7737.4296305404805,0.4703471173398932,1.6954892934825037
316,Modular causal latent SCM,True,23,1,-7743.848502087487,0.47577636877200263,1.7173458150833532
317,Pooled associative latent class model,True,15,0,-7971.699133318301,0.4903380422674328,1.965479494127942
317,Target-calibrated associative latent model,True,17,0,-7760.140657661978,0.48272284800987997,1.9969901524553744
317,Modular causal latent SCM,True,21,3,-7761.873158201539,0.47791046434423773,1.9942033535456045
318,Pooled associative latent class model,True,39,2,-7999.301552591676,0.4044833821336529,1.9369240425065604
318,Target-calibrated associative latent model,True,29,3,-7790.195625720968,0.43102032362972015,1.974465936462689
318,Modular causal latent SCM,True,28,2,-7792.772790595533,0.4308316428084659,1.9753530964716322
319,Pooled associative latent class model,True,24,1,-8063.64231520375,0.46892046271730903,1.844635525081067
319,Target-calibrated associative latent model,True,22,1,-7806.453186662212,0.4586044790881887,1.931090367770795
319,Modular causal latent SCM,True,24,1,-7810.295306743255,0.45128377068913433,1.9172338590154467
320,Pooled associative latent class model,True,19,0,-8039.772211937319,0.4807167978361291,2.04338629627261
320,Target-calibrated associative latent model,True,21,0,-7790.883181651607,0.4744849759089762,2.0456114292304486
320,Modular causal latent SCM,True,23,2,-7792.3385927527415,0.471072774181578,2.0761782744715145
321,Pooled associative latent class model,True,24,0,-7972.2525319664455,0.4701662861020978,1.8657547205248757
321,Target-calibrated associative latent model,True,24,3,-7749.592450551996,0.4818606692877619,1.918104853676104
321,Modular causal latent SCM,True,17,2,-7752.332750992967,0.48330759552041225,1.9410794534027551
322,Pooled associative latent class model,True,25,2,-7985.692637948714,0.4636615018193739,2.03132301796867
322,Target-calibrated associative latent model,True,20,2,-7719.981296843804,0.4769710340257128,2.118093361127584
322,Modular causal latent SCM,True,21,0,-7730.262026146019,0.4726732393659582,2.119732634108076
323,Pooled associative latent class model,True,19,0,-7989.249774479282,0.4992577638805532,2.0101453653276184
323,Target-calibrated associative latent model,True,19,2,-7763.62520424521,0.48507899109221386,2.130290345643272
323,Modular causal latent SCM,True,20,3,-7766.074590028327,0.48310474071504755,2.133569715022569
324,Pooled associative latent class model,True,27,3,-7975.024597441077,0.484428177629946,1.8570450579964963
324,Target-calibrated associative latent model,True,25,2,-7767.753125276764,0.47763143192482427,1.9597800219664743
324,Modular causal latent SCM,True,23,0,-7775.320317359598,0.4786353246369947,1.9585349421891418
325,Pooled associative latent class model,True,40,2,-8029.803974365406,0.41779080904948096,1.7990267037038798
325,Target-calibrated associative latent model,True,32,0,-7775.784875836549,0.43475383735059847,1.8869012125997213
325,Modular causal latent SCM,True,31,0,-7778.9514675890505,0.4377663594882328,1.8907884373690829
326,Pooled associative latent class model,True,28,1,-8001.309705239386,0.4536165287991879,1.9827739298965747
326,Target-calibrated associative latent model,True,24,1,-7798.510435896011,0.4812976437124471,2.0610618700584133
326,Modular causal latent SCM,True,25,1,-7799.13763322729,0.4795683010753823,2.072360632974522
327,Pooled associative latent class model,True,28,1,-7979.511547909711,0.4728416604306761,1.9275356943999167
327,Target-calibrated associative latent model,True,28,2,-7729.113230939376,0.4711377531186649,1.8898310517810466
327,Modular causal latent SCM,True,28,1,-7734.296009266389,0.46711434082477166,1.8898079560253378
328,Pooled associative latent class model,True,26,2,-7970.065923057831,0.4795717448512657,1.8436427308387782
328,Target-calibrated associative latent model,True,21,0,-7755.179604373647,0.4757239899925476,1.9627399783052826
328,Modular causal latent SCM,True,22,2,-7757.65054500913,0.47398634012650365,1.9628002972043619
329,Pooled associative latent class model,True,24,3,-7889.464780850818,0.4623123859665883,2.0293653574886408
329,Target-calibrated associative latent model,True,25,3,-7681.734039140923,0.45730958809588323,2.0821229811035744
329,Modular causal latent SCM,True,24,3,-7680.074600377487,0.4632885269332289,2.0692939684042075
330,Pooled associative latent class model,True,26,2,-7952.477113222018,0.49010888888950593,1.9681176183743396
330,Target-calibrated associative latent model,True,12,2,-7704.300295379016,0.49948291707062076,2.0204075455264157
330,Modular causal latent SCM,True,12,2,-7707.342096179746,0.498641699123374,2.0028515171721737
331,Pooled associative latent class model,True,21,0,-8072.666673601745,0.47097282127486406,1.9124537832310429
331,Target-calibrated associative latent model,True,19,0,-7828.44177483002,0.4838288559916881,1.9828915532970637
331,Modular causal latent SCM,True,19,0,-7834.935074526162,0.48244423895781646,1.9844426989807926
332,Pooled associative latent class model,True,18,0,-7916.959960223823,0.4950034096516709,1.8961961589717038
332,Target-calibrated associative latent model,True,23,1,-7687.32202041642,0.46462777540667216,1.9165891530410695
332,Modular causal latent SCM,True,24,1,-7692.7417597258345,0.4651302313354548,1.9323097657378012
333,Pooled associative latent class model,True,28,1,-7912.319941411857,0.47391699771914053,2.0373716778817235
333,Target-calibrated associative latent model,True,20,2,-7695.740719828288,0.47465546085592525,2.107362506098292
333,Modular causal latent SCM,True,24,1,-7698.82982831906,0.47931283831099514,2.089654511669002
334,Pooled associative latent class model,True,14,0,-8018.211722618971,0.498156111601746,2.165603515551866
334,Target-calibrated associative latent model,True,18,1,-7811.450443007361,0.48486748598073776,2.129787075162599
334,Modular causal latent SCM,True,18,1,-7813.040919937136,0.4839582636460568,2.126958584557647
335,Pooled associative latent class model,True,22,1,-8067.5027220849115,0.4795272217875826,1.9744498663450667
335,Target-calibrated associative latent model,True,20,1,-7875.341099342417,0.47798232854681405,1.994559978778176
335,Modular causal latent SCM,True,20,1,-7880.923132045338,0.47898753316873327,1.9892972751122098
336,Pooled associative latent class model,True,15,0,-8046.253483333585,0.4927392724544926,2.133662072328213
336,Target-calibrated associative latent model,True,19,3,-7846.516074272386,0.49283822906117414,2.1247710628659275
336,Modular causal latent SCM,True,22,2,-7849.368907921211,0.49226880297782427,2.116490204780829
337,Pooled associative latent class model,True,23,1,-7955.127564330137,0.47473783803483266,1.7227451821717565
337,Target-calibrated associative latent model,True,22,1,-7703.295541130403,0.46169904851108917,1.7775861145298815
337,Modular causal latent SCM,True,27,2,-7702.7468273064205,0.45982671425301896,1.8033723216523099
338,Pooled associative latent class model,True,23,1,-7933.961915555626,0.4563003732696975,1.79993497078965
338,Target-calibrated associative latent model,True,21,1,-7723.003802129541,0.457489473988086,1.8939920257719156
338,Modular causal latent SCM,True,20,1,-7727.176437537824,0.46131977430905485,1.8887847785858576
339,Pooled associative latent class model,True,29,3,-8022.597871454616,0.4537149973703599,2.078617528417075
339,Target-calibrated associative latent model,True,22,1,-7794.344373414713,0.46004694874579993,2.1568949334601717
339,Modular causal latent SCM,True,22,1,-7801.913775592122,0.4623980925692187,2.1389371751225275
340,Pooled associative latent class model,True,28,1,-8023.162522938824,0.4630961804323059,1.8933124323069186
340,Target-calibrated associative latent model,True,34,2,-7794.174096248939,0.4478042402096083,1.9788844618743207
340,Modular causal latent SCM,True,31,0,-7799.036143432358,0.45086372630470795,1.9675446252747513
341,Pooled associative latent class model,True,25,1,-8020.949456802782,0.4653523477531898,2.077082075304234
341,Target-calibrated associative latent model,True,24,2,-7795.934862852864,0.47134530626522353,2.072824823136488
341,Modular causal latent SCM,True,21,1,-7799.329208546531,0.47472200744519355,2.053416001760909
342,Pooled associative latent class model,True,26,1,-8003.73659562767,0.46915013960043306,2.0232460332306217
342,Target-calibrated associative latent model,True,29,1,-7789.745487972661,0.4484967068756414,2.1054277465795206
342,Modular causal latent SCM,True,29,3,-7787.763074269543,0.4485317575693605,2.1132572032477737
343,Pooled associative latent class model,True,20,2,-7960.427605990097,0.4949698900926626,1.948555673842906
343,Target-calibrated associative latent model,True,19,1,-7732.054356969085,0.48293742643755494,2.041067993400059
343,Modular causal latent SCM,True,19,1,-7740.774293369081,0.48242559446127553,2.0530819758153998
344,Pooled associative latent class model,True,16,0,-7998.403981185306,0.49924885266268776,2.0711053642310646
344,Target-calibrated associative latent model,True,21,3,-7788.861103438348,0.4970993336179295,2.096476121309316
344,Modular causal latent SCM,True,17,0,-7790.706579537784,0.4983820008132328,2.0987903529050445
345,Pooled associative latent class model,True,19,1,-8010.600154490185,0.48310417641626724,1.7718740089772194
345,Target-calibrated associative latent model,True,20,3,-7792.984863842665,0.4850709452298656,1.935002209768673
345,Modular causal latent SCM,True,16,0,-7797.719683603657,0.4858116248643202,1.926516455217241
346,Pooled associative latent class model,True,35,3,-8032.332566174292,0.40327020736971475,2.170455649362955
346,Target-calibrated associative latent model,True,35,0,-7821.821461381135,0.4062718971698601,2.1110274044923045
346,Modular causal latent SCM,True,34,0,-7835.704884654806,0.4051672205767919,2.147998317270459
347,Pooled associative latent class model,True,21,1,-7970.546455367237,0.49698045504405297,1.9472264629445566
347,Target-calibrated associative latent model,True,18,1,-7722.482097580688,0.48308590517366423,1.9855592995057911
347,Modular causal latent SCM,True,23,3,-7731.546872346474,0.4793086354231475,2.020564280049058
348,Pooled associative latent class model,True,31,3,-7996.868353492015,0.4538332183781199,1.9692009689502403
348,Target-calibrated associative latent model,True,28,1,-7729.427599588595,0.43832737917728437,2.003519082084597
348,Modular causal latent SCM,True,28,1,-7733.9926530241155,0.4390760625383974,1.9963937449038682
349,Pooled associative latent class model,True,14,0,-7997.116737757417,0.4980087245188801,2.1758616621475033
349,Target-calibrated associative latent model,True,18,2,-7764.474940467014,0.4868419871788937,2.152688858532806
349,Modular causal latent SCM,True,18,3,-7773.033803598381,0.48612112441227584,2.1233704584865403
350,Pooled associative latent class model,True,22,0,-8029.770704913229,0.4805604220242485,1.8838564316896313
350,Target-calibrated associative latent model,True,29,2,-7816.478133941968,0.4799010219259163,1.8960148777569525
350,Modular causal latent SCM,True,23,3,-7824.132001730725,0.489188049222814,1.88355699240594
351,Pooled associative latent class model,True,21,3,-7957.445843738161,0.49264027719308723,2.070458623661308
351,Target-calibrated associative latent model,True,20,1,-7747.865440156729,0.4881597621478215,2.1300274775641848
351,Modular causal latent SCM,True,17,2,-7755.186833761782,0.4976470238102226,2.127171419410524
352,Pooled associative latent class model,True,40,1,-7920.698454702859,0.43846580157592624,1.7849308524536402
352,Target-calibrated associative latent model,True,29,0,-7680.493679742414,0.43527388496954383,1.8577462258038604
352,Modular causal latent SCM,True,36,3,-7687.442041618101,0.43793063466303656,1.8604839092759802
353,Pooled associative latent class model,True,22,1,-8127.598036742061,0.46182186807496917,1.7607019976925906
353,Target-calibrated associative latent model,True,23,1,-7892.18817774502,0.44635890760811486,1.7975289156555785
353,Modular causal latent SCM,True,34,0,-7895.649939483577,0.4457678488528025,1.806060422036182
354,Pooled associative latent class model,True,23,3,-7925.55180554659,0.4806168403811819,2.0120161776053593
354,Target-calibrated associative latent model,True,19,0,-7700.898590329556,0.47772614667916175,2.042787091787687
354,Modular causal latent SCM,True,19,0,-7703.3604339834255,0.4794446912905206,2.0430817481708656
355,Pooled associative latent class model,True,28,0,-7817.4304600474115,0.45031960746794364,1.9250305761452038
355,Target-calibrated associative latent model,True,23,2,-7623.125254923191,0.4654738147112987,1.9807973845496083
355,Modular causal latent SCM,True,24,3,-7627.505669101849,0.4622074611699083,1.989519457088036
356,Pooled associative latent class model,True,17,2,-7983.661118842505,0.48927752397268315,2.0649774628602
356,Target-calibrated associative latent model,True,20,2,-7738.223719857718,0.4957698276609353,2.079777185860335
356,Modular causal latent SCM,True,16,3,-7744.239991533354,0.4978096318963004,2.0812564233020616
357,Pooled associative latent class model,True,23,1,-7938.193770081041,0.47575088319082975,1.7181583615465017
357,Target-calibrated associative latent model,True,26,3,-7743.526872943373,0.47690166596877376,1.7826538376787555
357,Modular causal latent SCM,True,22,2,-7750.663681633459,0.47844963280262226,1.7733542205582675
358,Pooled associative latent class model,True,39,0,-8019.5804646228235,0.41690155484444014,1.935687544029373
358,Target-calibrated associative latent model,True,22,1,-7783.148114781072,0.4487609657089011,2.0616213236137875
358,Modular causal latent SCM,True,31,0,-7792.300209482122,0.4430465385708619,2.0785217189361402
359,Pooled associative latent class model,True,24,2,-8002.821595274456,0.48742939135273156,1.7264723389490064
359,Target-calibrated associative latent model,True,24,3,-7795.309556011138,0.4909794698206502,1.840868007234087
359,Modular causal latent SCM,True,18,1,-7802.16717361094,0.49841621621946564,1.812689718973174
360,Pooled associative latent class model,True,20,1,-7952.808487467957,0.4807063805815376,2.018176158410789
360,Target-calibrated associative latent model,True,21,1,-7782.737834184758,0.45895073814117016,2.0886722504944637
360,Modular causal latent SCM,True,20,1,-7785.145392772321,0.4643889130134236,2.0908132197292977
361,Pooled associative latent class model,True,22,2,-7982.72850942856,0.4723485637619025,2.0888064680290217
361,Target-calibrated associative latent model,True,20,2,-7750.119869545106,0.48182526995018377,2.103246653405173
361,Modular causal latent SCM,True,18,3,-7757.322445540451,0.48383148639265217,2.0999854244638274
362,Pooled associative latent class model,True,19,0,-8027.6920694743785,0.4810444246532592,1.8357411679700917
362,Target-calibrated associative latent model,True,22,2,-7786.136175451241,0.47542078067273474,1.8575224470076708
362,Modular causal latent SCM,True,19,0,-7789.27819099483,0.4808347617477883,1.880385420736582
363,Pooled associative latent class model,True,19,3,-7849.522634317627,0.47411115378957724,2.294952049112235
363,Target-calibrated associative latent model,True,19,3,-7631.04722445377,0.47760787772436497,2.3170595549240787
363,Modular causal latent SCM,True,16,0,-7637.4840216614775,0.48286065905162356,2.2986161197852764
364,Pooled associative latent class model,True,27,1,-7937.385109029109,0.44523002834137365,1.8048504223873816
364,Target-calibrated associative latent model,True,25,2,-7674.236066875466,0.46531072782494715,1.9250938310402699
364,Modular causal latent SCM,True,23,0,-7675.646722352167,0.468443228734477,1.911023433279063
365,Pooled associative latent class model,True,20,1,-8069.674899009973,0.477565308152377,1.9153689628679236
365,Target-calibrated associative latent model,True,23,3,-7847.877361120147,0.47501656917419494,1.9742496114584012
365,Modular causal latent SCM,True,22,3,-7850.588815980766,0.47407386284108366,1.981394528606216
366,Pooled associative latent class model,True,20,1,-7956.526665712728,0.4920914397662148,1.82068294557966
366,Target-calibrated associative latent model,True,15,3,-7727.496209148509,0.4920828052745143,1.9000885321276821
366,Modular causal latent SCM,True,18,1,-7732.8060121905255,0.4892704814211085,1.896503873056897
367,Pooled associative latent class model,True,23,2,-8031.876440729619,0.47194913420143797,2.1898343801543847
367,Target-calibrated associative latent model,True,17,3,-7789.439182029573,0.481274210235618,2.1957023036544587
367,Modular causal latent SCM,True,23,1,-7795.716651909204,0.4818927874122404,2.20208373097423
368,Pooled associative latent class model,True,23,1,-8016.529355301516,0.4725722575316969,1.727160166755633
368,Target-calibrated associative latent model,True,19,1,-7805.397839144573,0.47057475124483666,1.7922232124949629
368,Modular causal latent SCM,True,20,1,-7805.296270745818,0.47035559423868356,1.8038002956150465
369,Pooled associative latent class model,True,21,3,-8084.517410819173,0.4834837845760804,1.9760705588796554
369,Target-calibrated associative latent model,True,9,2,-7903.1837104435135,0.4976776934399134,2.0090931718142526
369,Modular causal latent SCM,True,19,3,-7908.804201033185,0.491526671332046,2.010450751406839
370,Pooled associative latent class model,True,15,3,-7994.567201887005,0.498050628828254,1.8305517233309758
370,Target-calibrated associative latent model,True,23,2,-7752.953770768545,0.4902025870091039,1.96604457019733
370,Modular causal latent SCM,True,23,3,-7756.54507540355,0.4894486077118078,1.964238134068901
371,Pooled associative latent class model,True,19,0,-7989.535314134637,0.47953697266812884,2.0400868520483115
371,Target-calibrated associative latent model,True,21,2,-7789.823220793475,0.4774117233738939,2.1748377410877966
371,Modular causal latent SCM,True,20,1,-7795.155271258185,0.4771836635793313,2.1652694341061314
372,Pooled associative latent class model,True,27,1,-8002.630000493837,0.48037396216969214,1.9647957670261553
372,Target-calibrated associative latent model,True,26,1,-7798.515477668525,0.4594877985907101,1.855612659681002
372,Modular causal latent SCM,True,25,1,-7804.678731221332,0.4642885908873512,1.8641243971664654
373,Pooled associative latent class model,True,22,2,-7945.28148413196,0.47598504618751336,2.03701415273215
373,Target-calibrated associative latent model,True,21,1,-7743.49548858148,0.4659026742756677,1.9718346245451683
373,Modular causal latent SCM,True,22,1,-7759.259778498652,0.46372054606155644,1.9448317024668702
374,Pooled associative latent class model,True,21,2,-8025.94571804048,0.496319857436286,2.0586363519686324
374,Target-calibrated associative latent model,True,21,2,-7782.444741932082,0.4856160775757045,2.0231780397620485
374,Modular causal latent SCM,True,18,0,-7789.999001969425,0.48814608676841703,2.039505135594238
375,Pooled associative latent class model,True,17,3,-8043.766173500711,0.488786746245349,1.901254042187313
375,Target-calibrated associative latent model,True,27,2,-7786.336704856241,0.4894932791389289,2.0483258914767837
375,Modular causal latent SCM,True,19,1,-7791.172102888811,0.492017611205672,2.0205411151869117
376,Pooled associative latent class model,True,13,2,-8049.354775018778,0.4983440381744591,1.9338901571522398
376,Target-calibrated associative latent model,True,14,2,-7825.409533108896,0.4928595501696266,1.9481738211008015
376,Modular causal latent SCM,True,21,0,-7826.895171058064,0.4971053672032227,1.965426111743568
377,Pooled associative latent class model,True,32,1,-7972.650784389292,0.4641217282361512,1.9439333790474347
377,Target-calibrated associative latent model,True,25,2,-7705.190301079982,0.4638522177640429,2.0958935272881996
377,Modular causal latent SCM,True,24,1,-7710.308588424345,0.4653882993377068,2.069625395289159
378,Pooled associative latent class model,True,24,3,-7948.025851615974,0.4912605169933656,2.0322464720729867
378,Target-calibrated associative latent model,True,18,0,-7717.472690107392,0.499676143284997,2.158252021521636
378,Modular causal latent SCM,True,18,1,-7721.583510710471,0.4986610430018307,2.1377016941104925
379,Pooled associative latent class model,True,22,0,-7885.942852645678,0.4887692679227405,1.8608536664056217
379,Target-calibrated associative latent model,True,25,3,-7628.533109452594,0.46363295113210246,2.0017145196325603
379,Modular causal latent SCM,True,21,3,-7637.41124418103,0.46380151755549076,2.016545689308683
380,Pooled associative latent class model,True,26,1,-7985.760785899987,0.4654737576259191,1.7726779993659991
380,Target-calibrated associative latent model,True,24,1,-7688.2639627786975,0.4619050139468916,1.9381785739218682
380,Modular causal latent SCM,True,24,1,-7697.771497674436,0.4649177648744317,1.9416653643844395
381,Pooled associative latent class model,True,21,1,-7891.255718142955,0.47762046778279715,1.999773403376439
381,Target-calibrated associative latent model,True,19,1,-7672.808166167157,0.4779808622523414,2.082576417063173
381,Modular causal latent SCM,True,19,1,-7676.46442065026,0.47957388734166656,2.0728361380232556
382,Pooled associative latent class model,True,20,3,-7887.708561255617,0.49164249165533125,2.020278489215854
382,Target-calibrated associative latent model,True,20,1,-7652.759435811932,0.4895895472330746,2.0782372652402126
382,Modular causal latent SCM,True,16,2,-7654.179066726598,0.48763651223356913,2.083774793202272
383,Pooled associative latent class model,True,24,0,-7994.707159706326,0.464697294683452,1.9034612694055375
383,Target-calibrated associative latent model,True,24,3,-7747.03981517676,0.4544249021569317,1.8982675225853474
383,Modular causal latent SCM,True,23,1,-7748.638532720899,0.45484389095893296,1.8961832339360853
384,Pooled associative latent class model,True,26,2,-8048.3200715030125,0.4752307507693643,1.841360732082752
384,Target-calibrated associative latent model,True,16,0,-7822.337964502532,0.49056300380831447,1.930526422397635
384,Modular causal latent SCM,True,16,0,-7824.877438287955,0.4908819708704829,1.9275348475016
385,Pooled associative latent class model,True,22,1,-8021.219133974159,0.46292740483521677,2.163399910391646
385,Target-calibrated associative latent model,True,20,1,-7801.725846421455,0.48188997022315827,2.124449421198833
385,Modular causal latent SCM,True,21,1,-7808.997237931089,0.47670329559972174,2.1400155734629123
386,Pooled associative latent class model,True,19,3,-8024.548688264298,0.499984938458955,2.1070382073182734
386,Target-calibrated associative latent model,True,19,2,-7836.290701172209,0.4904588916096469,2.1378430733428133
386,Modular causal latent SCM,True,17,0,-7837.125937226968,0.4937780054772522,2.1393996097388124
387,Pooled associative latent class model,True,30,1,-7917.267972560572,0.4342446958876719,1.987519214812233
387,Target-calibrated associative latent model,True,24,1,-7693.722682403481,0.45307184283975227,1.9678027478383981
387,Modular causal latent SCM,True,26,1,-7696.087435245745,0.44705812684567137,1.9639543657215168
388,Pooled associative latent class model,True,19,0,-7998.4078067723285,0.4991105752519387,1.9338441421193757
388,Target-calibrated associative latent model,True,17,0,-7773.094981665836,0.49291001816431695,2.0314159931378453
388,Modular causal latent SCM,True,17,0,-7779.678807234591,0.4940227462823489,2.0135399596416397
389,Pooled associative latent class model,True,24,0,-8014.410345075066,0.46198939303063397,1.9407862881979925
389,Target-calibrated associative latent model,True,20,2,-7819.07169089635,0.47082822118642537,2.030142169544798
389,Modular causal latent SCM,True,20,0,-7823.628456841134,0.4724940759965826,2.0329621390165102
390,Pooled associative latent class model,True,31,1,-8014.375918594802,0.4607447254709343,2.162494046201874
390,Target-calibrated associative latent model,True,27,2,-7813.890900844712,0.4579078141041983,2.2458011012793975
390,Modular causal latent SCM,True,24,1,-7817.564321981023,0.46124569517831576,2.2428247660196745
391,Pooled associative latent class model,True,25,2,-7943.573644101127,0.479714747355875,2.4550373425160643
391,Target-calibrated associative latent model,True,13,0,-7736.409524526135,0.4985883037622764,2.4388780541802126
391,Modular causal latent SCM,True,13,3,-7744.265554201384,0.4992532737888302,2.4443606727914053
392,Pooled associative latent class model,True,23,1,-7980.09741538535,0.49455167614009204,1.9703123925096528
392,Target-calibrated associative latent model,True,13,2,-7759.474153583737,0.4902975922758401,1.9029855359545471
392,Modular causal latent SCM,True,18,1,-7760.270118476855,0.4896357484671112,1.894502843661449
393,Pooled associative latent class model,True,33,1,-8028.371026151046,0.45276222552448825,1.7831208509971317
393,Target-calibrated associative latent model,True,26,1,-7824.92685253068,0.47446540414297655,1.850601836569933
393,Modular causal latent SCM,True,25,1,-7826.87001206923,0.47749688297695153,1.8560904483205716
394,Pooled associative latent class model,True,15,0,-7957.077540609725,0.49499706220104134,2.091713994273177
394,Target-calibrated associative latent model,True,20,1,-7727.917246220764,0.481147981297105,1.9920761617778937
394,Modular causal latent SCM,True,19,1,-7733.454204981852,0.4832507070900203,2.006761100217356
395,Pooled associative latent class model,True,21,3,-7966.907459598503,0.49049901814095065,1.83489618685615
395,Target-calibrated associative latent model,True,18,1,-7743.610542194905,0.4810512566468215,1.9143201672290098
395,Modular causal latent SCM,True,18,1,-7746.372549229608,0.47980372345735084,1.9151834801845187
396,Pooled associative latent class model,True,34,1,-8091.641119423,0.43400104353702834,2.062098720788083
396,Target-calibrated associative latent model,True,26,1,-7815.9810571209555,0.4461612967529374,1.9944052714437484
396,Modular causal latent SCM,True,26,1,-7820.074093619161,0.44563800381113045,2.0033962592446493
397,Pooled associative latent class model,True,28,2,-7947.608249901072,0.49609999742915484,1.7851437135656787
397,Target-calibrated associative latent model,True,22,1,-7707.574041784268,0.49568297414883783,1.8639786328264774
397,Modular causal latent SCM,True,24,3,-7712.336855665491,0.4949230436006506,1.88379415787767
398,Pooled associative latent class model,True,26,2,-8048.829787668294,0.4983847068599163,1.7672842206765669
398,Target-calibrated associative latent model,True,23,1,-7813.879633040509,0.47105206998475624,1.8824649695394293
398,Modular causal latent SCM,True,24,1,-7821.2344863305425,0.470937822463525,1.8716327992184456
399,Pooled associative latent class model,True,18,0,-8056.330903586868,0.4784808592721836,2.061789238997436
399,Target-calibrated associative latent model,True,20,2,-7846.210400512953,0.4915399981221983,2.057857489425831
399,Modular causal latent SCM,True,21,2,-7850.267623523658,0.4906205538756228,2.0549692219545537
400,Pooled associative latent class model,True,23,1,-8026.008275073629,0.4578621032943958,2.0144557421883116
400,Target-calibrated associative latent model,True,22,1,-7808.3466662735445,0.4645722764627926,2.0821091346812737
400,Modular causal latent SCM,True,22,1,-7811.685547069578,0.4645494844426047,2.089701892821896
401,Pooled associative latent class model,True,17,3,-7970.5685108438265,0.49522318568220813,1.9686564867104765
401,Target-calibrated associative latent model,True,26,0,-7714.418963129543,0.4589115262488576,2.0356587593534963
401,Modular causal latent SCM,True,22,1,-7725.074040918777,0.46242396362597543,2.0146611975475626
402,Pooled associative latent class model,True,25,3,-8025.33582612564,0.44345045355207174,2.0641193854508977
402,Target-calibrated associative latent model,True,24,2,-7801.700517046504,0.44593209726673894,2.1864975707140504
402,Modular causal latent SCM,True,25,3,-7806.055568538598,0.4439637645197909,2.192804331412255
403,Pooled associative latent class model,True,9,3,-8009.308612751072,0.4977194597972817,1.7806906353264094
403,Target-calibrated associative latent model,True,19,0,-7776.959257013805,0.49672360844178004,1.9580324619831857
403,Modular causal latent SCM,True,25,3,-7781.041431812606,0.490672742830466,1.952583747242325
404,Pooled associative latent class model,True,22,1,-8024.651834359691,0.47615693086790883,2.0284537250171875
404,Target-calibrated associative latent model,True,19,3,-7771.907850020027,0.4920366608972643,2.01246642193186
404,Modular causal latent SCM,True,18,0,-7775.240069991194,0.49655185101821747,2.0164131170855297
405,Pooled associative latent class model,True,31,1,-8034.964030093263,0.4627042937326136,1.7425476437885674
405,Target-calibrated associative latent model,True,22,1,-7816.07180382494,0.45675494863742966,1.7149646249246797
405,Modular causal latent SCM,True,23,1,-7820.901770247919,0.45509708284719114,1.7257193837115465
406,Pooled associative latent class model,True,20,3,-8085.824542234055,0.4736860359528481,1.7962774082880921
406,Target-calibrated associative latent model,True,14,1,-7829.761890484826,0.48042233661487255,1.8732839534738208
406,Modular causal latent SCM,True,14,1,-7832.942186683305,0.4806354657493071,1.8704851729373315
407,Pooled associative latent class model,True,24,1,-8012.64776878713,0.4677227470127271,1.863001817710039
407,Target-calibrated associative latent model,True,17,1,-7806.446732044419,0.48117156477595,1.9405200520801191
407,Modular causal latent SCM,True,17,1,-7813.948184717327,0.47680123279539754,1.9363857882625244
408,Pooled associative latent class model,True,15,0,-7992.97408707433,0.49809604642106087,2.210513263956255
408,Target-calibrated associative latent model,True,20,1,-7765.14765382473,0.48979037539590364,2.1808233935326826
408,Modular causal latent SCM,True,19,3,-7772.77322048542,0.4909418698172124,2.1742503151632775
409,Pooled associative latent class model,True,21,1,-7964.988490803831,0.4792793300335049,2.000601546641381
409,Target-calibrated associative latent model,True,12,2,-7784.0871433588345,0.4959580772296103,2.081353676234634
409,Modular causal latent SCM,True,17,2,-7792.220111445162,0.49852186520509506,2.084485039985185
410,Pooled associative latent class model,True,22,3,-7981.841185628175,0.4700335913729132,1.921226763382575
410,Target-calibrated associative latent model,True,23,2,-7761.362682921532,0.4711730349400767,1.99099735835898
410,Modular causal latent SCM,True,23,2,-7770.050136403171,0.470321303918217,1.9931174240151466
411,Pooled associative latent class model,True,26,1,-7978.133425753647,0.47049184706435476,2.0186062482794003
411,Target-calibrated associative latent model,True,25,1,-7776.923810523281,0.48172335030595276,1.9911479428288454
411,Modular causal latent SCM,True,26,1,-7782.761956492654,0.4812195591348021,1.9791401327594544
412,Pooled associative latent class model,True,23,3,-8039.034122193828,0.48685140979771263,1.86341400317996
412,Target-calibrated associative latent model,True,21,1,-7850.808727029431,0.48126830334362714,1.922150307219705
412,Modular causal latent SCM,True,20,1,-7855.50925591311,0.4877768845710094,1.9275385496551243
413,Pooled associative latent class model,True,18,0,-8073.315502292733,0.47717247137831736,2.0147265859250454
413,Target-calibrated associative latent model,True,23,1,-7850.510461509185,0.4673752483154488,2.102887943535007
413,Modular causal latent SCM,True,21,2,-7853.657547930766,0.46480505388615395,2.113403696352958
414,Pooled associative latent class model,True,19,2,-7904.120053306624,0.49721377132430916,2.125086275392989
414,Target-calibrated associative latent model,True,15,3,-7656.277784863112,0.4975899832674764,2.256843875556571
414,Modular causal latent SCM,True,14,0,-7657.80380494434,0.4979655081444885,2.277911430945516
415,Pooled associative latent class model,True,14,3,-8070.069778070989,0.4961411171405685,1.9067257881542115
415,Target-calibrated associative latent model,True,25,2,-7846.568481880817,0.49339126719713533,2.0131030496487936
415,Modular causal latent SCM,True,13,3,-7847.93953645304,0.49479693139513103,1.9881214602182355
416,Pooled associative latent class model,True,36,1,-7924.124220412852,0.4291567131623587,1.7696687613468411
416,Target-calibrated associative latent model,True,26,1,-7686.2850302622555,0.453077234792055,1.9027854720868258
416,Modular causal latent SCM,True,23,3,-7693.112165520368,0.45876789976560794,1.9167365933032128
417,Pooled associative latent class model,True,17,0,-7957.890374591416,0.49654465382069235,1.9588942584036864
417,Target-calibrated associative latent model,True,22,2,-7728.867707276795,0.48195755095453235,2.0145823180906466
417,Modular causal latent SCM,True,17,2,-7734.978876214997,0.48978392392757947,2.020381304762319
418,Pooled associative latent class model,True,26,1,-8017.673681719493,0.4508187022093769,1.9422195275751029
418,Target-calibrated associative latent model,True,20,1,-7780.027253361832,0.47624557124035616,2.1227791897885906
418,Modular causal latent SCM,True,20,1,-7784.114213671017,0.4753527299271593,2.1308792484285086
419,Pooled associative latent class model,True,23,1,-8083.472497294592,0.47802753577232476,1.9348492755048112
419,Target-calibrated associative latent model,True,20,1,-7843.559004744001,0.48610444238339207,1.9518453311239328
419,Modular causal latent SCM,True,18,3,-7851.469381950497,0.4877571025499785,1.9990538925339028
420,Pooled associative latent class model,True,29,2,-8011.61729486086,0.4939558053425023,1.7485139658468438
420,Target-calibrated associative latent model,True,26,0,-7745.221783888942,0.47030241865178596,1.844558007740901
420,Modular causal latent SCM,True,27,0,-7747.439529723636,0.46906167679972927,1.843542500702555
421,Pooled associative latent class model,True,22,1,-8055.2415391322675,0.48697096842974547,1.8714622068075333
421,Target-calibrated associative latent model,True,21,1,-7802.715467343925,0.46783171486631736,1.9478258719333994
421,Modular causal latent SCM,True,20,1,-7811.074362809405,0.470301958253169,1.9569601090823006
422,Pooled associative latent class model,True,18,2,-8087.737396185958,0.49579350515808085,1.9046903860828128
422,Target-calibrated associative latent model,True,20,0,-7872.381693411782,0.4869085781118083,1.9499389093363582
422,Modular causal latent SCM,True,20,0,-7877.336410144921,0.4861536681273927,1.96183152901861
423,Pooled associative latent class model,True,28,1,-7991.037936033446,0.4864858792540694,2.061354170257836
423,Target-calibrated associative latent model,True,16,0,-7767.2033029322265,0.48235404880457783,2.1105552725128587
423,Modular causal latent SCM,True,16,0,-7771.947443818473,0.48275922451940323,2.1168821527627744
424,Pooled associative latent class model,True,29,2,-7964.393856879426,0.49972889886353866,1.7720563069206836
424,Target-calibrated associative latent model,True,16,1,-7746.088223385829,0.49972578521277694,1.7287663271742013
424,Modular causal latent SCM,True,17,1,-7750.479140995663,0.49996306616903197,1.7439261065098688
425,Pooled associative latent class model,True,24,1,-7994.325037148915,0.4638312641135529,2.2422939506645903
425,Target-calibrated associative latent model,True,24,3,-7765.555533294462,0.47031375722005564,2.2795987969248435
425,Modular causal latent SCM,True,23,0,-7771.225152335321,0.4678335652562834,2.3155087051223204
426,Pooled associative latent class model,True,23,3,-7898.165531567362,0.48192206951017486,2.0056634530650808
426,Target-calibrated associative latent model,True,19,3,-7693.773970371075,0.48191516504920406,2.058300172219254
426,Modular causal latent SCM,True,19,0,-7698.067163122614,0.48231506137028385,2.0643337653811624
427,Pooled associative latent class model,True,23,3,-8030.194229146872,0.4936926238056694,1.8895567090492227
427,Target-calibrated associative latent model,True,18,2,-7791.1440821162905,0.49819031222308907,1.9662085643366431
427,Modular causal latent SCM,True,17,0,-7794.677368584211,0.49826379646536767,1.9820762864216428
428,Pooled associative latent class model,True,26,0,-8006.517675974268,0.4713766163251151,1.8941669246216548
428,Target-calibrated associative latent model,True,14,2,-7748.937101781186,0.4959222292671282,1.9751950499791837
428,Modular causal latent SCM,True,19,1,-7759.323782846277,0.4923505418392008,1.9730888640114046
429,Pooled associative latent class model,True,21,3,-7962.882714288545,0.49019125284545584,1.9409406482935911
429,Target-calibrated associative latent model,True,22,2,-7725.731274497244,0.49377506145176525,1.984980380603956
429,Modular causal latent SCM,True,19,3,-7728.567130237844,0.4951122275602695,1.992899899545193
430,Pooled associative latent class model,True,19,2,-7958.828173312629,0.4918821131030418,2.083614383345034
430,Target-calibrated associative latent model,True,18,2,-7709.4538455474685,0.47920700223460716,2.118439237717395
430,Modular causal latent SCM,True,20,1,-7717.622986694227,0.4746922150996184,2.1125937168763675
431,Pooled associative latent class model,True,23,3,-8047.522689339854,0.49577566080376456,1.9383294132717115
431,Target-calibrated associative latent model,True,22,1,-7812.1623151282365,0.48552917412971525,1.949213171909081
431,Modular causal latent SCM,True,17,2,-7816.779938524807,0.4871950869059822,1.9564615391224827
432,Pooled associative latent class model,True,16,0,-7905.356408725438,0.48259502382211716,1.9225059476986839
432,Target-calibrated associative latent model,True,16,3,-7684.757603671658,0.49601117183419496,1.9814324342557113
432,Modular causal latent SCM,True,18,3,-7691.733027325596,0.4927432931810926,1.985983780721945
433,Pooled associative latent class model,True,23,2,-8053.669830615165,0.489651787438056,1.8890851328822342
433,Target-calibrated associative latent model,True,16,1,-7856.415294647128,0.4872904621897176,1.921680539102299
433,Modular causal latent SCM,True,27,2,-7858.620863987716,0.4874694025949231,1.9421322439136557
434,Pooled associative latent class model,True,15,0,-8020.809173071413,0.4850212427558669,2.0902943507976355
434,Target-calibrated associative latent model,True,16,0,-7778.593903693448,0.4771830989829068,2.198937362364354
434,Modular causal latent SCM,True,16,0,-7784.684807076946,0.4766558757620546,2.1989816824699764
435,Pooled associative latent class model,True,35,3,-8052.136515166431,0.43482083732207455,1.6956486491194511
435,Target-calibrated associative latent model,True,14,2,-7803.1012616154485,0.4813436137281143,1.7687672198735644
435,Modular causal latent SCM,True,26,3,-7810.501436742823,0.4775669982502388,1.788376516448244
436,Pooled associative latent class model,True,30,1,-7987.254934825985,0.4450652819421776,1.6358764368984315
436,Target-calibrated associative latent model,True,31,2,-7768.190180563862,0.47346723005013974,1.7119863544345308
436,Modular causal latent SCM,True,33,2,-7771.8891605331955,0.47490878391489166,1.705314786281837
437,Pooled associative latent class model,True,26,2,-8062.184793994862,0.47612638932663687,2.0146213156336734
437,Target-calibrated associative latent model,True,15,0,-7845.272862327629,0.4988273170045524,2.0791524976433053
437,Modular causal latent SCM,True,15,0,-7849.6310317003645,0.4997529672569194,2.074816544870594
438,Pooled associative latent class model,True,24,2,-7982.793732499929,0.49092063353253024,1.9440296941172288
438,Target-calibrated associative latent model,True,15,0,-7779.394489417347,0.4975006333326911,2.082314741649963
438,Modular causal latent SCM,True,16,0,-7786.9974569779715,0.4946647064749911,2.0615789008493635
439,Pooled associative latent class model,True,32,1,-7945.307337632318,0.4593288560785254,1.733264719004803
439,Target-calibrated associative latent model,True,24,0,-7727.49460965602,0.47249493234688605,1.818113492067122
439,Modular causal latent SCM,True,25,3,-7729.6542184392365,0.4705868591723393,1.8277179562653838
440,Pooled associative latent class model,True,27,2,-7988.6063296301645,0.46970101667996234,1.8314022407323578
440,Target-calibrated associative latent model,True,26,2,-7776.62111637417,0.49668903581905366,1.796796186603624
440,Modular causal latent SCM,True,13,3,-7779.565310745682,0.4911057811208684,1.7950256359040677
441,Pooled associative latent class model,True,21,2,-8013.737824471091,0.4841346212160417,1.7824533497670398
441,Target-calibrated associative latent model,True,21,1,-7806.829996277048,0.4741317168214411,1.8010378167329613
441,Modular causal latent SCM,True,21,1,-7808.304106652118,0.47585907884985873,1.8090599057234078
442,Pooled associative latent class model,True,30,1,-8020.395261222205,0.4729479255576361,1.9895951006115429
442,Target-calibrated associative latent model,True,25,1,-7802.680679485293,0.4751615807826011,2.0830493005110293
442,Modular causal latent SCM,True,25,1,-7804.1692510746325,0.4742057800990381,2.0619007677448087
443,Pooled associative latent class model,True,22,1,-7925.874371022798,0.47478413709914824,1.9739137839246848
443,Target-calibrated associative latent model,True,21,3,-7680.82930120542,0.48974137160701386,2.046330913429151
443,Modular causal latent SCM,True,13,3,-7683.419420252445,0.4932940413563597,2.0256990841792852
444,Pooled associative latent class model,True,22,3,-8039.108603371616,0.4983317714914112,2.0100945744080816
444,Target-calibrated associative latent model,True,21,2,-7814.4850863513,0.48092480817209915,2.158362272646243
444,Modular causal latent SCM,True,20,2,-7818.59128066554,0.48140920862019354,2.16935315707288
445,Pooled associative latent class model,True,26,1,-8025.013730972569,0.4869093939410558,2.003652066330483
445,Target-calibrated associative latent model,True,23,1,-7808.659009535568,0.46916702120425696,2.022879233770342
445,Modular causal latent SCM,True,23,1,-7814.467566706542,0.4711538350549916,2.019451082973896
446,Pooled associative latent class model,True,21,3,-7974.64232244142,0.49565244016718435,1.9085245185564403
446,Target-calibrated associative latent model,True,17,2,-7744.679473198826,0.49390776490604354,2.0484888533652468
446,Modular causal latent SCM,True,16,0,-7744.774908196567,0.4893782309617934,2.057828216542118
447,Pooled associative latent class model,True,28,1,-7957.048779209397,0.4664932798095857,2.065324643590982
447,Target-calibrated associative latent model,True,16,0,-7727.710844503473,0.49911320553651295,2.118454924312214
447,Modular causal latent SCM,True,18,2,-7727.063480037833,0.49744033642540764,2.11885064711669
448,Pooled associative latent class model,True,33,3,-8032.486836680305,0.43501860512562174,1.8593484630967585
448,Target-calibrated associative latent model,True,29,1,-7801.326754065212,0.4420473489226141,1.909008121959925
448,Modular causal latent SCM,True,28,1,-7802.618061129267,0.44531852278984413,1.9020768034308944
449,Pooled associative latent class model,True,31,1,-8004.416297962738,0.4169881140569192,2.0103603763213247
449,Target-calibrated associative latent model,True,28,1,-7781.503323611546,0.42043337909252254,2.0906956837329598
449,Modular causal latent SCM,True,31,3,-7784.105836875165,0.4213263590577681,2.095794857916241
450,Pooled associative latent class model,True,19,2,-7998.717094424002,0.4803782512791137,1.9296579872081374
450,Target-calibrated associative latent model,True,19,1,-7773.9381941861075,0.4728618478001759,2.011188096732677
450,Modular causal latent SCM,True,21,2,-7775.787230265714,0.4696205117035502,2.0281932397677043
451,Pooled associative latent class model,True,13,3,-7934.860699870131,0.49037552740925183,2.16514994820303
451,Target-calibrated associative latent model,True,17,3,-7706.241690542212,0.49769451582272406,2.1855438047424203
451,Modular causal latent SCM,True,15,0,-7702.284354217763,0.49604366999043664,2.226017871943692
452,Pooled associative latent class model,True,28,1,-8017.309329210762,0.48568744772687905,1.8997407835882434
452,Target-calibrated associative latent model,True,16,3,-7788.393809750708,0.49536662699583484,1.9380220133100305
452,Modular causal latent SCM,True,23,2,-7792.322349693177,0.4908341121990467,1.9288520645695186
453,Pooled associative latent class model,True,32,2,-7914.657439515713,0.4790474721483644,1.8033196468355408
453,Target-calibrated associative latent model,True,29,0,-7702.858144937559,0.4709351044241428,1.7872456437949782
453,Modular causal latent SCM,True,30,3,-7710.085263193785,0.4700194732816913,1.7977292041690873
454,Pooled associative latent class model,True,32,0,-7979.985776686073,0.49220808536671395,1.7511493067921082
454,Target-calibrated associative latent model,True,10,3,-7780.121151237119,0.49767744031464023,1.7671507943587517
454,Modular causal latent SCM,True,14,3,-7782.642169378072,0.49766538584521275,1.7783471825243333
455,Pooled associative latent class model,True,25,1,-8004.056570714332,0.48320880187617593,2.0951767709349074
455,Target-calibrated associative latent model,True,21,1,-7752.136347054762,0.4738045475847391,2.170731670206294
455,Modular causal latent SCM,True,21,1,-7764.131479008194,0.47199619908906004,2.1629711471904054
456,Pooled associative latent class model,True,20,2,-8025.025023704753,0.49707988121624935,1.9168718239096216
456,Target-calibrated associative latent model,True,21,1,-7797.897853856846,0.48444922825626463,1.843946878111963
456,Modular causal latent SCM,True,21,1,-7802.407453740958,0.4893834335912938,1.8596843972563657
457,Pooled associative latent class model,True,21,2,-7964.877932392836,0.48463545861696034,2.1741797106735548
457,Target-calibrated associative latent model,True,18,3,-7735.784967412402,0.48928921815428505,2.279997547928092
457,Modular causal latent SCM,True,19,2,-7739.173749527237,0.48400219600143385,2.286216595883748
458,Pooled associative latent class model,True,29,1,-7976.5132324317165,0.4680827662221504,1.7133697176180367
458,Target-calibrated associative latent model,True,22,1,-7750.307052972468,0.4795890864072951,1.8173695867965274
458,Modular causal latent SCM,True,22,1,-7753.982125928111,0.4797729259691611,1.8233176243743445
459,Pooled associative latent class model,True,32,1,-7953.828791759128,0.4321010166745729,2.0218977454103046
459,Target-calibrated associative latent model,True,25,1,-7717.957165817541,0.4485397160134206,2.0393734941276067
459,Modular causal latent SCM,True,29,3,-7715.82861334641,0.44662441257045826,2.0464340666340544
460,Pooled associative latent class model,True,15,0,-7967.351227502619,0.49718071361501276,2.0928208794754233
460,Target-calibrated associative latent model,True,20,3,-7747.295442773474,0.4923435281198668,2.1216724274686705
460,Modular causal latent SCM,True,20,2,-7753.343529490567,0.49300053859530724,2.1162116741688797
461,Pooled associative latent class model,True,23,3,-7951.885709669701,0.4682647853411186,1.8315907242962455
461,Target-calibrated associative latent model,True,18,1,-7737.5096145860825,0.4839226255476983,1.8676593877331753
461,Modular causal latent SCM,True,12,2,-7744.061624158356,0.4946638586674835,1.8842664730756025
462,Pooled associative latent class model,True,19,3,-7940.33802375224,0.49247701582410824,1.927753007839848
462,Target-calibrated associative latent model,True,14,2,-7715.647525804961,0.4966453006731788,1.8467594087709995
462,Modular causal latent SCM,True,26,2,-7719.11523201031,0.49927769918595105,1.9008759939800761
463,Pooled associative latent class model,True,24,2,-8038.783150627769,0.4780655586533595,1.8874220406270203
463,Target-calibrated associative latent model,True,20,2,-7820.809656837748,0.49026294802895015,1.9314801069881695
463,Modular causal latent SCM,True,19,1,-7821.980110785213,0.4919223552140585,1.897402835259616
464,Pooled associative latent class model,True,18,1,-8011.857835825753,0.49165522700032777,1.7590334517506068
464,Target-calibrated associative latent model,True,19,3,-7807.341902512195,0.4876401156071366,1.919607119547964
464,Modular causal latent SCM,True,17,1,-7813.121000462144,0.4878884552962608,1.890726211656568
465,Pooled associative latent class model,True,20,0,-7974.247370853124,0.49385808767821043,1.8078166419757145
465,Target-calibrated associative latent model,True,21,0,-7801.997054429317,0.4802614890761766,1.9203339500067513
465,Modular causal latent SCM,True,24,3,-7808.028840257055,0.4818026439926151,1.9216677951131471
466,Pooled associative latent class model,True,22,1,-7941.888631517119,0.48621150319985973,2.0477125575524773
466,Target-calibrated associative latent model,True,19,1,-7701.141515483263,0.4853066472442057,2.056100112840814
466,Modular causal latent SCM,True,19,2,-7705.838818387909,0.4852573648652303,2.0578254935365967
467,Pooled associative latent class model,True,24,2,-8047.613257047108,0.47507239710790994,1.9938138059095074
467,Target-calibrated associative latent model,True,21,1,-7837.863888132275,0.4635574923616921,2.059749666916784
467,Modular causal latent SCM,True,26,0,-7840.384315370598,0.46168153556354835,2.064514724354886
468,Pooled associative latent class model,True,16,0,-7878.325340191153,0.49923991635622716,2.0409216038087123
468,Target-calibrated associative latent model,True,19,0,-7669.960736972578,0.48661633917829,2.001920088799685
468,Modular causal latent SCM,True,27,1,-7677.504810755871,0.4880403678329036,1.964260631368433
469,Pooled associative latent class model,True,28,1,-7983.188175559555,0.4548256040207187,1.8003604308166588
469,Target-calibrated associative latent model,True,25,2,-7778.15201093034,0.47067066348055014,1.8797322688060396
469,Modular causal latent SCM,True,31,3,-7786.257617087046,0.4700543462885838,1.8890780539817067
470,Pooled associative latent class model,True,16,2,-7916.161855131684,0.4920135275669366,2.034650131292827
470,Target-calibrated associative latent model,True,17,3,-7697.462773782544,0.4883182442367281,2.0910190973858835
470,Modular causal latent SCM,True,16,0,-7697.130778318095,0.48719904511155165,2.098983042103616
471,Pooled associative latent class model,True,29,1,-7976.4880667806765,0.46233799894322536,2.01236355341553
471,Target-calibrated associative latent model,True,26,1,-7792.491995167597,0.47171712253922415,2.122410588654523
471,Modular causal latent SCM,True,25,1,-7796.572786513719,0.4755419787310724,2.1179472771324184
472,Pooled associative latent class model,True,17,3,-7932.9429622020225,0.48376982949152925,2.182207453234207
472,Target-calibrated associative latent model,True,22,1,-7710.750838552494,0.4670797648251615,2.223550373634284
472,Modular causal latent SCM,True,21,2,-7716.756447448462,0.4663268848794355,2.258038530181217
473,Pooled associative latent class model,True,9,2,-7978.586697470328,0.49691878058126315,2.2698555637397444
473,Target-calibrated associative latent model,True,13,0,-7755.124742786176,0.499874146994373,2.33609017104549
473,Modular causal latent SCM,True,13,0,-7761.244943234195,0.49969071435562723,2.338685688986377
474,Pooled associative latent class model,True,19,3,-7965.990450010074,0.4942870237265169,1.855982076714879
474,Target-calibrated associative latent model,True,15,3,-7739.414030555007,0.4968544801244872,1.876708006718229
474,Modular causal latent SCM,True,15,3,-7746.700437285139,0.4948119669393538,1.8697297717572623
475,Pooled associative latent class model,True,24,2,-8070.6348862974355,0.4962455314927022,1.9276393692737974
475,Target-calibrated associative latent model,True,19,2,-7819.83687170516,0.4889956356809241,1.9037935439693334
475,Modular causal latent SCM,True,24,2,-7825.687155179782,0.489335515656894,1.9344414649154336
476,Pooled associative latent class model,True,20,0,-8051.389331936045,0.4832078418666285,1.8275884229150705
476,Target-calibrated associative latent model,True,23,2,-7824.92358223716,0.4738351753018878,1.920805614965997
476,Modular causal latent SCM,True,22,0,-7824.347070804746,0.47683178297406653,1.913285094226831
477,Pooled associative latent class model,True,26,1,-8040.65804861586,0.46031386748131276,2.167900937841678
477,Target-calibrated associative latent model,True,26,1,-7787.177404927416,0.456601192180201,2.1982932522074394
477,Modular causal latent SCM,True,30,3,-7791.3860972406155,0.4515425947092399,2.1963218623611507
478,Pooled associative latent class model,True,19,1,-8027.299362172581,0.47715389324639695,1.9744397347024434
478,Target-calibrated associative latent model,True,20,3,-7788.861060571708,0.49915658705604793,2.032050952674245
478,Modular causal latent SCM,True,19,2,-7795.193010960069,0.4984119568892563,2.05566346051571
479,Pooled associative latent class model,True,28,1,-7999.499177249536,0.43451559199318607,2.1252273685635905
479,Target-calibrated associative latent model,True,24,1,-7756.393549858567,0.46026424349713907,2.2435087524588733
479,Modular causal latent SCM,True,24,1,-7762.261955078546,0.4565445821148401,2.238945133858184
480,Pooled associative latent class model,True,21,1,-7962.803925109001,0.45946693421886425,1.861612382220959
480,Target-calibrated associative latent model,True,19,1,-7752.12907835869,0.4906744849963981,1.9403095846265803
480,Modular causal latent SCM,True,19,1,-7754.132319612127,0.48912166753058994,1.946002674065537
481,Pooled associative latent class model,True,28,0,-7990.809145745883,0.4567134675736347,1.9746398309510256
481,Target-calibrated associative latent model,True,27,0,-7735.701884110592,0.45555798496376915,2.0132478325337084
481,Modular causal latent SCM,True,41,2,-7737.564206570298,0.4553564491662533,2.014273973876062
482,Pooled associative latent class model,True,33,1,-8042.123319006929,0.443292932045635,1.9207054172870808
482,Target-calibrated associative latent model,True,32,2,-7837.206287455976,0.4402590977638436,1.9998388029953298
482,Modular causal latent SCM,True,28,1,-7841.208583089066,0.4410013721608218,1.987786860655361
483,Pooled associative latent class model,True,18,2,-7942.503561332306,0.48787446125551864,1.704682170764425
483,Target-calibrated associative latent model,True,22,3,-7713.1355771343515,0.49668244206623297,1.7701740170129354
483,Modular causal latent SCM,True,26,2,-7711.426802553559,0.49656321276267934,1.77513391063288
484,Pooled associative latent class model,True,21,1,-7955.72337308522,0.48227897496923666,2.100599661733004
484,Target-calibrated associative latent model,True,18,1,-7723.846051169105,0.47982012317338324,2.1473438913082603
484,Modular causal latent SCM,True,18,1,-7732.9131059327265,0.4798695194291799,2.1377682036668286
485,Pooled associative latent class model,True,26,3,-7878.013844430532,0.4599799466962953,1.8110273761994646
485,Target-calibrated associative latent model,True,20,1,-7666.934078753631,0.473064961983353,1.9319061144736929
485,Modular causal latent SCM,True,21,3,-7671.382792002178,0.4664530633528195,1.9672050710298625
486,Pooled associative latent class model,True,20,0,-7984.298632163158,0.4837314375516981,1.8355396125525643
486,Target-calibrated associative latent model,True,23,3,-7779.8765054210935,0.46375641603542495,1.9700197867075917
486,Modular causal latent SCM,True,19,0,-7781.405629744864,0.46925137269849176,1.9605645613461145
487,Pooled associative latent class model,True,30,3,-7991.46501566357,0.44792058052580347,1.9647366423434285
487,Target-calibrated associative latent model,True,25,1,-7773.548980826003,0.4408403910834194,2.0087286727937466
487,Modular causal latent SCM,True,26,1,-7776.287726899998,0.4379736617034571,2.0089368550592557
488,Pooled associative latent class model,True,24,2,-7923.610788988002,0.47477588086467737,2.1014727848332293
488,Target-calibrated associative latent model,True,18,0,-7691.836396280436,0.47610109555500474,2.1000301613273322
488,Modular causal latent SCM,True,20,3,-7694.243560975701,0.4712943585395384,2.1048963189824224
489,Pooled associative latent class model,True,17,0,-8005.684592659686,0.4979717455301625,2.0489530411568806
489,Target-calibrated associative latent model,True,24,1,-7756.399197336789,0.48529508070644234,2.051562380261624
489,Modular causal latent SCM,True,24,1,-7763.2136356871815,0.4839175411061242,2.0517406646268013
490,Pooled associative latent class model,True,15,3,-8056.945270005737,0.4910616115105255,1.8372162412596755
490,Target-calibrated associative latent model,True,16,1,-7845.6779308484165,0.48899550657491786,1.9456684068911358
490,Modular causal latent SCM,True,16,1,-7847.061808980255,0.48796927201466495,1.9483720130923823
491,Pooled associative latent class model,True,20,2,-8030.789931879073,0.4997569950964281,1.860963045703699
491,Target-calibrated associative latent model,True,9,2,-7804.975480884174,0.4944547941674869,1.9010210920260184
491,Modular causal latent SCM,True,25,3,-7809.073160504444,0.49912758505469973,1.9121702386618247
492,Pooled associative latent class model,True,16,3,-7990.4103157793525,0.48709449198811194,1.9677764396273356
492,Target-calibrated associative latent model,True,19,3,-7713.113330665543,0.4796302222922783,2.0401872820448417
492,Modular causal latent SCM,True,16,1,-7719.119528499074,0.48151875463341653,2.0144581651177265
493,Pooled associative latent class model,True,19,0,-7968.414838480088,0.4760761552907555,2.0708071747777868
493,Target-calibrated associative latent model,True,20,0,-7741.004469767775,0.4848469974155829,2.112988581986485
493,Modular causal latent SCM,True,16,2,-7748.927961122659,0.48046041412183005,2.1288998707881897
494,Pooled associative latent class model,True,15,3,-7957.633279218013,0.49843189060681825,1.9700863320200275
494,Target-calibrated associative latent model,True,22,1,-7739.326084558025,0.4807525930354455,1.9837747983092768
494,Modular causal latent SCM,True,22,1,-7746.282651587289,0.48649468769383414,1.9836585364862915
495,Pooled associative latent class model,True,20,3,-8087.1775938646315,0.47749628671407246,2.0095235046951325
495,Target-calibrated associative latent model,True,25,3,-7859.149414105262,0.49827975438805044,2.040189247702904
495,Modular causal latent SCM,True,19,3,-7869.038932900294,0.49649711392883294,2.0397451440023247
496,Pooled associative latent class model,True,24,3,-8014.218159496551,0.4792422515918339,2.0090033926098076
496,Target-calibrated associative latent model,True,16,2,-7798.9281723338445,0.4981873828300581,2.0342682798367924
496,Modular causal latent SCM,True,19,1,-7806.772887754802,0.4957754429178438,2.0156860443844247
497,Pooled associative latent class model,True,24,1,-8018.39037622187,0.49560853509189706,2.0663690009784084
497,Target-calibrated associative latent model,True,20,0,-7777.043585318226,0.4734673697101683,2.252434338182556
497,Modular causal latent SCM,True,19,0,-7784.037463967319,0.47819487559885754,2.2359948543367434
498,Pooled associative latent class model,True,24,1,-8043.00422820892,0.48008447267951365,2.0633162104790674
498,Target-calibrated associative latent model,True,26,2,-7827.525213289446,0.4693900689810829,2.136964500591819
498,Modular causal latent SCM,True,25,1,-7832.086505708141,0.47630690030017325,2.1044049711777193
499,Pooled associative latent class model,True,25,0,-8018.318774490701,0.4670313373764438,1.8852865491660453
499,Target-calibrated associative latent model,True,26,3,-7782.463976203298,0.46367052618032933,1.898596158303239
499,Modular causal latent SCM,True,23,0,-7784.341090324326,0.46798183242946156,1.898117385000492
