repeat,shift_index,shift,method,accuracy,adjusted_rand_index,false_atrial_renal_competing,brier_score,expected_calibration_error,mean_posterior_entropy,predicted_atrial_prevalence,renal_competing_subgroup_size,accuracy_complete_case,accuracy_any_missing,accuracy_electrical_missing,biomarker_missing_fraction,all_biomarkers_missing_rate
0,0,No shift,Pooled associative latent class model,0.788,0.3311019958735718,0.36507936507936506,0.14262040499447326,0.03436385500157246,0.4277353361116424,0.539,126,0.7980884109916367,0.7361963190184049,0.8679245283018868,0.057666666666666665,0.0
0,0,No shift,Target-calibrated associative latent model,0.798,0.35453940610863394,0.20634920634920634,0.1461852370193483,0.05352280765751904,0.4030107177214602,0.591,126,0.7980884109916367,0.7975460122699386,0.8679245283018868,0.057666666666666665,0.0
0,0,No shift,Frozen causal latent SCM,0.809,0.38129372224266944,0.21428571428571427,0.13896119449444455,0.03353552815342326,0.4077209249247269,0.558,126,0.8136200716845878,0.7852760736196319,0.8679245283018868,0.057666666666666665,0.0
0,0,No shift,Modular causal latent SCM,0.803,0.3665766843174313,0.24603174603174602,0.1415959561279722,0.045068450687458184,0.40499504229183914,0.584,126,0.8052568697729988,0.7914110429447853,0.8679245283018868,0.057666666666666665,0.0
0,0,No shift,Target oracle (reference),0.793,0.342739473710695,0.1349206349206349,0.13937777090686415,0.0341469655949963,0.4132949468191822,0.492,126,0.8040621266427718,0.7361963190184049,0.8113207547169812,0.057666666666666665,0.0
0,1,Mild shift,Pooled associative latent class model,0.792,0.34038358345948444,0.37142857142857144,0.14772995849331222,0.047168703592332654,0.43164214826204994,0.559,175,0.8067567567567567,0.75,0.7745098039215687,0.09566666666666666,0.0
0,1,Mild shift,Target-calibrated associative latent model,0.787,0.3287799871758914,0.18857142857142858,0.15037686570419193,0.048425572025616134,0.4112867645839052,0.58,175,0.7945945945945946,0.7653846153846153,0.7941176470588235,0.09566666666666666,0.0
0,1,Mild shift,Frozen causal latent SCM,0.802,0.36415847111951277,0.2742857142857143,0.14045482400572978,0.04297060722026573,0.4148079603495535,0.577,175,0.8162162162162162,0.7615384615384615,0.803921568627451,0.09566666666666666,0.0
0,1,Mild shift,Modular causal latent SCM,0.804,0.36901795396818454,0.17142857142857143,0.14347635938546688,0.03782522568445193,0.4149397857213776,0.565,175,0.8148648648648649,0.7730769230769231,0.8235294117647058,0.09566666666666666,0.0
0,1,Mild shift,Target oracle (reference),0.795,0.3474481771539651,0.13142857142857142,0.14073008777028878,0.03561339427988784,0.4217054602679611,0.492,175,0.8094594594594594,0.7538461538461538,0.7941176470588235,0.09566666666666666,0.0
0,2,Moderate shift,Pooled associative latent class model,0.767,0.2844096973351559,0.43891402714932126,0.16333029297142404,0.05686999084337793,0.4342293606342932,0.586,221,0.7852233676975945,0.7416267942583732,0.7417582417582418,0.16366666666666665,0.001
0,2,Moderate shift,Target-calibrated associative latent model,0.779,0.3106576580204458,0.19909502262443438,0.1546485651727138,0.040210082202981993,0.43103355879930905,0.566,221,0.7955326460481099,0.7559808612440191,0.7692307692307693,0.16366666666666665,0.001
0,2,Moderate shift,Frozen causal latent SCM,0.782,0.3173691929350003,0.37104072398190047,0.15301440372128092,0.05767926977893806,0.42419258387983755,0.605,221,0.802405498281787,0.7535885167464115,0.7417582417582418,0.16366666666666665,0.001
0,2,Moderate shift,Modular causal latent SCM,0.797,0.3521666656025041,0.2171945701357466,0.15137554042380974,0.048820418430725994,0.43093972171430484,0.576,221,0.8127147766323024,0.7751196172248804,0.7747252747252747,0.16366666666666665,0.001
0,2,Moderate shift,Target oracle (reference),0.785,0.3242251749125045,0.17194570135746606,0.14849444307123327,0.03994906946763907,0.4377636228550874,0.496,221,0.8058419243986255,0.7559808612440191,0.7747252747252747,0.16366666666666665,0.001
0,3,Strong shift,Pooled associative latent class model,0.711,0.17715413969970614,0.56,0.19256158006862978,0.09379270220290474,0.44882452837758813,0.648,300,0.7142857142857143,0.7090032154340836,0.7114754098360656,0.275,0.016
0,3,Strong shift,Target-calibrated associative latent model,0.76,0.26963753228963994,0.37333333333333335,0.16663163212196733,0.04708088424631314,0.4596446405873313,0.587,300,0.7751322751322751,0.7508038585209004,0.7573770491803279,0.275,0.016
0,3,Strong shift,Frozen causal latent SCM,0.756,0.2613052553743771,0.4666666666666667,0.17198635424846934,0.08736763037773121,0.44375712965203595,0.651,300,0.7592592592592593,0.7540192926045016,0.7475409836065574,0.275,0.016
0,3,Strong shift,Modular causal latent SCM,0.785,0.32419657183831235,0.3233333333333333,0.1587178113346387,0.050951943033561084,0.45915690818169297,0.584,300,0.8042328042328042,0.7733118971061094,0.7770491803278688,0.275,0.016
0,3,Strong shift,Target oracle (reference),0.774,0.2996045510313678,0.21333333333333335,0.15510797770175078,0.03712470189584248,0.46604202255471816,0.495,300,0.8015873015873016,0.7572347266881029,0.7672131147540984,0.275,0.016
1,0,No shift,Pooled associative latent class model,0.797,0.352187603989218,0.31543624161073824,0.13764392271737258,0.02539554196376409,0.4232198239847703,0.505,149,0.8035294117647059,0.76,0.7619047619047619,0.051333333333333335,0.0
1,0,No shift,Target-calibrated associative latent model,0.807,0.37637230988469045,0.2953020134228188,0.1280360168794076,0.03156291790877353,0.39861814722192146,0.515,149,0.8105882352941176,0.7866666666666666,0.8095238095238095,0.051333333333333335,0.0
1,0,No shift,Frozen causal latent SCM,0.814,0.39377752022459755,0.18120805369127516,0.12469749210768631,0.025377571030844207,0.40036217358300497,0.488,149,0.8176470588235294,0.7933333333333333,0.8095238095238095,0.051333333333333335,0.0
1,0,No shift,Modular causal latent SCM,0.811,0.3862696577704623,0.21476510067114093,0.1251014133724146,0.028549927308807815,0.4000167918282708,0.501,149,0.8141176470588235,0.7933333333333333,0.8095238095238095,0.051333333333333335,0.0
1,0,No shift,Target oracle (reference),0.824,0.4193227787207837,0.18791946308724833,0.12494344915551271,0.029508743418016188,0.39713057013993786,0.496,149,0.8305882352941176,0.7866666666666666,0.7857142857142857,0.051333333333333335,0.0
1,1,Mild shift,Pooled associative latent class model,0.791,0.33806216553119905,0.3492063492063492,0.14330931638291677,0.02895455625547286,0.42691462948477615,0.517,189,0.7971204188481675,0.7711864406779662,0.8024691358024691,0.08433333333333333,0.0
1,1,Mild shift,Target-calibrated associative latent model,0.797,0.3521897226791312,0.32275132275132273,0.13606301215432734,0.026390004821793815,0.40547881789552115,0.529,189,0.806282722513089,0.7669491525423728,0.7407407407407407,0.08433333333333333,0.0
1,1,Mild shift,Frozen causal latent SCM,0.808,0.37883446138899346,0.2275132275132275,0.13023110207459984,0.018872342916896483,0.4093798177671864,0.51,189,0.8206806282722513,0.7669491525423728,0.7407407407407407,0.08433333333333333,0.0
1,1,Mild shift,Modular causal latent SCM,0.802,0.36417991005247674,0.25396825396825395,0.13115402415716648,0.024276363394204286,0.4090035377959098,0.512,189,0.8167539267015707,0.7542372881355932,0.7530864197530864,0.08433333333333333,0.0
1,1,Mild shift,Target oracle (reference),0.816,0.39882230718395567,0.17989417989417988,0.12972474969127967,0.037410538068980495,0.40662834384520335,0.494,189,0.831151832460733,0.7669491525423728,0.7530864197530864,0.08433333333333333,0.0
1,2,Moderate shift,Pooled associative latent class model,0.771,0.29306260771422665,0.4322033898305085,0.15620336691615697,0.04590384168667016,0.4427134667701314,0.547,236,0.7912457912457912,0.7413793103448276,0.75,0.162,0.006
1,2,Moderate shift,Target-calibrated associative latent model,0.791,0.33806305695627015,0.3093220338983051,0.13990321829751798,0.022295087393936958,0.4305703739025047,0.525,236,0.8114478114478114,0.7610837438423645,0.75,0.162,0.006
1,2,Moderate shift,Frozen causal latent SCM,0.797,0.35219148824347246,0.3135593220338983,0.1398942803013621,0.030266958315926375,0.4296212578775831,0.539,236,0.8164983164983165,0.7684729064039408,0.74375,0.162,0.006
1,2,Moderate shift,Modular causal latent SCM,0.801,0.3617651492750046,0.24152542372881355,0.13748440246478139,0.022742772515576652,0.4330553490909411,0.503,236,0.8164983164983165,0.7783251231527094,0.7625,0.162,0.006
1,2,Moderate shift,Target oracle (reference),0.812,0.3887641621039814,0.2076271186440678,0.1373391005338548,0.04024769297732696,0.43089003822252403,0.502,236,0.8282828282828283,0.7881773399014779,0.76875,0.162,0.006
1,3,Strong shift,Pooled associative latent class model,0.753,0.2553091728074248,0.40192926045016075,0.16914043092572972,0.06325429180025806,0.45220432066714544,0.579,311,0.7718446601941747,0.7397959183673469,0.7022058823529411,0.26166666666666666,0.025
1,3,Strong shift,Target-calibrated associative latent model,0.756,0.26142267536850927,0.12540192926045016,0.1640221039120804,0.0744403226607413,0.44592073223802653,0.422,311,0.7888349514563107,0.7329931972789115,0.6911764705882353,0.26166666666666666,0.025
1,3,Strong shift,Frozen causal latent SCM,0.783,0.31969288374745386,0.33440514469453375,0.152871187697444,0.05072857566208405,0.4491889995716902,0.581,311,0.8228155339805825,0.7551020408163265,0.7169117647058824,0.26166666666666666,0.025
1,3,Strong shift,Modular causal latent SCM,0.776,0.3040098212070577,0.1639871382636656,0.15223641098000126,0.03441860292194816,0.4553311945173859,0.47,311,0.808252427184466,0.7534013605442177,0.7058823529411765,0.26166666666666666,0.025
1,3,Strong shift,Target oracle (reference),0.791,0.3380614651241017,0.20257234726688103,0.14832655991559213,0.036098991175727686,0.4563621087342543,0.505,311,0.8300970873786407,0.7636054421768708,0.7169117647058824,0.26166666666666666,0.025
2,0,No shift,Pooled associative latent class model,0.828,0.42976140841592403,0.3088235294117647,0.12380970318978535,0.033300390111732574,0.41321996376512266,0.525,136,0.8296382730455076,0.8181818181818182,0.8571428571428571,0.052,0.001
2,0,No shift,Target-calibrated associative latent model,0.831,0.43768436289010365,0.125,0.12214796298940724,0.04253629212091847,0.3824779862422695,0.504,136,0.8319719953325554,0.8251748251748252,0.8333333333333334,0.052,0.001
2,0,No shift,Frozen causal latent SCM,0.836,0.4510345987762982,0.13970588235294118,0.12052639777674329,0.033973106104615014,0.3785513587513435,0.517,136,0.8366394399066511,0.8321678321678322,0.8571428571428571,0.052,0.001
2,0,No shift,Modular causal latent SCM,0.836,0.45103289847921946,0.13970588235294118,0.1205410265612005,0.03110217153822781,0.37726463046877834,0.521,136,0.8366394399066511,0.8321678321678322,0.8571428571428571,0.052,0.001
2,0,No shift,Target oracle (reference),0.833,0.44299416391635804,0.14705882352941177,0.11709523012767725,0.02883403742501679,0.3876255791133351,0.526,136,0.838973162193699,0.7972027972027972,0.7619047619047619,0.052,0.001
2,1,Mild shift,Pooled associative latent class model,0.815,0.3962686166314689,0.3425414364640884,0.13129408619294938,0.02888096140658325,0.4149843778407704,0.55,181,0.828,0.776,0.782608695652174,0.093,0.002
2,1,Mild shift,Target-calibrated associative latent model,0.804,0.36899148918397434,0.08287292817679558,0.1412280112717206,0.09765730212573324,0.39263003408702635,0.441,181,0.808,0.792,0.782608695652174,0.093,0.002
2,1,Mild shift,Frozen causal latent SCM,0.833,0.4429887158353387,0.19337016574585636,0.12412014188746827,0.03462715696709843,0.38566909657091936,0.534,181,0.848,0.788,0.7717391304347826,0.093,0.002
2,1,Mild shift,Modular causal latent SCM,0.829,0.4323963270009451,0.14917127071823205,0.1258439747194682,0.04184948779224079,0.3883823241334725,0.516,181,0.84,0.796,0.7608695652173914,0.093,0.002
2,1,Mild shift,Target oracle (reference),0.83,0.43503071794943604,0.16574585635359115,0.12173959141324585,0.02538159244309978,0.39605300691522155,0.525,181,0.844,0.788,0.75,0.093,0.002
2,2,Moderate shift,Pooled associative latent class model,0.792,0.34030715240187337,0.4008438818565401,0.14623909809113098,0.025798093862279055,0.4200516350659037,0.583,237,0.8164983164983165,0.7561576354679803,0.7283236994219653,0.161,0.005
2,2,Moderate shift,Target-calibrated associative latent model,0.808,0.37882249370579407,0.12236286919831224,0.1407880739214911,0.08002462389511325,0.41186971161538555,0.465,237,0.8367003367003367,0.7660098522167488,0.7341040462427746,0.161,0.005
2,2,Moderate shift,Frozen causal latent SCM,0.811,0.3862421309146405,0.26582278481012656,0.13502348696625052,0.03234197219185018,0.3992819029015843,0.55,237,0.8400673400673401,0.7684729064039408,0.7398843930635838,0.161,0.005
2,2,Moderate shift,Modular causal latent SCM,0.812,0.3887657736162563,0.18565400843881857,0.13387763778951625,0.04251468655521004,0.40684899586572637,0.513,237,0.8367003367003367,0.7758620689655172,0.7456647398843931,0.161,0.005
2,2,Moderate shift,Target oracle (reference),0.813,0.3912654066639176,0.18143459915611815,0.1308398040260916,0.028367299052237387,0.41447309804555343,0.52,237,0.8367003367003367,0.7783251231527094,0.7456647398843931,0.161,0.005
2,3,Strong shift,Pooled associative latent class model,0.735,0.2199587254089101,0.45357142857142857,0.17336960914756572,0.05594870212128841,0.4390002347230104,0.602,280,0.7675,0.7133333333333334,0.6655052264808362,0.2613333333333333,0.019
2,3,Strong shift,Target-calibrated associative latent model,0.779,0.3105882797292066,0.30714285714285716,0.14535971008449894,0.03877104894282116,0.433357204530594,0.58,280,0.8225,0.75,0.7142857142857143,0.2613333333333333,0.019
2,3,Strong shift,Frozen causal latent SCM,0.77,0.2907800327748855,0.3464285714285714,0.15268922267869903,0.04710866877785848,0.42200550460926317,0.589,280,0.8025,0.7483333333333333,0.7003484320557491,0.2613333333333333,0.019
2,3,Strong shift,Modular causal latent SCM,0.779,0.31066717392323706,0.22142857142857142,0.14528935349379005,0.03439141003911636,0.43496207219090127,0.528,280,0.81,0.7583333333333333,0.7142857142857143,0.2613333333333333,0.019
2,3,Strong shift,Target oracle (reference),0.781,0.3151517072047151,0.21428571428571427,0.1425212436870858,0.03650118198552028,0.4416973971176053,0.528,280,0.8175,0.7566666666666667,0.7177700348432056,0.2613333333333333,0.019
3,0,No shift,Pooled associative latent class model,0.782,0.31742680812876467,0.22695035460992907,0.14511374818176973,0.05594111530953915,0.4066419636181803,0.427,141,0.7940119760479042,0.7212121212121212,0.6938775510204082,0.058666666666666666,0.001
3,0,No shift,Target-calibrated associative latent model,0.792,0.34041331562650395,0.09219858156028368,0.14143631548356175,0.07449463058200821,0.37954468282931875,0.417,141,0.8047904191616766,0.7272727272727273,0.7346938775510204,0.058666666666666666,0.001
3,0,No shift,Frozen causal latent SCM,0.791,0.33807861919567067,0.09219858156028368,0.1406808809556622,0.07118713481025876,0.38379111090463836,0.418,141,0.8059880239520958,0.7151515151515152,0.7142857142857143,0.058666666666666666,0.001
3,0,No shift,Modular causal latent SCM,0.792,0.34041686297362517,0.05673758865248227,0.14317763835351024,0.07849004852339733,0.38211112566220673,0.409,141,0.807185628742515,0.7151515151515152,0.7346938775510204,0.058666666666666666,0.001
3,0,No shift,Target oracle (reference),0.802,0.3641819268407571,0.14184397163120568,0.13366573007997073,0.03180618488747511,0.4065846080427636,0.469,141,0.8167664670658683,0.7272727272727273,0.7551020408163265,0.058666666666666666,0.001
3,1,Mild shift,Pooled associative latent class model,0.771,0.2930626673741092,0.2978723404255319,0.15071788574642053,0.04237596366267574,0.41420795202384897,0.452,188,0.7899159663865546,0.7237762237762237,0.7289719626168224,0.104,0.001
3,1,Mild shift,Target-calibrated associative latent model,0.796,0.34982446259959793,0.09574468085106383,0.14172982289854338,0.05420409389705484,0.3895753820940646,0.433,188,0.8221288515406162,0.7307692307692307,0.7289719626168224,0.104,0.001
3,1,Mild shift,Frozen causal latent SCM,0.79,0.3357473131665839,0.1276595744680851,0.14156287490905706,0.05685188074417297,0.39409672842661475,0.431,188,0.8109243697478992,0.7377622377622378,0.7476635514018691,0.104,0.001
3,1,Mild shift,Modular causal latent SCM,0.79,0.3357519327337292,0.09574468085106383,0.1446585666107091,0.07017097013218881,0.3908470312536984,0.419,188,0.8137254901960784,0.7307692307692307,0.7289719626168224,0.104,0.001
3,1,Mild shift,Target oracle (reference),0.797,0.35219012547790446,0.14893617021276595,0.13727218832380475,0.027285016919864423,0.414471930029745,0.468,188,0.8207282913165266,0.7377622377622378,0.7663551401869159,0.104,0.001
3,2,Moderate shift,Pooled associative latent class model,0.752,0.25326919714023394,0.37037037037037035,0.1640212601267461,0.04674553466150747,0.4285274375326471,0.485,243,0.7957371225577264,0.6956521739130435,0.6460674157303371,0.174,0.004
3,2,Moderate shift,Target-calibrated associative latent model,0.778,0.3084604519031507,0.13991769547325103,0.15168698595206956,0.06930708182461136,0.41008038673535324,0.421,243,0.8134991119005328,0.7322654462242563,0.7134831460674157,0.174,0.004
3,2,Moderate shift,Frozen causal latent SCM,0.78,0.31291715777530477,0.205761316872428,0.15018531976493302,0.04400259111704522,0.41665922312059445,0.457,243,0.8152753108348135,0.7345537757437071,0.7134831460674157,0.174,0.004
3,2,Moderate shift,Modular causal latent SCM,0.778,0.308461306895954,0.11934156378600823,0.15371140443821474,0.06539997185639639,0.41310353204298256,0.419,243,0.8152753108348135,0.7299771167048055,0.7134831460674157,0.174,0.004
3,2,Moderate shift,Target oracle (reference),0.778,0.3084466862279856,0.18518518518518517,0.14736194638818742,0.033901633646442296,0.4355959852726935,0.467,243,0.8152753108348135,0.7299771167048055,0.7247191011235955,0.174,0.004
3,3,Strong shift,Pooled associative latent class model,0.695,0.15125048388720713,0.4563106796116505,0.19523134557627464,0.09219445127764168,0.44258378220943334,0.504,309,0.7580645161290323,0.6576433121019108,0.6258278145695364,0.2753333333333333,0.013
3,3,Strong shift,Target-calibrated associative latent model,0.765,0.28021437044222086,0.13592233009708737,0.16471281266175078,0.07317686858409639,0.43958481009137773,0.388,309,0.7903225806451613,0.75,0.7284768211920529,0.2753333333333333,0.013
3,3,Strong shift,Frozen causal latent SCM,0.738,0.22580356964887646,0.3106796116504854,0.16727490416704796,0.050813550403269486,0.44349467537560144,0.471,309,0.7956989247311828,0.7038216560509554,0.6887417218543046,0.2753333333333333,0.013
3,3,Strong shift,Modular causal latent SCM,0.756,0.2614411294651377,0.1553398058252427,0.16356768642834169,0.07059119081098666,0.44201060436016565,0.387,309,0.793010752688172,0.7340764331210191,0.7185430463576159,0.2753333333333333,0.013
3,3,Strong shift,Target oracle (reference),0.764,0.27806478168623755,0.19741100323624594,0.15566612856582415,0.03646530835045903,0.46496056959732707,0.465,309,0.793010752688172,0.7468152866242038,0.7516556291390728,0.2753333333333333,0.013
4,0,No shift,Pooled associative latent class model,0.763,0.27596848752667125,0.16666666666666666,0.15441712985424386,0.10228436390448929,0.42285963862614473,0.383,144,0.7635524798154556,0.7593984962406015,0.7317073170731707,0.04666666666666667,0.0
4,0,No shift,Target-calibrated associative latent model,0.804,0.36904145018867596,0.0625,0.1428067462834674,0.09126022608771449,0.41152632001270567,0.41,144,0.8108419838523645,0.7593984962406015,0.7560975609756098,0.04666666666666667,0.0
4,0,No shift,Frozen causal latent SCM,0.806,0.37392446121627104,0.06944444444444445,0.1409628025083316,0.08231311578603678,0.41253741698201235,0.42,144,0.8131487889273357,0.7593984962406015,0.7804878048780488,0.04666666666666667,0.0
4,0,No shift,Modular causal latent SCM,0.796,0.3498245866493472,0.05555555555555555,0.14412268433825354,0.09571077834994468,0.4103874539921642,0.4,144,0.803921568627451,0.7443609022556391,0.7317073170731707,0.04666666666666667,0.0
4,0,No shift,Target oracle (reference),0.814,0.3937777839590514,0.14583333333333334,0.13231548442448668,0.0367338111970999,0.4026138161343017,0.484,144,0.817762399077278,0.7894736842105263,0.7804878048780488,0.04666666666666667,0.0
4,1,Mild shift,Pooled associative latent class model,0.764,0.2780708290916849,0.22702702702702704,0.1554209859961963,0.08234660876798083,0.43239665349909595,0.414,185,0.7556142668428005,0.7901234567901234,0.7938144329896907,0.08866666666666667,0.0
4,1,Mild shift,Target-calibrated associative latent model,0.794,0.3450939571123852,0.13513513513513514,0.14261834220825506,0.06846378664739475,0.4246398749924535,0.432,185,0.8005284015852048,0.7736625514403292,0.7628865979381443,0.08866666666666667,0.0
4,1,Mild shift,Frozen causal latent SCM,0.794,0.34509365884509213,0.14054054054054055,0.14224434312284964,0.06530812877063563,0.424612128581155,0.434,185,0.797886393659181,0.7818930041152263,0.7938144329896907,0.08866666666666667,0.0
4,1,Mild shift,Modular causal latent SCM,0.786,0.32652121623729985,0.08648648648648649,0.14762440994447035,0.09218842622940426,0.42173879764803895,0.402,185,0.7965653896961691,0.7530864197530864,0.7422680412371134,0.08866666666666667,0.0
4,1,Mild shift,Target oracle (reference),0.804,0.36903303946661353,0.15135135135135136,0.1374450275690112,0.03130508356783704,0.4131984005059015,0.484,185,0.809775429326288,0.7860082304526749,0.7835051546391752,0.08866666666666667,0.0
4,2,Moderate shift,Pooled associative latent class model,0.749,0.24725452475853055,0.3017241379310345,0.16290854506036664,0.0650397869169881,0.4512020920491245,0.447,232,0.7587939698492462,0.7344913151364765,0.7758620689655172,0.158,0.001
4,2,Moderate shift,Target-calibrated associative latent model,0.783,0.319682972004412,0.1336206896551724,0.15181484232432238,0.08030636631006839,0.44336768223511863,0.419,232,0.8023450586264657,0.7543424317617866,0.7816091954022989,0.158,0.001
4,2,Moderate shift,Frozen causal latent SCM,0.779,0.31067675396988564,0.20689655172413793,0.14676716543969973,0.03850968904028697,0.4469110956423419,0.455,232,0.7939698492462312,0.7568238213399504,0.8045977011494253,0.158,0.001
4,2,Moderate shift,Modular causal latent SCM,0.778,0.3084549813736784,0.10344827586206896,0.15259695826636802,0.08742479746034841,0.4439063077501114,0.404,232,0.8073701842546064,0.7344913151364765,0.764367816091954,0.158,0.001
4,2,Moderate shift,Target oracle (reference),0.797,0.3521880990161255,0.16810344827586207,0.1430085414102558,0.030606020636198612,0.43579717110959737,0.487,232,0.8190954773869347,0.7642679900744417,0.7701149425287356,0.158,0.001
4,3,Strong shift,Pooled associative latent class model,0.717,0.1875470767040154,0.3201320132013201,0.18559909884732664,0.06697097644620051,0.46430964039152184,0.447,303,0.7897310513447433,0.6666666666666666,0.6666666666666666,0.25466666666666665,0.011
4,3,Strong shift,Target-calibrated associative latent model,0.756,0.2614197315866332,0.1188118811881188,0.16504486852728348,0.09042115186350626,0.45997924609068913,0.392,303,0.80440097799511,0.7225042301184433,0.7446808510638298,0.25466666666666665,0.011
4,3,Strong shift,Frozen causal latent SCM,0.754,0.25732141471715275,0.28052805280528054,0.16700335859951002,0.03877703551005055,0.46289966906983704,0.482,303,0.8264058679706602,0.7038917089678511,0.7163120567375887,0.25466666666666665,0.011
4,3,Strong shift,Modular causal latent SCM,0.755,0.25937138045926916,0.14521452145214522,0.16246630243506868,0.08192320982636428,0.4628278590684231,0.401,303,0.8092909535452323,0.7174280879864636,0.7375886524822695,0.25466666666666665,0.011
4,3,Strong shift,Target oracle (reference),0.771,0.2930568155802411,0.22112211221122113,0.15444490543479417,0.028585304267518055,0.45415532699912425,0.493,303,0.8264058679706602,0.7326565143824028,0.7304964539007093,0.25466666666666665,0.011
5,0,No shift,Pooled associative latent class model,0.792,0.3403964660948739,0.3129251700680272,0.14508494293509472,0.02866817605285817,0.43489130033222445,0.483,147,0.8016726403823178,0.7423312883435583,0.76,0.057666666666666665,0.001
5,0,No shift,Target-calibrated associative latent model,0.804,0.3690327441186004,0.12244897959183673,0.13831302252631,0.026735070027021926,0.40395698959273413,0.491,147,0.8100358422939068,0.7730061349693251,0.82,0.057666666666666665,0.001
5,0,No shift,Frozen causal latent SCM,0.817,0.40135701025514214,0.2108843537414966,0.13440669335425004,0.02977874429941318,0.40642891244662044,0.506,147,0.8255675029868578,0.7730061349693251,0.86,0.057666666666666665,0.001
5,0,No shift,Modular causal latent SCM,0.811,0.3862699609801586,0.1564625850340136,0.13551582874073234,0.03749649287625121,0.4055249270244955,0.492,147,0.8207885304659498,0.7607361963190185,0.84,0.057666666666666665,0.001
5,0,No shift,Target oracle (reference),0.808,0.37883441576881866,0.2108843537414966,0.13486378635812418,0.0218657550322287,0.40139563194229705,0.501,147,0.8172043010752689,0.7607361963190185,0.88,0.057666666666666665,0.001
5,1,Mild shift,Pooled associative latent class model,0.768,0.28658242601403133,0.3979591836734694,0.15329442607648583,0.03600725565307442,0.43717726501087834,0.513,196,0.7884097035040432,0.7093023255813954,0.7473684210526316,0.09766666666666667,0.004
5,1,Mild shift,Target-calibrated associative latent model,0.795,0.34744726003553456,0.1836734693877551,0.14164694165210112,0.016226923887601486,0.4149358160008785,0.512,196,0.8126684636118598,0.7441860465116279,0.7789473684210526,0.09766666666666667,0.004
5,1,Mild shift,Frozen causal latent SCM,0.8,0.3593598436366138,0.28061224489795916,0.14096668120519812,0.029775341282923938,0.41452344540012415,0.523,196,0.8153638814016172,0.7558139534883721,0.8105263157894737,0.09766666666666667,0.004
5,1,Mild shift,Modular causal latent SCM,0.804,0.3690327441186004,0.1836734693877551,0.13961069204341012,0.03257404616717683,0.41551132346302266,0.491,196,0.8207547169811321,0.7558139534883721,0.8210526315789474,0.09766666666666667,0.004
5,1,Mild shift,Target oracle (reference),0.797,0.35218781257693216,0.21428571428571427,0.1398456512197789,0.030007102960516986,0.4099847695657221,0.494,196,0.8140161725067385,0.748062015503876,0.8105263157894737,0.09766666666666667,0.004
5,2,Moderate shift,Pooled associative latent class model,0.747,0.24328172729531736,0.4493927125506073,0.1691141845045693,0.03962176868496502,0.45378473064897556,0.538,247,0.7958833619210978,0.6786570743405276,0.6705202312138728,0.16566666666666666,0.01
5,2,Moderate shift,Target-calibrated associative latent model,0.784,0.3219472521432765,0.2550607287449393,0.14803053634581514,0.02196740007221931,0.43796637097502217,0.531,247,0.8147512864493996,0.7410071942446043,0.7572254335260116,0.16566666666666666,0.01
5,2,Moderate shift,Frozen causal latent SCM,0.774,0.29960845969540834,0.3684210526315789,0.15327872633278047,0.04381764669350846,0.43448366438755986,0.553,247,0.8096054888507719,0.7242206235011991,0.7283236994219653,0.16566666666666666,0.01
5,2,Moderate shift,Modular causal latent SCM,0.795,0.3474471822418786,0.20242914979757085,0.1457876776369341,0.028284478923976664,0.4392757972557679,0.49,247,0.8250428816466552,0.7529976019184652,0.7745664739884393,0.16566666666666666,0.01
5,2,Moderate shift,Target oracle (reference),0.789,0.3334171465098678,0.2145748987854251,0.1464343346164645,0.02574917209311825,0.43378747686600216,0.49,247,0.8164665523156089,0.750599520383693,0.7687861271676301,0.16566666666666666,0.01
5,3,Strong shift,Pooled associative latent class model,0.711,0.17727719039874892,0.5186440677966102,0.18533013405108226,0.07024614320888252,0.463951400279358,0.586,295,0.7946210268948656,0.6531302876480541,0.6508474576271186,0.26166666666666666,0.019
5,3,Strong shift,Target-calibrated associative latent model,0.763,0.27595400393397457,0.2983050847457627,0.16018637621711154,0.03708600752501304,0.4629093815727831,0.536,295,0.8386308068459658,0.7106598984771574,0.711864406779661,0.26166666666666666,0.019
5,3,Strong shift,Frozen causal latent SCM,0.741,0.2315811512506971,0.44745762711864406,0.17304119427659867,0.07691483149829395,0.4515018715738356,0.612,295,0.8117359413202934,0.6920473773265652,0.6813559322033899,0.26166666666666666,0.019
5,3,Strong shift,Modular causal latent SCM,0.767,0.2844460356251709,0.31864406779661014,0.16307336009240594,0.05377870670287267,0.46104713936555547,0.556,295,0.8361858190709046,0.7191201353637902,0.7186440677966102,0.26166666666666666,0.019
5,3,Strong shift,Target oracle (reference),0.77,0.29089056619583287,0.20677966101694914,0.15829901135877178,0.03370838183527252,0.4604352451019775,0.491,295,0.8068459657701712,0.7445008460236887,0.7389830508474576,0.26166666666666666,0.019
6,0,No shift,Pooled associative latent class model,0.794,0.34508992103142205,0.3776223776223776,0.14415102139992317,0.03307253827082893,0.44746402057918133,0.526,143,0.7942925089179548,0.7924528301886793,0.828125,0.055,0.0
6,0,No shift,Target-calibrated associative latent model,0.797,0.35218772263621945,0.1258741258741259,0.14141868778820707,0.0438577002489854,0.406769146975862,0.503,143,0.7931034482758621,0.8176100628930818,0.78125,0.055,0.0
6,0,No shift,Frozen causal latent SCM,0.818,0.4039000314383648,0.1958041958041958,0.13556203056570088,0.02942825333731327,0.4149592548250648,0.518,143,0.816884661117717,0.8238993710691824,0.796875,0.055,0.0
6,0,No shift,Modular causal latent SCM,0.817,0.40135841236672365,0.1958041958041958,0.13615202439343438,0.03175507476310613,0.4132865075146648,0.529,143,0.8180737217598097,0.8113207547169812,0.765625,0.055,0.0
6,0,No shift,Target oracle (reference),0.825,0.421921630598519,0.18181818181818182,0.13480783294536167,0.04167900106389498,0.40087043829312174,0.509,143,0.8228299643281808,0.8364779874213837,0.8125,0.055,0.0
6,1,Mild shift,Pooled associative latent class model,0.777,0.3062275162876857,0.4358974358974359,0.15389042995369168,0.033337036179963184,0.45611121279172695,0.553,195,0.7808219178082192,0.7666666666666667,0.8016528925619835,0.098,0.0
6,1,Mild shift,Target-calibrated associative latent model,0.795,0.3474483795256169,0.18461538461538463,0.1436239913285678,0.04057771493264005,0.4124496194662438,0.527,195,0.7917808219178082,0.8037037037037037,0.8429752066115702,0.098,0.0
6,1,Mild shift,Frozen causal latent SCM,0.813,0.3912681367550794,0.24102564102564103,0.13876542761731211,0.03668912413805496,0.42513670846268165,0.527,195,0.8164383561643835,0.8037037037037037,0.8264462809917356,0.098,0.0
6,1,Mild shift,Modular causal latent SCM,0.806,0.37392014705104404,0.2153846153846154,0.13850607382401564,0.038338373626140336,0.4199080189574389,0.538,195,0.8095890410958904,0.7962962962962963,0.8181818181818182,0.098,0.0
6,1,Mild shift,Target oracle (reference),0.825,0.4219215340652556,0.18974358974358974,0.1368815790986352,0.04319379103986113,0.4105386266916839,0.505,195,0.826027397260274,0.8222222222222222,0.8512396694214877,0.098,0.0
6,2,Moderate shift,Pooled associative latent class model,0.757,0.26347709780442335,0.4715447154471545,0.1662300148854115,0.05992708746375065,0.4646408161129909,0.591,246,0.7853309481216458,0.7210884353741497,0.7512437810945274,0.175,0.001
6,2,Moderate shift,Target-calibrated associative latent model,0.783,0.3196792766001129,0.23577235772357724,0.14789222820552061,0.04231685241283782,0.427744561320952,0.545,246,0.7906976744186046,0.7732426303854876,0.7711442786069652,0.175,0.001
6,2,Moderate shift,Frozen causal latent SCM,0.781,0.3151672766832736,0.36585365853658536,0.14730696909093166,0.04337505585972933,0.4392239298293747,0.565,246,0.7996422182468694,0.7573696145124716,0.7611940298507462,0.175,0.001
6,2,Moderate shift,Modular causal latent SCM,0.794,0.345092381693557,0.25609756097560976,0.14400908709636048,0.0332152484920536,0.4333857537113066,0.544,246,0.8050089445438283,0.780045351473923,0.7761194029850746,0.175,0.001
6,2,Moderate shift,Target oracle (reference),0.81,0.38378344200251435,0.21544715447154472,0.1417619772641636,0.0346716143094681,0.42771896916947083,0.508,246,0.8193202146690519,0.7981859410430839,0.8159203980099502,0.175,0.001
6,3,Strong shift,Pooled associative latent class model,0.729,0.20899838835239623,0.47474747474747475,0.1772243529511016,0.07348008799859454,0.470070987854458,0.605,297,0.8,0.6864,0.6739130434782609,0.2823333333333333,0.021
6,3,Strong shift,Target-calibrated associative latent model,0.768,0.28658545453789913,0.17845117845117844,0.15755119321063943,0.05677523462010628,0.45414298607370523,0.46,297,0.784,0.7584,0.7639751552795031,0.2823333333333333,0.021
6,3,Strong shift,Frozen causal latent SCM,0.75,0.24927290270766234,0.4006734006734007,0.1614025848416843,0.06205071402669016,0.45646718829813027,0.604,297,0.808,0.7152,0.7236024844720497,0.2823333333333333,0.021
6,3,Strong shift,Modular causal latent SCM,0.772,0.29523342949058995,0.15151515151515152,0.15407931866775537,0.04690770611323157,0.4623761318737831,0.464,297,0.7893333333333333,0.7616,0.7701863354037267,0.2823333333333333,0.021
6,3,Strong shift,Target oracle (reference),0.794,0.3450887258459991,0.18181818181818182,0.14886927731954439,0.03512164096803502,0.45442250769052916,0.508,297,0.84,0.7664,0.7795031055900621,0.2823333333333333,0.021
7,0,No shift,Pooled associative latent class model,0.812,0.38876756712179633,0.31543624161073824,0.1337524111327681,0.02550326513685041,0.4240100168161705,0.539,149,0.8185053380782918,0.7770700636942676,0.7592592592592593,0.057,0.0
7,0,No shift,Target-calibrated associative latent model,0.812,0.38876994833338374,0.174496644295302,0.1305586949500603,0.03448207726033919,0.3901147809429925,0.551,149,0.8244365361803084,0.7452229299363057,0.7037037037037037,0.057,0.0
7,0,No shift,Frozen causal latent SCM,0.821,0.4115803513214459,0.2214765100671141,0.12766528960718213,0.035671300710522984,0.3917795639358219,0.55,149,0.8327402135231317,0.7579617834394905,0.7037037037037037,0.057,0.0
7,0,No shift,Modular causal latent SCM,0.817,0.40136311434294536,0.2348993288590604,0.1282653384460428,0.033906229789876535,0.3915644170902373,0.554,149,0.8291814946619217,0.7515923566878981,0.6851851851851852,0.057,0.0
7,0,No shift,Target oracle (reference),0.81,0.38378333699627826,0.18791946308724833,0.12621763349471696,0.034108538414067927,0.395117969573891,0.507,149,0.8196915776986952,0.7579617834394905,0.7407407407407407,0.057,0.0
7,1,Mild shift,Pooled associative latent class model,0.788,0.3311109652122992,0.35406698564593303,0.14986866519806133,0.031920317593934766,0.430848780072217,0.543,209,0.8021390374331551,0.746031746031746,0.7474747474747475,0.09866666666666667,0.001
7,1,Mild shift,Target-calibrated associative latent model,0.807,0.3763761651012657,0.19138755980861244,0.13200038535939176,0.03267984066585734,0.40227388566264893,0.544,209,0.8302139037433155,0.7380952380952381,0.7575757575757576,0.09866666666666667,0.001
7,1,Mild shift,Frozen causal latent SCM,0.806,0.3739257567610792,0.27751196172248804,0.13559840569801232,0.04164875973056767,0.402180547821264,0.561,209,0.8235294117647058,0.753968253968254,0.7575757575757576,0.09866666666666667,0.001
7,1,Mild shift,Modular causal latent SCM,0.806,0.37392469081641005,0.24880382775119617,0.13356902266199375,0.03581668734002397,0.40280331525084123,0.557,209,0.8275401069518716,0.7420634920634921,0.7575757575757576,0.09866666666666667,0.001
7,1,Mild shift,Target oracle (reference),0.8,0.3593587839383066,0.21052631578947367,0.1316405364043748,0.03440955700936603,0.40717149658754487,0.501,209,0.8141711229946524,0.7579365079365079,0.7878787878787878,0.09866666666666667,0.001
7,2,Moderate shift,Pooled associative latent class model,0.755,0.25937104495865,0.43951612903225806,0.1662793825721781,0.0634175276812322,0.4349816676114815,0.568,248,0.7833622183708839,0.7163120567375887,0.7005347593582888,0.17266666666666666,0.004
7,2,Moderate shift,Target-calibrated associative latent model,0.79,0.33575327263045973,0.31451612903225806,0.1438792107934202,0.05950491599930212,0.41507931271753773,0.587,248,0.8318890814558059,0.7328605200945626,0.7272727272727273,0.17266666666666666,0.004
7,2,Moderate shift,Frozen causal latent SCM,0.79,0.33575327263045973,0.34274193548387094,0.15010425487192072,0.07165668229670089,0.41161547927976216,0.587,248,0.8266897746967071,0.7399527186761229,0.7379679144385026,0.17266666666666666,0.004
7,2,Moderate shift,Modular causal latent SCM,0.795,0.34746268620537474,0.31048387096774194,0.14433325024044874,0.061227976082449405,0.41567754271737656,0.582,248,0.8336221837088388,0.7423167848699763,0.7272727272727273,0.17266666666666666,0.004
7,2,Moderate shift,Target oracle (reference),0.796,0.3498134174479617,0.23790322580645162,0.1384218138806524,0.034188605069672175,0.42455836224965504,0.509,248,0.82842287694974,0.75177304964539,0.7540106951871658,0.17266666666666666,0.004
7,3,Strong shift,Pooled associative latent class model,0.72,0.1928435678958939,0.527972027972028,0.18342140198196408,0.07607665738965166,0.45775927526338356,0.633,286,0.774869109947644,0.686084142394822,0.6360655737704918,0.274,0.021
7,3,Strong shift,Target-calibrated associative latent model,0.764,0.2780738093374314,0.3146853146853147,0.15614229435807936,0.03367855490998311,0.45598235950587307,0.569,286,0.8141361256544503,0.7330097087378641,0.7180327868852459,0.274,0.021
7,3,Strong shift,Frozen causal latent SCM,0.751,0.25130453227102484,0.44405594405594406,0.17447749752288144,0.09683762540646786,0.43898281992926763,0.636,286,0.8089005235602095,0.7152103559870551,0.6819672131147541,0.274,0.021
7,3,Strong shift,Modular causal latent SCM,0.771,0.29306752758066806,0.2972027972027972,0.15360865368193732,0.03034679246396,0.45756097520818356,0.566,286,0.819371727748691,0.7411003236245954,0.7278688524590164,0.274,0.021
7,3,Strong shift,Target oracle (reference),0.778,0.30844424238286444,0.2202797202797203,0.15245548953008606,0.033946372457837756,0.46042478591886427,0.513,286,0.806282722513089,0.7605177993527508,0.7442622950819672,0.274,0.021
8,0,No shift,Pooled associative latent class model,0.827,0.4271429601413325,0.2932330827067669,0.12461738354276901,0.028882517760573736,0.40358958526384286,0.502,133,0.8367593712212817,0.7803468208092486,0.7818181818181819,0.060333333333333336,0.0
8,0,No shift,Target-calibrated associative latent model,0.809,0.3813054933088954,0.15037593984962405,0.1326135739125778,0.02627233185689555,0.39286467889274446,0.522,133,0.814993954050786,0.7803468208092486,0.7636363636363637,0.060333333333333336,0.0
8,0,No shift,Frozen causal latent SCM,0.812,0.3887646052214623,0.18796992481203006,0.12387009187393161,0.031243605215690442,0.395167153763499,0.507,133,0.8186215235792019,0.7803468208092486,0.8,0.060333333333333336,0.0
8,0,No shift,Modular causal latent SCM,0.816,0.3988226908868238,0.14285714285714285,0.12598469279755092,0.021606022626319242,0.3961300999473055,0.509,133,0.8234582829504232,0.7803468208092486,0.8,0.060333333333333336,0.0
8,0,No shift,Target oracle (reference),0.809,0.38130515586647273,0.19548872180451127,0.12452719109611486,0.031127748700968516,0.38449375001418296,0.508,133,0.814993954050786,0.7803468208092486,0.8,0.060333333333333336,0.0
8,1,Mild shift,Pooled associative latent class model,0.807,0.3763728048267799,0.3384615384615385,0.13485358018172727,0.017474619506075997,0.41504727312166806,0.528,195,0.8228021978021978,0.7647058823529411,0.7352941176470589,0.09666666666666666,0.0
8,1,Mild shift,Target-calibrated associative latent model,0.806,0.3739179496259935,0.14358974358974358,0.13416000639710512,0.026851149265456262,0.3994765828134597,0.517,195,0.8159340659340659,0.7794117647058824,0.7549019607843137,0.09666666666666666,0.0
8,1,Mild shift,Frozen causal latent SCM,0.813,0.39126752496944966,0.20512820512820512,0.12695782202737893,0.034133367513724096,0.4042728262020625,0.524,195,0.8228021978021978,0.7867647058823529,0.7647058823529411,0.09666666666666666,0.0
8,1,Mild shift,Modular causal latent SCM,0.813,0.3912670696427464,0.13333333333333333,0.12881700042420327,0.03119485006126614,0.4044128336452043,0.5,195,0.8228021978021978,0.7867647058823529,0.7647058823529411,0.09666666666666666,0.0
8,1,Mild shift,Target oracle (reference),0.807,0.37637222174204465,0.18461538461538463,0.12772709080646238,0.03512114955450678,0.3942939667809876,0.508,195,0.8173076923076923,0.7794117647058824,0.7647058823529411,0.09666666666666666,0.0
8,2,Moderate shift,Pooled associative latent class model,0.794,0.3450905986603088,0.3684210526315789,0.1480508201368979,0.03225798461311701,0.42517194499925515,0.545,247,0.8212389380530973,0.7586206896551724,0.7267441860465116,0.16866666666666666,0.005
8,2,Moderate shift,Target-calibrated associative latent model,0.8,0.3593601704933047,0.20647773279352227,0.14181733519233258,0.026388029216983952,0.4187778187843738,0.535,247,0.8123893805309734,0.7839080459770115,0.7616279069767442,0.16866666666666666,0.005
8,2,Moderate shift,Frozen causal latent SCM,0.803,0.3666041374347488,0.2793522267206478,0.1359606336391889,0.03352135066975939,0.420828350507894,0.546,247,0.8230088495575221,0.7770114942528735,0.75,0.16866666666666666,0.005
8,2,Moderate shift,Modular causal latent SCM,0.807,0.3763721731516008,0.15789473684210525,0.13547827577969537,0.024934825277168456,0.424710866202121,0.498,247,0.8212389380530973,0.7885057471264367,0.7558139534883721,0.16866666666666666,0.005
8,2,Moderate shift,Target oracle (reference),0.796,0.34981374542314864,0.2145748987854251,0.13386594316579392,0.028606763395536746,0.4148284248292879,0.513,247,0.815929203539823,0.7701149425287356,0.7325581395348837,0.16866666666666666,0.005
8,3,Strong shift,Pooled associative latent class model,0.746,0.24130872505034598,0.4280821917808219,0.17609749109292305,0.053232263897106426,0.44954891643626227,0.561,292,0.8038147138964578,0.7124802527646129,0.6858108108108109,0.2753333333333333,0.022
8,3,Strong shift,Target-calibrated associative latent model,0.766,0.28230889258056724,0.17465753424657535,0.15815941803730202,0.056512183729620996,0.4516586760484607,0.445,292,0.8119891008174387,0.7393364928909952,0.7364864864864865,0.2753333333333333,0.022
8,3,Strong shift,Frozen causal latent SCM,0.767,0.2844435533229615,0.3424657534246575,0.15550722217376953,0.04886178534548258,0.4461188266032376,0.56,292,0.8283378746594006,0.731437598736177,0.7162162162162162,0.2753333333333333,0.022
8,3,Strong shift,Modular causal latent SCM,0.78,0.3129126978809645,0.2226027397260274,0.14732647005878585,0.025887301474164556,0.4558905017821218,0.497,292,0.8283378746594006,0.7519747235387045,0.7466216216216216,0.2753333333333333,0.022
8,3,Strong shift,Target oracle (reference),0.774,0.2996037773241504,0.23972602739726026,0.14630242945172564,0.02573549214465964,0.4466214989231431,0.521,292,0.8201634877384196,0.7472353870458136,0.7331081081081081,0.2753333333333333,0.022
9,0,No shift,Pooled associative latent class model,0.804,0.3690034531079143,0.2824858757062147,0.1359990797273774,0.033499545972859965,0.44003341261657475,0.443,177,0.8061104582843713,0.7919463087248322,0.7254901960784313,0.051333333333333335,0.0
9,0,No shift,Target-calibrated associative latent model,0.82,0.4089673337858642,0.1638418079096045,0.1266355277862328,0.03554071686251678,0.41670202917581295,0.431,177,0.8213866039952996,0.8120805369127517,0.7647058823529411,0.051333333333333335,0.0
9,0,No shift,Frozen causal latent SCM,0.819,0.406425714486153,0.1977401129943503,0.12504076749946988,0.03789023170342321,0.420491684333733,0.446,177,0.8190364277320799,0.8187919463087249,0.7843137254901961,0.051333333333333335,0.0
9,0,No shift,Modular causal latent SCM,0.821,0.4115425167984439,0.1694915254237288,0.12530733747631692,0.037648854436997906,0.419489155300252,0.438,177,0.8213866039952996,0.8187919463087249,0.7843137254901961,0.051333333333333335,0.0
9,0,No shift,Target oracle (reference),0.827,0.42713732268049026,0.21468926553672316,0.1251144875661614,0.030465234395066196,0.409909275910647,0.47,177,0.8307873090481787,0.8053691275167785,0.7647058823529411,0.051333333333333335,0.0
9,1,Mild shift,Pooled associative latent class model,0.788,0.33109691271255476,0.3133047210300429,0.14308041098100815,0.03382159242612534,0.44406453042357225,0.465,233,0.8,0.7529411764705882,0.7192982456140351,0.09166666666666666,0.0
9,1,Mild shift,Target-calibrated associative latent model,0.815,0.3962497323152945,0.1459227467811159,0.12837856455581306,0.03341310754061161,0.42599383877210034,0.428,233,0.8295302013422818,0.7725490196078432,0.7719298245614035,0.09166666666666666,0.0
9,1,Mild shift,Frozen causal latent SCM,0.812,0.3887567485441674,0.2317596566523605,0.12913731431233338,0.03326478033990008,0.42866970488792616,0.467,233,0.825503355704698,0.7725490196078432,0.7631578947368421,0.09166666666666666,0.0
9,1,Mild shift,Modular causal latent SCM,0.813,0.3912398050122248,0.18025751072961374,0.12786813948685977,0.04226633909335772,0.4289130662994106,0.444,233,0.8268456375838926,0.7725490196078432,0.7719298245614035,0.09166666666666666,0.0
9,1,Mild shift,Target oracle (reference),0.819,0.4064464980304101,0.21030042918454936,0.1284768159858703,0.027469505876362977,0.4180539557851415,0.474,233,0.8375838926174497,0.7647058823529411,0.7631578947368421,0.09166666666666666,0.0
9,2,Moderate shift,Pooled associative latent class model,0.763,0.2759511144357235,0.34494773519163763,0.15797768869153314,0.03721241399143191,0.45635024889270825,0.482,287,0.7853577371048253,0.7293233082706767,0.7,0.16033333333333333,0.003
9,2,Moderate shift,Target-calibrated associative latent model,0.787,0.3286133201337182,0.08362369337979095,0.14635081552826068,0.06489604509254136,0.4313074276710057,0.364,287,0.8136439267886856,0.7468671679197995,0.735,0.16033333333333333,0.003
9,2,Moderate shift,Frozen causal latent SCM,0.787,0.3288047418550921,0.27526132404181186,0.14106980288488574,0.037674644066763706,0.44618469189394216,0.484,287,0.8103161397670549,0.7518796992481203,0.74,0.16033333333333333,0.003
9,2,Moderate shift,Modular causal latent SCM,0.799,0.35689254315989705,0.13588850174216027,0.13730164887299195,0.037894356132078554,0.44446353117161386,0.416,287,0.8286189683860233,0.7543859649122807,0.735,0.16033333333333333,0.003
9,2,Moderate shift,Target oracle (reference),0.8,0.3593565654378256,0.1986062717770035,0.13689324520745247,0.025820363265421902,0.43781067256617756,0.477,287,0.8336106489184693,0.7493734335839599,0.72,0.16033333333333333,0.003
9,3,Strong shift,Pooled associative latent class model,0.733,0.2163695060778947,0.36423841059602646,0.17446788560831897,0.04456252865642921,0.48288288947658065,0.478,302,0.7714987714987716,0.7065767284991569,0.6776315789473685,0.25533333333333336,0.015
9,3,Strong shift,Target-calibrated associative latent model,0.777,0.3062221571545458,0.2185430463576159,0.1531263307962256,0.03827156046121444,0.47164665175025855,0.484,302,0.8132678132678133,0.7521079258010118,0.7335526315789473,0.25533333333333336,0.015
9,3,Strong shift,Frozen causal latent SCM,0.774,0.2996063296621677,0.304635761589404,0.15893929059865733,0.05205302423639492,0.47099198765011957,0.501,302,0.8181818181818182,0.7436762225969646,0.7236842105263158,0.25533333333333336,0.015
9,3,Strong shift,Modular causal latent SCM,0.779,0.31063323147809363,0.17549668874172186,0.15096461023843755,0.024708037446001013,0.470648171783068,0.436,302,0.8157248157248157,0.7537942664418212,0.743421052631579,0.25533333333333336,0.015
9,3,Strong shift,Target oracle (reference),0.778,0.3084414284759968,0.20860927152317882,0.15137159425234883,0.029070156080995963,0.4615915504052416,0.477,302,0.8255528255528255,0.7453625632377741,0.7236842105263158,0.25533333333333336,0.015
10,0,No shift,Pooled associative latent class model,0.792,0.3403962036706707,0.3273809523809524,0.14094593171953654,0.03854686947515852,0.410537263857117,0.513,168,0.7992788461538461,0.7559523809523809,0.7924528301886793,0.059333333333333335,0.0
10,0,No shift,Target-calibrated associative latent model,0.82,0.4090084781830879,0.16666666666666666,0.12656017972989433,0.023318474378336927,0.3826788384244994,0.499,168,0.8257211538461539,0.7916666666666666,0.8301886792452831,0.059333333333333335,0.0
10,0,No shift,Frozen causal latent SCM,0.824,0.4193229693317888,0.18452380952380953,0.12683030992483516,0.03092325032686919,0.3834241165039375,0.509,168,0.8293269230769231,0.7976190476190477,0.8301886792452831,0.059333333333333335,0.0
10,0,No shift,Modular causal latent SCM,0.82,0.4090084781830879,0.17261904761904762,0.12666149053589237,0.025295537736114957,0.3834627182648559,0.499,168,0.8257211538461539,0.7916666666666666,0.8301886792452831,0.059333333333333335,0.0
10,0,No shift,Target oracle (reference),0.823,0.41673221515614683,0.16071428571428573,0.1251222978467428,0.02662517417683274,0.40281235455625725,0.498,168,0.828125,0.7976190476190477,0.8113207547169812,0.059333333333333335,0.0
10,1,Mild shift,Pooled associative latent class model,0.78,0.3129143776843611,0.375,0.14890059329423797,0.03681228265970712,0.4108901773278676,0.529,216,0.793010752688172,0.7421875,0.7127659574468085,0.09366666666666666,0.002
10,1,Mild shift,Target-calibrated associative latent model,0.809,0.38130603285892484,0.18055555555555555,0.13160759257198945,0.022237210800841224,0.3915287319896088,0.476,216,0.821236559139785,0.7734375,0.776595744680851,0.09366666666666666,0.002
10,1,Mild shift,Frozen causal latent SCM,0.816,0.3988241044466242,0.25925925925925924,0.13288532322732655,0.04259884060836194,0.3897070252595037,0.529,216,0.8333333333333334,0.765625,0.7446808510638298,0.09366666666666666,0.002
10,1,Mild shift,Modular causal latent SCM,0.816,0.398822386939371,0.21296296296296297,0.13097157710519702,0.0251083037206852,0.39199154074845843,0.507,216,0.8333333333333334,0.765625,0.7659574468085106,0.09366666666666666,0.002
10,1,Mild shift,Target oracle (reference),0.819,0.40644999226360895,0.19444444444444445,0.12949588282506286,0.028021066002048307,0.41142027673716725,0.506,216,0.8346774193548387,0.7734375,0.7659574468085106,0.09366666666666666,0.002
10,2,Moderate shift,Pooled associative latent class model,0.766,0.28230920324288816,0.3612167300380228,0.16250134426006624,0.05896532848216768,0.42241374463528436,0.537,263,0.7972027972027972,0.7242990654205608,0.7150837988826816,0.16833333333333333,0.005
10,2,Moderate shift,Target-calibrated associative latent model,0.787,0.3288141163899336,0.27756653992395436,0.14226775791403617,0.04840338870791973,0.4105804157267013,0.564,263,0.8181818181818182,0.7453271028037384,0.7541899441340782,0.16833333333333333,0.005
10,2,Moderate shift,Frozen causal latent SCM,0.794,0.34509728888279373,0.3041825095057034,0.1452841357753526,0.05800823495833416,0.4075404404527503,0.561,263,0.8216783216783217,0.7570093457943925,0.7486033519553073,0.16833333333333333,0.005
10,2,Moderate shift,Modular causal latent SCM,0.803,0.3666046726227727,0.22433460076045628,0.13924260831567067,0.03826104560461148,0.4139202760453251,0.534,263,0.8356643356643356,0.7593457943925234,0.7597765363128491,0.16833333333333333,0.005
10,2,Moderate shift,Target oracle (reference),0.8,0.359359301586208,0.19771863117870722,0.13774337267825057,0.03611544619440882,0.4336534930450976,0.515,263,0.8374125874125874,0.75,0.7486033519553073,0.16833333333333333,0.005
10,3,Strong shift,Pooled associative latent class model,0.745,0.23934050822333505,0.3727598566308244,0.17047175751286506,0.05273430428450136,0.45441803069050446,0.526,279,0.7989276139410187,0.7129186602870813,0.7162629757785467,0.2786666666666667,0.022
10,3,Strong shift,Target-calibrated associative latent model,0.776,0.30400794524325636,0.2222222222222222,0.1534174451536086,0.03357706746734511,0.4419950098514105,0.485,279,0.8418230563002681,0.7368421052631579,0.726643598615917,0.2786666666666667,0.022
10,3,Strong shift,Frozen causal latent SCM,0.749,0.24727772472358467,0.40860215053763443,0.1624134330809656,0.06852050207336143,0.43635324682441046,0.6,279,0.8042895442359249,0.7161084529505582,0.698961937716263,0.2786666666666667,0.022
10,3,Strong shift,Modular causal latent SCM,0.77,0.2908902744349977,0.2114695340501792,0.149946450946191,0.030748669120470043,0.4449658449701539,0.503,279,0.839142091152815,0.7288676236044657,0.7231833910034602,0.2786666666666667,0.022
10,3,Strong shift,Target oracle (reference),0.772,0.2952307202387064,0.21863799283154123,0.1500095468228899,0.037179915268804126,0.4623409653046241,0.507,279,0.8445040214477212,0.7288676236044657,0.71280276816609,0.2786666666666667,0.022
11,0,No shift,Pooled associative latent class model,0.79,0.3357369701295619,0.33557046979865773,0.13694581856091553,0.035562724686359036,0.4189019113187785,0.459,149,0.803030303030303,0.7112676056338029,0.6666666666666666,0.050333333333333334,0.0
11,0,No shift,Target-calibrated associative latent model,0.817,0.40136034720312264,0.1342281879194631,0.12767798621621845,0.060137917193338504,0.4024042252613437,0.436,149,0.8275058275058275,0.7535211267605634,0.7017543859649122,0.050333333333333334,0.0
11,0,No shift,Frozen causal latent SCM,0.827,0.4271438171244131,0.16778523489932887,0.12284786492512008,0.026312789030969546,0.4046957717386976,0.466,149,0.8391608391608392,0.7535211267605634,0.7192982456140351,0.050333333333333334,0.0
11,0,No shift,Modular causal latent SCM,0.826,0.42452936476148473,0.174496644295302,0.12369574111341779,0.03560163211506886,0.4044105154653902,0.463,149,0.8391608391608392,0.7464788732394366,0.7017543859649122,0.050333333333333334,0.0
11,0,No shift,Target oracle (reference),0.828,0.4297662034031962,0.18120805369127516,0.12228506895603042,0.029044627859702757,0.4007457938332092,0.471,149,0.8403263403263403,0.7535211267605634,0.7192982456140351,0.050333333333333334,0.0
11,1,Mild shift,Pooled associative latent class model,0.776,0.30400798541269874,0.36363636363636365,0.14599208090816873,0.04037174367329505,0.42630655619092445,0.485,209,0.7920529801324503,0.726530612244898,0.7264150943396226,0.089,0.002
11,1,Mild shift,Target-calibrated associative latent model,0.804,0.3690376862072624,0.11961722488038277,0.13584197691478994,0.06791509856142318,0.41030249475901814,0.423,209,0.8264900662251655,0.7346938775510204,0.7452830188679245,0.089,0.002
11,1,Mild shift,Frozen causal latent SCM,0.813,0.39126732576410084,0.215311004784689,0.12940597725356076,0.03129513251035822,0.416287922471807,0.482,209,0.8357615894039735,0.7428571428571429,0.7452830188679245,0.089,0.002
11,1,Mild shift,Modular causal latent SCM,0.813,0.391268211120209,0.1674641148325359,0.129312920097864,0.02658315726599326,0.4156915471985697,0.462,209,0.8357615894039735,0.7428571428571429,0.7547169811320755,0.089,0.002
11,1,Mild shift,Target oracle (reference),0.815,0.39629700656969885,0.1722488038277512,0.12843914902367404,0.03313347253123769,0.4119156937945354,0.466,209,0.83841059602649,0.7428571428571429,0.7547169811320755,0.089,0.002
11,2,Moderate shift,Pooled associative latent class model,0.753,0.2552911462299124,0.40784313725490196,0.16107462584151835,0.047653622683146636,0.4410578721033888,0.51,255,0.7879799666110183,0.7007481296758105,0.680628272251309,0.16,0.009
11,2,Moderate shift,Target-calibrated associative latent model,0.793,0.34274398782498156,0.09803921568627451,0.14428144407649204,0.059236166415291586,0.4273588354326618,0.42,255,0.8230383973288815,0.7481296758104738,0.7591623036649214,0.16,0.009
11,2,Moderate shift,Frozen causal latent SCM,0.791,0.33806219100052015,0.2823529411764706,0.14044857553590598,0.03810825499852851,0.4341277520190753,0.52,255,0.8347245409015025,0.7256857855361596,0.7225130890052356,0.16,0.009
11,2,Moderate shift,Modular causal latent SCM,0.798,0.35457088487741995,0.16862745098039217,0.13766899786453354,0.03493067029975171,0.43304204338305113,0.475,255,0.8363939899833055,0.7406483790523691,0.7539267015706806,0.16,0.009
11,2,Moderate shift,Target oracle (reference),0.805,0.3714716624632819,0.17254901960784313,0.13648031344384384,0.031727738605739006,0.43021916066834714,0.478,255,0.8430717863105175,0.7481296758104738,0.7539267015706806,0.16,0.009
11,3,Strong shift,Pooled associative latent class model,0.723,0.1981171193688739,0.46710526315789475,0.1774707088735318,0.07817364400767539,0.46562904479504197,0.556,304,0.781578947368421,0.6870967741935484,0.6527331189710611,0.266,0.02
11,3,Strong shift,Target-calibrated associative latent model,0.783,0.31967574105218105,0.2236842105263158,0.1469035205872498,0.021581337116760448,0.4655352384158686,0.518,304,0.8552631578947368,0.7387096774193549,0.7266881028938906,0.266,0.02
11,3,Strong shift,Frozen causal latent SCM,0.774,0.2996059310879602,0.3092105263157895,0.15563867565929126,0.05606476402789525,0.46252370461589587,0.553,304,0.8315789473684211,0.7387096774193549,0.7202572347266881,0.266,0.02
11,3,Strong shift,Modular causal latent SCM,0.782,0.3174133416146707,0.1875,0.14585410389761522,0.0182880336117532,0.462830853335934,0.487,304,0.8578947368421053,0.7354838709677419,0.7234726688102894,0.266,0.02
11,3,Strong shift,Target oracle (reference),0.783,0.3196755431556938,0.19078947368421054,0.14513832388352232,0.026073217536656236,0.4584098336757207,0.49,304,0.8605263157894737,0.7354838709677419,0.7202572347266881,0.266,0.02
12,0,No shift,Pooled associative latent class model,0.815,0.3962962600015186,0.29770992366412213,0.12810398332825476,0.02838801720228722,0.421222292096626,0.485,131,0.8245614035087719,0.7586206896551724,0.76,0.052333333333333336,0.001
12,0,No shift,Target-calibrated associative latent model,0.831,0.43768173442009545,0.21374045801526717,0.12063886308615553,0.028986683835529492,0.4141188267065599,0.517,131,0.8421052631578947,0.7655172413793103,0.72,0.052333333333333336,0.001
12,0,No shift,Frozen causal latent SCM,0.831,0.4376815721480215,0.20610687022900764,0.11814283133560462,0.03590404291590786,0.4125487146802884,0.513,131,0.8456140350877193,0.7448275862068966,0.7,0.052333333333333336,0.001
12,0,No shift,Modular causal latent SCM,0.829,0.43239622031427805,0.183206106870229,0.11834913499330853,0.031123514215122286,0.4121945851726971,0.511,131,0.8432748538011696,0.7448275862068966,0.7,0.052333333333333336,0.001
12,0,No shift,Target oracle (reference),0.832,0.4403360860019467,0.1984732824427481,0.11771491183768158,0.030324052680089517,0.40046427169794946,0.508,131,0.839766081871345,0.7862068965517242,0.76,0.052333333333333336,0.001
12,1,Mild shift,Pooled associative latent class model,0.798,0.35457023841386376,0.3407821229050279,0.1353183597148058,0.02511017598392495,0.4265905420122665,0.506,179,0.8103448275862069,0.7601626016260162,0.7524752475247525,0.09133333333333334,0.002
12,1,Mild shift,Target-calibrated associative latent model,0.829,0.4323969082623991,0.21787709497206703,0.1230201897153644,0.03303067722766908,0.42164564023684864,0.525,179,0.8395225464190982,0.7967479674796748,0.8118811881188119,0.09133333333333334,0.002
12,1,Mild shift,Frozen causal latent SCM,0.828,0.4297663499404147,0.21787709497206703,0.12283111837430347,0.03488801543943806,0.4197591738260328,0.526,179,0.8408488063660478,0.7886178861788617,0.7821782178217822,0.09133333333333334,0.002
12,1,Mild shift,Modular causal latent SCM,0.827,0.4271431968699398,0.18435754189944134,0.12274143779578113,0.02622292313186147,0.419755690531964,0.517,179,0.8381962864721485,0.7926829268292683,0.7920792079207921,0.09133333333333334,0.002
12,1,Mild shift,Target oracle (reference),0.827,0.4271429103269079,0.1787709497206704,0.1220967492741027,0.02651413836599696,0.4088428343158438,0.509,179,0.8342175066312998,0.8048780487804879,0.8118811881188119,0.09133333333333334,0.002
12,2,Moderate shift,Pooled associative latent class model,0.786,0.32651137538241076,0.3521739130434783,0.1470883226514614,0.032057811917839046,0.4437722158369586,0.528,230,0.8013816925734024,0.7648456057007126,0.7631578947368421,0.16966666666666666,0.002
12,2,Moderate shift,Target-calibrated associative latent model,0.811,0.38627055216736145,0.20869565217391303,0.1335386036068252,0.02677996322612791,0.44548498175466267,0.521,230,0.8359240069084629,0.7767220902612827,0.7842105263157895,0.16966666666666666,0.002
12,2,Moderate shift,Frozen causal latent SCM,0.808,0.37883790304886783,0.2608695652173913,0.13395370363773104,0.044840725032294415,0.43938775470884023,0.548,230,0.8341968911917098,0.7719714964370546,0.7631578947368421,0.16966666666666666,0.002
12,2,Moderate shift,Modular causal latent SCM,0.815,0.39629605094351433,0.16521739130434782,0.133263920720446,0.03109254928322117,0.4435601713486126,0.509,230,0.8376511226252159,0.7838479809976246,0.7894736842105263,0.16966666666666666,0.002
12,2,Moderate shift,Target oracle (reference),0.812,0.3887646089550176,0.17391304347826086,0.13237323660679717,0.030837139698726288,0.4322872497949275,0.512,230,0.8307426597582038,0.7862232779097387,0.7894736842105263,0.16966666666666666,0.002
12,3,Strong shift,Pooled associative latent class model,0.742,0.23349657879418867,0.42443729903536975,0.17290268722511531,0.07003647062265,0.45087294513767473,0.564,311,0.8155844155844156,0.6959349593495935,0.6549520766773163,0.272,0.016
12,3,Strong shift,Target-calibrated associative latent model,0.779,0.3106758532934576,0.24437299035369775,0.14716702888722163,0.034458474046013536,0.47004014487383544,0.531,311,0.8545454545454545,0.7317073170731707,0.7124600638977636,0.272,0.016
12,3,Strong shift,Frozen causal latent SCM,0.758,0.26553414313535917,0.37942122186495175,0.15772706406374754,0.0647887231342852,0.45770977981926647,0.586,311,0.8441558441558441,0.7040650406504065,0.670926517571885,0.272,0.016
12,3,Strong shift,Modular causal latent SCM,0.79,0.335739016835597,0.2572347266881029,0.14800698745549332,0.03189798709734651,0.4708490323545475,0.548,311,0.8623376623376623,0.7447154471544716,0.7252396166134185,0.272,0.016
12,3,Strong shift,Target oracle (reference),0.788,0.3311069365998678,0.21864951768488747,0.14662123057787022,0.03968842600195148,0.4619821202004263,0.512,311,0.8571428571428571,0.7447154471544716,0.7284345047923323,0.272,0.016
13,0,No shift,Pooled associative latent class model,0.802,0.36418023146364387,0.2913907284768212,0.13400379918243716,0.031131654674171685,0.3892659376832338,0.517,151,0.8085612366230678,0.7672955974842768,0.72,0.05733333333333333,0.001
13,0,No shift,Target-calibrated associative latent model,0.822,0.41415188396767333,0.18543046357615894,0.12443711940660417,0.04023608433616075,0.3592098310488625,0.541,151,0.8287752675386445,0.7861635220125787,0.7,0.05733333333333333,0.001
13,0,No shift,Frozen causal latent SCM,0.819,0.40645054128840563,0.15894039735099338,0.12370739241990936,0.04119996754845156,0.3603370256743933,0.518,151,0.8252080856123662,0.7861635220125787,0.74,0.05733333333333333,0.001
13,0,No shift,Modular causal latent SCM,0.823,0.41673301500094223,0.17880794701986755,0.12428019535405563,0.03542681433339827,0.3607453008964509,0.522,151,0.8287752675386445,0.7924528301886793,0.74,0.05733333333333333,0.001
13,0,No shift,Target oracle (reference),0.824,0.4193230819388469,0.1456953642384106,0.12195878942664522,0.02831546578098578,0.39300097587278127,0.507,151,0.83115338882283,0.7861635220125787,0.7,0.05733333333333333,0.001
13,1,Mild shift,Pooled associative latent class model,0.799,0.35696216583997536,0.3088235294117647,0.13956334446204452,0.03382236181661535,0.3962346740361361,0.534,204,0.8032345013477089,0.7868217054263565,0.7912087912087912,0.09566666666666666,0.001
13,1,Mild shift,Target-calibrated associative latent model,0.823,0.416737068052799,0.22549019607843138,0.12882112288650227,0.0558846370916002,0.36791595888856304,0.562,204,0.8288409703504043,0.8062015503875969,0.8021978021978022,0.09566666666666666,0.001
13,1,Mild shift,Frozen causal latent SCM,0.815,0.3962977870497052,0.21568627450980393,0.1264157294118418,0.046943590506011046,0.3708730307806077,0.538,204,0.8207547169811321,0.7984496124031008,0.7912087912087912,0.09566666666666666,0.001
13,1,Mild shift,Modular causal latent SCM,0.815,0.3962981865803561,0.22058823529411764,0.1268824914488165,0.04889599856023457,0.3705617924451212,0.542,204,0.8207547169811321,0.7984496124031008,0.7912087912087912,0.09566666666666666,0.001
13,1,Mild shift,Target oracle (reference),0.818,0.4038996915540914,0.1568627450980392,0.1240238854261309,0.03443982649381715,0.40262254547409965,0.509,204,0.8234501347708895,0.8023255813953488,0.7912087912087912,0.09566666666666666,0.001
13,2,Moderate shift,Pooled associative latent class model,0.774,0.2996054446597292,0.3441295546558704,0.1548450077397116,0.057351378591718544,0.4048378681452133,0.539,247,0.7993197278911565,0.7378640776699029,0.72,0.16433333333333333,0.004
13,2,Moderate shift,Target-calibrated associative latent model,0.811,0.3862736541399459,0.23076923076923078,0.1407526452697286,0.0661776154512607,0.3830177764157052,0.554,247,0.8299319727891157,0.7839805825242718,0.7714285714285715,0.16433333333333333,0.004
13,2,Moderate shift,Frozen causal latent SCM,0.802,0.36418327163778885,0.2631578947368421,0.13998926319235216,0.054209395582516716,0.3850784517751464,0.551,247,0.8248299319727891,0.7694174757281553,0.7542857142857143,0.16433333333333333,0.004
13,2,Moderate shift,Modular causal latent SCM,0.811,0.3862710952981997,0.20242914979757085,0.1362018462244951,0.03599232907006074,0.38681649796893336,0.53,247,0.8299319727891157,0.7839805825242718,0.7771428571428571,0.16433333333333333,0.004
13,2,Moderate shift,Target oracle (reference),0.808,0.37883480271851017,0.1902834008097166,0.1338502848111475,0.030833191335552575,0.4196240920529944,0.515,247,0.8248299319727891,0.7839805825242718,0.7657142857142857,0.16433333333333333,0.004
13,3,Strong shift,Pooled associative latent class model,0.744,0.237384773918428,0.42996742671009774,0.17325429791559566,0.08034088380470891,0.42146575729372987,0.549,307,0.8015075376884422,0.7059800664451827,0.6721311475409836,0.2653333333333333,0.022
13,3,Strong shift,Target-calibrated associative latent model,0.791,0.33806174172140885,0.22149837133550487,0.14766751360404173,0.04338619819056174,0.41271721983615905,0.496,307,0.821608040201005,0.770764119601329,0.7672131147540984,0.2653333333333333,0.022
13,3,Strong shift,Frozen causal latent SCM,0.778,0.30845301284438803,0.3485342019543974,0.15734179989191852,0.07561617415230927,0.40837568319043954,0.579,307,0.8115577889447236,0.7558139534883721,0.7278688524590164,0.2653333333333333,0.022
13,3,Strong shift,Modular causal latent SCM,0.788,0.33110726066006163,0.23452768729641693,0.14680790052369896,0.03188219401298198,0.4150829365730061,0.519,307,0.8140703517587939,0.770764119601329,0.7573770491803279,0.2653333333333333,0.022
13,3,Strong shift,Target oracle (reference),0.791,0.3380621633663066,0.23127035830618892,0.14523462951865485,0.03403149696633661,0.4458925003569602,0.518,307,0.8190954773869347,0.7724252491694352,0.7573770491803279,0.2653333333333333,0.022
14,0,No shift,Pooled associative latent class model,0.796,0.3498166306398825,0.23376623376623376,0.1413324365880606,0.035810297959808786,0.43139951807078625,0.457,154,0.8092345078979344,0.7344632768361582,0.7068965517241379,0.062,0.001
14,0,No shift,Target-calibrated associative latent model,0.802,0.36418943956036665,0.07792207792207792,0.13989774716222225,0.055502060993138175,0.3932347805956946,0.425,154,0.8153098420413123,0.7401129943502824,0.6896551724137931,0.062,0.001
14,0,No shift,Frozen causal latent SCM,0.821,0.41157540658114505,0.14285714285714285,0.13178534135717596,0.03985758597794545,0.4028747021739617,0.488,154,0.8335358444714459,0.7627118644067796,0.7413793103448276,0.062,0.001
14,0,No shift,Modular causal latent SCM,0.817,0.40136009198970424,0.11038961038961038,0.1339669801899188,0.042564586442482163,0.3997057136302259,0.456,154,0.8286755771567437,0.7627118644067796,0.7413793103448276,0.062,0.001
14,0,No shift,Target oracle (reference),0.821,0.41157533643248495,0.14285714285714285,0.13121183070096584,0.032772330163940225,0.3986159430504073,0.49,154,0.8359659781287971,0.751412429378531,0.7241379310344828,0.062,0.001
14,1,Mild shift,Pooled associative latent class model,0.791,0.3380628260774071,0.2545454545454545,0.1449172183347691,0.017361544845579592,0.43977109042628043,0.474,220,0.8119777158774373,0.7375886524822695,0.6785714285714286,0.10266666666666667,0.001
14,1,Mild shift,Target-calibrated associative latent model,0.822,0.41415045332639977,0.14545454545454545,0.13145130159359808,0.03779543376003001,0.41178479750017416,0.479,220,0.841225626740947,0.7730496453900709,0.7410714285714286,0.10266666666666667,0.001
14,1,Mild shift,Frozen causal latent SCM,0.823,0.41673234397529413,0.17272727272727273,0.13278761804522032,0.0411484514601685,0.4133476748300658,0.502,220,0.8384401114206128,0.7836879432624113,0.7589285714285714,0.10266666666666667,0.001
14,1,Mild shift,Modular causal latent SCM,0.823,0.4167328496759259,0.15,0.13138301063280222,0.03906289528500446,0.41218847156707616,0.482,220,0.8440111420612814,0.7695035460992907,0.7321428571428571,0.10266666666666667,0.001
14,1,Mild shift,Target oracle (reference),0.829,0.43239631335116907,0.1318181818181818,0.12983253869903297,0.031457993122258616,0.40883841082457684,0.486,220,0.8467966573816156,0.7836879432624113,0.7589285714285714,0.10266666666666667,0.001
14,2,Moderate shift,Pooled associative latent class model,0.763,0.27595149290275645,0.3269961977186312,0.1567510125102998,0.038020729895952385,0.4465151828445773,0.496,263,0.8051724137931034,0.7047619047619048,0.6497175141242938,0.16333333333333333,0.005
14,2,Moderate shift,Target-calibrated associative latent model,0.806,0.3739176990929629,0.18250950570342206,0.13968594369769496,0.037512898701305204,0.42775951552803726,0.489,263,0.8413793103448276,0.7571428571428571,0.7231638418079096,0.16333333333333333,0.005
14,2,Moderate shift,Frozen causal latent SCM,0.801,0.3617673324552847,0.2623574144486692,0.1446540558606893,0.04434068557866443,0.4270901122353555,0.534,263,0.8344827586206897,0.7547619047619047,0.7401129943502824,0.16333333333333333,0.005
14,2,Moderate shift,Modular causal latent SCM,0.812,0.3887652268136932,0.1482889733840304,0.1383840366726559,0.04401375999885167,0.42776297675439273,0.477,263,0.85,0.7595238095238095,0.7344632768361582,0.16333333333333333,0.005
14,2,Moderate shift,Target oracle (reference),0.816,0.39882261270250075,0.1520912547528517,0.13765096253087267,0.03776883794085765,0.4253096831257929,0.489,263,0.8482758620689655,0.7714285714285715,0.751412429378531,0.16333333333333333,0.005
14,3,Strong shift,Pooled associative latent class model,0.735,0.22011989614002908,0.42560553633217996,0.1710819932301416,0.05343683885699535,0.459734921159274,0.512,289,0.7876543209876543,0.6991596638655462,0.6868327402135231,0.25433333333333336,0.016
14,3,Strong shift,Target-calibrated associative latent model,0.803,0.3666030041784342,0.18339100346020762,0.14562992147581325,0.042164077611515596,0.4503186633521135,0.478,289,0.8469135802469135,0.773109243697479,0.7758007117437722,0.25433333333333336,0.016
14,3,Strong shift,Frozen causal latent SCM,0.773,0.2974222650392217,0.38408304498269896,0.15565458081144837,0.07553439837682696,0.443651165125254,0.57,289,0.8148148148148148,0.7445378151260504,0.7402135231316725,0.25433333333333336,0.016
14,3,Strong shift,Modular causal latent SCM,0.8,0.35936019078831694,0.16608996539792387,0.14563907733567175,0.044845444965918815,0.45034868825412855,0.473,289,0.8469135802469135,0.7680672268907563,0.7651245551601423,0.25433333333333336,0.016
14,3,Strong shift,Target oracle (reference),0.805,0.37147105254664137,0.21453287197231835,0.14405087341383097,0.033830127007656044,0.44819069671430917,0.502,289,0.8444444444444444,0.7781512605042017,0.7793594306049823,0.25433333333333336,0.016
15,0,No shift,Pooled associative latent class model,0.807,0.3763726588157459,0.3333333333333333,0.1355126094807807,0.016688633805389617,0.4080136307161897,0.49,159,0.8129411764705883,0.7733333333333333,0.8125,0.052333333333333336,0.0
15,0,No shift,Target-calibrated associative latent model,0.81,0.3837776870567467,0.10062893081761007,0.13207914712583507,0.044962350262930315,0.38310030934209705,0.441,159,0.82,0.7533333333333333,0.8125,0.052333333333333336,0.0
15,0,No shift,Frozen causal latent SCM,0.816,0.3988221324930174,0.16981132075471697,0.12703664000579595,0.02056887262992397,0.3913165084066079,0.475,159,0.8211764705882353,0.7866666666666666,0.8125,0.052333333333333336,0.0
15,0,No shift,Modular causal latent SCM,0.815,0.39629380065721775,0.12578616352201258,0.12806033620151636,0.026134575435508352,0.3901000727297955,0.46,159,0.8211764705882353,0.78,0.8125,0.052333333333333336,0.0
15,0,No shift,Target oracle (reference),0.818,0.40389921540008566,0.1761006289308176,0.12639196322312313,0.020748142318976894,0.3853199902623015,0.475,159,0.8258823529411765,0.7733333333333333,0.8125,0.052333333333333336,0.0
15,1,Mild shift,Pooled associative latent class model,0.794,0.3450895403075068,0.3827751196172249,0.14663928071094012,0.0413242859015868,0.41140556580371457,0.505,209,0.7970627503337784,0.7848605577689243,0.801980198019802,0.09066666666666667,0.0
15,1,Mild shift,Target-calibrated associative latent model,0.808,0.3788234392464759,0.09090909090909091,0.13750619218974558,0.049829039445985636,0.38867613316300753,0.421,209,0.8170894526034713,0.7808764940239044,0.7920792079207921,0.09066666666666667,0.0
15,1,Mild shift,Frozen causal latent SCM,0.811,0.3862706724433748,0.23444976076555024,0.1320987067211701,0.025657614375378775,0.39953190185199605,0.494,209,0.8170894526034713,0.7928286852589641,0.8118811881188119,0.09066666666666667,0.0
15,1,Mild shift,Modular causal latent SCM,0.811,0.3862664101333835,0.1339712918660287,0.1317990957295537,0.03128494897777548,0.39846985054014133,0.452,209,0.8170894526034713,0.7928286852589641,0.801980198019802,0.09066666666666667,0.0
15,1,Mild shift,Target oracle (reference),0.814,0.39377725986240736,0.19138755980861244,0.13046432208248057,0.020946472982979955,0.3936425990808698,0.477,209,0.8184245660881175,0.8007968127490039,0.8316831683168316,0.09066666666666667,0.0
15,2,Moderate shift,Pooled associative latent class model,0.766,0.28230525362319836,0.40298507462686567,0.16059578534952915,0.06013203308527935,0.42193709463715234,0.527,268,0.7873754152823921,0.7336683417085427,0.7167630057803468,0.15533333333333332,0.007
15,2,Moderate shift,Target-calibrated associative latent model,0.798,0.3545627143520185,0.13432835820895522,0.14064234365873068,0.03440198746224281,0.41141299065883313,0.435,268,0.8205980066445183,0.7638190954773869,0.7572254335260116,0.15533333333333332,0.007
15,2,Moderate shift,Frozen causal latent SCM,0.795,0.3474472995809845,0.291044776119403,0.1430419846758016,0.04217884404451954,0.41570628587529335,0.518,268,0.8172757475083057,0.7613065326633166,0.7572254335260116,0.15533333333333332,0.007
15,2,Moderate shift,Modular causal latent SCM,0.795,0.3474450615939034,0.1828358208955224,0.13984520216538582,0.023766174030844255,0.4171546486323866,0.462,268,0.8122923588039868,0.7688442211055276,0.7687861271676301,0.15533333333333332,0.007
15,2,Moderate shift,Target oracle (reference),0.796,0.3498137361667978,0.2126865671641791,0.13882142820346172,0.02478231728060399,0.4108021139831362,0.483,268,0.8172757475083057,0.7638190954773869,0.7630057803468208,0.15533333333333332,0.007
15,3,Strong shift,Pooled associative latent class model,0.726,0.2034965052226184,0.46474358974358976,0.18248961803788138,0.09341716493254859,0.44761992514510235,0.569,312,0.7622549019607843,0.7010135135135135,0.6737588652482269,0.25266666666666665,0.012
15,3,Strong shift,Target-calibrated associative latent model,0.765,0.2801711297217185,0.33653846153846156,0.1585410381153048,0.08170861096290992,0.44188596762754095,0.566,312,0.7916666666666666,0.7466216216216216,0.7446808510638298,0.25266666666666665,0.012
15,3,Strong shift,Frozen causal latent SCM,0.76,0.2696652886142018,0.32371794871794873,0.15827002440082008,0.07909849992641392,0.44477074106557885,0.547,312,0.7843137254901961,0.7432432432432432,0.7340425531914894,0.25266666666666665,0.012
15,3,Strong shift,Modular causal latent SCM,0.775,0.30180202842628223,0.24358974358974358,0.14885831817513845,0.0540441513238156,0.44926395699373733,0.512,312,0.8088235294117647,0.7516891891891891,0.75177304964539,0.25266666666666665,0.012
15,3,Strong shift,Target oracle (reference),0.785,0.3242243359668008,0.18269230769230768,0.14470193973982773,0.03095566030606881,0.441968015606882,0.486,312,0.8186274509803921,0.7618243243243243,0.75177304964539,0.25266666666666665,0.012
16,0,No shift,Pooled associative latent class model,0.826,0.42452795318622233,0.16535433070866143,0.13276492765844364,0.050115553134814694,0.41511349180659207,0.457,127,0.8287752675386445,0.8113207547169812,0.8032786885245902,0.058333333333333334,0.0
16,0,No shift,Target-calibrated associative latent model,0.824,0.4193232539773234,0.1889763779527559,0.12823170771551787,0.02824715398025193,0.3775067804385442,0.521,127,0.83115338882283,0.7861635220125787,0.7049180327868853,0.058333333333333334,0.0
16,0,No shift,Frozen causal latent SCM,0.835,0.44834829661032455,0.09448818897637795,0.1278960884336224,0.039281273160513164,0.3782281578911834,0.48,127,0.8418549346016647,0.7987421383647799,0.7540983606557377,0.058333333333333334,0.0
16,0,No shift,Modular causal latent SCM,0.836,0.4510350436160418,0.10236220472440945,0.12686983178027,0.034393530945778704,0.37854830874963286,0.485,127,0.8430439952437574,0.7987421383647799,0.7540983606557377,0.058333333333333334,0.0
16,0,No shift,Target oracle (reference),0.837,0.45372974817372164,0.10236220472440945,0.12654393365537547,0.036535032613277674,0.3857637964733188,0.486,127,0.8430439952437574,0.8050314465408805,0.7704918032786885,0.058333333333333334,0.0
16,1,Mild shift,Pooled associative latent class model,0.804,0.3690327998763449,0.2611111111111111,0.13927201755951896,0.031211075275601782,0.421079113515011,0.471,180,0.8097165991902834,0.7876447876447876,0.7818181818181819,0.096,0.002
16,1,Mild shift,Target-calibrated associative latent model,0.834,0.4456695036506296,0.20555555555555555,0.12915090674547955,0.036941133704825956,0.3868183503615834,0.527,180,0.8407557354925776,0.8146718146718147,0.8181818181818182,0.096,0.002
16,1,Mild shift,Frozen causal latent SCM,0.831,0.4376817189501618,0.15,0.1281750890128648,0.045410082560259635,0.3904732268423789,0.488,180,0.8407557354925776,0.803088803088803,0.8,0.096,0.002
16,1,Mild shift,Modular causal latent SCM,0.833,0.4429990637762454,0.15,0.1278873470108992,0.041848568607068384,0.39048872435952403,0.492,180,0.8407557354925776,0.8108108108108109,0.8181818181818182,0.096,0.002
16,1,Mild shift,Target oracle (reference),0.835,0.4483484000863624,0.13333333333333333,0.12853187250799727,0.04048708289411562,0.3989819420720568,0.49,180,0.8434547908232118,0.8108108108108109,0.8090909090909091,0.096,0.002
16,2,Moderate shift,Pooled associative latent class model,0.786,0.32651043008055014,0.2850877192982456,0.14763222210453364,0.033437955795316325,0.44144688270998084,0.479,228,0.8118466898954704,0.7511737089201878,0.7357512953367875,0.172,0.011
16,2,Moderate shift,Target-calibrated associative latent model,0.81,0.38378381499220027,0.17543859649122806,0.13531145335563763,0.04357797565143696,0.4113748174213124,0.487,228,0.8466898954703833,0.7605633802816901,0.7409326424870466,0.172,0.011
16,2,Moderate shift,Frozen causal latent SCM,0.815,0.3962963891528356,0.19298245614035087,0.1347602192428531,0.030185062684337995,0.4128091258968941,0.502,228,0.8571428571428571,0.7582159624413145,0.7461139896373057,0.172,0.011
16,2,Moderate shift,Modular causal latent SCM,0.81,0.38378379341601143,0.16666666666666666,0.13449913521179824,0.03460983842793961,0.4137919897202946,0.485,228,0.8501742160278746,0.755868544600939,0.7409326424870466,0.172,0.011
16,2,Moderate shift,Target oracle (reference),0.815,0.3962963770739378,0.14912280701754385,0.13475566269843667,0.0355836840779893,0.42227399987612263,0.494,228,0.8519163763066202,0.7652582159624414,0.7512953367875648,0.172,0.011
16,3,Strong shift,Pooled associative latent class model,0.715,0.18408400756137824,0.39603960396039606,0.1809201826952492,0.05355325325876202,0.4752952441550375,0.52,303,0.7626666666666667,0.6864,0.6545454545454545,0.2796666666666667,0.023
16,3,Strong shift,Target-calibrated associative latent model,0.776,0.30400788659586214,0.15841584158415842,0.14941914018186284,0.023603907655336157,0.4456744339760023,0.477,303,0.84,0.7376,0.7181818181818181,0.2796666666666667,0.023
16,3,Strong shift,Frozen causal latent SCM,0.762,0.27384912386268495,0.31683168316831684,0.15675403868067445,0.03827362595026451,0.4476489611200029,0.543,303,0.8266666666666667,0.7232,0.7121212121212122,0.2796666666666667,0.023
16,3,Strong shift,Modular causal latent SCM,0.769,0.28873198293441077,0.1617161716171617,0.1509539254163749,0.049170349779734314,0.44759248268281593,0.456,303,0.84,0.7264,0.7090909090909091,0.2796666666666667,0.023
16,3,Strong shift,Target oracle (reference),0.774,0.2996037126463536,0.21122112211221122,0.14924952224638552,0.02363832534103758,0.4573353346912349,0.499,303,0.848,0.7296,0.7121212121212122,0.2796666666666667,0.023
17,0,No shift,Pooled associative latent class model,0.819,0.40645010630128897,0.3105590062111801,0.127143200384454,0.011501438702098401,0.3931565787714755,0.506,161,0.8264947245017585,0.7755102040816326,0.6511627906976745,0.050666666666666665,0.0
17,0,No shift,Target-calibrated associative latent model,0.831,0.43768452461966545,0.2236024844720497,0.12159145508833118,0.050334810394231606,0.391812158619258,0.546,161,0.8382180539273154,0.7891156462585034,0.7441860465116279,0.050666666666666665,0.0
17,0,No shift,Frozen causal latent SCM,0.839,0.45914298781003204,0.16149068322981366,0.11600394442234302,0.027584451588984905,0.39154815572712276,0.488,161,0.8440797186400938,0.8095238095238095,0.7441860465116279,0.050666666666666665,0.0
17,0,No shift,Modular causal latent SCM,0.841,0.46458824913573277,0.16149068322981366,0.11603810328352326,0.028451218266390386,0.3922621778799335,0.496,161,0.8464243845252052,0.8095238095238095,0.7441860465116279,0.050666666666666665,0.0
17,0,No shift,Target oracle (reference),0.841,0.46458869593683805,0.13664596273291926,0.11569955109300548,0.02362168254404971,0.3890111750219365,0.482,161,0.8452520515826495,0.8163265306122449,0.7674418604651163,0.050666666666666665,0.0
17,1,Mild shift,Pooled associative latent class model,0.8,0.3593603851931064,0.3761904761904762,0.13678680087038844,0.0334232145220395,0.39929183613094404,0.529,210,0.8163538873994638,0.7519685039370079,0.7282608695652174,0.09,0.0
17,1,Mild shift,Target-calibrated associative latent model,0.818,0.4039040328692095,0.2904761904761905,0.1257095801549364,0.05397749484082462,0.4009474355072841,0.553,210,0.839142091152815,0.7559055118110236,0.7065217391304348,0.09,0.0
17,1,Mild shift,Frozen causal latent SCM,0.829,0.4323960672910936,0.21904761904761905,0.12156562728210843,0.028906942704820648,0.401160475180198,0.506,210,0.8565683646112601,0.7480314960629921,0.6956521739130435,0.09,0.0
17,1,Mild shift,Modular causal latent SCM,0.831,0.43768132516974534,0.18095238095238095,0.12053860236582303,0.03108548491694304,0.4024665399764248,0.496,210,0.8512064343163539,0.7716535433070866,0.7391304347826086,0.09,0.0
17,1,Mild shift,Target oracle (reference),0.834,0.44566995653462427,0.14761904761904762,0.11969316523303666,0.018639517910937105,0.39931242104697984,0.479,210,0.8512064343163539,0.7834645669291339,0.7717391304347826,0.09,0.0
17,2,Moderate shift,Pooled associative latent class model,0.78,0.3129169172015688,0.3962962962962963,0.14864625870530257,0.0531360893828765,0.4218941617103855,0.549,270,0.8071065989847716,0.7408312958435208,0.6813186813186813,0.16466666666666666,0.003
17,2,Moderate shift,Target-calibrated associative latent model,0.81,0.3837877089558229,0.2851851851851852,0.13214042892826064,0.05480909259275862,0.4201354949133829,0.551,270,0.8358714043993232,0.7726161369193154,0.7307692307692307,0.16466666666666666,0.003
17,2,Moderate shift,Frozen causal latent SCM,0.81,0.3837856520450229,0.2740740740740741,0.13049341079441745,0.042830458876919365,0.4223262603791411,0.537,270,0.8426395939086294,0.7628361858190709,0.7142857142857143,0.16466666666666666,0.003
17,2,Moderate shift,Modular causal latent SCM,0.827,0.42714277994973354,0.16666666666666666,0.1260578021141201,0.03240738913364869,0.42198325383116636,0.496,270,0.856175972927242,0.784841075794621,0.7472527472527473,0.16466666666666666,0.003
17,2,Moderate shift,Target oracle (reference),0.826,0.4245287015987533,0.15185185185185185,0.1252070984405737,0.023042027619395566,0.41917996260688856,0.481,270,0.8527918781725888,0.7872860635696821,0.7472527472527473,0.16466666666666666,0.003
17,3,Strong shift,Pooled associative latent class model,0.721,0.19457729514466005,0.5117056856187291,0.181215334129783,0.09457383124821293,0.42524284599575163,0.594,299,0.7788944723618091,0.6827242524916943,0.6482758620689655,0.25966666666666666,0.016
17,3,Strong shift,Target-calibrated associative latent model,0.795,0.347447069087437,0.19732441471571907,0.13922334524709726,0.03057093377820755,0.44481417163783,0.506,299,0.8341708542713567,0.7691029900332226,0.7517241379310344,0.25966666666666666,0.016
17,3,Strong shift,Frozen causal latent SCM,0.769,0.2887471742693043,0.39464882943143814,0.1520597204580253,0.0688492358051322,0.4372925738179894,0.588,299,0.7989949748743719,0.7491694352159468,0.7241379310344828,0.25966666666666666,0.016
17,3,Strong shift,Modular causal latent SCM,0.794,0.34508873242923244,0.22073578595317725,0.13913085732426617,0.025868104782784698,0.44457956432908435,0.507,299,0.8291457286432161,0.770764119601329,0.7551724137931034,0.25966666666666666,0.016
17,3,Strong shift,Target oracle (reference),0.798,0.3545703449834313,0.18729096989966554,0.13697977401343314,0.030980916137765668,0.44159758268460336,0.489,299,0.8366834170854272,0.7724252491694352,0.7482758620689656,0.25966666666666666,0.016
18,0,No shift,Pooled associative latent class model,0.807,0.3763739278017166,0.3333333333333333,0.1320455853834168,0.038638102491990844,0.423080979169923,0.532,156,0.8104651162790698,0.7857142857142857,0.8717948717948718,0.04933333333333333,0.0
18,0,No shift,Target-calibrated associative latent model,0.824,0.4193236807216758,0.17307692307692307,0.12208032742541663,0.02912960451536337,0.405894300475402,0.521,156,0.8337209302325581,0.7642857142857142,0.717948717948718,0.04933333333333333,0.0
18,0,No shift,Frozen causal latent SCM,0.824,0.41932981817447357,0.23717948717948717,0.12544129604823906,0.054588154922308535,0.4071464540129984,0.561,156,0.8313953488372093,0.7785714285714286,0.7692307692307693,0.04933333333333333,0.0
18,0,No shift,Modular causal latent SCM,0.821,0.41157658812507786,0.17307692307692307,0.12272375783498424,0.036252033105826705,0.40750964450298327,0.528,156,0.8313953488372093,0.7571428571428571,0.717948717948718,0.04933333333333333,0.0
18,0,No shift,Target oracle (reference),0.824,0.4193236807216758,0.14102564102564102,0.11855108846274476,0.02135447087101363,0.3930611112551391,0.479,156,0.8325581395348837,0.7714285714285715,0.7692307692307693,0.04933333333333333,0.0
18,1,Mild shift,Pooled associative latent class model,0.788,0.33111132964289935,0.37089201877934275,0.13983107901649441,0.04648233838670232,0.42592945548228056,0.547,213,0.7952127659574468,0.7661290322580645,0.7934782608695652,0.09,0.001
18,1,Mild shift,Target-calibrated associative latent model,0.821,0.4115768080791907,0.22535211267605634,0.12525438200214722,0.038002389977992476,0.41335734154674797,0.53,213,0.8271276595744681,0.8024193548387096,0.8478260869565217,0.09,0.001
18,1,Mild shift,Frozen causal latent SCM,0.816,0.3988338243118403,0.29107981220657275,0.12964408225048618,0.06556565879787521,0.414352408706042,0.577,213,0.8271276595744681,0.782258064516129,0.8260869565217391,0.09,0.001
18,1,Mild shift,Modular causal latent SCM,0.823,0.4167346987299056,0.19718309859154928,0.1241423205384144,0.043836332094770315,0.4161301006753849,0.536,213,0.8337765957446809,0.7903225806451613,0.8260869565217391,0.09,0.001
18,1,Mild shift,Target oracle (reference),0.829,0.4323966707566887,0.1596244131455399,0.1196695985901012,0.026403490532453434,0.402501223203033,0.48,213,0.8311170212765957,0.8225806451612904,0.8369565217391305,0.09,0.001
18,2,Moderate shift,Pooled associative latent class model,0.771,0.29306581845334917,0.4015748031496063,0.15031514388409295,0.05949376392783721,0.43563069868845583,0.564,254,0.7932203389830509,0.7390243902439024,0.7241379310344828,0.163,0.006
18,2,Moderate shift,Target-calibrated associative latent model,0.81,0.3837836229403564,0.17716535433070865,0.13256327784659136,0.0250231137969822,0.431420782492134,0.513,254,0.8322033898305085,0.7780487804878049,0.7931034482758621,0.163,0.006
18,2,Moderate shift,Frozen causal latent SCM,0.8,0.3593766980132131,0.33070866141732286,0.1419214617059205,0.08146108384777881,0.42683585855008277,0.593,254,0.8220338983050848,0.7682926829268293,0.7873563218390804,0.163,0.006
18,2,Moderate shift,Modular causal latent SCM,0.808,0.3788380354862848,0.2283464566929134,0.13365458391028545,0.045112289691002005,0.43252257066351096,0.543,254,0.8305084745762712,0.775609756097561,0.7873563218390804,0.163,0.006
18,2,Moderate shift,Target oracle (reference),0.818,0.40389985187745114,0.16535433070866143,0.12840391606855,0.01613106825427587,0.4188837671058145,0.485,254,0.8355932203389831,0.7926829268292683,0.8103448275862069,0.163,0.006
18,3,Strong shift,Pooled associative latent class model,0.749,0.24727789892644167,0.4523809523809524,0.1721520042640502,0.0836388863801188,0.4534347891357536,0.606,294,0.7941176470588235,0.7179054054054054,0.6851211072664359,0.26066666666666666,0.021
18,3,Strong shift,Target-calibrated associative latent model,0.779,0.3106954521881687,0.30952380952380953,0.14837860392608065,0.07073008957372376,0.4500134268953217,0.598,294,0.8088235294117647,0.7584459459459459,0.7647058823529411,0.26066666666666666,0.021
18,3,Strong shift,Frozen causal latent SCM,0.763,0.2759872422542535,0.41496598639455784,0.15983894328478668,0.10349138764016819,0.4433437019146405,0.624,294,0.7941176470588235,0.7415540540540541,0.7335640138408305,0.26066666666666666,0.021
18,3,Strong shift,Modular causal latent SCM,0.768,0.28661678696024057,0.3673469387755102,0.15210486408960833,0.09206947519686358,0.4490700260696548,0.623,294,0.7990196078431373,0.7466216216216216,0.754325259515571,0.26066666666666666,0.021
18,3,Strong shift,Target oracle (reference),0.795,0.3474469553889441,0.20068027210884354,0.13794393171874494,0.020248732508121814,0.4445516885299479,0.504,294,0.8284313725490197,0.7719594594594594,0.7820069204152249,0.26066666666666666,0.021
19,0,No shift,Pooled associative latent class model,0.806,0.37391765192728704,0.2976190476190476,0.14115644502084138,0.034236486175149385,0.4106337723859645,0.512,168,0.8175355450236966,0.7435897435897436,0.8103448275862069,0.055,0.0
19,0,No shift,Target-calibrated associative latent model,0.808,0.37883948046356447,0.08333333333333333,0.13668986485024429,0.05421237165553344,0.3798888546118661,0.454,168,0.8187203791469194,0.75,0.7413793103448276,0.055,0.0
19,0,No shift,Frozen causal latent SCM,0.816,0.39882225899336216,0.19642857142857142,0.13014828800048767,0.031489296147572315,0.38571387845279625,0.504,168,0.8293838862559242,0.7435897435897436,0.7931034482758621,0.055,0.0
19,0,No shift,Modular causal latent SCM,0.815,0.39629598416106576,0.15476190476190477,0.1301948929746722,0.03381148575992284,0.385105523566795,0.489,168,0.8281990521327014,0.7435897435897436,0.7931034482758621,0.055,0.0
19,0,No shift,Target oracle (reference),0.821,0.4115752713402491,0.17857142857142858,0.12950445892078485,0.030611881919034974,0.39472586608781757,0.489,168,0.8341232227488151,0.75,0.8103448275862069,0.055,0.0
19,1,Mild shift,Pooled associative latent class model,0.785,0.3242245248695252,0.38207547169811323,0.15155469397931642,0.034611495792327265,0.41667582124562463,0.519,212,0.8118279569892473,0.70703125,0.7090909090909091,0.09633333333333334,0.001
19,1,Mild shift,Target-calibrated associative latent model,0.808,0.37884572431811925,0.09905660377358491,0.1394676833071156,0.05585332411823418,0.38971155584114026,0.432,212,0.8293010752688172,0.74609375,0.7272727272727273,0.09633333333333334,0.001
19,1,Mild shift,Frozen causal latent SCM,0.806,0.37391765192728704,0.27358490566037735,0.13718070144911293,0.035122157601289714,0.393980725402508,0.512,212,0.8293010752688172,0.73828125,0.7727272727272727,0.09633333333333334,0.001
19,1,Mild shift,Modular causal latent SCM,0.805,0.3714721743135062,0.19811320754716982,0.13460360886038758,0.03259403631227095,0.3945675117764773,0.477,212,0.8293010752688172,0.734375,0.7636363636363637,0.09633333333333334,0.001
19,1,Mild shift,Target oracle (reference),0.813,0.3912670696427464,0.2169811320754717,0.13384636541534925,0.03036398475918121,0.40417060098419333,0.487,212,0.8387096774193549,0.73828125,0.7818181818181819,0.09633333333333334,0.001
19,2,Moderate shift,Pooled associative latent class model,0.756,0.2614109292764475,0.40304182509505704,0.1628103011592343,0.050399060061700696,0.4278988935084949,0.546,263,0.7904599659284497,0.7070217917675545,0.6836734693877551,0.16366666666666665,0.006
19,2,Moderate shift,Target-calibrated associative latent model,0.791,0.33807260778850534,0.12167300380228137,0.14653152274235356,0.0561021403127845,0.40874473347014134,0.435,263,0.817717206132879,0.7530266343825666,0.7602040816326531,0.16366666666666665,0.006
19,2,Moderate shift,Frozen causal latent SCM,0.79,0.33574022447665497,0.3155893536121673,0.14770582569064164,0.051779921615958416,0.4078418645165097,0.544,263,0.8194207836456558,0.7481840193704601,0.7653061224489796,0.16366666666666665,0.006
19,2,Moderate shift,Modular causal latent SCM,0.795,0.3474472355968624,0.20532319391634982,0.14083483626356108,0.02363931516277145,0.4124417723251506,0.487,263,0.8330494037478705,0.7409200968523002,0.7551020408163265,0.16366666666666665,0.006
19,2,Moderate shift,Target oracle (reference),0.8,0.3593588817676616,0.20152091254752852,0.14014140793407182,0.022579314100160015,0.4213863106865423,0.492,263,0.838160136286201,0.7457627118644068,0.7755102040816326,0.16366666666666665,0.006
19,3,Strong shift,Pooled associative latent class model,0.731,0.2126808631458237,0.4479166666666667,0.17326483321052502,0.06462243040621884,0.4431973008095927,0.589,288,0.7914572864321608,0.6910299003322259,0.6832298136645962,0.26666666666666666,0.025
19,3,Strong shift,Target-calibrated associative latent model,0.741,0.23160603544675004,0.4270833333333333,0.16805123266460203,0.09773890104228605,0.4239275732042225,0.629,288,0.7638190954773869,0.7259136212624585,0.717391304347826,0.26666666666666666,0.025
19,3,Strong shift,Frozen causal latent SCM,0.758,0.2655415564680463,0.3576388888888889,0.16180267947954052,0.06533089700861225,0.42990596111547075,0.584,288,0.7989949748743719,0.7308970099667774,0.7236024844720497,0.26666666666666666,0.025
19,3,Strong shift,Modular causal latent SCM,0.78,0.31291579343138964,0.22916666666666666,0.15350406702508684,0.04182046942112466,0.4373618962245308,0.536,288,0.821608040201005,0.7524916943521595,0.7422360248447205,0.26666666666666666,0.025
19,3,Strong shift,Target oracle (reference),0.774,0.29960308146454023,0.18055555555555555,0.15274200565768764,0.03444058951995735,0.44551054565208714,0.492,288,0.8341708542713567,0.7342192691029901,0.7329192546583851,0.26666666666666666,0.025
20,0,No shift,Pooled associative latent class model,0.802,0.3641817306068234,0.3819444444444444,0.13853925316059157,0.03245741876901453,0.41022736620160655,0.53,144,0.8134146341463414,0.75,0.6909090909090909,0.063,0.0
20,0,No shift,Target-calibrated associative latent model,0.817,0.40135697781566226,0.2222222222222222,0.12675566229417815,0.02296770100223518,0.3788366928711487,0.509,144,0.8268292682926829,0.7722222222222223,0.7454545454545455,0.063,0.0
20,0,No shift,Frozen causal latent SCM,0.816,0.3988224033338048,0.20833333333333334,0.1262115776870706,0.02854666473572681,0.38049208555457853,0.508,144,0.8268292682926829,0.7666666666666667,0.7272727272727273,0.063,0.0
20,0,No shift,Modular causal latent SCM,0.813,0.39126688132841697,0.22916666666666666,0.12663345762960043,0.025619253489158774,0.3806017000653938,0.509,144,0.8256097560975609,0.7555555555555555,0.7090909090909091,0.063,0.0
20,0,No shift,Target oracle (reference),0.816,0.3988222680146418,0.20833333333333334,0.12640564473178054,0.019924120373539838,0.3955289967234356,0.498,144,0.8268292682926829,0.7666666666666667,0.7272727272727273,0.063,0.0
20,1,Mild shift,Pooled associative latent class model,0.78,0.31291725873030457,0.42788461538461536,0.1496669560865368,0.0524074764665946,0.4207780979056553,0.544,208,0.7966339410939691,0.7386759581881533,0.6929824561403509,0.10566666666666667,0.0
20,1,Mild shift,Target-calibrated associative latent model,0.807,0.37637218286969015,0.1971153846153846,0.1311648277642855,0.0347599648338147,0.39327800491113424,0.487,208,0.8246844319775596,0.7630662020905923,0.7280701754385965,0.10566666666666667,0.0
20,1,Mild shift,Frozen causal latent SCM,0.801,0.36176545689636913,0.2403846153846154,0.13182239756985842,0.03262451095450568,0.39330877292744015,0.511,208,0.8190743338008415,0.7560975609756098,0.7192982456140351,0.10566666666666667,0.0
20,1,Mild shift,Modular causal latent SCM,0.806,0.3739174810507716,0.20192307692307693,0.13038396765156862,0.02888940117587559,0.39420925170170945,0.492,208,0.82328190743338,0.7630662020905923,0.7368421052631579,0.10566666666666667,0.0
20,1,Mild shift,Target oracle (reference),0.809,0.3813050058919445,0.19230769230769232,0.13016063483466028,0.03146529611739456,0.40799572438449355,0.489,208,0.8218793828892006,0.7770034843205574,0.7368421052631579,0.10566666666666667,0.0
20,2,Moderate shift,Pooled associative latent class model,0.755,0.259379694736231,0.4756554307116105,0.16179793312082597,0.06613063680736216,0.42689682060002915,0.587,267,0.7852112676056338,0.7152777777777778,0.6683673469387755,0.17233333333333334,0.004
20,2,Moderate shift,Target-calibrated associative latent model,0.805,0.37147314795117814,0.24344569288389514,0.134308917530783,0.025142039209716114,0.40711324864476744,0.531,267,0.8345070422535211,0.7662037037037037,0.7448979591836735,0.17233333333333334,0.004
20,2,Moderate shift,Frozen causal latent SCM,0.795,0.34745371194830565,0.30337078651685395,0.1393331598345091,0.04509004710603252,0.40576625080215695,0.553,267,0.8169014084507042,0.7662037037037037,0.7397959183673469,0.17233333333333334,0.004
20,2,Moderate shift,Modular causal latent SCM,0.806,0.3739189184823106,0.23220973782771537,0.1335128032885417,0.033432295433671155,0.4083997555694324,0.526,267,0.8362676056338029,0.7662037037037037,0.7397959183673469,0.17233333333333334,0.004
20,2,Moderate shift,Target oracle (reference),0.806,0.37391734012575567,0.19101123595505617,0.1327738290440408,0.0374250511712503,0.42255156287632134,0.498,267,0.8327464788732394,0.7708333333333334,0.75,0.17233333333333334,0.004
20,3,Strong shift,Pooled associative latent class model,0.749,0.24727822170109823,0.4305555555555556,0.16536859223516512,0.07811664054206005,0.43835482386223606,0.599,288,0.8113695090439277,0.7096247960848288,0.6655948553054662,0.273,0.024
20,3,Strong shift,Target-calibrated associative latent model,0.778,0.3084455496443604,0.2361111111111111,0.14421718543957956,0.03690177117608434,0.43174548752248304,0.526,288,0.8217054263565892,0.7504078303425775,0.7234726688102894,0.273,0.024
20,3,Strong shift,Frozen causal latent SCM,0.779,0.3106856365689295,0.3194444444444444,0.1509380777780036,0.0646751458066676,0.42524238676578746,0.567,288,0.8320413436692506,0.7455138662316476,0.7170418006430869,0.273,0.024
20,3,Strong shift,Modular causal latent SCM,0.782,0.3174136029068677,0.2361111111111111,0.14384290019727794,0.04348073226579364,0.4310985278242776,0.518,288,0.8217054263565892,0.7569331158238173,0.7363344051446945,0.273,0.024
20,3,Strong shift,Target oracle (reference),0.776,0.3040074492506846,0.21875,0.14411821757946808,0.03754701939802624,0.4448818153325783,0.506,288,0.8165374677002584,0.7504078303425775,0.7234726688102894,0.273,0.024
21,0,No shift,Pooled associative latent class model,0.81,0.38378734822092747,0.3803680981595092,0.13245571825078944,0.045314393332278075,0.4346228003235282,0.544,163,0.817432273262662,0.7682119205298014,0.6585365853658537,0.051666666666666666,0.0
21,0,No shift,Target-calibrated associative latent model,0.826,0.42453151769565595,0.2822085889570552,0.12474028490347758,0.05002580119855316,0.39937508248860315,0.542,163,0.8351001177856302,0.7748344370860927,0.7073170731707317,0.051666666666666666,0.0
21,0,No shift,Frozen causal latent SCM,0.832,0.4403375844159195,0.2147239263803681,0.12059157513444757,0.04301972780013896,0.4004514517901003,0.53,163,0.8421672555948174,0.7748344370860927,0.7073170731707317,0.051666666666666666,0.0
21,0,No shift,Modular causal latent SCM,0.834,0.4456719404439629,0.22699386503067484,0.12111736971517431,0.04657318724282121,0.39994177789326274,0.538,163,0.8457008244994111,0.7682119205298014,0.7073170731707317,0.051666666666666666,0.0
21,0,No shift,Target oracle (reference),0.825,0.4219215232775502,0.17177914110429449,0.11836402866787965,0.027002869490576946,0.3849726080762127,0.493,163,0.8292108362779741,0.8013245033112583,0.7560975609756098,0.051666666666666666,0.0
21,1,Mild shift,Pooled associative latent class model,0.793,0.3427465656472491,0.41346153846153844,0.1401507938989122,0.05194996952122186,0.4385434276387881,0.561,208,0.8064952638700947,0.7547892720306514,0.7156862745098039,0.09366666666666666,0.0
21,1,Mild shift,Target-calibrated associative latent model,0.81,0.38380037941833905,0.38461538461538464,0.13212934517493838,0.07880818728211876,0.40383119355773467,0.59,208,0.8308525033829499,0.7509578544061303,0.7254901960784313,0.09366666666666666,0.0
21,1,Mild shift,Frozen causal latent SCM,0.817,0.4013613808382758,0.28365384615384615,0.12446155229424552,0.04788298635591796,0.4093489418738992,0.547,208,0.8362652232746955,0.7624521072796935,0.7352941176470589,0.09366666666666666,0.0
21,1,Mild shift,Modular causal latent SCM,0.826,0.4245329708066354,0.25,0.1238104783220129,0.050273108838890274,0.409235998496981,0.55,208,0.8484438430311232,0.7624521072796935,0.7352941176470589,0.09366666666666666,0.0
21,1,Mild shift,Target oracle (reference),0.82,0.409008575100934,0.18269230769230768,0.11973130436126123,0.029521173465593787,0.3953318356592281,0.494,208,0.8308525033829499,0.789272030651341,0.7745098039215687,0.09366666666666666,0.0
21,2,Moderate shift,Pooled associative latent class model,0.771,0.29307653507685405,0.4749034749034749,0.1556951636497583,0.07099121886229771,0.44885893655564557,0.591,259,0.7947368421052632,0.7395348837209302,0.6974358974358974,0.16866666666666666,0.005
21,2,Moderate shift,Target-calibrated associative latent model,0.812,0.38877511149091637,0.28957528957528955,0.1331014671848471,0.07299635161139333,0.4242938801071051,0.572,259,0.843859649122807,0.7697674418604651,0.764102564102564,0.16866666666666666,0.005
21,2,Moderate shift,Frozen causal latent SCM,0.81,0.38379303093935163,0.3166023166023166,0.13580546448657163,0.06752552122559997,0.42526692653720716,0.568,259,0.8368421052631579,0.7744186046511627,0.7692307692307693,0.16866666666666666,0.005
21,2,Moderate shift,Modular causal latent SCM,0.817,0.40136261313401683,0.25868725868725867,0.12946738462032462,0.05081036498694868,0.42832528633037087,0.553,259,0.8456140350877193,0.7790697674418605,0.7794871794871795,0.16866666666666666,0.005
21,2,Moderate shift,Target oracle (reference),0.814,0.3937772661311626,0.20463320463320464,0.12564906645238463,0.02866315882934446,0.4145451098479137,0.498,259,0.8315789473684211,0.7906976744186046,0.8102564102564103,0.16866666666666666,0.005
21,3,Strong shift,Pooled associative latent class model,0.74,0.22966453192316982,0.48322147651006714,0.16964002732150077,0.09156016906345023,0.4578596265108217,0.616,298,0.8,0.7069767441860465,0.6317365269461078,0.2876666666666667,0.023
21,3,Strong shift,Target-calibrated associative latent model,0.777,0.3062252475108947,0.1476510067114094,0.1467582295168952,0.029546836187495266,0.4602436564075746,0.461,298,0.8056338028169014,0.7612403100775194,0.7305389221556886,0.2876666666666667,0.023
21,3,Strong shift,Frozen causal latent SCM,0.768,0.28661158586701857,0.40268456375838924,0.15622295047130305,0.0914515976710806,0.4450614321741002,0.61,298,0.828169014084507,0.7348837209302326,0.6736526946107785,0.2876666666666667,0.023
21,3,Strong shift,Modular causal latent SCM,0.792,0.3403959754769209,0.1912751677852349,0.14189815955943225,0.027916271014986206,0.46083811535527136,0.508,298,0.8422535211267606,0.7643410852713178,0.7305389221556886,0.2876666666666667,0.023
21,3,Strong shift,Target oracle (reference),0.799,0.356960588117032,0.19798657718120805,0.14031392673091886,0.01960813509219506,0.4458990272527948,0.509,298,0.8450704225352113,0.7736434108527132,0.7455089820359282,0.2876666666666667,0.023
22,0,No shift,Pooled associative latent class model,0.819,0.4064532795458325,0.23015873015873015,0.12992941840718603,0.04214311267106218,0.42148752543228796,0.462,126,0.8313817330210773,0.7465753424657534,0.7105263157894737,0.053,0.001
22,0,No shift,Target-calibrated associative latent model,0.807,0.37638394837432626,0.06349206349206349,0.13505485870529452,0.056682592595768286,0.3879212048001308,0.43,126,0.8173302107728337,0.7465753424657534,0.7368421052631579,0.053,0.001
22,0,No shift,Frozen causal latent SCM,0.818,0.40390130625180015,0.14285714285714285,0.1290551429329957,0.03562304419221494,0.3987508557836091,0.471,126,0.8266978922716628,0.7671232876712328,0.7105263157894737,0.053,0.001
22,0,No shift,Modular causal latent SCM,0.823,0.4167366583739535,0.1111111111111111,0.12966043526510992,0.03976762328038029,0.39564800976428477,0.456,126,0.8313817330210773,0.773972602739726,0.7631578947368421,0.053,0.001
22,0,No shift,Target oracle (reference),0.824,0.41932274612838394,0.15873015873015872,0.12716955910087446,0.027049791182405997,0.4032453580897053,0.499,126,0.832552693208431,0.773972602739726,0.7631578947368421,0.053,0.001
22,1,Mild shift,Pooled associative latent class model,0.809,0.38130588324190307,0.2568306010928962,0.13571587605262267,0.026623741861001242,0.42935734529429,0.478,183,0.8221024258760108,0.7713178294573644,0.7195121951219512,0.09333333333333334,0.001
22,1,Mild shift,Target-calibrated associative latent model,0.804,0.3690506012261239,0.04918032786885246,0.14170011372133726,0.07387356222395919,0.39408152422871795,0.415,183,0.8045822102425876,0.8023255813953488,0.7926829268292683,0.09333333333333334,0.001
22,1,Mild shift,Frozen causal latent SCM,0.822,0.41415009168262273,0.16939890710382513,0.12956126170831572,0.03099918495192775,0.4091002304253748,0.485,183,0.8288409703504043,0.8023255813953488,0.7804878048780488,0.09333333333333334,0.001
22,1,Mild shift,Modular causal latent SCM,0.819,0.40645782878838743,0.08196721311475409,0.13365359047639083,0.05340530927284164,0.40380896254359633,0.442,183,0.8221024258760108,0.810077519379845,0.8048780487804879,0.09333333333333334,0.001
22,1,Mild shift,Target oracle (reference),0.826,0.42452795650758396,0.15300546448087432,0.1287139522460726,0.03868832973473417,0.4129823471220865,0.501,183,0.8342318059299192,0.8023255813953488,0.8048780487804879,0.09333333333333334,0.001
22,2,Moderate shift,Pooled associative latent class model,0.766,0.2823057304370557,0.36681222707423583,0.1520223184649557,0.03407963752923065,0.4430787756632047,0.507,229,0.8068965517241379,0.7095238095238096,0.6586826347305389,0.16533333333333333,0.004
22,2,Moderate shift,Target-calibrated associative latent model,0.772,0.2952677335014823,0.06550218340611354,0.15594991043981704,0.09325129263411362,0.4146857259719849,0.385,229,0.7965517241379311,0.7380952380952381,0.7305389221556886,0.16533333333333333,0.004
22,2,Moderate shift,Frozen causal latent SCM,0.791,0.33806225760278547,0.28820960698689957,0.14006274523249376,0.03731963851966819,0.4302100816654696,0.518,229,0.8206896551724138,0.75,0.7305389221556886,0.16533333333333333,0.004
22,2,Moderate shift,Modular causal latent SCM,0.791,0.33807434919387513,0.11353711790393013,0.14350795898942886,0.05639997586078803,0.4269585315493469,0.43,229,0.8206896551724138,0.75,0.7425149700598802,0.16533333333333333,0.004
22,2,Moderate shift,Target oracle (reference),0.809,0.38130477676405267,0.19213973799126638,0.1378396692303183,0.03575166627263349,0.43678800678666885,0.506,229,0.8396551724137931,0.7666666666666667,0.7724550898203593,0.16533333333333333,0.004
22,3,Strong shift,Pooled associative latent class model,0.73,0.21081345401057527,0.41139240506329117,0.17930261071542394,0.05283111518982345,0.46171267626210527,0.533,316,0.7216216216216216,0.734920634920635,0.7100977198697068,0.27466666666666667,0.02
22,3,Strong shift,Target-calibrated associative latent model,0.752,0.25330014748889856,0.39556962025316456,0.1702178881435585,0.0927790752941119,0.4372785542362627,0.603,316,0.745945945945946,0.7555555555555555,0.7231270358306189,0.27466666666666667,0.02
22,3,Strong shift,Frozen causal latent SCM,0.757,0.2634639109787514,0.3322784810126582,0.1600634293290686,0.054485540729252865,0.44880903123700566,0.542,316,0.7594594594594595,0.7555555555555555,0.739413680781759,0.27466666666666667,0.02
22,3,Strong shift,Modular causal latent SCM,0.77,0.29089256385981493,0.2721518987341772,0.15551908888079494,0.034683486902336504,0.4520504892600194,0.529,316,0.7864864864864864,0.7603174603174603,0.742671009771987,0.27466666666666667,0.02
22,3,Strong shift,Target oracle (reference),0.785,0.32422442385273387,0.22784810126582278,0.15082271343044049,0.02884712336884054,0.4607124757951166,0.518,316,0.8162162162162162,0.7666666666666667,0.755700325732899,0.27466666666666667,0.02
23,0,No shift,Pooled associative latent class model,0.81,0.38378385269125187,0.3,0.13205428527657825,0.030975159041632293,0.41083683975482777,0.523,140,0.8245192307692307,0.7380952380952381,0.8,0.059666666666666666,0.001
23,0,No shift,Target-calibrated associative latent model,0.811,0.3862704301595772,0.2642857142857143,0.12821492794688227,0.04560385950050671,0.38857124815977806,0.53,140,0.8257211538461539,0.7380952380952381,0.8153846153846154,0.059666666666666666,0.001
23,0,No shift,Frozen causal latent SCM,0.807,0.37637245385629076,0.17857142857142858,0.12561371660667536,0.04155139774790577,0.3911087258308878,0.524,140,0.8293269230769231,0.6964285714285714,0.7538461538461538,0.059666666666666666,0.001
23,0,No shift,Modular causal latent SCM,0.813,0.3912673712030749,0.20714285714285716,0.12552312121823025,0.03513035795869668,0.39087777885369296,0.526,140,0.8305288461538461,0.7261904761904762,0.8,0.059666666666666666,0.001
23,0,No shift,Target oracle (reference),0.814,0.39377772310848896,0.15714285714285714,0.12468319603565244,0.026076931019560146,0.4086038841759571,0.495,140,0.8353365384615384,0.7083333333333334,0.7538461538461538,0.059666666666666666,0.001
23,1,Mild shift,Pooled associative latent class model,0.789,0.33341777809280737,0.37037037037037035,0.1406470261557868,0.043257306061656696,0.41516633501008604,0.54,189,0.8239339752407153,0.6959706959706959,0.7627118644067796,0.09933333333333333,0.001
23,1,Mild shift,Target-calibrated associative latent model,0.797,0.35218832683792245,0.2275132275132275,0.13272247446870525,0.04846223851227435,0.398275129679522,0.528,189,0.8390646492434664,0.684981684981685,0.7542372881355932,0.09933333333333333,0.001
23,1,Mild shift,Frozen causal latent SCM,0.794,0.34508927571877185,0.2328042328042328,0.13285988461764311,0.04638624789866702,0.3990026601922028,0.531,189,0.8363136176066025,0.6813186813186813,0.7457627118644068,0.09933333333333333,0.001
23,1,Mild shift,Modular causal latent SCM,0.792,0.3403964468910467,0.21164021164021163,0.1321395072688563,0.045283996181824604,0.3994054978184339,0.521,189,0.8335625859697386,0.6813186813186813,0.7457627118644068,0.09933333333333333,0.001
23,1,Mild shift,Target oracle (reference),0.801,0.3617657386504295,0.18518518518518517,0.13137136173287095,0.03278876190296707,0.4164857428213711,0.488,189,0.844566712517194,0.684981684981685,0.7457627118644068,0.09933333333333333,0.001
23,2,Moderate shift,Pooled associative latent class model,0.768,0.2865836459864952,0.40160642570281124,0.15550707060033847,0.06043276556227093,0.4295973001851109,0.563,249,0.8228070175438597,0.6953488372093023,0.7286432160804021,0.16933333333333334,0.003
23,2,Moderate shift,Target-calibrated associative latent model,0.787,0.3288055811836232,0.24096385542168675,0.14853700626819238,0.05981203229714767,0.4148597787952196,0.556,249,0.8350877192982457,0.7232558139534884,0.7688442211055276,0.16933333333333334,0.003
23,2,Moderate shift,Frozen causal latent SCM,0.786,0.3265112595804031,0.285140562248996,0.14251064128752933,0.059637556246315504,0.4180731896667017,0.555,249,0.8385964912280702,0.7162790697674418,0.7788944723618091,0.16933333333333334,0.003
23,2,Moderate shift,Modular causal latent SCM,0.791,0.3380621485516506,0.21285140562248997,0.13978026372977323,0.037158594962161055,0.41864941999633015,0.524,249,0.8473684210526315,0.7162790697674418,0.7688442211055276,0.16933333333333334,0.003
23,2,Moderate shift,Target oracle (reference),0.793,0.34273868974054983,0.19678714859437751,0.13776311998522778,0.026918270542897985,0.43542967521145454,0.492,249,0.8491228070175438,0.7186046511627907,0.7688442211055276,0.16933333333333334,0.003
23,3,Strong shift,Pooled associative latent class model,0.72,0.19279627880937825,0.5030674846625767,0.18988571539642282,0.10681852836366301,0.4399595703410232,0.605,326,0.7538860103626943,0.6986970684039088,0.698170731707317,0.2723333333333333,0.015
23,3,Strong shift,Target-calibrated associative latent model,0.772,0.29523126258564064,0.23006134969325154,0.1510525117258313,0.029930656471224264,0.43840118801513306,0.481,326,0.8601036269430051,0.7166123778501629,0.7195121951219512,0.2723333333333333,0.015
23,3,Strong shift,Frozen causal latent SCM,0.761,0.2717576453895352,0.3803680981595092,0.1635933243340126,0.08540108051103391,0.43457920985073456,0.582,326,0.8264248704663213,0.7198697068403909,0.725609756097561,0.2723333333333333,0.015
23,3,Strong shift,Modular causal latent SCM,0.768,0.28658290254768565,0.30368098159509205,0.1509471812919245,0.04807625846753578,0.4419778154441874,0.537,326,0.8497409326424871,0.7166123778501629,0.725609756097561,0.2723333333333333,0.015
23,3,Strong shift,Target oracle (reference),0.781,0.3151590916358346,0.24233128834355827,0.14621023379686374,0.03621176222566126,0.4590368050871367,0.498,326,0.8652849740932642,0.7280130293159609,0.7286585365853658,0.2723333333333333,0.015
24,0,No shift,Pooled associative latent class model,0.812,0.38876724115894423,0.33098591549295775,0.13812797608953936,0.04924581565687973,0.42172437848743016,0.547,142,0.8070588235294117,0.84,0.875,0.05333333333333334,0.0
24,0,No shift,Target-calibrated associative latent model,0.821,0.4115753930344174,0.20422535211267606,0.12892777949064588,0.02332647611236472,0.4005246242366695,0.51,142,0.8188235294117647,0.8333333333333334,0.8958333333333334,0.05333333333333334,0.0
24,0,No shift,Frozen causal latent SCM,0.824,0.41932377366695944,0.20422535211267606,0.12697509573519394,0.028381155888685686,0.40171879903308105,0.525,142,0.8223529411764706,0.8333333333333334,0.8958333333333334,0.05333333333333334,0.0
24,0,No shift,Modular causal latent SCM,0.826,0.4245285749444618,0.19718309859154928,0.12810016032417468,0.027809858875385913,0.40170005960481076,0.517,142,0.8247058823529412,0.8333333333333334,0.8958333333333334,0.05333333333333334,0.0
24,0,No shift,Target oracle (reference),0.832,0.44033614072560173,0.1619718309859155,0.12382759431305754,0.026176111144078966,0.384786845095694,0.491,142,0.8282352941176471,0.8533333333333334,0.8958333333333334,0.05333333333333334,0.0
24,1,Mild shift,Pooled associative latent class model,0.787,0.3288105043842625,0.3719806763285024,0.1472771652155198,0.060241439952572175,0.4252871415126618,0.566,207,0.7782101167315175,0.8165938864628821,0.8404255319148937,0.088,0.001
24,1,Mild shift,Target-calibrated associative latent model,0.811,0.3862736541399459,0.25120772946859904,0.1328102902473517,0.05234144453471281,0.4067092348734492,0.554,207,0.8067444876783398,0.8253275109170306,0.8617021276595744,0.088,0.001
24,1,Mild shift,Frozen causal latent SCM,0.815,0.3962977870497052,0.2318840579710145,0.1317354357990847,0.03907334549773521,0.4086420723273611,0.538,207,0.8106355382619974,0.8296943231441049,0.851063829787234,0.088,0.001
24,1,Mild shift,Modular causal latent SCM,0.815,0.3962977870497052,0.22705314009661837,0.13131788544389028,0.03873145041360324,0.4087506623905817,0.538,207,0.8093385214007782,0.834061135371179,0.851063829787234,0.088,0.001
24,1,Mild shift,Target oracle (reference),0.831,0.4376814653729458,0.14492753623188406,0.12740362797461957,0.03266936793637563,0.3932552253157993,0.492,207,0.8236057068741893,0.8558951965065502,0.8723404255319149,0.088,0.001
24,2,Moderate shift,Pooled associative latent class model,0.766,0.28231769209027935,0.4144486692015209,0.16066657966604223,0.07961591485854697,0.4389916624580908,0.589,263,0.7653910149750416,0.7669172932330827,0.7228915662650602,0.16033333333333333,0.008
24,2,Moderate shift,Target-calibrated associative latent model,0.776,0.30402474932301893,0.3612167300380228,0.15410820147980764,0.10392301869604655,0.4176277156393153,0.609,263,0.7737104825291181,0.7794486215538847,0.7530120481927711,0.16033333333333333,0.008
24,2,Moderate shift,Frozen causal latent SCM,0.801,0.3617701875811898,0.2889733840304182,0.1418663843674771,0.06446947055211463,0.4276809694177715,0.56,263,0.8036605657237936,0.7969924812030075,0.7710843373493976,0.16033333333333333,0.008
24,2,Moderate shift,Modular causal latent SCM,0.808,0.3788375981109776,0.22813688212927757,0.13871402271303004,0.05207003706868433,0.42897325078393733,0.549,263,0.8036605657237936,0.8145363408521303,0.7951807228915663,0.16033333333333333,0.008
24,2,Moderate shift,Target oracle (reference),0.821,0.41157529081131944,0.1596958174904943,0.13445167277552128,0.03797800496804734,0.41668206705926364,0.496,263,0.8169717138103162,0.8270676691729323,0.8012048192771084,0.16033333333333333,0.008
24,3,Strong shift,Pooled associative latent class model,0.747,0.24329391800611236,0.47039473684210525,0.1738489602724092,0.08721050173740805,0.445031968220688,0.598,304,0.7706855791962175,0.729636048526863,0.6859205776173285,0.25566666666666665,0.02
24,3,Strong shift,Target-calibrated associative latent model,0.776,0.30401169142550405,0.17105263157894737,0.14995957306691035,0.045325810976688204,0.4486112357121674,0.447,304,0.7990543735224587,0.7590987868284229,0.7220216606498195,0.25566666666666665,0.02
24,3,Strong shift,Frozen causal latent SCM,0.774,0.2996137068412064,0.3782894736842105,0.15847886854019513,0.07772438195444853,0.44134457112628617,0.585,304,0.789598108747045,0.7625649913344887,0.7436823104693141,0.25566666666666665,0.02
24,3,Strong shift,Modular causal latent SCM,0.787,0.32880490752579766,0.25,0.1460272940661351,0.027586447444814265,0.4534339814823081,0.518,304,0.7990543735224587,0.7781629116117851,0.7581227436823105,0.25566666666666665,0.02
24,3,Strong shift,Target oracle (reference),0.796,0.3498134789902416,0.23026315789473684,0.14440375646790304,0.024436084869753027,0.4411707795014045,0.499,304,0.8203309692671394,0.7781629116117851,0.7545126353790613,0.25566666666666665,0.02
25,0,No shift,Pooled associative latent class model,0.805,0.37147267814195445,0.27741935483870966,0.1416388232299231,0.0392929729155703,0.43969147475984127,0.473,155,0.8081048867699643,0.7888198757763976,0.734375,0.057666666666666665,0.002
25,0,No shift,Target-calibrated associative latent model,0.821,0.41157857310216556,0.09032258064516129,0.13361005212768226,0.040006896040775376,0.4114113630322573,0.461,155,0.8235995232419547,0.8074534161490683,0.75,0.057666666666666665,0.002
25,0,No shift,Frozen causal latent SCM,0.824,0.41932367242697804,0.13548387096774195,0.13169999839485533,0.03109502789378203,0.4149419236569574,0.48,155,0.8271752085816448,0.8074534161490683,0.75,0.057666666666666665,0.002
25,0,No shift,Modular causal latent SCM,0.821,0.4115782146269506,0.10967741935483871,0.13240797523181919,0.03762543257218817,0.41327615863833217,0.463,155,0.8235995232419547,0.8074534161490683,0.75,0.057666666666666665,0.002
25,0,No shift,Target oracle (reference),0.824,0.41932274148296594,0.17419354838709677,0.13169657624281011,0.021341838620621084,0.4028186801799285,0.5,155,0.8295589988081049,0.7950310559006211,0.734375,0.057666666666666665,0.002
25,1,Mild shift,Pooled associative latent class model,0.786,0.32650993284826624,0.36666666666666664,0.1508333203754584,0.029486250906641587,0.4470673696202884,0.506,210,0.8052486187845304,0.7355072463768116,0.6956521739130435,0.10166666666666667,0.002
25,1,Mild shift,Target-calibrated associative latent model,0.81,0.3837833244002695,0.12857142857142856,0.13993876357275015,0.027698024221843344,0.42346671221791793,0.492,210,0.8218232044198895,0.7789855072463768,0.7652173913043478,0.10166666666666667,0.002
25,1,Mild shift,Frozen causal latent SCM,0.821,0.41157498833036077,0.18095238095238095,0.13715473750256882,0.03370265889589742,0.4268042018634679,0.501,210,0.8328729281767956,0.7898550724637681,0.7739130434782608,0.10166666666666667,0.002
25,1,Mild shift,Modular causal latent SCM,0.817,0.4013572973731787,0.14761904761904762,0.1370277919716912,0.029522165421523007,0.4262626940876554,0.485,210,0.8287292817679558,0.7862318840579711,0.7739130434782608,0.10166666666666667,0.002
25,1,Mild shift,Target oracle (reference),0.814,0.3937771800596845,0.18095238095238095,0.13693760207608419,0.02440288571823896,0.41438227552917717,0.502,210,0.8314917127071824,0.7681159420289855,0.7478260869565218,0.10166666666666667,0.002
25,2,Moderate shift,Pooled associative latent class model,0.761,0.2717582046305217,0.4268774703557312,0.15984729318717705,0.04073928767479126,0.4534241151953934,0.533,253,0.7854609929078015,0.7293577981651376,0.7228260869565217,0.176,0.006
25,2,Moderate shift,Target-calibrated associative latent model,0.794,0.3450939870986906,0.13438735177865613,0.14969635571230058,0.038223664232578294,0.4387946687450708,0.454,253,0.8138297872340425,0.768348623853211,0.7771739130434783,0.176,0.006
25,2,Moderate shift,Frozen causal latent SCM,0.799,0.3569610614759649,0.2608695652173913,0.145357459075708,0.030924642794489508,0.4412781845472672,0.517,253,0.8138297872340425,0.7798165137614679,0.7880434782608695,0.176,0.006
25,2,Moderate shift,Modular causal latent SCM,0.802,0.3641815410087048,0.16205533596837945,0.1459525536028154,0.031243775947068397,0.44231607950342766,0.472,253,0.8226950354609929,0.7752293577981652,0.7663043478260869,0.176,0.006
25,2,Moderate shift,Target oracle (reference),0.795,0.3474469217438911,0.22134387351778656,0.14453420272932951,0.028818488819820538,0.430903248813385,0.507,253,0.8191489361702128,0.7637614678899083,0.75,0.176,0.006
25,3,Strong shift,Pooled associative latent class model,0.735,0.2201236178387462,0.4413793103448276,0.17447620098920952,0.0536425276032541,0.46905752397695766,0.537,290,0.7423822714681441,0.730829420970266,0.7129032258064516,0.284,0.029
25,3,Strong shift,Target-calibrated associative latent model,0.776,0.30400949762145835,0.22413793103448276,0.15321919518701305,0.021344969919951242,0.47034145501706054,0.472,290,0.817174515235457,0.7527386541471048,0.7580645161290323,0.284,0.029
25,3,Strong shift,Frozen causal latent SCM,0.771,0.2930584142702044,0.3103448275862069,0.15593488341917264,0.03902827235850027,0.4627604802249797,0.527,290,0.7811634349030471,0.7652582159624414,0.7645161290322581,0.284,0.029
25,3,Strong shift,Modular causal latent SCM,0.786,0.32651259980399916,0.18275862068965518,0.15026540923289594,0.02891560300048447,0.47177414371938065,0.468,290,0.8199445983379502,0.7668231611893583,0.7677419354838709,0.284,0.029
25,3,Strong shift,Target oracle (reference),0.78,0.3129122685106361,0.2206896551724138,0.15040867355270057,0.02853729614752093,0.46092485451305376,0.504,290,0.8199445983379502,0.7574334898278561,0.7451612903225806,0.284,0.029
26,0,No shift,Pooled associative latent class model,0.798,0.3545741391226993,0.3246753246753247,0.1346300254515318,0.027542380139293207,0.4273569647732605,0.541,154,0.8020954598370198,0.7730496453900709,0.7346938775510204,0.051,0.0
26,0,No shift,Target-calibrated associative latent model,0.815,0.3962994452145919,0.24025974025974026,0.12736170743272482,0.040902219256265,0.400025495386177,0.54,154,0.8183934807916181,0.7943262411347518,0.7551020408163265,0.051,0.0
26,0,No shift,Frozen causal latent SCM,0.813,0.39126714026058995,0.17532467532467533,0.12665820288437754,0.02410231646014219,0.3997923652698264,0.514,154,0.8149010477299186,0.8014184397163121,0.7755102040816326,0.051,0.0
26,0,No shift,Modular causal latent SCM,0.814,0.39378112955490935,0.24675324675324675,0.12764882565678093,0.042229269902309775,0.3981404083542324,0.541,154,0.8160651920838184,0.8014184397163121,0.7551020408163265,0.051,0.0
26,0,No shift,Target oracle (reference),0.822,0.4141499668015804,0.14285714285714285,0.12458692920342565,0.01783995480451008,0.3962701892207757,0.513,154,0.8242142025611175,0.8085106382978723,0.7959183673469388,0.051,0.0
26,1,Mild shift,Pooled associative latent class model,0.793,0.3427460675842785,0.3490566037735849,0.14296164038602546,0.03945354061246657,0.43254002223255467,0.556,212,0.8007968127490039,0.7692307692307693,0.6989247311827957,0.093,0.002
26,1,Mild shift,Target-calibrated associative latent model,0.802,0.36418931626343154,0.28773584905660377,0.13587157832095598,0.05038207667529011,0.4080683368753854,0.563,212,0.8100929614873837,0.7773279352226721,0.6774193548387096,0.093,0.002
26,1,Mild shift,Frozen causal latent SCM,0.803,0.36660278370071303,0.2169811320754717,0.13177176186509887,0.021806833760318042,0.4094153832160602,0.518,212,0.8127490039840638,0.7732793522267206,0.6881720430107527,0.093,0.002
26,1,Mild shift,Modular causal latent SCM,0.8,0.35936375291280226,0.2641509433962264,0.1338465333207296,0.03803562902330118,0.407677714784978,0.545,212,0.8061088977423638,0.7813765182186235,0.6774193548387096,0.093,0.002
26,1,Mild shift,Target oracle (reference),0.815,0.39629579713141677,0.1509433962264151,0.12940884353273185,0.017882207279632384,0.40572127871840663,0.506,212,0.8207171314741036,0.7975708502024291,0.7311827956989247,0.093,0.002
26,2,Moderate shift,Pooled associative latent class model,0.768,0.28659997809984894,0.42696629213483145,0.15633972019193537,0.056415557108526436,0.44469108810550406,0.581,267,0.7777777777777778,0.7536945812807881,0.6936416184971098,0.163,0.006
26,2,Moderate shift,Target-calibrated associative latent model,0.784,0.32195210507139504,0.2883895131086142,0.1393937137371638,0.04268084179725246,0.43108107045520994,0.551,267,0.8013468013468014,0.7586206896551724,0.7167630057803468,0.163,0.006
26,2,Moderate shift,Frozen causal latent SCM,0.781,0.3151627312887322,0.31086142322097376,0.13981828557394976,0.04447036265328839,0.42905045904607286,0.54,267,0.8047138047138047,0.7463054187192119,0.6820809248554913,0.163,0.006
26,2,Moderate shift,Modular causal latent SCM,0.795,0.347448269384568,0.23595505617977527,0.13702650622739337,0.035159467683360916,0.4304969547390502,0.524,267,0.8080808080808081,0.7758620689655172,0.7225433526011561,0.163,0.006
26,2,Moderate shift,Target oracle (reference),0.806,0.37391760586571676,0.1947565543071161,0.13404009242124643,0.026169211737342917,0.42798314537918736,0.511,267,0.8265993265993266,0.7758620689655172,0.7225433526011561,0.163,0.006
26,3,Strong shift,Pooled associative latent class model,0.728,0.20717002338897517,0.4742268041237113,0.17471337538791773,0.06605658436947463,0.4571399216975352,0.595,291,0.7664233576642335,0.7011884550084889,0.6503496503496503,0.261,0.024
26,3,Strong shift,Target-calibrated associative latent model,0.755,0.25937605373661476,0.14776632302405499,0.15331631216515945,0.052972386289924435,0.4526606859860119,0.422,291,0.7785888077858881,0.7385398981324278,0.7132867132867133,0.261,0.024
26,3,Strong shift,Frozen causal latent SCM,0.76,0.2696794639871007,0.3642611683848797,0.15618091359992425,0.05455616968783675,0.4469761181107336,0.561,291,0.781021897810219,0.7453310696095077,0.7132867132867133,0.261,0.024
26,3,Strong shift,Modular causal latent SCM,0.764,0.27807107439961964,0.15120274914089346,0.15094441203340198,0.03981150849019969,0.452658627240372,0.441,291,0.7834549878345499,0.7504244482173175,0.7202797202797203,0.261,0.024
26,3,Strong shift,Target oracle (reference),0.782,0.31741528854697165,0.24398625429553264,0.14471758570235607,0.0164141308016956,0.45356914826895833,0.531,291,0.8077858880778589,0.7640067911714771,0.7307692307692307,0.261,0.024
27,0,No shift,Pooled associative latent class model,0.826,0.42452861812206744,0.2482758620689655,0.12732860036844493,0.031175675126335112,0.423175592088033,0.517,145,0.8309352517985612,0.8012048192771084,0.8604651162790697,0.056666666666666664,0.0
27,0,No shift,Target-calibrated associative latent model,0.829,0.4323991018229863,0.1793103448275862,0.12169574390809433,0.035669924092367966,0.4006941487966178,0.538,145,0.8333333333333334,0.8072289156626506,0.8604651162790697,0.056666666666666664,0.0
27,0,No shift,Frozen causal latent SCM,0.83,0.43503723397207855,0.1793103448275862,0.12096895138764673,0.03182520028788967,0.4010134353059033,0.535,145,0.8321342925659473,0.8192771084337349,0.8837209302325582,0.056666666666666664,0.0
27,0,No shift,Modular causal latent SCM,0.831,0.4376826379492904,0.16551724137931034,0.12063616568339804,0.030078382303154776,0.40076690285908595,0.526,145,0.8333333333333334,0.8192771084337349,0.8837209302325582,0.056666666666666664,0.0
27,0,No shift,Target oracle (reference),0.838,0.45643194420205474,0.15172413793103448,0.11922722739150385,0.029856540151065786,0.4036663543395429,0.505,145,0.8405275779376499,0.8253012048192772,0.8837209302325582,0.056666666666666664,0.0
27,1,Mild shift,Pooled associative latent class model,0.809,0.3813056757776076,0.30569948186528495,0.13370209951244783,0.03532379282686996,0.4277398807267987,0.52,193,0.8237704918032787,0.7686567164179104,0.7623762376237624,0.09633333333333334,0.0
27,1,Mild shift,Target-calibrated associative latent model,0.829,0.4323971350665173,0.18134715025906736,0.12539600603181456,0.028769238104046517,0.4094086098305201,0.524,193,0.8360655737704918,0.8097014925373134,0.8514851485148515,0.09633333333333334,0.0
27,1,Mild shift,Frozen causal latent SCM,0.827,0.42714828847139646,0.21243523316062177,0.12643971845818783,0.043351844632853374,0.40865395675987726,0.55,193,0.8346994535519126,0.8059701492537313,0.8316831683168316,0.09633333333333334,0.0
27,1,Mild shift,Modular causal latent SCM,0.826,0.42452896730687595,0.17616580310880828,0.12545960749251686,0.024117648637049027,0.40949931458658634,0.521,193,0.8306010928961749,0.8134328358208955,0.8514851485148515,0.09633333333333334,0.0
27,1,Mild shift,Target oracle (reference),0.833,0.4429984431142347,0.16580310880829016,0.12398934171003517,0.036313461182934055,0.4123339158509135,0.5,193,0.8346994535519126,0.8283582089552238,0.8613861386138614,0.09633333333333334,0.0
27,2,Moderate shift,Pooled associative latent class model,0.787,0.32881510961043164,0.40816326530612246,0.14563199114218076,0.05385178947303909,0.43266111489308706,0.564,245,0.8276450511945392,0.7294685990338164,0.6918604651162791,0.16,0.006
27,2,Moderate shift,Target-calibrated associative latent model,0.824,0.4193252681604752,0.22448979591836735,0.13114475911497286,0.03768760756577293,0.42561097016855926,0.533,245,0.8532423208191127,0.782608695652174,0.7558139534883721,0.16,0.006
27,2,Moderate shift,Frozen causal latent SCM,0.806,0.37393620981236236,0.32653061224489793,0.13559927287371468,0.06372251883979824,0.42042498704929043,0.587,245,0.841296928327645,0.7560386473429952,0.7151162790697675,0.16,0.006
27,2,Moderate shift,Modular causal latent SCM,0.815,0.3963003594835818,0.23673469387755103,0.13159850517613217,0.03399232313325675,0.4251449139388127,0.544,245,0.8430034129692833,0.7753623188405797,0.7441860465116279,0.16,0.006
27,2,Moderate shift,Target oracle (reference),0.818,0.40389942159596476,0.20408163265306123,0.13006901640512827,0.030892524507852077,0.42957655138933776,0.507,245,0.841296928327645,0.785024154589372,0.7674418604651163,0.16,0.006
27,3,Strong shift,Pooled associative latent class model,0.741,0.23158546363605897,0.47058823529411764,0.17645970206737957,0.0814032744268898,0.4486003617198164,0.6,306,0.7847769028871391,0.7140549273021002,0.6777408637873754,0.2663333333333333,0.023
27,3,Strong shift,Target-calibrated associative latent model,0.782,0.31744052753740015,0.3333333333333333,0.14656445068632803,0.06540549112160465,0.44403651382969395,0.601,306,0.8530183727034121,0.7382875605815832,0.7242524916943521,0.2663333333333333,0.023
27,3,Strong shift,Frozen causal latent SCM,0.768,0.2866221981878039,0.40522875816993464,0.1569232586889413,0.09115799260400374,0.43554539606429843,0.619,306,0.821522309711286,0.7350565428109854,0.6843853820598007,0.2663333333333333,0.023
27,3,Strong shift,Modular causal latent SCM,0.788,0.3311214591619382,0.3006535947712418,0.14352756439477873,0.056586566259773964,0.4477738845321921,0.575,306,0.84251968503937,0.7544426494345718,0.717607973421927,0.2663333333333333,0.023
27,3,Strong shift,Target oracle (reference),0.794,0.34509094791598277,0.22549019607843138,0.14016910169947,0.029903442887763903,0.4543508450493423,0.531,306,0.847769028871391,0.7609046849757674,0.7308970099667774,0.2663333333333333,0.023
28,0,No shift,Pooled associative latent class model,0.8,0.3593593264517736,0.3333333333333333,0.13832250249796582,0.026875873429011626,0.42198533289343654,0.528,150,0.8113207547169812,0.7368421052631579,0.8235294117647058,0.055,0.001
28,0,No shift,Target-calibrated associative latent model,0.806,0.373917926951558,0.14,0.13029125165764738,0.023104599538132597,0.38548453645122,0.51,150,0.8125,0.7697368421052632,0.8235294117647058,0.055,0.001
28,0,No shift,Frozen causal latent SCM,0.809,0.3813053029842726,0.22,0.12669567447517913,0.03488795439130502,0.39160514091750637,0.517,150,0.8172169811320755,0.7631578947368421,0.8431372549019608,0.055,0.001
28,0,No shift,Modular causal latent SCM,0.813,0.391267281379117,0.14,0.12639707085390486,0.024835385136173636,0.39135418336627675,0.497,150,0.8231132075471698,0.756578947368421,0.8235294117647058,0.055,0.001
28,0,No shift,Target oracle (reference),0.811,0.3862702589943813,0.21333333333333335,0.12643480449200387,0.0231196035962328,0.3849174212342404,0.521,150,0.8183962264150944,0.7697368421052632,0.8235294117647058,0.055,0.001
28,1,Mild shift,Pooled associative latent class model,0.793,0.34273862651706954,0.36082474226804123,0.14567736746585325,0.039188024051543854,0.4246820694995729,0.545,194,0.8181818181818182,0.7182539682539683,0.7216494845360825,0.095,0.002
28,1,Mild shift,Target-calibrated associative latent model,0.808,0.37883484977265913,0.14432989690721648,0.130869722911612,0.026534478021629778,0.39843768690327336,0.5,194,0.8181818181818182,0.7777777777777778,0.7422680412371134,0.095,0.002
28,1,Mild shift,Frozen causal latent SCM,0.804,0.36903298605575247,0.27319587628865977,0.13089482317045373,0.026009433464677927,0.398595913300979,0.532,194,0.8181818181818182,0.7619047619047619,0.7525773195876289,0.095,0.002
28,1,Mild shift,Modular causal latent SCM,0.805,0.37147147298296146,0.22164948453608246,0.12889393797782112,0.023304006355440526,0.40089354323675164,0.515,194,0.8168449197860963,0.7698412698412699,0.7525773195876289,0.095,0.002
28,1,Mild shift,Target oracle (reference),0.807,0.3763723556356729,0.23711340206185566,0.12897958363281561,0.02301644475031957,0.39451365543033284,0.523,194,0.8181818181818182,0.7738095238095238,0.7628865979381443,0.095,0.002
28,2,Moderate shift,Pooled associative latent class model,0.762,0.273849484813333,0.41245136186770426,0.16361096937288613,0.04962212742169866,0.43849491126044937,0.574,257,0.7967914438502673,0.7175398633257403,0.7120418848167539,0.17633333333333334,0.006
28,2,Moderate shift,Target-calibrated associative latent model,0.795,0.3474474615708149,0.17509727626459143,0.1398193292882096,0.031651694991158726,0.41623953642437145,0.505,257,0.8092691622103387,0.7767653758542141,0.7853403141361257,0.17633333333333334,0.006
28,2,Moderate shift,Frozen causal latent SCM,0.791,0.3380619490418908,0.28793774319066145,0.14535443354221256,0.03651405765695381,0.41649948050975377,0.545,257,0.8092691622103387,0.7676537585421412,0.7958115183246073,0.17633333333333334,0.006
28,2,Moderate shift,Modular causal latent SCM,0.792,0.3403963960157037,0.23346303501945526,0.13897444275187626,0.024117920333647437,0.4203227537885848,0.516,257,0.8110516934046346,0.7676537585421412,0.7958115183246073,0.17633333333333334,0.006
28,2,Moderate shift,Target oracle (reference),0.789,0.33341737952243383,0.2490272373540856,0.13858148587523594,0.03022525726616923,0.4137240780312801,0.529,257,0.8092691622103387,0.7630979498861048,0.7853403141361257,0.17633333333333334,0.006
28,3,Strong shift,Pooled associative latent class model,0.729,0.20897187795019478,0.4862068965517241,0.1725274762468114,0.07013126770489199,0.45069316779055724,0.621,290,0.7631578947368421,0.7080645161290322,0.6666666666666666,0.27566666666666667,0.02
28,3,Strong shift,Target-calibrated associative latent model,0.773,0.29741341888766976,0.2482758620689655,0.15024793574208095,0.021950445605016664,0.4438503141737516,0.513,290,0.8105263157894737,0.75,0.7184466019417476,0.27566666666666667,0.02
28,3,Strong shift,Frozen causal latent SCM,0.752,0.2532688042432572,0.3724137931034483,0.15912107183525995,0.06387817714022799,0.43699913376041516,0.582,290,0.781578947368421,0.7338709677419355,0.6957928802588996,0.27566666666666667,0.02
28,3,Strong shift,Modular causal latent SCM,0.775,0.3018018104656071,0.2206896551724138,0.14964902354319634,0.030772816563168267,0.4463289604553225,0.511,290,0.8184210526315789,0.7483870967741936,0.7216828478964401,0.27566666666666667,0.02
28,3,Strong shift,Target oracle (reference),0.772,0.29523115028599706,0.23103448275862068,0.14953535108441418,0.027491992726651468,0.43974097620353064,0.538,290,0.8105263157894737,0.7483870967741936,0.7249190938511327,0.27566666666666667,0.02
29,0,No shift,Pooled associative latent class model,0.817,0.4013562166577673,0.30434782608695654,0.12884826066469846,0.026989300877246776,0.41249992306345185,0.523,138,0.8127962085308057,0.8397435897435898,0.8723404255319149,0.05566666666666667,0.001
29,0,No shift,Target-calibrated associative latent model,0.82,0.4090100019280596,0.14492753623188406,0.1270590461798924,0.03638828845824616,0.39566837571505253,0.498,138,0.8199052132701422,0.8205128205128205,0.8297872340425532,0.05566666666666667,0.001
29,0,No shift,Frozen causal latent SCM,0.835,0.4483456695795131,0.2028985507246377,0.12187874696585771,0.030947124513306258,0.39759426593692865,0.531,138,0.8388625592417062,0.8141025641025641,0.8297872340425532,0.05566666666666667,0.001
29,0,No shift,Modular causal latent SCM,0.831,0.4376806101972442,0.1956521739130435,0.12197803582722562,0.029363464920828322,0.3971963155131235,0.523,138,0.8341232227488151,0.8141025641025641,0.8297872340425532,0.05566666666666667,0.001
29,0,No shift,Target oracle (reference),0.829,0.4323967103955865,0.2028985507246377,0.11992370536791805,0.02420424575739753,0.39801972411008646,0.513,138,0.8341232227488151,0.8012820512820513,0.8297872340425532,0.05566666666666667,0.001
29,1,Mild shift,Pooled associative latent class model,0.808,0.378828411862318,0.3351063829787234,0.13622308602687763,0.024743827308288186,0.4185046001719554,0.542,188,0.8075880758807588,0.8091603053435115,0.8888888888888888,0.09633333333333334,0.001
29,1,Mild shift,Target-calibrated associative latent model,0.798,0.3545615162909857,0.10638297872340426,0.14494935102973933,0.07860581614609471,0.39390504814037297,0.452,188,0.8048780487804879,0.7786259541984732,0.8222222222222222,0.09633333333333334,0.001
29,1,Mild shift,Frozen causal latent SCM,0.829,0.43238951546272386,0.2393617021276596,0.12516279621761942,0.0280907370300996,0.4057815791024952,0.545,188,0.8414634146341463,0.7938931297709924,0.8444444444444444,0.09633333333333334,0.001
29,1,Mild shift,Modular causal latent SCM,0.821,0.411576093991847,0.17553191489361702,0.12642224290950135,0.021386356208834327,0.40515763098884533,0.511,188,0.8265582655826558,0.8053435114503816,0.8444444444444444,0.09633333333333334,0.001
29,1,Mild shift,Target oracle (reference),0.826,0.42452874076303887,0.20212765957446807,0.12311370306920957,0.01977852760046127,0.4078632970083785,0.514,188,0.8360433604336044,0.7977099236641222,0.8555555555555555,0.09633333333333334,0.001
29,2,Moderate shift,Pooled associative latent class model,0.786,0.3264878148300723,0.3852813852813853,0.14657021679357446,0.03376324229667908,0.4314212070850648,0.572,231,0.8118279569892473,0.753393665158371,0.788235294117647,0.17133333333333334,0.004
29,2,Moderate shift,Target-calibrated associative latent model,0.777,0.3062100968001061,0.11255411255411256,0.15119338210739428,0.07805914648549424,0.41922711526467854,0.447,231,0.7921146953405018,0.7579185520361991,0.8058823529411765,0.17133333333333334,0.004
29,2,Moderate shift,Frozen causal latent SCM,0.813,0.3912436562894098,0.2857142857142857,0.1344622035605556,0.04141932357755745,0.4221647218588796,0.577,231,0.8405017921146953,0.7782805429864253,0.8058823529411765,0.17133333333333334,0.004
29,2,Moderate shift,Modular causal latent SCM,0.803,0.3666033336761722,0.18181818181818182,0.13567375127360273,0.030274775256207996,0.4259728931432832,0.509,231,0.8279569892473119,0.7714932126696833,0.8,0.17133333333333334,0.004
29,2,Moderate shift,Target oracle (reference),0.811,0.3862691008225877,0.19913419913419914,0.13140099926246426,0.01753364646852217,0.42923791096665764,0.523,231,0.8333333333333334,0.7828054298642534,0.8176470588235294,0.17133333333333334,0.004
29,3,Strong shift,Pooled associative latent class model,0.734,0.21819436863701933,0.43006993006993005,0.17368498007537692,0.05078753881826939,0.46013549668252635,0.596,286,0.7936507936507936,0.6977491961414791,0.6858108108108109,0.2786666666666667,0.022
29,3,Strong shift,Target-calibrated associative latent model,0.73,0.2105965045872368,0.5034965034965035,0.18340254809030274,0.12808027854457094,0.42156441219354285,0.7,286,0.7513227513227513,0.7170418006430869,0.7297297297297297,0.2786666666666667,0.022
29,3,Strong shift,Frozen causal latent SCM,0.763,0.27589866569288535,0.36713286713286714,0.15871438073594415,0.05144852580834894,0.4491409021342345,0.605,286,0.8095238095238095,0.7347266881028939,0.7331081081081081,0.2786666666666667,0.022
29,3,Strong shift,Modular causal latent SCM,0.773,0.2973748751707813,0.28321678321678323,0.15189639625606288,0.03407169562057512,0.4524932537957367,0.591,286,0.8253968253968254,0.7411575562700965,0.7432432432432432,0.2786666666666667,0.022
29,3,Strong shift,Target oracle (reference),0.781,0.31515639490805997,0.2202797202797203,0.14727349564286532,0.01996452807679675,0.4598680476755915,0.529,286,0.8227513227513228,0.7556270096463023,0.7635135135135135,0.2786666666666667,0.022
30,0,No shift,Pooled associative latent class model,0.823,0.41673247963929966,0.32432432432432434,0.13397661649038628,0.05757029175249539,0.42671584313683003,0.569,148,0.8365155131264916,0.7530864197530864,0.7966101694915254,0.057,0.0
30,0,No shift,Target-calibrated associative latent model,0.82,0.40900879036853627,0.17567567567567569,0.12653283384023345,0.048527185965851885,0.3972949292960041,0.564,148,0.8233890214797136,0.8024691358024691,0.8983050847457628,0.057,0.0
30,0,No shift,Frozen causal latent SCM,0.815,0.39629608032778707,0.18243243243243243,0.125336673610144,0.048409894195366246,0.3988987640878776,0.563,148,0.8210023866348448,0.7839506172839507,0.8813559322033898,0.057,0.0
30,0,No shift,Modular causal latent SCM,0.813,0.3912670916595883,0.16891891891891891,0.12527982495898157,0.04784501024229741,0.399242127342494,0.557,148,0.8186157517899761,0.7839506172839507,0.8813559322033898,0.057,0.0
30,0,No shift,Target oracle (reference),0.833,0.4429990119115861,0.12837837837837837,0.12173691790298884,0.02589034263274989,0.4027700815301586,0.503,148,0.8412887828162291,0.7901234567901234,0.847457627118644,0.057,0.0
30,1,Mild shift,Pooled associative latent class model,0.79,0.33573518711478484,0.4619289340101523,0.14677604738598962,0.05916496544438157,0.42973991230211434,0.594,197,0.8089260808926081,0.7420494699646644,0.7358490566037735,0.102,0.0
30,1,Mild shift,Target-calibrated associative latent model,0.808,0.3788344480046862,0.25380710659898476,0.1360897192844119,0.06389379233989563,0.40739663750319033,0.582,197,0.8158995815899581,0.7879858657243817,0.7641509433962265,0.102,0.0
30,1,Mild shift,Frozen causal latent SCM,0.812,0.38876438411847264,0.27918781725888325,0.13333511977710713,0.05523447419103866,0.40996807953204756,0.582,197,0.8228730822873083,0.784452296819788,0.7830188679245284,0.102,0.0
30,1,Mild shift,Modular causal latent SCM,0.812,0.3887645386348189,0.233502538071066,0.13182289827228683,0.057610670680688564,0.4112024989370514,0.564,197,0.8214783821478382,0.7879858657243817,0.7830188679245284,0.102,0.0
30,1,Mild shift,Target oracle (reference),0.825,0.421921935323125,0.16751269035532995,0.12813931252957522,0.029447965359051077,0.4148216257914997,0.503,197,0.8382147838214784,0.7915194346289752,0.7735849056603774,0.102,0.0
30,2,Moderate shift,Pooled associative latent class model,0.778,0.30844359655002335,0.4708333333333333,0.1555716095813201,0.07114123298113438,0.4367819822199426,0.614,240,0.799625468164794,0.7532188841201717,0.7319587628865979,0.181,0.004
30,2,Moderate shift,Target-calibrated associative latent model,0.798,0.3545700606012357,0.2875,0.1401001894247225,0.06313856101477758,0.4238785271471376,0.592,240,0.8127340823970037,0.7811158798283262,0.7731958762886598,0.181,0.004
30,2,Moderate shift,Frozen causal latent SCM,0.798,0.3545699652379982,0.3458333333333333,0.14141765408241663,0.07044550574553833,0.42160188549742283,0.6,240,0.8164794007490637,0.776824034334764,0.7577319587628866,0.181,0.004
30,2,Moderate shift,Modular causal latent SCM,0.808,0.3788346487692349,0.23333333333333334,0.13503017496708627,0.036563030526270565,0.4283813520008903,0.558,240,0.8314606741573034,0.7811158798283262,0.7835051546391752,0.181,0.004
30,2,Moderate shift,Target oracle (reference),0.817,0.4013573703139384,0.1875,0.13276956976015036,0.03129495181568961,0.4313709121210765,0.505,240,0.8445692883895131,0.7854077253218884,0.7731958762886598,0.181,0.004
30,3,Strong shift,Pooled associative latent class model,0.722,0.19633079284511268,0.5435540069686411,0.17901443031279257,0.08885339877214828,0.44245626333415644,0.642,287,0.7506925207756233,0.7057902973395931,0.662379421221865,0.2803333333333333,0.012
30,3,Strong shift,Target-calibrated associative latent model,0.796,0.34981358903456383,0.24738675958188153,0.14287647495163633,0.03169062613741692,0.45062607194481424,0.562,287,0.8337950138504155,0.7746478873239436,0.7427652733118971,0.2803333333333333,0.012
30,3,Strong shift,Frozen causal latent SCM,0.757,0.26345798755773836,0.43902439024390244,0.159993299907116,0.0945913766107806,0.4334673846548276,0.645,287,0.778393351800554,0.7449139280125195,0.7041800643086816,0.2803333333333333,0.012
30,3,Strong shift,Modular causal latent SCM,0.792,0.34039610135943715,0.2578397212543554,0.1437437858726745,0.047814639109549625,0.44956435388846044,0.57,287,0.8310249307479224,0.7699530516431925,0.7395498392282959,0.2803333333333333,0.012
30,3,Strong shift,Target oracle (reference),0.806,0.3739179134613221,0.1951219512195122,0.14027973089673385,0.030716125137105157,0.45440929129439944,0.518,287,0.8421052631578947,0.7856025039123631,0.7717041800643086,0.2803333333333333,0.012
31,0,No shift,Pooled associative latent class model,0.782,0.31741710674400486,0.2847682119205298,0.1463900999877482,0.04805510046165747,0.4362474000339444,0.45,151,0.7842669845053635,0.7701863354037267,0.8163265306122449,0.05533333333333333,0.0
31,0,No shift,Target-calibrated associative latent model,0.81,0.38378343702338796,0.1390728476821192,0.130626716231898,0.029170244071652775,0.414971846569205,0.496,151,0.8188319427890346,0.7639751552795031,0.7755102040816326,0.05533333333333333,0.0
31,0,No shift,Frozen causal latent SCM,0.806,0.3739187219108658,0.16556291390728478,0.13099588525884803,0.034093049679045896,0.416054786892351,0.472,151,0.8116805721096544,0.7763975155279503,0.7755102040816326,0.05533333333333333,0.0
31,0,No shift,Modular causal latent SCM,0.81,0.38378389344297303,0.152317880794702,0.1298848567270219,0.02079961008961144,0.41703469907617063,0.482,151,0.8164481525625745,0.7763975155279503,0.7755102040816326,0.05533333333333333,0.0
31,0,No shift,Target oracle (reference),0.81,0.3837835615015237,0.17880794701986755,0.1307443472696469,0.019887127037041732,0.40398975894485656,0.49,151,0.8200238379022646,0.7577639751552795,0.7755102040816326,0.05533333333333333,0.0
31,1,Mild shift,Pooled associative latent class model,0.768,0.28658331344078847,0.3128205128205128,0.1544464970504587,0.049382981225962554,0.44289705053390327,0.474,195,0.7792732166890982,0.7354085603112841,0.6989247311827957,0.09366666666666666,0.0
31,1,Mild shift,Target-calibrated associative latent model,0.804,0.36903295109591117,0.1282051282051282,0.1335824414014275,0.032644910851290315,0.42313088078432715,0.486,195,0.8236877523553163,0.7470817120622568,0.6989247311827957,0.09366666666666666,0.0
31,1,Mild shift,Frozen causal latent SCM,0.802,0.36418018935432456,0.17435897435897435,0.13516946164523683,0.02728905671114078,0.42388354235603426,0.484,195,0.8169582772543742,0.7587548638132295,0.7096774193548387,0.09366666666666666,0.0
31,1,Mild shift,Modular causal latent SCM,0.807,0.37637225089630727,0.1282051282051282,0.1327236525808363,0.03217120973672089,0.4245450705817585,0.487,195,0.8209959623149394,0.7665369649805448,0.7204301075268817,0.09366666666666666,0.0
31,1,Mild shift,Target oracle (reference),0.804,0.36903270831912893,0.15384615384615385,0.134001587626946,0.023230824185065082,0.41213727757917357,0.494,195,0.8263795423956931,0.7392996108949417,0.6989247311827957,0.09366666666666666,0.0
31,2,Moderate shift,Pooled associative latent class model,0.754,0.2573211320053747,0.344,0.16173967948354426,0.03711625553855805,0.45793868525677217,0.488,250,0.7683333333333333,0.7325,0.6904761904761905,0.16,0.007
31,2,Moderate shift,Target-calibrated associative latent model,0.786,0.32651137538241076,0.132,0.14158950992986666,0.04798068980480107,0.43985153352012085,0.472,250,0.8116666666666666,0.7475,0.7261904761904762,0.16,0.007
31,2,Moderate shift,Frozen causal latent SCM,0.789,0.3334175953506586,0.276,0.14272829483179486,0.0241252319726014,0.4415248792552437,0.519,250,0.8066666666666666,0.7625,0.7321428571428571,0.16,0.007
31,2,Moderate shift,Modular causal latent SCM,0.796,0.349813479209142,0.18,0.13899016502766573,0.03328461501017117,0.443535815989265,0.494,250,0.8133333333333334,0.77,0.7261904761904762,0.16,0.007
31,2,Moderate shift,Target oracle (reference),0.803,0.3666022355115205,0.18,0.139070296146959,0.028082046258833315,0.4317262835747158,0.497,250,0.8216666666666667,0.775,0.7440476190476191,0.16,0.007
31,3,Strong shift,Pooled associative latent class model,0.747,0.24327891350584602,0.36610169491525424,0.1693458652723877,0.024403134004257337,0.47854965496213964,0.507,295,0.7955665024630542,0.7138047138047138,0.6564625850340136,0.263,0.018
31,3,Strong shift,Target-calibrated associative latent model,0.764,0.27806232248020185,0.25084745762711863,0.15431869020709763,0.019511429255956416,0.46670290514278,0.48,295,0.7931034482758621,0.7441077441077442,0.7074829931972789,0.263,0.018
31,3,Strong shift,Frozen causal latent SCM,0.763,0.2759541650052606,0.34576271186440677,0.15720181814790515,0.0406411864756798,0.46282645717708165,0.539,295,0.7906403940886699,0.7441077441077442,0.7040816326530612,0.263,0.018
31,3,Strong shift,Modular causal latent SCM,0.759,0.267594717887559,0.21694915254237288,0.15311123050943198,0.04871644470432313,0.4681337926785591,0.455,295,0.7980295566502463,0.7323232323232324,0.6972789115646258,0.263,0.018
31,3,Strong shift,Target oracle (reference),0.776,0.30400759627103063,0.2305084745762712,0.15218539529158334,0.027637382222272827,0.45729916473784193,0.498,295,0.812807881773399,0.7508417508417509,0.7244897959183674,0.263,0.018
32,0,No shift,Pooled associative latent class model,0.809,0.38130469772976905,0.3448275862068966,0.13631101633367462,0.02384132588445423,0.41601986383843237,0.499,145,0.8073286052009456,0.8181818181818182,0.8297872340425532,0.05433333333333333,0.0
32,0,No shift,Target-calibrated associative latent model,0.813,0.3912675337527513,0.16551724137931034,0.12761138347122028,0.026903539244722594,0.38979238522183796,0.481,145,0.8108747044917257,0.8246753246753247,0.851063829787234,0.05433333333333333,0.0
32,0,No shift,Frozen causal latent SCM,0.815,0.3962957224898685,0.19310344827586207,0.12718541061395428,0.01985017966379985,0.3903173634807049,0.497,145,0.8144208037825059,0.8181818181818182,0.851063829787234,0.05433333333333333,0.0
32,0,No shift,Modular causal latent SCM,0.815,0.3962971891464526,0.15862068965517243,0.12910825228962056,0.0312828635476638,0.38891870948401264,0.475,145,0.8120567375886525,0.8311688311688312,0.851063829787234,0.05433333333333333,0.0
32,0,No shift,Target oracle (reference),0.815,0.3962961034403157,0.2,0.1272246201941671,0.026813885393177375,0.3925613042370014,0.487,145,0.8132387706855791,0.8246753246753247,0.851063829787234,0.05433333333333333,0.0
32,1,Mild shift,Pooled associative latent class model,0.791,0.3380657978186307,0.43523316062176165,0.14665928702360828,0.03434021442778542,0.4233581594556172,0.541,193,0.7840755735492577,0.8108108108108109,0.8541666666666666,0.097,0.0
32,1,Mild shift,Target-calibrated associative latent model,0.813,0.3912667270932729,0.19170984455958548,0.1300319802222715,0.019144668311796904,0.4030267021512494,0.495,193,0.8137651821862348,0.8108108108108109,0.8645833333333334,0.097,0.0
32,1,Mild shift,Frozen causal latent SCM,0.811,0.3862707325813639,0.2538860103626943,0.1317408423277642,0.021743417878090927,0.4032460696631486,0.521,193,0.8137651821862348,0.803088803088803,0.875,0.097,0.0
32,1,Mild shift,Modular causal latent SCM,0.813,0.3912684172344889,0.13471502590673576,0.13192460314946158,0.030875940039433142,0.40159744553682786,0.473,193,0.815114709851552,0.806949806949807,0.8645833333333334,0.097,0.0
32,1,Mild shift,Target oracle (reference),0.812,0.38876424888720745,0.20725388601036268,0.13014961961189622,0.021803144679930487,0.40586185128657964,0.494,193,0.8137651821862348,0.806949806949807,0.8645833333333334,0.097,0.0
32,2,Moderate shift,Pooled associative latent class model,0.778,0.3084549339225389,0.44398340248962653,0.1568697784475258,0.04565209217835869,0.4358139138774832,0.564,241,0.784965034965035,0.7686915887850467,0.8011049723756906,0.16833333333333333,0.002
32,2,Moderate shift,Target-calibrated associative latent model,0.804,0.3690327692561189,0.18672199170124482,0.13642255738647402,0.020201605576440223,0.41878450946101076,0.488,241,0.8181818181818182,0.7850467289719626,0.8066298342541437,0.16833333333333333,0.002
32,2,Moderate shift,Frozen causal latent SCM,0.801,0.36177118004855163,0.3112033195020747,0.14124010331027764,0.039650346801574095,0.417266824094163,0.549,241,0.8146853146853147,0.7827102803738317,0.8232044198895028,0.16833333333333333,0.002
32,2,Moderate shift,Modular causal latent SCM,0.8,0.359359546328612,0.17427385892116182,0.13732905778780133,0.029352508982825577,0.419811301732994,0.482,241,0.8129370629370629,0.7827102803738317,0.8066298342541437,0.16833333333333333,0.002
32,2,Moderate shift,Target oracle (reference),0.801,0.36176519941288693,0.21161825726141079,0.1357840975082304,0.017112993089326855,0.42298992035117033,0.495,241,0.8164335664335665,0.780373831775701,0.8066298342541437,0.16833333333333333,0.002
32,3,Strong shift,Pooled associative latent class model,0.724,0.19992433199901258,0.45901639344262296,0.17882274646338225,0.07796934837634825,0.4590261544322832,0.582,305,0.7552631578947369,0.7048387096774194,0.6816608996539792,0.2693333333333333,0.019
32,3,Strong shift,Target-calibrated associative latent model,0.772,0.2952359174811538,0.25573770491803277,0.15368065642173395,0.043267346844620566,0.4452835462992049,0.544,305,0.7973684210526316,0.7564516129032258,0.7820069204152249,0.2693333333333333,0.019
32,3,Strong shift,Frozen causal latent SCM,0.762,0.27386655717701824,0.35081967213114756,0.16016582556067663,0.0631162424523752,0.44411407644805045,0.578,305,0.7842105263157895,0.7483870967741936,0.7474048442906575,0.2693333333333333,0.019
32,3,Strong shift,Modular causal latent SCM,0.784,0.32194768414966,0.2360655737704918,0.15051997889397678,0.030461003791324274,0.44918687786251765,0.53,305,0.8078947368421052,0.7693548387096775,0.7716262975778547,0.2693333333333333,0.019
32,3,Strong shift,Target oracle (reference),0.789,0.33341678384606743,0.18360655737704917,0.14763303429601268,0.024218313475452308,0.4521604834723991,0.497,305,0.8078947368421052,0.7774193548387097,0.7923875432525952,0.2693333333333333,0.019
33,0,No shift,Pooled associative latent class model,0.819,0.4064506976141239,0.3374233128834356,0.12853492870597533,0.037093998383970546,0.4291353109027671,0.496,163,0.8265550239234449,0.7804878048780488,0.8448275862068966,0.057,0.0
33,0,No shift,Target-calibrated associative latent model,0.788,0.33109797593606655,0.4662576687116564,0.14200076907307402,0.09445588810812469,0.39028108481481477,0.589,163,0.7918660287081339,0.7682926829268293,0.8620689655172413,0.057,0.0
33,0,No shift,Frozen causal latent SCM,0.825,0.4219218457964037,0.2147239263803681,0.12125369302076001,0.045429314811789426,0.4016847412577515,0.518,163,0.8361244019138756,0.7682926829268293,0.8275862068965517,0.057,0.0
33,0,No shift,Modular causal latent SCM,0.81,0.3837812056849998,0.3496932515337423,0.1280783686753332,0.06319126288496896,0.3981289459145023,0.551,163,0.8169856459330144,0.774390243902439,0.8448275862068966,0.057,0.0
33,0,No shift,Target oracle (reference),0.834,0.44566974957312916,0.17177914110429449,0.11900253025312843,0.029773031715275962,0.39030167165156837,0.487,163,0.8444976076555024,0.7804878048780488,0.8103448275862069,0.057,0.0
33,1,Mild shift,Pooled associative latent class model,0.807,0.37637243230054707,0.35348837209302325,0.13706286394668438,0.041552140203102675,0.4368401548313724,0.514,215,0.8264462809917356,0.7554744525547445,0.7924528301886793,0.10133333333333333,0.0
33,1,Mild shift,Target-calibrated associative latent model,0.804,0.369029405110013,0.29767441860465116,0.13358883936809335,0.0735594701470483,0.40960302865718157,0.559,215,0.8112947658402204,0.7846715328467153,0.8490566037735849,0.10133333333333333,0.0
33,1,Mild shift,Frozen causal latent SCM,0.818,0.40389939177899437,0.25116279069767444,0.12626595559258053,0.0603538891939964,0.4117295588978236,0.527,215,0.8360881542699724,0.7700729927007299,0.8207547169811321,0.10133333333333333,0.0
33,1,Mild shift,Modular causal latent SCM,0.821,0.4115755692927655,0.2186046511627907,0.12443727745893195,0.0534956447582419,0.41248359445985056,0.516,215,0.8402203856749312,0.7700729927007299,0.8207547169811321,0.10133333333333333,0.0
33,1,Mild shift,Target oracle (reference),0.833,0.4429991040677922,0.17674418604651163,0.12143793885593544,0.031671098438996306,0.401093931522499,0.488,215,0.849862258953168,0.7883211678832117,0.839622641509434,0.10133333333333333,0.0
33,2,Moderate shift,Pooled associative latent class model,0.774,0.29960014483888675,0.44150943396226416,0.15192399703366705,0.06981799670643489,0.4460974279313315,0.555,265,0.8,0.7373493975903614,0.7258064516129032,0.16566666666666666,0.002
33,2,Moderate shift,Target-calibrated associative latent model,0.789,0.33341121816398817,0.3283018867924528,0.1412338998951913,0.0827783301920006,0.4255523257830913,0.574,265,0.8,0.7734939759036145,0.7795698924731183,0.16566666666666666,0.002
33,2,Moderate shift,Frozen causal latent SCM,0.792,0.3403914206103561,0.33962264150943394,0.1395838657715541,0.07889690533462261,0.42575222183828665,0.567,265,0.8085470085470086,0.7686746987951807,0.7688172043010753,0.16566666666666666,0.002
33,2,Moderate shift,Modular causal latent SCM,0.805,0.37146977805404335,0.25660377358490566,0.13392055951109763,0.05919488268891497,0.42981952012107744,0.542,265,0.8256410256410256,0.7759036144578313,0.7741935483870968,0.16566666666666666,0.002
33,2,Moderate shift,Target oracle (reference),0.826,0.4245286606353959,0.16981132075471697,0.1282878281729632,0.02968222983641789,0.42053726646485445,0.489,265,0.841025641025641,0.8048192771084337,0.8064516129032258,0.16566666666666666,0.002
33,3,Strong shift,Pooled associative latent class model,0.735,0.22011158480479864,0.47368421052631576,0.17429620642806753,0.08345255778867275,0.452163566721516,0.58,304,0.770573566084788,0.7111853088480802,0.686084142394822,0.268,0.018
33,3,Strong shift,Target-calibrated associative latent model,0.775,0.3018001244447434,0.18421052631578946,0.14750486390032413,0.027536023082259786,0.44846874921891977,0.46,304,0.8204488778054863,0.7445742904841403,0.7378640776699029,0.268,0.018
33,3,Strong shift,Frozen causal latent SCM,0.753,0.25527728841700265,0.4342105263157895,0.16418507590500406,0.10210741860052094,0.4369696721176111,0.604,304,0.7930174563591023,0.7262103505843072,0.6957928802588996,0.268,0.018
33,3,Strong shift,Modular causal latent SCM,0.781,0.31515938583980285,0.21710526315789475,0.14337309604657797,0.022873703301824817,0.45236213963401645,0.492,304,0.830423940149626,0.7479131886477463,0.7346278317152104,0.268,0.018
33,3,Strong shift,Target oracle (reference),0.786,0.32651079935205846,0.23026315789473684,0.1427705301709193,0.02163511764524384,0.44130997777302017,0.503,304,0.8329177057356608,0.7545909849749582,0.7378640776699029,0.268,0.018
34,0,No shift,Pooled associative latent class model,0.835,0.44834275660578077,0.3125,0.12465109609807666,0.0281836031100445,0.41601015534716485,0.544,128,0.8422897196261683,0.7916666666666666,0.851063829787234,0.050333333333333334,0.0
34,0,No shift,Target-calibrated associative latent model,0.838,0.4564226317096225,0.21875,0.12235137887987159,0.03851165414043023,0.39570905713949023,0.557,128,0.8516355140186916,0.7569444444444444,0.723404255319149,0.050333333333333334,0.0
34,0,No shift,Frozen causal latent SCM,0.836,0.4510291767851262,0.1953125,0.12109411865639,0.038700493272011714,0.3962623851655247,0.545,128,0.8504672897196262,0.75,0.723404255319149,0.050333333333333334,0.0
34,0,No shift,Modular causal latent SCM,0.834,0.4456631409433043,0.1875,0.12262436580810618,0.0367174149371969,0.39644145724807844,0.547,128,0.8481308411214953,0.75,0.723404255319149,0.050333333333333334,0.0
34,0,No shift,Target oracle (reference),0.831,0.43767948423898223,0.1640625,0.12104712540535341,0.023910413820967025,0.39768061775884134,0.53,128,0.844626168224299,0.75,0.723404255319149,0.050333333333333334,0.0
34,1,Mild shift,Pooled associative latent class model,0.816,0.3988022965803177,0.4034090909090909,0.13439682299370864,0.038661671664328205,0.41808282993428975,0.577,176,0.8304862023653088,0.7698744769874477,0.7912087912087912,0.088,0.0
34,1,Mild shift,Target-calibrated associative latent model,0.824,0.41930944611306986,0.23863636363636365,0.12685545818382815,0.041618611889705136,0.40683983191746326,0.565,176,0.8488830486202366,0.7447698744769874,0.7142857142857143,0.088,0.0
34,1,Mild shift,Frozen causal latent SCM,0.824,0.4193055917966058,0.26704545454545453,0.1263177324367375,0.040037654653587676,0.4041054573219845,0.573,176,0.8475689881734559,0.7489539748953975,0.7252747252747253,0.088,0.0
34,1,Mild shift,Modular causal latent SCM,0.822,0.4141403760489832,0.21022727272727273,0.12701410459509468,0.035027910911732345,0.4074788528771927,0.555,176,0.8475689881734559,0.7405857740585774,0.7142857142857143,0.088,0.0
34,1,Mild shift,Target oracle (reference),0.82,0.40900690914989046,0.18181818181818182,0.1256456808988759,0.022959750348719204,0.4087156272494777,0.529,176,0.8436268068331143,0.7447698744769874,0.6923076923076923,0.088,0.0
34,2,Moderate shift,Pooled associative latent class model,0.795,0.3474076092721223,0.45089285714285715,0.14739802242349156,0.05058284108363481,0.4286272532566938,0.602,224,0.8271186440677966,0.748780487804878,0.7678571428571429,0.16233333333333333,0.003
34,2,Moderate shift,Target-calibrated associative latent model,0.806,0.3738863023447074,0.3169642857142857,0.13559214979719708,0.046326781545805516,0.4208503693200048,0.593,224,0.8355932203389831,0.7634146341463415,0.7619047619047619,0.16233333333333333,0.003
34,2,Moderate shift,Frozen causal latent SCM,0.812,0.3887296651428112,0.33482142857142855,0.13698660832561724,0.0535369546539987,0.41864592275202883,0.599,224,0.8457627118644068,0.7634146341463415,0.7678571428571429,0.16233333333333333,0.003
34,2,Moderate shift,Modular causal latent SCM,0.814,0.3937699381010852,0.21875,0.13293340257157724,0.03258271456397729,0.4264513740070562,0.549,224,0.8491525423728814,0.7634146341463415,0.7619047619047619,0.16233333333333333,0.003
34,2,Moderate shift,Target oracle (reference),0.81,0.38378159429653214,0.20089285714285715,0.13275367480746444,0.026914428941959397,0.42740174921819973,0.529,224,0.8406779661016949,0.7658536585365854,0.75,0.16233333333333333,0.003
34,3,Strong shift,Pooled associative latent class model,0.721,0.19445653714622438,0.5384615384615384,0.18275574652424667,0.08357431090615315,0.4478362012775314,0.646,299,0.7582697201017812,0.6968698517298187,0.6643109540636042,0.26766666666666666,0.017
34,3,Strong shift,Target-calibrated associative latent model,0.782,0.31741295789987184,0.19732441471571907,0.1446820815356108,0.032825798725984984,0.45472630623485893,0.519,299,0.8447837150127226,0.7413509060955519,0.7137809187279152,0.26766666666666666,0.017
34,3,Strong shift,Frozen causal latent SCM,0.756,0.2613157019834511,0.43478260869565216,0.1632073079327943,0.08320143042961615,0.43462065043562664,0.643,299,0.8015267175572519,0.7265238879736409,0.7031802120141343,0.26766666666666666,0.017
34,3,Strong shift,Modular causal latent SCM,0.787,0.3287940466889019,0.2408026755852843,0.143735462296854,0.023195080287714723,0.4533140119850948,0.554,299,0.8498727735368957,0.7462932454695222,0.7243816254416962,0.26766666666666666,0.017
34,3,Strong shift,Target oracle (reference),0.785,0.32421807312515344,0.24414715719063546,0.14372296819365352,0.031136103342506518,0.45274117004850106,0.542,299,0.8447837150127226,0.7462932454695222,0.7137809187279152,0.26766666666666666,0.017
35,0,No shift,Pooled associative latent class model,0.806,0.3739179840742695,0.27702702702702703,0.1321776093472708,0.03751713538759115,0.4214708472092123,0.483,148,0.8064516129032258,0.803680981595092,0.7924528301886793,0.05566666666666667,0.0
35,0,No shift,Target-calibrated associative latent model,0.817,0.40136009198970424,0.12837837837837837,0.1280811356832118,0.0497401630549877,0.391014760542621,0.456,148,0.8231780167264038,0.7852760736196319,0.7924528301886793,0.05566666666666667,0.0
35,0,No shift,Frozen causal latent SCM,0.817,0.4013571140614543,0.20945945945945946,0.12313941292705882,0.03261380742992635,0.39428990048537343,0.49,148,0.8195937873357229,0.803680981595092,0.8113207547169812,0.05566666666666667,0.0
35,0,No shift,Modular causal latent SCM,0.816,0.3988230036239126,0.20270270270270271,0.12417370020300278,0.03094902714282988,0.3936590901155188,0.481,148,0.8183990442054958,0.803680981595092,0.8113207547169812,0.05566666666666667,0.0
35,0,No shift,Target oracle (reference),0.825,0.421921630598519,0.20945945945945946,0.12219724873745441,0.030289455645258725,0.3946172072365441,0.508,148,0.8279569892473119,0.8098159509202454,0.8301886792452831,0.05566666666666667,0.0
35,1,Mild shift,Pooled associative latent class model,0.791,0.33806167826026073,0.3403141361256545,0.13873147400213592,0.03830819565073368,0.427429778605168,0.506,191,0.803030303030303,0.7591240875912408,0.6601941747572816,0.098,0.0
35,1,Mild shift,Target-calibrated associative latent model,0.805,0.37147257838398584,0.19895287958115182,0.12847836623605116,0.03802686253891699,0.40177392944581114,0.47,191,0.8085399449035813,0.7956204379562044,0.7475728155339806,0.098,0.0
35,1,Mild shift,Frozen causal latent SCM,0.82,0.4090086102998507,0.225130890052356,0.12669054564151647,0.030947824646674685,0.4039931872365259,0.499,191,0.8250688705234159,0.8065693430656934,0.7572815533980582,0.098,0.0
35,1,Mild shift,Modular causal latent SCM,0.816,0.39882254754888274,0.2198952879581152,0.12690246284970794,0.03346175450323617,0.40338236016352413,0.491,191,0.8236914600550964,0.7956204379562044,0.7475728155339806,0.098,0.0
35,1,Mild shift,Target oracle (reference),0.824,0.4193231203682296,0.2198952879581152,0.1256853533169329,0.0344025906418608,0.4037518862885662,0.511,191,0.8278236914600551,0.8138686131386861,0.7864077669902912,0.098,0.0
35,2,Moderate shift,Pooled associative latent class model,0.773,0.29741403398627797,0.37872340425531914,0.15065838062442805,0.029504049058876436,0.43688455893096123,0.524,235,0.7841105354058722,0.7577197149643705,0.7189189189189189,0.16533333333333333,0.005
35,2,Moderate shift,Target-calibrated associative latent model,0.807,0.3763723825103727,0.23829787234042554,0.13597416681035132,0.03230827192191585,0.42405044653567187,0.516,235,0.8238341968911918,0.7838479809976246,0.7567567567567568,0.16533333333333333,0.005
35,2,Moderate shift,Frozen causal latent SCM,0.806,0.37391810620903576,0.2765957446808511,0.13726524493433154,0.024911647975588286,0.42101084900998464,0.519,235,0.8255613126079447,0.7790973871733967,0.7567567567567568,0.16533333333333333,0.005
35,2,Moderate shift,Modular causal latent SCM,0.81,0.3837844098779544,0.2723404255319149,0.1362304675771455,0.03395729237372475,0.4227155756801474,0.525,235,0.8290155440414507,0.7838479809976246,0.7567567567567568,0.16533333333333333,0.005
35,2,Moderate shift,Target oracle (reference),0.805,0.37147148168914323,0.23404255319148937,0.13551871372301266,0.02654051284529544,0.423707112396625,0.516,235,0.8238341968911918,0.7790973871733967,0.7567567567567568,0.16533333333333333,0.005
35,3,Strong shift,Pooled associative latent class model,0.734,0.2182506616271813,0.4166666666666667,0.1708879252721206,0.054902891165569886,0.45818840109890685,0.565,300,0.8046272493573264,0.6890343698854338,0.6752411575562701,0.26566666666666666,0.01
35,3,Strong shift,Target-calibrated associative latent model,0.768,0.2865929720087904,0.10333333333333333,0.1550301831242242,0.06862859482273993,0.4445644207712896,0.425,300,0.8097686375321337,0.7414075286415712,0.7170418006430869,0.26566666666666666,0.01
35,3,Strong shift,Frozen causal latent SCM,0.781,0.3151622875495918,0.27,0.15262026745498353,0.04311898909066647,0.44473456181838783,0.544,300,0.8406169665809768,0.7430441898527005,0.7395498392282959,0.26566666666666666,0.01
35,3,Strong shift,Modular causal latent SCM,0.764,0.27807257557175463,0.1,0.15545513512145692,0.06886791932144475,0.44347295582441654,0.425,300,0.8046272493573264,0.7381342062193126,0.7202572347266881,0.26566666666666666,0.01
35,3,Strong shift,Target oracle (reference),0.79,0.33573593550995773,0.18333333333333332,0.14478873995877797,0.024796094030377983,0.4494976607542393,0.519,300,0.8406169665809768,0.7577741407528642,0.7556270096463023,0.26566666666666666,0.01
36,0,No shift,Pooled associative latent class model,0.807,0.376372360914632,0.26627218934911245,0.13415361616394472,0.04282105013966042,0.4057617216159846,0.484,169,0.8124267291910903,0.7755102040816326,0.8235294117647058,0.050333333333333334,0.0
36,0,No shift,Target-calibrated associative latent model,0.825,0.42192134485403454,0.11834319526627218,0.12272601403917839,0.0553245208386207,0.38450320967529117,0.476,169,0.8288393903868698,0.8027210884353742,0.8823529411764706,0.050333333333333334,0.0
36,0,No shift,Frozen causal latent SCM,0.817,0.40135778630626784,0.20710059171597633,0.12125920251835565,0.030291931886524116,0.38881848792982443,0.504,169,0.8253223915592028,0.7687074829931972,0.8823529411764706,0.050333333333333334,0.0
36,0,No shift,Modular causal latent SCM,0.821,0.4115759107151868,0.17751479289940827,0.1215447353223404,0.04154429250078529,0.38725045729334295,0.492,169,0.8300117233294255,0.7687074829931972,0.8823529411764706,0.050333333333333334,0.0
36,0,No shift,Target oracle (reference),0.826,0.4245280368845251,0.23076923076923078,0.11806389431768917,0.026867319698236566,0.3795319461148126,0.523,169,0.8335287221570926,0.782312925170068,0.8627450980392157,0.050333333333333334,0.0
36,1,Mild shift,Pooled associative latent class model,0.787,0.32880524463465555,0.2985781990521327,0.14088155440528535,0.039415390155517156,0.40974026950896597,0.494,211,0.8071334214002642,0.7242798353909465,0.6770833333333334,0.089,0.001
36,1,Mild shift,Target-calibrated associative latent model,0.816,0.39882326647394095,0.1895734597156398,0.12427165572386083,0.044060964560494305,0.39910608488196003,0.497,211,0.8322324966974901,0.7654320987654321,0.78125,0.089,0.001
36,1,Mild shift,Frozen causal latent SCM,0.807,0.376372360914632,0.24170616113744076,0.12511743924617744,0.03143758505318668,0.4006221738763022,0.516,211,0.8243064729194187,0.7530864197530864,0.7604166666666666,0.089,0.001
36,1,Mild shift,Modular causal latent SCM,0.812,0.3887650810779059,0.1895734597156398,0.12467621954186213,0.04410481204914776,0.39941480001752405,0.491,211,0.8295904887714664,0.757201646090535,0.7708333333333334,0.089,0.001
36,1,Mild shift,Target oracle (reference),0.819,0.4064503159538921,0.22274881516587677,0.12105892139618403,0.03451249379306344,0.39129146570551204,0.518,211,0.8361955085865258,0.7654320987654321,0.7604166666666666,0.089,0.001
36,2,Moderate shift,Pooled associative latent class model,0.782,0.3174138335358865,0.3117408906882591,0.14907461925278498,0.026838395964895675,0.4235507224735486,0.507,247,0.8040201005025126,0.749379652605459,0.7134831460674157,0.161,0.005
36,2,Moderate shift,Target-calibrated associative latent model,0.803,0.3666017763576611,0.12955465587044535,0.13632598402570267,0.04639017817802671,0.41751317591848364,0.474,247,0.8174204355108877,0.7816377171215881,0.7921348314606742,0.161,0.005
36,2,Moderate shift,Frozen causal latent SCM,0.802,0.364178281891109,0.2591093117408907,0.13457240810004822,0.019984902405479385,0.41991759449038135,0.535,247,0.8241206030150754,0.7692307692307693,0.7921348314606742,0.161,0.005
36,2,Moderate shift,Modular causal latent SCM,0.8,0.3593584196944486,0.15789473684210525,0.13540434955429642,0.04990251940629089,0.41874033275693295,0.473,247,0.8174204355108877,0.7741935483870968,0.7808988764044944,0.161,0.005
36,2,Moderate shift,Target oracle (reference),0.806,0.37391719898989084,0.22267206477732793,0.12924589354395177,0.029837333550974378,0.4123256077472008,0.525,247,0.830820770519263,0.7692307692307693,0.7696629213483146,0.161,0.005
36,3,Strong shift,Pooled associative latent class model,0.762,0.27385035015045,0.31343283582089554,0.15720435544480654,0.03051005252984241,0.44990017415494027,0.505,268,0.8083538083538083,0.730185497470489,0.6666666666666666,0.262,0.018
36,3,Strong shift,Target-calibrated associative latent model,0.79,0.3357360794913046,0.19029850746268656,0.14410543330535375,0.02644063790222221,0.44936005903136456,0.509,268,0.8206388206388207,0.7689713322091062,0.7666666666666667,0.262,0.018
36,3,Strong shift,Frozen causal latent SCM,0.794,0.34508477540963123,0.2462686567164179,0.14472023404295828,0.03319267562998713,0.44384894567449173,0.549,268,0.8329238329238329,0.7672849915682968,0.7433333333333333,0.262,0.018
36,3,Strong shift,Modular causal latent SCM,0.794,0.34508925152779113,0.19029850746268656,0.14324651119832554,0.029372734751983327,0.44898005848702643,0.513,268,0.8304668304668305,0.7689713322091062,0.7566666666666667,0.262,0.018
36,3,Strong shift,Target oracle (reference),0.788,0.33110511007582755,0.19402985074626866,0.1424643026031182,0.02286118586652239,0.44191941084128644,0.535,268,0.8255528255528255,0.7622259696458684,0.75,0.262,0.018
37,0,No shift,Pooled associative latent class model,0.797,0.3521861084350531,0.36904761904761907,0.13394894336849242,0.04815292005425461,0.40993212515448607,0.528,168,0.8019441069258809,0.7740112994350282,0.8225806451612904,0.06233333333333333,0.0
37,0,No shift,Target-calibrated associative latent model,0.807,0.37637149504417233,0.26785714285714285,0.12523542214723052,0.05417548128344384,0.37937447475654296,0.522,168,0.81044957472661,0.7909604519774012,0.8709677419354839,0.06233333333333333,0.0
37,0,No shift,Frozen causal latent SCM,0.818,0.403900792255936,0.21428571428571427,0.1215653080192944,0.04101628271978628,0.38384966097696066,0.499,168,0.8238153098420413,0.7909604519774012,0.8548387096774194,0.06233333333333333,0.0
37,0,No shift,Modular causal latent SCM,0.817,0.4013582427224359,0.22023809523809523,0.12176228396082771,0.03978991847666599,0.3836791046077012,0.502,168,0.8213851761846902,0.7966101694915254,0.8548387096774194,0.06233333333333333,0.0
37,0,No shift,Target oracle (reference),0.824,0.41932234932190726,0.17857142857142858,0.11716760166265036,0.039081624916231475,0.400325809607952,0.477,168,0.8335358444714459,0.7796610169491526,0.8387096774193549,0.06233333333333333,0.0
37,1,Mild shift,Pooled associative latent class model,0.767,0.2844289712393313,0.46017699115044247,0.15053119704593604,0.0776206600360223,0.411606116156821,0.554,226,0.7864077669902912,0.7168458781362007,0.7094017094017094,0.10333333333333333,0.001
37,1,Mild shift,Target-calibrated associative latent model,0.808,0.3788355854596177,0.22123893805309736,0.12606387798896215,0.03817156202085941,0.3878569512129252,0.493,226,0.8307905686546463,0.7491039426523297,0.7521367521367521,0.10333333333333333,0.001
37,1,Mild shift,Frozen causal latent SCM,0.806,0.3739168677554799,0.27876106194690264,0.13051437322512432,0.05473340743155951,0.39034502253820963,0.523,226,0.8294036061026352,0.7455197132616488,0.7435897435897436,0.10333333333333333,0.001
37,1,Mild shift,Modular causal latent SCM,0.809,0.38130623520482165,0.22123893805309736,0.12541483805061504,0.033543619881245386,0.3909346111357462,0.5,226,0.8321775312066574,0.7491039426523297,0.7521367521367521,0.10333333333333333,0.001
37,1,Mild shift,Target oracle (reference),0.816,0.3988214674617578,0.19911504424778761,0.1220353827288073,0.03501378030043436,0.4061130962609758,0.475,226,0.840499306518724,0.7526881720430108,0.7521367521367521,0.10333333333333333,0.001
37,2,Moderate shift,Pooled associative latent class model,0.74,0.22960332655352944,0.4657039711191336,0.16804780799070826,0.09618571278675658,0.42105879303119526,0.577,277,0.7760141093474426,0.6928406466512702,0.6839378238341969,0.17466666666666666,0.01
37,2,Moderate shift,Target-calibrated associative latent model,0.803,0.3665968372433189,0.1299638989169675,0.13514222611172633,0.026059469702737204,0.40362156177008673,0.458,277,0.8447971781305115,0.7482678983833718,0.7357512953367875,0.17466666666666666,0.01
37,2,Moderate shift,Frozen causal latent SCM,0.774,0.2995899982582244,0.34296028880866425,0.14556448950307363,0.07759465069311197,0.4065184560707459,0.559,277,0.8095238095238095,0.7274826789838337,0.7253886010362695,0.17466666666666666,0.01
37,2,Moderate shift,Modular causal latent SCM,0.789,0.3334180185428505,0.19494584837545126,0.13385368002179537,0.03242975889646619,0.4089685295668785,0.49,277,0.8306878306878307,0.7344110854503464,0.7409326424870466,0.17466666666666666,0.01
37,2,Moderate shift,Target oracle (reference),0.798,0.3545691154422788,0.18411552346570398,0.13147593971316424,0.03407123532292616,0.42311670852391753,0.475,277,0.8306878306878307,0.7551963048498845,0.7461139896373057,0.17466666666666666,0.01
37,3,Strong shift,Pooled associative latent class model,0.733,0.21631231902664405,0.5284280936454849,0.17425101041184798,0.11092906892466886,0.4433515109904391,0.614,299,0.7813333333333333,0.704,0.6886792452830188,0.27666666666666667,0.024
37,3,Strong shift,Target-calibrated associative latent model,0.781,0.31515542888725706,0.2408026755852843,0.14572184372814753,0.049225138277111516,0.43925849841068376,0.534,299,0.8186666666666667,0.7584,0.7672955974842768,0.27666666666666667,0.024
37,3,Strong shift,Frozen causal latent SCM,0.759,0.26754865736252337,0.39464882943143814,0.15896885280030557,0.1043803600842565,0.43439728476771633,0.6,299,0.8,0.7344,0.7264150943396226,0.27666666666666667,0.024
37,3,Strong shift,Modular causal latent SCM,0.777,0.30621724200709394,0.2608695652173913,0.14454474767166148,0.05206404877981418,0.4433437492176005,0.538,299,0.8133333333333334,0.7552,0.7578616352201258,0.27666666666666667,0.024
37,3,Strong shift,Target oracle (reference),0.783,0.3196758965421974,0.1939799331103679,0.1420055299169207,0.0272962338940306,0.4556406925889458,0.486,299,0.8213333333333334,0.76,0.7547169811320755,0.27666666666666667,0.024
38,0,No shift,Pooled associative latent class model,0.804,0.36903240584934394,0.32919254658385094,0.1342085211563466,0.04043710593941126,0.4237065695056339,0.501,161,0.8070175438596491,0.7862068965517242,0.7142857142857143,0.051333333333333335,0.0
38,0,No shift,Target-calibrated associative latent model,0.831,0.4376828803828153,0.2236024844720497,0.12447175901211883,0.04670927889458456,0.39063906180349145,0.528,161,0.8362573099415205,0.8,0.7551020408163265,0.051333333333333335,0.0
38,0,No shift,Frozen causal latent SCM,0.827,0.4271426080236986,0.19254658385093168,0.12251742768571385,0.03110317405318891,0.39200146317379164,0.504,161,0.8327485380116959,0.7931034482758621,0.7142857142857143,0.051333333333333335,0.0
38,0,No shift,Modular causal latent SCM,0.83,0.43503497865180885,0.20496894409937888,0.12323193366955168,0.03529028492691041,0.39140517255578083,0.515,161,0.8350877192982457,0.8,0.7551020408163265,0.051333333333333335,0.0
38,0,No shift,Target oracle (reference),0.834,0.44566917177221826,0.18633540372670807,0.1197866454891235,0.03253503520954537,0.3863478849988654,0.505,161,0.8385964912280702,0.8068965517241379,0.7551020408163265,0.051333333333333335,0.0
38,1,Mild shift,Pooled associative latent class model,0.804,0.36903282900956014,0.3113207547169811,0.13945197899111628,0.03344502607936612,0.4310850277889834,0.513,212,0.8161375661375662,0.7663934426229508,0.6976744186046512,0.08866666666666667,0.002
38,1,Mild shift,Target-calibrated associative latent model,0.818,0.4039045615383555,0.25943396226415094,0.1271782130739842,0.04064708044509004,0.39893014159266704,0.547,212,0.8253968253968254,0.7950819672131147,0.7558139534883721,0.08866666666666667,0.002
38,1,Mild shift,Frozen causal latent SCM,0.83,0.4350351229928454,0.19811320754716982,0.12357582630875134,0.03430542006291721,0.4006787661839519,0.517,212,0.8386243386243386,0.8032786885245902,0.7441860465116279,0.08866666666666667,0.002
38,1,Mild shift,Modular causal latent SCM,0.833,0.4429987633039944,0.1792452830188679,0.12290087147804905,0.03765706814144669,0.4009884106966785,0.512,212,0.83994708994709,0.8114754098360656,0.7558139534883721,0.08866666666666667,0.002
38,1,Mild shift,Target oracle (reference),0.836,0.4510345068933554,0.1509433962264151,0.12037394181744657,0.03335373804596857,0.39595077295147324,0.503,212,0.83994708994709,0.8237704918032787,0.7674418604651163,0.08866666666666667,0.002
38,2,Moderate shift,Pooled associative latent class model,0.768,0.2865842657159028,0.35984848484848486,0.1561289787812825,0.0352876366735659,0.44530876463501445,0.529,264,0.7892074198988196,0.7371007371007371,0.7396449704142012,0.159,0.006
38,2,Moderate shift,Target-calibrated associative latent model,0.816,0.3988251627037828,0.20075757575757575,0.1338065798781905,0.04441358305550113,0.4186262123992485,0.535,264,0.8347386172006745,0.7886977886977887,0.7928994082840237,0.159,0.006
38,2,Moderate shift,Frozen causal latent SCM,0.805,0.3714740959511794,0.25757575757575757,0.13611803450181342,0.0389328099988641,0.41901896793238974,0.536,264,0.8195615514333895,0.7837837837837838,0.7988165680473372,0.159,0.006
38,2,Moderate shift,Modular causal latent SCM,0.812,0.38876427431656946,0.18181818181818182,0.1313902918703281,0.036807725305996984,0.42005398182375175,0.507,264,0.8313659359190556,0.7837837837837838,0.7869822485207101,0.159,0.006
38,2,Moderate shift,Target oracle (reference),0.82,0.40900853480456484,0.1590909090909091,0.12989184311719712,0.041420455055713075,0.4162115071912949,0.507,264,0.836424957841484,0.7960687960687961,0.8165680473372781,0.159,0.006
38,3,Strong shift,Pooled associative latent class model,0.743,0.23543507567209881,0.4146341463414634,0.1670225133005418,0.04933738742847167,0.4631807969180999,0.538,287,0.7995169082125604,0.7030716723549488,0.6642857142857143,0.25866666666666666,0.026
38,3,Strong shift,Target-calibrated associative latent model,0.775,0.301812521182353,0.13588850174216027,0.14822067938996353,0.04536918381806462,0.4470071360668598,0.436,287,0.8381642512077294,0.7303754266211604,0.7285714285714285,0.25866666666666666,0.026
38,3,Strong shift,Frozen causal latent SCM,0.776,0.30402054108196613,0.34494773519163763,0.15715107737022335,0.06260620886163182,0.44143653806396327,0.569,287,0.8285024154589372,0.7389078498293515,0.725,0.25866666666666666,0.026
38,3,Strong shift,Modular causal latent SCM,0.778,0.30844382329180353,0.21602787456445993,0.14664061703008177,0.05285352445145464,0.45000871216724336,0.495,287,0.8285024154589372,0.742320819112628,0.7464285714285714,0.25866666666666666,0.026
38,3,Strong shift,Target oracle (reference),0.785,0.32422597771385814,0.24041811846689895,0.14532377833793217,0.046048452462969465,0.4458638706181422,0.53,287,0.8309178743961353,0.7525597269624573,0.7607142857142857,0.25866666666666666,0.026
39,0,No shift,Pooled associative latent class model,0.809,0.381304953718249,0.2647058823529412,0.13616575385696786,0.03335394965741384,0.42787135834692824,0.518,136,0.8216783216783217,0.7323943661971831,0.7058823529411765,0.05,0.0
39,0,No shift,Target-calibrated associative latent model,0.809,0.3813037564187896,0.10294117647058823,0.13139113432390825,0.049919632406322065,0.40419671697776305,0.476,136,0.8228438228438228,0.7253521126760564,0.6862745098039216,0.05,0.0
39,0,No shift,Frozen causal latent SCM,0.813,0.39126826764550265,0.11764705882352941,0.12941788404344828,0.038489201680968484,0.40692030273497537,0.494,136,0.8263403263403264,0.7323943661971831,0.7254901960784313,0.05,0.0
39,0,No shift,Modular causal latent SCM,0.812,0.38876424374253854,0.10294117647058823,0.13047436469685364,0.047334577648171304,0.40634296850336654,0.481,136,0.8251748251748252,0.7323943661971831,0.7058823529411765,0.05,0.0
39,0,No shift,Target oracle (reference),0.819,0.4064489645141695,0.14705882352941177,0.12519330093006764,0.031723491007216664,0.38557975149625134,0.524,136,0.8321678321678322,0.7394366197183099,0.7450980392156863,0.05,0.0
39,1,Mild shift,Pooled associative latent class model,0.804,0.3690295879228615,0.30113636363636365,0.14004023490067447,0.025351708187126315,0.43288446802067315,0.531,176,0.8132450331125828,0.7755102040816326,0.7745098039215687,0.09166666666666666,0.002
39,1,Mild shift,Target-calibrated associative latent model,0.803,0.36660187298961944,0.11363636363636363,0.13351815750045415,0.04725230510864765,0.4108103419421052,0.48,176,0.8198675496688742,0.7510204081632653,0.7450980392156863,0.09166666666666666,0.002
39,1,Mild shift,Frozen causal latent SCM,0.812,0.3887653702759657,0.16477272727272727,0.13090285858151335,0.031618832560345506,0.41397699471306615,0.511,176,0.823841059602649,0.7755102040816326,0.7549019607843137,0.09166666666666666,0.002
39,1,Mild shift,Modular causal latent SCM,0.81,0.38378390208727686,0.09090909090909091,0.13340347150680212,0.049113264083612815,0.4132761304989447,0.485,176,0.823841059602649,0.7673469387755102,0.7647058823529411,0.09166666666666666,0.002
39,1,Mild shift,Target oracle (reference),0.815,0.39629478493934733,0.1534090909090909,0.1273894301865388,0.026373392256263103,0.39369984376940864,0.524,176,0.8278145695364238,0.7755102040816326,0.7941176470588235,0.09166666666666666,0.002
39,2,Moderate shift,Pooled associative latent class model,0.777,0.30621323949735424,0.3565217391304348,0.15216653495553467,0.03502711797361732,0.4443484461152975,0.544,230,0.8067226890756303,0.7333333333333333,0.7078651685393258,0.15966666666666668,0.004
39,2,Moderate shift,Target-calibrated associative latent model,0.786,0.32650037848413627,0.13043478260869565,0.14532556988002995,0.06858607130942009,0.42444512437382725,0.453,230,0.8235294117647058,0.7308641975308642,0.7359550561797753,0.15966666666666668,0.004
39,2,Moderate shift,Frozen causal latent SCM,0.796,0.3498108629327205,0.2391304347826087,0.1409496867514829,0.03151796416343233,0.42955949573445595,0.529,230,0.8319327731092437,0.7432098765432099,0.7303370786516854,0.15966666666666668,0.004
39,2,Moderate shift,Modular causal latent SCM,0.795,0.34744356877098675,0.12173913043478261,0.14175569222709875,0.06034682518038529,0.4291038931143911,0.468,230,0.826890756302521,0.7481481481481481,0.7471910112359551,0.15966666666666668,0.004
39,2,Moderate shift,Target oracle (reference),0.801,0.3617641679625072,0.1956521739130435,0.13613992367450772,0.024925950593906114,0.4109450536498911,0.524,230,0.8352941176470589,0.7506172839506173,0.7640449438202247,0.15966666666666668,0.004
39,3,Strong shift,Pooled associative latent class model,0.737,0.22386131329696307,0.4107744107744108,0.17246648435673909,0.04668605238774493,0.47211340238013244,0.582,297,0.8177083333333334,0.6866883116883117,0.6791277258566978,0.269,0.02
39,3,Strong shift,Target-calibrated associative latent model,0.756,0.26139819631562694,0.2996632996632997,0.15808355606943097,0.03215245970943269,0.4543588648584452,0.539,297,0.8359375,0.7061688311688312,0.7009345794392523,0.269,0.02
39,3,Strong shift,Frozen causal latent SCM,0.758,0.26550826089436513,0.3333333333333333,0.15768815158146543,0.033614934770906435,0.457391420918451,0.551,297,0.8307291666666666,0.7126623376623377,0.719626168224299,0.269,0.02
39,3,Strong shift,Modular causal latent SCM,0.77,0.29088884882334937,0.26262626262626265,0.15356371887740394,0.026364245447207654,0.45943266282513584,0.525,297,0.8463541666666666,0.7224025974025974,0.735202492211838,0.269,0.02
39,3,Strong shift,Target oracle (reference),0.774,0.29959977940538773,0.2255892255892256,0.14895742343880897,0.024630985994167826,0.4412072481667943,0.531,297,0.84375,0.7305194805194806,0.7414330218068536,0.269,0.02
40,0,No shift,Pooled associative latent class model,0.799,0.35695623511206764,0.35555555555555557,0.13664292531946468,0.03093415515666345,0.3931841720766671,0.547,135,0.8044237485448196,0.7659574468085106,0.7567567567567568,0.05,0.0
40,0,No shift,Target-calibrated associative latent model,0.805,0.3714720585940741,0.14814814814814814,0.13443366375473,0.047855858522846184,0.37220799062289894,0.501,135,0.8079161816065192,0.7872340425531915,0.8108108108108109,0.05,0.0
40,0,No shift,Frozen causal latent SCM,0.812,0.38876327427958923,0.17777777777777778,0.13253416379290195,0.04615850853082716,0.3757179069073977,0.53,135,0.8160651920838184,0.7872340425531915,0.7837837837837838,0.05,0.0
40,0,No shift,Modular causal latent SCM,0.812,0.38876327427958923,0.17777777777777778,0.13253005182993594,0.049266814587208836,0.37557859787913495,0.53,135,0.8160651920838184,0.7872340425531915,0.7837837837837838,0.05,0.0
40,0,No shift,Target oracle (reference),0.808,0.3788335904517952,0.17037037037037037,0.13216685866669126,0.03950230763785127,0.40054463031201065,0.528,135,0.8137369033760187,0.7730496453900709,0.7567567567567568,0.05,0.0
40,1,Mild shift,Pooled associative latent class model,0.777,0.3062144166166774,0.39766081871345027,0.1436480038035884,0.03625287691103289,0.40137737210699553,0.557,171,0.7804551539491299,0.766798418972332,0.711340206185567,0.09466666666666666,0.002
40,1,Mild shift,Target-calibrated associative latent model,0.801,0.36176624702678795,0.15789473684210525,0.1377783743256239,0.04309738186293196,0.3873181530191081,0.507,171,0.8099062918340026,0.7747035573122529,0.7525773195876289,0.09466666666666666,0.002
40,1,Mild shift,Frozen causal latent SCM,0.805,0.37146883294310173,0.22807017543859648,0.136375672026077,0.02868383599944934,0.3870786382427986,0.537,171,0.8139223560910308,0.7786561264822134,0.7628865979381443,0.09466666666666666,0.002
40,1,Mild shift,Modular causal latent SCM,0.8,0.3593577971696774,0.21052631578947367,0.13714458291108128,0.03230612814087236,0.38850984082689405,0.53,171,0.8099062918340026,0.7707509881422925,0.7319587628865979,0.09466666666666666,0.002
40,1,Mild shift,Target oracle (reference),0.801,0.3617653084474055,0.1695906432748538,0.1366088650931503,0.034089428895063514,0.41317107184058965,0.521,171,0.8125836680053548,0.766798418972332,0.7319587628865979,0.09466666666666666,0.002
40,2,Moderate shift,Pooled associative latent class model,0.775,0.3017869265368938,0.4218009478672986,0.15163394686726456,0.047529978223278216,0.4147747737868541,0.577,211,0.8078231292517006,0.7281553398058253,0.6626506024096386,0.16466666666666666,0.005
40,2,Moderate shift,Target-calibrated associative latent model,0.772,0.29523036930589835,0.15165876777251186,0.14889403599368994,0.053188334519348644,0.40797028475922426,0.476,211,0.7874149659863946,0.75,0.7108433734939759,0.16466666666666666,0.005
40,2,Moderate shift,Frozen causal latent SCM,0.78,0.31290427782198027,0.3222748815165877,0.14357414218239453,0.03816013200673896,0.40484080704809317,0.56,211,0.8129251700680272,0.7330097087378641,0.6867469879518072,0.16466666666666666,0.005
40,2,Moderate shift,Modular causal latent SCM,0.787,0.3288035986862564,0.2132701421800948,0.14388194653270625,0.02928213456053981,0.41005743253453336,0.527,211,0.8180272108843537,0.7427184466019418,0.6927710843373494,0.16466666666666666,0.005
40,2,Moderate shift,Target oracle (reference),0.789,0.33341671972583536,0.1943127962085308,0.14303683585509686,0.023681672442325264,0.4336214615869824,0.523,211,0.8248299319727891,0.7378640776699029,0.6807228915662651,0.16466666666666666,0.005
40,3,Strong shift,Pooled associative latent class model,0.71,0.175525672874512,0.5374592833876222,0.19493377987855687,0.08991222594670552,0.4259786349262711,0.628,307,0.7639593908629442,0.6749174917491749,0.6421404682274248,0.27,0.017
40,3,Strong shift,Target-calibrated associative latent model,0.773,0.29741290998422004,0.247557003257329,0.155136309652134,0.03703113400556992,0.4282792375420826,0.521,307,0.8197969543147208,0.7425742574257426,0.7290969899665551,0.27,0.017
40,3,Strong shift,Frozen causal latent SCM,0.747,0.24325947787157418,0.3941368078175896,0.17225118718478627,0.062446600664802794,0.41770885680385267,0.585,307,0.8045685279187818,0.7095709570957096,0.68561872909699,0.27,0.017
40,3,Strong shift,Modular causal latent SCM,0.766,0.28230680709744427,0.2182410423452769,0.15560166247739937,0.04251377522119873,0.4333688221108563,0.492,307,0.8121827411167513,0.735973597359736,0.7090301003344481,0.27,0.017
40,3,Strong shift,Target oracle (reference),0.767,0.2844403357480003,0.24104234527687296,0.15447610584787894,0.03164628509476196,0.45601498422781184,0.517,307,0.8147208121827412,0.735973597359736,0.7123745819397993,0.27,0.017
41,0,No shift,Pooled associative latent class model,0.786,0.32650722976450275,0.22641509433962265,0.14074615101464805,0.0308984617589618,0.43963356330141834,0.434,159,0.7906137184115524,0.7633136094674556,0.8153846153846154,0.059333333333333335,0.0
41,0,No shift,Target-calibrated associative latent model,0.796,0.3498131149587302,0.14465408805031446,0.13485446360265968,0.033598080510089445,0.4183854238932126,0.466,159,0.7978339350180506,0.7869822485207101,0.8153846153846154,0.059333333333333335,0.0
41,0,No shift,Frozen causal latent SCM,0.802,0.3641795963370868,0.16352201257861634,0.13368509740222048,0.025651221378265733,0.42062628457366563,0.468,159,0.8074608904933814,0.7751479289940828,0.8153846153846154,0.059333333333333335,0.0
41,0,No shift,Modular causal latent SCM,0.801,0.36176562114379107,0.1761006289308176,0.1338141806538978,0.027723597277082103,0.4217299666118941,0.479,159,0.8062575210589651,0.7751479289940828,0.8153846153846154,0.059333333333333335,0.0
41,0,No shift,Target oracle (reference),0.803,0.3666025191922348,0.16981132075471697,0.13320668413180578,0.02156342641631548,0.40868130032186917,0.481,159,0.8074608904933814,0.7810650887573964,0.8,0.059333333333333335,0.0
41,1,Mild shift,Pooled associative latent class model,0.779,0.310673877322692,0.3022222222222222,0.1512195559775703,0.025026516852861568,0.4481359653225893,0.465,225,0.7909836065573771,0.746268656716418,0.7924528301886793,0.09666666666666666,0.0
41,1,Mild shift,Target-calibrated associative latent model,0.787,0.3288048247119765,0.18222222222222223,0.14181668591268362,0.025854567547253723,0.4323241374695797,0.485,225,0.7909836065573771,0.7761194029850746,0.8113207547169812,0.09666666666666666,0.0
41,1,Mild shift,Frozen causal latent SCM,0.789,0.3334174371877823,0.21777777777777776,0.14162684439081352,0.030184124883842485,0.43323136622931757,0.485,225,0.7978142076502732,0.7649253731343284,0.8113207547169812,0.09666666666666666,0.0
41,1,Mild shift,Modular causal latent SCM,0.786,0.3265106303618053,0.2,0.14212471423980744,0.026270543736162954,0.43316473072450845,0.49,225,0.7923497267759563,0.7686567164179104,0.8018867924528302,0.09666666666666666,0.0
41,1,Mild shift,Target oracle (reference),0.791,0.33806203143519126,0.18666666666666668,0.14087973653172142,0.024478755149772966,0.42008859816459515,0.483,225,0.7978142076502732,0.7723880597014925,0.8113207547169812,0.09666666666666666,0.0
41,2,Moderate shift,Pooled associative latent class model,0.748,0.24526135617370998,0.3655913978494624,0.16639588641759728,0.041188286901107665,0.456897126208382,0.488,279,0.7749140893470791,0.7105263157894737,0.7287234042553191,0.16333333333333333,0.004
41,2,Moderate shift,Target-calibrated associative latent model,0.772,0.29522608907034176,0.14336917562724014,0.1521058809790198,0.04063079771192311,0.4377066118443328,0.42,279,0.7835051546391752,0.7559808612440191,0.7872340425531915,0.16333333333333333,0.004
41,2,Moderate shift,Frozen causal latent SCM,0.778,0.3084443837317429,0.2903225806451613,0.15173707269665448,0.032659446446876586,0.44695243523911016,0.518,279,0.8041237113402062,0.7416267942583732,0.7872340425531915,0.16333333333333333,0.004
41,2,Moderate shift,Modular causal latent SCM,0.783,0.3196752890662081,0.1935483870967742,0.14785139129651564,0.030497654772172665,0.4461338457859278,0.473,279,0.8041237113402062,0.7535885167464115,0.7872340425531915,0.16333333333333333,0.004
41,2,Moderate shift,Target oracle (reference),0.786,0.3265106591261097,0.21505376344086022,0.14758712397916446,0.025065122831874745,0.4348693843390637,0.492,279,0.802405498281787,0.7631578947368421,0.7925531914893617,0.16333333333333333,0.004
41,3,Strong shift,Pooled associative latent class model,0.727,0.20531997219486772,0.45733788395904434,0.18236671933641074,0.06006335629202952,0.4748816685823612,0.541,293,0.7728459530026109,0.6985413290113452,0.7142857142857143,0.26966666666666667,0.018
41,3,Strong shift,Target-calibrated associative latent model,0.756,0.2614053405630759,0.2354948805460751,0.15663325374860107,0.032990975041125165,0.4737430981692754,0.482,293,0.7911227154046997,0.7341977309562399,0.7421602787456446,0.26966666666666667,0.018
41,3,Strong shift,Frozen causal latent SCM,0.745,0.23933804796529465,0.3822525597269625,0.16694557138513808,0.060081050361506655,0.46657335668157224,0.541,293,0.7963446475195822,0.713128038897893,0.7247386759581882,0.26966666666666667,0.018
41,3,Strong shift,Modular causal latent SCM,0.755,0.25935729358869647,0.19112627986348124,0.1572351540746134,0.0365268687615012,0.47256173633762444,0.449,293,0.7885117493472585,0.7341977309562399,0.7421602787456446,0.26966666666666667,0.018
41,3,Strong shift,Target oracle (reference),0.765,0.280180372324225,0.23890784982935154,0.15673691810878135,0.026762395904293183,0.46265306106438464,0.495,293,0.804177545691906,0.7406807131280388,0.7630662020905923,0.26966666666666667,0.018
42,0,No shift,Pooled associative latent class model,0.783,0.31967560750696716,0.26811594202898553,0.15261246551331648,0.03373756272698848,0.419056194405838,0.485,138,0.7927710843373494,0.7352941176470589,0.7288135593220338,0.06066666666666667,0.0
42,0,No shift,Target-calibrated associative latent model,0.806,0.37391810360935646,0.1956521739130435,0.1419951626161405,0.03355574581324678,0.4029998050288153,0.482,138,0.8132530120481928,0.7705882352941177,0.7796610169491526,0.06066666666666667,0.0
42,0,No shift,Frozen causal latent SCM,0.805,0.37147195262873306,0.18840579710144928,0.14231393421485547,0.03336080572889075,0.4030744045343374,0.479,138,0.8120481927710843,0.7705882352941177,0.7796610169491526,0.06066666666666667,0.0
42,0,No shift,Modular causal latent SCM,0.801,0.36176533345494183,0.21014492753623187,0.14192011063515308,0.028441422476260483,0.4031876914078066,0.491,138,0.8096385542168675,0.7588235294117647,0.7627118644067796,0.06066666666666667,0.0
42,0,No shift,Target oracle (reference),0.8,0.35935974451343566,0.1956521739130435,0.1365902881846285,0.019318227077048254,0.40736849565230876,0.48,138,0.8060240963855422,0.7705882352941177,0.7796610169491526,0.06066666666666667,0.0
42,1,Mild shift,Pooled associative latent class model,0.764,0.2780613386773547,0.31,0.16147717107202686,0.03855702149006684,0.4234009450099542,0.5,200,0.7861035422343324,0.7030075187969925,0.7065217391304348,0.09766666666666667,0.0
42,1,Mild shift,Target-calibrated associative latent model,0.794,0.3450926326724959,0.15,0.14953922563008257,0.04743981257959733,0.40616002244089416,0.46,200,0.8010899182561307,0.7744360902255639,0.8369565217391305,0.09766666666666667,0.0
42,1,Mild shift,Frozen causal latent SCM,0.8,0.35935897420481994,0.205,0.14658362322128174,0.035187960196771506,0.40854997966613066,0.49,200,0.8133514986376021,0.7631578947368421,0.8152173913043478,0.09766666666666667,0.0
42,1,Mild shift,Modular causal latent SCM,0.795,0.3474472355968624,0.18,0.14550702888469472,0.03215289766970495,0.4091486334584182,0.487,200,0.8079019073569482,0.7593984962406015,0.8260869565217391,0.09766666666666667,0.0
42,1,Mild shift,Target oracle (reference),0.794,0.3450891048384335,0.18,0.14141921325025475,0.03324575130493826,0.41313192918922553,0.484,200,0.8024523160762943,0.7706766917293233,0.8369565217391305,0.09766666666666667,0.0
42,2,Moderate shift,Pooled associative latent class model,0.745,0.2393399216476736,0.3726235741444867,0.1722087966814051,0.047888438939254825,0.4370421903224602,0.521,263,0.7846153846153846,0.689156626506024,0.656441717791411,0.16333333333333333,0.005
42,2,Moderate shift,Target-calibrated associative latent model,0.793,0.34274990539348577,0.12927756653992395,0.15607653221583911,0.07300136694953124,0.4187508917486192,0.433,263,0.811965811965812,0.7662650602409639,0.7668711656441718,0.16333333333333333,0.005
42,2,Moderate shift,Frozen causal latent SCM,0.793,0.3427380827946369,0.23954372623574144,0.15266885065480199,0.04068047534887464,0.424466522471288,0.499,263,0.8273504273504273,0.744578313253012,0.7607361963190185,0.16333333333333333,0.005
42,2,Moderate shift,Modular causal latent SCM,0.787,0.3288074276990023,0.19011406844106463,0.15042714760459452,0.04087603698903574,0.4234749655470265,0.465,263,0.8102564102564103,0.7542168674698795,0.7607361963190185,0.16333333333333333,0.005
42,2,Moderate shift,Target oracle (reference),0.787,0.32880531862466733,0.19011406844106463,0.14508735059752895,0.03369930484142196,0.42898282217003575,0.479,263,0.8085470085470086,0.7566265060240964,0.7791411042944786,0.16333333333333333,0.005
42,3,Strong shift,Pooled associative latent class model,0.729,0.20897860047428468,0.4,0.17693917327022063,0.06038655216410504,0.46167551557642633,0.545,300,0.7644110275689223,0.7054908485856906,0.7132867132867133,0.2653333333333333,0.021
42,3,Strong shift,Target-calibrated associative latent model,0.745,0.239358579432306,0.39,0.1749529876404439,0.07958956236061977,0.44222389066686707,0.581,300,0.7694235588972431,0.7287853577371048,0.7412587412587412,0.2653333333333333,0.021
42,3,Strong shift,Frozen causal latent SCM,0.749,0.24725158614099163,0.30333333333333334,0.164963834379008,0.043009509177076195,0.45077833889686236,0.519,300,0.7869674185463659,0.7237936772046589,0.7307692307692307,0.2653333333333333,0.021
42,3,Strong shift,Modular causal latent SCM,0.762,0.2738510896860255,0.28,0.16442372204025707,0.044800041136974465,0.4505690458363317,0.526,300,0.7969924812030075,0.7387687188019967,0.7552447552447552,0.2653333333333333,0.021
42,3,Strong shift,Target oracle (reference),0.759,0.2675909311031131,0.23,0.15874322135220276,0.03173097898070854,0.4567231305578711,0.495,300,0.7944862155388471,0.7354409317803661,0.7412587412587412,0.2653333333333333,0.021
43,0,No shift,Pooled associative latent class model,0.802,0.3641738209665628,0.24836601307189543,0.13811764140848803,0.02537371942933154,0.4131311488937389,0.446,153,0.8127208480565371,0.7417218543046358,0.7333333333333333,0.053,0.0
43,0,No shift,Target-calibrated associative latent model,0.802,0.36418030898514314,0.23529411764705882,0.13189590774925392,0.042261993692660704,0.39056235186356575,0.486,153,0.8080094228504122,0.7682119205298014,0.8,0.053,0.0
43,0,No shift,Frozen causal latent SCM,0.809,0.3813015939517848,0.1503267973856209,0.1296521558562177,0.03481342709387807,0.3897155115959919,0.457,153,0.8127208480565371,0.7880794701986755,0.8222222222222222,0.053,0.0
43,0,No shift,Modular causal latent SCM,0.807,0.3763707089560083,0.1895424836601307,0.13012354858820538,0.034331580158520544,0.390517948908912,0.469,153,0.8103651354534747,0.7880794701986755,0.8222222222222222,0.053,0.0
43,0,No shift,Target oracle (reference),0.815,0.3962965884545796,0.16993464052287582,0.12885154515201128,0.02618805167475575,0.3875849111869082,0.489,153,0.8186101295641932,0.7947019867549668,0.8222222222222222,0.053,0.0
43,1,Mild shift,Pooled associative latent class model,0.79,0.33573380693228444,0.32338308457711445,0.1464205284098186,0.031215204600670968,0.4212082491434581,0.468,201,0.8075370121130552,0.7392996108949417,0.6979166666666666,0.093,0.001
43,1,Mild shift,Target-calibrated associative latent model,0.804,0.36903358692741856,0.21890547263681592,0.1369238178029511,0.030044866228933948,0.4054461919061453,0.496,201,0.8088829071332436,0.7898832684824902,0.8020833333333334,0.093,0.001
43,1,Mild shift,Frozen causal latent SCM,0.8,0.3593580759610099,0.19402985074626866,0.13474338275719794,0.023048974347530005,0.40462808737343575,0.472,201,0.8048452220726783,0.7859922178988327,0.78125,0.093,0.001
43,1,Mild shift,Modular causal latent SCM,0.804,0.3690305570658991,0.1691542288557214,0.1338674751597735,0.028998369700849236,0.40476352701336565,0.464,201,0.8115746971736204,0.7821011673151751,0.7708333333333334,0.093,0.001
43,1,Mild shift,Target oracle (reference),0.807,0.3763729549169335,0.19900497512437812,0.1333376466235546,0.025179837923430738,0.40173664564841305,0.499,201,0.8156123822341858,0.7821011673151751,0.78125,0.093,0.001
43,2,Moderate shift,Pooled associative latent class model,0.759,0.2675914844340218,0.3682170542635659,0.16037437956584388,0.044370548115011677,0.43299107482585186,0.483,258,0.7950819672131147,0.7025641025641025,0.6666666666666666,0.15133333333333332,0.005
43,2,Moderate shift,Target-calibrated associative latent model,0.789,0.3334180200817302,0.21705426356589147,0.14216260058016175,0.040612184400636374,0.4208590933993622,0.497,258,0.8081967213114755,0.7589743589743589,0.7628205128205128,0.15133333333333332,0.005
43,2,Moderate shift,Frozen causal latent SCM,0.786,0.3265111017332947,0.25193798449612403,0.14382210469821297,0.03283233119093279,0.41932629093215107,0.496,258,0.8081967213114755,0.7512820512820513,0.7051282051282052,0.15133333333333332,0.005
43,2,Moderate shift,Modular causal latent SCM,0.793,0.342734362065245,0.15891472868217055,0.13985400436081208,0.03754759098501368,0.4194734355840036,0.455,258,0.8114754098360656,0.764102564102564,0.7243589743589743,0.15133333333333332,0.005
43,2,Moderate shift,Target oracle (reference),0.8,0.35935995058608244,0.2054263565891473,0.1397522587497488,0.026969944387575814,0.4161868156646323,0.502,258,0.8147540983606557,0.7769230769230769,0.7628205128205128,0.15133333333333332,0.005
43,3,Strong shift,Pooled associative latent class model,0.754,0.25732200671568073,0.34890965732087226,0.17168328510578623,0.048620031943437544,0.4581432326595443,0.502,321,0.8057553956834532,0.7169811320754716,0.6853146853146853,0.25666666666666665,0.016
43,3,Strong shift,Target-calibrated associative latent model,0.779,0.3106622849095123,0.16199376947040497,0.15465089120790892,0.04075850431390438,0.43892372549815,0.429,321,0.8273381294964028,0.7444253859348199,0.7377622377622378,0.25666666666666665,0.016
43,3,Strong shift,Frozen causal latent SCM,0.774,0.29960421844661744,0.2803738317757009,0.15824618937466595,0.05030671761539718,0.44356484508896904,0.504,321,0.829736211031175,0.7341337907375644,0.7167832167832168,0.25666666666666665,0.016
43,3,Strong shift,Modular causal latent SCM,0.78,0.3129090103942191,0.19937694704049844,0.150231557495575,0.02819300160036808,0.4433377824219717,0.458,321,0.829736211031175,0.7444253859348199,0.7342657342657343,0.25666666666666665,0.016
43,3,Strong shift,Target oracle (reference),0.78,0.31291351607234885,0.23052959501557632,0.14998893541821806,0.024186825350578395,0.4388472406609179,0.504,321,0.8249400479616307,0.7478559176672385,0.7447552447552448,0.25666666666666665,0.016
44,0,No shift,Pooled associative latent class model,0.817,0.40136579508242537,0.22839506172839505,0.12826216804688795,0.05049986438101967,0.4028353244162971,0.432,162,0.8151658767772512,0.8269230769230769,0.8545454545454545,0.055,0.0
44,0,No shift,Target-calibrated associative latent model,0.827,0.42716041008610345,0.08641975308641975,0.12099361634845983,0.07611489449920136,0.38007201530491,0.402,162,0.8246445497630331,0.8397435897435898,0.9090909090909091,0.055,0.0
44,0,No shift,Frozen causal latent SCM,0.837,0.45373945710736185,0.1111111111111111,0.11547179763770649,0.05150919418834337,0.38391415539669455,0.424,162,0.8341232227488151,0.8525641025641025,0.9272727272727272,0.055,0.0
44,0,No shift,Modular causal latent SCM,0.824,0.4193397426102054,0.09876543209876543,0.1199653659202574,0.07047756966359128,0.3796083396154246,0.405,162,0.8222748815165877,0.8333333333333334,0.8909090909090909,0.055,0.0
44,0,No shift,Target oracle (reference),0.847,0.48111801000086396,0.1419753086419753,0.11212084142365535,0.029417716029655268,0.39461709136258016,0.472,162,0.8436018957345972,0.8653846153846154,0.9090909090909091,0.055,0.0
44,1,Mild shift,Pooled associative latent class model,0.808,0.37883995706230394,0.24271844660194175,0.13690598865737325,0.02780877262882182,0.41068787902151177,0.447,206,0.8166894664842681,0.7843866171003717,0.7909090909090909,0.10066666666666667,0.001
44,1,Mild shift,Target-calibrated associative latent model,0.818,0.4039222410248221,0.07281553398058252,0.12788905179938073,0.0769512749352279,0.39088113228485094,0.391,206,0.8276333789329685,0.79182156133829,0.8545454545454545,0.10066666666666667,0.001
44,1,Mild shift,Frozen causal latent SCM,0.831,0.43768691117464525,0.15048543689320387,0.12141111130580064,0.03964050786919704,0.3961595793943833,0.444,206,0.8372093023255814,0.8141263940520446,0.8636363636363636,0.10066666666666667,0.001
44,1,Mild shift,Modular causal latent SCM,0.823,0.41674681770088773,0.09223300970873786,0.1242408158948104,0.06190303067992932,0.3933994502318675,0.412,206,0.8317373461012312,0.7992565055762082,0.8363636363636363,0.10066666666666667,0.001
44,1,Mild shift,Target oracle (reference),0.838,0.4564329211325154,0.1553398058252427,0.11925171388747642,0.027262009622072456,0.4060092012425786,0.477,206,0.8399452804377565,0.8327137546468402,0.8727272727272727,0.10066666666666667,0.001
44,2,Moderate shift,Pooled associative latent class model,0.791,0.3380625611968805,0.29615384615384616,0.14462414569172502,0.029706990640397862,0.4254713729818,0.478,260,0.8010204081632653,0.7766990291262136,0.7679558011049724,0.16566666666666666,0.002
44,2,Moderate shift,Target-calibrated associative latent model,0.811,0.38628800189012696,0.1,0.13569555844671755,0.06956047725657707,0.41180309604240917,0.404,260,0.8299319727891157,0.7839805825242718,0.856353591160221,0.16566666666666666,0.002
44,2,Moderate shift,Frozen causal latent SCM,0.823,0.4167335334176935,0.2076923076923077,0.12997108768816498,0.029371004675047305,0.4147135795398016,0.474,260,0.8384353741496599,0.8009708737864077,0.8342541436464088,0.16566666666666666,0.002
44,2,Moderate shift,Modular causal latent SCM,0.813,0.3912812845789456,0.11538461538461539,0.1334064293466128,0.06212637031364102,0.4128621459467655,0.414,260,0.8316326530612245,0.7864077669902912,0.8397790055248618,0.16566666666666666,0.002
44,2,Moderate shift,Target oracle (reference),0.822,0.4141505107325182,0.16153846153846155,0.1284936595403388,0.030413004380820154,0.4250152366246857,0.479,260,0.8384353741496599,0.7985436893203883,0.8342541436464088,0.16566666666666666,0.002
44,3,Strong shift,Pooled associative latent class model,0.761,0.27175531926472,0.3388704318936877,0.16305626573611254,0.035154047508650095,0.44883733330921655,0.508,301,0.7948717948717948,0.739344262295082,0.7551020408163265,0.272,0.016
44,3,Strong shift,Target-calibrated associative latent model,0.801,0.3617679170380393,0.1760797342192691,0.14113892799125857,0.030160715903023633,0.4486532108849765,0.464,301,0.8461538461538461,0.7721311475409836,0.7925170068027211,0.272,0.016
44,3,Strong shift,Frozen causal latent SCM,0.792,0.3403958841422728,0.24916943521594684,0.146475353756535,0.03092572355833952,0.44159808661785904,0.497,301,0.8384615384615385,0.7622950819672131,0.7891156462585034,0.272,0.016
44,3,Strong shift,Modular causal latent SCM,0.806,0.3739226610550105,0.1362126245847176,0.14196580924350846,0.04066422275798122,0.4460664265464612,0.449,301,0.8435897435897436,0.7819672131147541,0.7959183673469388,0.272,0.016
44,3,Strong shift,Target oracle (reference),0.795,0.3474469217438911,0.1893687707641196,0.14155712657259203,0.0357759572184967,0.4538569769138817,0.5,301,0.8384615384615385,0.7672131147540984,0.7891156462585034,0.272,0.016
45,0,No shift,Pooled associative latent class model,0.808,0.37883435243235014,0.3111111111111111,0.1409603230618959,0.03706516797957518,0.4010307049485592,0.507,135,0.8195937873357229,0.7484662576687117,0.7708333333333334,0.055,0.0
45,0,No shift,Target-calibrated associative latent model,0.805,0.37147101977749414,0.2074074074074074,0.13575644784462018,0.03406612032045451,0.38116079598075964,0.492,135,0.8207885304659498,0.7239263803680982,0.6875,0.055,0.0
45,0,No shift,Frozen causal latent SCM,0.808,0.3788351012358858,0.22962962962962963,0.1353310006917546,0.02923846626539079,0.37956015802269605,0.519,135,0.8243727598566308,0.7239263803680982,0.6458333333333334,0.055,0.0
45,0,No shift,Modular causal latent SCM,0.8,0.35935886183204424,0.2074074074074074,0.1361237808477499,0.030005472422953716,0.38046285065941104,0.507,135,0.8172043010752689,0.7116564417177914,0.625,0.055,0.0
45,0,No shift,Target oracle (reference),0.809,0.38130548219968563,0.23703703703703705,0.13235558388521768,0.025389334009117484,0.39397873843392395,0.518,135,0.8255675029868578,0.7239263803680982,0.6458333333333334,0.055,0.0
45,1,Mild shift,Pooled associative latent class model,0.793,0.3427403893938864,0.3837837837837838,0.14678725030715445,0.041278712386263454,0.40789218364072466,0.53,185,0.8060109289617486,0.7574626865671642,0.7619047619047619,0.096,0.0
45,1,Mild shift,Target-calibrated associative latent model,0.795,0.347447311298154,0.16216216216216217,0.1397313951016214,0.03349629886452637,0.3934564868593611,0.486,185,0.8224043715846995,0.7201492537313433,0.6857142857142857,0.096,0.0
45,1,Mild shift,Frozen causal latent SCM,0.809,0.3813071555199011,0.23783783783783785,0.1385331725692958,0.045503372765675315,0.39080552041061706,0.532,185,0.8319672131147541,0.746268656716418,0.7047619047619048,0.096,0.0
45,1,Mild shift,Modular causal latent SCM,0.797,0.35218805302800815,0.16216216216216217,0.13995304610636713,0.030235795845920534,0.3933134815816022,0.486,185,0.8183060109289617,0.7388059701492538,0.6952380952380952,0.096,0.0
45,1,Mild shift,Target oracle (reference),0.807,0.3763725506771545,0.22162162162162163,0.13561203484986895,0.032148120871150404,0.4060901550090737,0.518,185,0.8306010928961749,0.7425373134328358,0.6952380952380952,0.096,0.0
45,2,Moderate shift,Pooled associative latent class model,0.772,0.29523427829054383,0.3920704845814978,0.15578346828464842,0.04225168296241172,0.42211238581616783,0.537,227,0.796875,0.7382075471698113,0.7277777777777777,0.16566666666666666,0.003
45,2,Moderate shift,Target-calibrated associative latent model,0.788,0.33110720789936443,0.15418502202643172,0.1445685195680477,0.03165760213941966,0.4088716825799637,0.483,227,0.8246527777777778,0.7382075471698113,0.7111111111111111,0.16566666666666666,0.003
45,2,Moderate shift,Frozen causal latent SCM,0.796,0.34981827283120304,0.27312775330396477,0.14295027656915807,0.043106640995375374,0.4056217587425226,0.545,227,0.8298611111111112,0.75,0.7166666666666667,0.16566666666666666,0.003
45,2,Moderate shift,Modular causal latent SCM,0.79,0.3357353019912905,0.16299559471365638,0.1431899030284227,0.0272991575884202,0.4087034067416784,0.491,227,0.8229166666666666,0.7452830188679245,0.7111111111111111,0.16566666666666666,0.003
45,2,Moderate shift,Target oracle (reference),0.8,0.35935963411291855,0.20704845814977973,0.13877276061593008,0.03916893759634083,0.42193407159619845,0.519,227,0.8368055555555556,0.75,0.7111111111111111,0.16566666666666666,0.003
45,3,Strong shift,Pooled associative latent class model,0.725,0.20171436606345552,0.44551282051282054,0.17896991017811364,0.06781547242248392,0.45151058804978195,0.566,312,0.765625,0.6996753246753247,0.6286644951140065,0.27066666666666667,0.019
45,3,Strong shift,Target-calibrated associative latent model,0.766,0.282312825499676,0.3141025641025641,0.1550788553829346,0.051367362296544275,0.44070651964196605,0.551,312,0.7994791666666666,0.7451298701298701,0.7068403908794788,0.27066666666666667,0.019
45,3,Strong shift,Frozen causal latent SCM,0.76,0.26968016377270154,0.34935897435897434,0.1583103682136045,0.06351663025770819,0.4389524283284017,0.563,312,0.7942708333333334,0.7386363636363636,0.6905537459283387,0.27066666666666667,0.019
45,3,Strong shift,Modular causal latent SCM,0.772,0.29523388617714963,0.28525641025641024,0.15311963128871195,0.04939630715446409,0.4417227881312179,0.535,312,0.8151041666666666,0.7451298701298701,0.7068403908794788,0.27066666666666667,0.019
45,3,Strong shift,Target oracle (reference),0.783,0.31967539704553716,0.21794871794871795,0.14611030997225874,0.026466982091107604,0.4533797492423567,0.512,312,0.8229166666666666,0.7581168831168831,0.7361563517915309,0.27066666666666667,0.019
46,0,No shift,Pooled associative latent class model,0.79,0.33573441296729284,0.28368794326241137,0.148586421529476,0.04280036808469145,0.39981629273580904,0.463,141,0.7909407665505227,0.7841726618705036,0.8,0.050333333333333334,0.0
46,0,No shift,Target-calibrated associative latent model,0.793,0.3427319150225643,0.09929078014184398,0.14514751658097294,0.05575356106851866,0.3693060643546546,0.422,141,0.7990708478513356,0.7553956834532374,0.8,0.050333333333333334,0.0
46,0,No shift,Frozen causal latent SCM,0.803,0.3666025191922348,0.20567375886524822,0.140516934552828,0.03488998011165114,0.3749115426679416,0.482,141,0.8083623693379791,0.7697841726618705,0.7555555555555555,0.050333333333333334,0.0
46,0,No shift,Modular causal latent SCM,0.806,0.3739173842401104,0.19858156028368795,0.1403606510212529,0.037413533848500345,0.3746075815169399,0.473,141,0.8118466898954704,0.7697841726618705,0.7555555555555555,0.050333333333333334,0.0
46,0,No shift,Target oracle (reference),0.809,0.3813055761518465,0.2198581560283688,0.13789506979124444,0.03141247962230318,0.3957085047492253,0.502,141,0.8118466898954704,0.7913669064748201,0.8222222222222222,0.050333333333333334,0.0
46,1,Mild shift,Pooled associative latent class model,0.778,0.3084437171219874,0.31216931216931215,0.1552837661970659,0.04501318911464334,0.4056543056358155,0.471,189,0.7779237844940867,0.7782426778242678,0.75,0.089,0.001
46,1,Mild shift,Target-calibrated associative latent model,0.789,0.33341450641610276,0.17989417989417988,0.14671733454020558,0.05128650312834665,0.38109416115229716,0.448,189,0.8015768725361366,0.7489539748953975,0.75,0.089,0.001
46,1,Mild shift,Frozen causal latent SCM,0.798,0.3545708473779126,0.24867724867724866,0.14432685427820605,0.038250045249928706,0.3839956538022759,0.497,189,0.80946123521682,0.7615062761506276,0.75,0.089,0.001
46,1,Mild shift,Modular causal latent SCM,0.8,0.359359232813035,0.21693121693121692,0.1435157311460738,0.03796789338024129,0.38443330170083184,0.481,189,0.8107752956636005,0.7656903765690377,0.7391304347826086,0.089,0.001
46,1,Mild shift,Target oracle (reference),0.805,0.3714717466229791,0.2275132275132275,0.14090557664719733,0.03471006329555415,0.40538883269751225,0.502,189,0.8134034165571616,0.7782426778242678,0.7934782608695652,0.089,0.001
46,2,Moderate shift,Pooled associative latent class model,0.75,0.24924935746555807,0.35537190082644626,0.17175784599828534,0.05621323130275122,0.42383207626753633,0.487,242,0.7722602739726028,0.71875,0.6871165644171779,0.16533333333333333,0.005
46,2,Moderate shift,Target-calibrated associative latent model,0.76,0.269657256361171,0.1446280991735537,0.16461529934910413,0.07364466445503218,0.39596875699475226,0.401,242,0.7842465753424658,0.7259615384615384,0.7239263803680982,0.16533333333333333,0.005
46,2,Moderate shift,Frozen causal latent SCM,0.774,0.29960376438859193,0.30165289256198347,0.16088404217239746,0.057411329060298256,0.4026511177636149,0.511,242,0.8082191780821918,0.7259615384615384,0.6993865030674846,0.16533333333333333,0.005
46,2,Moderate shift,Modular causal latent SCM,0.776,0.30400643379766856,0.2066115702479339,0.1565281142078631,0.049819273844473634,0.4037376332827355,0.461,242,0.8065068493150684,0.7331730769230769,0.7055214723926381,0.16533333333333333,0.005
46,2,Moderate shift,Target oracle (reference),0.784,0.32194624639819314,0.23140495867768596,0.15381334966837318,0.03500031509236422,0.4260588155386555,0.499,242,0.8116438356164384,0.7451923076923077,0.7423312883435583,0.16533333333333333,0.005
46,3,Strong shift,Pooled associative latent class model,0.724,0.1999033699722189,0.3696969696969697,0.1907302057249958,0.07613127299555161,0.44327159932016996,0.525,330,0.7875647668393783,0.6840390879478827,0.6666666666666666,0.27166666666666667,0.02
46,3,Strong shift,Target-calibrated associative latent model,0.75,0.24924947503385822,0.2636363636363636,0.17055701699999135,0.048022996425546645,0.4346188482456392,0.509,330,0.7979274611398963,0.7198697068403909,0.717687074829932,0.27166666666666667,0.02
46,3,Strong shift,Frozen causal latent SCM,0.752,0.25326778228299124,0.3242424242424242,0.17621052985005486,0.0720530811458261,0.428021134984245,0.537,330,0.7901554404145078,0.7280130293159609,0.717687074829932,0.27166666666666667,0.02
46,3,Strong shift,Modular causal latent SCM,0.759,0.2675904107430313,0.20606060606060606,0.16575287090093788,0.0460507855296621,0.4341407602241023,0.466,330,0.810880829015544,0.7263843648208469,0.7142857142857143,0.27166666666666667,0.02
46,3,Strong shift,Target oracle (reference),0.759,0.26759183401698383,0.2545454545454545,0.16320668630432847,0.032539831508177394,0.4544047228842548,0.508,330,0.8160621761658031,0.7231270358306189,0.7074829931972789,0.27166666666666667,0.02
47,0,No shift,Pooled associative latent class model,0.816,0.39882322565663897,0.3652694610778443,0.13710656741839472,0.048484262788091655,0.43441327964716947,0.532,167,0.8162544169611308,0.8145695364238411,0.8604651162790697,0.05333333333333334,0.0
47,0,No shift,Target-calibrated associative latent model,0.819,0.4064504376041,0.19161676646706588,0.13090190724051345,0.026846763342550897,0.40898451744773556,0.515,167,0.8209658421672555,0.8079470198675497,0.8604651162790697,0.05333333333333334,0.0
47,0,No shift,Frozen causal latent SCM,0.827,0.4271432815102882,0.2155688622754491,0.12832357057698365,0.036249221282329464,0.41056075047253904,0.523,167,0.8292108362779741,0.8145695364238411,0.8837209302325582,0.05333333333333334,0.0
47,0,No shift,Modular causal latent SCM,0.825,0.42192185736259036,0.17964071856287425,0.12756727595051193,0.030899658158142947,0.41091107624329143,0.511,167,0.8280329799764429,0.8079470198675497,0.8604651162790697,0.05333333333333334,0.0
47,0,No shift,Target oracle (reference),0.829,0.43239627797094654,0.18562874251497005,0.12595011338482695,0.02298333084691162,0.4016595438163471,0.497,167,0.8315665488810365,0.8145695364238411,0.8837209302325582,0.05333333333333334,0.0
47,1,Mild shift,Pooled associative latent class model,0.8,0.359360607256886,0.4097560975609756,0.14530619910211476,0.06312504894359414,0.4384888980308755,0.55,205,0.8183060109289617,0.75,0.7326732673267327,0.099,0.001
47,1,Mild shift,Target-calibrated associative latent model,0.813,0.39126716134054,0.17073170731707318,0.13344346809896762,0.02378937955729878,0.42047673751893144,0.507,205,0.8319672131147541,0.7611940298507462,0.7722772277227723,0.099,0.001
47,1,Mild shift,Frozen causal latent SCM,0.806,0.3739184848686653,0.2682926829268293,0.13493181336989635,0.048059618902382105,0.41913697656689636,0.536,205,0.8237704918032787,0.7574626865671642,0.7722772277227723,0.099,0.001
47,1,Mild shift,Modular causal latent SCM,0.814,0.39377768016028875,0.16097560975609757,0.1313490697306847,0.02146199866171518,0.4210879063246422,0.492,205,0.8306010928961749,0.7686567164179104,0.7623762376237624,0.099,0.001
47,1,Mild shift,Target oracle (reference),0.818,0.40389982249057566,0.17073170731707318,0.13043839982052105,0.022542166935664448,0.4118025261000965,0.49,205,0.8333333333333334,0.7761194029850746,0.7821782178217822,0.099,0.001
47,2,Moderate shift,Pooled associative latent class model,0.759,0.26759427939753777,0.4521072796934866,0.16559592014319918,0.08203978250339988,0.44640540928472056,0.567,261,0.7975133214920072,0.7093821510297483,0.6720430107526881,0.172,0.005
47,2,Moderate shift,Target-calibrated associative latent model,0.783,0.319675557291161,0.210727969348659,0.1440707098392455,0.02669988042973369,0.4399787944429437,0.507,261,0.822380106571936,0.7322654462242563,0.7204301075268817,0.172,0.005
47,2,Moderate shift,Frozen causal latent SCM,0.772,0.29523406837027916,0.3333333333333333,0.15211291358945653,0.07119382184636858,0.4341729764478034,0.57,261,0.8063943161634103,0.7276887871853547,0.6989247311827957,0.172,0.005
47,2,Moderate shift,Modular causal latent SCM,0.791,0.33806193312355376,0.1724137931034483,0.1441336176439611,0.023920147156417625,0.43956105598517886,0.505,261,0.8241563055062167,0.7482837528604119,0.7311827956989247,0.172,0.005
47,2,Moderate shift,Target oracle (reference),0.794,0.3450890040426161,0.1685823754789272,0.1425320249798409,0.027067990730536663,0.43046142993049563,0.49,261,0.8241563055062167,0.7551487414187643,0.7258064516129032,0.172,0.005
47,3,Strong shift,Pooled associative latent class model,0.71,0.17558500097890511,0.5631067961165048,0.1988827656888374,0.10792097769737712,0.45665862086009035,0.616,309,0.7527173913043478,0.685126582278481,0.6496598639455783,0.276,0.021
47,3,Strong shift,Target-calibrated associative latent model,0.766,0.2823069562162585,0.3106796116504854,0.15818812183287034,0.03715114758621676,0.4665046771926845,0.536,309,0.8179347826086957,0.7357594936708861,0.6802721088435374,0.276,0.021
47,3,Strong shift,Frozen causal latent SCM,0.742,0.23349677963747872,0.44983818770226536,0.17556093698365105,0.09481592510407445,0.4533843332828567,0.606,309,0.8043478260869565,0.7056962025316456,0.6700680272108843,0.276,0.021
47,3,Strong shift,Modular causal latent SCM,0.765,0.2801819094728902,0.3300970873786408,0.1598849559839552,0.05102402330967052,0.4653568331298321,0.555,309,0.8233695652173914,0.7310126582278481,0.6870748299319728,0.276,0.021
47,3,Strong shift,Target oracle (reference),0.775,0.3018016561289499,0.2524271844660194,0.15453030262567968,0.02198455635201019,0.45855395401533533,0.497,309,0.8206521739130435,0.7484177215189873,0.7006802721088435,0.276,0.021
48,0,No shift,Pooled associative latent class model,0.812,0.38876825644036245,0.25196850393700787,0.1269449964954259,0.03460698567489951,0.4065217029265847,0.459,127,0.8132387706855791,0.8051948051948052,0.7777777777777778,0.055,0.0
48,0,No shift,Target-calibrated associative latent model,0.833,0.44300236541342575,0.07874015748031496,0.1215252450652678,0.029723266239402708,0.37372376525892137,0.458,127,0.8404255319148937,0.7922077922077922,0.7592592592592593,0.055,0.0
48,0,No shift,Frozen causal latent SCM,0.832,0.4403407130335661,0.08661417322834646,0.12174881596833055,0.03548505135842418,0.37556841918432815,0.453,127,0.8404255319148937,0.7857142857142857,0.7592592592592593,0.055,0.0
48,0,No shift,Modular causal latent SCM,0.829,0.4324024371207733,0.07086614173228346,0.12270205425695525,0.04036485132096412,0.37501223696543934,0.446,127,0.8356973995271868,0.7922077922077922,0.7592592592592593,0.055,0.0
48,0,No shift,Target oracle (reference),0.842,0.4673234062542607,0.09448818897637795,0.11996781277707609,0.03350844008580587,0.3976167483545289,0.483,127,0.851063829787234,0.7922077922077922,0.7777777777777778,0.055,0.0
48,1,Mild shift,Pooled associative latent class model,0.802,0.36418265489603246,0.25510204081632654,0.1376459596167261,0.030551126907191244,0.4188303157034246,0.465,196,0.8179347826086957,0.7575757575757576,0.719626168224299,0.09933333333333333,0.003
48,1,Mild shift,Target-calibrated associative latent model,0.818,0.40390256268240304,0.12244897959183673,0.12726617354064468,0.037158649115959036,0.38491400766764206,0.463,196,0.8396739130434783,0.7575757575757576,0.6915887850467289,0.09933333333333333,0.003
48,1,Mild shift,Frozen causal latent SCM,0.823,0.41673551281863047,0.1377551020408163,0.12605927787567528,0.027736123196975288,0.3888161468939605,0.462,196,0.845108695652174,0.7613636363636364,0.7009345794392523,0.09933333333333333,0.003
48,1,Mild shift,Modular causal latent SCM,0.817,0.4013627342902962,0.11734693877551021,0.12744986062404068,0.037185356229331584,0.3873338701629355,0.45,196,0.8383152173913043,0.7575757575757576,0.6822429906542056,0.09933333333333333,0.003
48,1,Mild shift,Target oracle (reference),0.827,0.4271434861679023,0.12244897959183673,0.12626903540289466,0.03286872153467738,0.40952047205265857,0.48,196,0.8464673913043478,0.7727272727272727,0.7102803738317757,0.09933333333333333,0.003
48,2,Moderate shift,Pooled associative latent class model,0.789,0.33341701826953085,0.30042918454935624,0.1473337354046345,0.03595966399364981,0.4292515552216866,0.49,233,0.8080985915492958,0.7638888888888888,0.7348066298342542,0.17266666666666666,0.005
48,2,Moderate shift,Target-calibrated associative latent model,0.808,0.37883630032160504,0.15021459227467812,0.13527183947354848,0.027606371847999404,0.40650364867643485,0.471,233,0.8415492957746479,0.7638888888888888,0.7292817679558011,0.17266666666666666,0.005
48,2,Moderate shift,Frozen causal latent SCM,0.82,0.4090084781830879,0.19742489270386265,0.13364212537563772,0.02648459472725301,0.40811957109466335,0.495,233,0.8538732394366197,0.7754629629629629,0.7348066298342542,0.17266666666666666,0.005
48,2,Moderate shift,Modular causal latent SCM,0.798,0.35457716387253924,0.14163090128755365,0.13662708256132508,0.03964336163585633,0.407959810270344,0.447,233,0.8274647887323944,0.7592592592592593,0.7237569060773481,0.17266666666666666,0.005
48,2,Moderate shift,Target oracle (reference),0.816,0.3988226284318928,0.15021459227467812,0.13421738694667112,0.02301713144206808,0.4298939218948085,0.487,233,0.846830985915493,0.7754629629629629,0.7458563535911602,0.17266666666666666,0.005
48,3,Strong shift,Pooled associative latent class model,0.723,0.19811351870676686,0.4158415841584158,0.17851780081559143,0.06367623582272794,0.441932143490479,0.508,303,0.7896039603960396,0.6778523489932886,0.6274509803921569,0.2663333333333333,0.025
48,3,Strong shift,Target-calibrated associative latent model,0.777,0.30624497053528715,0.1254125412541254,0.1497629158994118,0.06636653583393026,0.4290887642354894,0.408,303,0.8292079207920792,0.7416107382550335,0.7124183006535948,0.2663333333333333,0.025
48,3,Strong shift,Frozen causal latent SCM,0.756,0.261405025054537,0.3201320132013201,0.1573443705144819,0.043974252216225,0.43111825268389337,0.511,303,0.8193069306930693,0.7130872483221476,0.6830065359477124,0.2663333333333333,0.025
48,3,Strong shift,Modular causal latent SCM,0.777,0.3062420128404598,0.1254125412541254,0.14835003003981267,0.054077717585666735,0.4334453701273809,0.414,303,0.8316831683168316,0.7399328859060402,0.7091503267973857,0.2663333333333333,0.025
48,3,Strong shift,Target oracle (reference),0.796,0.3498131882904264,0.21122112211221122,0.14562106366382271,0.0227269595331361,0.4556209428596245,0.497,303,0.8613861386138614,0.7516778523489933,0.7222222222222222,0.2663333333333333,0.025
49,0,No shift,Pooled associative latent class model,0.796,0.34982139157926867,0.36428571428571427,0.1471354624124479,0.048714485756545016,0.4133357612917274,0.559,140,0.802647412755716,0.7633136094674556,0.8771929824561403,0.06,0.001
49,0,No shift,Target-calibrated associative latent model,0.794,0.34509910315685677,0.2714285714285714,0.1402950606306697,0.054631467694418574,0.3972176297907703,0.567,140,0.8050541516245487,0.7396449704142012,0.8596491228070176,0.06,0.001
49,0,No shift,Frozen causal latent SCM,0.802,0.36418604928496023,0.2357142857142857,0.13791113900577273,0.04267277649584099,0.400332958161812,0.553,140,0.8134777376654633,0.7455621301775148,0.8596491228070176,0.06,0.001
49,0,No shift,Modular causal latent SCM,0.798,0.35457865165165203,0.2642857142857143,0.13877225477733926,0.045849582158539376,0.39949330330834637,0.561,140,0.8086642599277978,0.7455621301775148,0.8596491228070176,0.06,0.001
49,0,No shift,Target oracle (reference),0.809,0.38130603285892484,0.19285714285714287,0.1336403149523238,0.019048416394064793,0.39677601614358504,0.524,140,0.8146811070998796,0.7810650887573964,0.8596491228070176,0.06,0.001
49,1,Mild shift,Pooled associative latent class model,0.776,0.30402150216676443,0.425531914893617,0.15334017023391483,0.05533552701497371,0.4194847743717761,0.575,188,0.7770177838577291,0.7732342007434945,0.8080808080808081,0.10033333333333333,0.001
49,1,Mild shift,Target-calibrated associative latent model,0.794,0.34509246966850055,0.2712765957446808,0.14098757540671342,0.033023889820716225,0.4108392737718668,0.541,188,0.8030095759233926,0.7695167286245354,0.8181818181818182,0.10033333333333333,0.001
49,1,Mild shift,Frozen causal latent SCM,0.788,0.3311149028947821,0.30851063829787234,0.14252526028290918,0.04519369084114806,0.4111009477469363,0.559,188,0.7975376196990424,0.7620817843866171,0.8181818181818182,0.10033333333333333,0.001
49,1,Mild shift,Modular causal latent SCM,0.792,0.3404029989689793,0.2978723404255319,0.14201656233326904,0.03900348256684028,0.41145671334816586,0.555,188,0.8030095759233926,0.7620817843866171,0.8181818181818182,0.10033333333333333,0.001
49,1,Mild shift,Target oracle (reference),0.803,0.3666027716776052,0.21808510638297873,0.1373626935652307,0.01962485335652749,0.40918085120739345,0.518,188,0.8084815321477428,0.7881040892193308,0.8282828282828283,0.10033333333333333,0.001
49,2,Moderate shift,Pooled associative latent class model,0.762,0.27386994253233715,0.45147679324894513,0.16401408712499224,0.06879067070756559,0.43308855979473504,0.589,237,0.7688266199649737,0.752913752913753,0.7182320441988951,0.17,0.006
49,2,Moderate shift,Target-calibrated associative latent model,0.794,0.34508918122274324,0.23628691983122363,0.14584716944162543,0.013554399779510277,0.43017159511610886,0.517,237,0.8021015761821366,0.7832167832167832,0.7790055248618785,0.17,0.006
49,2,Moderate shift,Frozen causal latent SCM,0.779,0.3106891808540753,0.35443037974683544,0.15067872505646324,0.05756313114016896,0.42705346976435604,0.578,237,0.7845884413309983,0.7715617715617715,0.7679558011049724,0.17,0.006
49,2,Moderate shift,Modular causal latent SCM,0.787,0.328808073331353,0.2616033755274262,0.14657260475749406,0.032623439153752674,0.43142087129478646,0.54,237,0.7950963222416813,0.7762237762237763,0.7790055248618785,0.17,0.006
49,2,Moderate shift,Target oracle (reference),0.797,0.35218853870706457,0.21940928270042195,0.14258249379628574,0.02621531402796533,0.4282793799507673,0.52,237,0.8021015761821366,0.7902097902097902,0.7845303867403315,0.17,0.006
49,3,Strong shift,Pooled associative latent class model,0.717,0.1876159664493509,0.5179153094462541,0.18514321474542186,0.10473927726727034,0.4487742589513548,0.658,307,0.7206982543640897,0.7145242070116862,0.6677852348993288,0.2673333333333333,0.022
49,3,Strong shift,Target-calibrated associative latent model,0.757,0.26348753074065123,0.31921824104234525,0.16380222620009333,0.08557576501810814,0.4449413602221636,0.604,307,0.770573566084788,0.7479131886477463,0.7348993288590604,0.2673333333333333,0.022
49,3,Strong shift,Frozen causal latent SCM,0.756,0.26144636622972245,0.3811074918566775,0.16660171267224058,0.08562279053562666,0.4474079532924686,0.625,307,0.770573566084788,0.7462437395659433,0.7348993288590604,0.2673333333333333,0.022
49,3,Strong shift,Modular causal latent SCM,0.759,0.267608695186384,0.28338762214983715,0.1596217197124562,0.06343159287592148,0.4521513955186565,0.582,307,0.7780548628428927,0.7462437395659433,0.7315436241610739,0.2673333333333333,0.022
49,3,Strong shift,Target oracle (reference),0.777,0.30622384891016496,0.24104234527687296,0.1501982624424344,0.026430507308194937,0.4541979634438729,0.53,307,0.7905236907730673,0.7679465776293823,0.7651006711409396,0.2673333333333333,0.022
